Frequency (Hz),Measurement
2000000000.0,0.19067399203777313
2000937472.0,0.18377403914928436
2001874944.0,0.17600484192371368
2002812544.0,0.16662858426570892
2003750016.0,0.1568908840417862
2004687488.0,0.14719635248184204
2005624960.0,0.13501642644405365
2006562560.0,0.12404581159353256
2007500032.0,0.11227855831384659
2008437504.0,0.09936540573835373
2009374976.0,0.0862957090139389
2010312448.0,0.0725073367357254
2011250048.0,0.05860200896859169
2012187520.0,0.04396631568670273
2013124992.0,0.02999562956392765
2014062464.0,0.015230451710522175
2015000064.0,0.0015455378452315927
2015937536.0,-0.012699735350906849
2016875008.0,-0.026079926639795303
2017812480.0,-0.03890492767095566
2018749952.0,-0.05174112692475319
2019687552.0,-0.06333420425653458
2020625024.0,-0.07451508939266205
2021562496.0,-0.0832185372710228
2022499968.0,-0.09257475286722183
2023437440.0,-0.09871943295001984
2024375040.0,-0.10572425276041031
2025312512.0,-0.10999701172113419
2026249984.0,-0.1129784807562828
2027187456.0,-0.11389117687940598
2028125056.0,-0.11414680629968643
2029062528.0,-0.11264785379171371
2030000000.0,-0.10891570150852203
2030937472.0,-0.10401859134435654
2031874944.0,-0.09835290163755417
2032812544.0,-0.09096206724643707
2033750016.0,-0.08174151182174683
2034687488.0,-0.07167229056358337
2035624960.0,-0.06048867851495743
2036562560.0,-0.04860716313123703
2037500032.0,-0.035612981766462326
2038437504.0,-0.022686509415507317
2039374976.0,-0.008494950830936432
2040312448.0,0.005288289859890938
2041250048.0,0.019641997292637825
2042187520.0,0.03397301211953163
2043124992.0,0.04801536723971367
2044062464.0,0.06092548742890358
2044999936.0,0.07397450506687164
2045937536.0,0.08656574785709381
2046875008.0,0.0970044732093811
2047812480.0,0.10770922154188156
2048749952.0,0.10579359531402588
2049687552.0,0.11380918323993683
2050625024.0,0.12141326069831848
2051562496.0,0.1269916296005249
2052499968.0,0.13129737973213196
2053437440.0,0.13324230909347534
2054375040.0,0.13231521844863892
2055312512.0,0.13070015609264374
2056249984.0,0.12677128612995148
2057187456.0,0.120062917470932
2058125056.0,0.11213279515504837
2059062528.0,0.10207946598529816
2060000000.0,0.09014123678207397
2060937472.0,0.07706426084041595
2061874944.0,0.062285806983709335
2062812544.0,0.046296630054712296
2063750016.0,0.029615888372063637
2064687488.0,0.01206096913665533
2065624960.0,-0.005532157141715288
2066562560.0,-0.022661356255412102
2067500032.0,-0.03966967388987541
2068437504.0,-0.056853037327528
2069374976.0,-0.07141118496656418
2070312448.0,-0.08620531857013702
2071250048.0,-0.09874991327524185
2072187520.0,-0.10948635637760162
2073124992.0,-0.11895124614238739
2074062464.0,-0.12727627158164978
2075000064.0,-0.13261200487613678
2075937536.0,-0.13574588298797607
2076875008.0,-0.13665871322155
2077812480.0,-0.13655945658683777
2078749952.0,-0.13416196405887604
2079687552.0,-0.1300957202911377
2080625024.0,-0.12305008620023727
2081562496.0,-0.11517822742462158
2082499968.0,-0.10619788616895676
2083437440.0,-0.09609740227460861
2084375040.0,-0.08469423651695251
2085312512.0,-0.07298334687948227
2086249984.0,-0.060469139367341995
2087187456.0,-0.047983258962631226
2088125056.0,-0.0357353538274765
2089062528.0,-0.023370590060949326
2090000000.0,-0.012055804021656513
2090937472.0,5.852530739502981e-05
2091874944.0,0.009740610606968403
2092812544.0,0.019249584525823593
2093750016.0,0.02761003188788891
2094687488.0,0.03584430366754532
2095624960.0,0.043684665113687515
2096562560.0,0.05006217211484909
2097500032.0,0.05649132281541824
2098437504.0,0.061033301055431366
2099374976.0,0.06588677316904068
2100312448.0,0.07080721110105515
2101250048.0,0.07526665180921555
2102187520.0,0.07973790913820267
2103124992.0,0.08370479196310043
2104062464.0,0.08870559930801392
2104999936.0,0.09290915727615356
2105937536.0,0.09767702966928482
2106875008.0,0.10112292319536209
2107812480.0,0.10558853298425674
2108749952.0,0.13638630509376526
2109687552.0,0.1422853171825409
2110625024.0,0.14772233366966248
2111562496.0,0.15273474156856537
2112499968.0,0.1562059223651886
2113437440.0,0.15893001854419708
2114375040.0,0.16035766899585724
2115312512.0,0.16085152328014374
2116249984.0,0.16068273782730103
2117187456.0,0.15845966339111328
2118125056.0,0.15475094318389893
2119062528.0,0.1503952145576477
2120000000.0,0.14446322619915009
2120937472.0,0.13705678284168243
2121874944.0,0.12939463555812836
2122812544.0,0.11915197968482971
2123750016.0,0.1083373948931694
2124687488.0,0.09708241373300552
2125624960.0,0.0842757374048233
2126562560.0,0.07180721312761307
2127500032.0,0.05858808010816574
2128437504.0,0.04513641074299812
2129374976.0,0.03163643553853035
2130312448.0,0.018108773976564407
2131250048.0,0.004691990092396736
2132187520.0,-0.007721723522990942
2133124992.0,-0.019503425806760788
2134062464.0,-0.03081844374537468
2135000064.0,-0.040207382291555405
2135937536.0,-0.050139471888542175
2136875008.0,-0.058756664395332336
2137812480.0,-0.06607600301504135
2138749952.0,-0.0702248141169548
2139687552.0,-0.07507741451263428
2140625024.0,-0.07629869878292084
2141562496.0,-0.07841101288795471
2142499968.0,-0.07758527994155884
2143437440.0,-0.07578843086957932
2144375040.0,-0.07285133749246597
2145312512.0,-0.0690033957362175
2146249984.0,-0.06365208327770233
2147187456.0,-0.05740807577967644
2148124928.0,-0.04965408146381378
2149062400.0,-0.042253486812114716
2150000128.0,-0.03296441584825516
2150937600.0,-0.02453220821917057
2151875072.0,-0.014302383176982403
2152812544.0,-0.005349684972316027
2153750016.0,0.004375051707029343
2154687488.0,0.013717777095735073
2155624960.0,0.023181049153208733
2156562432.0,0.03177294135093689
2157499904.0,0.04030090197920799
2158437376.0,0.047706734389066696
2159375104.0,0.053964246064424515
2160312576.0,0.060030560940504074
2161250048.0,0.06629554182291031
2162187520.0,0.07084518671035767
2163124992.0,0.07418737560510635
2164062464.0,0.07830161601305008
2164999936.0,0.08061481267213821
2165937408.0,0.08365382254123688
2166874880.0,0.0859728679060936
2167812608.0,0.08776886761188507
2168750080.0,0.15948595106601715
2169687552.0,0.16092877089977264
2170625024.0,0.16054944694042206
2171562496.0,0.15811526775360107
2172499968.0,0.15489308536052704
2173437440.0,0.148593932390213
2174374912.0,0.14160442352294922
2175312384.0,0.13286738097667694
2176250112.0,0.12367740273475647
2177187584.0,0.11337745189666748
2178125056.0,0.10174446552991867
2179062528.0,0.08997184038162231
2180000000.0,0.0774102732539177
2180937472.0,0.06359675526618958
2181874944.0,0.049934517592191696
2182812416.0,0.036110710352659225
2183749888.0,0.02247357740998268
2184687616.0,0.008515540510416031
2185625088.0,-0.005006588064134121
2186562560.0,-0.01767417974770069
2187500032.0,-0.029862992465496063
2188437504.0,-0.04159364849328995
2189374976.0,-0.05353442206978798
2190312448.0,-0.06405159085988998
2191249920.0,-0.07440115511417389
2192187392.0,-0.08344222605228424
2193125120.0,-0.0910823792219162
2194062592.0,-0.09845257550477982
2195000064.0,-0.10412340611219406
2195937536.0,-0.10865234583616257
2196875008.0,-0.11384296417236328
2197812480.0,-0.11664099991321564
2198749952.0,-0.11961455643177032
2199687424.0,-0.12088897824287415
2200624896.0,-0.12138895690441132
2201562624.0,-0.12159881740808487
2202500096.0,-0.12090331315994263
2203437568.0,-0.11952431499958038
2204375040.0,-0.11747532337903976
2205312512.0,-0.1138787493109703
2206249984.0,-0.11103510856628418
2207187456.0,-0.10710501670837402
2208124928.0,-0.10287494212388992
2209062400.0,-0.09727481752634048
2209999872.0,-0.09278304129838943
2210937600.0,-0.08702606707811356
2211875072.0,-0.08029598742723465
2212812544.0,-0.07275449484586716
2213750016.0,-0.06593874841928482
2214687488.0,-0.05888158455491066
2215624960.0,-0.050491780042648315
2216562432.0,-0.0430251844227314
2217499904.0,-0.034696102142333984
2218437376.0,-0.02642122097313404
2219375104.0,-0.017619920894503593
2220312576.0,-0.009322221390902996
2221250048.0,-0.0005596033879555762
2222187520.0,0.010178486816585064
2223124992.0,0.019703300669789314
2224062464.0,0.029224567115306854
2224999936.0,0.039228327572345734
2225937408.0,0.04969161003828049
2226874880.0,0.060079123824834824
2227812608.0,0.07033546268939972
2228750080.0,0.07631779462099075
2229687552.0,0.08527463674545288
2230625024.0,0.09343127906322479
2231562496.0,0.10115740448236465
2232499968.0,0.10793473571538925
2233437440.0,0.11279906332492828
2234374912.0,0.11779472976922989
2235312384.0,0.12166347354650497
2236250112.0,0.12272518873214722
2237187584.0,0.12312348932027817
2238125056.0,0.12085206806659698
2239062528.0,0.11790180206298828
2240000000.0,0.1121862530708313
2240937472.0,0.10530620068311691
2241874944.0,0.09691594541072845
2242812416.0,0.08821342140436172
2243749888.0,0.07827525585889816
2244687616.0,0.0676335021853447
2245625088.0,0.05525028333067894
2246562560.0,0.042067624628543854
2247500032.0,0.027881652116775513
2248437504.0,0.013283931650221348
2249374976.0,-0.0026184492744505405
2250312448.0,-0.019071664661169052
2251249920.0,-0.03727830946445465
2252187392.0,-0.05504532903432846
2253125120.0,-0.07232280820608139
2254062592.0,-0.09192269295454025
2255000064.0,-0.11111047863960266
2255937536.0,-0.13129594922065735
2256875008.0,-0.1503741294145584
2257812480.0,-0.17034564912319183
2258749952.0,-0.1891200989484787
2259687424.0,-0.20859462022781372
2260624896.0,-0.22676688432693481
2261562624.0,-0.24543091654777527
2262500096.0,-0.263306587934494
2263437568.0,-0.2790977656841278
2264375040.0,-0.29540154337882996
2265312512.0,-0.3086954653263092
2266249984.0,-0.32263022661209106
2267187456.0,-0.33456748723983765
2268124928.0,-0.3447815775871277
2269062400.0,-0.35364830493927
2270000128.0,-0.3618602454662323
2270937600.0,-0.36685681343078613
2271875072.0,-0.3724343180656433
2272812544.0,-0.37469571828842163
2273750016.0,-0.376522034406662
2274687488.0,-0.37797483801841736
2275624960.0,-0.3760831356048584
2276562432.0,-0.37328270077705383
2277499904.0,-0.36951538920402527
2278437376.0,-0.3648780882358551
2279375104.0,-0.35745513439178467
2280312576.0,-0.3489755690097809
2281250048.0,-0.34044504165649414
2282187520.0,-0.3310117721557617
2283124992.0,-0.32051295042037964
2284062464.0,-0.31034135818481445
2284999936.0,-0.2993519902229309
2285937408.0,-0.2885144352912903
2286874880.0,-0.27862605452537537
2287812608.0,-0.2688252627849579
2288750080.0,-0.2827458083629608
2289687552.0,-0.28633660078048706
2290625024.0,-0.288456529378891
2291562496.0,-0.2922113835811615
2292499968.0,-0.2955717444419861
2293437440.0,-0.30026933550834656
2294374912.0,-0.30411630868911743
2295312384.0,-0.3106510639190674
2296250112.0,-0.3171366751194
2297187584.0,-0.3250953257083893
2298125056.0,-0.3321370780467987
2299062528.0,-0.3432690501213074
2300000000.0,-0.35457783937454224
2300937472.0,-0.36849647760391235
2301874944.0,-0.38462790846824646
2302812416.0,-0.4017183184623718
2303749888.0,-0.42197099328041077
2304687616.0,-0.4440300166606903
2305625088.0,-0.4684481620788574
2306562560.0,-0.4966047704219818
2307500032.0,-0.5258651375770569
2308437504.0,-0.5587069988250732
2309374976.0,-0.5903280973434448
2310312448.0,-0.6173042058944702
2311249920.0,-0.644314169883728
2312187392.0,-0.6728165745735168
2313125120.0,-0.7044355273246765
2314062592.0,-0.736254096031189
2315000064.0,-0.7693997025489807
2315937536.0,-0.8020865321159363
2316875008.0,-0.837324857711792
2317812480.0,-0.8722373247146606
2318749952.0,-0.9076164960861206
2319687424.0,-0.9418167471885681
2320624896.0,-0.9765241742134094
2321562624.0,-1.0090936422348022
2322500096.0,-1.0399229526519775
2323437568.0,-1.0701788663864136
2324375040.0,-1.097670316696167
2325312512.0,-1.1242315769195557
2326249984.0,-1.1481409072875977
2327187456.0,-1.170149326324463
2328124928.0,-1.1913256645202637
2329062400.0,-1.209031105041504
2329999872.0,-1.2234094142913818
2330937600.0,-1.2367141246795654
2331875072.0,-1.2461607456207275
2332812544.0,-1.2533483505249023
2333750016.0,-1.258292317390442
2334687488.0,-1.2615045309066772
2335624960.0,-1.2605127096176147
2336562432.0,-1.2593835592269897
2337499904.0,-1.2543232440948486
2338437376.0,-1.248307466506958
2339375104.0,-1.2398079633712769
2340312576.0,-1.230104684829712
2341250048.0,-1.2183996438980103
2342187520.0,-1.2050405740737915
2343124992.0,-1.1914557218551636
2344062464.0,-1.176889181137085
2344999936.0,-1.162021279335022
2345937408.0,-1.1467112302780151
2346874880.0,-1.1318188905715942
2347812608.0,-1.1166895627975464
2348750080.0,-1.0866754055023193
2349687552.0,-1.0758612155914307
2350625024.0,-1.065887212753296
2351562496.0,-1.0558688640594482
2352499968.0,-1.0458369255065918
2353437440.0,-1.0358673334121704
2354374912.0,-1.0273265838623047
2355312384.0,-1.0203460454940796
2356250112.0,-1.0138115882873535
2357187584.0,-1.0071431398391724
2358125056.0,-1.0022763013839722
2359062528.0,-0.9982673525810242
2360000000.0,-0.9954643249511719
2360937472.0,-0.994186282157898
2361874944.0,-0.9949482083320618
2362812416.0,-0.9967572689056396
2363749888.0,-0.9999175071716309
2364687616.0,-1.0040189027786255
2365625088.0,-1.010569453239441
2366562560.0,-1.0179203748703003
2367500032.0,-1.026752233505249
2368437504.0,-1.0359463691711426
2369374976.0,-1.045063853263855
2370312448.0,-1.055212140083313
2371249920.0,-1.0638108253479004
2372187392.0,-1.072293996810913
2373125120.0,-1.0791573524475098
2374062592.0,-1.0847010612487793
2375000064.0,-1.0885415077209473
2375937536.0,-1.0899391174316406
2376875008.0,-1.0889806747436523
2377812480.0,-1.084039330482483
2378749952.0,-1.0758910179138184
2379687424.0,-1.0646480321884155
2380624896.0,-1.0504621267318726
2381562624.0,-1.0332963466644287
2382500096.0,-1.0120679140090942
2383437568.0,-0.9882572293281555
2384375040.0,-0.9628215432167053
2385312512.0,-0.932842493057251
2386249984.0,-0.90284663438797
2387187456.0,-0.869167685508728
2388124928.0,-0.834898829460144
2389062400.0,-0.799232542514801
2390000128.0,-0.7640095949172974
2390937600.0,-0.7277661561965942
2391875072.0,-0.6927063465118408
2392812544.0,-0.657742440700531
2393750016.0,-0.6226053833961487
2394687488.0,-0.5875390768051147
2395624960.0,-0.5548940896987915
2396562432.0,-0.5221458077430725
2397499904.0,-0.4910581111907959
2398437376.0,-0.460803359746933
2399375104.0,-0.43076813220977783
2400312576.0,-0.4029259979724884
2401250048.0,-0.37494274973869324
2402187520.0,-0.34907472133636475
2403124992.0,-0.32314059138298035
2404062464.0,-0.2980070114135742
2404999936.0,-0.27233365178108215
2405937408.0,-0.24789810180664062
2406874880.0,-0.22471660375595093
2407812608.0,-0.2019468992948532
2408750080.0,-0.12768328189849854
2409687552.0,-0.10637840628623962
2410625024.0,-0.08482040464878082
2411562496.0,-0.06494813412427902
2412499968.0,-0.047597870230674744
2413437440.0,-0.031107863411307335
2414374912.0,-0.017977353185415268
2415312384.0,-0.006919211708009243
2416250112.0,0.001280505210161209
2417187584.0,0.0063766129314899445
2418125056.0,0.008144828490912914
2419062528.0,0.007427645847201347
2420000000.0,0.0023311295080929995
2420937472.0,-0.00698508508503437
2421874944.0,-0.01781253144145012
2422812416.0,-0.032210253179073334
2423749888.0,-0.04971747845411301
2424687616.0,-0.07065261155366898
2425625088.0,-0.09246107190847397
2426562560.0,-0.11822577565908432
2427500032.0,-0.14486274123191833
2428437504.0,-0.1737462431192398
2429374976.0,-0.2035447508096695
2430312448.0,-0.23363995552062988
2431249920.0,-0.2645728588104248
2432187392.0,-0.29294782876968384
2433125120.0,-0.3220026195049286
2434062592.0,-0.34815672039985657
2435000064.0,-0.37385210394859314
2435937536.0,-0.39613598585128784
2436875008.0,-0.4156280755996704
2437812480.0,-0.43422114849090576
2438749952.0,-0.4467758238315582
2439687424.0,-0.45682260394096375
2440624896.0,-0.4644017815589905
2441562624.0,-0.4679625928401947
2442500096.0,-0.4672015309333801
2443437568.0,-0.46205243468284607
2444375040.0,-0.4545305073261261
2445312512.0,-0.44220170378685
2446249984.0,-0.4276914894580841
2447187456.0,-0.41008681058883667
2448124928.0,-0.3898986577987671
2449062400.0,-0.36644473671913147
2449999872.0,-0.34115949273109436
2450937600.0,-0.312134712934494
2451875072.0,-0.28350013494491577
2452812544.0,-0.25225186347961426
2453750016.0,-0.21978364884853363
2454687488.0,-0.18785390257835388
2455624960.0,-0.1544215977191925
2456562432.0,-0.12111403793096542
2457499904.0,-0.08814071863889694
2458437376.0,-0.055473342537879944
2459375104.0,-0.022988731041550636
2460312576.0,0.00782047864049673
2461250048.0,0.038751017302274704
2462187520.0,0.06829491257667542
2463124992.0,0.09595934301614761
2464062464.0,0.12327732145786285
2464999936.0,0.14892591536045074
2465937408.0,0.1733132004737854
2466874880.0,0.19629256427288055
2467812608.0,0.21873165667057037
2468750080.0,0.1294456422328949
2469687552.0,0.14406444132328033
2470625024.0,0.1611676961183548
2471562496.0,0.1738622784614563
2472499968.0,0.18576239049434662
2473437440.0,0.19464458525180817
2474374912.0,0.20251153409481049
2475312384.0,0.20957642793655396
2476250112.0,0.21400800347328186
2477187584.0,0.21545067429542542
2478125056.0,0.2159072905778885
2479062528.0,0.21410425007343292
2480000000.0,0.21079176664352417
2480937472.0,0.2050606608390808
2481874944.0,0.1970922201871872
2482812416.0,0.18742138147354126
2483749888.0,0.17631813883781433
2484687616.0,0.162862166762352
2485625088.0,0.1482563614845276
2486562560.0,0.13206997513771057
2487500032.0,0.11485812067985535
2488437504.0,0.09626086801290512
2489374976.0,0.0770103856921196
2490312448.0,0.056837569922208786
2491249920.0,0.0359676331281662
2492187392.0,0.015097422525286674
2493125120.0,-0.006400445010513067
2494062592.0,-0.0266037005931139
2495000064.0,-0.047249387949705124
2495937536.0,-0.06728284060955048
2496875008.0,-0.08659791946411133
2497812480.0,-0.10534370690584183
2498749952.0,-0.12142879515886307
2499687424.0,-0.13598830997943878
2500624896.0,-0.1502344161272049
2501562624.0,-0.16265760362148285
2502500096.0,-0.17282120883464813
2503437568.0,-0.18124935030937195
2504375040.0,-0.18707428872585297
2505312512.0,-0.19102588295936584
2506249984.0,-0.19416800141334534
2507187456.0,-0.19328051805496216
2508124928.0,-0.1924624741077423
2509062400.0,-0.18870504200458527
2510000128.0,-0.18315094709396362
2510937600.0,-0.1768515259027481
2511875072.0,-0.16779863834381104
2512812544.0,-0.1569216251373291
2513750016.0,-0.14407606422901154
2514687488.0,-0.12940281629562378
2515624960.0,-0.11530900001525879
2516562432.0,-0.09938980638980865
2517499904.0,-0.08166128396987915
2518437376.0,-0.06256689131259918
2519375104.0,-0.0453844778239727
2520312576.0,-0.026123112067580223
2521250048.0,-0.006518017966300249
2522187520.0,0.013048834167420864
2523124992.0,0.03252279385924339
2524062464.0,0.050050683319568634
2524999936.0,0.06842581927776337
2525937408.0,0.08564206212759018
2526874880.0,0.10166578739881516
2527812608.0,0.11721473187208176
2528750080.0,0.16992732882499695
2529687552.0,0.17633788287639618
2530625024.0,0.1812853068113327
2531562496.0,0.18574264645576477
2532499968.0,0.18850815296173096
2533437440.0,0.19144223630428314
2534374912.0,0.1922949254512787
2535312384.0,0.19259488582611084
2536250112.0,0.19260266423225403
2537187584.0,0.19039569795131683
2538125056.0,0.1884969174861908
2539062528.0,0.18428051471710205
2540000000.0,0.17961999773979187
2540937472.0,0.1741425096988678
2541874944.0,0.167401984333992
2542812416.0,0.1594887375831604
2543749888.0,0.15057383477687836
2544687616.0,0.1406530886888504
2545625088.0,0.12932303547859192
2546562560.0,0.11722125858068466
2547500032.0,0.10412662476301193
2548437504.0,0.090340755879879
2549374976.0,0.07635996490716934
2550312448.0,0.060727860778570175
2551249920.0,0.04518718272447586
2552187392.0,0.029057521373033524
2553125120.0,0.013371380046010017
2554062592.0,-0.003542525228112936
2555000064.0,-0.01923619769513607
2555937536.0,-0.03482279181480408
2556875008.0,-0.049416881054639816
2557812480.0,-0.064970463514328
2558749952.0,-0.07893314212560654
2559687424.0,-0.09081296622753143
2560624896.0,-0.10300902277231216
2561562624.0,-0.11311724781990051
2562500096.0,-0.12089464068412781
2563437568.0,-0.1273547261953354
2564375040.0,-0.13328315317630768
2565312512.0,-0.13602924346923828
2566249984.0,-0.13661715388298035
2567187456.0,-0.13649578392505646
2568124928.0,-0.13327257335186005
2569062400.0,-0.129454106092453
2569999872.0,-0.12310997396707535
2570937600.0,-0.11480885744094849
2571875072.0,-0.10370256006717682
2572812544.0,-0.09249952435493469
2573750016.0,-0.0784342885017395
2574687488.0,-0.06300835311412811
2575624960.0,-0.04708556830883026
2576562432.0,-0.029830217361450195
2577499904.0,-0.0104560861364007
2578437376.0,0.007989711128175259
2579375104.0,0.028065845370292664
2580312576.0,0.048025183379650116
2581250048.0,0.0683644562959671
2582187520.0,0.08833113312721252
2583124992.0,0.10797034949064255
2584062464.0,0.12683285772800446
2584999936.0,0.14498300850391388
2585937408.0,0.16171123087406158
2586874880.0,0.17719720304012299
2587812608.0,0.1915416568517685
2588750080.0,0.2158900946378708
2589687552.0,0.22360534965991974
2590625024.0,0.22899727523326874
2591562496.0,0.23178896307945251
2592499968.0,0.23344503343105316
2593437440.0,0.23143041133880615
2594374912.0,0.22693279385566711
2595312384.0,0.22249338030815125
2596250112.0,0.21349969506263733
2597187584.0,0.2038971334695816
2598125056.0,0.19194361567497253
2599062528.0,0.17978228628635406
2600000000.0,0.16514500975608826
2600937472.0,0.14961743354797363
2601874944.0,0.13299109041690826
2602812416.0,0.11651827394962311
2603749888.0,0.09939611703157425
2604687616.0,0.08216769993305206
2605625088.0,0.06590904295444489
2606562560.0,0.047744885087013245
2607500032.0,0.03121149353682995
2608437504.0,0.015627825632691383
2609374976.0,5.040432733949274e-05
2610312448.0,-0.014044445008039474
2611249920.0,-0.02796846255660057
2612187392.0,-0.0391932837665081
2613125120.0,-0.050852593034505844
2614062592.0,-0.061660196632146835
2615000064.0,-0.06977426260709763
2615937536.0,-0.07804422080516815
2616875008.0,-0.08340609073638916
2617812480.0,-0.0890476331114769
2618749952.0,-0.09352542459964752
2619687424.0,-0.09591618925333023
2620624896.0,-0.09766028076410294
2621562624.0,-0.09891719371080399
2622500096.0,-0.09818679094314575
2623437568.0,-0.09756297618150711
2624375040.0,-0.09604170173406601
2625312512.0,-0.0933719351887703
2626249984.0,-0.09087932854890823
2627187456.0,-0.08650185167789459
2628124928.0,-0.08242210000753403
2629062400.0,-0.07737059891223907
2630000128.0,-0.07141692191362381
2630937600.0,-0.065184585750103
2631875072.0,-0.056655023247003555
2632812544.0,-0.0496671237051487
2633750016.0,-0.041016966104507446
2634687488.0,-0.03193378821015358
2635624960.0,-0.021498214453458786
2636562432.0,-0.012447720393538475
2637499904.0,-0.0006414293311536312
2638437376.0,0.011342089623212814
2639375104.0,0.024589871987700462
2640312576.0,0.03851243108510971
2641250048.0,0.05266033485531807
2642187520.0,0.06777630746364594
2643124992.0,0.08285373449325562
2644062464.0,0.09935693442821503
2644999936.0,0.11658532917499542
2645937408.0,0.13388647139072418
2646874880.0,0.1500389575958252
2647812608.0,0.22675259411334991
2648750080.0,0.23730875551700592
2649687552.0,0.24648837745189667
2650625024.0,0.2539893388748169
2651562496.0,0.25966739654541016
2652499968.0,0.2627952992916107
2653437440.0,0.2635587751865387
2654374912.0,0.26149681210517883
2655312384.0,0.25690194964408875
2656250112.0,0.24816842377185822
2657187584.0,0.21142786741256714
2658125056.0,0.19425199925899506
2659062528.0,0.1732773333787918
2660000000.0,0.15114589035511017
2660937472.0,0.12742628157138824
2661874944.0,0.10084165632724762
2662812416.0,0.07296687364578247
2663749888.0,0.0438259020447731
2664687616.0,0.015540399588644505
2665625088.0,-0.014944734051823616
2666562560.0,-0.04422337934374809
2667500032.0,-0.07270015776157379
2668437504.0,-0.10022679716348648
2669374976.0,-0.12681059539318085
2670312448.0,-0.15208551287651062
2671249920.0,-0.1743205487728119
2672187392.0,-0.19396881759166718
2673125120.0,-0.2112375795841217
2674062592.0,-0.22604534029960632
2675000064.0,-0.23704302310943604
2675937536.0,-0.24571719765663147
2676875008.0,-0.25077787041664124
2677812480.0,-0.252754807472229
2678749952.0,-0.2523864209651947
2679687424.0,-0.2494022250175476
2680624896.0,-0.24354584515094757
2681562624.0,-0.23514144122600555
2682500096.0,-0.2237628996372223
2683437568.0,-0.21151302754878998
2684375040.0,-0.19646082818508148
2685312512.0,-0.18054497241973877
2686249984.0,-0.16317443549633026
2687187456.0,-0.14474548399448395
2688124928.0,-0.12563154101371765
2689062400.0,-0.1051708310842514
2689999872.0,-0.08617515861988068
2690937600.0,-0.06555332243442535
2691875072.0,-0.045985423028469086
2692812544.0,-0.027462560683488846
2693750016.0,-0.006710955407470465
2694687488.0,0.012224201112985611
2695624960.0,0.03142327070236206
2696562432.0,0.050058476626873016
2697499904.0,0.06803001463413239
2698437376.0,0.0849619209766388
2699375104.0,0.10289269685745239
2700312576.0,0.118906170129776
2701250048.0,0.1361059844493866
2702187520.0,0.15306653082370758
2703124992.0,0.1682431548833847
2704062464.0,0.18385827541351318
2704999936.0,0.19897308945655823
2705937408.0,0.2120654135942459
2706874880.0,0.22541873157024384
2707812608.0,0.19774499535560608
2708750080.0,0.20494768023490906
2709687552.0,0.20982015132904053
2710625024.0,0.21402058005332947
2711562496.0,0.21744999289512634
2712499968.0,0.21864503622055054
2713437440.0,0.21904905140399933
2714374912.0,0.21758313477039337
2715312384.0,0.21486058831214905
2716250112.0,0.21084880828857422
2717187584.0,0.20533522963523865
2718125056.0,0.1983644664287567
2719062528.0,0.1894289255142212
2720000000.0,0.18025343120098114
2720937472.0,0.16774390637874603
2721874944.0,0.15486720204353333
2722812416.0,0.14160558581352234
2723749888.0,0.1268525868654251
2724687616.0,0.11003933101892471
2725625088.0,0.09286612272262573
2726562560.0,0.07632599771022797
2727500032.0,0.057990867644548416
2728437504.0,0.04002172127366066
2729374976.0,0.02163739874958992
2730312448.0,0.003043010365217924
2731249920.0,-0.01647571474313736
2732187392.0,-0.034810587763786316
2733125120.0,-0.05252554267644882
2734062592.0,-0.07062935084104538
2735000064.0,-0.08692837506532669
2735937536.0,-0.10282646864652634
2736875008.0,-0.11887624859809875
2737812480.0,-0.13218718767166138
2738749952.0,-0.1449885368347168
2739687424.0,-0.1555710881948471
2740624896.0,-0.1644548773765564
2741562624.0,-0.1726894974708557
2742500096.0,-0.1789250373840332
2743437568.0,-0.18307971954345703
2744375040.0,-0.1854230761528015
2745312512.0,-0.18643057346343994
2746249984.0,-0.18544316291809082
2747187456.0,-0.1833115518093109
2748124928.0,-0.1774568110704422
2749062400.0,-0.17187699675559998
2750000128.0,-0.1627730280160904
2750937600.0,-0.15172366797924042
2751875072.0,-0.14050763845443726
2752812544.0,-0.12821272015571594
2753750016.0,-0.11463554203510284
2754687488.0,-0.09971129894256592
2755624960.0,-0.08250739425420761
2756562432.0,-0.06614941358566284
2757499904.0,-0.04810112342238426
2758437376.0,-0.030226102098822594
2759375104.0,-0.011093111708760262
2760312576.0,0.007376211229711771
2761250048.0,0.02727499045431614
2762187520.0,0.04518352448940277
2763124992.0,0.0642758458852768
2764062464.0,0.08204974979162216
2764999936.0,0.09890787303447723
2765937408.0,0.11442646384239197
2766874880.0,0.1284584105014801
2767812608.0,0.18603821098804474
2768750080.0,0.18541890382766724
2769687552.0,0.1844940483570099
2770625024.0,0.18235458433628082
2771562496.0,0.17756961286067963
2772499968.0,0.17364367842674255
2773437440.0,0.1680137664079666
2774374912.0,0.16245366632938385
2775312384.0,0.15472246706485748
2776250112.0,0.14693036675453186
2777187584.0,0.13859091699123383
2778125056.0,0.12989255785942078
2779062528.0,0.12013472616672516
2780000000.0,0.10913317650556564
2780937472.0,0.09906880557537079
2781874944.0,0.0874401181936264
2782812416.0,0.07517669349908829
2783749888.0,0.0635104551911354
2784687616.0,0.05098746716976166
2785625088.0,0.03832219913601875
2786562560.0,0.025202849879860878
2787500032.0,0.012688424438238144
2788437504.0,0.0003021851589437574
2789374976.0,-0.012182221747934818
2790312448.0,-0.024435924366116524
2791249920.0,-0.03723153471946716
2792187392.0,-0.04811950773000717
2793125120.0,-0.059305962175130844
2794062592.0,-0.0700061097741127
2795000064.0,-0.0787535086274147
2795937536.0,-0.08778874576091766
2796875008.0,-0.09467856585979462
2797812480.0,-0.10032456368207932
2798749952.0,-0.10593149811029434
2799687424.0,-0.10934015363454819
2800624896.0,-0.11235418915748596
2801562624.0,-0.11236510425806046
2802500096.0,-0.11280293017625809
2803437568.0,-0.1101960763335228
2804375040.0,-0.1065848097205162
2805312512.0,-0.10152176022529602
2806249984.0,-0.09502976387739182
2807187456.0,-0.08620176464319229
2808124928.0,-0.07656190544366837
2809062400.0,-0.06657654792070389
2809999872.0,-0.053734127432107925
2810937600.0,-0.04067721590399742
2811875072.0,-0.02747107297182083
2812812544.0,-0.01128990389406681
2813750016.0,0.004458815790712833
2814687488.0,0.02142157033085823
2815624960.0,0.03774368017911911
2816562432.0,0.054794445633888245
2817499904.0,0.07285244017839432
2818437376.0,0.08866139501333237
2819375104.0,0.1051986813545227
2820312576.0,0.12175140529870987
2821250048.0,0.13730789721012115
2822187520.0,0.1529710292816162
2823124992.0,0.16505247354507446
2824062464.0,0.17693407833576202
2824999936.0,0.1874563992023468
2825937408.0,0.19565117359161377
2826874880.0,0.20327015221118927
2827812608.0,0.21742761135101318
2828750080.0,0.21922379732131958
2829687552.0,0.21915636956691742
2830625024.0,0.2152595967054367
2831562496.0,0.21091139316558838
2832499968.0,0.20206807553768158
2833437440.0,0.1923651248216629
2834374912.0,0.17948804795742035
2835312384.0,0.1658416986465454
2836250112.0,0.1498689204454422
2837187584.0,0.1325061023235321
2838125056.0,0.11452554166316986
2839062528.0,0.09535404294729233
2840000000.0,0.07566547393798828
2840937472.0,0.05577556788921356
2841874944.0,0.03584885969758034
2842812416.0,0.016230711713433266
2843749888.0,-0.002745692152529955
2844687616.0,-0.021355893462896347
2845625088.0,-0.038213104009628296
2846562560.0,-0.054138749837875366
2847500032.0,-0.06865747272968292
2848437504.0,-0.08193125575780869
2849374976.0,-0.09204190224409103
2850312448.0,-0.10152005404233932
2851249920.0,-0.11076626926660538
2852187392.0,-0.11676474660634995
2853125120.0,-0.1202179342508316
2854062592.0,-0.12247060239315033
2855000064.0,-0.12264985591173172
2855937536.0,-0.12072455137968063
2856875008.0,-0.11804202198982239
2857812480.0,-0.11445382982492447
2858749952.0,-0.10903260856866837
2859687424.0,-0.10183168947696686
2860624896.0,-0.09442828595638275
2861562624.0,-0.08583761006593704
2862500096.0,-0.07512497156858444
2863437568.0,-0.06495843082666397
2864375040.0,-0.053261708468198776
2865312512.0,-0.04074757918715477
2866249984.0,-0.02833770588040352
2867187456.0,-0.016493238508701324
2868124928.0,-0.0034873136319220066
2869062400.0,0.010670681484043598
2870000128.0,0.022815926000475883
2870937600.0,0.035776928067207336
2871875072.0,0.04832705855369568
2872812544.0,0.061957068741321564
2873750016.0,0.07384799420833588
2874687488.0,0.08604314923286438
2875624960.0,0.09759174287319183
2876562432.0,0.10918044298887253
2877499904.0,0.12138491868972778
2878437376.0,0.13191351294517517
2879375104.0,0.1428464949131012
2880312576.0,0.15333935618400574
2881250048.0,0.16169577836990356
2882187520.0,0.1701999306678772
2883124992.0,0.17760612070560455
2884062464.0,0.18396861851215363
2884999936.0,0.19066546857357025
2885937408.0,0.1952572762966156
2886874880.0,0.19894646108150482
2887812608.0,0.20161768794059753
2888750080.0,0.20322750508785248
2889687552.0,0.20397275686264038
2890625024.0,0.2024211436510086
2891562496.0,0.19989895820617676
2892499968.0,0.19508036971092224
2893437440.0,0.1899431049823761
2894374912.0,0.1822444051504135
2895312384.0,0.17345945537090302
2896250112.0,0.161800816655159
2897187584.0,0.14809715747833252
2898125056.0,0.13404391705989838
2899062528.0,0.11873038858175278
2900000000.0,0.10212231427431107
2900937472.0,0.08431294560432434
2901874944.0,0.06622493267059326
2902812416.0,0.04798396676778793
2903749888.0,0.027597250416874886
2904687616.0,0.008767594583332539
2905625088.0,-0.01071090530604124
2906562560.0,-0.029419874772429466
2907500032.0,-0.04743350297212601
2908437504.0,-0.06401695311069489
2909374976.0,-0.08139229565858841
2910312448.0,-0.09585694223642349
2911249920.0,-0.1088070496916771
2912187392.0,-0.12031301110982895
2913125120.0,-0.13044968247413635
2914062592.0,-0.13924074172973633
2915000064.0,-0.14623261988162994
2915937536.0,-0.1506054699420929
2916875008.0,-0.15215665102005005
2917812480.0,-0.15173421800136566
2918749952.0,-0.15032082796096802
2919687424.0,-0.14606371521949768
2920624896.0,-0.13968096673488617
2921562624.0,-0.13146242499351501
2922500096.0,-0.12077022343873978
2923437568.0,-0.10836271196603775
2924375040.0,-0.09584987163543701
2925312512.0,-0.08075648546218872
2926249984.0,-0.06547760218381882
2927187456.0,-0.04916515573859215
2928124928.0,-0.032425351440906525
2929062400.0,-0.01477786898612976
2929999872.0,0.0027131391689181328
2930937600.0,0.020732536911964417
2931875072.0,0.03785884752869606
2932812544.0,0.055533092468976974
2933750016.0,0.07175946235656738
2934687488.0,0.08671320974826813
2935624960.0,0.10215359926223755
2936562432.0,0.1159534752368927
2937499904.0,0.127657949924469
2938437376.0,0.13805706799030304
2939375104.0,0.14824429154396057
2940312576.0,0.1568385660648346
2941250048.0,0.16267669200897217
2942187520.0,0.16776534914970398
2943124992.0,0.17095878720283508
2944062464.0,0.17384779453277588
2944999936.0,0.17469823360443115
2945937408.0,0.17373886704444885
2946874880.0,0.17259348928928375
2947812608.0,0.16763517260551453
2948750080.0,0.1663953959941864
2949687552.0,0.16371138393878937
2950625024.0,0.16073019802570343
2951562496.0,0.15714497864246368
2952499968.0,0.15186341106891632
2953437440.0,0.14629046618938446
2954374912.0,0.13894769549369812
2955312384.0,0.13181717693805695
2956250112.0,0.12339040637016296
2957187584.0,0.11446090787649155
2958125056.0,0.10517998784780502
2959062528.0,0.09596190601587296
2960000000.0,0.08471633493900299
2960937472.0,0.07517194747924805
2961874944.0,0.06402179598808289
2962812416.0,0.05216988921165466
2963749888.0,0.041753605008125305
2964687616.0,0.029432635754346848
2965625088.0,0.017149118706583977
2966562560.0,0.005897298455238342
2967500032.0,-0.004437361843883991
2968437504.0,-0.016281161457300186
2969374976.0,-0.02724662609398365
2970312448.0,-0.037855587899684906
2971249920.0,-0.0487864650785923
2972187392.0,-0.058174289762973785
2973125120.0,-0.06512745469808578
2974062592.0,-0.0735025480389595
2975000064.0,-0.08016078919172287
2975937536.0,-0.08676072955131531
2976875008.0,-0.09104566276073456
2977812480.0,-0.09566909819841385
2978749952.0,-0.09796471148729324
2979687424.0,-0.1005735695362091
2980624896.0,-0.10065881907939911
2981562624.0,-0.1011224314570427
2982500096.0,-0.09926671534776688
2983437568.0,-0.0973682552576065
2984375040.0,-0.09420408308506012
2985312512.0,-0.08962786197662354
2986249984.0,-0.08393128961324692
2987187456.0,-0.07822484523057938
2988124928.0,-0.07105017453432083
2989062400.0,-0.06489727646112442
2990000128.0,-0.056578271090984344
2990937600.0,-0.04777675122022629
2991875072.0,-0.039738405495882034
2992812544.0,-0.03080088458955288
2993750016.0,-0.02228916622698307
2994687488.0,-0.014158935286104679
2995624960.0,-0.005563149228692055
2996562432.0,0.0021135120186954737
2997499904.0,0.010573729872703552
2998437376.0,0.016437748447060585
2999375104.0,0.023002928122878075
3000312576.0,0.026517409831285477
3001250048.0,0.03062162920832634
3002187520.0,0.03413164243102074
3003124992.0,0.03626714274287224
3004062464.0,0.03829801827669144
3004999936.0,0.037910908460617065
3005937408.0,0.03832953795790672
3006874880.0,0.036078233271837234
3007812608.0,0.032300010323524475
3008750080.0,0.029350008815526962
3009687552.0,0.024347322061657906
3010625024.0,0.019369499757885933
3011562496.0,0.01586272194981575
3012499968.0,0.010283968411386013
3013437440.0,0.005386027507483959
3014374912.0,0.0006354085053317249
3015312384.0,-0.0037143141962587833
3016250112.0,-0.00939115323126316
3017187584.0,-0.014078471809625626
3018125056.0,-0.01963624730706215
3019062528.0,-0.024598168209195137
3020000000.0,-0.02946443483233452
3020937472.0,-0.034617386758327484
3021874944.0,-0.03927885740995407
3022812416.0,-0.044295668601989746
3023749888.0,-0.04941663518548012
3024687616.0,-0.05355910211801529
3025625088.0,-0.05895942077040672
3026562560.0,-0.06284433603286743
3027500032.0,-0.0675574466586113
3028437504.0,-0.07133093476295471
3029374976.0,-0.07529362291097641
3030312448.0,-0.0791526511311531
3031249920.0,-0.08274730294942856
3032187392.0,-0.08616035431623459
3033125120.0,-0.08903313428163528
3034062592.0,-0.0922970175743103
3035000064.0,-0.09448730200529099
3035937536.0,-0.09664908051490784
3036875008.0,-0.09757322072982788
3037812480.0,-0.09998785704374313
3038749952.0,-0.10039490461349487
3039687424.0,-0.10109945386648178
3040624896.0,-0.10111518204212189
3041562624.0,-0.10073058307170868
3042500096.0,-0.09914413839578629
3043437568.0,-0.09730604290962219
3044375040.0,-0.09432925283908844
3045312512.0,-0.0919368639588356
3046249984.0,-0.08871987462043762
3047187456.0,-0.08466614782810211
3048124928.0,-0.08092393726110458
3049062400.0,-0.07651440054178238
3049999872.0,-0.07176124304533005
3050937600.0,-0.0667387843132019
3051875072.0,-0.06136541813611984
3052812544.0,-0.05504658445715904
3053750016.0,-0.050204284489154816
3054687488.0,-0.04422260448336601
3055624960.0,-0.0385710708796978
3056562432.0,-0.03260955959558487
3057499904.0,-0.02703385427594185
3058437376.0,-0.022002410143613815
3059375104.0,-0.016665322706103325
3060312576.0,-0.011823486536741257
3061250048.0,-0.007761173415929079
3062187520.0,-0.003160096937790513
3063124992.0,-0.0012940915767103434
3064062464.0,0.0016371154924854636
3064999936.0,0.0028489346150308847
3065937408.0,0.00409156596288085
3066874880.0,0.004956572316586971
3067812608.0,0.018215198069810867
3068750080.0,0.01130376011133194
3069687552.0,0.004780923947691917
3070625024.0,-0.0017806831747293472
3071562496.0,-0.010802848264575005
3072499968.0,-0.018616538494825363
3073437440.0,-0.028495771810412407
3074374912.0,-0.03833391144871712
3075312384.0,-0.048006895929574966
3076250112.0,-0.05799371749162674
3077187584.0,-0.06691788136959076
3078125056.0,-0.07621639221906662
3079062528.0,-0.08519069105386734
3080000000.0,-0.09298192709684372
3080937472.0,-0.10029679536819458
3081874944.0,-0.10712023824453354
3082812416.0,-0.11194312572479248
3083749888.0,-0.11615870893001556
3084687616.0,-0.11944247782230377
3085625088.0,-0.12199799716472626
3086562560.0,-0.12174397706985474
3087500032.0,-0.1212940365076065
3088437504.0,-0.12008450925350189
3089374976.0,-0.11710526049137115
3090312448.0,-0.11351411789655685
3091249920.0,-0.10926608741283417
3092187392.0,-0.10282362997531891
3093125120.0,-0.09745859354734421
3094062592.0,-0.0905270129442215
3095000064.0,-0.08230744302272797
3095937536.0,-0.07284035533666611
3096875008.0,-0.06366697698831558
3097812480.0,-0.05410148948431015
3098749952.0,-0.04417944326996803
3099687424.0,-0.0336543470621109
3100624896.0,-0.023025406524538994
3101562624.0,-0.013387637212872505
3102500096.0,-0.0033611373510211706
3103437568.0,0.0074569061398506165
3104375040.0,0.016513869166374207
3105312512.0,0.025532880797982216
3106249984.0,0.03544897958636284
3107187456.0,0.043795544654130936
3108124928.0,0.052380312234163284
3109062400.0,0.059358544647693634
3110000128.0,0.06632798165082932
3110937600.0,0.07314182817935944
3111875072.0,0.07831442356109619
3112812544.0,0.08323898911476135
3113750016.0,0.0893372893333435
3114687488.0,0.09335791319608688
3115624960.0,0.09702932089567184
3116562432.0,0.10034388303756714
3117499904.0,0.10425452142953873
3118437376.0,0.10736490786075592
3119375104.0,0.10900076478719711
3120312576.0,0.111305370926857
3121250048.0,0.11332254111766815
3122187520.0,0.11442741006612778
3123124992.0,0.11644025146961212
3124062464.0,0.11841309815645218
3124999936.0,0.11927961558103561
3125937408.0,0.12063769996166229
3126874880.0,0.12082410603761673
3127812608.0,0.14214015007019043
3128750080.0,0.13885849714279175
3129687552.0,0.13591605424880981
3130625024.0,0.13426806032657623
3131562496.0,0.13210919499397278
3132499968.0,0.1300317794084549
3133437440.0,0.12804405391216278
3134374912.0,0.12716151773929596
3135312384.0,0.12466221302747726
3136250112.0,0.12392890453338623
3137187584.0,0.12331882864236832
3138125056.0,0.12215352803468704
3139062528.0,0.12135331332683563
3140000000.0,0.12039413303136826
3140937472.0,0.11943322420120239
3141874944.0,0.11895373463630676
3142812416.0,0.11789561063051224
3143749888.0,0.11685293167829514
3144687616.0,0.11570893228054047
3145625088.0,0.11426124721765518
3146562560.0,0.11200689524412155
3147500032.0,0.10962916910648346
3148437504.0,0.10783569514751434
3149374976.0,0.10363530367612839
3150312448.0,0.10101534426212311
3151249920.0,0.09645362198352814
3152187392.0,0.09080851078033447
3153125120.0,0.08511919528245926
3154062592.0,0.07915287464857101
3155000064.0,0.07317204028367996
3155937536.0,0.06545586884021759
3156875008.0,0.05629732459783554
3157812480.0,0.04736901447176933
3158749952.0,0.03816986456513405
3159687424.0,0.02866489440202713
3160624896.0,0.017073139548301697
3161562624.0,0.006656401325017214
3162500096.0,-0.005429752171039581
3163437568.0,-0.016392791643738747
3164375040.0,-0.028570668771862984
3165312512.0,-0.0414566695690155
3166249984.0,-0.05267428234219551
3167187456.0,-0.06449303776025772
3168124928.0,-0.07465203106403351
3169062400.0,-0.08573414385318756
3169999872.0,-0.09658898413181305
3170937600.0,-0.10514656454324722
3171875072.0,-0.11447865515947342
3172812544.0,-0.12209249287843704
3173750016.0,-0.12812110781669617
3174687488.0,-0.13369812071323395
3175624960.0,-0.13623462617397308
3176562432.0,-0.139644056558609
3177499904.0,-0.14108648896217346
3178437376.0,-0.14044120907783508
3179375104.0,-0.13844597339630127
3180312576.0,-0.13446193933486938
3181250048.0,-0.12889645993709564
3182187520.0,-0.12222440540790558
3183124992.0,-0.11506222933530807
3184062464.0,-0.10466869920492172
3184999936.0,-0.09348844736814499
3185937408.0,-0.08040664345026016
3186874880.0,-0.0669931024312973
3187812608.0,0.06084578111767769
3188750080.0,0.05885106325149536
3189687552.0,0.05890035256743431
3190625024.0,0.05892390012741089
3191562496.0,0.06014305353164673
3192499968.0,0.06274772435426712
3193437440.0,0.06523270905017853
3194374912.0,0.06867022812366486
3195312384.0,0.07347116619348526
3196250112.0,0.07756776362657547
3197187584.0,0.08252285420894623
3198125056.0,0.08761757612228394
3199062528.0,0.09276030957698822
3200000000.0,0.0975106805562973
3200937472.0,0.10198340564966202
3201874944.0,0.10584115236997604
3202812416.0,0.10920757800340652
3203749888.0,0.11099400371313095
3204687616.0,0.11261043697595596
3205625088.0,0.11292239278554916
3206562560.0,0.11187529563903809
3207500032.0,0.10994277894496918
3208437504.0,0.10684940218925476
3209374976.0,0.10272184014320374
3210312448.0,0.09702222794294357
3211249920.0,0.09014085680246353
3212187392.0,0.08248188346624374
3213125120.0,0.07315995544195175
3214062592.0,0.06337293982505798
3215000064.0,0.05179879069328308
3215937536.0,0.03990620747208595
3216875008.0,0.028036201372742653
3217812480.0,0.015054525807499886
3218749952.0,0.0029701506718993187
3219687424.0,-0.01018909364938736
3220624896.0,-0.022752957418560982
3221562624.0,-0.03467518091201782
3222500096.0,-0.046646855771541595
3223437568.0,-0.058352019637823105
3224375040.0,-0.06918458640575409
3225312512.0,-0.078965924680233
3226249984.0,-0.08663900941610336
3227187456.0,-0.09403308480978012
3228124928.0,-0.10020937770605087
3229062400.0,-0.10473153740167618
3230000128.0,-0.10883591324090958
3230937600.0,-0.11188723891973495
3231875072.0,-0.11243024468421936
3232812544.0,-0.11214523762464523
3233750016.0,-0.1097537949681282
3234687488.0,-0.10808661580085754
3235624960.0,-0.10582925379276276
3236562432.0,-0.10117462277412415
3237499904.0,-0.09761125594377518
3238437376.0,-0.0932476818561554
3239375104.0,-0.08703475445508957
3240312576.0,-0.08201109617948532
3241250048.0,-0.07827295362949371
3242187520.0,-0.07318583875894547
3243124992.0,-0.06853914260864258
3244062464.0,-0.0651632770895958
3244999936.0,-0.06280216574668884
3245937408.0,-0.06084725260734558
3246874880.0,-0.060220614075660706
3247812608.0,-0.05326208472251892
3248750080.0,-0.05684836581349373
3249687552.0,-0.06167059391736984
3250625024.0,-0.06518208235502243
3251562496.0,-0.06818017363548279
3252499968.0,-0.0702923983335495
3253437440.0,-0.07249940931797028
3254374912.0,-0.07326201349496841
3255312384.0,-0.07390721887350082
3256250112.0,-0.07257114350795746
3257187584.0,-0.07000143080949783
3258125056.0,-0.0665614977478981
3259062528.0,-0.06193964183330536
3260000000.0,-0.05590258911252022
3260937472.0,-0.04868040978908539
3261874944.0,-0.041141148656606674
3262812416.0,-0.033603668212890625
3263749888.0,-0.025329861789941788
3264687616.0,-0.016963116824626923
3265625088.0,-0.007895011454820633
3266562560.0,0.0002164589095627889
3267500032.0,0.0070855082012712955
3268437504.0,0.013726136647164822
3269374976.0,0.01896054483950138
3270312448.0,0.023493507876992226
3271249920.0,0.0263811182230711
3272187392.0,0.028657546266913414
3273125120.0,0.029431026428937912
3274062592.0,0.02935696579515934
3275000064.0,0.027675136923789978
3275937536.0,0.026498528197407722
3276875008.0,0.02441096492111683
3277812480.0,0.021868975833058357
3278749952.0,0.01948368549346924
3279687424.0,0.01731540448963642
3280624896.0,0.015768712386488914
3281562624.0,0.014838810078799725
3282500096.0,0.014729082584381104
3283437568.0,0.015391895547509193
3284375040.0,0.01580261066555977
3285312512.0,0.017511071637272835
3286249984.0,0.019353611394762993
3287187456.0,0.020640427246689796
3288124928.0,0.022604670375585556
3289062400.0,0.023156164214015007
3289999872.0,0.024829182773828506
3290937600.0,0.025365009903907776
3291875072.0,0.023741791024804115
3292812544.0,0.021838679909706116
3293750016.0,0.018574638292193413
3294687488.0,0.014003374613821507
3295624960.0,0.008282848633825779
3296562432.0,0.002171930391341448
3297499904.0,-0.005645141936838627
3298437376.0,-0.013669170439243317
3299375104.0,-0.021957365795969963
3300312576.0,-0.030529886484146118
3301250048.0,-0.03914498910307884
3302187520.0,-0.04768757149577141
3303124992.0,-0.05658624693751335
3304062464.0,-0.06596507132053375
3304999936.0,-0.07464290410280228
3305937408.0,-0.082823246717453
3306874880.0,-0.09084649384021759
3307812608.0,-0.058330684900283813
3308750080.0,-0.05674975365400314
3309687552.0,-0.0544910654425621
3310625024.0,-0.051766131073236465
3311562496.0,-0.050805024802684784
3312499968.0,-0.05034950003027916
3313437440.0,-0.04906205087900162
3314374912.0,-0.048877913504838943
3315312384.0,-0.049125850200653076
3316250112.0,-0.04952757805585861
3317187584.0,-0.05106140300631523
3318125056.0,-0.0534798800945282
3319062528.0,-0.05692197009921074
3320000000.0,-0.05976805090904236
3320937472.0,-0.06473920494318008
3321874944.0,-0.06970234960317612
3322812416.0,-0.07570890337228775
3323749888.0,-0.08142759650945663
3324687616.0,-0.08779364824295044
3325625088.0,-0.09364553540945053
3326562560.0,-0.10080549120903015
3327500032.0,-0.10727348923683167
3328437504.0,-0.11357679963111877
3329374976.0,-0.12021008133888245
3330312448.0,-0.12491729855537415
3331249920.0,-0.1308169662952423
3332187392.0,-0.13582095503807068
3333125120.0,-0.14000391960144043
3334062592.0,-0.14284789562225342
3335000064.0,-0.1447800248861313
3335937536.0,-0.14592428505420685
3336875008.0,-0.14574821293354034
3337812480.0,-0.1453159898519516
3338749952.0,-0.1428488790988922
3339687424.0,-0.13995926082134247
3340624896.0,-0.1352188140153885
3341562624.0,-0.13057787716388702
3342500096.0,-0.12473088502883911
3343437568.0,-0.11632685363292694
3344375040.0,-0.10841111093759537
3345312512.0,-0.10010380297899246
3346249984.0,-0.09214433282613754
3347187456.0,-0.08164619654417038
3348124928.0,-0.07211802899837494
3349062400.0,-0.06254594773054123
3350000128.0,-0.052689697593450546
3350937600.0,-0.04291254281997681
3351875072.0,-0.033969487994909286
3352812544.0,-0.02464718371629715
3353750016.0,-0.016058120876550674
3354687488.0,-0.008528754115104675
3355624960.0,-0.002106148051097989
3356562432.0,0.0042009721510112286
3357499904.0,0.009408628568053246
3358437376.0,0.014730161055922508
3359375104.0,0.018772993236780167
3360312576.0,0.022644557058811188
3361250048.0,0.025685027241706848
3362187520.0,0.027442224323749542
3363124992.0,0.02967384271323681
3364062464.0,0.030710266903042793
3364999936.0,0.033192913979291916
3365937408.0,0.03565715253353119
3366874880.0,0.03866206482052803
3367812608.0,0.04738553240895271
3368750080.0,0.055500153452157974
3369687552.0,0.061877597123384476
3370625024.0,0.06885036081075668
3371562496.0,0.07521122694015503
3372499968.0,0.07915934920310974
3373437440.0,0.08322551101446152
3374374912.0,0.08629057556390762
3375312384.0,0.08685699850320816
3376250112.0,0.08843658864498138
3377187584.0,0.08665113896131516
3378125056.0,0.0852835550904274
3379062528.0,0.0808398500084877
3380000000.0,0.0762619897723198
3380937472.0,0.07086055725812912
3381874944.0,0.06364608556032181
3382812416.0,0.05595394968986511
3383749888.0,0.048164088279008865
3384687616.0,0.039355356246232986
3385625088.0,0.03054734505712986
3386562560.0,0.0195078756660223
3387500032.0,0.008905882015824318
3388437504.0,-0.0016328890342265368
3389374976.0,-0.012865510769188404
3390312448.0,-0.02189076505601406
3391249920.0,-0.03196820989251137
3392187392.0,-0.04183494672179222
3393125120.0,-0.04957776516675949
3394062592.0,-0.05821412056684494
3395000064.0,-0.06548714637756348
3395937536.0,-0.07146383076906204
3396875008.0,-0.07787724584341049
3397812480.0,-0.08300192654132843
3398749952.0,-0.08733057975769043
3399687424.0,-0.09096291661262512
3400624896.0,-0.09337561577558517
3401562624.0,-0.0952974408864975
3402500096.0,-0.09619568288326263
3403437568.0,-0.0952725037932396
3404375040.0,-0.09558851271867752
3405312512.0,-0.09441834688186646
3406249984.0,-0.09190144389867783
3407187456.0,-0.0894046202301979
3408124928.0,-0.08584828674793243
3409062400.0,-0.08272383362054825
3409999872.0,-0.08053558319807053
3410937600.0,-0.07593808323144913
3411875072.0,-0.07215871661901474
3412812544.0,-0.06910659372806549
3413750016.0,-0.06392741948366165
3414687488.0,-0.05985075235366821
3415624960.0,-0.05557712912559509
3416562432.0,-0.051591262221336365
3417499904.0,-0.04626302793622017
3418437376.0,-0.04258635640144348
3419375104.0,-0.039554696530103683
3420312576.0,-0.036114402115345
3421250048.0,-0.032384585589170456
3422187520.0,-0.028859145939350128
3423124992.0,-0.02470000460743904
3424062464.0,-0.020692966878414154
3424999936.0,-0.01701645739376545
3425937408.0,-0.012121709994971752
3426874880.0,-0.008837385103106499
3427812608.0,-0.004620852414518595
3428750080.0,-0.0020447648130357265
3429687552.0,-0.00017923738050740212
3430625024.0,0.004000234883278608
3431562496.0,0.006920754909515381
3432499968.0,0.009844683110713959
3433437440.0,0.014845194295048714
3434374912.0,0.02053605392575264
3435312384.0,0.02658233605325222
3436250112.0,0.033542197197675705
3437187584.0,0.04258810728788376
3438125056.0,0.05063749477267265
3439062528.0,0.06089275702834129
3440000000.0,0.07194177061319351
3440937472.0,0.08433154225349426
3441874944.0,0.09801793843507767
3442812416.0,0.11053963750600815
3443749888.0,0.12451853603124619
3444687616.0,0.13985955715179443
3445625088.0,0.15362970530986786
3446562560.0,0.16681723296642303
3447500032.0,0.18017050623893738
3448437504.0,0.19124959409236908
3449374976.0,0.20266252756118774
3450312448.0,0.21114736795425415
3451249920.0,0.21747778356075287
3452187392.0,0.22251394391059875
3453125120.0,0.22541652619838715
3454062592.0,0.22559963166713715
3455000064.0,0.2225356549024582
3455937536.0,0.21713653206825256
3456875008.0,0.20914992690086365
3457812480.0,0.19902285933494568
3458749952.0,0.18598289787769318
3459687424.0,0.17177598178386688
3460624896.0,0.15524163842201233
3461562624.0,0.1389862596988678
3462500096.0,0.12019629031419754
3463437568.0,0.1004854366183281
3464375040.0,0.08016357570886612
3465312512.0,0.06016885116696358
3466249984.0,0.04095598682761192
3467187456.0,0.021780874580144882
3468124928.0,0.0037424969486892223
3469062400.0,-0.013067308813333511
3470000128.0,-0.02766232006251812
3470937600.0,-0.04115051403641701
3471875072.0,-0.05150679126381874
3472812544.0,-0.06157754734158516
3473750016.0,-0.06914589554071426
3474687488.0,-0.07418009638786316
3475624960.0,-0.07692676037549973
3476562432.0,-0.07969740778207779
3477499904.0,-0.07887222617864609
3478437376.0,-0.07734772562980652
3479375104.0,-0.07436191290616989
3480312576.0,-0.07167787849903107
3481250048.0,-0.0670686587691307
3482187520.0,-0.06152081489562988
3483124992.0,-0.056007977575063705
3484062464.0,-0.05101694166660309
3484999936.0,-0.04486265406012535
3485937408.0,-0.03992069512605667
3486874880.0,-0.035786475986242294
3487812608.0,-0.020499948412179947
3488750080.0,-0.02402753196656704
3489687552.0,-0.028092002496123314
3490625024.0,-0.032802656292915344
3491562496.0,-0.03792577236890793
3492499968.0,-0.044119130820035934
3493437440.0,-0.04898364841938019
3494374912.0,-0.054968222975730896
3495312384.0,-0.06054601073265076
3496250112.0,-0.06448063999414444
3497187584.0,-0.06868851184844971
3498125056.0,-0.07291105389595032
3499062528.0,-0.07554858177900314
3500000000.0,-0.07715226709842682
3500937472.0,-0.07613888382911682
3501874944.0,-0.07586817443370819
3502812416.0,-0.07412877678871155
3503749888.0,-0.07070901244878769
3504687616.0,-0.06612076610326767
3505625088.0,-0.060379743576049805
3506562560.0,-0.05458645895123482
3507500032.0,-0.04729436710476875
3508437504.0,-0.038504939526319504
3509374976.0,-0.03001205250620842
3510312448.0,-0.02046027034521103
3511249920.0,-0.011885350570082664
3512187392.0,-0.0024130758829414845
3513125120.0,0.006636001635342836
3514062592.0,0.015591179020702839
3515000064.0,0.02410508506000042
3515937536.0,0.031820204108953476
3516875008.0,0.039080001413822174
3517812480.0,0.0463935062289238
3518749952.0,0.05126434192061424
3519687424.0,0.05581315606832504
3520624896.0,0.06013059988617897
3521562624.0,0.06250441074371338
3522500096.0,0.06395797431468964
3523437568.0,0.06456378102302551
3524375040.0,0.06388074904680252
3525312512.0,0.06173188239336014
3526249984.0,0.05945415049791336
3527187456.0,0.05568752437829971
3528124928.0,0.05159623175859451
3529062400.0,0.04600539058446884
3529999872.0,0.040140535682439804
3530937600.0,0.03454474359750748
3531875072.0,0.028667565435171127
3532812544.0,0.021912509575486183
3533750016.0,0.017166217789053917
3534687488.0,0.01188255287706852
3535624960.0,0.0069129690527915955
3536562432.0,0.0034925458021461964
3537499904.0,0.00021264524548314512
3538437376.0,-0.0021970041561871767
3539375104.0,-0.0036900113336741924
3540312576.0,-0.003973965533077717
3541250048.0,-0.0018856851384043694
3542187520.0,-0.0014942636480554938
3543124992.0,0.0014797397889196873
3544062464.0,0.0044990465976297855
3544999936.0,0.007932469248771667
3545937408.0,0.011824649758636951
3546874880.0,0.016884401440620422
3547812608.0,0.019200019538402557
3548750080.0,0.016793105751276016
3549687552.0,0.015376237221062183
3550625024.0,0.012615520507097244
3551562496.0,0.00985344871878624
3552499968.0,0.007422828581184149
3553437440.0,0.004440309479832649
3554374912.0,0.001502319471910596
3555312384.0,-0.0025851211976259947
3556250112.0,-0.006312485784292221
3557187584.0,-0.008715960197150707
3558125056.0,-0.013253234326839447
3559062528.0,-0.015860771760344505
3560000000.0,-0.019329557195305824
3560937472.0,-0.022718306630849838
3561874944.0,-0.02594047784805298
3562812416.0,-0.029024649411439896
3563749888.0,-0.031390074640512466
3564687616.0,-0.0333460308611393
3565625088.0,-0.03708109259605408
3566562560.0,-0.038557831197977066
3567500032.0,-0.03970390185713768
3568437504.0,-0.04054891690611839
3569374976.0,-0.041662637144327164
3570312448.0,-0.041534144431352615
3571249920.0,-0.04171402007341385
3572187392.0,-0.041511137038469315
3573125120.0,-0.04028284549713135
3574062592.0,-0.03854196146130562
3575000064.0,-0.036885425448417664
3575937536.0,-0.035227540880441666
3576875008.0,-0.03355635330080986
3577812480.0,-0.03249867632985115
3578749952.0,-0.029843557626008987
3579687424.0,-0.027912713587284088
3580624896.0,-0.024878935888409615
3581562624.0,-0.02315450832247734
3582500096.0,-0.020521167665719986
3583437568.0,-0.018552416935563087
3584375040.0,-0.01751481555402279
3585312512.0,-0.016660284250974655
3586249984.0,-0.016261961311101913
3587187456.0,-0.01680678129196167
3588124928.0,-0.016499357298016548
3589062400.0,-0.016380945220589638
3590000128.0,-0.016845086589455605
3590937600.0,-0.0167478546500206
3591875072.0,-0.01607137732207775
3592812544.0,-0.01648271642625332
3593750016.0,-0.015563374385237694
3594687488.0,-0.014793268404901028
3595624960.0,-0.014700076542794704
3596562432.0,-0.013822522014379501
3597499904.0,-0.012220380827784538
3598437376.0,-0.010360716842114925
3599375104.0,-0.007090121507644653
3600312576.0,-0.004473031032830477
3601250048.0,-0.0009402806172147393
3602187520.0,0.0018344693817198277
3603124992.0,0.007137741893529892
3604062464.0,0.011766748502850533
3604999936.0,0.017777124419808388
3605937408.0,0.02276182919740677
3606874880.0,0.02860097773373127
3607812608.0,0.051521752029657364
3608750080.0,0.060584116727113724
3609687552.0,0.06836380064487457
3610625024.0,0.07753486931324005
3611562496.0,0.08597476035356522
3612499968.0,0.09259970486164093
3613437440.0,0.09958695620298386
3614374912.0,0.10496297478675842
3615312384.0,0.10964691638946533
3616250112.0,0.11287212371826172
3617187584.0,0.11590192466974258
3618125056.0,0.11745022982358932
3619062528.0,0.11868289858102798
3620000000.0,0.11808904260396957
3620937472.0,0.11653348803520203
3621874944.0,0.1141636073589325
3622812416.0,0.11075397580862045
3623749888.0,0.10548212379217148
3624687616.0,0.10094822198152542
3625625088.0,0.09533371031284332
3626562560.0,0.08898461610078812
3627500032.0,0.08171670138835907
3628437504.0,0.07413771748542786
3629374976.0,0.06571318209171295
3630312448.0,0.057225026190280914
3631249920.0,0.04726599156856537
3632187392.0,0.03830226510763168
3633125120.0,0.02901769056916237
3634062592.0,0.0195462703704834
3635000064.0,0.008830537088215351
3635937536.0,-0.0007389464299194515
3636875008.0,-0.01048286072909832
3637812480.0,-0.020451778545975685
3638749952.0,-0.030687611550092697
3639687424.0,-0.039176762104034424
3640624896.0,-0.04709181189537048
3641562624.0,-0.05580902099609375
3642500096.0,-0.06358587741851807
3643437568.0,-0.07142991572618484
3644375040.0,-0.07777643948793411
3645312512.0,-0.08416387438774109
3646249984.0,-0.09078727662563324
3647187456.0,-0.0951952338218689
3648124928.0,-0.09966479241847992
3649062400.0,-0.10456734150648117
3649999872.0,-0.10702166706323624
3650937600.0,-0.11032447218894958
3651875072.0,-0.11302613466978073
3652812544.0,-0.11448168009519577
3653750016.0,-0.11604423075914383
3654687488.0,-0.11818117648363113
3655624960.0,-0.11816634982824326
3656562432.0,-0.11796066164970398
3657499904.0,-0.1168084442615509
3658437376.0,-0.11592554301023483
3659375104.0,-0.11365849524736404
3660312576.0,-0.11145875602960587
3661250048.0,-0.1088033989071846
3662187520.0,-0.10557268559932709
3663124992.0,-0.10209657996892929
3664062464.0,-0.09819834679365158
3664999936.0,-0.09422129392623901
3665937408.0,-0.08939125388860703
3666874880.0,-0.0852598026394844
3667812608.0,-0.06743304431438446
3668750080.0,-0.06722549349069595
3669687552.0,-0.06650125980377197
3670625024.0,-0.06567930430173874
3671562496.0,-0.06181192398071289
3672499968.0,-0.0589945949614048
3673437440.0,-0.05469240993261337
3674374912.0,-0.050146352499723434
3675312384.0,-0.04498627409338951
3676250112.0,-0.03856782987713814
3677187584.0,-0.03220529109239578
3678125056.0,-0.02443796582520008
3679062528.0,-0.017237810418009758
3680000000.0,-0.008851907216012478
3680937472.0,-0.0005676812143065035
3681874944.0,0.008285410702228546
3682812416.0,0.01734212227165699
3683749888.0,0.02687937207520008
3684687616.0,0.03563295677304268
3685625088.0,0.044093433767557144
3686562560.0,0.05247657373547554
3687500032.0,0.06050547584891319
3688437504.0,0.06770052015781403
3689374976.0,0.07532831281423569
3690312448.0,0.08043795824050903
3691249920.0,0.08635599911212921
3692187392.0,0.09103302657604218
3693125120.0,0.0947219729423523
3694062592.0,0.09771560877561569
3695000064.0,0.09885720163583755
3695937536.0,0.10090390592813492
3696875008.0,0.1007743775844574
3697812480.0,0.09922920167446136
3698749952.0,0.09700652211904526
3699687424.0,0.09400152415037155
3700624896.0,0.08968252688646317
3701562624.0,0.08422276377677917
3702500096.0,0.07915287464857101
3703437568.0,0.07189253717660904
3704375040.0,0.06466765701770782
3705312512.0,0.05815184488892555
3706249984.0,0.050192784518003464
3707187456.0,0.04207507148385048
3708124928.0,0.034792084246873856
3709062400.0,0.025708595290780067
3710000128.0,0.016379443928599358
3710937600.0,0.008378264494240284
3711875072.0,-0.00011316440213704482
3712812544.0,-0.008134575560688972
3713750016.0,-0.01495528407394886
3714687488.0,-0.02143036387860775
3715624960.0,-0.025806987658143044
3716562432.0,-0.03201936557888985
3717499904.0,-0.03487548604607582
3718437376.0,-0.03773244842886925
3719375104.0,-0.03939947485923767
3720312576.0,-0.04141693189740181
3721250048.0,-0.041786015033721924
3722187520.0,-0.04249989613890648
3723124992.0,-0.04154517501592636
3724062464.0,-0.04033127799630165
3724999936.0,-0.038166146725416183
3725937408.0,-0.03676421940326691
3726874880.0,-0.03377218171954155
3727812608.0,-0.037165168672800064
3728750080.0,-0.03673931211233139
3729687552.0,-0.036258142441511154
3730625024.0,-0.03530343621969223
3731562496.0,-0.034885238856077194
3732499968.0,-0.03382449597120285
3733437440.0,-0.03325250372290611
3734374912.0,-0.033139314502477646
3735312384.0,-0.03417093679308891
3736250112.0,-0.03422641009092331
3737187584.0,-0.03514264523983002
3738125056.0,-0.03752484917640686
3739062528.0,-0.04071789234876633
3740000000.0,-0.04428672790527344
3740937472.0,-0.048377808183431625
3741874944.0,-0.05302492156624794
3742812416.0,-0.05725991725921631
3743749888.0,-0.06249110400676727
3744687616.0,-0.06670563668012619
3745625088.0,-0.07203519344329834
3746562560.0,-0.07765264809131622
3747500032.0,-0.08323202282190323
3748437504.0,-0.0892307460308075
3749374976.0,-0.09508338570594788
3750312448.0,-0.10043036192655563
3751249920.0,-0.10593260824680328
3752187392.0,-0.1119835153222084
3753125120.0,-0.11696138232946396
3754062592.0,-0.12107948958873749
3755000064.0,-0.12440679967403412
3755937536.0,-0.12756504118442535
3756875008.0,-0.12912392616271973
3757812480.0,-0.12953747808933258
3758749952.0,-0.1286311149597168
3759687424.0,-0.1272522509098053
3760624896.0,-0.12381985783576965
3761562624.0,-0.11866043508052826
3762500096.0,-0.11275167763233185
3763437568.0,-0.10524310916662216
3764375040.0,-0.0970548540353775
3765312512.0,-0.08629705756902695
3766249984.0,-0.07626314461231232
3767187456.0,-0.06555429100990295
3768124928.0,-0.054331306368112564
3769062400.0,-0.04308559373021126
3769999872.0,-0.030915025621652603
3770937600.0,-0.02016586624085903
3771875072.0,-0.009163180366158485
3772812544.0,0.0017888183938339353
3773750016.0,0.010539866983890533
3774687488.0,0.019787950441241264
3775624960.0,0.026672139763832092
3776562432.0,0.03323855251073837
3777499904.0,0.03766660392284393
3778437376.0,0.041445042937994
3779375104.0,0.04262535646557808
3780312576.0,0.043172042816877365
3781250048.0,0.0424342155456543
3782187520.0,0.03823147341609001
3783124992.0,0.03372038155794144
3784062464.0,0.026870587840676308
3784999936.0,0.020082538947463036
3785937408.0,0.011490334756672382
3786874880.0,0.013157591223716736
3787812608.0,0.005162580870091915
3788750080.0,-0.004647574853152037
3789687552.0,-0.015016411431133747
3790625024.0,-0.02614223212003708
3791562496.0,-0.03869810700416565
3792499968.0,-0.05057059973478317
3793437440.0,-0.06089279428124428
3794374912.0,-0.07321441173553467
3795312384.0,-0.08386603742837906
3796250112.0,-0.09543239325284958
3797187584.0,-0.10512498766183853
3798125056.0,-0.11428211629390717
3799062528.0,-0.12410465627908707
3800000000.0,-0.13184592127799988
3800937472.0,-0.13884985446929932
3801874944.0,-0.14520372450351715
3802812416.0,-0.14962521195411682
3803749888.0,-0.15358282625675201
3804687616.0,-0.1556694656610489
3805625088.0,-0.1564420759677887
3806562560.0,-0.1570492535829544
3807500032.0,-0.15411074459552765
3808437504.0,-0.15115578472614288
3809374976.0,-0.14636144042015076
3810312448.0,-0.14062514901161194
3811249920.0,-0.13389632105827332
3812187392.0,-0.1260502189397812
3813125120.0,-0.11755135655403137
3814062592.0,-0.10822057723999023
3815000064.0,-0.09901527315378189
3815937536.0,-0.08843185752630234
3816875008.0,-0.07914935052394867
3817812480.0,-0.06906859576702118
3818749952.0,-0.05973108112812042
3819687424.0,-0.049233030527830124
3820624896.0,-0.04034704715013504
3821562624.0,-0.03189639374613762
3822500096.0,-0.023386133834719658
3823437568.0,-0.01674160733819008
3824375040.0,-0.010504180565476418
3825312512.0,-0.004297603387385607
3826249984.0,-0.0011445689015090466
3827187456.0,0.0014754647854715586
3828124928.0,0.0041247704066336155
3829062400.0,0.005221743136644363
3830000128.0,0.004245650954544544
3830937600.0,0.00377483619377017
3831875072.0,0.0017684642225503922
3832812544.0,-0.0011365428799763322
3833750016.0,-0.003284274134784937
3834687488.0,-0.007184527814388275
3835624960.0,-0.011188763193786144
3836562432.0,-0.014866765588521957
3837499904.0,-0.01997457817196846
3838437376.0,-0.023784682154655457
3839375104.0,-0.02793295308947563
3840312576.0,-0.031940530985593796
3841250048.0,-0.03618544712662697
3842187520.0,-0.03978127986192703
3843124992.0,-0.04285018891096115
3844062464.0,-0.04498163238167763
3844999936.0,-0.04731086269021034
3845937408.0,-0.04806826263666153
3846874880.0,-0.04037120193243027
3847812608.0,-0.036139488220214844
3848750080.0,-0.03253879025578499
3849687552.0,-0.02917112037539482
3850625024.0,-0.025879312306642532
3851562496.0,-0.023235810920596123
3852499968.0,-0.020850302651524544
3853437440.0,-0.01839292421936989
3854374912.0,-0.018149880692362785
3855312384.0,-0.01604580506682396
3856250112.0,-0.01687837392091751
3857187584.0,-0.017584016546607018
3858125056.0,-0.0181246567517519
3859062528.0,-0.019558006897568703
3860000000.0,-0.02178877778351307
3860937472.0,-0.023798419162631035
3861874944.0,-0.02527776174247265
3862812416.0,-0.028179360553622246
3863749888.0,-0.030271144583821297
3864687616.0,-0.03313436359167099
3865625088.0,-0.03617473691701889
3866562560.0,-0.039042890071868896
3867500032.0,-0.04178016260266304
3868437504.0,-0.04461495578289032
3869374976.0,-0.0466509573161602
3870312448.0,-0.04926854744553566
3871249920.0,-0.050862498581409454
3872187392.0,-0.052509427070617676
3873125120.0,-0.054337672889232635
3874062592.0,-0.055694714188575745
3875000064.0,-0.05594443902373314
3875937536.0,-0.058579668402671814
3876875008.0,-0.06152762845158577
3877812480.0,-0.0638841912150383
3878749952.0,-0.0650973692536354
3879687424.0,-0.06711556762456894
3880624896.0,-0.06862625479698181
3881562624.0,-0.06891579180955887
3882500096.0,-0.07033254206180573
3883437568.0,-0.06942296773195267
3884375040.0,-0.07004491984844208
3885312512.0,-0.07065308094024658
3886249984.0,-0.06966539472341537
3887187456.0,-0.06867167353630066
3888124928.0,-0.06770814955234528
3889062400.0,-0.06806757301092148
3889999872.0,-0.06887011975049973
3890937600.0,-0.06819809973239899
3891875072.0,-0.06845563650131226
3892812544.0,-0.06879780441522598
3893750016.0,-0.07041480392217636
3894687488.0,-0.07319697737693787
3895624960.0,-0.07489590346813202
3896562432.0,-0.076947882771492
3897499904.0,-0.07803872972726822
3898437376.0,-0.08166196197271347
3899375104.0,-0.08520883321762085
3900312576.0,-0.08854511380195618
3901250048.0,-0.09280162304639816
3902187520.0,-0.09817197918891907
3903124992.0,-0.10178051888942719
3904062464.0,-0.10621854662895203
3904999936.0,-0.11044501513242722
3905937408.0,-0.11544486880302429
3906874880.0,-0.1321859061717987
3907812608.0,-0.13967956602573395
3908750080.0,-0.14497970044612885
3909687552.0,-0.14922145009040833
3910625024.0,-0.15117377042770386
3911562496.0,-0.15171734988689423
3912499968.0,-0.1495295763015747
3913437440.0,-0.14459846913814545
3914374912.0,-0.13911718130111694
3915312384.0,-0.1304103285074234
3916250112.0,-0.12049144506454468
3917187584.0,-0.10853490233421326
3918125056.0,-0.09633278846740723
3919062528.0,-0.08317316323518753
3920000000.0,-0.06691817939281464
3920937472.0,-0.051177527755498886
3921874944.0,-0.035188693553209305
3922812416.0,-0.017675846815109253
3923749888.0,-0.0016495280433446169
3924687616.0,0.013466283679008484
3925625088.0,0.02804979868233204
3926562560.0,0.0410749614238739
3927500032.0,0.054580457508563995
3928437504.0,0.06611648201942444
3929374976.0,0.07432666420936584
3930312448.0,0.08133164793252945
3931249920.0,0.08628252893686295
3932187392.0,0.0896347388625145
3933125120.0,0.09003984183073044
3934062592.0,0.08835703134536743
3935000064.0,0.08535491675138474
3935937536.0,0.08146561682224274
3936875008.0,0.07649245858192444
3937812480.0,0.06908990442752838
3938749952.0,0.061728335916996
3939687424.0,0.052652694284915924
3940624896.0,0.043960344046354294
3941562624.0,0.035304635763168335
3942500096.0,0.026970354840159416
3943437568.0,0.01768869161605835
3944375040.0,0.009065277874469757
3945312512.0,0.0017937179654836655
3946249984.0,-0.005296473857015371
3947187456.0,-0.012290711514651775
3948124928.0,-0.018175840377807617
3949062400.0,-0.022699536755681038
3950000128.0,-0.027004307135939598
3950937600.0,-0.030533570796251297
3951875072.0,-0.03342117741703987
3952812544.0,-0.03575218841433525
3953750016.0,-0.037383075803518295
3954687488.0,-0.0392027422785759
3955624960.0,-0.04035014659166336
3956562432.0,-0.041271060705184937
3957499904.0,-0.04296492785215378
3958437376.0,-0.04554286599159241
3959375104.0,-0.04629935324192047
3960312576.0,-0.04695522040128708
3961250048.0,-0.04759616777300835
3962187520.0,-0.04983740299940109
3963124992.0,-0.05347641184926033
3964062464.0,-0.058257825672626495
3964999936.0,-0.06396768987178802
3965937408.0,-0.06916417181491852
3966874880.0,-0.08284254372119904
3967812608.0,-0.09668061137199402
3968750080.0,-0.10992025583982468
3969687552.0,-0.12420213967561722
3970625024.0,-0.13749122619628906
3971562496.0,-0.14958696067333221
3972499968.0,-0.16195309162139893
3973437440.0,-0.17356988787651062
3974374912.0,-0.18437254428863525
3975312384.0,-0.19235067069530487
3976250112.0,-0.19940337538719177
3977187584.0,-0.20530419051647186
3978125056.0,-0.20802263915538788
3979062528.0,-0.2106209695339203
3980000000.0,-0.20919395983219147
3980937472.0,-0.2073720246553421
3981874944.0,-0.2035170942544937
3982812416.0,-0.19948115944862366
3983749888.0,-0.19342640042304993
3984687616.0,-0.18589644134044647
3985625088.0,-0.17699402570724487
3986562560.0,-0.16653409600257874
3987500032.0,-0.15695792436599731
3988437504.0,-0.14562685787677765
3989374976.0,-0.13380737602710724
3990312448.0,-0.12171093374490738
3991249920.0,-0.10981735587120056
3992187392.0,-0.09800365567207336
3993125120.0,-0.0861981213092804
3994062592.0,-0.07594212889671326
3995000064.0,-0.06559501588344574
3995937536.0,-0.05743895098567009
3996875008.0,-0.0483676977455616
3997812480.0,-0.04180114343762398
3998749952.0,-0.03667791560292244
3999687424.0,-0.03162715956568718
4000624896.0,-0.037514813244342804
4001562624.0,-0.035013049840927124
4002500096.0,-0.03452097997069359
4003437568.0,-0.034630585461854935
4004375040.0,-0.036000777035951614
4005312512.0,-0.03966555371880531
4006249984.0,-0.04320201650261879
4007187456.0,-0.048813752830028534
4008124928.0,-0.05496833845973015
4009062400.0,-0.06200239062309265
4009999872.0,-0.0699622854590416
4010937600.0,-0.07697676867246628
4011875072.0,-0.08460550010204315
4012812544.0,-0.09308146685361862
4013750016.0,-0.10155776143074036
4014687488.0,-0.10905630141496658
4015624960.0,-0.11660148948431015
4016562432.0,-0.12459851056337357
4017499904.0,-0.13168586790561676
4018437376.0,-0.13958770036697388
4019375104.0,-0.14425942301750183
4020312576.0,-0.15113885700702667
4021250048.0,-0.15632577240467072
4022187520.0,-0.1615380048751831
4023124992.0,-0.1652882993221283
4024062464.0,-0.1692788451910019
4024999936.0,-0.17267638444900513
4025937408.0,-0.17649565637111664
4026874880.0,-0.16914483904838562
4027812608.0,-0.17574194073677063
4028750080.0,-0.18175914883613586
4029687552.0,-0.18795230984687805
4030625024.0,-0.19340531527996063
4031562496.0,-0.19779647886753082
4032499968.0,-0.201630100607872
4033437440.0,-0.2044689804315567
4034374912.0,-0.20597419142723083
4035312384.0,-0.20644031465053558
4036250112.0,-0.2065705955028534
4037187584.0,-0.20496892929077148
4038125056.0,-0.2019508332014084
4039062528.0,-0.19822563230991364
4040000000.0,-0.19235476851463318
4040937472.0,-0.1864866316318512
4041874944.0,-0.18082022666931152
4042812416.0,-0.1734474003314972
4043749888.0,-0.1651841551065445
4044687616.0,-0.1554318517446518
4045625088.0,-0.14477293193340302
4046562560.0,-0.1335279792547226
4047500032.0,-0.120328888297081
4048437504.0,-0.10802080482244492
4049374976.0,-0.09427395462989807
4050312448.0,-0.08102621138095856
4051249920.0,-0.06714735180139542
4052187392.0,-0.05285000056028366
4053125120.0,-0.039060819894075394
4054062592.0,-0.02620202675461769
4055000064.0,-0.014079240150749683
4055937536.0,-0.0024396879598498344
4056875008.0,0.008077327162027359
4057812480.0,0.016668425872921944
4058749952.0,0.02523380145430565
4059687424.0,0.03057202510535717
4060624896.0,0.03432358056306839
4061562624.0,0.03724811598658562
4062500096.0,0.039001476019620895
4063437568.0,0.037589702755212784
4064375040.0,0.03527223691344261
4065312512.0,0.031061528250575066
4066249984.0,0.0251444224268198
4067187456.0,0.01802598312497139
4068124928.0,0.009183493442833424
4069062400.0,-0.0013134028995409608
4070000128.0,-0.011281099170446396
4070937600.0,-0.023038292303681374
4071875072.0,-0.033806223422288895
4072812544.0,-0.047575876116752625
4073750016.0,-0.060322608798742294
4074687488.0,-0.07346976548433304
4075624960.0,-0.08597883582115173
4076562432.0,-0.09837391972541809
4077499904.0,-0.11061323434114456
4078437376.0,-0.12246198207139969
4079375104.0,-0.1329902857542038
4080312576.0,-0.14224767684936523
4081250048.0,-0.15084868669509888
4082187520.0,-0.15865935385227203
4083124992.0,-0.16510610282421112
4084062464.0,-0.16999976336956024
4084999936.0,-0.17282633483409882
4085937408.0,-0.17546655237674713
4086874880.0,-0.1581687331199646
4087812608.0,-0.15747907757759094
4088750080.0,-0.15593402087688446
4089687552.0,-0.15417036414146423
4090625024.0,-0.15150998532772064
4091562496.0,-0.14734742045402527
4092499968.0,-0.14279714226722717
4093437440.0,-0.1374887377023697
4094374912.0,-0.13164325058460236
4095312384.0,-0.12627173960208893
4096250112.0,-0.12077100574970245
4097187584.0,-0.11453789472579956
4098125056.0,-0.10747084766626358
4099062528.0,-0.10218285024166107
4100000000.0,-0.09591469168663025
4100937472.0,-0.08925727009773254
4101874944.0,-0.08374668657779694
4102812416.0,-0.07768140733242035
4103749888.0,-0.07202846556901932
4104687616.0,-0.06696128845214844
4105625088.0,-0.061446595937013626
4106562560.0,-0.05613381043076515
4107500032.0,-0.052442871034145355
4108437504.0,-0.047399841248989105
4109374976.0,-0.04268431290984154
4110312448.0,-0.03972513601183891
4111249920.0,-0.036034226417541504
4112187392.0,-0.03312176465988159
4113125120.0,-0.0306534506380558
4114062592.0,-0.028352145105600357
4115000064.0,-0.02813982404768467
4115937536.0,-0.02655910886824131
4116875008.0,-0.026493528857827187
4117812480.0,-0.02531818300485611
4118749952.0,-0.026193561032414436
4119687424.0,-0.02651747316122055
4120624896.0,-0.02729753963649273
4121562624.0,-0.02779255621135235
4122500096.0,-0.02838226780295372
4123437568.0,-0.02923567406833172
4124375040.0,-0.029619401320815086
4125312512.0,-0.03235064819455147
4126249984.0,-0.03368385508656502
4127187456.0,-0.03590874746441841
4128124928.0,-0.03837820515036583
4129062400.0,-0.042016394436359406
4129999872.0,-0.04480678215622902
4130937600.0,-0.048584140837192535
4131875072.0,-0.054621707648038864
4132812544.0,-0.0589403435587883
4133750016.0,-0.06476014107465744
4134687488.0,-0.07092814147472382
4135624960.0,-0.07883035391569138
4136562432.0,-0.08510897308588028
4137499904.0,-0.09238722175359726
4138437376.0,-0.10058056563138962
4139375104.0,-0.10858575999736786
4140312576.0,-0.11780111491680145
4141250048.0,-0.12679223716259003
4142187520.0,-0.13470442593097687
4143124992.0,-0.14496096968650818
4144062464.0,-0.15318968892097473
4144999936.0,-0.16098463535308838
4145937408.0,-0.1714124083518982
4146874880.0,-0.1903759241104126
4147812608.0,-0.19801554083824158
4148750080.0,-0.2032185047864914
4149687552.0,-0.20625242590904236
4150625024.0,-0.20758309960365295
4151562496.0,-0.2070838361978531
4152499968.0,-0.20416906476020813
4153437440.0,-0.20005783438682556
4154374912.0,-0.19384442269802094
4155312384.0,-0.18751728534698486
4156250112.0,-0.1783677637577057
4157187584.0,-0.16952495276927948
4158125056.0,-0.15866082906723022
4159062528.0,-0.14748696982860565
4160000000.0,-0.13564381003379822
4160937472.0,-0.12340620160102844
4161874944.0,-0.11178009957075119
4162812416.0,-0.09918206185102463
4163749888.0,-0.08660393953323364
4164687616.0,-0.0745772272348404
4165625088.0,-0.06345853209495544
4166562560.0,-0.05298001691699028
4167500032.0,-0.04280906915664673
4168437504.0,-0.0325353741645813
4169374976.0,-0.02390330657362938
4170312448.0,-0.016494058072566986
4171249920.0,-0.009699644520878792
4172187392.0,-0.003999680746346712
4173125120.0,0.002192804357036948
4174062592.0,0.007101853843778372
4175000064.0,0.011064964346587658
4175937536.0,0.014307449571788311
4176875008.0,0.018604112789034843
4177812480.0,0.02094808779656887
4178749952.0,0.022980310022830963
4179687424.0,0.024599403142929077
4180624896.0,0.026000719517469406
4181562624.0,0.026767536997795105
4182500096.0,0.026289142668247223
4183437568.0,0.02566424198448658
4184375040.0,0.02545594982802868
4185312512.0,0.02233598753809929
4186249984.0,0.020288407802581787
4187187456.0,0.017424097284674644
4188124928.0,0.013272983953356743
4189062400.0,0.00893320795148611
4190000128.0,0.004945037886500359
4190937600.0,-0.0005666037905029953
4191875072.0,-0.007632693275809288
4192812544.0,-0.01440819725394249
4193750016.0,-0.021616090089082718
4194687488.0,-0.030178654938936234
4195624960.0,-0.03849275782704353
4196562432.0,-0.04839335009455681
4197499904.0,-0.0583285391330719
4198437376.0,-0.06825878471136093
4199375104.0,-0.08021081984043121
4200312576.0,-0.09286640584468842
4201250048.0,-0.10535883903503418
4202187520.0,-0.11672531813383102
4203124992.0,-0.12796923518180847
4204062464.0,-0.13899102807044983
4204999936.0,-0.15147282183170319
4205937408.0,-0.16239003837108612
4206874880.0,-0.16523365676403046
4207812608.0,-0.17694692313671112
4208750080.0,-0.1883961707353592
4209687552.0,-0.20057782530784607
4210625024.0,-0.21211721003055573
4211562496.0,-0.2214493751525879
4212499968.0,-0.23117566108703613
4213437440.0,-0.23781439661979675
4214374912.0,-0.24400927126407623
4215312384.0,-0.24820838868618011
4216250112.0,-0.24971435964107513
4217187584.0,-0.24895048141479492
4218125056.0,-0.24557669460773468
4219062528.0,-0.24097508192062378
4220000000.0,-0.23245389759540558
4220937472.0,-0.22337806224822998
4221874944.0,-0.2109416276216507
4222812416.0,-0.19775164127349854
4223749888.0,-0.1805454045534134
4224687616.0,-0.16204164922237396
4225625088.0,-0.1426207721233368
4226562560.0,-0.12245215475559235
4227500032.0,-0.10052728652954102
4228437504.0,-0.07828810811042786
4229374976.0,-0.05605999380350113
4230312448.0,-0.033386506140232086
4231249920.0,-0.011158565059304237
4232187392.0,0.010634073056280613
4233125120.0,0.03144322335720062
4234062592.0,0.050601061433553696
4235000064.0,0.06825195252895355
4235937536.0,0.08360578864812851
4236875008.0,0.09745021164417267
4237812480.0,0.10904170572757721
4238749952.0,0.1183885708451271
4239687424.0,0.1250421106815338
4240624896.0,0.12889696657657623
4241562624.0,0.1306278258562088
4242500096.0,0.1292199045419693
4243437568.0,0.12590233981609344
4244375040.0,0.11999325454235077
4245312512.0,0.11210647970438004
4246249984.0,0.1021278128027916
4247187456.0,0.09012842923402786
4248124928.0,0.07692047208547592
4249062400.0,0.06291577965021133
4249999872.0,0.046404775232076645
4250937600.0,0.029616493731737137
4251875072.0,0.011880037374794483
4252812544.0,-0.006410328671336174
4253750016.0,-0.025074750185012817
4254687488.0,-0.04304610565304756
4255624960.0,-0.061855949461460114
4256562432.0,-0.07816307991743088
4257499904.0,-0.09770224988460541
4258437376.0,-0.11313001811504364
4259375104.0,-0.13155120611190796
4260312576.0,-0.1469031125307083
4261250048.0,-0.16189271211624146
4262187520.0,-0.17607176303863525
4263124992.0,-0.19118112325668335
4264062464.0,-0.20440417528152466
4264999936.0,-0.21781817078590393
4265937408.0,-0.23033255338668823
4266874880.0,-0.24152450263500214
4267812608.0,-0.2454642355442047
4268750080.0,-0.25062477588653564
4269687552.0,-0.2545262277126312
4270625024.0,-0.2590508759021759
4271562496.0,-0.26299992203712463
4272499968.0,-0.26745691895484924
4273437440.0,-0.2711651027202606
4274374912.0,-0.2730313837528229
4275312384.0,-0.2742973268032074
4276250112.0,-0.2748788893222809
4277187584.0,-0.2725467085838318
4278125056.0,-0.2692146301269531
4279062528.0,-0.2647338807582855
4280000000.0,-0.2572095990180969
4280937472.0,-0.2477000504732132
4281874944.0,-0.23613344132900238
4282812416.0,-0.22364003956317902
4283749888.0,-0.21032921969890594
4284687616.0,-0.1949918270111084
4285625088.0,-0.1775970458984375
4286562560.0,-0.1593157947063446
4287500032.0,-0.13893923163414001
4288437504.0,-0.1169845312833786
4289374976.0,-0.09514851868152618
4290312448.0,-0.07062511891126633
4291249920.0,-0.047033149749040604
4292187392.0,-0.023655347526073456
4293125120.0,-0.0005184971378184855
4294062592.0,0.022045621648430824
4295000064.0,0.04422291740775108
4295937536.0,0.06552699208259583
4296875008.0,0.08545063436031342
4297812480.0,0.10440412163734436
4298749952.0,0.12062894552946091
4299687424.0,0.13597248494625092
4300624896.0,0.14918243885040283
4301562368.0,0.15952371060848236
4302499840.0,0.1683199107646942
4303437312.0,0.17461247742176056
4304374784.0,0.17693746089935303
4305312256.0,0.17720115184783936
4306250240.0,0.17419302463531494
4307187712.0,0.16803543269634247
4308125184.0,0.15963147580623627
4309062656.0,0.14775685966014862
4310000128.0,0.1324976235628128
4310937600.0,0.11454596370458603
4311875072.0,0.09490551054477692
4312812544.0,0.07175329327583313
4313750016.0,0.04796141758561134
4314687488.0,0.021728593856096268
4315624960.0,-0.006012368947267532
4316562432.0,-0.034868497401475906
4317499904.0,-0.06455390155315399
4318437376.0,-0.09491143375635147
4319374848.0,-0.12564197182655334
4320312320.0,-0.15529440343379974
4321249792.0,-0.18423108756542206
4322187264.0,-0.2123609185218811
4323125248.0,-0.2392730563879013
4324062720.0,-0.2631228268146515
4325000192.0,-0.28533339500427246
4325937664.0,-0.3053690791130066
4326875136.0,-0.339080810546875
4327812608.0,-0.33362460136413574
4328750080.0,-0.32700827717781067
4329687552.0,-0.32002872228622437
4330625024.0,-0.31212863326072693
4331562496.0,-0.3029230237007141
4332499968.0,-0.2943681478500366
4333437440.0,-0.28600338101387024
4334374912.0,-0.27723586559295654
4335312384.0,-0.2686985731124878
4336249856.0,-0.2614688575267792
4337187328.0,-0.25434187054634094
4338124800.0,-0.2475764900445938
4339062272.0,-0.24177083373069763
4339999744.0,-0.23615920543670654
4340937728.0,-0.23107747733592987
4341875200.0,-0.2257697880268097
4342812672.0,-0.22014985978603363
4343750144.0,-0.21474957466125488
4344687616.0,-0.2097531259059906
4345625088.0,-0.2032037079334259
4346562560.0,-0.1970248967409134
4347500032.0,-0.1891210675239563
4348437504.0,-0.1819663792848587
4349374976.0,-0.17255128920078278
4350312448.0,-0.16348862648010254
4351249920.0,-0.15079519152641296
4352187392.0,-0.1376950740814209
4353124864.0,-0.12450579553842545
4354062336.0,-0.1081593707203865
4354999808.0,-0.09197517484426498
4355937280.0,-0.07559151947498322
4356874752.0,-0.057777222245931625
4357812736.0,-0.04157952219247818
4358750208.0,-0.02639922872185707
4359687680.0,-0.015322770923376083
4360625152.0,-0.006970439106225967
4361562624.0,-0.0009334959322586656
4362500096.0,0.001969217089936137
4363437568.0,0.004490385763347149
4364375040.0,0.005727208685129881
4365312512.0,0.006166196893900633
4366249984.0,0.006159307435154915
4367187456.0,0.005533119197934866
4368124928.0,0.0054124086163938046
4369062400.0,0.003038537921383977
4369999872.0,0.0008069112082011998
4370937344.0,-0.0015960148302838206
4371874816.0,-0.00416046567261219
4372812288.0,-0.009846270084381104
4373749760.0,-0.014948620460927486
4374687744.0,-0.022671034559607506
4375625216.0,-0.03106977790594101
4376562688.0,-0.041104305535554886
4377500160.0,-0.05272220820188522
4378437632.0,-0.06576155126094818
4379375104.0,-0.08248569816350937
4380312576.0,-0.10025912523269653
4381250048.0,-0.12010341137647629
4382187520.0,-0.14109081029891968
4383124992.0,-0.1642204225063324
4384062464.0,-0.18684221804141998
4384999936.0,-0.21167096495628357
4385937408.0,-0.23547254502773285
4386874880.0,-0.3289942741394043
4387812352.0,-0.34255826473236084
4388749824.0,-0.3562437891960144
4389687296.0,-0.3669334650039673
4390624768.0,-0.37542739510536194
4391562752.0,-0.38054928183555603
4392500224.0,-0.3835037648677826
4393437696.0,-0.38047319650650024
4394375168.0,-0.37697160243988037
4395312640.0,-0.36841079592704773
4396250112.0,-0.3586011230945587
4397187584.0,-0.3433697819709778
4398125056.0,-0.3263215124607086
4399062528.0,-0.30580177903175354
4400000000.0,-0.281898558139801
4400937472.0,-0.25762149691581726
4401874944.0,-0.22977451980113983
4402812416.0,-0.20090654492378235
4403749888.0,-0.17038016021251678
4404687360.0,-0.13800197839736938
4405624832.0,-0.10655465722084045
4406562304.0,-0.07436525821685791
4407499776.0,-0.04171929880976677
4408437248.0,-0.00994039699435234
4409375232.0,0.020197048783302307
4410312704.0,0.048290740698575974
4411250176.0,0.07522959262132645
4412187648.0,0.09946618974208832
4413125120.0,0.12180252373218536
4414062592.0,0.14081139862537384
4415000064.0,0.1580001562833786
4415937536.0,0.17079056799411774
4416875008.0,0.18100512027740479
4417812480.0,0.18919901549816132
4418749952.0,0.19343388080596924
4419687424.0,0.19269515573978424
4420624896.0,0.18976132571697235
4421562368.0,0.18335771560668945
4422499840.0,0.17399348318576813
4423437312.0,0.16103893518447876
4424374784.0,0.14613476395606995
4425312256.0,0.1284390240907669
4426250240.0,0.10800269991159439
4427187712.0,0.08603741228580475
4428125184.0,0.061119984835386276
4429062656.0,0.035569239407777786
4430000128.0,0.008995138108730316
4430937600.0,-0.017638491466641426
4431875072.0,-0.044235505163669586
4432812544.0,-0.07084517925977707
4433750016.0,-0.09719006717205048
4434687488.0,-0.12138111889362335
4435624960.0,-0.14586137235164642
4436562432.0,-0.16782784461975098
4437499904.0,-0.1876419335603714
4438437376.0,-0.2058180421590805
4439374848.0,-0.22136148810386658
4440312320.0,-0.23462338745594025
4441249792.0,-0.2445221245288849
4442187264.0,-0.25329309701919556
4443125248.0,-0.2590004503726959
4444062720.0,-0.26310163736343384
4445000192.0,-0.26424354314804077
4445937664.0,-0.26397430896759033
4446875136.0,-0.20677819848060608
4447812608.0,-0.2116394340991974
4448750080.0,-0.21295322477817535
4449687552.0,-0.21363985538482666
4450625024.0,-0.21047288179397583
4451562496.0,-0.20397303998470306
4452499968.0,-0.19522500038146973
4453437440.0,-0.18420255184173584
4454374912.0,-0.17043739557266235
4455312384.0,-0.154283344745636
4456249856.0,-0.13544707000255585
4457187328.0,-0.11522190272808075
4458124800.0,-0.09430543333292007
4459062272.0,-0.07350099831819534
4460000256.0,-0.05158115178346634
4460937728.0,-0.0293879471719265
4461875200.0,-0.0066117458045482635
4462812672.0,0.014567682519555092
4463750144.0,0.03535880893468857
4464687616.0,0.05424291267991066
4465625088.0,0.07131848484277725
4466562560.0,0.08545612543821335
4467500032.0,0.09851932525634766
4468437504.0,0.108678437769413
4469374976.0,0.11608235538005829
4470312448.0,0.12063808739185333
4471249920.0,0.12237771600484848
4472187392.0,0.12125972658395767
4473124864.0,0.11678911000490189
4474062336.0,0.11014045774936676
4474999808.0,0.10036008805036545
4475937280.0,0.0878339484333992
4476874752.0,0.07194408029317856
4477812736.0,0.054196037352085114
4478750208.0,0.03388001397252083
4479687680.0,0.011961318552494049
4480625152.0,-0.011381702497601509
4481562624.0,-0.036767274141311646
4482500096.0,-0.06361985206604004
4483437568.0,-0.09118593484163284
4484375040.0,-0.11921129375696182
4485312512.0,-0.14744682610034943
4486249984.0,-0.17589086294174194
4487187456.0,-0.20362117886543274
4488124928.0,-0.2314917892217636
4489062400.0,-0.2565467655658722
4489999872.0,-0.28092965483665466
4490937344.0,-0.3042354881763458
4491874816.0,-0.32419294118881226
4492812288.0,-0.3415559232234955
4493749760.0,-0.3580682575702667
4494687744.0,-0.37174883484840393
4495625216.0,-0.3831191658973694
4496562688.0,-0.3924125134944916
4497500160.0,-0.3981207013130188
4498437632.0,-0.40395548939704895
4499375104.0,-0.4069730341434479
4500312576.0,-0.4078129827976227
4501250048.0,-0.40789592266082764
4502187520.0,-0.40584713220596313
4503124992.0,-0.40336254239082336
4504062464.0,-0.40020763874053955
4504999936.0,-0.39574959874153137
4505937408.0,-0.3924510180950165
4506874880.0,-0.27231311798095703
4507812352.0,-0.2700132429599762
4508749824.0,-0.2671786844730377
4509687296.0,-0.26668885350227356
4510624768.0,-0.26591742038726807
4511562752.0,-0.26587191224098206
4512500224.0,-0.2657563388347626
4513437696.0,-0.2675646245479584
4514375168.0,-0.2706157863140106
4515312640.0,-0.2748161554336548
4516250112.0,-0.2797027826309204
4517187584.0,-0.28529322147369385
4518125056.0,-0.29179561138153076
4519062528.0,-0.29905250668525696
4520000000.0,-0.3068108558654785
4520937472.0,-0.315372109413147
4521874944.0,-0.3235052525997162
4522812416.0,-0.332833856344223
4523749888.0,-0.3421882092952728
4524687360.0,-0.35165512561798096
4525624832.0,-0.36166611313819885
4526562304.0,-0.3710227906703949
4527499776.0,-0.37916073203086853
4528437248.0,-0.38812828063964844
4529375232.0,-0.39575040340423584
4530312704.0,-0.40424543619155884
4531250176.0,-0.4123588800430298
4532187648.0,-0.4195481240749359
4533125120.0,-0.42531025409698486
4534062592.0,-0.43177762627601624
4535000064.0,-0.43619802594184875
4535937536.0,-0.44101861119270325
4536875008.0,-0.44427141547203064
4537812480.0,-0.4471641480922699
4538749952.0,-0.4499965310096741
4539687424.0,-0.4512591063976288
4540624896.0,-0.4530121982097626
4541562368.0,-0.4532041847705841
4542499840.0,-0.45277753472328186
4543437312.0,-0.45164522528648376
4544374784.0,-0.4499813914299011
4545312256.0,-0.44849878549575806
4546250240.0,-0.4450877606868744
4547187712.0,-0.4422120451927185
4548125184.0,-0.43992701172828674
4549062656.0,-0.4376257359981537
4550000128.0,-0.4356778860092163
4550937600.0,-0.4322390854358673
4551875072.0,-0.4318791925907135
4552812544.0,-0.42885300517082214
4553750016.0,-0.4277213215827942
4554687488.0,-0.426298588514328
4555624960.0,-0.424790620803833
4556562432.0,-0.42356982827186584
4557499904.0,-0.4216049015522003
4558437376.0,-0.42026612162590027
4559374848.0,-0.41960033774375916
4560312320.0,-0.41830572485923767
4561249792.0,-0.4172042906284332
4562187264.0,-0.4154905080795288
4563125248.0,-0.41390547156333923
4564062720.0,-0.41235610842704773
4565000192.0,-0.41147664189338684
4565937664.0,-0.40932515263557434
4566875136.0,-0.3628365993499756
4567812608.0,-0.36989301443099976
4568750080.0,-0.3737087547779083
4569687552.0,-0.3765421509742737
4570625024.0,-0.3773004114627838
4571562496.0,-0.37699609994888306
4572499968.0,-0.3744983971118927
4573437440.0,-0.36895933747291565
4574374912.0,-0.36168238520622253
4575312384.0,-0.3520708978176117
4576249856.0,-0.34046006202697754
4577187328.0,-0.3264015018939972
4578124800.0,-0.3122650980949402
4579062272.0,-0.29492080211639404
4579999744.0,-0.2761572599411011
4580937728.0,-0.25614461302757263
4581875200.0,-0.2356128990650177
4582812672.0,-0.2141827493906021
4583750144.0,-0.1927357017993927
4584687616.0,-0.170828714966774
4585625088.0,-0.14802898466587067
4586562560.0,-0.12571056187152863
4587500032.0,-0.10450698435306549
4588437504.0,-0.08315937966108322
4589374976.0,-0.06358280777931213
4590312448.0,-0.04539227485656738
4591249920.0,-0.02792367711663246
4592187392.0,-0.012934353202581406
4593124864.0,0.0007121195085346699
4594062336.0,0.011231544427573681
4594999808.0,0.02083464339375496
4595937280.0,0.025816721841692924
4596874752.0,0.029201999306678772
4597812736.0,0.0300483088940382
4598750208.0,0.02784067764878273
4599687680.0,0.022109515964984894
4600625152.0,0.014851723797619343
4601562624.0,0.0044930861331522465
4602500096.0,-0.007473902776837349
4603437568.0,-0.02216103859245777
4604375040.0,-0.038912005722522736
4605312512.0,-0.057007383555173874
4606249984.0,-0.07847654074430466
4607187456.0,-0.0990767627954483
4608124928.0,-0.12242985516786575
4609062400.0,-0.14523814618587494
4609999872.0,-0.16776354610919952
4610937344.0,-0.19186511635780334
4611874816.0,-0.2140009105205536
4612812288.0,-0.23669813573360443
4613749760.0,-0.2584160268306732
4614687744.0,-0.2800911068916321
4615625216.0,-0.29917415976524353
4616562688.0,-0.31835463643074036
4617500160.0,-0.33527401089668274
4618437632.0,-0.35023200511932373
4619375104.0,-0.3662005066871643
4620312576.0,-0.3790210485458374
4621250048.0,-0.39112594723701477
4622187520.0,-0.40192562341690063
4623124992.0,-0.41244250535964966
4624062464.0,-0.4228374660015106
4624999936.0,-0.43190351128578186
4625937408.0,-0.4405234754085541
4626874880.0,-0.4536324739456177
4627812352.0,-0.44811537861824036
4628749824.0,-0.44118455052375793
4629687296.0,-0.43341466784477234
4630624768.0,-0.4250991940498352
4631562752.0,-0.4146428108215332
4632500224.0,-0.4048149883747101
4633437696.0,-0.3941067159175873
4634375168.0,-0.38234856724739075
4635312640.0,-0.37269115447998047
4636250112.0,-0.3631623685359955
4637187584.0,-0.3533165454864502
4638125056.0,-0.3442224860191345
4639062528.0,-0.3359648287296295
4640000000.0,-0.32824644446372986
4640937472.0,-0.32112792134284973
4641874944.0,-0.3159162104129791
4642812416.0,-0.3111391067504883
4643749888.0,-0.3056454658508301
4644687360.0,-0.302950382232666
4645624832.0,-0.3010154068470001
4646562304.0,-0.30091995000839233
4647499776.0,-0.30141544342041016
4648437248.0,-0.30350056290626526
4649375232.0,-0.3064919412136078
4650312704.0,-0.3103218674659729
4651250176.0,-0.3144150376319885
4652187648.0,-0.3196197748184204
4653125120.0,-0.32633334398269653
4654062592.0,-0.3338117301464081
4655000064.0,-0.34123939275741577
4655937536.0,-0.34986448287963867
4656875008.0,-0.36026525497436523
4657812480.0,-0.37126484513282776
4658749952.0,-0.3826088309288025
4659687424.0,-0.3941808342933655
4660624896.0,-0.40665820240974426
4661562368.0,-0.41990160942077637
4662499840.0,-0.43309083580970764
4663437312.0,-0.44564807415008545
4664374784.0,-0.45871198177337646
4665312256.0,-0.47262004017829895
4666250240.0,-0.48670366406440735
4667187712.0,-0.5007081627845764
4668125184.0,-0.5152214169502258
4669062656.0,-0.529257595539093
4670000128.0,-0.5432631969451904
4670937600.0,-0.557916522026062
4671875072.0,-0.5723253488540649
4672812544.0,-0.5873579382896423
4673750016.0,-0.6007336974143982
4674687488.0,-0.6134181022644043
4675624960.0,-0.6253795623779297
4676562432.0,-0.6375091075897217
4677499904.0,-0.6500709652900696
4678437376.0,-0.6593193411827087
4679374848.0,-0.6694704294204712
4680312320.0,-0.6775643825531006
4681249792.0,-0.6858890652656555
4682187264.0,-0.6908465027809143
4683125248.0,-0.6946274638175964
4684062720.0,-0.6970444321632385
4685000192.0,-0.6980120539665222
4685937664.0,-0.6983627080917358
4686875136.0,-0.6743555068969727
4687812608.0,-0.6741610169410706
4688750080.0,-0.6713752150535583
4689687552.0,-0.6656590700149536
4690625024.0,-0.6569358110427856
4691562496.0,-0.6449398994445801
4692499968.0,-0.6322718262672424
4693437440.0,-0.615680992603302
4694374912.0,-0.5977529883384705
4695312384.0,-0.5777853727340698
4696249856.0,-0.55582195520401
4697187328.0,-0.5334528088569641
4698124800.0,-0.509486973285675
4699062272.0,-0.48645561933517456
4700000256.0,-0.4623883068561554
4700937728.0,-0.43933483958244324
4701875200.0,-0.4171132445335388
4702812672.0,-0.39757469296455383
4703750144.0,-0.38121506571769714
4704687616.0,-0.36605527997016907
4705625088.0,-0.354477196931839
4706562560.0,-0.347093403339386
4707500032.0,-0.3429175019264221
4708437504.0,-0.3427368700504303
4709374976.0,-0.34745728969573975
4710312448.0,-0.35558608174324036
4711249920.0,-0.3684905171394348
4712187392.0,-0.38754385709762573
4713124864.0,-0.4097434878349304
4714062336.0,-0.43763402104377747
4714999808.0,-0.4703208804130554
4715937280.0,-0.5069487690925598
4716874752.0,-0.5459531545639038
4717812736.0,-0.5897892117500305
4718750208.0,-0.6352552175521851
4719687680.0,-0.6825750470161438
4720625152.0,-0.7319602966308594
4721562624.0,-0.7815074920654297
4722500096.0,-0.8312843441963196
4723437568.0,-0.8787652254104614
4724375040.0,-0.9251705408096313
4725312512.0,-0.9684481024742126
4726249984.0,-1.0092381238937378
4727187456.0,-1.0455790758132935
4728124928.0,-1.0761946439743042
4729062400.0,-1.1035860776901245
4729999872.0,-1.1262537240982056
4730937344.0,-1.1439963579177856
4731874816.0,-1.157646656036377
4732812288.0,-1.1670408248901367
4733749760.0,-1.1728085279464722
4734687744.0,-1.176804542541504
4735625216.0,-1.1760040521621704
4736562688.0,-1.1722875833511353
4737500160.0,-1.1674140691757202
4738437632.0,-1.1587169170379639
4739375104.0,-1.1480215787887573
4740312576.0,-1.1373611688613892
4741250048.0,-1.124436378479004
4742187520.0,-1.1096562147140503
4743124992.0,-1.0961118936538696
4744062464.0,-1.0814251899719238
4744999936.0,-1.0665209293365479
4745937408.0,-1.0512655973434448
4746874880.0,-0.808722198009491
4747812352.0,-0.814934492111206
4748749824.0,-0.8202213048934937
4749687296.0,-0.8267120122909546
4750624768.0,-0.8324577212333679
4751562752.0,-0.838112473487854
4752500224.0,-0.8435643911361694
4753437696.0,-0.8489145040512085
4754375168.0,-0.8531811237335205
4755312640.0,-0.8564109206199646
4756250112.0,-0.859184980392456
4757187584.0,-0.861711323261261
4758125056.0,-0.8627539873123169
4759062528.0,-0.862543523311615
4760000000.0,-0.8629040122032166
4760937472.0,-0.8616489768028259
4761874944.0,-0.8594598174095154
4762812416.0,-0.8561875820159912
4763749888.0,-0.8528153896331787
4764687360.0,-0.8485617637634277
4765624832.0,-0.8438577651977539
4766562304.0,-0.8381059765815735
4767499776.0,-0.8322423100471497
4768437248.0,-0.8257728815078735
4769375232.0,-0.8205223679542542
4770312704.0,-0.8147814869880676
4771250176.0,-0.8099175095558167
4772187648.0,-0.8058816194534302
4773125120.0,-0.801956295967102
4774062592.0,-0.7994261384010315
4775000064.0,-0.7976760864257812
4775937536.0,-0.7965367436408997
4776875008.0,-0.7981666922569275
4777812480.0,-0.8014087080955505
4778749952.0,-0.8049482703208923
4779687424.0,-0.8114237189292908
4780624896.0,-0.8184199333190918
4781562368.0,-0.82813960313797
4782499840.0,-0.8393933176994324
4783437312.0,-0.8527863025665283
4784374784.0,-0.8679720759391785
4785312256.0,-0.8856173753738403
4786250240.0,-0.905731737613678
4787187712.0,-0.9274929165840149
4788125184.0,-0.9496755599975586
4789062656.0,-0.9732193946838379
4790000128.0,-0.9990981817245483
4790937600.0,-1.0257854461669922
4791875072.0,-1.051988959312439
4792812544.0,-1.0809987783432007
4793750016.0,-1.108106017112732
4794687488.0,-1.1351712942123413
4795624960.0,-1.163926601409912
4796562432.0,-1.1907086372375488
4797499904.0,-1.2152403593063354
4798437376.0,-1.2402784824371338
4799374848.0,-1.264680027961731
4800312320.0,-1.2866908311843872
4801249792.0,-1.3077893257141113
4802187264.0,-1.32649564743042
4803125248.0,-1.3428844213485718
4804062720.0,-1.3570225238800049
4805000192.0,-1.369968056678772
4805937664.0,-1.379296898841858
4806875136.0,-1.2370203733444214
4807812608.0,-1.2404210567474365
4808750080.0,-1.243802547454834
4809687552.0,-1.2444548606872559
4810625024.0,-1.2439080476760864
4811562496.0,-1.2417773008346558
4812499968.0,-1.2393680810928345
4813437440.0,-1.236070990562439
4814374912.0,-1.231544017791748
4815312384.0,-1.2255043983459473
4816249856.0,-1.2211034297943115
4817187328.0,-1.214766025543213
4818124800.0,-1.20802640914917
4819062272.0,-1.200108289718628
4819999744.0,-1.1930533647537231
4820937728.0,-1.1888666152954102
4821875200.0,-1.183854103088379
4822812672.0,-1.1801538467407227
4823750144.0,-1.1769415140151978
4824687616.0,-1.1759324073791504
4825625088.0,-1.1770460605621338
4826562560.0,-1.1793310642242432
4827500032.0,-1.1822597980499268
4828437504.0,-1.186260461807251
4829374976.0,-1.1932884454727173
4830312448.0,-1.2027043104171753
4831249920.0,-1.2132108211517334
4832187392.0,-1.2264071702957153
4833124864.0,-1.2417840957641602
4834062336.0,-1.2585684061050415
4834999808.0,-1.277023434638977
4835937280.0,-1.296034336090088
4836874752.0,-1.3164950609207153
4837812736.0,-1.3381892442703247
4838750208.0,-1.3599141836166382
4839687680.0,-1.381919026374817
4840625152.0,-1.4053070545196533
4841562624.0,-1.4282984733581543
4842500096.0,-1.4513862133026123
4843437568.0,-1.4731336832046509
4844375040.0,-1.4937217235565186
4845312512.0,-1.513252854347229
4846249984.0,-1.532524824142456
4847187456.0,-1.5494813919067383
4848124928.0,-1.5653891563415527
4849062400.0,-1.580090880393982
4849999872.0,-1.5932893753051758
4850937344.0,-1.6058976650238037
4851874816.0,-1.6174105405807495
4852812288.0,-1.6257870197296143
4853749760.0,-1.6337168216705322
4854687744.0,-1.6397478580474854
4855625216.0,-1.6456650495529175
4856562688.0,-1.6494147777557373
4857500160.0,-1.6535898447036743
4858437632.0,-1.6566309928894043
4859375104.0,-1.6591854095458984
4860312576.0,-1.662346601486206
4861250048.0,-1.6660375595092773
4862187520.0,-1.6692485809326172
4863124992.0,-1.6727795600891113
4864062464.0,-1.6761280298233032
4864999936.0,-1.6794984340667725
4865937408.0,-1.6825894117355347
4866874880.0,-1.6659018993377686
4867812352.0,-1.6704468727111816
4868749824.0,-1.6751762628555298
4869687296.0,-1.6791973114013672
4870624768.0,-1.6843523979187012
4871562752.0,-1.6903311014175415
4872500224.0,-1.6969833374023438
4873437696.0,-1.7034852504730225
4874375168.0,-1.71109938621521
4875312640.0,-1.7193599939346313
4876250112.0,-1.727821707725525
4877187584.0,-1.7376152276992798
4878125056.0,-1.7488834857940674
4879062528.0,-1.7605023384094238
4880000000.0,-1.7722506523132324
4880937472.0,-1.78448486328125
4881874944.0,-1.7966277599334717
4882812416.0,-1.8103522062301636
4883749888.0,-1.822763204574585
4884687360.0,-1.8356287479400635
4885624832.0,-1.8481779098510742
4886562304.0,-1.8601250648498535
4887499776.0,-1.87088942527771
4888437248.0,-1.8802995681762695
4889375232.0,-1.8890036344528198
4890312704.0,-1.8939404487609863
4891250176.0,-1.8986716270446777
4892187648.0,-1.8984076976776123
4893125120.0,-1.8965481519699097
4894062592.0,-1.8905051946640015
4895000064.0,-1.883109450340271
4895937536.0,-1.871351718902588
4896875008.0,-1.8581737279891968
4897812480.0,-1.84134042263031
4898749952.0,-1.8230587244033813
4899687424.0,-1.8039823770523071
4900624896.0,-1.7810845375061035
4901562368.0,-1.75709068775177
4902499840.0,-1.732907772064209
4903437312.0,-1.70639169216156
4904374784.0,-1.6797239780426025
4905312256.0,-1.652146577835083
4906250240.0,-1.6261793375015259
4907187712.0,-1.600868582725525
4908125184.0,-1.574487328529358
4909062656.0,-1.5487924814224243
4910000128.0,-1.526045799255371
4910937600.0,-1.504406213760376
4911875072.0,-1.483310341835022
4912812544.0,-1.4641221761703491
4913750016.0,-1.4463659524917603
4914687488.0,-1.4313435554504395
4915624960.0,-1.4177279472351074
4916562432.0,-1.4076088666915894
4917499904.0,-1.4004716873168945
4918437376.0,-1.3952122926712036
4919374848.0,-1.392004132270813
4920312320.0,-1.391257405281067
4921249792.0,-1.391952633857727
4922187264.0,-1.3424713611602783
4923125248.0,-1.3304858207702637
4924062720.0,-1.3199219703674316
4925000192.0,-1.3113080263137817
4925937664.0,-1.4158350229263306
4926875136.0,-1.4227200746536255
4927812608.0,-1.429412841796875
4928750080.0,-1.4343500137329102
4929687552.0,-1.4384485483169556
4930625024.0,-1.4413762092590332
4931562496.0,-1.4427322149276733
4932499968.0,-1.4410773515701294
4933437440.0,-1.4374054670333862
4934374912.0,-1.4310541152954102
4935312384.0,-1.422858476638794
4936249856.0,-1.410677433013916
4937187328.0,-1.395888090133667
4938124800.0,-1.380464792251587
4939062272.0,-1.3608893156051636
4940000256.0,-1.3422296047210693
4940937728.0,-1.3210632801055908
4941875200.0,-1.2988718748092651
4942812672.0,-1.275314450263977
4943750144.0,-1.2515172958374023
4944687616.0,-1.2293446063995361
4945625088.0,-1.2052979469299316
4946562560.0,-1.182892084121704
4947500032.0,-1.1613287925720215
4948437504.0,-1.1413735151290894
4949374976.0,-1.1225656270980835
4950312448.0,-1.106614112854004
4951249920.0,-1.0927224159240723
4952187392.0,-1.0807595252990723
4953124864.0,-1.0714201927185059
4954062336.0,-1.0637911558151245
4954999808.0,-1.0573804378509521
4955937280.0,-1.0524693727493286
4956874752.0,-1.0487436056137085
4957812736.0,-1.046040415763855
4958750208.0,-1.044783353805542
4959687680.0,-1.0428475141525269
4960625152.0,-1.0391602516174316
4961562624.0,-1.0361672639846802
4962500096.0,-1.0330815315246582
4963437568.0,-1.02797269821167
4964375040.0,-1.0223143100738525
4965312512.0,-1.0151641368865967
4966249984.0,-1.0081746578216553
4967187456.0,-0.999784529209137
4968124928.0,-0.9923694133758545
4969062400.0,-0.9831759929656982
4969999872.0,-0.9733559489250183
4970937344.0,-0.9639180898666382
4971874816.0,-0.9529528021812439
4972812288.0,-0.9427149295806885
4973749760.0,-0.932111382484436
4974687744.0,-0.923102080821991
4975625216.0,-0.9149422645568848
4976562688.0,-0.9062187075614929
4977500160.0,-0.8997266292572021
4978437632.0,-0.8910895586013794
4979375104.0,-0.8831380605697632
4980312576.0,-0.876570999622345
4981250048.0,-0.8673670291900635
4982187520.0,-0.8590773940086365
4983124992.0,-0.851422131061554
4984062464.0,-0.8421395421028137
4984999936.0,-0.8339335322380066
4985937408.0,-0.8124092221260071
4986874880.0,-0.8022561073303223
4987812352.0,-0.7945795655250549
4988749824.0,-0.787926197052002
4989687296.0,-0.7812449336051941
4990624768.0,-0.7759228944778442
4991562752.0,-0.7729347944259644
4992500224.0,-0.7697107791900635
4993437696.0,-0.768371045589447
4994375168.0,-0.7679562568664551
4995312640.0,-0.7700932025909424
4996250112.0,-0.7727274298667908
4997187584.0,-0.7763511538505554
4998125056.0,-0.7816622257232666
4999062528.0,-0.7877494096755981
5000000000.0,-0.7937321066856384
5000937472.0,-0.8027442693710327
5001874944.0,-0.8093076348304749
5002812416.0,-0.8175213932991028
5003749888.0,-0.8260382413864136
5004687360.0,-0.8324539661407471
5005624832.0,-0.8393476009368896
5006562304.0,-0.8452965617179871
5007499776.0,-0.8505010604858398
5008437248.0,-0.8533280491828918
5009375232.0,-0.8541889786720276
5010312704.0,-0.8530598878860474
5011250176.0,-0.8500511050224304
5012187648.0,-0.8430363535881042
5013125120.0,-0.8346013426780701
5014062592.0,-0.823337197303772
5015000064.0,-0.8085218071937561
5015937536.0,-0.7930791974067688
5016875008.0,-0.7738602757453918
5017812480.0,-0.752254843711853
5018749952.0,-0.7275490164756775
5019687424.0,-0.7036164999008179
5020624896.0,-0.6748727560043335
5021562368.0,-0.6464702486991882
5022499840.0,-0.6152433753013611
5023437312.0,-0.5849953293800354
5024374784.0,-0.552849292755127
5025312256.0,-0.5219130516052246
5026250240.0,-0.490808367729187
5027187712.0,-0.46056294441223145
5028125184.0,-0.4305620789527893
5029062656.0,-0.40125665068626404
5030000128.0,-0.37481364607810974
5030937600.0,-0.3497868776321411
5031875072.0,-0.32679033279418945
5032812544.0,-0.306684672832489
5033750016.0,-0.2883031964302063
5034687488.0,-0.2724071145057678
5035624960.0,-0.26138022541999817
5036562432.0,-0.2523045241832733
5037499904.0,-0.24680353701114655
5038437376.0,-0.24591289460659027
5039374848.0,-0.24595725536346436
5040312320.0,-0.25084465742111206
5041249792.0,-0.25861531496047974
5042187264.0,-0.2686183750629425
5043125248.0,-0.2813121974468231
5044062720.0,-0.29670920968055725
5045000192.0,-0.31427380442619324
5045937664.0,-0.5823512673377991
5046875136.0,-0.5919061899185181
5047812608.0,-0.6011385321617126
5048750080.0,-0.6109709739685059
5049687552.0,-0.6202782988548279
5050625024.0,-0.6291715502738953
5051562496.0,-0.6385640501976013
5052499968.0,-0.6465665698051453
5053437440.0,-0.6563637852668762
5054374912.0,-0.6652137637138367
5055312384.0,-0.6724340915679932
5056249856.0,-0.6798328757286072
5057187328.0,-0.6853721141815186
5058124800.0,-0.6915763020515442
5059062272.0,-0.6948577761650085
5059999744.0,-0.6980321407318115
5060937728.0,-0.6989192366600037
5061875200.0,-0.698765218257904
5062812672.0,-0.6977636814117432
5063750144.0,-0.6960412859916687
5064687616.0,-0.6918691992759705
5065625088.0,-0.6851896047592163
5066562560.0,-0.6777871251106262
5067500032.0,-0.6668248176574707
5068437504.0,-0.6555855870246887
5069374976.0,-0.640390932559967
5070312448.0,-0.6247411370277405
5071249920.0,-0.6072560548782349
5072187392.0,-0.5875771641731262
5073124864.0,-0.566716730594635
5074062336.0,-0.5445353984832764
5074999808.0,-0.5205727815628052
5075937280.0,-0.4968528151512146
5076874752.0,-0.47183430194854736
5077812736.0,-0.4467330574989319
5078750208.0,-0.42128103971481323
5079687680.0,-0.39624154567718506
5080625152.0,-0.3710065186023712
5081562624.0,-0.3477901518344879
5082500096.0,-0.32446548342704773
5083437568.0,-0.30177921056747437
5084375040.0,-0.2821780741214752
5085312512.0,-0.2626752555370331
5086249984.0,-0.24645407497882843
5087187456.0,-0.23170195519924164
5088124928.0,-0.22039826214313507
5089062400.0,-0.2107011377811432
5089999872.0,-0.2029455304145813
5090937344.0,-0.1985284686088562
5091874816.0,-0.19537119567394257
5092812288.0,-0.19583185017108917
5093749760.0,-0.19891388714313507
5094687744.0,-0.20382151007652283
5095625216.0,-0.2117542177438736
5096562688.0,-0.2230389565229416
5097500160.0,-0.23607686161994934
5098437632.0,-0.251262366771698
5099375104.0,-0.26815134286880493
5100312576.0,-0.28667476773262024
5101250048.0,-0.30741003155708313
5102187520.0,-0.33033302426338196
5103124992.0,-0.35428521037101746
5104062464.0,-0.37929487228393555
5104999936.0,-0.403502494096756
5105937408.0,-0.5002902746200562
5106874880.0,-0.5186346173286438
5107812352.0,-0.5352097749710083
5108749824.0,-0.5502011775970459
5109687296.0,-0.5635703206062317
5110624768.0,-0.5752007365226746
5111562752.0,-0.5841024518013
5112500224.0,-0.5901504158973694
5113437696.0,-0.5967257618904114
5114375168.0,-0.5994455814361572
5115312640.0,-0.6000861525535583
5116250112.0,-0.599949061870575
5117187584.0,-0.5975235104560852
5118125056.0,-0.5933685302734375
5119062528.0,-0.5896708369255066
5120000000.0,-0.5839464068412781
5120937472.0,-0.5779110789299011
5121874944.0,-0.5717035531997681
5122812416.0,-0.5649688839912415
5123749888.0,-0.5578122735023499
5124687360.0,-0.5506777167320251
5125624832.0,-0.5444870591163635
5126562304.0,-0.5356460809707642
5127499776.0,-0.5284898281097412
5128437248.0,-0.5207347273826599
5129375232.0,-0.5097707509994507
5130312704.0,-0.49935829639434814
5131250176.0,-0.4883882701396942
5132187648.0,-0.4760758876800537
5133125120.0,-0.4622507691383362
5134062592.0,-0.4465284049510956
5135000064.0,-0.42935457825660706
5135937536.0,-0.41139331459999084
5136875008.0,-0.39336663484573364
5137812480.0,-0.3744766116142273
5138749952.0,-0.35517147183418274
5139687424.0,-0.3369171619415283
5140624896.0,-0.3187008500099182
5141562368.0,-0.30287447571754456
5142499840.0,-0.2888837158679962
5143437312.0,-0.2762216031551361
5144374784.0,-0.26890426874160767
5145312256.0,-0.2672155797481537
5146250240.0,-0.27337199449539185
5147187712.0,-0.2852374017238617
5148125184.0,-0.30042293667793274
5149062656.0,-0.3193661868572235
5150000128.0,-0.3388061821460724
5150937600.0,-0.3585255742073059
5151875072.0,-0.38082632422447205
5152812544.0,-0.40149328112602234
5153750016.0,-0.4206398129463196
5154687488.0,-0.43895968794822693
5155624960.0,-0.45538702607154846
5156562432.0,-0.4712059199810028
5157499904.0,-0.4849837124347687
5158437376.0,-0.4983680546283722
5159374848.0,-0.5093016624450684
5160312320.0,-0.5186242461204529
5161249792.0,-0.5290754437446594
5162187264.0,-0.5367288589477539
5163125248.0,-0.5444610118865967
5164062720.0,-0.5517286658287048
5165000192.0,-0.5584962964057922
5165937664.0,-0.5639433264732361
5166875136.0,-0.5785948038101196
5167812608.0,-0.594447910785675
5168750080.0,-0.6110119223594666
5169687552.0,-0.6280337572097778
5170625024.0,-0.6438068151473999
5171562496.0,-0.6604292392730713
5172499968.0,-0.6779100298881531
5173437440.0,-0.6936642527580261
5174374912.0,-0.7085626721382141
5175312384.0,-0.722963273525238
5176249856.0,-0.7352819442749023
5177187328.0,-0.7460052967071533
5178124800.0,-0.7544347643852234
5179062272.0,-0.7603890299797058
5180000256.0,-0.7640467882156372
5180937728.0,-0.7650731205940247
5181875200.0,-0.7633318901062012
5182812672.0,-0.7593773007392883
5183750144.0,-0.7515941262245178
5184687616.0,-0.7425792813301086
5185625088.0,-0.7296144366264343
5186562560.0,-0.7142648696899414
5187500032.0,-0.6968115568161011
5188437504.0,-0.6779391765594482
5189374976.0,-0.6570839285850525
5190312448.0,-0.634816586971283
5191249920.0,-0.6118300557136536
5192187392.0,-0.5879508852958679
5193124864.0,-0.5630584359169006
5194062336.0,-0.5386510491371155
5194999808.0,-0.5150428414344788
5195937280.0,-0.4905853271484375
5196874752.0,-0.4681127071380615
5197812736.0,-0.4484689235687256
5198750208.0,-0.42903563380241394
5199687680.0,-0.41163742542266846
5200625152.0,-0.3967750370502472
5201562624.0,-0.3841882050037384
5202500096.0,-0.37308740615844727
5203437568.0,-0.36441996693611145
5204375040.0,-0.3581039011478424
5205312512.0,-0.3554055094718933
5206249984.0,-0.35635101795196533
5207187456.0,-0.3594447374343872
5208124928.0,-0.36475634574890137
5209062400.0,-0.37399739027023315
5209999872.0,-0.38577646017074585
5210937344.0,-0.4010785222053528
5211874816.0,-0.416710764169693
5212812288.0,-0.4362839162349701
5213749760.0,-0.45645034313201904
5214687744.0,-0.4797801077365875
5215625216.0,-0.5026134848594666
5216562688.0,-0.5289210677146912
5217500160.0,-0.5557529926300049
5218437632.0,-0.5832489728927612
5219375104.0,-0.6114506721496582
5220312576.0,-0.6399397253990173
5221250048.0,-0.6685040593147278
5222187520.0,-0.6965740323066711
5223124992.0,-0.7237577438354492
5224062464.0,-0.7509910464286804
5224999936.0,-0.7774149179458618
5225937408.0,-0.8287631869316101
5226874880.0,-0.853313148021698
5227812352.0,-0.8770468235015869
5228749824.0,-0.8972979187965393
5229687296.0,-0.9163405895233154
5230624768.0,-0.9333796501159668
5231562752.0,-0.9475634098052979
5232500224.0,-0.9597069621086121
5233437696.0,-0.9690730571746826
5234375168.0,-0.9748889803886414
5235312640.0,-0.9772464036941528
5236250112.0,-0.9799325466156006
5237187584.0,-0.9771600961685181
5238125056.0,-0.9735457301139832
5239062528.0,-0.9671210050582886
5240000000.0,-0.9597260355949402
5240937472.0,-0.9511824250221252
5241874944.0,-0.9408718347549438
5242812416.0,-0.9300586581230164
5243749888.0,-0.916816771030426
5244687360.0,-0.9032497406005859
5245624832.0,-0.8894163966178894
5246562304.0,-0.8742344379425049
5247499776.0,-0.8581705689430237
5248437248.0,-0.8425441980361938
5249375232.0,-0.8268250823020935
5250312704.0,-0.8113393187522888
5251250176.0,-0.7974159717559814
5252187648.0,-0.7825494408607483
5253125120.0,-0.7680006623268127
5254062592.0,-0.7557857036590576
5255000064.0,-0.7445315718650818
5255937536.0,-0.7350829839706421
5256875008.0,-0.7277832627296448
5257812480.0,-0.7211537957191467
5258749952.0,-0.7175600528717041
5259687424.0,-0.7145543694496155
5260624896.0,-0.7132640480995178
5261562368.0,-0.7138831615447998
5262499840.0,-0.7159935235977173
5263437312.0,-0.7200840711593628
5264374784.0,-0.7256007194519043
5265312256.0,-0.7329199314117432
5266250240.0,-0.7432895302772522
5267187712.0,-0.7558786869049072
5268125184.0,-0.7712060809135437
5269062656.0,-0.7891973853111267
5270000128.0,-0.8088042140007019
5270937600.0,-0.8314808011054993
5271875072.0,-0.8564586639404297
5272812544.0,-0.8846163153648376
5273750016.0,-0.9138544797897339
5274687488.0,-0.9454259276390076
5275624960.0,-0.9785069823265076
5276562432.0,-1.012162208557129
5277499904.0,-1.0474132299423218
5278437376.0,-1.0844935178756714
5279374848.0,-1.1214995384216309
5280312320.0,-1.160515308380127
5281249792.0,-1.1983447074890137
5282187264.0,-1.2390656471252441
5283125248.0,-1.278617262840271
5284062720.0,-1.3183964490890503
5285000192.0,-1.3586139678955078
5285937664.0,-1.387203335762024
5286875136.0,-1.421356439590454
5287812608.0,-1.4533344507217407
5288750080.0,-1.4844900369644165
5289687552.0,-1.5123813152313232
5290625024.0,-1.5373681783676147
5291562496.0,-1.5590238571166992
5292499968.0,-1.578024983406067
5293437440.0,-1.5941410064697266
5294374912.0,-1.6086550951004028
5295312384.0,-1.6178154945373535
5296249856.0,-1.6242793798446655
5297187328.0,-1.6272995471954346
5298124800.0,-1.6292107105255127
5299062272.0,-1.6268121004104614
5299999744.0,-1.6236882209777832
5300937728.0,-1.6172596216201782
5301875200.0,-1.6089638471603394
5302812672.0,-1.598736047744751
5303750144.0,-1.586829423904419
5304687616.0,-1.5719596147537231
5305625088.0,-1.5579339265823364
5306562560.0,-1.542320728302002
5307500032.0,-1.5257693529129028
5308437504.0,-1.5111247301101685
5309374976.0,-1.4944045543670654
5310312448.0,-1.4790560007095337
5311249920.0,-1.4656294584274292
5312187392.0,-1.4529457092285156
5313124864.0,-1.4405364990234375
5314062336.0,-1.4300181865692139
5314999808.0,-1.419871211051941
5315937280.0,-1.4115350246429443
5316874752.0,-1.4062058925628662
5317812736.0,-1.4034470319747925
5318750208.0,-1.403182029724121
5319687680.0,-1.4048439264297485
5320625152.0,-1.408987045288086
5321562624.0,-1.4163012504577637
5322500096.0,-1.426448941230774
5323437568.0,-1.438912034034729
5324375040.0,-1.453466534614563
5325312512.0,-1.4713900089263916
5326249984.0,-1.4940369129180908
5327187456.0,-1.5186539888381958
5328124928.0,-1.5461816787719727
5329062400.0,-1.5772825479507446
5329999872.0,-1.6105419397354126
5330937344.0,-1.64905846118927
5331874816.0,-1.686047077178955
5332812288.0,-1.7568670511245728
5333749760.0,-1.8066262006759644
5334687744.0,-1.8587501049041748
5335625216.0,-1.9112457036972046
5336562688.0,-1.9658817052841187
5337500160.0,-2.0209710597991943
5338437632.0,-2.0773603916168213
5339375104.0,-2.1344826221466064
5340312576.0,-2.1929008960723877
5341250048.0,-2.2511746883392334
5342187520.0,-2.308227777481079
5343124992.0,-2.3651223182678223
5344062464.0,-2.4204602241516113
5344999936.0,-2.473755359649658
5345937408.0,-2.418470621109009
5346874880.0,-2.450782060623169
5347812352.0,-2.482675313949585
5348749824.0,-2.511286735534668
5349687296.0,-2.535238742828369
5350624768.0,-2.558380126953125
5351562752.0,-2.577298641204834
5352500224.0,-2.59123158454895
5353437696.0,-2.6012189388275146
5354375168.0,-2.608206033706665
5355312640.0,-2.6098222732543945
5356250112.0,-2.6080446243286133
5357187584.0,-2.601257085800171
5358125056.0,-2.590261697769165
5359062528.0,-2.5781428813934326
5360000000.0,-2.561109781265259
5360937472.0,-2.5422191619873047
5361874944.0,-2.520362615585327
5362812416.0,-2.497485399246216
5363749888.0,-2.4731178283691406
5364687360.0,-2.4481236934661865
5365624832.0,-2.4221160411834717
5366562304.0,-2.3960180282592773
5367499776.0,-2.369310140609741
5368437248.0,-2.3428385257720947
5369375232.0,-2.315829277038574
5370312704.0,-2.289769172668457
5371250176.0,-2.2634224891662598
5372187648.0,-2.2384469509124756
5373125120.0,-2.212489604949951
5374062592.0,-2.188832998275757
5375000064.0,-2.1671948432922363
5375937536.0,-2.145400285720825
5376875008.0,-2.12540864944458
5377812480.0,-2.106855869293213
5378749952.0,-2.0899229049682617
5379687424.0,-2.074946403503418
5380624896.0,-2.0605015754699707
5381562368.0,-2.047705888748169
5382499840.0,-2.0353341102600098
5383437312.0,-2.025202751159668
5384374784.0,-2.0167148113250732
5385312256.0,-2.0095059871673584
5386250240.0,-2.0040054321289062
5387187712.0,-2.0005147457122803
5388125184.0,-1.9989368915557861
5389062656.0,-1.9982621669769287
5390000128.0,-1.9999154806137085
5390937600.0,-2.00252103805542
5391875072.0,-2.005535125732422
5392812544.0,-2.007585287094116
5393750016.0,-2.0109410285949707
5394687488.0,-2.0130131244659424
5395624960.0,-2.0167064666748047
5396562432.0,-2.0205752849578857
5397499904.0,-2.0249953269958496
5398437376.0,-2.029475450515747
5399374848.0,-2.0351402759552
5400312320.0,-2.0412864685058594
5401249792.0,-2.0457944869995117
5402187264.0,-2.0504233837127686
5403125248.0,-2.05277943611145
5404062720.0,-2.054128646850586
5405000192.0,-2.054874897003174
5405937664.0,-2.1992201805114746
5406875136.0,-2.1971595287323
5407812608.0,-2.19387149810791
5408750080.0,-2.18609881401062
5409687552.0,-2.1760432720184326
5410625024.0,-2.1617212295532227
5411562496.0,-2.1455087661743164
5412499968.0,-2.1270923614501953
5413437440.0,-2.1053028106689453
5414374912.0,-2.0829787254333496
5415312384.0,-2.057389736175537
5416249856.0,-2.029945135116577
5417187328.0,-2.0007851123809814
5418124800.0,-1.9699281454086304
5419062272.0,-1.9373482465744019
5420000256.0,-1.904881477355957
5420937728.0,-1.8718669414520264
5421875200.0,-1.8388936519622803
5422812672.0,-1.805464267730713
5423750144.0,-1.7728677988052368
5424687616.0,-1.7404885292053223
5425625088.0,-1.7103376388549805
5426562560.0,-1.679710030555725
5427500032.0,-1.6491163969039917
5428437504.0,-1.6192395687103271
5429374976.0,-1.5910037755966187
5430312448.0,-1.56264066696167
5431249920.0,-1.5362229347229004
5432187392.0,-1.5113548040390015
5433124864.0,-1.4878807067871094
5434062336.0,-1.464090347290039
5434999808.0,-1.4426227807998657
5435937280.0,-1.4213231801986694
5436874752.0,-1.4019404649734497
5437812736.0,-1.3839761018753052
5438750208.0,-1.3665722608566284
5439687680.0,-1.350643515586853
5440625152.0,-1.3362675905227661
5441562624.0,-1.3237768411636353
5442500096.0,-1.3128825426101685
5443437568.0,-1.3034470081329346
5444375040.0,-1.2962144613265991
5445312512.0,-1.289751410484314
5446249984.0,-1.2859842777252197
5447187456.0,-1.282992959022522
5448124928.0,-1.282995343208313
5449062400.0,-1.2836045026779175
5449999872.0,-1.286196231842041
5450937344.0,-1.2904689311981201
5451874816.0,-1.2959249019622803
5452812288.0,-1.3020868301391602
5453749760.0,-1.309625267982483
5454687744.0,-1.3171659708023071
5455625216.0,-1.3261798620224
5456562688.0,-1.335899829864502
5457500160.0,-1.345619797706604
5458437632.0,-1.3560445308685303
5459375104.0,-1.3660929203033447
5460312576.0,-1.3766937255859375
5461250048.0,-1.385962963104248
5462187520.0,-1.3942588567733765
5463124992.0,-1.4046117067337036
5464062464.0,-1.4112062454223633
5464999936.0,-1.4161889553070068
5465937408.0,-1.4245270490646362
5466874880.0,-1.4257258176803589
5467812352.0,-1.4245644807815552
5468749824.0,-1.4197605848312378
5469687296.0,-1.4135361909866333
5470624768.0,-1.4044612646102905
5471562752.0,-1.3942363262176514
5472500224.0,-1.3825249671936035
5473437696.0,-1.3674211502075195
5474375168.0,-1.3491140604019165
5475312640.0,-1.330803394317627
5476250112.0,-1.3089905977249146
5477187584.0,-1.2879106998443604
5478125056.0,-1.263933539390564
5479062528.0,-1.2384823560714722
5480000000.0,-1.2129905223846436
5480937472.0,-1.1864920854568481
5481874944.0,-1.1595909595489502
5482812416.0,-1.1315138339996338
5483749888.0,-1.1046711206436157
5484687360.0,-1.0771044492721558
5485624832.0,-1.049294352531433
5486562304.0,-1.0219639539718628
5487499776.0,-0.9951996207237244
5488437248.0,-0.9688567519187927
5489375232.0,-0.9437665343284607
5490312704.0,-0.9182741045951843
5491250176.0,-0.8941196799278259
5492187648.0,-0.8716691136360168
5493125120.0,-0.8499773144721985
5494062592.0,-0.8303489685058594
5495000064.0,-0.811856210231781
5495937536.0,-0.7956225275993347
5496875008.0,-0.7818495631217957
5497812480.0,-0.7691361308097839
5498749952.0,-0.7604029774665833
5499687424.0,-0.7533805966377258
5500624896.0,-0.7497689127922058
5501562368.0,-0.7478296160697937
5502499840.0,-0.7494104504585266
5503437312.0,-0.7525527477264404
5504374784.0,-0.7590039968490601
5505312256.0,-0.7694416046142578
5506250240.0,-0.7821065187454224
5507187712.0,-0.7968699932098389
5508125184.0,-0.8152784109115601
5509062656.0,-0.8357473015785217
5510000128.0,-0.857795774936676
5510937600.0,-0.8828160762786865
5511875072.0,-0.9080283641815186
5512812544.0,-0.9370817542076111
5513750016.0,-0.9671075344085693
5514687488.0,-0.9985391497612
5515624960.0,-1.0307745933532715
5516562432.0,-1.0628961324691772
5517499904.0,-1.095107913017273
5518437376.0,-1.1272470951080322
5519374848.0,-1.15678071975708
5520312320.0,-1.1850457191467285
5521249792.0,-1.2127496004104614
5522187264.0,-1.237268328666687
5523125248.0,-1.2587858438491821
5524062720.0,-1.2765861749649048
5525000192.0,-1.2927756309509277
5525937664.0,-1.1285687685012817
5526875136.0,-1.1348435878753662
5527812608.0,-1.139761209487915
5528750080.0,-1.1417603492736816
5529687552.0,-1.1422748565673828
5530625024.0,-1.1411854028701782
5531562496.0,-1.1378705501556396
5532499968.0,-1.1322603225708008
5533437440.0,-1.126152753829956
5534374912.0,-1.1185723543167114
5535312384.0,-1.1086888313293457
5536249856.0,-1.098091959953308
5537187328.0,-1.0859307050704956
5538124800.0,-1.0726728439331055
5539062272.0,-1.058172345161438
5539999744.0,-1.0448771715164185
5540937728.0,-1.0293769836425781
5541875200.0,-1.0143450498580933
5542812672.0,-0.9998914003372192
5543750144.0,-0.9837989807128906
5544687616.0,-0.9679329991340637
5545625088.0,-0.9519170522689819
5546562560.0,-0.9370104670524597
5547500032.0,-0.9219725728034973
5548437504.0,-0.9085341691970825
5549374976.0,-0.8946168422698975
5550312448.0,-0.8827124238014221
5551249920.0,-0.8717936873435974
5552187392.0,-0.8642045855522156
5553124864.0,-0.8556019067764282
5554062336.0,-0.848628044128418
5554999808.0,-0.8439159989356995
5555937280.0,-0.8408740162849426
5556874752.0,-0.8397246599197388
5557812736.0,-0.8412341475486755
5558750208.0,-0.8439928889274597
5559687680.0,-0.8505403399467468
5560625152.0,-0.8593271374702454
5561562624.0,-0.8712002635002136
5562500096.0,-0.885856032371521
5563437568.0,-0.9024741053581238
5564375040.0,-0.9216307401657104
5565312512.0,-0.9446811676025391
5566249984.0,-0.9682541489601135
5567187456.0,-0.9930853247642517
5568124928.0,-1.0205739736557007
5569062400.0,-1.0499796867370605
5569999872.0,-1.0799881219863892
5570937344.0,-1.10988187789917
5571874816.0,-1.1407716274261475
5572812288.0,-1.1712983846664429
5573749760.0,-1.200535535812378
5574687744.0,-1.2276824712753296
5575625216.0,-1.2545952796936035
5576562688.0,-1.2782248258590698
5577500160.0,-1.2998974323272705
5578437632.0,-1.3185601234436035
5579375104.0,-1.3359118700027466
5580312576.0,-1.3496702909469604
5581250048.0,-1.3603166341781616
5582187520.0,-1.3692117929458618
5583124992.0,-1.3743048906326294
5584062464.0,-1.3769164085388184
5584999936.0,-1.3789323568344116
5585937408.0,-1.3001387119293213
5586874880.0,-1.3062026500701904
5587812352.0,-1.3105525970458984
5588749824.0,-1.314186692237854
5589687296.0,-1.3177727460861206
5590624768.0,-1.3195469379425049
5591562752.0,-1.3198412656784058
5592500224.0,-1.3196094036102295
5593437696.0,-1.31777024269104
5594375168.0,-1.3164609670639038
5595312640.0,-1.3139526844024658
5596250112.0,-1.3098673820495605
5597187584.0,-1.3060632944107056
5598125056.0,-1.3006693124771118
5599062528.0,-1.2964400053024292
5600000000.0,-1.291012167930603
5600937472.0,-1.2849977016448975
5601874944.0,-1.2789866924285889
5602812416.0,-1.273342251777649
5603749888.0,-1.26679527759552
5604687360.0,-1.2607275247573853
5605624832.0,-1.254262924194336
5606562304.0,-1.248234510421753
5607499776.0,-1.2415779829025269
5608437248.0,-1.2353883981704712
5609375232.0,-1.2296066284179688
5610312704.0,-1.2238363027572632
5611250176.0,-1.2183183431625366
5612187648.0,-1.211713194847107
5613125120.0,-1.2062253952026367
5614062592.0,-1.200395941734314
5615000064.0,-1.1947972774505615
5615937536.0,-1.1893539428710938
5616875008.0,-1.182738184928894
5617812480.0,-1.1779191493988037
5618749952.0,-1.1735224723815918
5619687424.0,-1.1699579954147339
5620624896.0,-1.1656705141067505
5621562368.0,-1.1629972457885742
5622499840.0,-1.161286473274231
5623437312.0,-1.1586642265319824
5624374784.0,-1.155978798866272
5625312256.0,-1.154708743095398
5626250240.0,-1.153019905090332
5627187712.0,-1.1507422924041748
5628125184.0,-1.1499003171920776
5629062656.0,-1.1483601331710815
5630000128.0,-1.1454297304153442
5630937600.0,-1.143481969833374
5631875072.0,-1.1405545473098755
5632812544.0,-1.1384027004241943
5633750016.0,-1.1341866254806519
5634687488.0,-1.130288004875183
5635624960.0,-1.1246775388717651
5636562432.0,-1.119339108467102
5637499904.0,-1.111498236656189
5638437376.0,-1.1042438745498657
5639374848.0,-1.0954052209854126
5640312320.0,-1.0866824388504028
5641249792.0,-1.0758014917373657
5642187264.0,-1.0663713216781616
5643125248.0,-1.056399941444397
5644062720.0,-1.0455881357192993
5645000192.0,-1.0346277952194214
5645937664.0,-1.0303113460540771
5646875136.0,-1.0172683000564575
5647812608.0,-1.0026692152023315
5648750080.0,-0.9872961640357971
5649687552.0,-0.9696181416511536
5650625024.0,-0.9517629146575928
5651562496.0,-0.9335759878158569
5652499968.0,-0.9141190052032471
5653437440.0,-0.8947043418884277
5654374912.0,-0.8742217421531677
5655312384.0,-0.8528220057487488
5656249856.0,-0.8317053914070129
5657187328.0,-0.8101064562797546
5658124800.0,-0.7873893976211548
5659062272.0,-0.7657679915428162
5660000256.0,-0.7434731721878052
5660937728.0,-0.7223993539810181
5661875200.0,-0.701036274433136
5662812672.0,-0.6802479028701782
5663750144.0,-0.6610997915267944
5664687616.0,-0.6416001915931702
5665625088.0,-0.625270426273346
5666562560.0,-0.6090291738510132
5667500032.0,-0.5941489338874817
5668437504.0,-0.5801841616630554
5669374976.0,-0.5674827098846436
5670312448.0,-0.5557758212089539
5671249920.0,-0.5480466485023499
5672187392.0,-0.5398231148719788
5673124864.0,-0.5343091487884521
5674062336.0,-0.5306249856948853
5674999808.0,-0.5288510918617249
5675937280.0,-0.5269262790679932
5676874752.0,-0.5269953608512878
5677812736.0,-0.5284137725830078
5678750208.0,-0.5299977660179138
5679687680.0,-0.5331380367279053
5680625152.0,-0.5360168218612671
5681562624.0,-0.5402529239654541
5682500096.0,-0.543236494064331
5683437568.0,-0.5480424165725708
5684375040.0,-0.5518091320991516
5685312512.0,-0.5551296472549438
5686249984.0,-0.5582622289657593
5687187456.0,-0.5605677366256714
5688124928.0,-0.5629740357398987
5689062400.0,-0.5639568567276001
5689999872.0,-0.5629141330718994
5690937344.0,-0.5623875856399536
5691874816.0,-0.5588707327842712
5692812288.0,-0.5552226305007935
5693749760.0,-0.5493283271789551
5694687744.0,-0.540972113609314
5695625216.0,-0.5321536660194397
5696562688.0,-0.522269606590271
5697500160.0,-0.5108324885368347
5698437632.0,-0.49810242652893066
5699375104.0,-0.4857145845890045
5700312576.0,-0.4729798138141632
5701250048.0,-0.4580439031124115
5702187520.0,-0.4440002739429474
5703124992.0,-0.42995792627334595
5704062464.0,-0.41638749837875366
5704999936.0,-0.4036432206630707
5705937408.0,-0.37021490931510925
5706874880.0,-0.3692590892314911
5707812352.0,-0.3675411343574524
5708749824.0,-0.3664940297603607
5709687296.0,-0.3654461205005646
5710624768.0,-0.3649657666683197
5711562752.0,-0.3646986186504364
5712500224.0,-0.3608919382095337
5713437696.0,-0.36099594831466675
5714375168.0,-0.3588577210903168
5715312640.0,-0.3580089211463928
5716250112.0,-0.355191707611084
5717187584.0,-0.35217058658599854
5718125056.0,-0.348522424697876
5719062528.0,-0.3431042432785034
5720000000.0,-0.33784106373786926
5720937472.0,-0.3320252001285553
5721874944.0,-0.32383838295936584
5722812416.0,-0.31701791286468506
5723749888.0,-0.3079887628555298
5724687360.0,-0.29838642477989197
5725624832.0,-0.2899569869041443
5726562304.0,-0.2817445695400238
5727499776.0,-0.2733180522918701
5728437248.0,-0.2655397653579712
5729375232.0,-0.2592329978942871
5730312704.0,-0.25265997648239136
5731250176.0,-0.24808961153030396
5732187648.0,-0.24579155445098877
5733125120.0,-0.24413900077342987
5734062592.0,-0.2445955127477646
5735000064.0,-0.24620375037193298
5735937536.0,-0.2514648139476776
5736875008.0,-0.2584594190120697
5737812480.0,-0.2670210599899292
5738749952.0,-0.27852579951286316
5739687424.0,-0.29160305857658386
5740624896.0,-0.3047815263271332
5741562368.0,-0.3190203011035919
5742499840.0,-0.33237168192863464
5743437312.0,-0.3458539843559265
5744374784.0,-0.35791924595832825
5745312256.0,-0.3684180974960327
5746250240.0,-0.37740716338157654
5747187712.0,-0.3842966854572296
5748125184.0,-0.38852277398109436
5749062656.0,-0.3908601999282837
5750000128.0,-0.3892180621623993
5750937600.0,-0.38738369941711426
5751875072.0,-0.38276875019073486
5752812544.0,-0.3765418827533722
5753750016.0,-0.3695217967033386
5754687488.0,-0.361394464969635
5755624960.0,-0.3531600832939148
5756562432.0,-0.3444884121417999
5757499904.0,-0.3366898000240326
5758437376.0,-0.32916465401649475
5759374848.0,-0.32214391231536865
5760312320.0,-0.31604400277137756
5761249792.0,-0.31178930401802063
5762187264.0,-0.30766212940216064
5763125248.0,-0.30548110604286194
5764062720.0,-0.300540953874588
5765000192.0,-0.2974081039428711
5765937664.0,-0.22044038772583008
5766875136.0,-0.2238800823688507
5767812608.0,-0.22772663831710815
5768750080.0,-0.2317424863576889
5769687552.0,-0.23833036422729492
5770625024.0,-0.2443646490573883
5771562496.0,-0.24984438717365265
5772499968.0,-0.25658369064331055
5773437440.0,-0.26398882269859314
5774374912.0,-0.27124956250190735
5775312384.0,-0.27810731530189514
5776249856.0,-0.2851652503013611
5777187328.0,-0.2933836579322815
5778124800.0,-0.3014009892940521
5779062272.0,-0.309402197599411
5779999744.0,-0.31541943550109863
5780937728.0,-0.32219886779785156
5781875200.0,-0.3297954201698303
5782812672.0,-0.335151344537735
5783750144.0,-0.3401985466480255
5784687616.0,-0.34473657608032227
5785625088.0,-0.3487722873687744
5786562560.0,-0.3522556722164154
5787500032.0,-0.3544027507305145
5788437504.0,-0.35616669058799744
5789374976.0,-0.35534292459487915
5790312448.0,-0.35309040546417236
5791249920.0,-0.3502630889415741
5792187392.0,-0.34688591957092285
5793124864.0,-0.34165236353874207
5794062336.0,-0.33705517649650574
5794999808.0,-0.33140984177589417
5795937280.0,-0.32525625824928284
5796874752.0,-0.31598785519599915
5797812736.0,-0.3084685504436493
5798750208.0,-0.29931169748306274
5799687680.0,-0.2899082601070404
5800625152.0,-0.2786097824573517
5801562624.0,-0.26683562994003296
5802500096.0,-0.2545038163661957
5803437568.0,-0.24268142879009247
5804375040.0,-0.2286708503961563
5805312512.0,-0.21441389620304108
5806249984.0,-0.19970454275608063
5807187456.0,-0.18569272756576538
5808124928.0,-0.1710938662290573
5809062400.0,-0.15570895373821259
5809999872.0,-0.1401331126689911
5810937344.0,-0.12462900578975677
5811874816.0,-0.10980711132287979
5812812288.0,-0.09357909113168716
5813749760.0,-0.07899978011846542
5814687744.0,-0.06533381342887878
5815625216.0,-0.052474286407232285
5816562688.0,-0.039346177130937576
5817500160.0,-0.027301151305437088
5818437632.0,-0.01580558903515339
5819375104.0,-0.0036844690330326557
5820312576.0,0.006371945142745972
5821250048.0,0.01646467112004757
5822187520.0,0.024822603911161423
5823124992.0,0.03286963701248169
5824062464.0,0.04077114164829254
5824999936.0,0.0467134453356266
5825937408.0,-0.1364189237356186
5826874880.0,-0.14284899830818176
5827812352.0,-0.14618535339832306
5828749824.0,-0.14881184697151184
5829687296.0,-0.14872074127197266
5830624768.0,-0.14821690320968628
5831562752.0,-0.14651034772396088
5832500224.0,-0.14381612837314606
5833437696.0,-0.14104220271110535
5834375168.0,-0.13827106356620789
5835312640.0,-0.1343209594488144
5836250112.0,-0.13027748465538025
5837187584.0,-0.12796270847320557
5838125056.0,-0.12419117987155914
5839062528.0,-0.12210804224014282
5840000000.0,-0.12279509752988815
5840937472.0,-0.12330298870801926
5841874944.0,-0.1251426488161087
5842812416.0,-0.12774832546710968
5843749888.0,-0.13080865144729614
5844687360.0,-0.135127991437912
5845624832.0,-0.13995374739170074
5846562304.0,-0.1463259607553482
5847499776.0,-0.1546536684036255
5848437248.0,-0.16187363862991333
5849375232.0,-0.17034359276294708
5850312704.0,-0.18066838383674622
5851250176.0,-0.190695121884346
5852187648.0,-0.20095641911029816
5853125120.0,-0.2120172381401062
5854062592.0,-0.2216741144657135
5855000064.0,-0.2315552532672882
5855937536.0,-0.2403063327074051
5856875008.0,-0.24877367913722992
5857812480.0,-0.25672104954719543
5858749952.0,-0.2612118422985077
5859687424.0,-0.26548779010772705
5860624896.0,-0.26841795444488525
5861562368.0,-0.26848137378692627
5862499840.0,-0.26710429787635803
5863437312.0,-0.2622412443161011
5864374784.0,-0.2569654583930969
5865312256.0,-0.24981287121772766
5866250240.0,-0.24196280539035797
5867187712.0,-0.23112335801124573
5868125184.0,-0.22022448480129242
5869062656.0,-0.20813322067260742
5870000128.0,-0.1943303793668747
5870937600.0,-0.1822293996810913
5871875072.0,-0.1695101261138916
5872812544.0,-0.15687136352062225
5873750016.0,-0.14442327618598938
5874687488.0,-0.13254575431346893
5875624960.0,-0.12217990309000015
5876562432.0,-0.11324494332075119
5877499904.0,-0.10675052553415298
5878437376.0,-0.10309358686208725
5879374848.0,-0.10089471936225891
5880312320.0,-0.1006927341222763
5881249792.0,-0.10249421000480652
5882187264.0,-0.10571552067995071
5883125248.0,-0.11133312433958054
5884062720.0,-0.1180601567029953
5885000192.0,-0.12619492411613464
5885937664.0,-0.06704308092594147
5886875136.0,-0.07044082134962082
5887812608.0,-0.07624871283769608
5888750080.0,-0.08206303417682648
5889687552.0,-0.08940854668617249
5890625024.0,-0.09526705741882324
5891562496.0,-0.10328397154808044
5892499968.0,-0.11122256517410278
5893437440.0,-0.11867369711399078
5894374912.0,-0.1263628453016281
5895312384.0,-0.13538019359111786
5896249856.0,-0.1443985253572464
5897187328.0,-0.15280595421791077
5898124800.0,-0.1621619164943695
5899062272.0,-0.1709161102771759
5900000256.0,-0.17917734384536743
5900937728.0,-0.1878071278333664
5901875200.0,-0.19687117636203766
5902812672.0,-0.2061810940504074
5903750144.0,-0.21509304642677307
5904687616.0,-0.22399622201919556
5905625088.0,-0.2336730659008026
5906562560.0,-0.2422957420349121
5907500032.0,-0.2511848509311676
5908437504.0,-0.2581067979335785
5909374976.0,-0.26606112718582153
5910312448.0,-0.27373695373535156
5911249920.0,-0.2820867896080017
5912187392.0,-0.289044588804245
5913124864.0,-0.29699262976646423
5914062336.0,-0.3038669228553772
5914999808.0,-0.31116870045661926
5915937280.0,-0.3167503774166107
5916874752.0,-0.3219226002693176
5917812736.0,-0.3253898620605469
5918750208.0,-0.3280024826526642
5919687680.0,-0.3304268717765808
5920625152.0,-0.33119145035743713
5921562624.0,-0.3324594795703888
5922500096.0,-0.3314148485660553
5923437568.0,-0.3299959897994995
5924375040.0,-0.32677337527275085
5925312512.0,-0.32306233048439026
5926249984.0,-0.31766682863235474
5927187456.0,-0.31124281883239746
5928124928.0,-0.3032601773738861
5929062400.0,-0.2932814061641693
5929999872.0,-0.28295618295669556
5930937344.0,-0.2716326415538788
5931874816.0,-0.25738924741744995
5932812288.0,-0.24287815392017365
5933749760.0,-0.2267298400402069
5934687744.0,-0.21006375551223755
5935625216.0,-0.19251234829425812
5936562688.0,-0.17348028719425201
5937500160.0,-0.1559796780347824
5938437632.0,-0.13699084520339966
5939375104.0,-0.11891079694032669
5940312576.0,-0.10049568116664886
5941250048.0,-0.08266375213861465
5942187520.0,-0.06517262756824493
5943124992.0,-0.04899102821946144
5944062464.0,-0.03438691049814224
5944999936.0,-0.02130855806171894
5945937408.0,-0.1235930547118187
5946874880.0,-0.13140912353992462
5947812352.0,-0.1417071521282196
5948749824.0,-0.15380769968032837
5949687296.0,-0.16752083599567413
5950624768.0,-0.18231309950351715
5951562752.0,-0.19913265109062195
5952500224.0,-0.21728739142417908
5953437696.0,-0.2354755848646164
5954375168.0,-0.2546103000640869
5955312640.0,-0.27454665303230286
5956250112.0,-0.2950521409511566
5957187584.0,-0.3141617178916931
5958125056.0,-0.3334198296070099
5959062528.0,-0.3524334728717804
5960000000.0,-0.3704614043235779
5960937472.0,-0.38755378127098083
5961874944.0,-0.40403273701667786
5962812416.0,-0.4176742434501648
5963749888.0,-0.43004682660102844
5964687360.0,-0.43960389494895935
5965624832.0,-0.4461192488670349
5966562304.0,-0.4503181278705597
5967499776.0,-0.4516099691390991
5968437248.0,-0.44938743114471436
5969375232.0,-0.4436858594417572
5970312704.0,-0.43421778082847595
5971250176.0,-0.4215560257434845
5972187648.0,-0.4063223898410797
5973125120.0,-0.38868823647499084
5974062592.0,-0.36781156063079834
5975000064.0,-0.3452056348323822
5975937536.0,-0.3211804926395416
5976875008.0,-0.2960956394672394
5977812480.0,-0.27173539996147156
5978749952.0,-0.2464812844991684
5979687424.0,-0.22157569229602814
5980624896.0,-0.19739331305027008
5981562368.0,-0.17518281936645508
5982499840.0,-0.15552330017089844
5983437312.0,-0.13608452677726746
5984374784.0,-0.12006763368844986
5985312256.0,-0.10610107332468033
5986250240.0,-0.09640315920114517
5987187712.0,-0.08771488070487976
5988125184.0,-0.081409752368927
5989062656.0,-0.07851686328649521
5990000128.0,-0.07682178914546967
5990937600.0,-0.07784850895404816
5991875072.0,-0.0808720514178276
5992812544.0,-0.08518098294734955
5993750016.0,-0.0916171744465828
5994687488.0,-0.09924235194921494
5995624960.0,-0.10679508000612259
5996562432.0,-0.11536706238985062
5997499904.0,-0.12521561980247498
5998437376.0,-0.13430334627628326
5999374848.0,-0.14304804801940918
6000312320.0,-0.1517183780670166
6001249792.0,-0.1594698131084442
6002187264.0,-0.16760669648647308
6003125248.0,-0.17299406230449677
6004062720.0,-0.17940597236156464
6005000192.0,-0.13977380096912384
6005937664.0,-0.14595650136470795
6006875136.0,-0.15354718267917633
6007812608.0,-0.1623001992702484
6008750080.0,-0.17052581906318665
6009687552.0,-0.18039074540138245
6010625024.0,-0.1910751760005951
6011562496.0,-0.20224079489707947
6012499968.0,-0.21513578295707703
6013437440.0,-0.22856982052326202
6014374912.0,-0.2419613003730774
6015312384.0,-0.2568456530570984
6016249856.0,-0.27090469002723694
6017187328.0,-0.28573134541511536
6018124800.0,-0.29837971925735474
6019062272.0,-0.31117501854896545
6019999744.0,-0.32479679584503174
6020937728.0,-0.3363700211048126
6021875200.0,-0.34830501675605774
6022812672.0,-0.35803982615470886
6023750144.0,-0.36731070280075073
6024687616.0,-0.37554651498794556
6025625088.0,-0.3819337785243988
6026562560.0,-0.38738206028938293
6027500032.0,-0.39210930466651917
6028437504.0,-0.3940451145172119
6029374976.0,-0.3950020372867584
6030312448.0,-0.3936481475830078
6031249920.0,-0.3897029757499695
6032187392.0,-0.38532334566116333
6033124864.0,-0.37937596440315247
6034062336.0,-0.37113675475120544
6034999808.0,-0.36208376288414
6035937280.0,-0.3516937792301178
6036874752.0,-0.3416805565357208
6037812736.0,-0.32978978753089905
6038750208.0,-0.3179718554019928
6039687680.0,-0.30759572982788086
6040625152.0,-0.29546359181404114
6041562624.0,-0.2838585376739502
6042500096.0,-0.27295276522636414
6043437568.0,-0.2628362774848938
6044375040.0,-0.25276944041252136
6045312512.0,-0.24415495991706848
6046249984.0,-0.236568421125412
6047187456.0,-0.2295331507921219
6048124928.0,-0.22236917912960052
6049062400.0,-0.2182733565568924
6049999872.0,-0.21329879760742188
6050937344.0,-0.2101200371980667
6051874816.0,-0.20800846815109253
6052812288.0,-0.20598827302455902
6053749760.0,-0.20594549179077148
6054687744.0,-0.2071634978055954
6055625216.0,-0.20878802239894867
6056562688.0,-0.21076446771621704
6057500160.0,-0.213455930352211
6058437632.0,-0.2176777422428131
6059375104.0,-0.22144277393817902
6060312576.0,-0.22582411766052246
6061250048.0,-0.2314790040254593
6062187520.0,-0.23594199120998383
6063124992.0,-0.24073150753974915
6064062464.0,-0.24691008031368256
6064999936.0,-0.14707574248313904
6065937408.0,-0.16711707413196564
6066874880.0,-0.1873352825641632
6067812352.0,-0.20892047882080078
6068749824.0,-0.22990240156650543
6069687296.0,-0.2501211166381836
6070624768.0,-0.27127042412757874
6071562752.0,-0.2901889979839325
6072500224.0,-0.3089974522590637
6073437696.0,-0.32645440101623535
6074375168.0,-0.34403738379478455
6075312640.0,-0.3596046566963196
6076250112.0,-0.3744431138038635
6077187584.0,-0.38747772574424744
6078125056.0,-0.3992999494075775
6079062528.0,-0.41090384125709534
6080000000.0,-0.4204021990299225
6080937472.0,-0.42890194058418274
6081874944.0,-0.43484291434288025
6082812416.0,-0.4393779933452606
6083749888.0,-0.44461482763290405
6084687360.0,-0.44619014859199524
6085624832.0,-0.44722646474838257
6086562304.0,-0.446597158908844
6087499776.0,-0.44548892974853516
6088437248.0,-0.4417019188404083
6089375232.0,-0.4375935196876526
6090312704.0,-0.4311152696609497
6091250176.0,-0.4238772988319397
6092187648.0,-0.4176182448863983
6093125120.0,-0.4076087176799774
6094062592.0,-0.39728888869285583
6095000064.0,-0.38587453961372375
6095937536.0,-0.3734561502933502
6096875008.0,-0.35994425415992737
6097812480.0,-0.3466531038284302
6098749952.0,-0.331754595041275
6099687424.0,-0.3174044191837311
6100624896.0,-0.3024216592311859
6101562368.0,-0.28797784447669983
6102499840.0,-0.2731971740722656
6103437312.0,-0.25783172249794006
6104374784.0,-0.24325433373451233
6105312256.0,-0.2290094494819641
6106250240.0,-0.21439683437347412
6107187712.0,-0.2006993442773819
6108125184.0,-0.18665196001529694
6109062656.0,-0.17229525744915009
6110000128.0,-0.15912115573883057
6110937600.0,-0.1465141773223877
6111875072.0,-0.13401536643505096
6112812544.0,-0.12380388379096985
6113750016.0,-0.11106958985328674
6114687488.0,-0.10204514861106873
6115624960.0,-0.09290958940982819
6116562432.0,-0.08482274413108826
6117499904.0,-0.07819902896881104
6118437376.0,-0.07316656410694122
6119374848.0,-0.0724584311246872
6120312320.0,-0.07332349568605423
6121249792.0,-0.07414895296096802
6122187264.0,-0.07865003496408463
6123125248.0,-0.08379550278186798
6124062720.0,-0.09083232283592224
6125000192.0,-0.14426235854625702
6125937664.0,-0.15880411863327026
6126875136.0,-0.17334163188934326
6127812608.0,-0.18914420902729034
6128750080.0,-0.20462296903133392
6129687552.0,-0.21991628408432007
6130625024.0,-0.23630304634571075
6131562496.0,-0.25160160660743713
6132499968.0,-0.26758241653442383
6133437440.0,-0.28360146284103394
6134374912.0,-0.2996528446674347
6135312384.0,-0.313759982585907
6136249856.0,-0.32965534925460815
6137187328.0,-0.34462347626686096
6138124800.0,-0.35837599635124207
6139062272.0,-0.3720473647117615
6140000256.0,-0.3843955099582672
6140937728.0,-0.3964088261127472
6141875200.0,-0.4063168466091156
6142812672.0,-0.416491836309433
6143750144.0,-0.42563316226005554
6144687616.0,-0.43509596586227417
6145625088.0,-0.442609041929245
6146562560.0,-0.44809043407440186
6147500032.0,-0.4536639153957367
6148437504.0,-0.4561244547367096
6149374976.0,-0.45753341913223267
6150312448.0,-0.45654627680778503
6151249920.0,-0.45527637004852295
6152187392.0,-0.4502960741519928
6153124864.0,-0.44332876801490784
6154062336.0,-0.4375649392604828
6154999808.0,-0.42865312099456787
6155937280.0,-0.4190135896205902
6156874752.0,-0.40932631492614746
6157812736.0,-0.3982238173484802
6158750208.0,-0.3858497440814972
6159687680.0,-0.37297487258911133
6160625152.0,-0.35840746760368347
6161562624.0,-0.34577953815460205
6162500096.0,-0.3304862976074219
6163437568.0,-0.3163376748561859
6164375040.0,-0.30206891894340515
6165312512.0,-0.2883204221725464
6166249984.0,-0.2740425169467926
6167187456.0,-0.2600058913230896
6168124928.0,-0.2473715990781784
6169062400.0,-0.23173929750919342
6169999872.0,-0.21708665788173676
6170937344.0,-0.2044895738363266
6171874816.0,-0.19077546894550323
6172812288.0,-0.17932404577732086
6173749760.0,-0.1673203408718109
6174687744.0,-0.15536615252494812
6175625216.0,-0.14616802334785461
6176562688.0,-0.13718344271183014
6177500160.0,-0.13052265346050262
6178437632.0,-0.12320156395435333
6179375104.0,-0.11879083514213562
6180312576.0,-0.11491670459508896
6181250048.0,-0.1133536547422409
6182187520.0,-0.11319001019001007
6183124992.0,-0.1155952736735344
6184062464.0,-0.11877963691949844
6184999936.0,-0.263728529214859
6185937408.0,-0.2785056531429291
6186874880.0,-0.29441753029823303
6187812352.0,-0.31016382575035095
6188749824.0,-0.3289307653903961
6189687296.0,-0.3448992371559143
6190624768.0,-0.36218076944351196
6191562752.0,-0.37840190529823303
6192500224.0,-0.3938220739364624
6193437696.0,-0.4085172414779663
6194375168.0,-0.4213409721851349
6195312640.0,-0.4323596954345703
6196250112.0,-0.44046127796173096
6197187584.0,-0.44863876700401306
6198125056.0,-0.4545792043209076
6199062528.0,-0.458855539560318
6200000000.0,-0.4618786573410034
6200937472.0,-0.4643874168395996
6201874944.0,-0.46651986241340637
6202812416.0,-0.46927228569984436
6203749888.0,-0.47091275453567505
6204687360.0,-0.4719219207763672
6205624832.0,-0.4747045636177063
6206562304.0,-0.47850465774536133
6207499776.0,-0.4828333258628845
6208437248.0,-0.4886983036994934
6209375232.0,-0.4964430034160614
6210312704.0,-0.5041714906692505
6211250176.0,-0.5134631395339966
6212187648.0,-0.5216403603553772
6213125120.0,-0.5284827947616577
6214062592.0,-0.5352833867073059
6215000064.0,-0.5359987020492554
6215937536.0,-0.5315337181091309
6216875008.0,-0.5250768065452576
6217812480.0,-0.5171703100204468
6218749952.0,-0.5084171295166016
6219687424.0,-0.4986434876918793
6220624896.0,-0.48646995425224304
6221562368.0,-0.47222813963890076
6222499840.0,-0.4586623013019562
6223437312.0,-0.445988267660141
6224374784.0,-0.4339227080345154
6225312256.0,-0.4216690957546234
6226250240.0,-0.4108579456806183
6227187712.0,-0.4004572331905365
6228125184.0,-0.3907873332500458
6229062656.0,-0.38122260570526123
6230000128.0,-0.3734138011932373
6230937600.0,-0.36711031198501587
6231875072.0,-0.359698623418808
6232812544.0,-0.35342928767204285
6233750016.0,-0.34680601954460144
6234687488.0,-0.33998215198516846
6235624960.0,-0.33386263251304626
6236562432.0,-0.32737433910369873
6237499904.0,-0.31994956731796265
6238437376.0,-0.3126305043697357
6239374848.0,-0.3048490285873413
6240312320.0,-0.2978029251098633
6241249792.0,-0.2885115444660187
6242187264.0,-0.2818576991558075
6243125248.0,-0.27504926919937134
6244062720.0,-0.2676263153553009
6245000192.0,-0.41815897822380066
6245937664.0,-0.4196799695491791
6246875136.0,-0.4229506552219391
6247812608.0,-0.4281681180000305
6248750080.0,-0.43436673283576965
6249687552.0,-0.4433636963367462
6250625024.0,-0.45482969284057617
6251562496.0,-0.46754327416419983
6252499968.0,-0.48430120944976807
6253437440.0,-0.5022242665290833
6254374912.0,-0.5230485200881958
6255312384.0,-0.545135498046875
6256249856.0,-0.5710434317588806
6257187328.0,-0.5965058207511902
6258124800.0,-0.6239573359489441
6259062272.0,-0.650653064250946
6259999744.0,-0.680259644985199
6260937728.0,-0.707247257232666
6261875200.0,-0.734735906124115
6262812672.0,-0.7598073482513428
6263750144.0,-0.7828385233879089
6264687616.0,-0.8054787516593933
6265625088.0,-0.8248185515403748
6266562560.0,-0.8398657441139221
6267500032.0,-0.852966845035553
6268437504.0,-0.864203691482544
6269374976.0,-0.8703538179397583
6270312448.0,-0.8744898438453674
6271249920.0,-0.8743941187858582
6272187392.0,-0.8713323473930359
6273124864.0,-0.8647701740264893
6274062336.0,-0.855708658695221
6274999808.0,-0.8421615362167358
6275937280.0,-0.825589656829834
6276874752.0,-0.8066262006759644
6277812736.0,-0.7842010855674744
6278750208.0,-0.7586761116981506
6279687680.0,-0.7330490946769714
6280625152.0,-0.7047090530395508
6281562624.0,-0.6762006878852844
6282500096.0,-0.6465451717376709
6283437568.0,-0.6164519786834717
6284375040.0,-0.5854114890098572
6285312512.0,-0.5547067523002625
6286249984.0,-0.5262252688407898
6287187456.0,-0.49754616618156433
6288124928.0,-0.46938836574554443
6289062400.0,-0.4427115023136139
6289999872.0,-0.41831642389297485
6290937344.0,-0.3955736756324768
6291874816.0,-0.3735329210758209
6292812288.0,-0.3548668622970581
6293749760.0,-0.3394745886325836
6294687744.0,-0.3261091709136963
6295625216.0,-0.3170589506626129
6296562688.0,-0.3137611150741577
6297500160.0,-0.313467800617218
6298437632.0,-0.3163473904132843
6299375104.0,-0.3217858672142029
6300312576.0,-0.3310180604457855
6301250048.0,-0.3414035737514496
6302187520.0,-0.3559377193450928
6303124992.0,-0.3731134533882141
6304062464.0,-0.39227306842803955
6304999936.0,-0.5312860608100891
6305937408.0,-0.5520979762077332
6306874880.0,-0.5744816660881042
6307812352.0,-0.5971125960350037
6308749824.0,-0.6213683485984802
6309687296.0,-0.646827757358551
6310624768.0,-0.6721184849739075
6311562752.0,-0.6991269588470459
6312500224.0,-0.724147617816925
6313437696.0,-0.7504115104675293
6314375168.0,-0.7767822742462158
6315312640.0,-0.801774799823761
6316250112.0,-0.8259170055389404
6317187584.0,-0.8493369221687317
6318125056.0,-0.8722448348999023
6319062528.0,-0.8920240998268127
6320000000.0,-0.9099920392036438
6320937472.0,-0.92515629529953
6321874944.0,-0.9432576894760132
6322812416.0,-0.9549245238304138
6323749888.0,-0.9657784700393677
6324687360.0,-0.9729114174842834
6325624832.0,-0.9792062044143677
6326562304.0,-0.9813413023948669
6327499776.0,-0.9813696146011353
6328437248.0,-0.9788092374801636
6329375232.0,-0.9731258153915405
6330312704.0,-0.963537871837616
6331250176.0,-0.9531741142272949
6332187648.0,-0.9400696754455566
6333125120.0,-0.9260477423667908
6334062592.0,-0.9111939668655396
6335000064.0,-0.8939310908317566
6335937536.0,-0.8757725358009338
6336875008.0,-0.8565396070480347
6337812480.0,-0.8372571468353271
6338749952.0,-0.8158353567123413
6339687424.0,-0.7938947081565857
6340624896.0,-0.7721617221832275
6341562368.0,-0.7498618364334106
6342499840.0,-0.725642204284668
6343437312.0,-0.7034335732460022
6344374784.0,-0.68171626329422
6345312256.0,-0.6583406925201416
6346250240.0,-0.6385316252708435
6347187712.0,-0.6172875761985779
6348125184.0,-0.594795286655426
6349062656.0,-0.5760428309440613
6350000128.0,-0.5574183464050293
6350937600.0,-0.5408403873443604
6351875072.0,-0.5254144072532654
6352812544.0,-0.5129539370536804
6353750016.0,-0.5019842982292175
6354687488.0,-0.49366459250450134
6355624960.0,-0.488673597574234
6356562432.0,-0.4861887991428375
6357499904.0,-0.4852251410484314
6358437376.0,-0.4878537356853485
6359374848.0,-0.491882860660553
6360312320.0,-0.49957504868507385
6361249792.0,-0.5094351172447205
6362187264.0,-0.5218046307563782
6363125248.0,-0.5356211066246033
6364062720.0,-0.5514992475509644
6365000192.0,-0.8258578777313232
6365937664.0,-0.8319099545478821
6366875136.0,-0.8386548161506653
6367812608.0,-0.8471826910972595
6368750080.0,-0.8539504408836365
6369687552.0,-0.8623486757278442
6370625024.0,-0.8702336549758911
6371562496.0,-0.8792122006416321
6372499968.0,-0.8875846862792969
6373437440.0,-0.8964053392410278
6374374912.0,-0.9050776958465576
6375312384.0,-0.9143387675285339
6376249856.0,-0.922480046749115
6377187328.0,-0.9310156106948853
6378124800.0,-0.9390192627906799
6379062272.0,-0.9460861682891846
6380000256.0,-0.9532381892204285
6380937728.0,-0.9598469138145447
6381875200.0,-0.9659269452095032
6382812672.0,-0.9709157347679138
6383750144.0,-0.977102518081665
6384687616.0,-0.980636715888977
6385625088.0,-0.9857801795005798
6386562560.0,-0.9899983406066895
6387500032.0,-0.9932728409767151
6388437504.0,-0.9966009855270386
6389374976.0,-0.999311625957489
6390312448.0,-1.0016489028930664
6391249920.0,-1.0038862228393555
6392187392.0,-1.0035818815231323
6393124864.0,-1.0031609535217285
6394062336.0,-1.0029109716415405
6394999808.0,-1.0002493858337402
6395937280.0,-0.9975003004074097
6396874752.0,-0.9952446222305298
6397812736.0,-0.9906409382820129
6398750208.0,-0.9879578351974487
6399687680.0,-0.984950065612793
6400625152.0,-0.9811503291130066
6401562624.0,-0.977486252784729
6402500096.0,-0.9748206734657288
6403437568.0,-0.9734212160110474
6404375040.0,-0.9730224013328552
6405312512.0,-0.9735259413719177
6406249984.0,-0.9749959111213684
6407187456.0,-0.9766823053359985
6408124928.0,-0.9787251949310303
6409062400.0,-0.9818065166473389
6409999872.0,-0.9854766726493835
6410937344.0,-0.9895127415657043
6411874816.0,-0.9951440095901489
6412812288.0,-1.001251220703125
6413749760.0,-1.0067226886749268
6414687744.0,-1.0137672424316406
6415625216.0,-1.0204957723617554
6416562688.0,-1.0273538827896118
6417500160.0,-1.0365338325500488
6418437632.0,-1.0444358587265015
6419375104.0,-1.0529263019561768
6420312576.0,-1.0623164176940918
6421250048.0,-1.0710636377334595
6422187520.0,-1.0798133611679077
6423124992.0,-1.0852519273757935
6424062464.0,-1.0900230407714844
6424999936.0,-1.1084167957305908
6425937408.0,-1.1203769445419312
6426874880.0,-1.1313964128494263
6427812352.0,-1.1414726972579956
6428749824.0,-1.1500205993652344
6429687296.0,-1.156343936920166
6430624768.0,-1.161098837852478
6431562752.0,-1.1648582220077515
6432500224.0,-1.1664958000183105
6433437696.0,-1.165539026260376
6434375168.0,-1.1637942790985107
6435312640.0,-1.1602588891983032
6436250112.0,-1.1566749811172485
6437187584.0,-1.14971923828125
6438125056.0,-1.1424230337142944
6439062528.0,-1.1342670917510986
6440000000.0,-1.1242222785949707
6440937472.0,-1.1135153770446777
6441874944.0,-1.1023216247558594
6442812416.0,-1.0903674364089966
6443749888.0,-1.0785095691680908
6444687360.0,-1.0650631189346313
6445624832.0,-1.052468180656433
6446562304.0,-1.0398012399673462
6447499776.0,-1.0279268026351929
6448437248.0,-1.0164120197296143
6449375232.0,-1.0070569515228271
6450312704.0,-0.9968640804290771
6451250176.0,-0.9878504276275635
6452187648.0,-0.9787511229515076
6453125120.0,-0.9701145887374878
6454062592.0,-0.9625246524810791
6455000064.0,-0.9559944868087769
6455937536.0,-0.9495114684104919
6456875008.0,-0.9443464279174805
6457812480.0,-0.9385712742805481
6458749952.0,-0.9332794547080994
6459687424.0,-0.9277809858322144
6460624896.0,-0.9228607416152954
6461562368.0,-0.9196938872337341
6462499840.0,-0.9151074290275574
6463437312.0,-0.9113465547561646
6464374784.0,-0.9076756834983826
6465312256.0,-0.9031424522399902
6466250240.0,-0.8993791341781616
6467187712.0,-0.8963953852653503
6468125184.0,-0.8914125561714172
6469062656.0,-0.8895809650421143
6470000128.0,-0.8845452070236206
6470937600.0,-0.880209743976593
6471875072.0,-0.8755381107330322
6472812544.0,-0.8702712059020996
6473750016.0,-0.866610586643219
6474687488.0,-0.8628346920013428
6475624960.0,-0.8598681092262268
6476562432.0,-0.8562485575675964
6477499904.0,-0.8528335094451904
6478437376.0,-0.8486225605010986
6479374848.0,-0.8455122709274292
6480312320.0,-0.842680811882019
6481249792.0,-0.8396126627922058
6482187264.0,-0.8370102047920227
6483125248.0,-0.8348049521446228
6484062720.0,-0.8357906341552734
6485000192.0,-0.9372270107269287
6485937664.0,-0.9455103278160095
6486875136.0,-0.9538928270339966
6487812608.0,-0.9615755081176758
6488750080.0,-0.9691530466079712
6489687552.0,-0.9755458235740662
6490625024.0,-0.9821107983589172
6491562496.0,-0.9891894459724426
6492499968.0,-0.9959229826927185
6493437440.0,-1.0022770166397095
6494374912.0,-1.0077067613601685
6495312384.0,-1.0128310918807983
6496249856.0,-1.0175163745880127
6497187328.0,-1.0229251384735107
6498124800.0,-1.0251145362854004
6499062272.0,-1.0263352394104004
6499999744.0,-1.0272350311279297
6500937728.0,-1.0254038572311401
6501875200.0,-1.0220212936401367
6502812672.0,-1.0185247659683228
6503750144.0,-1.0128862857818604
6504687616.0,-1.0071228742599487
6505625088.0,-0.9988470077514648
6506562560.0,-0.9892684817314148
6507500032.0,-0.9810752868652344
6508437504.0,-0.96969074010849
6509374976.0,-0.9581611156463623
6510312448.0,-0.9469534754753113
6511249920.0,-0.9346603155136108
6512187392.0,-0.9230881929397583
6513124864.0,-0.9105985164642334
6514062336.0,-0.8996330499649048
6514999808.0,-0.8882485628128052
6515937280.0,-0.8780168890953064
6516874752.0,-0.8669939637184143
6517812736.0,-0.8575671911239624
6518750208.0,-0.8475217223167419
6519687680.0,-0.8388453722000122
6520625152.0,-0.8310301303863525
6521562624.0,-0.82349693775177
6522500096.0,-0.8175680637359619
6523437568.0,-0.8116795420646667
6524375040.0,-0.805930495262146
6525312512.0,-0.8003247976303101
6526249984.0,-0.7961832284927368
6527187456.0,-0.7930832505226135
6528124928.0,-0.7913960218429565
6529062400.0,-0.7901555895805359
6529999872.0,-0.7902085185050964
6530937344.0,-0.7899842262268066
6531874816.0,-0.7927409410476685
6532812288.0,-0.7951700091362
6533749760.0,-0.7990810871124268
6534687744.0,-0.8021183609962463
6535625216.0,-0.807137668132782
6536562688.0,-0.8115135431289673
6537500160.0,-0.8178109526634216
6538437632.0,-0.8231815695762634
6539375104.0,-0.8292093873023987
6540312576.0,-0.8366624116897583
6541250048.0,-0.8439047336578369
6542187520.0,-0.8509342670440674
6543124992.0,-0.8573547601699829
6544062464.0,-0.865911066532135
6544999936.0,-0.8631101846694946
6545937408.0,-0.867193341255188
6546874880.0,-0.871310830116272
6547812352.0,-0.8766466975212097
6548749824.0,-0.8802140951156616
6549687296.0,-0.8834931254386902
6550624768.0,-0.8865571022033691
6551562752.0,-0.8901656866073608
6552500224.0,-0.8949278593063354
6553437696.0,-0.8997401595115662
6554375168.0,-0.9052555561065674
6555312640.0,-0.9112895727157593
6556250112.0,-0.9182767868041992
6557187584.0,-0.9264855980873108
6558125056.0,-0.936717689037323
6559062528.0,-0.9467918872833252
6560000000.0,-0.9578679800033569
6560937472.0,-0.9699751734733582
6561874944.0,-0.9837352633476257
6562812416.0,-0.9963808059692383
6563749888.0,-1.0100796222686768
6564687360.0,-1.0228402614593506
6565624832.0,-1.0365869998931885
6566562304.0,-1.0495688915252686
6567499776.0,-1.0613261461257935
6568437248.0,-1.0749491453170776
6569375232.0,-1.0880595445632935
6570312704.0,-1.1006641387939453
6571250176.0,-1.1123632192611694
6572187648.0,-1.1232068538665771
6573125120.0,-1.1326384544372559
6574062592.0,-1.1418108940124512
6575000064.0,-1.1488715410232544
6575937536.0,-1.155314564704895
6576875008.0,-1.1616790294647217
6577812480.0,-1.1671563386917114
6578749952.0,-1.172376275062561
6579687424.0,-1.1777424812316895
6580624896.0,-1.1813476085662842
6581562368.0,-1.1842070817947388
6582499840.0,-1.1867517232894897
6583437312.0,-1.1879719495773315
6584374784.0,-1.18955397605896
6585312256.0,-1.1898702383041382
6586250240.0,-1.1892223358154297
6587187712.0,-1.186442494392395
6588125184.0,-1.1842536926269531
6589062656.0,-1.1801679134368896
6590000128.0,-1.175512433052063
6590937600.0,-1.1701323986053467
6591875072.0,-1.1659342050552368
6592812544.0,-1.1612250804901123
6593750016.0,-1.1568806171417236
6594687488.0,-1.1531240940093994
6595624960.0,-1.1489958763122559
6596562432.0,-1.1453524827957153
6597499904.0,-1.1438703536987305
6598437376.0,-1.1423243284225464
6599374848.0,-1.1413902044296265
6600312320.0,-1.1396597623825073
6601249792.0,-1.1392284631729126
6602187264.0,-1.1402113437652588
6603125248.0,-1.141473650932312
6604062720.0,-1.1419318914413452
6605000192.0,-1.1394438743591309
6605937664.0,-1.143676519393921
6606875136.0,-1.1468182802200317
6607812608.0,-1.1510217189788818
6608750080.0,-1.153799057006836
6609687552.0,-1.1573286056518555
6610625024.0,-1.1613467931747437
6611562496.0,-1.164166808128357
6612499968.0,-1.1667604446411133
6613437440.0,-1.1709414720535278
6614374912.0,-1.1740796566009521
6615312384.0,-1.1785095930099487
6616249856.0,-1.183843970298767
6617187328.0,-1.187624216079712
6618124800.0,-1.1931312084197998
6619062272.0,-1.1984949111938477
6620000256.0,-1.204318642616272
6620937728.0,-1.2117657661437988
6621875200.0,-1.220413088798523
6622812672.0,-1.2286732196807861
6623750144.0,-1.2394263744354248
6624687616.0,-1.250748634338379
6625625088.0,-1.2653992176055908
6626562560.0,-1.28411865234375
6627500032.0,-1.3048309087753296
6628437504.0,-1.325518250465393
6629374976.0,-1.3474256992340088
6630312448.0,-1.368260145187378
6631249920.0,-1.389469027519226
6632187392.0,-1.410053014755249
6633124864.0,-1.4297088384628296
6634062336.0,-1.4490925073623657
6634999808.0,-1.4688329696655273
6635937280.0,-1.4875177145004272
6636874752.0,-1.507809042930603
6637812736.0,-1.5249830484390259
6638750208.0,-1.5421355962753296
6639687680.0,-1.558991551399231
6640625152.0,-1.5734732151031494
6641562624.0,-1.5887373685836792
6642500096.0,-1.6048773527145386
6643437568.0,-1.6167247295379639
6644375040.0,-1.6298569440841675
6645312512.0,-1.6399271488189697
6646249984.0,-1.6475824117660522
6647187456.0,-1.653774619102478
6648124928.0,-1.6590255498886108
6649062400.0,-1.6635783910751343
6649999872.0,-1.6665374040603638
6650937344.0,-1.6691254377365112
6651874816.0,-1.6731665134429932
6652812288.0,-1.6767146587371826
6653749760.0,-1.6785722970962524
6654687744.0,-1.6821163892745972
6655625216.0,-1.6859369277954102
6656562688.0,-1.6908743381500244
6657500160.0,-1.696118950843811
6658437632.0,-1.7014074325561523
6659375104.0,-1.7079416513442993
6660312576.0,-1.7163000106811523
6661250048.0,-1.7259786128997803
6662187520.0,-1.7365272045135498
6663124992.0,-1.7486326694488525
6664062464.0,-1.7605780363082886
6664999936.0,-1.7815916538238525
6665937408.0,-1.7924247980117798
6666874880.0,-1.806706428527832
6667812352.0,-1.8210405111312866
6668749824.0,-1.8361088037490845
6669687296.0,-1.851246953010559
6670624768.0,-1.8664066791534424
6671562752.0,-1.88048255443573
6672500224.0,-1.893854022026062
6673437696.0,-1.9055521488189697
6674375168.0,-1.9157702922821045
6675312640.0,-1.9271469116210938
6676250112.0,-1.9363954067230225
6677187584.0,-1.9417496919631958
6678125056.0,-1.945730209350586
6679062528.0,-1.9486525058746338
6680000000.0,-1.9501129388809204
6680937472.0,-1.9501874446868896
6681874944.0,-1.950844645500183
6682812416.0,-1.950036644935608
6683749888.0,-1.9506360292434692
6684687360.0,-1.951792597770691
6685624832.0,-1.9520277976989746
6686562304.0,-1.9540289640426636
6687499776.0,-1.9567303657531738
6688437248.0,-1.9608893394470215
6689375232.0,-1.9650887250900269
6690312704.0,-1.9709746837615967
6691250176.0,-1.9765050411224365
6692187648.0,-1.9845184087753296
6693125120.0,-1.9938545227050781
6694062592.0,-2.0042641162872314
6695000064.0,-2.01668381690979
6695937536.0,-2.031554937362671
6696875008.0,-2.047557830810547
6697812480.0,-2.063598394393921
6698749952.0,-2.0835864543914795
6699687424.0,-2.105391263961792
6700624896.0,-2.12841534614563
6701562368.0,-2.1531381607055664
6702499840.0,-2.176213264465332
6703437312.0,-2.200777292251587
6704374784.0,-2.2242040634155273
6705312256.0,-2.248152017593384
6706250240.0,-2.27069354057312
6707187712.0,-2.292027235031128
6708125184.0,-2.3143577575683594
6709062656.0,-2.334115982055664
6710000128.0,-2.3531975746154785
6710937600.0,-2.371149778366089
6711875072.0,-2.387009859085083
6712812544.0,-2.400524377822876
6713750016.0,-2.4127163887023926
6714687488.0,-2.4229440689086914
6715624960.0,-2.4315342903137207
6716562432.0,-2.4375011920928955
6717499904.0,-2.4414894580841064
6718437376.0,-2.4428017139434814
6719374848.0,-2.44309139251709
6720312320.0,-2.441939353942871
6721249792.0,-2.440141201019287
6722187264.0,-2.438028573989868
6723125248.0,-2.4379630088806152
6724062720.0,-2.437168598175049
6725000192.0,-2.413790464401245
6725937664.0,-2.417971611022949
6726875136.0,-2.4238834381103516
6727812608.0,-2.429121971130371
6728750080.0,-2.436997890472412
6729687552.0,-2.4463181495666504
6730625024.0,-2.4569435119628906
6731562496.0,-2.4678902626037598
6732499968.0,-2.481153964996338
6733437440.0,-2.4977433681488037
6734374912.0,-2.5157628059387207
6735312384.0,-2.536053419113159
6736249856.0,-2.558778762817383
6737187328.0,-2.582395553588867
6738124800.0,-2.6075282096862793
6739062272.0,-2.6354782581329346
6739999744.0,-2.6643753051757812
6740937728.0,-2.6940040588378906
6741875200.0,-2.725562572479248
6742812672.0,-2.757009744644165
6743750144.0,-2.788329839706421
6744687616.0,-2.8209800720214844
6745625088.0,-2.8524909019470215
6746562560.0,-2.8850960731506348
6747500032.0,-2.9185166358947754
6748437504.0,-2.94948410987854
6749374976.0,-2.980457305908203
6750312448.0,-3.0082004070281982
6751249920.0,-3.0344295501708984
6752187392.0,-3.059863328933716
6753124864.0,-3.0778751373291016
6754062336.0,-3.090792179107666
6754999808.0,-3.100078582763672
6755937280.0,-3.105720281600952
6756874752.0,-3.107896327972412
6757812736.0,-3.1060447692871094
6758750208.0,-3.1017582416534424
6759687680.0,-3.092148780822754
6760625152.0,-3.079576253890991
6761562624.0,-3.0604865550994873
6762500096.0,-3.0371389389038086
6763437568.0,-3.0069828033447266
6764375040.0,-2.971402883529663
6765312512.0,-2.9299192428588867
6766249984.0,-2.8827099800109863
6767187456.0,-2.833310604095459
6768124928.0,-2.77878475189209
6769062400.0,-2.7223658561706543
6769999872.0,-2.66198468208313
6770937344.0,-2.5985267162323
6771874816.0,-2.5329928398132324
6772812288.0,-2.4670238494873047
6773749760.0,-2.401008129119873
6774687744.0,-2.337878942489624
6775625216.0,-2.274596929550171
6776562688.0,-2.213538408279419
6777500160.0,-2.1566786766052246
6778437632.0,-2.1069693565368652
6779375104.0,-2.0605812072753906
6780312576.0,-2.016988515853882
6781250048.0,-1.9788970947265625
6782187520.0,-1.9434393644332886
6783124992.0,-1.9128576517105103
6784062464.0,-1.885701298713684
6784999936.0,-2.338937520980835
6785937408.0,-2.31992769241333
6786874880.0,-2.3010268211364746
6787812352.0,-2.281893491744995
6788749824.0,-2.2645037174224854
6789687296.0,-2.246943235397339
6790624768.0,-2.2309956550598145
6791562752.0,-2.21803879737854
6792500224.0,-2.206251859664917
6793437696.0,-2.1973791122436523
6794375168.0,-2.189603090286255
6795312640.0,-2.184303045272827
6796250112.0,-2.178856372833252
6797187584.0,-2.176342725753784
6798125056.0,-2.1750569343566895
6799062528.0,-2.177273988723755
6800000000.0,-2.182908058166504
6800937472.0,-2.1903038024902344
6801874944.0,-2.2008399963378906
6802812416.0,-2.2126340866088867
6803749888.0,-2.2275943756103516
6804687360.0,-2.2427103519439697
6805624832.0,-2.26025128364563
6806562304.0,-2.27821683883667
6807499776.0,-2.2961742877960205
6808437248.0,-2.314133644104004
6809375232.0,-2.3330013751983643
6810312704.0,-2.351283550262451
6811250176.0,-2.3685483932495117
6812187648.0,-2.384500503540039
6813125120.0,-2.3997111320495605
6814062592.0,-2.4139273166656494
6815000064.0,-2.425081968307495
6815937536.0,-2.4346022605895996
6816875008.0,-2.443385601043701
6817812480.0,-2.447687864303589
6818749952.0,-2.4507508277893066
6819687424.0,-2.4480626583099365
6820624896.0,-2.440746545791626
6821562368.0,-2.429579257965088
6822499840.0,-2.414885997772217
6823437312.0,-2.3962318897247314
6824374784.0,-2.373115062713623
6825312256.0,-2.3472588062286377
6826250240.0,-2.319849729537964
6827187712.0,-2.2882232666015625
6828125184.0,-2.2563064098358154
6829062656.0,-2.2207436561584473
6830000128.0,-2.183333396911621
6830937600.0,-2.145648241043091
6831875072.0,-2.1072983741760254
6832812544.0,-2.0669450759887695
6833750016.0,-2.0264992713928223
6834687488.0,-1.9847486019134521
6835624960.0,-1.9419461488723755
6836562432.0,-1.897633671760559
6837499904.0,-1.8540682792663574
6838437376.0,-1.8122469186782837
6839374848.0,-1.7716519832611084
6840312320.0,-1.7330403327941895
6841249792.0,-1.6971601247787476
6842187264.0,-1.6641799211502075
6843125248.0,-1.6331743001937866
6844062720.0,-1.6041607856750488
6845000192.0,-1.4984451532363892
6845937664.0,-1.4720429182052612
6846875136.0,-1.4471791982650757
6847812608.0,-1.4264483451843262
6848750080.0,-1.4076504707336426
6849687552.0,-1.391311526298523
6850625024.0,-1.3786429166793823
6851562496.0,-1.3696306943893433
6852499968.0,-1.3635892868041992
6853437440.0,-1.3592615127563477
6854374912.0,-1.3582581281661987
6855312384.0,-1.3580514192581177
6856249856.0,-1.360435128211975
6857187328.0,-1.3662514686584473
6858124800.0,-1.3740277290344238
6859062272.0,-1.384804129600525
6860000256.0,-1.3970873355865479
6860937728.0,-1.4122300148010254
6861875200.0,-1.4302576780319214
6862812672.0,-1.4480773210525513
6863750144.0,-1.4692782163619995
6864687616.0,-1.489657998085022
6865625088.0,-1.5110524892807007
6866562560.0,-1.5333715677261353
6867500032.0,-1.5539175271987915
6868437504.0,-1.5735528469085693
6869374976.0,-1.5914140939712524
6870312448.0,-1.6060571670532227
6871249920.0,-1.6206456422805786
6872187392.0,-1.6315919160842896
6873124864.0,-1.6420432329177856
6874062336.0,-1.6493855714797974
6874999808.0,-1.6555181741714478
6875937280.0,-1.6590845584869385
6876874752.0,-1.660203456878662
6877812736.0,-1.6572874784469604
6878750208.0,-1.649795651435852
6879687680.0,-1.6417853832244873
6880625152.0,-1.6289979219436646
6881562624.0,-1.612654209136963
6882500096.0,-1.5939922332763672
6883437568.0,-1.5718008279800415
6884375040.0,-1.5467941761016846
6885312512.0,-1.5213103294372559
6886249984.0,-1.4913740158081055
6887187456.0,-1.4618333578109741
6888124928.0,-1.432173490524292
6889062400.0,-1.401033878326416
6889999872.0,-1.3686983585357666
6890937344.0,-1.3376511335372925
6891874816.0,-1.3057644367218018
6892812288.0,-1.2746984958648682
6893749760.0,-1.243208885192871
6894687744.0,-1.2145676612854004
6895625216.0,-1.1848026514053345
6896562688.0,-1.1555510759353638
6897500160.0,-1.1288551092147827
6898437632.0,-1.1041475534439087
6899375104.0,-1.0790694952011108
6900312576.0,-1.0565115213394165
6901250048.0,-1.0354546308517456
6902187520.0,-1.016271948814392
6903124992.0,-0.9983152151107788
6904062464.0,-0.98231440782547
6904999936.0,-0.9817603826522827
6905937408.0,-0.976313054561615
6906874880.0,-0.9742394089698792
6907812352.0,-0.9738100171089172
6908749824.0,-0.9755061268806458
6909687296.0,-0.9787600636482239
6910624768.0,-0.9843875765800476
6911562752.0,-0.9901524186134338
6912500224.0,-0.9971253275871277
6913437696.0,-1.0039533376693726
6914375168.0,-1.0092419385910034
6915312640.0,-1.014668583869934
6916250112.0,-1.0189920663833618
6917187584.0,-1.0225509405136108
6918125056.0,-1.0235999822616577
6919062528.0,-1.0237858295440674
6920000000.0,-1.0222543478012085
6920937472.0,-1.0194056034088135
6921874944.0,-1.0153716802597046
6922812416.0,-1.0095678567886353
6923749888.0,-1.0023095607757568
6924687360.0,-0.9927634596824646
6925624832.0,-0.9818140268325806
6926562304.0,-0.9681879281997681
6927499776.0,-0.9532342553138733
6928437248.0,-0.9365025758743286
6929375232.0,-0.9185804128646851
6930312704.0,-0.8998599052429199
6931250176.0,-0.8816307187080383
6932187648.0,-0.8586440682411194
6933125120.0,-0.8373268246650696
6934062592.0,-0.8139491677284241
6935000064.0,-0.7913886904716492
6935937536.0,-0.7675618529319763
6936875008.0,-0.7455280423164368
6937812480.0,-0.7239059209823608
6938749952.0,-0.7027735710144043
6939687424.0,-0.6818532347679138
6940624896.0,-0.6615976691246033
6941562368.0,-0.642319917678833
6942499840.0,-0.6242434978485107
6943437312.0,-0.6076218485832214
6944374784.0,-0.5927918553352356
6945312256.0,-0.5791887640953064
6946250240.0,-0.5669555068016052
6947187712.0,-0.5563259720802307
6948125184.0,-0.548635721206665
6949062656.0,-0.5409673452377319
6950000128.0,-0.5354356169700623
6950937600.0,-0.5327942371368408
6951875072.0,-0.5300439596176147
6952812544.0,-0.5299897789955139
6953750016.0,-0.5301434397697449
6954687488.0,-0.5325464606285095
6955624960.0,-0.5362603664398193
6956562432.0,-0.5418791174888611
6957499904.0,-0.5503552556037903
6958437376.0,-0.5588667392730713
6959374848.0,-0.5698527097702026
6960312320.0,-0.5797265768051147
6961249792.0,-0.589778482913971
6962187264.0,-0.6010235548019409
6963125248.0,-0.6122318506240845
6964062720.0,-0.6222137808799744
6965000192.0,-0.5290827751159668
6965937664.0,-0.5379589200019836
6966875136.0,-0.5484657287597656
6967812608.0,-0.5571517944335938
6968750080.0,-0.5674870014190674
6969687552.0,-0.5785708427429199
6970625024.0,-0.589544951915741
6971562496.0,-0.6003846526145935
6972499968.0,-0.6128115057945251
6973437440.0,-0.6247479319572449
6974374912.0,-0.6363192200660706
6975312384.0,-0.6491314768791199
6976249856.0,-0.6608339548110962
6977187328.0,-0.6727967262268066
6978124800.0,-0.684053897857666
6979062272.0,-0.6970050930976868
6979999744.0,-0.708413302898407
6980937728.0,-0.7194889187812805
6981875200.0,-0.7297940254211426
6982812672.0,-0.739325225353241
6983750144.0,-0.7474210858345032
6984687616.0,-0.757138192653656
6985625088.0,-0.765728235244751
6986562560.0,-0.7726786136627197
6987500032.0,-0.7796277403831482
6988437504.0,-0.7860007286071777
6989374976.0,-0.7897180914878845
6990312448.0,-0.7919117212295532
6991249920.0,-0.7932248115539551
6992187392.0,-0.7937583923339844
6993124864.0,-0.7927552461624146
6994062336.0,-0.7898248434066772
6994999808.0,-0.7861136198043823
6995937280.0,-0.7798916101455688
6996874752.0,-0.7733474969863892
6997812736.0,-0.7652403712272644
6998750208.0,-0.7566432952880859
6999687680.0,-0.7465013265609741
7000625152.0,-0.7362966537475586
7001562624.0,-0.7256354093551636
7002500096.0,-0.7136040329933167
7003437568.0,-0.7017534971237183
7004375040.0,-0.687856137752533
7005312512.0,-0.6749795079231262
7006249984.0,-0.6610573530197144
7007187456.0,-0.6453225612640381
7008124928.0,-0.6279972195625305
7009062400.0,-0.6109784841537476
7009999872.0,-0.5944291949272156
7010937344.0,-0.5773630142211914
7011874816.0,-0.5615010857582092
7012812288.0,-0.545271635055542
7013749760.0,-0.529367983341217
7014687744.0,-0.5135828256607056
7015625216.0,-0.4982958436012268
7016562688.0,-0.482577919960022
7017500160.0,-0.4680972099304199
7018437632.0,-0.4533652365207672
7019375104.0,-0.4399985074996948
7020312576.0,-0.4265093505382538
7021250048.0,-0.4144741892814636
7022187520.0,-0.40243780612945557
7023124992.0,-0.39145931601524353
7024062464.0,-0.38218244910240173
7024999936.0,-0.2950380742549896
7025937408.0,-0.2974303066730499
7026874880.0,-0.30248355865478516
7027812352.0,-0.30755677819252014
7028749824.0,-0.3141724169254303
7029687296.0,-0.3203679621219635
7030624768.0,-0.328706294298172
7031562752.0,-0.3367108702659607
7032500224.0,-0.3457818925380707
7033437696.0,-0.3571372628211975
7034375168.0,-0.36928319931030273
7035312640.0,-0.38223740458488464
7036250112.0,-0.39583420753479004
7037187584.0,-0.4098067283630371
7038125056.0,-0.4247192144393921
7039062528.0,-0.4388439953327179
7040000000.0,-0.45323270559310913
7040937472.0,-0.4664786159992218
7041874944.0,-0.47987836599349976
7042812416.0,-0.49375155568122864
7043749888.0,-0.5072073936462402
7044687360.0,-0.5202054977416992
7045624832.0,-0.5315797924995422
7046562304.0,-0.5435774326324463
7047499776.0,-0.553063154220581
7048437248.0,-0.5625839829444885
7049375232.0,-0.5707229375839233
7050312704.0,-0.5775144696235657
7051250176.0,-0.5847592949867249
7052187648.0,-0.5899470448493958
7053125120.0,-0.5947493314743042
7054062592.0,-0.5981159806251526
7055000064.0,-0.5996199250221252
7055937536.0,-0.6003279089927673
7056875008.0,-0.6001944541931152
7057812480.0,-0.5985469222068787
7058749952.0,-0.5992543697357178
7059687424.0,-0.598036527633667
7060624896.0,-0.5958896279335022
7061562368.0,-0.5913987755775452
7062499840.0,-0.5871980786323547
7063437312.0,-0.5817366242408752
7064374784.0,-0.5735194087028503
7065312256.0,-0.5666968822479248
7066250240.0,-0.5576347708702087
7067187712.0,-0.5470883846282959
7068125184.0,-0.5365458726882935
7069062656.0,-0.5254817008972168
7070000128.0,-0.5138610601425171
7070937600.0,-0.5010272860527039
7071875072.0,-0.48740527033805847
7072812544.0,-0.4746584892272949
7073750016.0,-0.46037280559539795
7074687488.0,-0.44642743468284607
7075624960.0,-0.43101024627685547
7076562432.0,-0.4159255623817444
7077499904.0,-0.4009615480899811
7078437376.0,-0.3849635422229767
7079374848.0,-0.3697379529476166
7080312320.0,-0.35401326417922974
7081249792.0,-0.3386503756046295
7082187264.0,-0.32297825813293457
7083125248.0,-0.30799150466918945
7084062720.0,-0.2923172116279602
7085000192.0,-0.3549231290817261
7085937664.0,-0.34370318055152893
7086875136.0,-0.33239632844924927
7087812608.0,-0.32129526138305664
7088750080.0,-0.3115553855895996
7089687552.0,-0.3021578788757324
7090625024.0,-0.2938470244407654
7091562496.0,-0.28672417998313904
7092499968.0,-0.2791746258735657
7093437440.0,-0.2743535041809082
7094374912.0,-0.269377201795578
7095312384.0,-0.26748695969581604
7096249856.0,-0.2643093466758728
7097187328.0,-0.26370686292648315
7098124800.0,-0.26378563046455383
7099062272.0,-0.26533976197242737
7100000256.0,-0.2705395519733429
7100937728.0,-0.27555644512176514
7101875200.0,-0.28272774815559387
7102812672.0,-0.29156649112701416
7103750144.0,-0.30242201685905457
7104687616.0,-0.3131293058395386
7105625088.0,-0.32709214091300964
7106562560.0,-0.34210559725761414
7107500032.0,-0.3582638204097748
7108437504.0,-0.3747529685497284
7109374976.0,-0.3945123553276062
7110312448.0,-0.4166744649410248
7111249920.0,-0.43909701704978943
7112187392.0,-0.4603147506713867
7113124864.0,-0.483665406703949
7114062336.0,-0.5056780576705933
7114999808.0,-0.5288451910018921
7115937280.0,-0.5513790249824524
7116874752.0,-0.5738442540168762
7117812736.0,-0.5958393216133118
7118750208.0,-0.6164425611495972
7119687680.0,-0.6370871663093567
7120625152.0,-0.6561713218688965
7121562624.0,-0.673305094242096
7122500096.0,-0.6894158720970154
7123437568.0,-0.7030218243598938
7124375040.0,-0.7160443663597107
7125312512.0,-0.7272749543190002
7126249984.0,-0.7354946136474609
7127187456.0,-0.7429797053337097
7128124928.0,-0.7480001449584961
7129062400.0,-0.7493175268173218
7129999872.0,-0.7504730224609375
7130937344.0,-0.7486954927444458
7131874816.0,-0.7441766858100891
7132812288.0,-0.7385684251785278
7133749760.0,-0.7292859554290771
7134687744.0,-0.7198027968406677
7135625216.0,-0.7087191939353943
7136562688.0,-0.6958372592926025
7137500160.0,-0.6808794140815735
7138437632.0,-0.6644752025604248
7139375104.0,-0.6454915404319763
7140312576.0,-0.6262483596801758
7141250048.0,-0.6062096357345581
7142187520.0,-0.5845765471458435
7143124992.0,-0.5614282488822937
7144062464.0,-0.42921826243400574
7144999936.0,-0.428225040435791
7145937408.0,-0.4260713458061218
7146874880.0,-0.42346125841140747
7147812352.0,-0.4206368625164032
7148749824.0,-0.4186455309391022
7149687296.0,-0.415858656167984
7150624768.0,-0.41350874304771423
7151562752.0,-0.41276997327804565
7152500224.0,-0.41110682487487793
7153437696.0,-0.41221073269844055
7154375168.0,-0.4147277772426605
7155312640.0,-0.4172053337097168
7156250112.0,-0.4210696220397949
7157187584.0,-0.4273725748062134
7158125056.0,-0.43393343687057495
7159062528.0,-0.4426848590373993
7160000000.0,-0.4504251182079315
7160937472.0,-0.4561624825000763
7161874944.0,-0.4630797505378723
7162812416.0,-0.4720838963985443
7163749888.0,-0.48059582710266113
7164687360.0,-0.49014896154403687
7165624832.0,-0.5000872611999512
7166562304.0,-0.5114693641662598
7167499776.0,-0.5208172798156738
7168437248.0,-0.5313318967819214
7169375232.0,-0.5404744744300842
7170312704.0,-0.5486482381820679
7171250176.0,-0.5573567152023315
7172187648.0,-0.564011812210083
7173125120.0,-0.5701098442077637
7174062592.0,-0.5730838775634766
7175000064.0,-0.5770403742790222
7175937536.0,-0.5777065753936768
7176875008.0,-0.5768346786499023
7177812480.0,-0.5742923021316528
7178749952.0,-0.5703769326210022
7179687424.0,-0.5649129748344421
7180624896.0,-0.5587677955627441
7181562368.0,-0.5500361323356628
7182499840.0,-0.5401334762573242
7183437312.0,-0.5287992358207703
7184374784.0,-0.5169626474380493
7185312256.0,-0.5035348534584045
7186250240.0,-0.48594608902931213
7187187712.0,-0.4671720862388611
7188125184.0,-0.44715747237205505
7189062656.0,-0.4276616871356964
7190000128.0,-0.4084315896034241
7190937600.0,-0.3883504271507263
7191875072.0,-0.36879241466522217
7192812544.0,-0.3494974672794342
7193750016.0,-0.3290853500366211
7194687488.0,-0.3098416030406952
7195624960.0,-0.2919425070285797
7196562432.0,-0.2738747298717499
7197499904.0,-0.25864648818969727
7198437376.0,-0.24436555802822113
7199374848.0,-0.23247870802879333
7200312320.0,-0.22092746198177338
7201249792.0,-0.21203820407390594
7202187264.0,-0.20562906563282013
7203125248.0,-0.20265011489391327
7204062720.0,-0.30670538544654846
7205000192.0,-0.31901031732559204
7205937664.0,-0.33476850390434265
7206875136.0,-0.3527088165283203
7207812608.0,-0.37380504608154297
7208750080.0,-0.39765703678131104
7209687552.0,-0.42333993315696716
7210625024.0,-0.45134881138801575
7211562496.0,-0.4827006459236145
7212499968.0,-0.5150449872016907
7213437440.0,-0.5486776828765869
7214374912.0,-0.5836087465286255
7215312384.0,-0.6169013381004333
7216249856.0,-0.6518291234970093
7217187328.0,-0.6841643452644348
7218124800.0,-0.7168395519256592
7219062272.0,-0.74821537733078
7219999744.0,-0.7765148878097534
7220937728.0,-0.8037359118461609
7221875200.0,-0.8265839219093323
7222812672.0,-0.8465272188186646
7223750144.0,-0.8620090484619141
7224687616.0,-0.8734557032585144
7225625088.0,-0.8820636868476868
7226562560.0,-0.8847556710243225
7227500032.0,-0.8835482001304626
7228437504.0,-0.8784254789352417
7229374976.0,-0.8686142563819885
7230312448.0,-0.8541284799575806
7231249920.0,-0.8367111682891846
7232187392.0,-0.8137544393539429
7233124864.0,-0.7879865765571594
7234062336.0,-0.7599439024925232
7234999808.0,-0.7285184264183044
7235937280.0,-0.6930422782897949
7236874752.0,-0.6585124731063843
7237812736.0,-0.6203535199165344
7238750208.0,-0.5827103853225708
7239687680.0,-0.5422443747520447
7240625152.0,-0.5004978179931641
7241562624.0,-0.4586433172225952
7242500096.0,-0.41670292615890503
7243437568.0,-0.374299019575119
7244375040.0,-0.33104240894317627
7245312512.0,-0.28882646560668945
7246249984.0,-0.24910058081150055
7247187456.0,-0.2101212739944458
7248124928.0,-0.17392927408218384
7249062400.0,-0.139766126871109
7249999872.0,-0.10838633030653
7250937344.0,-0.07960375398397446
7251874816.0,-0.054154012352228165
7252812288.0,-0.03137421980500221
7253749760.0,-0.012858657166361809
7254687744.0,0.0029102314729243517
7255625216.0,0.015449018217623234
7256562688.0,0.024657418951392174
7257500160.0,0.0289068091660738
7258437632.0,0.028765231370925903
7259375104.0,0.02447441592812538
7260312576.0,0.017624540254473686
7261250048.0,0.004239651374518871
7262187520.0,-0.0135732376947999
7263124992.0,-0.035887058824300766
7264062464.0,-0.30664387345314026
7264999936.0,-0.3035876750946045
7265937408.0,-0.30309152603149414
7266874880.0,-0.304397314786911
7267812352.0,-0.3077451288700104
7268749824.0,-0.31396058201789856
7269687296.0,-0.3207303583621979
7270624768.0,-0.33107829093933105
7271562752.0,-0.34165140986442566
7272500224.0,-0.3551323711872101
7273437696.0,-0.3702860474586487
7274375168.0,-0.38554906845092773
7275312640.0,-0.40263307094573975
7276250112.0,-0.41952672600746155
7277187584.0,-0.4355209171772003
7278125056.0,-0.4528755247592926
7279062528.0,-0.46864214539527893
7280000000.0,-0.48331236839294434
7280937472.0,-0.4965934157371521
7281874944.0,-0.5091406106948853
7282812416.0,-0.5191805362701416
7283749888.0,-0.5252516865730286
7284687360.0,-0.5314143896102905
7285624832.0,-0.5341982841491699
7286562304.0,-0.534675121307373
7287499776.0,-0.5343773365020752
7288437248.0,-0.533353865146637
7289375232.0,-0.5296615958213806
7290312704.0,-0.5251977443695068
7291250176.0,-0.5172576308250427
7292187648.0,-0.5080457329750061
7293125120.0,-0.4970252513885498
7294062592.0,-0.48352378606796265
7295000064.0,-0.4697444438934326
7295937536.0,-0.4531172513961792
7296875008.0,-0.4359915852546692
7297812480.0,-0.41838276386260986
7298749952.0,-0.3996835947036743
7299687424.0,-0.382347971200943
7300624896.0,-0.364452987909317
7301562368.0,-0.3468037247657776
7302499840.0,-0.3295697867870331
7303437312.0,-0.3137897253036499
7304374784.0,-0.2978919744491577
7305312256.0,-0.28442829847335815
7306250240.0,-0.2707882225513458
7307187712.0,-0.2585813105106354
7308125184.0,-0.24786408245563507
7309062656.0,-0.23849689960479736
7310000128.0,-0.23051998019218445
7310937600.0,-0.22497431933879852
7311875072.0,-0.2191956341266632
7312812544.0,-0.2171391248703003
7313750016.0,-0.21560776233673096
7314687488.0,-0.2159101814031601
7315624960.0,-0.2149154245853424
7316562432.0,-0.21356400847434998
7317499904.0,-0.2134559601545334
7318437376.0,-0.21224480867385864
7319374848.0,-0.2105647772550583
7320312320.0,-0.20750443637371063
7321249792.0,-0.20329923927783966
7322187264.0,-0.1962735652923584
7323125248.0,-0.187004953622818
7324062720.0,-0.33118870854377747
7325000192.0,-0.3097619116306305
7325937664.0,-0.2859192192554474
7326875136.0,-0.26100605726242065
7327812608.0,-0.2345062494277954
7328750080.0,-0.20676444470882416
7329687552.0,-0.17923936247825623
7330625024.0,-0.15230078995227814
7331562496.0,-0.12708865106105804
7332499968.0,-0.10236713290214539
7333437440.0,-0.08162937313318253
7334374912.0,-0.06415317207574844
7335312384.0,-0.051046520471572876
7336249856.0,-0.04182317852973938
7337187328.0,-0.038378771394491196
7338124800.0,-0.038053736090660095
7339062272.0,-0.040626414120197296
7340000256.0,-0.04769587516784668
7340937728.0,-0.058567069470882416
7341875200.0,-0.07496840506792068
7342812672.0,-0.09461886435747147
7343750144.0,-0.1174202710390091
7344687616.0,-0.14213444292545319
7345625088.0,-0.16772855818271637
7346562560.0,-0.19356250762939453
7347500032.0,-0.21892081201076508
7348437504.0,-0.24225211143493652
7349374976.0,-0.26421287655830383
7350312448.0,-0.2836189568042755
7351249920.0,-0.3003397583961487
7352187392.0,-0.3110558092594147
7353124864.0,-0.31907323002815247
7354062336.0,-0.3215380609035492
7354999808.0,-0.3182551860809326
7355937280.0,-0.31006184220314026
7356874752.0,-0.2980915307998657
7357812736.0,-0.28213781118392944
7358750208.0,-0.261456161737442
7359687680.0,-0.23645010590553284
7360625152.0,-0.20976674556732178
7361562624.0,-0.18017029762268066
7362500096.0,-0.1494157910346985
7363437568.0,-0.11690153181552887
7364375040.0,-0.08212105929851532
7365312512.0,-0.04836590588092804
7366249984.0,-0.016550572589039803
7367187456.0,0.01262097992002964
7368124928.0,0.03799843415617943
7369062400.0,0.05926810950040817
7369999872.0,0.07616906613111496
7370937344.0,0.08879830688238144
7371874816.0,0.09884728491306305
7372812288.0,0.10636873543262482
7373749760.0,0.1099395826458931
7374687744.0,0.11158862709999084
7375625216.0,0.11398021876811981
7376562688.0,0.11526475846767426
7377500160.0,0.11409056186676025
7378437632.0,0.11272957921028137
7379375104.0,0.10961367189884186
7380312576.0,0.10546325892210007
7381250048.0,0.09949018061161041
7382187520.0,0.09265149384737015
7383124992.0,0.0845155268907547
7384062464.0,-0.2205391824245453
7384999936.0,-0.23928135633468628
7385937408.0,-0.25650107860565186
7386874880.0,-0.27343642711639404
7387812352.0,-0.29000017046928406
7388749824.0,-0.30533987283706665
7389687296.0,-0.31860774755477905
7390624768.0,-0.3299017548561096
7391562752.0,-0.3389422595500946
7392500224.0,-0.34672558307647705
7393437696.0,-0.34914353489875793
7394375168.0,-0.3493051826953888
7395312640.0,-0.3462166488170624
7396250112.0,-0.33867400884628296
7397187584.0,-0.3283911347389221
7398125056.0,-0.31366342306137085
7399062528.0,-0.29579630494117737
7400000000.0,-0.2754461169242859
7400937472.0,-0.250788152217865
7401874944.0,-0.224101260304451
7402812416.0,-0.19395413994789124
7403749888.0,-0.16164623200893402
7404687360.0,-0.12703342735767365
7405624832.0,-0.09191852062940598
7406562304.0,-0.05499402433633804
7407499776.0,-0.017488205805420876
7408437248.0,0.01970486156642437
7409375232.0,0.055071379989385605
7410312704.0,0.09150616824626923
7411250176.0,0.1253235638141632
7412187648.0,0.15767742693424225
7413125120.0,0.18896238505840302
7414062592.0,0.2170400470495224
7415000064.0,0.24192990362644196
7415937536.0,0.26423951983451843
7416875008.0,0.2842084765434265
7417812480.0,0.30036836862564087
7418749952.0,0.31258267164230347
7419687424.0,0.32197773456573486
7420624896.0,0.32681432366371155
7421562368.0,0.3277662992477417
7422499840.0,0.3266335725784302
7423437312.0,0.3200179636478424
7424374784.0,0.3118368685245514
7425312256.0,0.29817503690719604
7426250240.0,0.2825182378292084
7427187712.0,0.26449069380760193
7428125184.0,0.24179622530937195
7429062656.0,0.21906913816928864
7430000128.0,0.1928802728652954
7430937600.0,0.16600452363491058
7431875072.0,0.1364791840314865
7432812544.0,0.10503599047660828
7433750016.0,0.07476785033941269
7434687488.0,0.04318379983305931
7435624960.0,0.011964209377765656
7436562432.0,-0.019415225833654404
7437499904.0,-0.0507638081908226
7438437376.0,-0.08019503951072693
7439374848.0,-0.10979724675416946
7440312320.0,-0.13948921859264374
7441249792.0,-0.16864469647407532
7442187264.0,-0.19617974758148193
7443125248.0,-0.22217892110347748
7444062720.0,0.02902481146156788
7445000192.0,0.013721874915063381
7445937664.0,-0.0034123973455280066
7446875136.0,-0.020503193140029907
7447812608.0,-0.03775692731142044
7448750080.0,-0.054549440741539
7449687552.0,-0.0703502744436264
7450625024.0,-0.0850784182548523
7451562496.0,-0.09959043562412262
7452499968.0,-0.11049368977546692
7453437440.0,-0.1219358742237091
7454374912.0,-0.13025528192520142
7455312384.0,-0.13726389408111572
7456249856.0,-0.14044995605945587
7457187328.0,-0.14319433271884918
7458124800.0,-0.14188896119594574
7459062272.0,-0.13970865309238434
7459999744.0,-0.13503727316856384
7460937728.0,-0.12785746157169342
7461875200.0,-0.11981489509344101
7462812672.0,-0.11117050796747208
7463750144.0,-0.10049231350421906
7464687616.0,-0.08912237733602524
7465625088.0,-0.0794340968132019
7466562560.0,-0.07184277474880219
7467500032.0,-0.06281479448080063
7468437504.0,-0.05527355149388313
7469374976.0,-0.04746970161795616
7470312448.0,-0.04136272147297859
7471249920.0,-0.03530275449156761
7472187392.0,-0.030666286125779152
7473124864.0,-0.0277143232524395
7474062336.0,-0.025448517873883247
7474999808.0,-0.02501140721142292
7475937280.0,-0.026258278638124466
7476874752.0,-0.029686277732253075
7477812736.0,-0.03328903764486313
7478750208.0,-0.03855970874428749
7479687680.0,-0.04560262709856033
7480625152.0,-0.05331464484333992
7481562624.0,-0.06330225616693497
7482500096.0,-0.0733524039387703
7483437568.0,-0.08373861759901047
7484375040.0,-0.09484449028968811
7485312512.0,-0.10652356594800949
7486249984.0,-0.11725278198719025
7487187456.0,-0.12878653407096863
7488124928.0,-0.13944575190544128
7489062400.0,-0.1486411690711975
7489999872.0,-0.1577797681093216
7490937344.0,-0.1645735651254654
7491874816.0,-0.169083371758461
7492812288.0,-0.1724662333726883
7493749760.0,-0.17379005253314972
7494687744.0,-0.17329911887645721
7495625216.0,-0.17049625515937805
7496562688.0,-0.1671377718448639
7497500160.0,-0.1615072637796402
7498437632.0,-0.15341222286224365
7499375104.0,-0.14485304057598114
7500312576.0,-0.13467901945114136
7501250048.0,-0.12429789453744888
7502187520.0,-0.1147293671965599
7503124992.0,-0.10428871959447861
7504062464.0,-0.08785690367221832
7504999936.0,-0.062666155397892
7505937408.0,-0.040974270552396774
7506874880.0,-0.02189180813729763
7507812352.0,-0.006198692135512829
7508749824.0,0.006656999699771404
7509687296.0,0.014137689024209976
7510624768.0,0.017970925197005272
7511562752.0,0.017780955880880356
7512500224.0,0.014268663711845875
7513437696.0,0.00640606926754117
7514375168.0,-0.0033109975047409534
7515312640.0,-0.015764156356453896
7516250112.0,-0.030267007648944855
7517187584.0,-0.044023383408784866
7518125056.0,-0.0582457035779953
7519062528.0,-0.07422157377004623
7520000000.0,-0.08946546912193298
7520937472.0,-0.1041363850235939
7521874944.0,-0.11712412536144257
7522812416.0,-0.12936559319496155
7523749888.0,-0.13953366875648499
7524687360.0,-0.1475433111190796
7525624832.0,-0.15097425878047943
7526562304.0,-0.1547786146402359
7527499776.0,-0.15429584681987762
7528437248.0,-0.15157093107700348
7529375232.0,-0.14466917514801025
7530312704.0,-0.13616524636745453
7531250176.0,-0.12572002410888672
7532187648.0,-0.11362811177968979
7533125120.0,-0.09960262477397919
7534062592.0,-0.08497154712677002
7535000064.0,-0.07086510211229324
7535937536.0,-0.05624643340706825
7536875008.0,-0.04298832640051842
7537812480.0,-0.0320446752011776
7538749952.0,-0.022749988362193108
7539687424.0,-0.016086237505078316
7540624896.0,-0.012352200224995613
7541562368.0,-0.012450491078197956
7542499840.0,-0.016162481158971786
7543437312.0,-0.023780493065714836
7544374784.0,-0.035990577191114426
7545312256.0,-0.052832722663879395
7546250240.0,-0.07114045321941376
7547187712.0,-0.09509487450122833
7548125184.0,-0.12056253850460052
7549062656.0,-0.14980259537696838
7550000128.0,-0.17977359890937805
7550937600.0,-0.21023431420326233
7551875072.0,-0.2407648265361786
7552812544.0,-0.2685151994228363
7553750016.0,-0.29474571347236633
7554687488.0,-0.317171186208725
7555624960.0,-0.33699482679367065
7556562432.0,-0.3556930422782898
7557499904.0,-0.37149474024772644
7558437376.0,-0.38604259490966797
7559374848.0,-0.3998807966709137
7560312320.0,-0.41207271814346313
7561249792.0,-0.42512738704681396
7562187264.0,-0.43664607405662537
7563125248.0,-0.44895434379577637
7564062720.0,-0.4483499228954315
7565000192.0,-0.4344460964202881
7565937664.0,-0.41830259561538696
7566875136.0,-0.39922666549682617
7567812608.0,-0.37789392471313477
7568750080.0,-0.35334867238998413
7569687552.0,-0.3286569118499756
7570625024.0,-0.3025689125061035
7571562496.0,-0.2768532335758209
7572499968.0,-0.24917447566986084
7573437440.0,-0.22108015418052673
7574374912.0,-0.19327951967716217
7575312384.0,-0.16518233716487885
7576249856.0,-0.13793128728866577
7577187328.0,-0.11107076704502106
7578124800.0,-0.08573677390813828
7579062272.0,-0.0611504390835762
7580000256.0,-0.03760546073317528
7580937728.0,-0.01608160138130188
7581875200.0,0.0023945642169564962
7582812672.0,0.019781526178121567
7583750144.0,0.03450602665543556
7584687616.0,0.04668945446610451
7585625088.0,0.056540604680776596
7586562560.0,0.0648425817489624
7587500032.0,0.07042192667722702
7588437504.0,0.07233916223049164
7589374976.0,0.07358357310295105
7590312448.0,0.07124350219964981
7591249920.0,0.06690917909145355
7592187392.0,0.06078670918941498
7593124864.0,0.0541316494345665
7594062336.0,0.04515997692942619
7594999808.0,0.03293732926249504
7595937280.0,0.021338699385523796
7596874752.0,0.0078852828592062
7597812736.0,-0.007572425063699484
7598750208.0,-0.025044312700629234
7599687680.0,-0.042264051735401154
7600625152.0,-0.059993546456098557
7601562624.0,-0.07788152247667313
7602500096.0,-0.09604690223932266
7603437568.0,-0.11460497975349426
7604375040.0,-0.13265299797058105
7605312512.0,-0.1487419158220291
7606249984.0,-0.1654120832681656
7607187456.0,-0.1800970882177353
7608124928.0,-0.1941358894109726
7609062400.0,-0.20815211534500122
7609999872.0,-0.2197076976299286
7610937344.0,-0.2300834208726883
7611874816.0,-0.23884326219558716
7612812288.0,-0.24656911194324493
7613749760.0,-0.2537209689617157
7614687744.0,-0.2593013346195221
7615625216.0,-0.2630872130393982
7616562688.0,-0.2665954530239105
7617500160.0,-0.26803430914878845
7618437632.0,-0.27135252952575684
7619375104.0,-0.27617213129997253
7620312576.0,-0.27953651547431946
7621250048.0,-0.28225094079971313
7622187520.0,-0.284046471118927
7623124992.0,-0.28642645478248596
7624062464.0,-0.28421497344970703
7624999936.0,-0.290642112493515
7625937408.0,-0.2936441898345947
7626874880.0,-0.29582905769348145
7627812352.0,-0.2952374517917633
7628749824.0,-0.2927709221839905
7629687296.0,-0.288303941488266
7630624768.0,-0.2831225097179413
7631562752.0,-0.27581748366355896
7632500224.0,-0.26687386631965637
7633437696.0,-0.25668570399284363
7634375168.0,-0.24621862173080444
7635312640.0,-0.2341097593307495
7636250112.0,-0.22178681194782257
7637187584.0,-0.20861947536468506
7638125056.0,-0.19696393609046936
7639062528.0,-0.18332359194755554
7640000000.0,-0.17123202979564667
7640937472.0,-0.15944348275661469
7641874944.0,-0.14769017696380615
7642812416.0,-0.13709218800067902
7643749888.0,-0.1291797012090683
7644687360.0,-0.12405138462781906
7645624832.0,-0.11929724365472794
7646562304.0,-0.11594707518815994
7647499776.0,-0.11383344978094101
7648437248.0,-0.1142270565032959
7649375232.0,-0.1141216903924942
7650312704.0,-0.11548203974962234
7651250176.0,-0.11909312754869461
7652187648.0,-0.12244531512260437
7653125120.0,-0.12780524790287018
7654062592.0,-0.13382627069950104
7655000064.0,-0.14122867584228516
7655937536.0,-0.14854387938976288
7656875008.0,-0.15593504905700684
7657812480.0,-0.1651923954486847
7658749952.0,-0.17329095304012299
7659687424.0,-0.18142177164554596
7660624896.0,-0.1887868493795395
7661562368.0,-0.19842122495174408
7662499840.0,-0.20690278708934784
7663437312.0,-0.21436432003974915
7664374784.0,-0.22148115932941437
7665312256.0,-0.22919175028800964
7666250240.0,-0.2343681901693344
7667187712.0,-0.2397022694349289
7668125184.0,-0.2427901178598404
7669062656.0,-0.24613676965236664
7670000128.0,-0.24667324125766754
7670937600.0,-0.24634552001953125
7671875072.0,-0.2444980889558792
7672812544.0,-0.24163512885570526
7673750016.0,-0.2371947467327118
7674687488.0,-0.23269599676132202
7675624960.0,-0.2267760932445526
7676562432.0,-0.2196359485387802
7677499904.0,-0.21205176413059235
7678437376.0,-0.2040998339653015
7679374848.0,-0.19607830047607422
7680312320.0,-0.1873091459274292
7681249792.0,-0.17719334363937378
7682187264.0,-0.16843177378177643
7683125248.0,-0.15853993594646454
7684062720.0,0.07477783411741257
7685000192.0,0.08804018050432205
7685937664.0,0.09954705834388733
7686875136.0,0.10752523690462112
7687812608.0,0.11431942135095596
7688750080.0,0.11891204863786697
7689687552.0,0.11862125247716904
7690625024.0,0.11722300201654434
7691562496.0,0.11233846843242645
7692499968.0,0.10669952630996704
7693437440.0,0.09663055837154388
7694374912.0,0.08418647944927216
7695312384.0,0.06881259381771088
7696249856.0,0.052685122936964035
7697187328.0,0.03362506255507469
7698124800.0,0.01246976014226675
7699062272.0,-0.009661685675382614
7699999744.0,-0.032544832676649094
7700937728.0,-0.05602894723415375
7701875200.0,-0.08089769631624222
7702812672.0,-0.10421063750982285
7703750144.0,-0.12875176966190338
7704687616.0,-0.152695432305336
7705625088.0,-0.17444531619548798
7706562560.0,-0.19679705798625946
7707500032.0,-0.21510636806488037
7708437504.0,-0.23362743854522705
7709374976.0,-0.25035014748573303
7710312448.0,-0.26475489139556885
7711249920.0,-0.2785388231277466
7712187392.0,-0.28923511505126953
7713124864.0,-0.29881709814071655
7714062336.0,-0.30629098415374756
7714999808.0,-0.3126896023750305
7715937280.0,-0.3165304362773895
7716874752.0,-0.31826886534690857
7717812736.0,-0.3200903534889221
7718750208.0,-0.3189755082130432
7719687680.0,-0.3169340491294861
7720625152.0,-0.3129616677761078
7721562624.0,-0.30786728858947754
7722500096.0,-0.30117347836494446
7723437568.0,-0.29481738805770874
7724375040.0,-0.2872374653816223
7725312512.0,-0.27874061465263367
7726249984.0,-0.27152779698371887
7727187456.0,-0.2637102007865906
7728124928.0,-0.255354106426239
7729062400.0,-0.2472417652606964
7729999872.0,-0.23981420695781708
7730937344.0,-0.23325838148593903
7731874816.0,-0.2265353798866272
7732812288.0,-0.22064635157585144
7733749760.0,-0.21564210951328278
7734687744.0,-0.21210263669490814
7735625216.0,-0.20830513536930084
7736562688.0,-0.20524489879608154
7737500160.0,-0.20396365225315094
7738437632.0,-0.2035445272922516
7739375104.0,-0.2026229053735733
7740312576.0,-0.20345231890678406
7741250048.0,-0.20570991933345795
7742187520.0,-0.2096710056066513
7743124992.0,-0.21344980597496033
7744062464.0,-0.19109255075454712
7744999936.0,-0.1556829959154129
7745937408.0,-0.11729007959365845
7746874880.0,-0.07743454724550247
7747812352.0,-0.03778105601668358
7748749824.0,0.0002831073943525553
7749687296.0,0.037263717502355576
7750624768.0,0.070895716547966
7751562752.0,0.10228569060564041
7752500224.0,0.13014325499534607
7753437696.0,0.1565331071615219
7754375168.0,0.17733648419380188
7755312640.0,0.19642497599124908
7756250112.0,0.2105889767408371
7757187584.0,0.2226305454969406
7758125056.0,0.22976873815059662
7759062528.0,0.23395022749900818
7760000000.0,0.23424313962459564
7760937472.0,0.2316495180130005
7761874944.0,0.22550736367702484
7762812416.0,0.21795320510864258
7763749888.0,0.20808853209018707
7764687360.0,0.19517658650875092
7765624832.0,0.18022818863391876
7766562304.0,0.16426484286785126
7767499776.0,0.1459469348192215
7768437248.0,0.1269497573375702
7769375232.0,0.10636084526777267
7770312704.0,0.08610821515321732
7771250176.0,0.06532750278711319
7772187648.0,0.045751165598630905
7773125120.0,0.025473862886428833
7774062592.0,0.003948998637497425
7775000064.0,-0.015671247616410255
7775937536.0,-0.035165831446647644
7776875008.0,-0.055002495646476746
7777812480.0,-0.07330716401338577
7778749952.0,-0.09196551144123077
7779687424.0,-0.10940047353506088
7780624896.0,-0.1257161796092987
7781562368.0,-0.1415511816740036
7782499840.0,-0.1558278203010559
7783437312.0,-0.1691855490207672
7784374784.0,-0.18154248595237732
7785312256.0,-0.19318081438541412
7786250240.0,-0.20317603647708893
7787187712.0,-0.21220189332962036
7788125184.0,-0.22154337167739868
7789062656.0,-0.22977416217327118
7790000128.0,-0.2370844930410385
7790937600.0,-0.2446640431880951
7791875072.0,-0.2510625422000885
7792812544.0,-0.255647212266922
7793750016.0,-0.26110655069351196
7794687488.0,-0.2660377025604248
7795624960.0,-0.2700454890727997
7796562432.0,-0.27576830983161926
7797499904.0,-0.2820790112018585
7798437376.0,-0.28720858693122864
7799374848.0,-0.29175513982772827
7800312320.0,-0.29527610540390015
7801249792.0,-0.297335684299469
7802187264.0,-0.2971826493740082
7803125248.0,-0.29591047763824463
7804062720.0,-0.27829256653785706
7805000192.0,-0.26918596029281616
7805937664.0,-0.25996991991996765
7806875136.0,-0.24876174330711365
7807812608.0,-0.23705215752124786
7808750080.0,-0.22501438856124878
7809687552.0,-0.2107497602701187
7810625024.0,-0.19592688977718353
7811562496.0,-0.1814785748720169
7812499968.0,-0.16511233150959015
7813437440.0,-0.14929519593715668
7814374912.0,-0.13257595896720886
7815312384.0,-0.1169247254729271
7816249856.0,-0.10034100711345673
7817187328.0,-0.08320192992687225
7818124800.0,-0.06680874526500702
7819062272.0,-0.051300764083862305
7820000256.0,-0.03415312245488167
7820937728.0,-0.018688710406422615
7821875200.0,-0.003746410133317113
7822812672.0,0.0058566853404045105
7823750144.0,0.01667589135468006
7824687616.0,0.02677038125693798
7825625088.0,0.034725774079561234
7826562560.0,0.043431226164102554
7827500032.0,0.04994979128241539
7828437504.0,0.05830008536577225
7829374976.0,0.06417150050401688
7830312448.0,0.06913662701845169
7831249920.0,0.07374972850084305
7832187392.0,0.07742476463317871
7833124864.0,0.08020372688770294
7834062336.0,0.08306605368852615
7834999808.0,0.08673132956027985
7835937280.0,0.08722420036792755
7836874752.0,0.08974694460630417
7837812736.0,0.09075218439102173
7838750208.0,0.09105134755373001
7839687680.0,0.0927354246377945
7840625152.0,0.09206060320138931
7841562624.0,0.09132938832044601
7842500096.0,0.09112726151943207
7843437568.0,0.08915156126022339
7844375040.0,0.08940798044204712
7845312512.0,0.08888625353574753
7846249984.0,0.08723031729459763
7847187456.0,0.08556777238845825
7848124928.0,0.08113222569227219
7849062400.0,0.07767312228679657
7849999872.0,0.07216400653123856
7850937344.0,0.06828062236309052
7851874816.0,0.061891909688711166
7852812288.0,0.0563533753156662
7853749760.0,0.04953354597091675
7854687744.0,0.041645944118499756
7855625216.0,0.0337166003882885
7856562688.0,0.026158656924962997
7857500160.0,0.015956971794366837
7858437632.0,0.006487228441983461
7859375104.0,-0.0033420200925320387
7860312576.0,-0.014271297492086887
7861250048.0,-0.024947013705968857
7862187520.0,-0.03566979244351387
7863124992.0,-0.047213952988386154
7864062464.0,0.05081940069794655
7864999936.0,0.04152589663863182
7865937408.0,0.032510194927453995
7866874880.0,0.023626934736967087
7867812352.0,0.016464732587337494
7868749824.0,0.011355262249708176
7869687296.0,0.003950150683522224
7870624768.0,0.00017794407904148102
7871562752.0,-0.004845308139920235
7872500224.0,-0.008102917112410069
7873437696.0,-0.014623275026679039
7874375168.0,-0.020862188190221786
7875312640.0,-0.027908174321055412
7876250112.0,-0.03407015651464462
7877187584.0,-0.04182368516921997
7878125056.0,-0.04947872832417488
7879062528.0,-0.05803538113832474
7880000000.0,-0.06725260615348816
7880937472.0,-0.0775487869977951
7881874944.0,-0.0899585634469986
7882812416.0,-0.10208935290575027
7883749888.0,-0.11698933690786362
7884687360.0,-0.13432782888412476
7885624832.0,-0.15128259360790253
7886562304.0,-0.1711776703596115
7887499776.0,-0.19122453033924103
7888437248.0,-0.21347008645534515
7889375232.0,-0.23819458484649658
7890312704.0,-0.2612917125225067
7891250176.0,-0.28596797585487366
7892187648.0,-0.3118830621242523
7893125120.0,-0.3373851776123047
7894062592.0,-0.36303749680519104
7895000064.0,-0.3880353569984436
7895937536.0,-0.41057679057121277
7896875008.0,-0.4327230155467987
7897812480.0,-0.4537300765514374
7898749952.0,-0.4716661870479584
7899687424.0,-0.48639845848083496
7900624896.0,-0.5004333257675171
7901562368.0,-0.5095537900924683
7902499840.0,-0.5164817571640015
7903437312.0,-0.5216389298439026
7904374784.0,-0.5228063464164734
7905312256.0,-0.5218464732170105
7906250240.0,-0.5173539519309998
7907187712.0,-0.5099756121635437
7908125184.0,-0.4999290704727173
7909062656.0,-0.4874739348888397
7910000128.0,-0.4708065688610077
7910937600.0,-0.4540259540081024
7911875072.0,-0.4318540692329407
7912812544.0,-0.4094477593898773
7913750016.0,-0.38441917300224304
7914687488.0,-0.35843923687934875
7915624960.0,-0.3303150236606598
7916562432.0,-0.3004635274410248
7917499904.0,-0.271207332611084
7918437376.0,-0.2419348508119583
7919374848.0,-0.21146398782730103
7920312320.0,-0.18113559484481812
7921249792.0,-0.15103517472743988
7922187264.0,-0.12210147082805634
7923125248.0,-0.0922958180308342
7924062720.0,0.053807951509952545
7925000192.0,0.07549245655536652
7925937664.0,0.09467935562133789
7926875136.0,0.11184916645288467
7927812608.0,0.12716010212898254
7928750080.0,0.1398487240076065
7929687552.0,0.14947617053985596
7930625024.0,0.15762995183467865
7931562496.0,0.16235961019992828
7932499968.0,0.16422893106937408
7933437440.0,0.1642022430896759
7934374912.0,0.161923348903656
7935312384.0,0.1577157825231552
7936249856.0,0.15153320133686066
7937187328.0,0.1439836174249649
7938124800.0,0.13335244357585907
7939062272.0,0.12197113782167435
7939999744.0,0.10831428319215775
7940937728.0,0.09305737912654877
7941875200.0,0.07804590463638306
7942812672.0,0.06028296425938606
7943750144.0,0.04164277762174606
7944687616.0,0.021355507895350456
7945625088.0,0.0018385574221611023
7946562560.0,-0.019716614857316017
7947500032.0,-0.04237502068281174
7948437504.0,-0.0656091570854187
7949374976.0,-0.08869771659374237
7950312448.0,-0.1095845028758049
7951249920.0,-0.12969201803207397
7952187392.0,-0.15226955711841583
7953124864.0,-0.1746414601802826
7954062336.0,-0.19687682390213013
7954999808.0,-0.2177257239818573
7955937280.0,-0.23955027759075165
7956874752.0,-0.2609219551086426
7957812736.0,-0.2824552357196808
7958750208.0,-0.3042357265949249
7959687680.0,-0.3253074884414673
7960625152.0,-0.3453789949417114
7961562624.0,-0.3651646375656128
7962500096.0,-0.3849690556526184
7963437568.0,-0.4028327167034149
7964375040.0,-0.4201843738555908
7965312512.0,-0.4378662109375
7966249984.0,-0.45271047949790955
7967187456.0,-0.4672717750072479
7968124928.0,-0.4794509708881378
7969062400.0,-0.49130234122276306
7969999872.0,-0.5008173584938049
7970937344.0,-0.508808970451355
7971874816.0,-0.515179455280304
7972812288.0,-0.519688069820404
7973749760.0,-0.5227808952331543
7974687744.0,-0.522454023361206
7975625216.0,-0.5227755308151245
7976562688.0,-0.5198898911476135
7977500160.0,-0.5143231749534607
7978437632.0,-0.506576418876648
7979375104.0,-0.4959448575973511
7980312576.0,-0.48440518975257874
7981250048.0,-0.46957021951675415
7982187520.0,-0.45413878560066223
7983124992.0,-0.43567484617233276
7984062464.0,-0.41280755400657654
7984999936.0,-0.39828839898109436
7985937408.0,-0.38293036818504333
7986874880.0,-0.3653808832168579
7987812352.0,-0.34884151816368103
7988749824.0,-0.3302578330039978
7989687296.0,-0.3116720914840698
7990624768.0,-0.2927219271659851
7991562752.0,-0.2714051902294159
7992500224.0,-0.2512562572956085
7993437696.0,-0.23023508489131927
7994375168.0,-0.21083740890026093
7995312640.0,-0.19031131267547607
7996250112.0,-0.17022259533405304
7997187584.0,-0.15098179876804352
7998125056.0,-0.1294994354248047
7999062528.0,-0.11255383491516113
8000000000.0,-0.0919056311249733
