Frequency (Hz),Measurement
2000000000.0,0.1411975622177124
2000937472.0,0.13464835286140442
2001874944.0,0.13012203574180603
2002812544.0,0.12662865221500397
2003750016.0,0.1222870945930481
2004687488.0,0.11847785115242004
2005624960.0,0.11297055333852768
2006562560.0,0.10739582777023315
2007500032.0,0.10276159644126892
2008437504.0,0.09752722829580307
2009374976.0,0.09252458065748215
2010312448.0,0.08679614961147308
2011250048.0,0.08027494698762894
2012187520.0,0.07448536157608032
2013124992.0,0.06883078068494797
2014062464.0,0.06233638897538185
2015000064.0,0.056600019335746765
2015937536.0,0.05080723017454147
2016875008.0,0.045332372188568115
2017812480.0,0.04012805595993996
2018749952.0,0.03422894328832626
2019687552.0,0.029486844316124916
2020625024.0,0.024625124409794807
2021562496.0,0.02104400284588337
2022499968.0,0.01722504198551178
2023437440.0,0.013855794444680214
2024375040.0,0.011788777075707912
2025312512.0,0.010669488459825516
2026249984.0,0.008460905402898788
2027187456.0,0.00875656958669424
2028125056.0,0.009335348382592201
2029062528.0,0.010531514883041382
2030000000.0,0.012271957471966743
2030937472.0,0.016660764813423157
2031874944.0,0.018812038004398346
2032812544.0,0.02323903702199459
2033750016.0,0.029394885525107384
2034687488.0,0.034985512495040894
2035624960.0,0.04198833927512169
2036562560.0,0.048632167279720306
2037500032.0,0.056208010762929916
2038437504.0,0.06397183984518051
2039374976.0,0.07224027067422867
2040312448.0,0.08111175894737244
2041250048.0,0.08921898156404495
2042187520.0,0.09700167924165726
2043124992.0,0.10508089512586594
2044062464.0,0.11192795634269714
2044999936.0,0.11869929730892181
2045937536.0,0.12512631714344025
2046875008.0,0.12952381372451782
2047812480.0,0.13429604470729828
2048749952.0,0.14392125606536865
2049687552.0,0.13926267623901367
2050625024.0,0.13353560864925385
2051562496.0,0.1277409791946411
2052499968.0,0.12170279026031494
2053437440.0,0.11452141404151917
2054375040.0,0.1073077842593193
2055312512.0,0.10037853568792343
2056249984.0,0.09309501200914383
2057187456.0,0.08549760282039642
2058125056.0,0.07785624265670776
2059062528.0,0.07061532139778137
2060000000.0,0.06460510194301605
2060937472.0,0.05718667805194855
2061874944.0,0.051088109612464905
2062812544.0,0.04498523473739624
2063750016.0,0.03925368934869766
2064687488.0,0.03341370075941086
2065624960.0,0.028030861169099808
2066562560.0,0.023166285827755928
2067500032.0,0.018975336104631424
2068437504.0,0.014821672812104225
2069374976.0,0.010759340599179268
2070312448.0,0.007424997165799141
2071250048.0,0.004669086541980505
2072187520.0,0.0016325933393090963
2073124992.0,-0.0005758822662755847
2074062464.0,-0.002266819356009364
2075000064.0,-0.004301489796489477
2075937536.0,-0.005442626774311066
2076875008.0,-0.006946368142962456
2077812480.0,-0.00743549270555377
2078749952.0,-0.007405659183859825
2079687552.0,-0.0071781957522034645
2080625024.0,-0.0065009985119104385
2081562496.0,-0.006447343155741692
2082499968.0,-0.004090674687176943
2083437440.0,-0.0023633434902876616
2084375040.0,3.642751835286617e-05
2085312512.0,0.002452331827953458
2086249984.0,0.006255537271499634
2087187456.0,0.010443611070513725
2088125056.0,0.014585915952920914
2089062528.0,0.019590329378843307
2090000000.0,0.02515127696096897
2090937472.0,0.03139680624008179
2091874944.0,0.038138244301080704
2092812544.0,0.045918602496385574
2093750016.0,0.05384252592921257
2094687488.0,0.06243984401226044
2095624960.0,0.07228640466928482
2096562560.0,0.0818135216832161
2097500032.0,0.09181766211986542
2098437504.0,0.10332750529050827
2099374976.0,0.11519524455070496
2100312448.0,0.12720076739788055
2101250048.0,0.13965187966823578
2102187520.0,0.15278713405132294
2103124992.0,0.16554228961467743
2104062464.0,0.1793300211429596
2104999936.0,0.19236016273498535
2105937536.0,0.20615491271018982
2106875008.0,0.21870486438274384
2107812480.0,0.2313060313463211
2108749952.0,0.27008649706840515
2109687552.0,0.27876558899879456
2110625024.0,0.2867416441440582
2111562496.0,0.2932676374912262
2112499968.0,0.2992120385169983
2113437440.0,0.30398401618003845
2114375040.0,0.30658021569252014
2115312512.0,0.3073955178260803
2116249984.0,0.30554839968681335
2117187456.0,0.3019910454750061
2118125056.0,0.2947608530521393
2119062528.0,0.2861650288105011
2120000000.0,0.27273231744766235
2120937472.0,0.2572809159755707
2121874944.0,0.23905032873153687
2122812544.0,0.21817460656166077
2123750016.0,0.19553834199905396
2124687488.0,0.17061328887939453
2125624960.0,0.14501777291297913
2126562560.0,0.117422915995121
2127500032.0,0.09001362323760986
2128437504.0,0.06320831179618835
2129374976.0,0.03700922429561615
2130312448.0,0.01091213058680296
2131250048.0,-0.01311761885881424
2132187520.0,-0.03596017509698868
2133124992.0,-0.056812409311532974
2134062464.0,-0.07392159849405289
2135000064.0,-0.08927471935749054
2135937536.0,-0.10132487118244171
2136875008.0,-0.1103275716304779
2137812480.0,-0.1169268935918808
2138749952.0,-0.12124011665582657
2139687552.0,-0.12132224440574646
2140625024.0,-0.11980286240577698
2141562496.0,-0.1156749576330185
2142499968.0,-0.10964030772447586
2143437440.0,-0.1006280928850174
2144375040.0,-0.0900873914361
2145312512.0,-0.07809892296791077
2146249984.0,-0.06597179919481277
2147187456.0,-0.05177350714802742
2148124928.0,-0.037232108414173126
2149062400.0,-0.022413667291402817
2150000128.0,-0.007597274612635374
2150937600.0,0.007100670598447323
2151875072.0,0.02046901546418667
2152812544.0,0.03576578199863434
2153750016.0,0.04807808995246887
2154687488.0,0.061133984476327896
2155624960.0,0.07305799424648285
2156562432.0,0.08397137373685837
2157499904.0,0.09549980610609055
2158437376.0,0.10630705207586288
2159375104.0,0.11611129343509674
2160312576.0,0.12547996640205383
2161250048.0,0.13437828421592712
2162187520.0,0.14354151487350464
2163124992.0,0.15196767449378967
2164062464.0,0.16093887388706207
2164999936.0,0.16933253407478333
2165937408.0,0.17794537544250488
2166874880.0,0.18567639589309692
2167812608.0,0.19427832961082458
2168750080.0,0.21918192505836487
2169687552.0,0.23035626113414764
2170625024.0,0.24170267581939697
2171562496.0,0.25320112705230713
2172499968.0,0.2630094587802887
2173437440.0,0.27274736762046814
2174374912.0,0.2822810709476471
2175312384.0,0.2903132438659668
2176250112.0,0.29691293835639954
2177187584.0,0.3019435703754425
2178125056.0,0.30585572123527527
2179062528.0,0.3080284893512726
2180000000.0,0.307291179895401
2180937472.0,0.30526119470596313
2181874944.0,0.3004765808582306
2182812416.0,0.2945612370967865
2183749888.0,0.28585997223854065
2184687616.0,0.2757960855960846
2185625088.0,0.26320579648017883
2186562560.0,0.24901226162910461
2187500032.0,0.2322576493024826
2188437504.0,0.21603895723819733
2189374976.0,0.19712811708450317
2190312448.0,0.17688897252082825
2191249920.0,0.15654510259628296
2192187392.0,0.1344866156578064
2193125120.0,0.11500316113233566
2194062592.0,0.0923328548669815
2195000064.0,0.07215970754623413
2195937536.0,0.052071548998355865
2196875008.0,0.03254564106464386
2197812480.0,0.014619117602705956
2198749952.0,-0.0013059194898232818
2199687424.0,-0.01633613184094429
2200624896.0,-0.02934686653316021
2201562624.0,-0.04122701659798622
2202500096.0,-0.049815092235803604
2203437568.0,-0.0554344542324543
2204375040.0,-0.060394175350666046
2205312512.0,-0.06324551999568939
2206249984.0,-0.06299019604921341
2207187456.0,-0.06021847575902939
2208124928.0,-0.0558052621781826
2209062400.0,-0.04958237335085869
2209999872.0,-0.040507737547159195
2210937600.0,-0.029692230746150017
2211875072.0,-0.01812632381916046
2212812544.0,-0.004210490267723799
2213750016.0,0.010409499518573284
2214687488.0,0.024681024253368378
2215624960.0,0.042051050812006
2216562432.0,0.05921784043312073
2217499904.0,0.0763954222202301
2218437376.0,0.09469161182641983
2219375104.0,0.11119207739830017
2220312576.0,0.1287192702293396
2221250048.0,0.1447291374206543
2222187520.0,0.16006304323673248
2223124992.0,0.17488844692707062
2224062464.0,0.18828293681144714
2224999936.0,0.2006271928548813
2225937408.0,0.2106878012418747
2226874880.0,0.21930420398712158
2227812608.0,0.2266138643026352
2228750080.0,0.1993301957845688
2229687552.0,0.20588749647140503
2230625024.0,0.21080386638641357
2231562496.0,0.21427088975906372
2232499968.0,0.21751049160957336
2233437440.0,0.21766377985477448
2234374912.0,0.21677257120609283
2235312384.0,0.21387562155723572
2236250112.0,0.20892438292503357
2237187584.0,0.2012093961238861
2238125056.0,0.19243082404136658
2239062528.0,0.18110036849975586
2240000000.0,0.1680769920349121
2240937472.0,0.15283118188381195
2241874944.0,0.13638615608215332
2242812416.0,0.11815723776817322
2243749888.0,0.09958822280168533
2244687616.0,0.07923363894224167
2245625088.0,0.05929665267467499
2246562560.0,0.03741522133350372
2247500032.0,0.017283707857131958
2248437504.0,-0.003271016525104642
2249374976.0,-0.02294597215950489
2250312448.0,-0.04083873704075813
2251249920.0,-0.05814342945814133
2252187392.0,-0.07392987608909607
2253125120.0,-0.0869973748922348
2254062592.0,-0.0972597673535347
2255000064.0,-0.10637923330068588
2255937536.0,-0.1126428171992302
2256875008.0,-0.11686559021472931
2257812480.0,-0.11776420474052429
2258749952.0,-0.11750996857881546
2259687424.0,-0.11344734579324722
2260624896.0,-0.10820947587490082
2261562624.0,-0.09986763447523117
2262500096.0,-0.08978785574436188
2263437568.0,-0.07864917814731598
2264375040.0,-0.06708148866891861
2265312512.0,-0.05241065099835396
2266249984.0,-0.03602473437786102
2267187456.0,-0.020809320732951164
2268124928.0,-0.004526911769062281
2269062400.0,0.012410284951329231
2270000128.0,0.03011479042470455
2270937600.0,0.047867581248283386
2271875072.0,0.06513071060180664
2272812544.0,0.08223625272512436
2273750016.0,0.09881053864955902
2274687488.0,0.11511809378862381
2275624960.0,0.1305868774652481
2276562432.0,0.14442801475524902
2277499904.0,0.15826795995235443
2278437376.0,0.17060934007167816
2279375104.0,0.1816175878047943
2280312576.0,0.1923978477716446
2281250048.0,0.20223882794380188
2282187520.0,0.2109128087759018
2283124992.0,0.21843186020851135
2284062464.0,0.22539430856704712
2284999936.0,0.23159253597259521
2285937408.0,0.2371974140405655
2286874880.0,0.24216774106025696
2287812608.0,0.2457776963710785
2288750080.0,0.25741851329803467
2289687552.0,0.2653825283050537
2290625024.0,0.273813933134079
2291562496.0,0.28156161308288574
2292499968.0,0.2890898287296295
2293437440.0,0.29616793990135193
2294374912.0,0.30269309878349304
2295312384.0,0.3083188831806183
2296250112.0,0.31332889199256897
2297187584.0,0.3170554041862488
2298125056.0,0.3183133900165558
2299062528.0,0.31936681270599365
2300000000.0,0.3182857632637024
2300937472.0,0.31350600719451904
2301874944.0,0.3074187636375427
2302812416.0,0.2991209924221039
2303749888.0,0.28838518261909485
2304687616.0,0.2746455669403076
2305625088.0,0.25745049118995667
2306562560.0,0.23905740678310394
2307500032.0,0.21792663633823395
2308437504.0,0.1943276971578598
2309374976.0,0.16910985112190247
2310312448.0,0.14170676469802856
2311249920.0,0.11362401396036148
2312187392.0,0.08557594567537308
2313125120.0,0.056134190410375595
2314062592.0,0.026912273839116096
2315000064.0,-0.0019095944007858634
2315937536.0,-0.02895820327103138
2316875008.0,-0.054789889603853226
2317812480.0,-0.07802125811576843
2318749952.0,-0.10030979663133621
2319687424.0,-0.11859298497438431
2320624896.0,-0.13593435287475586
2321562624.0,-0.15080182254314423
2322500096.0,-0.1630696952342987
2323437568.0,-0.17325541377067566
2324375040.0,-0.18172742426395416
2325312512.0,-0.18625067174434662
2326249984.0,-0.18994997441768646
2327187456.0,-0.1915634423494339
2328124928.0,-0.19159774482250214
2329062400.0,-0.1888745129108429
2329999872.0,-0.18589727580547333
2330937600.0,-0.18153302371501923
2331875072.0,-0.17537802457809448
2332812544.0,-0.16704057157039642
2333750016.0,-0.15791204571723938
2334687488.0,-0.147781103849411
2335624960.0,-0.13434912264347076
2336562432.0,-0.12013384699821472
2337499904.0,-0.1040993481874466
2338437376.0,-0.08699776232242584
2339375104.0,-0.0678243562579155
2340312576.0,-0.04697922244668007
2341250048.0,-0.025109753012657166
2342187520.0,-0.002377828350290656
2343124992.0,0.0223146490752697
2344062464.0,0.046937245875597
2344999936.0,0.07245812565088272
2345937408.0,0.09940352290868759
2346874880.0,0.1254345178604126
2347812608.0,0.15109862387180328
2348750080.0,0.2074887454509735
2349687552.0,0.22221875190734863
2350625024.0,0.23492977023124695
2351562496.0,0.24463316798210144
2352499968.0,0.2499595284461975
2353437440.0,0.25282254815101624
2354374912.0,0.25289565324783325
2355312384.0,0.24877630174160004
2356250112.0,0.2413792610168457
2357187584.0,0.22970683872699738
2358125056.0,0.215519517660141
2359062528.0,0.1975502371788025
2360000000.0,0.17774079740047455
2360937472.0,0.155096635222435
2361874944.0,0.13070984184741974
2362812416.0,0.1041421890258789
2363749888.0,0.07649081200361252
2364687616.0,0.048408497124910355
2365625088.0,0.018495839089155197
2366562560.0,-0.010840725153684616
2367500032.0,-0.03991682827472687
2368437504.0,-0.06850938498973846
2369374976.0,-0.09666762501001358
2370312448.0,-0.12218323349952698
2371249920.0,-0.14730633795261383
2372187392.0,-0.1708061248064041
2373125120.0,-0.19048918783664703
2374062592.0,-0.20873624086380005
2375000064.0,-0.22420185804367065
2375937536.0,-0.2374190092086792
2376875008.0,-0.24772115051746368
2377812480.0,-0.25404295325279236
2378749952.0,-0.2584139108657837
2379687424.0,-0.26010140776634216
2380624896.0,-0.2591201663017273
2381562624.0,-0.2549495995044708
2382500096.0,-0.24938859045505524
2383437568.0,-0.24119549989700317
2384375040.0,-0.2305564135313034
2385312512.0,-0.2181052714586258
2386249984.0,-0.20450621843338013
2387187456.0,-0.1891140192747116
2388124928.0,-0.17296701669692993
2389062400.0,-0.15614335238933563
2390000128.0,-0.13914529979228973
2390937600.0,-0.12065321952104568
2391875072.0,-0.10292139649391174
2392812544.0,-0.08607524633407593
2393750016.0,-0.06988087296485901
2394687488.0,-0.05427458509802818
2395624960.0,-0.040062326937913895
2396562432.0,-0.027513138949871063
2397499904.0,-0.014733338728547096
2398437376.0,-0.0039327628910541534
2399375104.0,0.0052376603707671165
2400312576.0,0.013373466208577156
2401250048.0,0.020371727645397186
2402187520.0,0.025328131392598152
2403124992.0,0.029354067519307137
2404062464.0,0.03204911947250366
2404999936.0,0.03355792909860611
2405937408.0,0.033457908779382706
2406874880.0,0.03285030275583267
2407812608.0,0.030687440186738968
2408750080.0,0.025488577783107758
2409687552.0,0.03125990554690361
2410625024.0,0.034608907997608185
2411562496.0,0.035369645804166794
2412499968.0,0.034626033157110214
2413437440.0,0.03125891461968422
2414374912.0,0.024338839575648308
2415312384.0,0.01608848385512829
2416250112.0,0.0053354171104729176
2417187584.0,-0.007692213635891676
2418125056.0,-0.022729417309165
2419062528.0,-0.03866967931389809
2420000000.0,-0.056752514094114304
2420937472.0,-0.07600285112857819
2421874944.0,-0.09672416001558304
2422812416.0,-0.11774936318397522
2423749888.0,-0.1395707130432129
2424687616.0,-0.1620774269104004
2425625088.0,-0.1837557554244995
2426562560.0,-0.20718806982040405
2427500032.0,-0.22910968959331512
2428437504.0,-0.2513773441314697
2429374976.0,-0.2732302248477936
2430312448.0,-0.29383695125579834
2431249920.0,-0.3138374388217926
2432187392.0,-0.3320852220058441
2433125120.0,-0.350787878036499
2434062592.0,-0.3667486608028412
2435000064.0,-0.38255825638771057
2435937536.0,-0.3966977596282959
2436875008.0,-0.40850338339805603
2437812480.0,-0.41926729679107666
2438749952.0,-0.42906856536865234
2439687424.0,-0.43701621890068054
2440624896.0,-0.44333603978157043
2441562624.0,-0.44759273529052734
2442500096.0,-0.4513925611972809
2443437568.0,-0.45327460765838623
2444375040.0,-0.45363378524780273
2445312512.0,-0.4539545476436615
2446249984.0,-0.45167550444602966
2447187456.0,-0.4484102427959442
2448124928.0,-0.445986270904541
2449062400.0,-0.4408322870731354
2449999872.0,-0.43603378534317017
2450937600.0,-0.43030449748039246
2451875072.0,-0.4240271747112274
2452812544.0,-0.41820967197418213
2453750016.0,-0.41199418902397156
2454687488.0,-0.4059632122516632
2455624960.0,-0.39980509877204895
2456562432.0,-0.3944653272628784
2457499904.0,-0.3893830478191376
2458437376.0,-0.38425564765930176
2459375104.0,-0.38056305050849915
2460312576.0,-0.3769446909427643
2461250048.0,-0.37484192848205566
2462187520.0,-0.37446773052215576
2463124992.0,-0.3743380904197693
2464062464.0,-0.3760806620121002
2464999936.0,-0.3788084387779236
2465937408.0,-0.3826315104961395
2466874880.0,-0.389911949634552
2467812608.0,-0.39965367317199707
2468750080.0,-0.48646068572998047
2469687552.0,-0.5090802907943726
2470625024.0,-0.5321741700172424
2471562496.0,-0.5608578324317932
2472499968.0,-0.5915477275848389
2473437440.0,-0.6258485913276672
2474374912.0,-0.6629997491836548
2475312384.0,-0.7040205597877502
2476250112.0,-0.7473595142364502
2477187584.0,-0.7940489053726196
2478125056.0,-0.8444998860359192
2479062528.0,-0.8981000185012817
2480000000.0,-0.9532597661018372
2480937472.0,-1.0117732286453247
2481874944.0,-1.0759515762329102
2482812416.0,-1.1409999132156372
2483749888.0,-1.211424708366394
2484687616.0,-1.2846319675445557
2485625088.0,-1.361438274383545
2486562560.0,-1.4411355257034302
2487500032.0,-1.5250680446624756
2488437504.0,-1.6130932569503784
2489374976.0,-1.7055214643478394
2490312448.0,-1.8007316589355469
2491249920.0,-1.9019739627838135
2492187392.0,-2.0060513019561768
2493125120.0,-2.114844799041748
2494062592.0,-2.2273056507110596
2495000064.0,-2.3478546142578125
2495937536.0,-2.4722020626068115
2496875008.0,-2.604743719100952
2497812480.0,-2.7464027404785156
2498749952.0,-2.8960843086242676
2499687424.0,-3.0538766384124756
2500624896.0,-3.221313953399658
2501562624.0,-3.400843381881714
2502500096.0,-3.592240571975708
2503437568.0,-3.7973597049713135
2504375040.0,-4.017728328704834
2505312512.0,-4.2548508644104
2506249984.0,-4.50763463973999
2507187456.0,-4.773649215698242
2508124928.0,-5.055916786193848
2509062400.0,-5.35504150390625
2510000128.0,-5.670019626617432
2510937600.0,-5.99716329574585
2511875072.0,-6.331480026245117
2512812544.0,-6.663399696350098
2513750016.0,-6.981292247772217
2514687488.0,-7.270904064178467
2515624960.0,-7.518167972564697
2516562432.0,-7.710124969482422
2517499904.0,-7.829594612121582
2518437376.0,-7.869621753692627
2519375104.0,-7.820766448974609
2520312576.0,-7.6852240562438965
2521250048.0,-7.4770283699035645
2522187520.0,-7.208919525146484
2523124992.0,-6.892349720001221
2524062464.0,-6.541945934295654
2524999936.0,-6.174554347991943
2525937408.0,-5.798605442047119
2526874880.0,-5.421512603759766
2527812608.0,-5.053462028503418
2528750080.0,-4.692015647888184
2529687552.0,-4.356088161468506
2530625024.0,-4.039818286895752
2531562496.0,-3.7450006008148193
2532499968.0,-3.4685165882110596
2533437440.0,-3.2149932384490967
2534374912.0,-2.980304718017578
2535312384.0,-2.766695499420166
2536250112.0,-2.571514844894409
2537187584.0,-2.3923370838165283
2538125056.0,-2.229139804840088
2539062528.0,-2.079763412475586
2540000000.0,-1.944057822227478
2540937472.0,-1.8209861516952515
2541874944.0,-1.7089625597000122
2542812416.0,-1.6083801984786987
2543749888.0,-1.5168910026550293
2544687616.0,-1.4335767030715942
2545625088.0,-1.3593744039535522
2546562560.0,-1.2914992570877075
2547500032.0,-1.2313768863677979
2548437504.0,-1.1775816679000854
2549374976.0,-1.128685474395752
2550312448.0,-1.0842373371124268
2551249920.0,-1.0445687770843506
2552187392.0,-1.0088746547698975
2553125120.0,-0.9752030372619629
2554062592.0,-0.9466446042060852
2555000064.0,-0.9192667007446289
2555937536.0,-0.8950846791267395
2556875008.0,-0.8726703524589539
2557812480.0,-0.8515701293945312
2558749952.0,-0.8311482071876526
2559687424.0,-0.8112499713897705
2560624896.0,-0.7921414375305176
2561562624.0,-0.7735087871551514
2562500096.0,-0.7534866333007812
2563437568.0,-0.7339479923248291
2564375040.0,-0.7142687439918518
2565312512.0,-0.6939798593521118
2566249984.0,-0.6727745532989502
2567187456.0,-0.652001678943634
2568124928.0,-0.6305131912231445
2569062400.0,-0.6078088879585266
2569999872.0,-0.5830283164978027
2570937600.0,-0.5592306852340698
2571875072.0,-0.5332400798797607
2572812544.0,-0.5076669454574585
2573750016.0,-0.4795484244823456
2574687488.0,-0.45190712809562683
2575624960.0,-0.42242076992988586
2576562432.0,-0.3926522433757782
2577499904.0,-0.3624279797077179
2578437376.0,-0.33202987909317017
2579375104.0,-0.30101221799850464
2580312576.0,-0.27060508728027344
2581250048.0,-0.24030698835849762
2582187520.0,-0.21036680042743683
2583124992.0,-0.18118007481098175
2584062464.0,-0.15362714231014252
2584999936.0,-0.12571637332439423
2585937408.0,-0.10011603683233261
2586874880.0,-0.07535715401172638
2587812608.0,-0.05190989002585411
2588750080.0,-0.027789046987891197
2589687552.0,-0.013790590688586235
2590625024.0,-0.001991803292185068
2591562496.0,0.009331714361906052
2592499968.0,0.01732904277741909
2593437440.0,0.0237712524831295
2594374912.0,0.02850549854338169
2595312384.0,0.030397482216358185
2596250112.0,0.030596191063523293
2597187584.0,0.030222028493881226
2598125056.0,0.026585249230265617
2599062528.0,0.02137117274105549
2600000000.0,0.016176825389266014
2600937472.0,0.007550095207989216
2601874944.0,-0.001880930969491601
2602812416.0,-0.011695188470184803
2603749888.0,-0.023371338844299316
2604687616.0,-0.03482013940811157
2605625088.0,-0.04828054457902908
2606562560.0,-0.061096783727407455
2607500032.0,-0.07430022954940796
2608437504.0,-0.08844377100467682
2609374976.0,-0.10292261093854904
2610312448.0,-0.11627804487943649
2611249920.0,-0.1293501853942871
2612187392.0,-0.1435288041830063
2613125120.0,-0.15540707111358643
2614062592.0,-0.16736529767513275
2615000064.0,-0.17797058820724487
2615937536.0,-0.18788592517375946
2616875008.0,-0.19709530472755432
2617812480.0,-0.20504699647426605
2618749952.0,-0.2114274501800537
2619687424.0,-0.2172774225473404
2620624896.0,-0.22002780437469482
2621562624.0,-0.2237265557050705
2622500096.0,-0.22532986104488373
2623437568.0,-0.22394157946109772
2624375040.0,-0.22292450070381165
2625312512.0,-0.2189759463071823
2626249984.0,-0.2134801149368286
2627187456.0,-0.20703810453414917
2628124928.0,-0.19918687641620636
2629062400.0,-0.1897922158241272
2630000128.0,-0.1787789762020111
2630937600.0,-0.16636621952056885
2631875072.0,-0.15180963277816772
2632812544.0,-0.13807913661003113
2633750016.0,-0.12119071930646896
2634687488.0,-0.1056361198425293
2635624960.0,-0.08791941404342651
2636562432.0,-0.06957615166902542
2637499904.0,-0.05122923478484154
2638437376.0,-0.03191697970032692
2639375104.0,-0.01292404904961586
2640312576.0,0.005666714161634445
2641250048.0,0.025231055915355682
2642187520.0,0.044503103941679
2643124992.0,0.062102850526571274
2644062464.0,0.07992970198392868
2644999936.0,0.09701173007488251
2645937408.0,0.11264317482709885
2646874880.0,0.1274484097957611
2647812608.0,0.1531241089105606
2648750080.0,0.16787253320217133
2649687552.0,0.18102820217609406
2650625024.0,0.19070227444171906
2651562496.0,0.19910216331481934
2652499968.0,0.20516066253185272
2653437440.0,0.20916825532913208
2654374912.0,0.21032880246639252
2655312384.0,0.20844748616218567
2656250112.0,0.205030620098114
2657187584.0,0.19838473200798035
2658125056.0,0.189647376537323
2659062528.0,0.17844033241271973
2660000000.0,0.16646724939346313
2660937472.0,0.1512410193681717
2661874944.0,0.13524767756462097
2662812416.0,0.11752013862133026
2663749888.0,0.09978985041379929
2664687616.0,0.07946456968784332
2665625088.0,0.059089552611112595
2666562560.0,0.03785393014550209
2667500032.0,0.01773509941995144
2668437504.0,-0.003929287660866976
2669374976.0,-0.023775490000844002
2670312448.0,-0.04377076402306557
2671249920.0,-0.06254840642213821
2672187392.0,-0.08034225553274155
2673125120.0,-0.09766498953104019
2674062592.0,-0.11264573037624359
2675000064.0,-0.12646959722042084
2675937536.0,-0.13797810673713684
2676875008.0,-0.14893265068531036
2677812480.0,-0.15705519914627075
2678749952.0,-0.16349555552005768
2679687424.0,-0.1680987924337387
2680624896.0,-0.17014384269714355
2681562624.0,-0.17055630683898926
2682500096.0,-0.1674685776233673
2683437568.0,-0.16422811150550842
2684375040.0,-0.1583370715379715
2685312512.0,-0.1499517261981964
2686249984.0,-0.1404673159122467
2687187456.0,-0.1291411966085434
2688124928.0,-0.1171300858259201
2689062400.0,-0.1035572737455368
2689999872.0,-0.0884275883436203
2690937600.0,-0.07127593457698822
2691875072.0,-0.054471127688884735
2692812544.0,-0.036647580564022064
2693750016.0,-0.018642153590917587
2694687488.0,-0.0009202930377796292
2695624960.0,0.017217403277754784
2696562432.0,0.03561065346002579
2697499904.0,0.053877390921115875
2698437376.0,0.07067444175481796
2699375104.0,0.08826493471860886
2700312576.0,0.1039629802107811
2701250048.0,0.11881051957607269
2702187520.0,0.1327800750732422
2703124992.0,0.1467055231332779
2704062464.0,0.15801557898521423
2704999936.0,0.16931039094924927
2705937408.0,0.17861193418502808
2706874880.0,0.1875220686197281
2707812608.0,0.20697453618049622
2708750080.0,0.21034377813339233
2709687552.0,0.21390767395496368
2710625024.0,0.21678318083286285
2711562496.0,0.2171405553817749
2712499968.0,0.21728649735450745
2713437440.0,0.21533049643039703
2714374912.0,0.21314190328121185
2715312384.0,0.20899443328380585
2716250112.0,0.20358555018901825
2717187584.0,0.19655944406986237
2718125056.0,0.18829353153705597
2719062528.0,0.17964144051074982
2720000000.0,0.16872002184391022
2720937472.0,0.15689493715763092
2721874944.0,0.14404119551181793
2722812416.0,0.1297895759344101
2723749888.0,0.11419747769832611
2724687616.0,0.09844452142715454
2725625088.0,0.08026860654354095
2726562560.0,0.06234179437160492
2727500032.0,0.04432550072669983
2728437504.0,0.025011096149683
2729374976.0,0.0052417670376598835
2730312448.0,-0.013450988568365574
2731249920.0,-0.034115083515644073
2732187392.0,-0.05330013483762741
2733125120.0,-0.07213766127824783
2734062592.0,-0.09039656072854996
2735000064.0,-0.10757964849472046
2735937536.0,-0.12443513423204422
2736875008.0,-0.13886049389839172
2737812480.0,-0.1524532437324524
2738749952.0,-0.16432471573352814
2739687424.0,-0.17426654696464539
2740624896.0,-0.18346868455410004
2741562624.0,-0.1882745772600174
2742500096.0,-0.1927042454481125
2743437568.0,-0.19416826963424683
2744375040.0,-0.1935207098722458
2745312512.0,-0.19017356634140015
2746249984.0,-0.1846505105495453
2747187456.0,-0.1767587810754776
2748124928.0,-0.16612178087234497
2749062400.0,-0.15531690418720245
2750000128.0,-0.14021486043930054
2750937600.0,-0.12478480488061905
2751875072.0,-0.1069759801030159
2752812544.0,-0.08833661675453186
2753750016.0,-0.06678865849971771
2754687488.0,-0.045129045844078064
2755624960.0,-0.02363581582903862
2756562432.0,-0.0009800792904570699
2757499904.0,0.021983684971928596
2758437376.0,0.04358746111392975
2759375104.0,0.06608187407255173
2760312576.0,0.08657760173082352
2761250048.0,0.10769938677549362
2762187520.0,0.12622703611850739
2763124992.0,0.1445329785346985
2764062464.0,0.16088178753852844
2764999936.0,0.1749621480703354
2765937408.0,0.18694381415843964
2766874880.0,0.19763359427452087
2767812608.0,0.23886507749557495
2768750080.0,0.24331757426261902
2769687552.0,0.24493733048439026
2770625024.0,0.2448381632566452
2771562496.0,0.24414639174938202
2772499968.0,0.2404155135154724
2773437440.0,0.23623938858509064
2774374912.0,0.23055678606033325
2775312384.0,0.2227257490158081
2776250112.0,0.21447357535362244
2777187584.0,0.20438453555107117
2778125056.0,0.19310380518436432
2779062528.0,0.18185937404632568
2780000000.0,0.16859132051467896
2780937472.0,0.15538077056407928
2781874944.0,0.14131782948970795
2782812416.0,0.1266714185476303
2783749888.0,0.11073854565620422
2784687616.0,0.09647978097200394
2785625088.0,0.08113360404968262
2786562560.0,0.06535682082176208
2787500032.0,0.050990860909223557
2788437504.0,0.0343477763235569
2789374976.0,0.019484426826238632
2790312448.0,0.005679185036569834
2791249920.0,-0.008275280706584454
2792187392.0,-0.022596152499318123
2793125120.0,-0.03526078909635544
2794062592.0,-0.046057552099227905
2795000064.0,-0.05757344514131546
2795937536.0,-0.06772303581237793
2796875008.0,-0.07639199495315552
2797812480.0,-0.08397338539361954
2798749952.0,-0.08971720933914185
2799687424.0,-0.09473563730716705
2800624896.0,-0.09836755692958832
2801562624.0,-0.10047253966331482
2802500096.0,-0.10101766139268875
2803437568.0,-0.1004343256354332
2804375040.0,-0.09767196327447891
2805312512.0,-0.09374948590993881
2806249984.0,-0.08865560591220856
2807187456.0,-0.08147890865802765
2808124928.0,-0.07369193434715271
2809062400.0,-0.06367293745279312
2809999872.0,-0.0526789091527462
2810937600.0,-0.04082478955388069
2811875072.0,-0.027758093550801277
2812812544.0,-0.012769273482263088
2813750016.0,0.0015436196699738503
2814687488.0,0.0186442993581295
2815624960.0,0.03544127941131592
2816562432.0,0.05160980671644211
2817499904.0,0.06974291801452637
2818437376.0,0.08657867461442947
2819375104.0,0.10368964821100235
2820312576.0,0.12078695744276047
2821250048.0,0.13709799945354462
2822187520.0,0.15337887406349182
2823124992.0,0.16817185282707214
2824062464.0,0.1823129951953888
2824999936.0,0.19523869454860687
2825937408.0,0.2064988613128662
2826874880.0,0.2161535769701004
2827812608.0,0.23000049591064453
2828750080.0,0.23603858053684235
2829687552.0,0.2395993024110794
2830625024.0,0.24120000004768372
2831562496.0,0.24035845696926117
2832499968.0,0.23732919991016388
2833437440.0,0.23361854255199432
2834374912.0,0.22854675352573395
2835312384.0,0.2203478068113327
2836250112.0,0.21078835427761078
2837187584.0,0.20053836703300476
2838125056.0,0.1881437599658966
2839062528.0,0.17484675347805023
2840000000.0,0.1610027700662613
2840937472.0,0.14518265426158905
2841874944.0,0.12922082841396332
2842812416.0,0.11235809326171875
2843749888.0,0.09505857527256012
2844687616.0,0.0774461030960083
2845625088.0,0.060329124331474304
2846562560.0,0.04222157225012779
2847500032.0,0.02477799728512764
2848437504.0,0.0067031485959887505
2849374976.0,-0.009496740996837616
2850312448.0,-0.025468941777944565
2851249920.0,-0.040010761469602585
2852187392.0,-0.05414094775915146
2853125120.0,-0.06683278828859329
2854062592.0,-0.07840720564126968
2855000064.0,-0.08882119506597519
2855937536.0,-0.09760820120573044
2856875008.0,-0.10544169694185257
2857812480.0,-0.11093481630086899
2858749952.0,-0.11477349698543549
2859687424.0,-0.11688166856765747
2860624896.0,-0.11750412732362747
2861562624.0,-0.11625130474567413
2862500096.0,-0.112898088991642
2863437568.0,-0.1088043600320816
2864375040.0,-0.10246481746435165
2865312512.0,-0.09450206905603409
2866249984.0,-0.08479711413383484
2867187456.0,-0.07390356063842773
2868124928.0,-0.06265299022197723
2869062400.0,-0.04854544624686241
2870000128.0,-0.033623166382312775
2870937600.0,-0.01812395267188549
2871875072.0,-0.0032445911783725023
2872812544.0,0.01335103064775467
2873750016.0,0.030511707067489624
2874687488.0,0.04834640771150589
2875624960.0,0.06524485349655151
2876562432.0,0.08218953758478165
2877499904.0,0.09928946197032928
2878437376.0,0.11573724448680878
2879375104.0,0.13210944831371307
2880312576.0,0.14755456149578094
2881250048.0,0.16264215111732483
2882187520.0,0.1760064959526062
2883124992.0,0.18895304203033447
2884062464.0,0.2005549520254135
2884999936.0,0.21138694882392883
2885937408.0,0.22068944573402405
2886874880.0,0.22922883927822113
2887812608.0,0.212569460272789
2888750080.0,0.21612758934497833
2889687552.0,0.2186967432498932
2890625024.0,0.22121256589889526
2891562496.0,0.2219928503036499
2892499968.0,0.22222229838371277
2893437440.0,0.2196550965309143
2894374912.0,0.2173273116350174
2895312384.0,0.21347181499004364
2896250112.0,0.20699959993362427
2897187584.0,0.20074409246444702
2898125056.0,0.19182848930358887
2899062528.0,0.18203045427799225
2900000000.0,0.17042556405067444
2900937472.0,0.1581355780363083
2901874944.0,0.14442849159240723
2902812416.0,0.12934741377830505
2903749888.0,0.11435764282941818
2904687616.0,0.09724238514900208
2905625088.0,0.079829141497612
2906562560.0,0.06293899565935135
2907500032.0,0.044735029339790344
2908437504.0,0.027218159288167953
2909374976.0,0.010091621428728104
2910312448.0,-0.00682656979188323
2911249920.0,-0.023255135864019394
2912187392.0,-0.03754067048430443
2913125120.0,-0.051890842616558075
2914062592.0,-0.06452998518943787
2915000064.0,-0.07474708557128906
2915937536.0,-0.08340920507907867
2916875008.0,-0.0913211777806282
2917812480.0,-0.0958501547574997
2918749952.0,-0.09877661615610123
2919687424.0,-0.09993475675582886
2920624896.0,-0.0984010174870491
2921562624.0,-0.09570517390966415
2922500096.0,-0.09036517888307571
2923437568.0,-0.08278137445449829
2924375040.0,-0.07254710048437119
2925312512.0,-0.06197372451424599
2926249984.0,-0.048092883080244064
2927187456.0,-0.03543946519494057
2928124928.0,-0.018343666568398476
2929062400.0,-0.0024388106539845467
2929999872.0,0.01496649719774723
2930937600.0,0.03311922028660774
2931875072.0,0.04983214661478996
2932812544.0,0.06832065433263779
2933750016.0,0.08598440140485764
2934687488.0,0.10260557383298874
2935624960.0,0.11939225345849991
2936562432.0,0.13502593338489532
2937499904.0,0.14906609058380127
2938437376.0,0.1617259681224823
2939375104.0,0.17437659204006195
2940312576.0,0.18435510993003845
2941250048.0,0.1938105821609497
2942187520.0,0.20178015530109406
2943124992.0,0.20886509120464325
2944062464.0,0.21369987726211548
2944999936.0,0.21739844977855682
2945937408.0,0.22054289281368256
2946874880.0,0.22167402505874634
2947812608.0,0.202692911028862
2948750080.0,0.2009153515100479
2949687552.0,0.19785712659358978
2950625024.0,0.1954919844865799
2951562496.0,0.1922188103199005
2952499968.0,0.1882636845111847
2953437440.0,0.18527376651763916
2954374912.0,0.1813642531633377
2955312384.0,0.1771487295627594
2956250112.0,0.1735139787197113
2957187584.0,0.16913636028766632
2958125056.0,0.16477331519126892
2959062528.0,0.1606140285730362
2960000000.0,0.15589912235736847
2960937472.0,0.15134353935718536
2961874944.0,0.14677931368350983
2962812416.0,0.14193519949913025
2963749888.0,0.13527682423591614
2964687616.0,0.12965936958789825
2965625088.0,0.12388793379068375
2966562560.0,0.11828381568193436
2967500032.0,0.1120128184556961
2968437504.0,0.1048864796757698
2969374976.0,0.09832659363746643
2970312448.0,0.0909319669008255
2971249920.0,0.08459852635860443
2972187392.0,0.07658455520868301
2973125120.0,0.06936987489461899
2974062592.0,0.06210270896553993
2975000064.0,0.055507831275463104
2975937536.0,0.04890592023730278
2976875008.0,0.04052851349115372
2977812480.0,0.03436053544282913
2978749952.0,0.028396496549248695
2979687424.0,0.02234945073723793
2980624896.0,0.01762448623776436
2981562624.0,0.011789125390350819
2982500096.0,0.008855098858475685
2983437568.0,0.004405857063829899
2984375040.0,0.0016578221693634987
2985312512.0,-0.0007819751626811922
2986249984.0,-0.002377902390435338
2987187456.0,-0.0035725499037653208
2988124928.0,-0.0038239415735006332
2989062400.0,-0.0035210123751312494
2990000128.0,-0.0026788711547851562
2990937600.0,-0.0018005672609433532
2991875072.0,-0.0003671786398626864
2992812544.0,0.001274844165891409
2993750016.0,0.003606991143897176
2994687488.0,0.005457640625536442
2995624960.0,0.008220715448260307
2996562432.0,0.010260891169309616
2997499904.0,0.012864961288869381
2998437376.0,0.016161873936653137
2999375104.0,0.019313707947731018
3000312576.0,0.02428620494902134
3001250048.0,0.02636292576789856
3002187520.0,0.02861885540187359
3003124992.0,0.030398352071642876
3004062464.0,0.03280137851834297
3004999936.0,0.03472292795777321
3005937408.0,0.03668363019824028
3006874880.0,0.03853825852274895
3007812608.0,0.1302693635225296
3008750080.0,0.12786859273910522
3009687552.0,0.12472458183765411
3010625024.0,0.12096209079027176
3011562496.0,0.11661611497402191
3012499968.0,0.1125423014163971
3013437440.0,0.10775779187679291
3014374912.0,0.1029294952750206
3015312384.0,0.09730248898267746
3016250112.0,0.0934169590473175
3017187584.0,0.08688769489526749
3018125056.0,0.08139274269342422
3019062528.0,0.07559889554977417
3020000000.0,0.0699014812707901
3020937472.0,0.06364811211824417
3021874944.0,0.05801815912127495
3022812416.0,0.051735226064920425
3023749888.0,0.04646714776754379
3024687616.0,0.04034913331270218
3025625088.0,0.03464779630303383
3026562560.0,0.029467813670635223
3027500032.0,0.02173001319169998
3028437504.0,0.016549458727240562
3029374976.0,0.010855318047106266
3030312448.0,0.005063856951892376
3031249920.0,-0.0004427315143402666
3032187392.0,-0.004771300125867128
3033125120.0,-0.011415285058319569
3034062592.0,-0.016833484172821045
3035000064.0,-0.02120259217917919
3035937536.0,-0.026976609602570534
3036875008.0,-0.030729608610272408
3037812480.0,-0.03625280037522316
3038749952.0,-0.040120575577020645
3039687424.0,-0.04387189820408821
3040624896.0,-0.048063430935144424
3041562624.0,-0.05234827846288681
3042500096.0,-0.05523211881518364
3043437568.0,-0.05765017867088318
3044375040.0,-0.05992022901773453
3045312512.0,-0.0623653419315815
3046249984.0,-0.06426315754652023
3047187456.0,-0.06477268785238266
3048124928.0,-0.06484381854534149
3049062400.0,-0.06501863151788712
3049999872.0,-0.06430152803659439
3050937600.0,-0.06266912817955017
3051875072.0,-0.05994919314980507
3052812544.0,-0.05732540786266327
3053750016.0,-0.0533745102584362
3054687488.0,-0.0489206537604332
3055624960.0,-0.0439196452498436
3056562432.0,-0.03859946131706238
3057499904.0,-0.03123483434319496
3058437376.0,-0.02416965551674366
3059375104.0,-0.015084858052432537
3060312576.0,-0.00626611802726984
3061250048.0,0.004154582042247057
3062187520.0,0.013945313170552254
3063124992.0,0.025302447378635406
3064062464.0,0.03695627674460411
3064999936.0,0.0494251549243927
3065937408.0,0.061469487845897675
3066874880.0,0.0743531733751297
3067812608.0,0.1403898000717163
3068750080.0,0.14682050049304962
3069687552.0,0.14992378652095795
3070625024.0,0.15270169079303741
3071562496.0,0.15374207496643066
3072499968.0,0.15440744161605835
3073437440.0,0.15265779197216034
3074374912.0,0.1499738097190857
3075312384.0,0.14590786397457123
3076250112.0,0.14172782003879547
3077187584.0,0.13426810503005981
3078125056.0,0.12643113732337952
3079062528.0,0.11838138848543167
3080000000.0,0.10884013026952744
3080937472.0,0.09879539161920547
3081874944.0,0.088229700922966
3082812416.0,0.07811051607131958
3083749888.0,0.06724010407924652
3084687616.0,0.05603109300136566
3085625088.0,0.04653351753950119
3086562560.0,0.034730564802885056
3087500032.0,0.024408450350165367
3088437504.0,0.015886152163147926
3089374976.0,0.006519417278468609
3090312448.0,-0.0013762925518676639
3091249920.0,-0.0077673024497926235
3092187392.0,-0.01405650470405817
3093125120.0,-0.018299710005521774
3094062592.0,-0.022395504638552666
3095000064.0,-0.02540169656276703
3095937536.0,-0.026594923809170723
3096875008.0,-0.027185000479221344
3097812480.0,-0.02670951746404171
3098749952.0,-0.024420838803052902
3099687424.0,-0.021935882046818733
3100624896.0,-0.017846135422587395
3101562624.0,-0.013000897131860256
3102500096.0,-0.007895451970398426
3103437568.0,-0.0011425591073930264
3104375040.0,0.006206043530255556
3105312512.0,0.01377184223383665
3106249984.0,0.021251916885375977
3107187456.0,0.029210172593593597
3108124928.0,0.037211496382951736
3109062400.0,0.04536668211221695
3110000128.0,0.05276887118816376
3110937600.0,0.06069066748023033
3111875072.0,0.06876281648874283
3112812544.0,0.07657647132873535
3113750016.0,0.08395753055810928
3114687488.0,0.09026606380939484
3115624960.0,0.09654972702264786
3116562432.0,0.10254313796758652
3117499904.0,0.10827639698982239
3118437376.0,0.11395490914583206
3119375104.0,0.11790339648723602
3120312576.0,0.12143407016992569
3121250048.0,0.1250287890434265
3122187520.0,0.12886692583560944
3123124992.0,0.13103556632995605
3124062464.0,0.13378457725048065
3124999936.0,0.13656942546367645
3125937408.0,0.13814735412597656
3126874880.0,0.14081281423568726
3127812608.0,0.14659081399440765
3128750080.0,0.14646241068840027
3129687552.0,0.14570467174053192
3130625024.0,0.14446720480918884
3131562496.0,0.1433717906475067
3132499968.0,0.1410907804965973
3133437440.0,0.13800987601280212
3134374912.0,0.1352616548538208
3135312384.0,0.13185444474220276
3136250112.0,0.12817621231079102
3137187584.0,0.1266167312860489
3138125056.0,0.12385966628789902
3139062528.0,0.12259367108345032
3140000000.0,0.12097983062267303
3140937472.0,0.12164269387722015
3141874944.0,0.12293927371501923
3142812416.0,0.1261296421289444
3143749888.0,0.13031011819839478
3144687616.0,0.13517418503761292
3145625088.0,0.1402931958436966
3146562560.0,0.14550593495368958
3147500032.0,0.1510598063468933
3148437504.0,0.15529479086399078
3149374976.0,0.1580837219953537
3150312448.0,0.15910805761814117
3151249920.0,0.15779057145118713
3152187392.0,0.15501323342323303
3153125120.0,0.14948560297489166
3154062592.0,0.14223293960094452
3155000064.0,0.13315626978874207
3155937536.0,0.12214890122413635
3156875008.0,0.10926545411348343
3157812480.0,0.09517526626586914
3158749952.0,0.07942849397659302
3159687424.0,0.06410697102546692
3160624896.0,0.04914987087249756
3161562624.0,0.033975791186094284
3162500096.0,0.019098669290542603
3163437568.0,0.006749545224010944
3164375040.0,-0.00436364533379674
3165312512.0,-0.013959540985524654
3166249984.0,-0.02304854802787304
3167187456.0,-0.029251884669065475
3168124928.0,-0.032531652599573135
3169062400.0,-0.034444283694028854
3169999872.0,-0.03221553936600685
3170937600.0,-0.029034487903118134
3171875072.0,-0.023318907245993614
3172812544.0,-0.015671811997890472
3173750016.0,-0.005737237632274628
3174687488.0,0.004226231947541237
3175624960.0,0.01696963608264923
3176562432.0,0.030630139634013176
3177499904.0,0.044749751687049866
3178437376.0,0.06022100895643234
3179375104.0,0.07419022172689438
3180312576.0,0.09057387709617615
3181250048.0,0.1058136597275734
3182187520.0,0.12132374942302704
3183124992.0,0.13589993119239807
3184062464.0,0.14921970665454865
3184999936.0,0.16226188838481903
3185937408.0,0.17489546537399292
3186874880.0,0.18625260889530182
3187812608.0,0.15291661024093628
3188750080.0,0.14850705862045288
3189687552.0,0.14370152354240417
3190625024.0,0.13846826553344727
3191562496.0,0.1325441300868988
3192499968.0,0.12668289244174957
3193437440.0,0.12115664780139923
3194374912.0,0.11464547365903854
3195312384.0,0.1096506267786026
3196250112.0,0.10337864607572556
3197187584.0,0.09944888204336166
3198125056.0,0.09538757801055908
3199062528.0,0.0920804888010025
3200000000.0,0.08895839750766754
3200937472.0,0.08674143254756927
3201874944.0,0.08543715626001358
3202812416.0,0.08523740619421005
3203749888.0,0.08436192572116852
3204687616.0,0.08436007797718048
3205625088.0,0.08562580496072769
3206562560.0,0.08761563897132874
3207500032.0,0.0891747698187828
3208437504.0,0.09178613126277924
3209374976.0,0.09393151104450226
3210312448.0,0.09741850197315216
3211249920.0,0.09878022223711014
3212187392.0,0.10175979882478714
3213125120.0,0.10381477326154709
3214062592.0,0.1068359911441803
3215000064.0,0.10861113667488098
3215937536.0,0.1111462414264679
3216875008.0,0.11209239065647125
3217812480.0,0.11446481198072433
3218749952.0,0.1153058335185051
3219687424.0,0.11597190052270889
3220624896.0,0.11583980917930603
3221562624.0,0.11627773195505142
3222500096.0,0.11484528332948685
3223437568.0,0.1138068214058876
3224375040.0,0.11303605884313583
3225312512.0,0.11225210130214691
3226249984.0,0.1115606352686882
3227187456.0,0.11085245013237
3228124928.0,0.10969147086143494
3229062400.0,0.1094178780913353
3230000128.0,0.10921047627925873
3230937600.0,0.10958540439605713
3231875072.0,0.11004311591386795
3232812544.0,0.11029970645904541
3233750016.0,0.11236979067325592
3234687488.0,0.11519081890583038
3235624960.0,0.1173129454255104
3236562432.0,0.12034350633621216
3237499904.0,0.12523865699768066
3238437376.0,0.12970055639743805
3239375104.0,0.1348579227924347
3240312576.0,0.14049623906612396
3241250048.0,0.14675670862197876
3242187520.0,0.15167199075222015
3243124992.0,0.15858981013298035
3244062464.0,0.1654495894908905
3244999936.0,0.1719253659248352
3245937408.0,0.1764717996120453
3246874880.0,0.18262295424938202
3247812608.0,0.0929843857884407
3248750080.0,0.08456189185380936
3249687552.0,0.0755816400051117
3250625024.0,0.0655338242650032
3251562496.0,0.05509144440293312
3252499968.0,0.046396654099226
3253437440.0,0.03781432658433914
3254374912.0,0.028679760172963142
3255312384.0,0.022674215957522392
3256250112.0,0.018669359385967255
3257187584.0,0.01585979200899601
3258125056.0,0.015017774887382984
3259062528.0,0.015183161944150925
3260000000.0,0.016360193490982056
3260937472.0,0.01952323131263256
3261874944.0,0.02310163900256157
3262812416.0,0.027306698262691498
3263749888.0,0.032038766890764236
3264687616.0,0.03654679283499718
3265625088.0,0.04141693934798241
3266562560.0,0.045477963984012604
3267500032.0,0.04976576194167137
3268437504.0,0.05319000780582428
3269374976.0,0.05716944485902786
3270312448.0,0.05976150557398796
3271249920.0,0.062144480645656586
3272187392.0,0.06480675935745239
3273125120.0,0.06645692139863968
3274062592.0,0.06859501451253891
3275000064.0,0.0704411044716835
3275937536.0,0.07191498577594757
3276875008.0,0.07362214475870132
3277812480.0,0.07481798529624939
3278749952.0,0.0751282349228859
3279687424.0,0.07663831114768982
3280624896.0,0.07793444395065308
3281562624.0,0.07818537205457687
3282500096.0,0.07830261439085007
3283437568.0,0.07865486294031143
3284375040.0,0.07941988110542297
3285312512.0,0.07909615337848663
3286249984.0,0.07847696542739868
3287187456.0,0.07984691858291626
3288124928.0,0.07857699692249298
3289062400.0,0.07914038747549057
3289999872.0,0.07789332419633865
3290937600.0,0.0779443085193634
3291875072.0,0.07751940190792084
3292812544.0,0.07806707173585892
3293750016.0,0.07846411317586899
3294687488.0,0.07855092734098434
3295624960.0,0.07982349395751953
3296562432.0,0.08089422434568405
3297499904.0,0.08196020126342773
3298437376.0,0.08347342163324356
3299375104.0,0.08603424578905106
3300312576.0,0.08811285346746445
3301250048.0,0.09030497819185257
3302187520.0,0.09452134370803833
3303124992.0,0.09771117568016052
3304062464.0,0.10152167081832886
3304999936.0,0.1060284823179245
3305937408.0,0.11130180209875107
3306874880.0,0.11587885767221451
3307812608.0,0.12815681099891663
3308750080.0,0.1359022557735443
3309687552.0,0.14302371442317963
3310625024.0,0.15142403542995453
3311562496.0,0.1596711426973343
3312499968.0,0.16835781931877136
3313437440.0,0.1759457141160965
3314374912.0,0.1829761415719986
3315312384.0,0.19055131077766418
3316250112.0,0.19652439653873444
3317187584.0,0.20254197716712952
3318125056.0,0.20730048418045044
3319062528.0,0.21196894347667694
3320000000.0,0.214670330286026
3320937472.0,0.21765796840190887
3321874944.0,0.21842274069786072
3322812416.0,0.21809427440166473
3323749888.0,0.2177351713180542
3324687616.0,0.2153802365064621
3325625088.0,0.21160776913166046
3326562560.0,0.20710161328315735
3327500032.0,0.2018543779850006
3328437504.0,0.19471997022628784
3329374976.0,0.18629474937915802
3330312448.0,0.17847208678722382
3331249920.0,0.1690288484096527
3332187392.0,0.15931622684001923
3333125120.0,0.1478017270565033
3334062592.0,0.1368674784898758
3335000064.0,0.12586286664009094
3335937536.0,0.11477649211883545
3336875008.0,0.10396631807088852
3337812480.0,0.09215354919433594
3338749952.0,0.08158180117607117
3339687424.0,0.07181335240602493
3340624896.0,0.061523180454969406
3341562624.0,0.053469736129045486
3342500096.0,0.04426766559481621
3343437568.0,0.03706981986761093
3344375040.0,0.030712587758898735
3345312512.0,0.0251083355396986
3346249984.0,0.020671769976615906
3347187456.0,0.017981601879000664
3348124928.0,0.01571708358824253
3349062400.0,0.015227357856929302
3350000128.0,0.016361460089683533
3350937600.0,0.01759917102754116
3351875072.0,0.0204689409583807
3352812544.0,0.02453674003481865
3353750016.0,0.02974618971347809
3354687488.0,0.03587501496076584
3355624960.0,0.04256755858659744
3356562432.0,0.050478849560022354
3357499904.0,0.05882502347230911
3358437376.0,0.06787049770355225
3359375104.0,0.07668162137269974
3360312576.0,0.08665778487920761
3361250048.0,0.09657856822013855
3362187520.0,0.1069081723690033
3363124992.0,0.11701560020446777
3364062464.0,0.1258738934993744
3364999936.0,0.13499991595745087
3365937408.0,0.14390839636325836
3366874880.0,0.1516527682542801
3367812608.0,0.033708956092596054
3368750080.0,0.03701165318489075
3369687552.0,0.04052571952342987
3370625024.0,0.04400637745857239
3371562496.0,0.047214824706315994
3372499968.0,0.04988136142492294
3373437440.0,0.0509302131831646
3374374912.0,0.050682034343481064
3375312384.0,0.050498489290475845
3376250112.0,0.04837873578071594
3377187584.0,0.045900460332632065
3378125056.0,0.04144378378987312
3379062528.0,0.03761764615774155
3380000000.0,0.032275471836328506
3380937472.0,0.026038313284516335
3381874944.0,0.01848883181810379
3382812416.0,0.009605096653103828
3383749888.0,0.0012288665166124701
3384687616.0,-0.008817865513265133
3385625088.0,-0.019867615774273872
3386562560.0,-0.029628390446305275
3387500032.0,-0.04059555009007454
3388437504.0,-0.052121441811323166
3389374976.0,-0.06211097538471222
3390312448.0,-0.0735849142074585
3391249920.0,-0.08297557383775711
3392187392.0,-0.09404623508453369
3393125120.0,-0.10270591080188751
3394062592.0,-0.1126827597618103
3395000064.0,-0.11996527761220932
3395937536.0,-0.12792259454727173
3396875008.0,-0.13554242253303528
3397812480.0,-0.13992859423160553
3398749952.0,-0.14532886445522308
3399687424.0,-0.14904667437076569
3400624896.0,-0.1527642160654068
3401562624.0,-0.15518581867218018
3402500096.0,-0.15679623186588287
3403437568.0,-0.1582445204257965
3404375040.0,-0.15782904624938965
3405312512.0,-0.158121258020401
3406249984.0,-0.15728317201137543
3407187456.0,-0.15571580827236176
3408124928.0,-0.156490296125412
3409062400.0,-0.1554626226425171
3409999872.0,-0.1555817574262619
3410937600.0,-0.15527625381946564
3411875072.0,-0.1555270403623581
3412812544.0,-0.1580973118543625
3413750016.0,-0.16123464703559875
3414687488.0,-0.1645372062921524
3415624960.0,-0.17069554328918457
3416562432.0,-0.17616958916187286
3417499904.0,-0.18531526625156403
3418437376.0,-0.19642528891563416
3419375104.0,-0.20877784490585327
3420312576.0,-0.22326962649822235
3421250048.0,-0.24025368690490723
3422187520.0,-0.2588081359863281
3423124992.0,-0.27950751781463623
3424062464.0,-0.3025570213794708
3424999936.0,-0.3280080258846283
3425937408.0,-0.3549327552318573
3426874880.0,-0.38253897428512573
3427812608.0,-0.4127157926559448
3428750080.0,-0.4400685131549835
3429687552.0,-0.4686867296695709
3430625024.0,-0.4966330826282501
3431562496.0,-0.5249403715133667
3432499968.0,-0.553371012210846
3433437440.0,-0.5806381106376648
3434374912.0,-0.608428418636322
3435312384.0,-0.6361345648765564
3436250112.0,-0.6635318994522095
3437187584.0,-0.6906483173370361
3438125056.0,-0.7190811634063721
3439062528.0,-0.747717559337616
3440000000.0,-0.7776178121566772
3440937472.0,-0.8081942796707153
3441874944.0,-0.8400487899780273
3442812416.0,-0.873715877532959
3443749888.0,-0.9120903611183167
3444687616.0,-0.9509512782096863
3445625088.0,-0.9929769039154053
3446562560.0,-1.038332223892212
3447500032.0,-1.0856531858444214
3448437504.0,-1.1358891725540161
3449374976.0,-1.1884385347366333
3450312448.0,-1.2454310655593872
3451249920.0,-1.3043023347854614
3452187392.0,-1.3652775287628174
3453125120.0,-1.425998568534851
3454062592.0,-1.4898395538330078
3455000064.0,-1.553719162940979
3455937536.0,-1.6168946027755737
3456875008.0,-1.6766154766082764
3457812480.0,-1.734063982963562
3458749952.0,-1.7854686975479126
3459687424.0,-1.8309847116470337
3460624896.0,-1.8690396547317505
3461562624.0,-1.9010603427886963
3462500096.0,-1.9246306419372559
3463437568.0,-1.9422945976257324
3464375040.0,-1.9530402421951294
3465312512.0,-1.9563874006271362
3466249984.0,-1.9524673223495483
3467187456.0,-1.940457820892334
3468124928.0,-1.921840786933899
3469062400.0,-1.8968795537948608
3470000128.0,-1.8676762580871582
3470937600.0,-1.8333172798156738
3471875072.0,-1.795861840248108
3472812544.0,-1.7547134160995483
3473750016.0,-1.707642912864685
3474687488.0,-1.6581413745880127
3475624960.0,-1.6060961484909058
3476562432.0,-1.5532491207122803
3477499904.0,-1.4996281862258911
3478437376.0,-1.446352481842041
3479375104.0,-1.3928091526031494
3480312576.0,-1.3418781757354736
3481250048.0,-1.2940057516098022
3482187520.0,-1.2463332414627075
3483124992.0,-1.1983222961425781
3484062464.0,-1.1511671543121338
3484999936.0,-1.1054103374481201
3485937408.0,-1.0619865655899048
3486874880.0,-1.0211197137832642
3487812608.0,-1.0153199434280396
3488750080.0,-0.9784740209579468
3489687552.0,-0.9427875876426697
3490625024.0,-0.9089639782905579
3491562496.0,-0.8776440024375916
3492499968.0,-0.8495386242866516
3493437440.0,-0.8215020895004272
3494374912.0,-0.7945337295532227
3495312384.0,-0.7706252932548523
3496250112.0,-0.7467586994171143
3497187584.0,-0.725753128528595
3498125056.0,-0.7062007188796997
3499062528.0,-0.6878266334533691
3500000000.0,-0.6717973947525024
3500937472.0,-0.6566431522369385
3501874944.0,-0.6410775780677795
3502812416.0,-0.6273289322853088
3503749888.0,-0.6139564514160156
3504687616.0,-0.6014276146888733
3505625088.0,-0.5912317037582397
3506562560.0,-0.579679012298584
3507500032.0,-0.569195032119751
3508437504.0,-0.5573829412460327
3509374976.0,-0.5455585718154907
3510312448.0,-0.5340117812156677
3511249920.0,-0.5221442580223083
3512187392.0,-0.5103433132171631
3513125120.0,-0.49828651547431946
3514062592.0,-0.4858904480934143
3515000064.0,-0.4709530770778656
3515937536.0,-0.45444899797439575
3516875008.0,-0.4366961121559143
3517812480.0,-0.41835862398147583
3518749952.0,-0.3998754918575287
3519687424.0,-0.38189518451690674
3520624896.0,-0.36237362027168274
3521562624.0,-0.3440874218940735
3522500096.0,-0.32660436630249023
3523437568.0,-0.3074526786804199
3524375040.0,-0.28913000226020813
3525312512.0,-0.27034416794776917
3526249984.0,-0.2525886297225952
3527187456.0,-0.2339639812707901
3528124928.0,-0.2161054015159607
3529062400.0,-0.19893445074558258
3529999872.0,-0.18456116318702698
3530937600.0,-0.17081093788146973
3531875072.0,-0.1588602513074875
3532812544.0,-0.1481315642595291
3533750016.0,-0.13990764319896698
3534687488.0,-0.13249032199382782
3535624960.0,-0.12676826119422913
3536562432.0,-0.12211143225431442
3537499904.0,-0.11867913603782654
3538437376.0,-0.11756660044193268
3539375104.0,-0.1186729371547699
3540312576.0,-0.12067681550979614
3541250048.0,-0.12427530437707901
3542187520.0,-0.12993256747722626
3543124992.0,-0.1360708475112915
3544062464.0,-0.14328685402870178
3544999936.0,-0.15186449885368347
3545937408.0,-0.16212910413742065
3546874880.0,-0.1726725995540619
3547812608.0,-0.20811130106449127
3548750080.0,-0.19846482574939728
3549687552.0,-0.19029706716537476
3550625024.0,-0.18235546350479126
3551562496.0,-0.17451424896717072
3552499968.0,-0.1674828976392746
3553437440.0,-0.16064998507499695
3554374912.0,-0.15471100807189941
3555312384.0,-0.1514493227005005
3556250112.0,-0.1464952528476715
3557187584.0,-0.14254003763198853
3558125056.0,-0.13951140642166138
3559062528.0,-0.1366860568523407
3560000000.0,-0.13429248332977295
3560937472.0,-0.13047859072685242
3561874944.0,-0.12613902986049652
3562812416.0,-0.12339890748262405
3563749888.0,-0.12100505083799362
3564687616.0,-0.11901169270277023
3565625088.0,-0.11723853647708893
3566562560.0,-0.11479273438453674
3567500032.0,-0.1120302602648735
3568437504.0,-0.10975468158721924
3569374976.0,-0.10795848071575165
3570312448.0,-0.10588239878416061
3571249920.0,-0.10321079939603806
3572187392.0,-0.10032585263252258
3573125120.0,-0.09702566266059875
3574062592.0,-0.09450550377368927
3575000064.0,-0.09140253067016602
3575937536.0,-0.08798865973949432
3576875008.0,-0.08393026888370514
3577812480.0,-0.07961514592170715
3578749952.0,-0.07666420191526413
3579687424.0,-0.07287020236253738
3580624896.0,-0.06871389597654343
3581562624.0,-0.06622931361198425
3582500096.0,-0.062131136655807495
3583437568.0,-0.05853831768035889
3584375040.0,-0.056432515382766724
3585312512.0,-0.053550850600004196
3586249984.0,-0.05150095745921135
3587187456.0,-0.049746423959732056
3588124928.0,-0.048006899654865265
3589062400.0,-0.0464920774102211
3590000128.0,-0.045533690601587296
3590937600.0,-0.04496627300977707
3591875072.0,-0.04539560526609421
3592812544.0,-0.04642597958445549
3593750016.0,-0.04700546711683273
3594687488.0,-0.04950572922825813
3595624960.0,-0.05081595480442047
3596562432.0,-0.05358409509062767
3597499904.0,-0.055232103914022446
3598437376.0,-0.05964284390211105
3599375104.0,-0.06228209286928177
3600312576.0,-0.06544215977191925
3601250048.0,-0.06802316755056381
3602187520.0,-0.07137620449066162
3603124992.0,-0.07514365762472153
3604062464.0,-0.07788419723510742
3604999936.0,-0.0804893746972084
3605937408.0,-0.08277973532676697
3606874880.0,-0.08394219726324081
3607812608.0,-0.0895126685500145
3608750080.0,-0.0872354581952095
3609687552.0,-0.08456168323755264
3610625024.0,-0.08446573466062546
3611562496.0,-0.08331139385700226
3612499968.0,-0.08388036489486694
3613437440.0,-0.08394613862037659
3614374912.0,-0.0856817215681076
3615312384.0,-0.08735762536525726
3616250112.0,-0.08932375907897949
3617187584.0,-0.09158193320035934
3618125056.0,-0.09300194680690765
3619062528.0,-0.09644554555416107
3620000000.0,-0.09861410409212112
3620937472.0,-0.10014767944812775
3621874944.0,-0.10343717038631439
3622812416.0,-0.10536803305149078
3623749888.0,-0.10800677537918091
3624687616.0,-0.10972657054662704
3625625088.0,-0.11184583604335785
3626562560.0,-0.11485481262207031
3627500032.0,-0.11769000440835953
3628437504.0,-0.11920276284217834
3629374976.0,-0.12067359685897827
3630312448.0,-0.12187937647104263
3631249920.0,-0.12207993865013123
3632187392.0,-0.12196658551692963
3633125120.0,-0.12107864767313004
3634062592.0,-0.11836244910955429
3635000064.0,-0.11548306047916412
3635937536.0,-0.11274857819080353
3636875008.0,-0.10781024396419525
3637812480.0,-0.10241878032684326
3638749952.0,-0.09663283079862595
3639687424.0,-0.09055851399898529
3640624896.0,-0.08341547101736069
3641562624.0,-0.07591800391674042
3642500096.0,-0.06877453625202179
3643437568.0,-0.05997394770383835
3644375040.0,-0.05183643475174904
3645312512.0,-0.04300394654273987
3646249984.0,-0.03439691662788391
3647187456.0,-0.025688109919428825
3648124928.0,-0.017078476026654243
3649062400.0,-0.010083004832267761
3649999872.0,-0.002349737100303173
3650937600.0,0.005315442569553852
3651875072.0,0.012230544351041317
3652812544.0,0.01808374561369419
3653750016.0,0.02322901412844658
3654687488.0,0.027987590059638023
3655624960.0,0.033276308327913284
3656562432.0,0.03555147349834442
3657499904.0,0.03907878324389458
3658437376.0,0.040701329708099365
3659375104.0,0.04226946085691452
3660312576.0,0.04256399720907211
3661250048.0,0.0417761392891407
3662187520.0,0.03951922804117203
3663124992.0,0.03650762513279915
3664062464.0,0.03254711255431175
3664999936.0,0.028132153674960136
3665937408.0,0.023531785234808922
3666874880.0,0.01753043383359909
3667812608.0,0.009762751869857311
3668750080.0,0.004773186054080725
3669687552.0,-7.754436956020072e-05
3670625024.0,-0.0035444404929876328
3671562496.0,-0.007392039056867361
3672499968.0,-0.009808406233787537
3673437440.0,-0.012704698368906975
3674374912.0,-0.015315401367843151
3675312384.0,-0.015761246904730797
3676250112.0,-0.016667434945702553
3677187584.0,-0.017612816765904427
3678125056.0,-0.017713122069835663
3679062528.0,-0.016348037868738174
3680000000.0,-0.01633559539914131
3680937472.0,-0.014961939305067062
3681874944.0,-0.01394658349454403
3682812416.0,-0.011806003749370575
3683749888.0,-0.009671288542449474
3684687616.0,-0.00852437037974596
3685625088.0,-0.006007650401443243
3686562560.0,-0.0045259865000844
3687500032.0,-0.00021403604478109628
3688437504.0,0.0026629504282027483
3689374976.0,0.005363078322261572
3690312448.0,0.007996209897100925
3691249920.0,0.011762358248233795
3692187392.0,0.013825492933392525
3693125120.0,0.016881199553608894
3694062592.0,0.019928766414523125
3695000064.0,0.02200237847864628
3695937536.0,0.025032881647348404
3696875008.0,0.02684897556900978
3697812480.0,0.028223376721143723
3698749952.0,0.030206860974431038
3699687424.0,0.031561918556690216
3700624896.0,0.03343949094414711
3701562624.0,0.033336982131004333
3702500096.0,0.031546495854854584
3703437568.0,0.029293959960341454
3704375040.0,0.026197323575615883
3705312512.0,0.021733248606324196
3706249984.0,0.01641564629971981
3707187456.0,0.009797693230211735
3708124928.0,0.0018073772080242634
3709062400.0,-0.007425467483699322
3710000128.0,-0.017028437927365303
3710937600.0,-0.028675228357315063
3711875072.0,-0.04228707402944565
3712812544.0,-0.05806601420044899
3713750016.0,-0.07338558882474899
3714687488.0,-0.09054926782846451
3715624960.0,-0.10951218008995056
3716562432.0,-0.1294095367193222
3717499904.0,-0.14954134821891785
3718437376.0,-0.1706170290708542
3719375104.0,-0.19091714918613434
3720312576.0,-0.21191512048244476
3721250048.0,-0.23201106488704681
3722187520.0,-0.2523075044155121
3723124992.0,-0.27181702852249146
3724062464.0,-0.2909277379512787
3724999936.0,-0.3078806698322296
3725937408.0,-0.3245251476764679
3726874880.0,-0.3370431363582611
3727812608.0,-0.023949023336172104
3728750080.0,-0.02367660403251648
3729687552.0,-0.025197288021445274
3730625024.0,-0.026971006765961647
3731562496.0,-0.02914738468825817
3732499968.0,-0.03272055834531784
3733437440.0,-0.03511950373649597
3734374912.0,-0.038993991911411285
3735312384.0,-0.04196314513683319
3736250112.0,-0.043838273733854294
3737187584.0,-0.046064890921115875
3738125056.0,-0.047576989978551865
3739062528.0,-0.048626210540533066
3740000000.0,-0.04774244502186775
3740937472.0,-0.04728253185749054
3741874944.0,-0.045876238495111465
3742812416.0,-0.04346531629562378
3743749888.0,-0.040518417954444885
3744687616.0,-0.03642640262842178
3745625088.0,-0.03160502389073372
3746562560.0,-0.02572491765022278
3747500032.0,-0.019365303218364716
3748437504.0,-0.011431090533733368
3749374976.0,-0.0025989890564233065
3750312448.0,0.006430162116885185
3751249920.0,0.017530251294374466
3752187392.0,0.027751384302973747
3753125120.0,0.038317177444696426
3754062592.0,0.04895862564444542
3755000064.0,0.05967966839671135
3755937536.0,0.06997408717870712
3756875008.0,0.07984033972024918
3757812480.0,0.08793117105960846
3758749952.0,0.09742192924022675
3759687424.0,0.10617998987436295
3760624896.0,0.11357665061950684
3761562624.0,0.11945590376853943
3762500096.0,0.12388275563716888
3763437568.0,0.1265944093465805
3764375040.0,0.1284630000591278
3765312512.0,0.12863636016845703
3766249984.0,0.12751184403896332
3767187456.0,0.12482608109712601
3768124928.0,0.12041797488927841
3769062400.0,0.11455462127923965
3769999872.0,0.10794312506914139
3770937600.0,0.1001746654510498
3771875072.0,0.09129471331834793
3772812544.0,0.08131693303585052
3773750016.0,0.07129102945327759
3774687488.0,0.058914754539728165
3775624960.0,0.04642939567565918
3776562432.0,0.03505071625113487
3777499904.0,0.022625112906098366
3778437376.0,0.011411957442760468
3779375104.0,-0.002085561864078045
3780312576.0,-0.014348374679684639
3781250048.0,-0.02705209329724312
3782187520.0,-0.03913087025284767
3783124992.0,-0.05016179755330086
3784062464.0,-0.06133732944726944
3784999936.0,-0.07026082277297974
3785937408.0,-0.07829003781080246
3786874880.0,-0.06958578526973724
3787812608.0,-0.07344267517328262
3788750080.0,-0.07665519416332245
3789687552.0,-0.08017973601818085
3790625024.0,-0.0834280401468277
3791562496.0,-0.08666887134313583
3792499968.0,-0.0908055454492569
3793437440.0,-0.09316105395555496
3794374912.0,-0.0953192338347435
3795312384.0,-0.09835126250982285
3796250112.0,-0.09894337505102158
3797187584.0,-0.0989631935954094
3798125056.0,-0.09829752892255783
3799062528.0,-0.09540674090385437
3800000000.0,-0.09215667843818665
3800937472.0,-0.08646173030138016
3801874944.0,-0.08194434642791748
3802812416.0,-0.07594390213489532
3803749888.0,-0.06905721127986908
3804687616.0,-0.062087614089250565
3805625088.0,-0.05387338995933533
3806562560.0,-0.044198792427778244
3807500032.0,-0.03590543568134308
3808437504.0,-0.026602735742926598
3809374976.0,-0.018461061641573906
3810312448.0,-0.009282784536480904
3811249920.0,-0.0008966390741989017
3812187392.0,0.008095520548522472
3813125120.0,0.015995893627405167
3814062592.0,0.02348809689283371
3815000064.0,0.030703814700245857
3815937536.0,0.03813435137271881
3816875008.0,0.042985949665308
3817812480.0,0.04849833622574806
3818749952.0,0.053057748824357986
3819687424.0,0.05551343783736229
3820624896.0,0.05623341724276543
3821562624.0,0.05764850601553917
3822500096.0,0.05694578215479851
3823437568.0,0.056161969900131226
3824375040.0,0.05463798716664314
3825312512.0,0.053331468254327774
3826249984.0,0.05150514841079712
3827187456.0,0.04787474498152733
3828124928.0,0.04436906799674034
3829062400.0,0.04034532979130745
3830000128.0,0.03551653027534485
3830937600.0,0.030610401183366776
3831875072.0,0.025573939085006714
3832812544.0,0.02035745233297348
3833750016.0,0.014827475883066654
3834687488.0,0.008015752770006657
3835624960.0,0.0010420362232252955
3836562432.0,-0.005104986485093832
3837499904.0,-0.01066749356687069
3838437376.0,-0.016294589266180992
3839375104.0,-0.021241523325443268
3840312576.0,-0.02694110758602619
3841250048.0,-0.03145124763250351
3842187520.0,-0.036007292568683624
3843124992.0,-0.04003679007291794
3844062464.0,-0.044159118086099625
3844999936.0,-0.04793205484747887
3845937408.0,-0.0523056797683239
3846874880.0,-0.04994116723537445
3847812608.0,-0.052469730377197266
3848750080.0,-0.055097684264183044
3849687552.0,-0.056753166019916534
3850625024.0,-0.05921034514904022
3851562496.0,-0.06114516407251358
3852499968.0,-0.06318484246730804
3853437440.0,-0.06471141427755356
3854374912.0,-0.0644681379199028
3855312384.0,-0.06511398404836655
3856250112.0,-0.06542286276817322
3857187584.0,-0.06431460380554199
3858125056.0,-0.06315266340970993
3859062528.0,-0.060941748321056366
3860000000.0,-0.05944790691137314
3860937472.0,-0.0560605451464653
3861874944.0,-0.05320131778717041
3862812416.0,-0.05080874636769295
3863749888.0,-0.05031266435980797
3864687616.0,-0.0495305098593235
3865625088.0,-0.04973346367478371
3866562560.0,-0.05244090408086777
3867500032.0,-0.055866144597530365
3868437504.0,-0.06289811432361603
3869374976.0,-0.06892505288124084
3870312448.0,-0.07805618643760681
3871249920.0,-0.08797859400510788
3872187392.0,-0.09803647547960281
3873125120.0,-0.10975818336009979
3874062592.0,-0.1206713318824768
3875000064.0,-0.13325448334217072
3875937536.0,-0.14406715333461761
3876875008.0,-0.15366928279399872
3877812480.0,-0.1619805097579956
3878749952.0,-0.16874510049819946
3879687424.0,-0.17316560447216034
3880624896.0,-0.1757553368806839
3881562624.0,-0.17654375731945038
3882500096.0,-0.17499606311321259
3883437568.0,-0.17235107719898224
3884375040.0,-0.1672798991203308
3885312512.0,-0.16027504205703735
3886249984.0,-0.15187682211399078
3887187456.0,-0.14113399386405945
3888124928.0,-0.1296587884426117
3889062400.0,-0.11873529106378555
3889999872.0,-0.10602308809757233
3890937600.0,-0.09247338771820068
3891875072.0,-0.07934609800577164
3892812544.0,-0.06785541027784348
3893750016.0,-0.05668061226606369
3894687488.0,-0.046155329793691635
3895624960.0,-0.03768370300531387
3896562432.0,-0.029039569199085236
3897499904.0,-0.02393379434943199
3898437376.0,-0.01794596016407013
3899375104.0,-0.013905053958296776
3900312576.0,-0.010819236747920513
3901250048.0,-0.009240126237273216
3902187520.0,-0.007914296351373196
3903124992.0,-0.007217331789433956
3904062464.0,-0.005924588069319725
3904999936.0,-0.004157537128776312
3905937408.0,-0.0044365436770021915
3906874880.0,-0.013078592717647552
3907812608.0,-0.022086113691329956
3908750080.0,-0.029438896104693413
3909687552.0,-0.034186918288469315
3910625024.0,-0.03745993971824646
3911562496.0,-0.03891834616661072
3912499968.0,-0.03847429156303406
3913437440.0,-0.03694106265902519
3914374912.0,-0.03240643069148064
3915312384.0,-0.02708376757800579
3916250112.0,-0.02017958275973797
3917187584.0,-0.011267175897955894
3918125056.0,-0.0018147813389077783
3919062528.0,0.00930035300552845
3920000000.0,0.02001916989684105
3920937472.0,0.0309673510491848
3921874944.0,0.04215791076421738
3922812416.0,0.05324919521808624
3923749888.0,0.06315207481384277
3924687616.0,0.07278666645288467
3925625088.0,0.08152616769075394
3926562560.0,0.09020482003688812
3927500032.0,0.09733752906322479
3928437504.0,0.10273010283708572
3929374976.0,0.10713055729866028
3930312448.0,0.11096397787332535
3931249920.0,0.1125660315155983
3932187392.0,0.1124453917145729
3933125120.0,0.11174450069665909
3934062592.0,0.1086893379688263
3935000064.0,0.10347526520490646
3935937536.0,0.09787879884243011
3936875008.0,0.09068389981985092
3937812480.0,0.08222046494483948
3938749952.0,0.0722944363951683
3939687424.0,0.06183900684118271
3940624896.0,0.050404295325279236
3941562624.0,0.03853816166520119
3942500096.0,0.026832759380340576
3943437568.0,0.013170860707759857
3944375040.0,-0.0001811045513022691
3945312512.0,-0.013270257972180843
3946249984.0,-0.027926219627261162
3947187456.0,-0.041039250791072845
3948124928.0,-0.053962673991918564
3949062400.0,-0.0661960020661354
3950000128.0,-0.07834453880786896
3950937600.0,-0.08976943045854568
3951875072.0,-0.10106875747442245
3952812544.0,-0.11025848239660263
3953750016.0,-0.12017874419689178
3954687488.0,-0.12908406555652618
3955624960.0,-0.13810595870018005
3956562432.0,-0.1458551585674286
3957499904.0,-0.15274456143379211
3958437376.0,-0.15897947549819946
3959375104.0,-0.16517001390457153
3960312576.0,-0.17124423384666443
3961250048.0,-0.17704084515571594
3962187520.0,-0.18221941590309143
3963124992.0,-0.1878478229045868
3964062464.0,-0.19245581328868866
3964999936.0,-0.19665877521038055
3965937408.0,-0.20038598775863647
3966874880.0,-0.09242422133684158
3967812608.0,-0.0982888787984848
3968750080.0,-0.10363486409187317
3969687552.0,-0.10793889313936234
3970625024.0,-0.11097666621208191
3971562496.0,-0.11394310742616653
3972499968.0,-0.11526499688625336
3973437440.0,-0.11654772609472275
3974374912.0,-0.11629990488290787
3975312384.0,-0.11669431626796722
3976250112.0,-0.11539772152900696
3977187584.0,-0.1125330999493599
3978125056.0,-0.11005746573209763
3979062528.0,-0.10678870230913162
3980000000.0,-0.10240701586008072
3980937472.0,-0.09752792119979858
3981874944.0,-0.09275051206350327
3982812416.0,-0.08736232668161392
3983749888.0,-0.08055096119642258
3984687616.0,-0.07523945719003677
3985625088.0,-0.06965402513742447
3986562560.0,-0.06385717540979385
3987500032.0,-0.05829230695962906
3988437504.0,-0.05155821144580841
3989374976.0,-0.04649341106414795
3990312448.0,-0.0404798723757267
3991249920.0,-0.035727132111787796
3992187392.0,-0.03052354045212269
3993125120.0,-0.026274163275957108
3994062592.0,-0.022388232871890068
3995000064.0,-0.020157936960458755
3995937536.0,-0.01733510196208954
3996875008.0,-0.01624673791229725
3997812480.0,-0.016394559293985367
3998749952.0,-0.016995755955576897
3999687424.0,-0.015503812581300735
4000624896.0,-0.00864956621080637
4001562624.0,-0.014352689497172832
4002500096.0,-0.019468063488602638
4003437568.0,-0.02618430368602276
4004375040.0,-0.033353064209222794
4005312512.0,-0.04134778305888176
4006249984.0,-0.05022681877017021
4007187456.0,-0.05876223370432854
4008124928.0,-0.0672609731554985
4009062400.0,-0.075099416077137
4009999872.0,-0.0848274827003479
4010937600.0,-0.09302381426095963
4011875072.0,-0.10247301310300827
4012812544.0,-0.11147253215312958
4013750016.0,-0.12082584947347641
4014687488.0,-0.13005585968494415
4015624960.0,-0.13806670904159546
4016562432.0,-0.14587940275669098
4017499904.0,-0.15355539321899414
4018437376.0,-0.16095256805419922
4019375104.0,-0.16805852949619293
4020312576.0,-0.17576263844966888
4021250048.0,-0.18308037519454956
4022187520.0,-0.1876193881034851
4023124992.0,-0.19270658493041992
4024062464.0,-0.19770479202270508
4024999936.0,-0.20165732502937317
4025937408.0,-0.20553390681743622
4026874880.0,-0.19786959886550903
4027812608.0,-0.20005716383457184
4028750080.0,-0.20206178724765778
4029687552.0,-0.20314708352088928
4030625024.0,-0.20578046143054962
4031562496.0,-0.20639540255069733
4032499968.0,-0.20723988115787506
4033437440.0,-0.20838552713394165
4034374912.0,-0.2103434056043625
4035312384.0,-0.2117302566766739
4036250112.0,-0.21224011480808258
4037187584.0,-0.2125086486339569
4038125056.0,-0.21343758702278137
4039062528.0,-0.21332170069217682
4040000000.0,-0.2129264920949936
4040937472.0,-0.21172092854976654
4041874944.0,-0.2105516791343689
4042812416.0,-0.2080383002758026
4043749888.0,-0.20446498692035675
4044687616.0,-0.19994479417800903
4045625088.0,-0.19601160287857056
4046562560.0,-0.18965134024620056
4047500032.0,-0.18244893848896027
4048437504.0,-0.17482484877109528
4049374976.0,-0.16641369462013245
4050312448.0,-0.15656477212905884
4051249920.0,-0.14566215872764587
4052187392.0,-0.1344236433506012
4053125120.0,-0.12435860931873322
4054062592.0,-0.11175988614559174
4055000064.0,-0.10025236010551453
4055937536.0,-0.08742330968379974
4056875008.0,-0.07589875161647797
4057812480.0,-0.0625959038734436
4058749952.0,-0.04996492341160774
4059687424.0,-0.03816651925444603
4060624896.0,-0.026410626247525215
4061562624.0,-0.01527238730341196
4062500096.0,-0.0057603842578828335
4063437568.0,0.0058076088316738605
4064375040.0,0.01387062482535839
4065312512.0,0.020837388932704926
4066249984.0,0.028404463082551956
4067187456.0,0.033709656447172165
4068124928.0,0.03820431977510452
4069062400.0,0.0418320894241333
4070000128.0,0.04354943335056305
4070937600.0,0.04398997873067856
4071875072.0,0.043621405959129333
4072812544.0,0.04213280975818634
4073750016.0,0.0397578664124012
4074687488.0,0.03584451228380203
4075624960.0,0.030727818608283997
4076562432.0,0.025350702926516533
4077499904.0,0.01783539354801178
4078437376.0,0.010824030265212059
4079375104.0,0.0013917621690779924
4080312576.0,-0.00734021607786417
4081250048.0,-0.01699473150074482
4082187520.0,-0.027915384620428085
4083124992.0,-0.038608305156230927
4084062464.0,-0.04929586872458458
4084999936.0,-0.05997350811958313
4085937408.0,-0.06989004462957382
4086874880.0,-0.09466078877449036
4087812608.0,-0.10094832628965378
4088750080.0,-0.10647635906934738
4089687552.0,-0.11040438711643219
4090625024.0,-0.11430535465478897
4091562496.0,-0.11650826036930084
4092499968.0,-0.119046650826931
4093437440.0,-0.12098240852355957
4094374912.0,-0.12271662056446075
4095312384.0,-0.12448227405548096
4096250112.0,-0.12527650594711304
4097187584.0,-0.126181960105896
4098125056.0,-0.12748628854751587
4099062528.0,-0.12802034616470337
4100000000.0,-0.12908317148685455
4100937472.0,-0.13005460798740387
4101874944.0,-0.13181756436824799
4102812416.0,-0.1332172453403473
4103749888.0,-0.13421161472797394
4104687616.0,-0.13713151216506958
4105625088.0,-0.1382271647453308
4106562560.0,-0.14019660651683807
4107500032.0,-0.14142408967018127
4108437504.0,-0.14258559048175812
4109374976.0,-0.14458301663398743
4110312448.0,-0.14523057639598846
4111249920.0,-0.14561286568641663
4112187392.0,-0.1472083181142807
4113125120.0,-0.14652930200099945
4114062592.0,-0.14617790281772614
4115000064.0,-0.14570899307727814
4115937536.0,-0.14445297420024872
4116875008.0,-0.14248786866664886
4117812480.0,-0.14158518612384796
4118749952.0,-0.13896679878234863
4119687424.0,-0.13618497550487518
4120624896.0,-0.1327512115240097
4121562624.0,-0.12891946732997894
4122500096.0,-0.12490283697843552
4123437568.0,-0.12165648490190506
4124375040.0,-0.1177452877163887
4125312512.0,-0.11423046886920929
4126249984.0,-0.11023504287004471
4127187456.0,-0.1060679703950882
4128124928.0,-0.10261669754981995
4129062400.0,-0.09854438155889511
4129999872.0,-0.09367553889751434
4130937600.0,-0.08917967230081558
4131875072.0,-0.08622696995735168
4132812544.0,-0.08113248646259308
4133750016.0,-0.07805933058261871
4134687488.0,-0.07508809119462967
4135624960.0,-0.07220344990491867
4136562432.0,-0.0701991468667984
4137499904.0,-0.06870830059051514
4138437376.0,-0.06631921231746674
4139375104.0,-0.06384391337633133
4140312576.0,-0.06146986782550812
4141250048.0,-0.05916677415370941
4142187520.0,-0.057688575237989426
4143124992.0,-0.05593445524573326
4144062464.0,-0.05460935831069946
4144999936.0,-0.05312317982316017
4145937408.0,-0.052886947989463806
4146874880.0,-0.09114386141300201
4147812608.0,-0.09377090632915497
4148750080.0,-0.09449774026870728
4149687552.0,-0.09545429050922394
4150625024.0,-0.09470980614423752
4151562496.0,-0.09386412799358368
4152499968.0,-0.09234321117401123
4153437440.0,-0.08963518589735031
4154374912.0,-0.08712918311357498
4155312384.0,-0.0833282321691513
4156250112.0,-0.07859781384468079
4157187584.0,-0.07503397762775421
4158125056.0,-0.06989619135856628
4159062528.0,-0.06542471051216125
4160000000.0,-0.06029532477259636
4160937472.0,-0.05587033927440643
4161874944.0,-0.050883129239082336
4162812416.0,-0.04658817872405052
4163749888.0,-0.04277009889483452
4164687616.0,-0.03840990364551544
4165625088.0,-0.036387957632541656
4166562560.0,-0.03476433828473091
4167500032.0,-0.033687084913253784
4168437504.0,-0.03259587287902832
4169374976.0,-0.03303596004843712
4170312448.0,-0.03278231620788574
4171249920.0,-0.03435736522078514
4172187392.0,-0.03543545678257942
4173125120.0,-0.03702424466609955
4174062592.0,-0.04046979174017906
4175000064.0,-0.04275716841220856
4175937536.0,-0.046444863080978394
4176875008.0,-0.05221449211239815
4177812480.0,-0.055948324501514435
4178749952.0,-0.060542866587638855
4179687424.0,-0.06745482981204987
4180624896.0,-0.07283177226781845
4181562624.0,-0.07823743671178818
4182500096.0,-0.08376187086105347
4183437568.0,-0.08888624608516693
4184375040.0,-0.09331540018320084
4185312512.0,-0.09799982607364655
4186249984.0,-0.10194113105535507
4187187456.0,-0.10622302442789078
4188124928.0,-0.10978356748819351
4189062400.0,-0.11404798924922943
4190000128.0,-0.11648005247116089
4190937600.0,-0.11974819749593735
4191875072.0,-0.12240910530090332
4192812544.0,-0.12563501298427582
4193750016.0,-0.12928661704063416
4194687488.0,-0.13122160732746124
4195624960.0,-0.13559788465499878
4196562432.0,-0.13923987746238708
4197499904.0,-0.14381186664104462
4198437376.0,-0.14833711087703705
4199375104.0,-0.1527423858642578
4200312576.0,-0.15784187614917755
4201250048.0,-0.16270919144153595
4202187520.0,-0.167132169008255
4203124992.0,-0.1730397343635559
4204062464.0,-0.17659994959831238
4204999936.0,-0.18065786361694336
4205937408.0,-0.18457777798175812
4206874880.0,-0.17536203563213348
4207812608.0,-0.1798008531332016
4208750080.0,-0.18405471742153168
4209687552.0,-0.189116433262825
4210625024.0,-0.19253620505332947
4211562496.0,-0.19664806127548218
4212499968.0,-0.20004644989967346
4213437440.0,-0.2019934505224228
4214374912.0,-0.20338866114616394
4215312384.0,-0.20356447994709015
4216250112.0,-0.20139436423778534
4217187584.0,-0.1974601298570633
4218125056.0,-0.19336752593517303
4219062528.0,-0.18786269426345825
4220000000.0,-0.1801539808511734
4220937472.0,-0.16964538395404816
4221874944.0,-0.15859448909759521
4222812416.0,-0.14721447229385376
4223749888.0,-0.13364411890506744
4224687616.0,-0.12039583176374435
4225625088.0,-0.10432504862546921
4226562560.0,-0.08804287761449814
4227500032.0,-0.07189734280109406
4228437504.0,-0.05473402887582779
4229374976.0,-0.03869554400444031
4230312448.0,-0.02178909257054329
4231249920.0,-0.00444460054859519
4232187392.0,0.010187078267335892
4233125120.0,0.028074484318494797
4234062592.0,0.04369093477725983
4235000064.0,0.05869279429316521
4235937536.0,0.07309611886739731
4236875008.0,0.08628790080547333
4237812480.0,0.09851222485303879
4238749952.0,0.10955999046564102
4239687424.0,0.12025769799947739
4240624896.0,0.12948569655418396
4241562624.0,0.13747327029705048
4242500096.0,0.14294268190860748
4243437568.0,0.14856015145778656
4244375040.0,0.15064238011837006
4245312512.0,0.1509474515914917
4246249984.0,0.15001456439495087
4247187456.0,0.14722879230976105
4248124928.0,0.1431325525045395
4249062400.0,0.13787780702114105
4249999872.0,0.12990328669548035
4250937600.0,0.1202458068728447
4251875072.0,0.10973654687404633
4252812544.0,0.09668245911598206
4253750016.0,0.08273632824420929
4254687488.0,0.06646770238876343
4255624960.0,0.048853080719709396
4256562432.0,0.03012222796678543
4257499904.0,0.009910233318805695
4258437376.0,-0.010570920072495937
4259375104.0,-0.03144276887178421
4260312576.0,-0.053262025117874146
4261250048.0,-0.0753558948636055
4262187520.0,-0.0973203256726265
4263124992.0,-0.11985516548156738
4264062464.0,-0.14241576194763184
4264999936.0,-0.16333620250225067
4265937408.0,-0.184140145778656
4266874880.0,-0.19589091837406158
4267812608.0,-0.20404496788978577
4268750080.0,-0.21287944912910461
4269687552.0,-0.22132205963134766
4270625024.0,-0.22881069779396057
4271562496.0,-0.23606926202774048
4272499968.0,-0.24238207936286926
4273437440.0,-0.24765440821647644
4274374912.0,-0.250807523727417
4275312384.0,-0.25296905636787415
4276250112.0,-0.251913845539093
4277187584.0,-0.25083234906196594
4278125056.0,-0.24583779275417328
4279062528.0,-0.23955218493938446
4280000000.0,-0.2306373566389084
4280937472.0,-0.22107826173305511
4281874944.0,-0.20614352822303772
4282812416.0,-0.19056309759616852
4283749888.0,-0.17412787675857544
4284687616.0,-0.1552850306034088
4285625088.0,-0.13422852754592896
4286562560.0,-0.1134583055973053
4287500032.0,-0.09054090827703476
4288437504.0,-0.06692495197057724
4289374976.0,-0.04315931722521782
4290312448.0,-0.018569011241197586
4291249920.0,0.006423474755138159
4292187392.0,0.030232027173042297
4293125120.0,0.05260959640145302
4294062592.0,0.07577357441186905
4295000064.0,0.09668472409248352
4295937536.0,0.11470530927181244
4296875008.0,0.13374212384223938
4297812480.0,0.1485581398010254
4298749952.0,0.1633261740207672
4299687424.0,0.174229696393013
4300624896.0,0.18430303037166595
4301562368.0,0.19146806001663208
4302499840.0,0.19630852341651917
4303437312.0,0.1989927589893341
4304374784.0,0.19799797236919403
4305312256.0,0.19542498886585236
4306250240.0,0.1892194002866745
4307187712.0,0.18154878914356232
4308125184.0,0.17118871212005615
4309062656.0,0.15848785638809204
4310000128.0,0.14425694942474365
4310937600.0,0.12884370982646942
4311875072.0,0.11115127801895142
4312812544.0,0.09292151778936386
4313750016.0,0.07358486950397491
4314687488.0,0.05381394922733307
4315624960.0,0.03474956750869751
4316562432.0,0.014565866440534592
4317499904.0,-0.005133346188813448
4318437376.0,-0.02410777471959591
4319374848.0,-0.04396903142333031
4320312320.0,-0.06328146904706955
4321249792.0,-0.08196903765201569
4322187264.0,-0.09872414916753769
4323125248.0,-0.11434946209192276
4324062720.0,-0.13001057505607605
4325000192.0,-0.14385883510112762
4325937664.0,-0.15531422197818756
4326875136.0,-0.2159101963043213
4327812608.0,-0.21518026292324066
4328750080.0,-0.2141098529100418
4329687552.0,-0.21036474406719208
4330625024.0,-0.20435112714767456
4331562496.0,-0.19856500625610352
4332499968.0,-0.19290250539779663
4333437440.0,-0.18411079049110413
4334374912.0,-0.17657288908958435
4335312384.0,-0.1674363613128662
4336249856.0,-0.15959890186786652
4337187328.0,-0.1501961052417755
4338124800.0,-0.14091135561466217
4339062272.0,-0.13339346647262573
4339999744.0,-0.12468016147613525
4340937728.0,-0.11659842729568481
4341875200.0,-0.10941585153341293
4342812672.0,-0.10297325253486633
4343750144.0,-0.09762544929981232
4344687616.0,-0.09280143678188324
4345625088.0,-0.08847272396087646
4346562560.0,-0.08426839113235474
4347500032.0,-0.08177990466356277
4348437504.0,-0.0808592364192009
4349374976.0,-0.07857180386781693
4350312448.0,-0.07849306613206863
4351249920.0,-0.07776668667793274
4352187392.0,-0.0790746659040451
4353124864.0,-0.07949493080377579
4354062336.0,-0.08095423877239227
4354999808.0,-0.08186474442481995
4355937280.0,-0.08426187932491302
4356874752.0,-0.08617952466011047
4357812736.0,-0.08931098878383636
4358750208.0,-0.09180396050214767
4359687680.0,-0.09569770097732544
4360625152.0,-0.09879294782876968
4361562624.0,-0.1024707481265068
4362500096.0,-0.10598471760749817
4363437568.0,-0.10832124948501587
4364375040.0,-0.11280661076307297
4365312512.0,-0.11584550142288208
4366249984.0,-0.12056680023670197
4367187456.0,-0.12255697697401047
4368124928.0,-0.12756992876529694
4369062400.0,-0.1314682811498642
4369999872.0,-0.13592946529388428
4370937344.0,-0.14004920423030853
4371874816.0,-0.1441253274679184
4372812288.0,-0.1484535187482834
4373749760.0,-0.1528518944978714
4374687744.0,-0.15777862071990967
4375625216.0,-0.1630280315876007
4376562688.0,-0.1686401665210724
4377500160.0,-0.17400921881198883
4378437632.0,-0.1797264814376831
4379375104.0,-0.1860262155532837
4380312576.0,-0.19317471981048584
4381250048.0,-0.20090517401695251
4382187520.0,-0.21056441962718964
4383124992.0,-0.22053208947181702
4384062464.0,-0.2312396764755249
4384999936.0,-0.24167920649051666
4385937408.0,-0.25425979495048523
4386874880.0,-0.32563820481300354
4387812352.0,-0.33406975865364075
4388749824.0,-0.34054848551750183
4389687296.0,-0.34712448716163635
4390624768.0,-0.35089248418807983
4391562752.0,-0.35250988602638245
4392500224.0,-0.35252657532691956
4393437696.0,-0.3519085943698883
4394375168.0,-0.3465094268321991
4395312640.0,-0.3419140875339508
4396250112.0,-0.3343870937824249
4397187584.0,-0.3257195055484772
4398125056.0,-0.3142353594303131
4399062528.0,-0.30235716700553894
4400000000.0,-0.28877052664756775
4400937472.0,-0.2745215594768524
4401874944.0,-0.2587580978870392
4402812416.0,-0.24295450747013092
4403749888.0,-0.22601673007011414
4404687360.0,-0.20836776494979858
4405624832.0,-0.18961723148822784
4406562304.0,-0.1723194122314453
4407499776.0,-0.1551125943660736
4408437248.0,-0.13790611922740936
4409375232.0,-0.12149251252412796
4410312704.0,-0.10520718991756439
4411250176.0,-0.09164299815893173
4412187648.0,-0.07932750135660172
4413125120.0,-0.06679950654506683
4414062592.0,-0.05699016898870468
4415000064.0,-0.047537755221128464
4415937536.0,-0.041178833693265915
4416875008.0,-0.037318479269742966
4417812480.0,-0.03471165522933006
4418749952.0,-0.03597627952694893
4419687424.0,-0.03799322620034218
4420624896.0,-0.04434257373213768
4421562368.0,-0.05177244916558266
4422499840.0,-0.06233298406004906
4423437312.0,-0.07653308659791946
4424374784.0,-0.09076283127069473
4425312256.0,-0.10828659683465958
4426250240.0,-0.12668722867965698
4427187712.0,-0.14650776982307434
4428125184.0,-0.16787390410900116
4429062656.0,-0.18987587094306946
4430000128.0,-0.21282407641410828
4430937600.0,-0.2369050830602646
4431875072.0,-0.2593875527381897
4432812544.0,-0.2829526364803314
4433750016.0,-0.30702221393585205
4434687488.0,-0.33077099919319153
4435624960.0,-0.3542565703392029
4436562432.0,-0.3765122592449188
4437499904.0,-0.3988703191280365
4438437376.0,-0.41970133781433105
4439374848.0,-0.4386284351348877
4440312320.0,-0.4580964148044586
4441249792.0,-0.474394828081131
4442187264.0,-0.4904385805130005
4443125248.0,-0.5039023756980896
4444062720.0,-0.5169920325279236
4445000192.0,-0.5271309614181519
4445937664.0,-0.5358454585075378
4446875136.0,-0.5469744205474854
4447812608.0,-0.5551307201385498
4448750080.0,-0.5597903728485107
4449687552.0,-0.5653390884399414
4450625024.0,-0.5674677491188049
4451562496.0,-0.5687665343284607
4452499968.0,-0.566912055015564
4453437440.0,-0.5628166198730469
4454374912.0,-0.5556154847145081
4455312384.0,-0.5470161437988281
4456249856.0,-0.5363873243331909
4457187328.0,-0.5237411260604858
4458124800.0,-0.5084392428398132
4459062272.0,-0.4915516674518585
4460000256.0,-0.4759930670261383
4460937728.0,-0.4582935869693756
4461875200.0,-0.4413970410823822
4462812672.0,-0.42380043864250183
4463750144.0,-0.40526264905929565
4464687616.0,-0.3894296884536743
4465625088.0,-0.37189024686813354
4466562560.0,-0.356751412153244
4467500032.0,-0.34066811203956604
4468437504.0,-0.32597577571868896
4469374976.0,-0.3130137324333191
4470312448.0,-0.30051156878471375
4471249920.0,-0.28974589705467224
4472187392.0,-0.2792590856552124
4473124864.0,-0.271854043006897
4474062336.0,-0.2654895782470703
4474999808.0,-0.26125413179397583
4475937280.0,-0.25888174772262573
4476874752.0,-0.2596428394317627
4477812736.0,-0.2622942328453064
4478750208.0,-0.26542264223098755
4479687680.0,-0.27217334508895874
4480625152.0,-0.28016918897628784
4481562624.0,-0.29095619916915894
4482500096.0,-0.3038838803768158
4483437568.0,-0.32113122940063477
4484375040.0,-0.33956506848335266
4485312512.0,-0.3617648482322693
4486249984.0,-0.3857550323009491
4487187456.0,-0.4128248393535614
4488124928.0,-0.44134464859962463
4489062400.0,-0.4707970917224884
4489999872.0,-0.5022115707397461
4490937344.0,-0.5337810516357422
4491874816.0,-0.5657257437705994
4492812288.0,-0.5989993214607239
4493749760.0,-0.631775438785553
4494687744.0,-0.6649379730224609
4495625216.0,-0.6984786987304688
4496562688.0,-0.7324641942977905
4497500160.0,-0.7649857401847839
4498437632.0,-0.7965129613876343
4499375104.0,-0.8264198303222656
4500312576.0,-0.854948103427887
4501250048.0,-0.8806419372558594
4502187520.0,-0.9046144485473633
4503124992.0,-0.9263705015182495
4504062464.0,-0.9467363357543945
4504999936.0,-0.9651042222976685
4505937408.0,-0.9797818660736084
4506874880.0,-0.9442578554153442
4507812352.0,-0.9566918611526489
4508749824.0,-0.9696407318115234
4509687296.0,-0.979304850101471
4510624768.0,-0.9869638681411743
4511562752.0,-0.9905646443367004
4512500224.0,-0.993619978427887
4513437696.0,-0.991210401058197
4514375168.0,-0.9871119856834412
4515312640.0,-0.9805289506912231
4516250112.0,-0.9710916876792908
4517187584.0,-0.9612101912498474
4518125056.0,-0.9480485916137695
4519062528.0,-0.9342508316040039
4520000000.0,-0.9191043972969055
4520937472.0,-0.902382493019104
4521874944.0,-0.8854263424873352
4522812416.0,-0.8689179420471191
4523749888.0,-0.8520809412002563
4524687360.0,-0.8382043242454529
4525624832.0,-0.8242920637130737
4526562304.0,-0.8141981363296509
4527499776.0,-0.804377555847168
4528437248.0,-0.7955175638198853
4529375232.0,-0.7891420722007751
4530312704.0,-0.7835633754730225
4531250176.0,-0.7811327576637268
4532187648.0,-0.7821081280708313
4533125120.0,-0.7860342264175415
4534062592.0,-0.7934251427650452
4535000064.0,-0.8033897876739502
4535937536.0,-0.8186708688735962
4536875008.0,-0.835832417011261
4537812480.0,-0.8554028868675232
4538749952.0,-0.8781627416610718
4539687424.0,-0.9052929878234863
4540624896.0,-0.934843122959137
4541562368.0,-0.9664835333824158
4542499840.0,-1.0020403861999512
4543437312.0,-1.040751576423645
4544374784.0,-1.0857737064361572
4545312256.0,-1.1337097883224487
4546250240.0,-1.1851009130477905
4547187712.0,-1.2368086576461792
4548125184.0,-1.2942843437194824
4549062656.0,-1.351744532585144
4550000128.0,-1.413575530052185
4550937600.0,-1.4776602983474731
4551875072.0,-1.5443195104599
4552812544.0,-1.6131715774536133
4553750016.0,-1.6837538480758667
4554687488.0,-1.7541624307632446
4555624960.0,-1.8254047632217407
4556562432.0,-1.8963934183120728
4557499904.0,-1.967818021774292
4558437376.0,-2.03696608543396
4559374848.0,-2.1046879291534424
4560312320.0,-2.172234058380127
4561249792.0,-2.23734188079834
4562187264.0,-2.301366090774536
4563125248.0,-2.3640429973602295
4564062720.0,-2.4266726970672607
4565000192.0,-2.4880549907684326
4565937664.0,-2.5473904609680176
4566875136.0,-2.4249236583709717
4567812608.0,-2.4588472843170166
4568750080.0,-2.490678071975708
4569687552.0,-2.522791862487793
4570625024.0,-2.5510194301605225
4571562496.0,-2.5817337036132812
4572499968.0,-2.61152982711792
4573437440.0,-2.642331838607788
4574374912.0,-2.6728436946868896
4575312384.0,-2.704254388809204
4576249856.0,-2.737109422683716
4577187328.0,-2.770728349685669
4578124800.0,-2.8074300289154053
4579062272.0,-2.8460474014282227
4579999744.0,-2.886721611022949
4580937728.0,-2.92693829536438
4581875200.0,-2.9674594402313232
4582812672.0,-3.007585048675537
4583750144.0,-3.046241521835327
4584687616.0,-3.083250045776367
4585625088.0,-3.119713544845581
4586562560.0,-3.1562230587005615
4587500032.0,-3.191657304763794
4588437504.0,-3.2241897583007812
4589374976.0,-3.2564611434936523
4590312448.0,-3.2886126041412354
4591249920.0,-3.320498466491699
4592187392.0,-3.354731321334839
4593124864.0,-3.3901665210723877
4594062336.0,-3.4280781745910645
4594999808.0,-3.469160556793213
4595937280.0,-3.5114049911499023
4596874752.0,-3.555363655090332
4597812736.0,-3.6023316383361816
4598750208.0,-3.650103807449341
4599687680.0,-3.700515031814575
4600625152.0,-3.7543725967407227
4601562624.0,-3.808563709259033
4602500096.0,-3.8608341217041016
4603437568.0,-3.9129714965820312
4604375040.0,-3.9621639251708984
4605312512.0,-4.009194850921631
4606249984.0,-4.052378177642822
4607187456.0,-4.092454433441162
4608124928.0,-4.132164001464844
4609062400.0,-4.172262668609619
4609999872.0,-4.21381139755249
4610937344.0,-4.253868103027344
4611874816.0,-4.291736602783203
4612812288.0,-4.325646877288818
4613749760.0,-4.357288837432861
4614687744.0,-4.384401798248291
4615625216.0,-4.409829616546631
4616562688.0,-4.432424545288086
4617500160.0,-4.451528549194336
4618437632.0,-4.464227199554443
4619375104.0,-4.4718170166015625
4620312576.0,-4.47763204574585
4621250048.0,-4.478860855102539
4622187520.0,-4.476249694824219
4623124992.0,-4.473055362701416
4624062464.0,-4.463744163513184
4624999936.0,-4.450122356414795
4625937408.0,-4.4300007820129395
4626874880.0,-4.587223529815674
4627812352.0,-4.5370988845825195
4628749824.0,-4.480532646179199
4629687296.0,-4.416957378387451
4630624768.0,-4.346086502075195
4631562752.0,-4.273646354675293
4632500224.0,-4.19752836227417
4633437696.0,-4.116626262664795
4634375168.0,-4.033788204193115
4635312640.0,-3.9510722160339355
4636250112.0,-3.8627636432647705
4637187584.0,-3.7717597484588623
4638125056.0,-3.6745946407318115
4639062528.0,-3.573615312576294
4640000000.0,-3.469963312149048
4640937472.0,-3.3627219200134277
4641874944.0,-3.2516636848449707
4642812416.0,-3.1400372982025146
4643749888.0,-3.0276260375976562
4644687360.0,-2.917574882507324
4645624832.0,-2.8085765838623047
4646562304.0,-2.7008674144744873
4647499776.0,-2.5948026180267334
4648437248.0,-2.4908745288848877
4649375232.0,-2.3917222023010254
4650312704.0,-2.296753406524658
4651250176.0,-2.2065987586975098
4652187648.0,-2.1207056045532227
4653125120.0,-2.0401034355163574
4654062592.0,-1.963110089302063
4655000064.0,-1.8906662464141846
4655937536.0,-1.821962594985962
4656875008.0,-1.7580989599227905
4657812480.0,-1.6981182098388672
4658749952.0,-1.643370270729065
4659687424.0,-1.5930728912353516
4660624896.0,-1.5489729642868042
4661562368.0,-1.5086854696273804
4662499840.0,-1.4720185995101929
4663437312.0,-1.4412448406219482
4664374784.0,-1.4144679307937622
4665312256.0,-1.3923958539962769
4666250240.0,-1.3727799654006958
4667187712.0,-1.3561978340148926
4668125184.0,-1.3407753705978394
4669062656.0,-1.3259953260421753
4670000128.0,-1.3143070936203003
4670937600.0,-1.3031067848205566
4671875072.0,-1.2943776845932007
4672812544.0,-1.287315011024475
4673750016.0,-1.2794792652130127
4674687488.0,-1.2725292444229126
4675624960.0,-1.264211893081665
4676562432.0,-1.2549487352371216
4677499904.0,-1.2444649934768677
4678437376.0,-1.2309685945510864
4679374848.0,-1.2173800468444824
4680312320.0,-1.2038098573684692
4681249792.0,-1.188143253326416
4682187264.0,-1.172110676765442
4683125248.0,-1.1542855501174927
4684062720.0,-1.1349695920944214
4685000192.0,-1.1152770519256592
4685937664.0,-1.0932146310806274
4686875136.0,-1.0937340259552002
4687812608.0,-1.0699362754821777
4688750080.0,-1.0437686443328857
4689687552.0,-1.0165492296218872
4690625024.0,-0.987690806388855
4691562496.0,-0.957914412021637
4692499968.0,-0.9277610778808594
4693437440.0,-0.8965262770652771
4694374912.0,-0.8642024397850037
4695312384.0,-0.8307034373283386
4696249856.0,-0.7966016530990601
4697187328.0,-0.7641840577125549
4698124800.0,-0.7303826212882996
4699062272.0,-0.6969270706176758
4700000256.0,-0.6641239523887634
4700937728.0,-0.6325441002845764
4701875200.0,-0.5999810099601746
4702812672.0,-0.5680979490280151
4703750144.0,-0.5372480750083923
4704687616.0,-0.5067778825759888
4705625088.0,-0.4780511260032654
4706562560.0,-0.45079877972602844
4707500032.0,-0.42615723609924316
4708437504.0,-0.4018397927284241
4709374976.0,-0.3791460692882538
4710312448.0,-0.35794079303741455
4711249920.0,-0.3383677899837494
4712187392.0,-0.3218217194080353
4713124864.0,-0.3064863979816437
4714062336.0,-0.29356980323791504
4714999808.0,-0.282228946685791
4715937280.0,-0.2728385329246521
4716874752.0,-0.2647152543067932
4717812736.0,-0.25971707701683044
4718750208.0,-0.25661173462867737
4719687680.0,-0.25528857111930847
4720625152.0,-0.25496453046798706
4721562624.0,-0.25734999775886536
4722500096.0,-0.2622588276863098
4723437568.0,-0.2674039304256439
4724375040.0,-0.27487310767173767
4725312512.0,-0.2838679552078247
4726249984.0,-0.2950389087200165
4727187456.0,-0.307219535112381
4728124928.0,-0.3206269443035126
4729062400.0,-0.33585652709007263
4729999872.0,-0.35029977560043335
4730937344.0,-0.3682306110858917
4731874816.0,-0.38388168811798096
4732812288.0,-0.4021662771701813
4733749760.0,-0.4200054109096527
4734687744.0,-0.43826863169670105
4735625216.0,-0.45782074332237244
4736562688.0,-0.47429245710372925
4737500160.0,-0.4925147294998169
4738437632.0,-0.5108832716941833
4739375104.0,-0.5284804701805115
4740312576.0,-0.5431638360023499
4741250048.0,-0.5577945709228516
4742187520.0,-0.5727016925811768
4743124992.0,-0.5848012566566467
4744062464.0,-0.5958769917488098
4744999936.0,-0.6052639484405518
4745937408.0,-0.6134068369865417
4746874880.0,-0.4304010272026062
4747812352.0,-0.4306190311908722
4748749824.0,-0.42863020300865173
4749687296.0,-0.4276553988456726
4750624768.0,-0.4254686236381531
4751562752.0,-0.4235486090183258
4752500224.0,-0.4214755892753601
4753437696.0,-0.4170643389225006
4754375168.0,-0.413455605506897
4755312640.0,-0.40985026955604553
4756250112.0,-0.40499362349510193
4757187584.0,-0.4001382887363434
4758125056.0,-0.39395666122436523
4759062528.0,-0.3882679343223572
4760000000.0,-0.380961149930954
4760937472.0,-0.3750123381614685
4761874944.0,-0.3665395677089691
4762812416.0,-0.35895612835884094
4763749888.0,-0.3486517071723938
4764687360.0,-0.3394905626773834
4765624832.0,-0.32907095551490784
4766562304.0,-0.3183557391166687
4767499776.0,-0.3068496286869049
4768437248.0,-0.2956266403198242
4769375232.0,-0.2826983630657196
4770312704.0,-0.2689904272556305
4771250176.0,-0.25522539019584656
4772187648.0,-0.23960423469543457
4773125120.0,-0.2230856865644455
4774062592.0,-0.20718401670455933
4775000064.0,-0.18950392305850983
4775937536.0,-0.17058458924293518
4776875008.0,-0.1522618532180786
4777812480.0,-0.13228441774845123
4778749952.0,-0.11317478865385056
4779687424.0,-0.0921122208237648
4780624896.0,-0.07102195918560028
4781562368.0,-0.04970061033964157
4782499840.0,-0.027491265907883644
4783437312.0,-0.006717287469655275
4784374784.0,0.015146390534937382
4785312256.0,0.035064078867435455
4786250240.0,0.05585979297757149
4787187712.0,0.07587816566228867
4788125184.0,0.09409799426794052
4789062656.0,0.11190059036016464
4790000128.0,0.12845508754253387
4790937600.0,0.1430109590291977
4791875072.0,0.15586823225021362
4792812544.0,0.1662726104259491
4793750016.0,0.176290825009346
4794687488.0,0.181937575340271
4795624960.0,0.1860511302947998
4796562432.0,0.18835754692554474
4797499904.0,0.18809878826141357
4798437376.0,0.18426884710788727
4799374848.0,0.17835409939289093
4800312320.0,0.16946370899677277
4801249792.0,0.15907461941242218
4802187264.0,0.14539653062820435
4803125248.0,0.1290033459663391
4804062720.0,0.11040862649679184
4805000192.0,0.08953507989645004
4805937664.0,0.06612591445446014
4806875136.0,-0.2132304608821869
4807812608.0,-0.21895870566368103
4808750080.0,-0.22617514431476593
4809687552.0,-0.2309751659631729
4810625024.0,-0.23868145048618317
4811562496.0,-0.24467211961746216
4812499968.0,-0.2498890459537506
4813437440.0,-0.2548452615737915
4814374912.0,-0.2606527805328369
4815312384.0,-0.2641051709651947
4816249856.0,-0.26681631803512573
4817187328.0,-0.2694290578365326
4818124800.0,-0.27039310336112976
4819062272.0,-0.27054575085639954
4819999744.0,-0.2703128457069397
4820937728.0,-0.2690368592739105
4821875200.0,-0.26767492294311523
4822812672.0,-0.26274093985557556
4823750144.0,-0.2594044804573059
4824687616.0,-0.25339820981025696
4825625088.0,-0.2468828558921814
4826562560.0,-0.2401380091905594
4827500032.0,-0.23217232525348663
4828437504.0,-0.22209183871746063
4829374976.0,-0.2134220451116562
4830312448.0,-0.20331212878227234
4831249920.0,-0.19261673092842102
4832187392.0,-0.18156437575817108
4833124864.0,-0.17058929800987244
4834062336.0,-0.16013412177562714
4834999808.0,-0.14902344346046448
4835937280.0,-0.13863606750965118
4836874752.0,-0.12847940623760223
4837812736.0,-0.1183871403336525
4838750208.0,-0.11020582914352417
4839687680.0,-0.10168144106864929
4840625152.0,-0.09445324540138245
4841562624.0,-0.08904416859149933
4842500096.0,-0.08570179343223572
4843437568.0,-0.08185454457998276
4844375040.0,-0.08187515288591385
4845312512.0,-0.08081585168838501
4846249984.0,-0.08331295102834702
4847187456.0,-0.08670385926961899
4848124928.0,-0.09093023091554642
4849062400.0,-0.09655948728322983
4849999872.0,-0.10338615626096725
4850937344.0,-0.11357127875089645
4851874816.0,-0.12350616604089737
4852812288.0,-0.1353730857372284
4853749760.0,-0.14700208604335785
4854687744.0,-0.16045159101486206
4855625216.0,-0.17499053478240967
4856562688.0,-0.1885271817445755
4857500160.0,-0.20319212973117828
4858437632.0,-0.21679221093654633
4859375104.0,-0.23169252276420593
4860312576.0,-0.2450840175151825
4861250048.0,-0.25814345479011536
4862187520.0,-0.27083131670951843
4863124992.0,-0.282298743724823
4864062464.0,-0.2938202917575836
4864999936.0,-0.30326634645462036
4865937408.0,-0.31123924255371094
4866874880.0,-0.29610782861709595
4867812352.0,-0.3031441569328308
4868749824.0,-0.3099340796470642
4869687296.0,-0.31485047936439514
4870624768.0,-0.3185761868953705
4871562752.0,-0.32227274775505066
4872500224.0,-0.3248156011104584
4873437696.0,-0.3267991542816162
4874375168.0,-0.327040433883667
4875312640.0,-0.32688677310943604
4876250112.0,-0.3252519369125366
4877187584.0,-0.3221227824687958
4878125056.0,-0.31871962547302246
4879062528.0,-0.3136555850505829
4880000000.0,-0.30759280920028687
4880937472.0,-0.30124765634536743
4881874944.0,-0.2931723892688751
4882812416.0,-0.2844679057598114
4883749888.0,-0.27536022663116455
4884687360.0,-0.26580625772476196
4885624832.0,-0.2544737756252289
4886562304.0,-0.24369266629219055
4887499776.0,-0.23214159905910492
4888437248.0,-0.2191648781299591
4889375232.0,-0.2058151364326477
4890312704.0,-0.1927538514137268
4891250176.0,-0.17953340709209442
4892187648.0,-0.16542133688926697
4893125120.0,-0.15123659372329712
4894062592.0,-0.1377181112766266
4895000064.0,-0.1231621503829956
4895937536.0,-0.10945666581392288
4896875008.0,-0.09520993381738663
4897812480.0,-0.08161232620477676
4898749952.0,-0.06859375536441803
4899687424.0,-0.05668099969625473
4900624896.0,-0.04506612941622734
4901562368.0,-0.03499156981706619
4902499840.0,-0.025124263018369675
4903437312.0,-0.016433319076895714
4904374784.0,-0.009091276675462723
4905312256.0,-0.002398674376308918
4906250240.0,0.0024940851144492626
4907187712.0,0.005840448662638664
4908125184.0,0.008810218423604965
4909062656.0,0.010370573960244656
4910000128.0,0.010438913479447365
4910937600.0,0.009421995840966702
4911875072.0,0.0060593183152377605
4912812544.0,0.0029561829287558794
4913750016.0,-0.0016601098468527198
4914687488.0,-0.007931687869131565
4915624960.0,-0.014520800672471523
4916562432.0,-0.02223602868616581
4917499904.0,-0.031102493405342102
4918437376.0,-0.03954631835222244
4919374848.0,-0.04957021772861481
4920312320.0,-0.06117362901568413
4921249792.0,-0.07342200726270676
4922187264.0,-0.08418786525726318
4923125248.0,-0.09695211797952652
4924062720.0,-0.10956951975822449
4925000192.0,-0.12173923850059509
4925937664.0,-0.1821875423192978
4926875136.0,-0.18323081731796265
4927812608.0,-0.18419252336025238
4928750080.0,-0.1852761059999466
4929687552.0,-0.18614725768566132
4930625024.0,-0.18658427894115448
4931562496.0,-0.1862436980009079
4932499968.0,-0.1859300583600998
4933437440.0,-0.18529269099235535
4934374912.0,-0.18363329768180847
4935312384.0,-0.18183209002017975
4936249856.0,-0.17907170951366425
4937187328.0,-0.17617425322532654
4938124800.0,-0.17147940397262573
4939062272.0,-0.16681967675685883
4940000256.0,-0.16124334931373596
4940937728.0,-0.15541252493858337
4941875200.0,-0.14816252887248993
4942812672.0,-0.14135439693927765
4943750144.0,-0.13354629278182983
4944687616.0,-0.12525999546051025
4945625088.0,-0.1167089194059372
4946562560.0,-0.1081145629286766
4947500032.0,-0.09813163429498672
4948437504.0,-0.08822569251060486
4949374976.0,-0.07708878815174103
4950312448.0,-0.06616391241550446
4951249920.0,-0.055732425302267075
4952187392.0,-0.045251935720443726
4953124864.0,-0.03421145677566528
4954062336.0,-0.023454468697309494
4954999808.0,-0.01402104552835226
4955937280.0,-0.004064266569912434
4956874752.0,0.00479246536269784
4957812736.0,0.01426993403583765
4958750208.0,0.022153308615088463
4959687680.0,0.028551215305924416
4960625152.0,0.03497931361198425
4961562624.0,0.040038760751485825
4962500096.0,0.04462294653058052
4963437568.0,0.04741282761096954
4964375040.0,0.04984026402235031
4965312512.0,0.051099784672260284
4966249984.0,0.050441231578588486
4967187456.0,0.049082301557064056
4968124928.0,0.04686899483203888
4969062400.0,0.042524319142103195
4969999872.0,0.03690100833773613
4970937344.0,0.03125762939453125
4971874816.0,0.02454693801701069
4972812288.0,0.016695592552423477
4973749760.0,0.008280746638774872
4974687744.0,-0.0013709603808820248
4975625216.0,-0.010955468751490116
4976562688.0,-0.02121404930949211
4977500160.0,-0.03098963387310505
4978437632.0,-0.04206158220767975
4979375104.0,-0.05291024222970009
4980312576.0,-0.06250070035457611
4981250048.0,-0.07357295602560043
4982187520.0,-0.08335085213184357
4983124992.0,-0.09259681403636932
4984062464.0,-0.10278932005167007
4984999936.0,-0.111057810485363
4985937408.0,-0.1543682962656021
4986874880.0,-0.16421633958816528
4987812352.0,-0.17461498081684113
4988749824.0,-0.18230096995830536
4989687296.0,-0.18908348679542542
4990624768.0,-0.1945900171995163
4991562752.0,-0.19944097101688385
4992500224.0,-0.20292937755584717
4993437696.0,-0.20411691069602966
4994375168.0,-0.20494139194488525
4995312640.0,-0.20464415848255157
4996250112.0,-0.20134185254573822
4997187584.0,-0.19785235822200775
4998125056.0,-0.19288270175457
4999062528.0,-0.187542125582695
5000000000.0,-0.18118585646152496
5000937472.0,-0.1732551008462906
5001874944.0,-0.1636657863855362
5002812416.0,-0.15477611124515533
5003749888.0,-0.14411644637584686
5004687360.0,-0.13293005526065826
5005624832.0,-0.1205938309431076
5006562304.0,-0.10931149125099182
5007499776.0,-0.09670852869749069
5008437248.0,-0.08472036570310593
5009375232.0,-0.07256893068552017
5010312704.0,-0.06048598885536194
5011250176.0,-0.048822030425071716
5012187648.0,-0.03584690019488335
5013125120.0,-0.024895358830690384
5014062592.0,-0.013151740655303001
5015000064.0,-0.0031445336062461138
5015937536.0,0.0066664633341133595
5016875008.0,0.016250619664788246
5017812480.0,0.024326026439666748
5018749952.0,0.032656535506248474
5019687424.0,0.03790650516748428
5020624896.0,0.042738139629364014
5021562368.0,0.0472041554749012
5022499840.0,0.050618868321180344
5023437312.0,0.05180230364203453
5024374784.0,0.05370812118053436
5025312256.0,0.05513033643364906
5026250240.0,0.054583869874477386
5027187712.0,0.053307417780160904
5028125184.0,0.050632938742637634
5029062656.0,0.04666249826550484
5030000128.0,0.04264336824417114
5030937600.0,0.03818826749920845
5031875072.0,0.03259393572807312
5032812544.0,0.025744091719388962
5033750016.0,0.020605435594916344
5034687488.0,0.013726781122386456
5035624960.0,0.006390940863639116
5036562432.0,-0.001865261816419661
5037499904.0,-0.00990346260368824
5038437376.0,-0.017613865435123444
5039374848.0,-0.02609456703066826
5040312320.0,-0.036026716232299805
5041249792.0,-0.04368872568011284
5042187264.0,-0.05273035541176796
5043125248.0,-0.060750946402549744
5044062720.0,-0.06957592815160751
5045000192.0,-0.07873667031526566
5045937664.0,-0.09633508324623108
5046875136.0,-0.10578940808773041
5047812608.0,-0.11406666785478592
5048750080.0,-0.12185582518577576
5049687552.0,-0.12934935092926025
5050625024.0,-0.13656464219093323
5051562496.0,-0.14316266775131226
5052499968.0,-0.1486225724220276
5053437440.0,-0.15406247973442078
5054374912.0,-0.15977323055267334
5055312384.0,-0.16288205981254578
5056249856.0,-0.16591718792915344
5057187328.0,-0.1693381369113922
5058124800.0,-0.17103436589241028
5059062272.0,-0.1723148226737976
5059999744.0,-0.172836571931839
5060937728.0,-0.1726682186126709
5061875200.0,-0.17197665572166443
5062812672.0,-0.17066644132137299
5063750144.0,-0.16865868866443634
5064687616.0,-0.1659337729215622
5065625088.0,-0.1621474325656891
5066562560.0,-0.1578190177679062
5067500032.0,-0.15280070900917053
5068437504.0,-0.14720357954502106
5069374976.0,-0.14105179905891418
5070312448.0,-0.1335226148366928
5071249920.0,-0.12680238485336304
5072187392.0,-0.1199956014752388
5073124864.0,-0.11312661319971085
5074062336.0,-0.10518310219049454
5074999808.0,-0.09910977631807327
5075937280.0,-0.09140177816152573
5076874752.0,-0.0836293175816536
5077812736.0,-0.07773875445127487
5078750208.0,-0.0701773390173912
5079687680.0,-0.06440605223178864
5080625152.0,-0.05843997746706009
5081562624.0,-0.05253889411687851
5082500096.0,-0.047256968915462494
5083437568.0,-0.04207253456115723
5084375040.0,-0.03724003583192825
5085312512.0,-0.03438887000083923
5086249984.0,-0.030506674200296402
5087187456.0,-0.02805992029607296
5088124928.0,-0.025665655732154846
5089062400.0,-0.02404216304421425
5089999872.0,-0.023091711103916168
5090937344.0,-0.02183191478252411
5091874816.0,-0.01990937441587448
5092812288.0,-0.02060830034315586
5093749760.0,-0.021525921300053596
5094687744.0,-0.02172302082180977
5095625216.0,-0.023332690820097923
5096562688.0,-0.024580201134085655
5097500160.0,-0.026568813249468803
5098437632.0,-0.029229504987597466
5099375104.0,-0.0319080576300621
5100312576.0,-0.03552337735891342
5101250048.0,-0.03925294429063797
5102187520.0,-0.04290781915187836
5103124992.0,-0.04663929343223572
5104062464.0,-0.05051841959357262
5104999936.0,-0.05607954412698746
5105937408.0,-0.12838198244571686
5106874880.0,-0.13440659642219543
5107812352.0,-0.13922196626663208
5108749824.0,-0.14326712489128113
5109687296.0,-0.14750321209430695
5110624768.0,-0.1498686671257019
5111562752.0,-0.15150585770606995
5112500224.0,-0.1523289829492569
5113437696.0,-0.1527007818222046
5114375168.0,-0.15319208800792694
5115312640.0,-0.15052172541618347
5116250112.0,-0.14836452901363373
5117187584.0,-0.14603932201862335
5118125056.0,-0.14259544014930725
5119062528.0,-0.13899004459381104
5120000000.0,-0.13448798656463623
5120937472.0,-0.12984474003314972
5121874944.0,-0.1249711737036705
5122812416.0,-0.12119512259960175
5123749888.0,-0.11667405068874359
5124687360.0,-0.11149952560663223
5125624832.0,-0.10729379951953888
5126562304.0,-0.10307670384645462
5127499776.0,-0.09835731983184814
5128437248.0,-0.09443790465593338
5129375232.0,-0.09011198580265045
5130312704.0,-0.08586050570011139
5131250176.0,-0.08101487904787064
5132187648.0,-0.07556360214948654
5133125120.0,-0.071263387799263
5134062592.0,-0.06789783388376236
5135000064.0,-0.06415773183107376
5135937536.0,-0.06324661523103714
5136875008.0,-0.06044584512710571
5137812480.0,-0.058652762323617935
5138749952.0,-0.05758436769247055
5139687424.0,-0.056065306067466736
5140624896.0,-0.05659175291657448
5141562368.0,-0.05669388175010681
5142499840.0,-0.05660359188914299
5143437312.0,-0.05717144533991814
5144374784.0,-0.05880550295114517
5145312256.0,-0.06105503439903259
5146250240.0,-0.06335029751062393
5147187712.0,-0.0667155385017395
5148125184.0,-0.0707254707813263
5149062656.0,-0.07523514330387115
5150000128.0,-0.07994106411933899
5150937600.0,-0.08452866226434708
5151875072.0,-0.08955811709165573
5152812544.0,-0.0964871346950531
5153750016.0,-0.10187206417322159
5154687488.0,-0.10821647942066193
5155624960.0,-0.11513951420783997
5156562432.0,-0.12126549333333969
5157499904.0,-0.1289658546447754
5158437376.0,-0.13663087785243988
5159374848.0,-0.14518475532531738
5160312320.0,-0.15284010767936707
5161249792.0,-0.16202232241630554
5162187264.0,-0.1697787493467331
5163125248.0,-0.17876528203487396
5164062720.0,-0.186823770403862
5165000192.0,-0.1955910474061966
5165937664.0,-0.19395829737186432
5166875136.0,-0.20511530339717865
5167812608.0,-0.2152402698993683
5168750080.0,-0.2239377498626709
5169687552.0,-0.23296570777893066
5170625024.0,-0.2396278977394104
5171562496.0,-0.2448212057352066
5172499968.0,-0.2498030960559845
5173437440.0,-0.2523776590824127
5174374912.0,-0.2545800507068634
5175312384.0,-0.25482383370399475
5176249856.0,-0.2537496089935303
5177187328.0,-0.251764178276062
5178124800.0,-0.24741052091121674
5179062272.0,-0.24359031021595
5180000256.0,-0.23833425343036652
5180937728.0,-0.23157812654972076
5181875200.0,-0.22408239543437958
5182812672.0,-0.2149103432893753
5183750144.0,-0.20570355653762817
5184687616.0,-0.19617359340190887
5185625088.0,-0.18521463871002197
5186562560.0,-0.17376431822776794
5187500032.0,-0.16197024285793304
5188437504.0,-0.14909905195236206
5189374976.0,-0.13649456202983856
5190312448.0,-0.12320162355899811
5191249920.0,-0.11078671365976334
5192187392.0,-0.09778735041618347
5193124864.0,-0.08596252650022507
5194062336.0,-0.07319353520870209
5194999808.0,-0.06080148369073868
5195937280.0,-0.04948297142982483
5196874752.0,-0.038841363042593
5197812736.0,-0.028338661417365074
5198750208.0,-0.018219439312815666
5199687680.0,-0.009972712956368923
5200625152.0,-0.0027142025064677
5201562624.0,0.004669071175158024
5202500096.0,0.009695935994386673
5203437568.0,0.015710053965449333
5204375040.0,0.018488410860300064
5205312512.0,0.021965164691209793
5206249984.0,0.02322104386985302
5207187456.0,0.02281069941818714
5208124928.0,0.021437937393784523
5209062400.0,0.01868453621864319
5209999872.0,0.014630725607275963
5210937344.0,0.0094998087733984
5211874816.0,0.0031603779643774033
5212812288.0,-0.0058976816944777966
5213749760.0,-0.015303271822631359
5214687744.0,-0.025464149191975594
5215625216.0,-0.03928225114941597
5216562688.0,-0.05185656249523163
5217500160.0,-0.06546002626419067
5218437632.0,-0.08103388547897339
5219375104.0,-0.0974631980061531
5220312576.0,-0.11413184553384781
5221250048.0,-0.1298867166042328
5222187520.0,-0.14650993049144745
5223124992.0,-0.16376274824142456
5224062464.0,-0.18091772496700287
5224999936.0,-0.19782191514968872
5225937408.0,-0.20810984075069427
5226874880.0,-0.22192203998565674
5227812352.0,-0.23615805804729462
5228749824.0,-0.2482406049966812
5229687296.0,-0.2580795884132385
5230624768.0,-0.2693614959716797
5231562752.0,-0.2773829996585846
5232500224.0,-0.2856859564781189
5233437696.0,-0.290770947933197
5234375168.0,-0.2937445640563965
5235312640.0,-0.2968255877494812
5236250112.0,-0.2958066463470459
5237187584.0,-0.29461604356765747
5238125056.0,-0.2906436026096344
5239062528.0,-0.2855302393436432
5240000000.0,-0.27736520767211914
5240937472.0,-0.26728081703186035
5241874944.0,-0.2569616734981537
5242812416.0,-0.24426573514938354
5243749888.0,-0.2300940454006195
5244687360.0,-0.21604053676128387
5245624832.0,-0.20001159608364105
5246562304.0,-0.18281590938568115
5247499776.0,-0.1665799766778946
5248437248.0,-0.1492605060338974
5249375232.0,-0.13101895153522491
5250312704.0,-0.11272118240594864
5251250176.0,-0.09553852677345276
5252187648.0,-0.07706765830516815
5253125120.0,-0.05967642739415169
5254062592.0,-0.04310310259461403
5255000064.0,-0.027905667200684547
5255937536.0,-0.013250297866761684
5256875008.0,0.0007396462606266141
5257812480.0,0.012423228472471237
5258749952.0,0.024312015622854233
5259687424.0,0.03391562029719353
5260624896.0,0.04187022149562836
5261562368.0,0.048640839755535126
5262499840.0,0.053434569388628006
5263437312.0,0.056937865912914276
5264374784.0,0.059017498046159744
5265312256.0,0.059322331100702286
5266250240.0,0.058470699936151505
5267187712.0,0.05548662692308426
5268125184.0,0.05148106440901756
5269062656.0,0.04730001464486122
5270000128.0,0.04029148817062378
5270937600.0,0.0327560119330883
5271875072.0,0.023198207840323448
5272812544.0,0.014010144397616386
5273750016.0,0.0029360754415392876
5274687488.0,-0.008931292220950127
5275624960.0,-0.020540425553917885
5276562432.0,-0.03370499238371849
5277499904.0,-0.04695717990398407
5278437376.0,-0.06137208268046379
5279374848.0,-0.07525444030761719
5280312320.0,-0.091307632625103
5281249792.0,-0.10778088867664337
5282187264.0,-0.12267497181892395
5283125248.0,-0.13780441880226135
5284062720.0,-0.15455852448940277
5285000192.0,-0.16965420544147491
5285937664.0,-0.19708947837352753
5286875136.0,-0.21291741728782654
5287812608.0,-0.22755038738250732
5288750080.0,-0.24255381524562836
5289687552.0,-0.2571145296096802
5290625024.0,-0.2718019187450409
5291562496.0,-0.2856312096118927
5292499968.0,-0.2991822361946106
5293437440.0,-0.31222420930862427
5294374912.0,-0.3249624967575073
5295312384.0,-0.33636534214019775
5296249856.0,-0.34637022018432617
5297187328.0,-0.35526540875434875
5298124800.0,-0.36222437024116516
5299062272.0,-0.367841899394989
5299999744.0,-0.3730321228504181
5300937728.0,-0.3767121136188507
5301875200.0,-0.3775995969772339
5302812672.0,-0.37725791335105896
5303750144.0,-0.3760547935962677
5304687616.0,-0.37240171432495117
5305625088.0,-0.3687141537666321
5306562560.0,-0.362369567155838
5307500032.0,-0.3540579080581665
5308437504.0,-0.3444693982601166
5309374976.0,-0.33568522334098816
5310312448.0,-0.32338249683380127
5311249920.0,-0.3109003007411957
5312187392.0,-0.29731354117393494
5313124864.0,-0.283336877822876
5314062336.0,-0.26809588074684143
5314999808.0,-0.2521214485168457
5315937280.0,-0.23479677736759186
5316874752.0,-0.21751978993415833
5317812736.0,-0.2000211626291275
5318750208.0,-0.1821260303258896
5319687680.0,-0.16279761493206024
5320625152.0,-0.1450839340686798
5321562624.0,-0.12674301862716675
5322500096.0,-0.1076086163520813
5323437568.0,-0.08974415063858032
5324375040.0,-0.073209747672081
5325312512.0,-0.05561311915516853
5326249984.0,-0.03973526507616043
5327187456.0,-0.025133032351732254
5328124928.0,-0.011380958370864391
5329062400.0,0.001461816020309925
5329999872.0,0.013565468601882458
5330937344.0,0.024200424551963806
5331874816.0,0.03460892662405968
5332812288.0,0.0399760827422142
5333749760.0,0.04432602599263191
5334687744.0,0.04599089175462723
5335625216.0,0.0467565543949604
5336562688.0,0.045076314359903336
5337500160.0,0.0403413325548172
5338437632.0,0.03485199436545372
5339375104.0,0.02680991403758526
5340312576.0,0.016154799610376358
5341250048.0,0.003804500214755535
5342187520.0,-0.011654171161353588
5343124992.0,-0.02800009585916996
5344062464.0,-0.0472254641354084
5344999936.0,-0.06813331693410873
5345937408.0,-0.3490007519721985
5346874880.0,-0.36261674761772156
5347812352.0,-0.3764491379261017
5348749824.0,-0.3902609050273895
5349687296.0,-0.40260881185531616
5350624768.0,-0.4149375259876251
5351562752.0,-0.42581993341445923
5352500224.0,-0.4367905855178833
5353437696.0,-0.44543054699897766
5354375168.0,-0.452467143535614
5355312640.0,-0.4591153562068939
5356250112.0,-0.4638892710208893
5357187584.0,-0.4679282009601593
5358125056.0,-0.468600332736969
5359062528.0,-0.4680257737636566
5360000000.0,-0.4645543098449707
5360937472.0,-0.46003666520118713
5361874944.0,-0.4553106427192688
5362812416.0,-0.44717955589294434
5363749888.0,-0.43861448764801025
5364687360.0,-0.42803624272346497
5365624832.0,-0.41683271527290344
5366562304.0,-0.4044744372367859
5367499776.0,-0.39095985889434814
5368437248.0,-0.37640348076820374
5369375232.0,-0.36125272512435913
5370312704.0,-0.3448082506656647
5371250176.0,-0.32736408710479736
5372187648.0,-0.30916306376457214
5373125120.0,-0.2904594838619232
5374062592.0,-0.2715506851673126
5375000064.0,-0.25382789969444275
5375937536.0,-0.23597115278244019
5376875008.0,-0.2170734405517578
5377812480.0,-0.19778718054294586
5378749952.0,-0.18032845854759216
5379687424.0,-0.16419154405593872
5380624896.0,-0.14742439985275269
5381562368.0,-0.13303031027317047
5382499840.0,-0.11884475499391556
5383437312.0,-0.10496239364147186
5384374784.0,-0.09207145869731903
5385312256.0,-0.08046229928731918
5386250240.0,-0.07233376055955887
5387187712.0,-0.06609487533569336
5388125184.0,-0.0602572001516819
5389062656.0,-0.0580606646835804
5390000128.0,-0.058582063764333725
5390937600.0,-0.059636976569890976
5391875072.0,-0.06430569291114807
5392812544.0,-0.07050453126430511
5393750016.0,-0.07919610291719437
5394687488.0,-0.08990363776683807
5395624960.0,-0.10299583524465561
5396562432.0,-0.11752265691757202
5397499904.0,-0.13338428735733032
5398437376.0,-0.1516302227973938
5399374848.0,-0.17132166028022766
5400312320.0,-0.1911068856716156
5401249792.0,-0.21273048222064972
5402187264.0,-0.23494863510131836
5403125248.0,-0.25646084547042847
5404062720.0,-0.27767491340637207
5405000192.0,-0.2981610596179962
5405937664.0,-0.3409537076950073
5406875136.0,-0.3556036949157715
5407812608.0,-0.3681703507900238
5408750080.0,-0.38177600502967834
5409687552.0,-0.39197486639022827
5410625024.0,-0.4001283645629883
5411562496.0,-0.4056129455566406
5412499968.0,-0.4108230769634247
5413437440.0,-0.4112546145915985
5414374912.0,-0.41126343607902527
5415312384.0,-0.4078846573829651
5416249856.0,-0.4015737473964691
5417187328.0,-0.39441239833831787
5418124800.0,-0.38334372639656067
5419062272.0,-0.3709680438041687
5420000256.0,-0.35616061091423035
5420937728.0,-0.33937349915504456
5421875200.0,-0.3216223418712616
5422812672.0,-0.30231937766075134
5423750144.0,-0.2817494571208954
5424687616.0,-0.2605464458465576
5425625088.0,-0.23958837985992432
5426562560.0,-0.21840812265872955
5427500032.0,-0.19554467499256134
5428437504.0,-0.17365367710590363
5429374976.0,-0.153252974152565
5430312448.0,-0.13240598142147064
5431249920.0,-0.11301307380199432
5432187392.0,-0.09425012767314911
5433124864.0,-0.07887115329504013
5434062336.0,-0.0633191168308258
5434999808.0,-0.050870779901742935
5435937280.0,-0.04002343490719795
5436874752.0,-0.03176083043217659
5437812736.0,-0.024744965136051178
5438750208.0,-0.020269246771931648
5439687680.0,-0.018397586420178413
5440625152.0,-0.020388036966323853
5441562624.0,-0.022528139874339104
5442500096.0,-0.02779153175652027
5443437568.0,-0.035178691148757935
5444375040.0,-0.04605874791741371
5445312512.0,-0.05807499587535858
5446249984.0,-0.07318045198917389
5447187456.0,-0.09001021832227707
5448124928.0,-0.1095026284456253
5449062400.0,-0.12949810922145844
5449999872.0,-0.15364554524421692
5450937344.0,-0.17769327759742737
5451874816.0,-0.202510267496109
5452812288.0,-0.22864103317260742
5453749760.0,-0.2556692659854889
5454687744.0,-0.2830677330493927
5455625216.0,-0.3109225630760193
5456562688.0,-0.3385520279407501
5457500160.0,-0.3663846552371979
5458437632.0,-0.39535441994667053
5459375104.0,-0.4214726388454437
5460312576.0,-0.44561150670051575
5461250048.0,-0.46998971700668335
5462187520.0,-0.49082455039024353
5463124992.0,-0.5111733675003052
5464062464.0,-0.5271002054214478
5464999936.0,-0.5442222952842712
5465937408.0,-0.4670550525188446
5466874880.0,-0.4825170040130615
5467812352.0,-0.4955657124519348
5468749824.0,-0.5073658227920532
5469687296.0,-0.5158184170722961
5470624768.0,-0.5222682952880859
5471562752.0,-0.5254731178283691
5472500224.0,-0.5261692404747009
5473437696.0,-0.5250347852706909
5474375168.0,-0.5196744799613953
5475312640.0,-0.5112417340278625
5476250112.0,-0.5003896355628967
5477187584.0,-0.4879482090473175
5478125056.0,-0.4723164737224579
5479062528.0,-0.45524874329566956
5480000000.0,-0.43681034445762634
5480937472.0,-0.41705143451690674
5481874944.0,-0.39632657170295715
5482812416.0,-0.3746162950992584
5483749888.0,-0.35238116979599
5484687360.0,-0.3312361538410187
5485624832.0,-0.3091469407081604
5486562304.0,-0.2885981798171997
5487499776.0,-0.2682567834854126
5488437248.0,-0.24910710752010345
5489375232.0,-0.23099416494369507
5490312704.0,-0.21380330622196198
5491250176.0,-0.19845521450042725
5492187648.0,-0.1846345067024231
5493125120.0,-0.17358899116516113
5494062592.0,-0.16416198015213013
5495000064.0,-0.15734745562076569
5495937536.0,-0.1516747772693634
5496875008.0,-0.1481100469827652
5497812480.0,-0.14744208753108978
5498749952.0,-0.14824676513671875
5499687424.0,-0.15250320732593536
5500624896.0,-0.1586826890707016
5501562368.0,-0.1674073040485382
5502499840.0,-0.17887988686561584
5503437312.0,-0.1921899914741516
5504374784.0,-0.20765617489814758
5505312256.0,-0.22747452557086945
5506250240.0,-0.24913349747657776
5507187712.0,-0.27278071641921997
5508125184.0,-0.298374742269516
5509062656.0,-0.32567375898361206
5510000128.0,-0.35432636737823486
5510937600.0,-0.38529887795448303
5511875072.0,-0.41698741912841797
5512812544.0,-0.44941446185112
5513750016.0,-0.481948584318161
5514687488.0,-0.5147168636322021
5515624960.0,-0.5489806532859802
5516562432.0,-0.5818020701408386
5517499904.0,-0.6155644059181213
5518437376.0,-0.6493058800697327
5519374848.0,-0.6820005178451538
5520312320.0,-0.714425802230835
5521249792.0,-0.7455155253410339
5522187264.0,-0.7759307026863098
5523125248.0,-0.8043793439865112
5524062720.0,-0.8340104818344116
5525000192.0,-0.8619961738586426
5525937664.0,-0.7317253351211548
5526875136.0,-0.7459352612495422
5527812608.0,-0.7601957321166992
5528750080.0,-0.775462806224823
5529687552.0,-0.7916154861450195
5530625024.0,-0.8090825080871582
5531562496.0,-0.8281249403953552
5532499968.0,-0.8488932251930237
5533437440.0,-0.8709756731987
5534374912.0,-0.8945143818855286
5535312384.0,-0.9192076325416565
5536249856.0,-0.9426331520080566
5537187328.0,-0.9668205380439758
5538124800.0,-0.9896014928817749
5539062272.0,-1.0127214193344116
5539999744.0,-1.0319428443908691
5540937728.0,-1.049418330192566
5541875200.0,-1.064404010772705
5542812672.0,-1.0744056701660156
5543750144.0,-1.0823074579238892
5544687616.0,-1.0866320133209229
5545625088.0,-1.0860613584518433
5546562560.0,-1.0837796926498413
5547500032.0,-1.0764636993408203
5548437504.0,-1.0657708644866943
5549374976.0,-1.0501121282577515
5550312448.0,-1.0316933393478394
5551249920.0,-1.0090837478637695
5552187392.0,-0.983970046043396
5553124864.0,-0.9560604095458984
5554062336.0,-0.9260569214820862
5554999808.0,-0.893151044845581
5555937280.0,-0.8621940612792969
5556874752.0,-0.8289136290550232
5557812736.0,-0.7971832752227783
5558750208.0,-0.7658085227012634
5559687680.0,-0.7358534336090088
5560625152.0,-0.707190990447998
5561562624.0,-0.679010272026062
5562500096.0,-0.653404176235199
5563437568.0,-0.6315798163414001
5564375040.0,-0.6118395328521729
5565312512.0,-0.5945891737937927
5566249984.0,-0.578687310218811
5567187456.0,-0.564842700958252
5568124928.0,-0.5533818006515503
5569062400.0,-0.5412843227386475
5569999872.0,-0.5286571383476257
5570937344.0,-0.5177742838859558
5571874816.0,-0.5061394572257996
5572812288.0,-0.49610310792922974
5573749760.0,-0.4857982397079468
5574687744.0,-0.47569194436073303
5575625216.0,-0.46803736686706543
5576562688.0,-0.46189120411872864
5577500160.0,-0.4566327929496765
5578437632.0,-0.4527130722999573
5579375104.0,-0.4509229063987732
5580312576.0,-0.4487684667110443
5581250048.0,-0.44929802417755127
5582187520.0,-0.4490149915218353
5583124992.0,-0.4511285722255707
5584062464.0,-0.45292067527770996
5584999936.0,-0.4548366665840149
5585937408.0,-0.43085306882858276
5586874880.0,-0.42080947756767273
5587812352.0,-0.4096243679523468
5588749824.0,-0.3960135281085968
5589687296.0,-0.3830734193325043
5590624768.0,-0.36730697751045227
5591562752.0,-0.3506271541118622
5592500224.0,-0.3338989317417145
5593437696.0,-0.3150979280471802
5594375168.0,-0.2965215742588043
5595312640.0,-0.2782537043094635
5596250112.0,-0.25854963064193726
5597187584.0,-0.2398681789636612
5598125056.0,-0.2193557620048523
5599062528.0,-0.20013266801834106
5600000000.0,-0.18140210211277008
5600937472.0,-0.16453410685062408
5601874944.0,-0.14681550860404968
5602812416.0,-0.13070504367351532
5603749888.0,-0.11640648543834686
5604687360.0,-0.10268795490264893
5605624832.0,-0.0914650410413742
5606562304.0,-0.0805518627166748
5607499776.0,-0.07190365344285965
5608437248.0,-0.06594627350568771
5609375232.0,-0.06125270202755928
5610312704.0,-0.05807751417160034
5611250176.0,-0.056719113141298294
5612187648.0,-0.05656275525689125
5613125120.0,-0.05827043578028679
5614062592.0,-0.061584651470184326
5615000064.0,-0.06701299548149109
5615937536.0,-0.0735376700758934
5616875008.0,-0.08211749792098999
5617812480.0,-0.09151852875947952
5618749952.0,-0.10182477533817291
5619687424.0,-0.11462289094924927
5620624896.0,-0.12654468417167664
5621562368.0,-0.14023526012897491
5622499840.0,-0.15339697897434235
5623437312.0,-0.16771936416625977
5624374784.0,-0.18030640482902527
5625312256.0,-0.1966790109872818
5626250240.0,-0.20842446386814117
5627187712.0,-0.2226456105709076
5628125184.0,-0.23479710519313812
5629062656.0,-0.247343972325325
5630000128.0,-0.25777319073677063
5630937600.0,-0.2674615979194641
5631875072.0,-0.27565500140190125
5632812544.0,-0.2824280261993408
5633750016.0,-0.2889763116836548
5634687488.0,-0.2916681468486786
5635624960.0,-0.29369935393333435
5636562432.0,-0.29395928978919983
5637499904.0,-0.2918424904346466
5638437376.0,-0.28784120082855225
5639374848.0,-0.2824370265007019
5640312320.0,-0.27711164951324463
5641249792.0,-0.26839548349380493
5642187264.0,-0.2593793570995331
5643125248.0,-0.24738538265228271
5644062720.0,-0.23603007197380066
5645000192.0,-0.22334927320480347
5645937664.0,-0.19170628488063812
5646875136.0,-0.1944979578256607
5647812608.0,-0.19666600227355957
5648750080.0,-0.196491077542305
5649687552.0,-0.1963115930557251
5650625024.0,-0.19372664391994476
5651562496.0,-0.18914195895195007
5652499968.0,-0.1850830465555191
5653437440.0,-0.17884261906147003
5654374912.0,-0.1717585325241089
5655312384.0,-0.16519007086753845
5656249856.0,-0.1566603183746338
5657187328.0,-0.1496206820011139
5658124800.0,-0.14110390841960907
5659062272.0,-0.1334003210067749
5660000256.0,-0.12544167041778564
5660937728.0,-0.11778191477060318
5661875200.0,-0.11163928359746933
5662812672.0,-0.10530244559049606
5663750144.0,-0.10016783326864243
5664687616.0,-0.09653327614068985
5665625088.0,-0.09303693473339081
5666562560.0,-0.09127690643072128
5667500032.0,-0.09011833369731903
5668437504.0,-0.09058287739753723
5669374976.0,-0.09196360409259796
5670312448.0,-0.09458336234092712
5671249920.0,-0.09831079840660095
5672187392.0,-0.10199768096208572
5673124864.0,-0.1079937219619751
5674062336.0,-0.11328837275505066
5674999808.0,-0.12157560884952545
5675937280.0,-0.128973588347435
5676874752.0,-0.13790157437324524
5677812736.0,-0.14597629010677338
5678750208.0,-0.15499870479106903
5679687680.0,-0.1647074967622757
5680625152.0,-0.17545536160469055
5681562624.0,-0.18361081182956696
5682500096.0,-0.19382692873477936
5683437568.0,-0.20294348895549774
5684375040.0,-0.21257883310317993
5685312512.0,-0.2192857414484024
5686249984.0,-0.22642910480499268
5687187456.0,-0.2334853857755661
5688124928.0,-0.23972830176353455
5689062400.0,-0.24401451647281647
5689999872.0,-0.24945813417434692
5690937344.0,-0.25270503759384155
5691874816.0,-0.25701865553855896
5692812288.0,-0.26042020320892334
5693749760.0,-0.2635873258113861
5694687744.0,-0.26680392026901245
5695625216.0,-0.27190980315208435
5696562688.0,-0.2743423283100128
5697500160.0,-0.27863916754722595
5698437632.0,-0.2822539806365967
5699375104.0,-0.28734874725341797
5700312576.0,-0.29427698254585266
5701250048.0,-0.2998477518558502
5702187520.0,-0.30840015411376953
5703124992.0,-0.3174857795238495
5704062464.0,-0.32732975482940674
5704999936.0,-0.3383410573005676
5705937408.0,-0.2279854565858841
5706874880.0,-0.2491186559200287
5707812352.0,-0.26936978101730347
5708749824.0,-0.2887338697910309
5709687296.0,-0.31032681465148926
5710624768.0,-0.32920539379119873
5711562752.0,-0.3457896113395691
5712500224.0,-0.3603682219982147
5713437696.0,-0.37434157729148865
5714375168.0,-0.38418886065483093
5715312640.0,-0.38988080620765686
5716250112.0,-0.3919185698032379
5717187584.0,-0.3902762532234192
5718125056.0,-0.3832744061946869
5719062528.0,-0.3726368546485901
5720000000.0,-0.3566727936267853
5720937472.0,-0.33748602867126465
5721874944.0,-0.3136829733848572
5722812416.0,-0.2861366868019104
5723749888.0,-0.25471925735473633
5724687360.0,-0.22072839736938477
5725624832.0,-0.1825779378414154
5726562304.0,-0.14325182139873505
5727499776.0,-0.10328365117311478
5728437248.0,-0.06171181797981262
5729375232.0,-0.02191436104476452
5730312704.0,0.01749752275645733
5731250176.0,0.056073691695928574
5732187648.0,0.09088489413261414
5733125120.0,0.12372446060180664
5734062592.0,0.15242822468280792
5735000064.0,0.17548415064811707
5735937536.0,0.19547000527381897
5736875008.0,0.20991408824920654
5737812480.0,0.21915218234062195
5738749952.0,0.22535961866378784
5739687424.0,0.22657673060894012
5740624896.0,0.22384431958198547
5741562368.0,0.2187882959842682
5742499840.0,0.20944619178771973
5743437312.0,0.19925019145011902
5744374784.0,0.1871034950017929
5745312256.0,0.1723077893257141
5746250240.0,0.15795987844467163
5747187712.0,0.1427343338727951
5748125184.0,0.1282641738653183
5749062656.0,0.11363910883665085
5750000128.0,0.0997784435749054
5750937600.0,0.08737292140722275
5751875072.0,0.07477273046970367
5752812544.0,0.06352957338094711
5753750016.0,0.05346284434199333
5754687488.0,0.04314097389578819
5755624960.0,0.02962111309170723
5756562432.0,0.009146546013653278
5757499904.0,-0.013405004516243935
5758437376.0,-0.03845556080341339
5759374848.0,-0.06702088564634323
5760312320.0,-0.09579378366470337
5761249792.0,-0.12727861106395721
5762187264.0,-0.15808331966400146
5763125248.0,-0.190472811460495
5764062720.0,-0.2208283543586731
5765000192.0,-0.252179890871048
5765937664.0,-0.18994638323783875
5766875136.0,-0.1979643553495407
5767812608.0,-0.2066860795021057
5768750080.0,-0.21456453204154968
5769687552.0,-0.22296829521656036
5770625024.0,-0.23345136642456055
5771562496.0,-0.24182845652103424
5772499968.0,-0.2514088451862335
5773437440.0,-0.2621022164821625
5774374912.0,-0.2722930908203125
5775312384.0,-0.28352561593055725
5776249856.0,-0.29406729340553284
5777187328.0,-0.30490830540657043
5778124800.0,-0.31722018122673035
5779062272.0,-0.32803288102149963
5779999744.0,-0.33935877680778503
5780937728.0,-0.35041168332099915
5781875200.0,-0.3622279167175293
5782812672.0,-0.3731982409954071
5783750144.0,-0.38330769538879395
5784687616.0,-0.3938140571117401
5785625088.0,-0.4029651880264282
5786562560.0,-0.41170310974121094
5787500032.0,-0.42010951042175293
5788437504.0,-0.42714694142341614
5789374976.0,-0.4320841431617737
5790312448.0,-0.436158686876297
5791249920.0,-0.43939313292503357
5792187392.0,-0.44251370429992676
5793124864.0,-0.4420757591724396
5794062336.0,-0.4407952129840851
5794999808.0,-0.4403109550476074
5795937280.0,-0.4374510645866394
5796874752.0,-0.4333377778530121
5797812736.0,-0.4256068766117096
5798750208.0,-0.41921311616897583
5799687680.0,-0.40881919860839844
5800625152.0,-0.3970920145511627
5801562624.0,-0.3836890161037445
5802500096.0,-0.37046128511428833
5803437568.0,-0.3544478416442871
5804375040.0,-0.33867332339286804
5805312512.0,-0.3209611177444458
5806249984.0,-0.30257362127304077
5807187456.0,-0.2845792770385742
5808124928.0,-0.26443228125572205
5809062400.0,-0.24474561214447021
5809999872.0,-0.22472277283668518
5810937344.0,-0.20389625430107117
5811874816.0,-0.18428027629852295
5812812288.0,-0.16522175073623657
5813749760.0,-0.14677591621875763
5814687744.0,-0.12946464121341705
5815625216.0,-0.11369013786315918
5816562688.0,-0.09951049089431763
5817500160.0,-0.0867326408624649
5818437632.0,-0.07595542073249817
5819375104.0,-0.0661851018667221
5820312576.0,-0.056850288063287735
5821250048.0,-0.05207085609436035
5822187520.0,-0.04871620237827301
5823124992.0,-0.04685169830918312
5824062464.0,-0.04712768271565437
5824999936.0,-0.04878467693924904
5825937408.0,-0.24284912645816803
5826874880.0,-0.24527277052402496
5827812352.0,-0.24702651798725128
5828749824.0,-0.24922646582126617
5829687296.0,-0.25070539116859436
5830624768.0,-0.25317099690437317
5831562752.0,-0.2540985345840454
5832500224.0,-0.2562119960784912
5833437696.0,-0.2578160762786865
5834375168.0,-0.25916430354118347
5835312640.0,-0.26164254546165466
5836250112.0,-0.26357337832450867
5837187584.0,-0.26615867018699646
5838125056.0,-0.2705222964286804
5839062528.0,-0.2726644277572632
5840000000.0,-0.27822765707969666
5840937472.0,-0.28399890661239624
5841874944.0,-0.288993239402771
5842812416.0,-0.2953335642814636
5843749888.0,-0.3021530508995056
5844687360.0,-0.3084867596626282
5845624832.0,-0.31467434763908386
5846562304.0,-0.3209499716758728
5847499776.0,-0.3264206051826477
5848437248.0,-0.3328225910663605
5849375232.0,-0.3375049829483032
5850312704.0,-0.3435981571674347
5851250176.0,-0.34794896841049194
5852187648.0,-0.3515895903110504
5853125120.0,-0.3547190725803375
5854062592.0,-0.3574521243572235
5855000064.0,-0.3595890402793884
5855937536.0,-0.36106985807418823
5856875008.0,-0.3617176115512848
5857812480.0,-0.36104297637939453
5858749952.0,-0.36093226075172424
5859687424.0,-0.3599569797515869
5860624896.0,-0.3579906225204468
5861562368.0,-0.3558845520019531
5862499840.0,-0.35381585359573364
5863437312.0,-0.3509797751903534
5864374784.0,-0.34805160760879517
5865312256.0,-0.3438546359539032
5866250240.0,-0.34000250697135925
5867187712.0,-0.3371366560459137
5868125184.0,-0.33301493525505066
5869062656.0,-0.329032838344574
5870000128.0,-0.32622069120407104
5870937600.0,-0.32344672083854675
5871875072.0,-0.32186079025268555
5872812544.0,-0.31977492570877075
5873750016.0,-0.31977471709251404
5874687488.0,-0.31921201944351196
5875624960.0,-0.3184690773487091
5876562432.0,-0.31986501812934875
5877499904.0,-0.32124119997024536
5878437376.0,-0.3238677382469177
5879374848.0,-0.32613617181777954
5880312320.0,-0.3291889429092407
5881249792.0,-0.3322220742702484
5882187264.0,-0.3360881209373474
5883125248.0,-0.3401912450790405
5884062720.0,-0.3453689515590668
5885000192.0,-0.3490845561027527
5885937664.0,-0.3626876175403595
5886875136.0,-0.3679277300834656
5887812608.0,-0.3715285062789917
5888750080.0,-0.3751238286495209
5889687552.0,-0.37748998403549194
5890625024.0,-0.3802880048751831
5891562496.0,-0.3821386992931366
5892499968.0,-0.3837016224861145
5893437440.0,-0.3837551176548004
5894374912.0,-0.38483986258506775
5895312384.0,-0.38475972414016724
5896249856.0,-0.38498854637145996
5897187328.0,-0.3848961293697357
5898124800.0,-0.3845008313655853
5899062272.0,-0.3830738663673401
5900000256.0,-0.3823346197605133
5900937728.0,-0.3807276487350464
5901875200.0,-0.3807452321052551
5902812672.0,-0.3790401816368103
5903750144.0,-0.377814382314682
5904687616.0,-0.37656593322753906
5905625088.0,-0.37542444467544556
5906562560.0,-0.3757150173187256
5907500032.0,-0.37597811222076416
5908437504.0,-0.37664613127708435
5909374976.0,-0.3772127330303192
5910312448.0,-0.3779503405094147
5911249920.0,-0.3796922564506531
5912187392.0,-0.3802940845489502
5913124864.0,-0.3821205794811249
5914062336.0,-0.38293930888175964
5914999808.0,-0.38569337129592896
5915937280.0,-0.3888307511806488
5916874752.0,-0.3934325575828552
5917812736.0,-0.3984808027744293
5918750208.0,-0.4042150378227234
5919687680.0,-0.41015616059303284
5920625152.0,-0.41677772998809814
5921562624.0,-0.42485934495925903
5922500096.0,-0.4337964653968811
5923437568.0,-0.44230321049690247
5924375040.0,-0.451312392950058
5925312512.0,-0.46060672402381897
5926249984.0,-0.4709556996822357
5927187456.0,-0.48122090101242065
5928124928.0,-0.49314647912979126
5929062400.0,-0.5033071637153625
5929999872.0,-0.5144756436347961
5930937344.0,-0.5255428552627563
5931874816.0,-0.5373148322105408
5932812288.0,-0.5470502972602844
5933749760.0,-0.5579258799552917
5934687744.0,-0.5679652690887451
5935625216.0,-0.5766337513923645
5936562688.0,-0.58612060546875
5937500160.0,-0.5950285196304321
5938437632.0,-0.6034953594207764
5939375104.0,-0.6108828783035278
5940312576.0,-0.6179196834564209
5941250048.0,-0.623278021812439
5942187520.0,-0.6271868944168091
5943124992.0,-0.6305475234985352
5944062464.0,-0.6320131421089172
5944999936.0,-0.6322864294052124
5945937408.0,-0.4124927520751953
5946874880.0,-0.4277668297290802
5947812352.0,-0.44453808665275574
5948749824.0,-0.4594734013080597
5949687296.0,-0.4756513237953186
5950624768.0,-0.48938944935798645
5951562752.0,-0.5035004615783691
5952500224.0,-0.5154650211334229
5953437696.0,-0.5276044011116028
5954375168.0,-0.5372536778450012
5955312640.0,-0.5459372997283936
5956250112.0,-0.5534607172012329
5957187584.0,-0.5603496432304382
5958125056.0,-0.5642280578613281
5959062528.0,-0.5674740672111511
5960000000.0,-0.5695562362670898
5960937472.0,-0.5690763592720032
5961874944.0,-0.5672775506973267
5962812416.0,-0.5639393925666809
5963749888.0,-0.5581786632537842
5964687360.0,-0.5525228381156921
5965624832.0,-0.5440900325775146
5966562304.0,-0.5354197025299072
5967499776.0,-0.524818480014801
5968437248.0,-0.5142932534217834
5969375232.0,-0.5024846196174622
5970312704.0,-0.4903259575366974
5971250176.0,-0.4787489175796509
5972187648.0,-0.4667229950428009
5973125120.0,-0.4560094177722931
5974062592.0,-0.44624826312065125
5975000064.0,-0.43644484877586365
5975937536.0,-0.42863553762435913
5976875008.0,-0.4213487505912781
5977812480.0,-0.41432660818099976
5978749952.0,-0.4092237651348114
5979687424.0,-0.4062417447566986
5980624896.0,-0.4032290577888489
5981562368.0,-0.4014407992362976
5982499840.0,-0.4021871089935303
5983437312.0,-0.4031790792942047
5984374784.0,-0.40428218245506287
5985312256.0,-0.4062504470348358
5986250240.0,-0.40904977917671204
5987187712.0,-0.4120866358280182
5988125184.0,-0.41608157753944397
5989062656.0,-0.4201131761074066
5990000128.0,-0.4241763651371002
5990937600.0,-0.42811188101768494
5991875072.0,-0.43262431025505066
5992812544.0,-0.4373050630092621
5993750016.0,-0.4401932954788208
5994687488.0,-0.44601598381996155
5995624960.0,-0.44985300302505493
5996562432.0,-0.4544966220855713
5997499904.0,-0.458866149187088
5998437376.0,-0.463612824678421
5999374848.0,-0.46804681420326233
6000312320.0,-0.47110217809677124
6001249792.0,-0.4757152497768402
6002187264.0,-0.4796302914619446
6003125248.0,-0.48271018266677856
6004062720.0,-0.4863505959510803
6005000192.0,-0.3831135928630829
6005937664.0,-0.3930394649505615
6006875136.0,-0.4027503728866577
6007812608.0,-0.414256751537323
6008750080.0,-0.4280931353569031
6009687552.0,-0.4415533244609833
6010625024.0,-0.45778200030326843
6011562496.0,-0.47300899028778076
6012499968.0,-0.4896581470966339
6013437440.0,-0.5063637495040894
6014374912.0,-0.523621678352356
6015312384.0,-0.5405222773551941
6016249856.0,-0.559224009513855
6017187328.0,-0.5766693949699402
6018124800.0,-0.5950378179550171
6019062272.0,-0.6124535202980042
6019999744.0,-0.6300884485244751
6020937728.0,-0.6459832191467285
6021875200.0,-0.6624997854232788
6022812672.0,-0.6768419742584229
6023750144.0,-0.6898984313011169
6024687616.0,-0.701913058757782
6025625088.0,-0.7125987410545349
6026562560.0,-0.720170795917511
6027500032.0,-0.7255604863166809
6028437504.0,-0.7301986217498779
6029374976.0,-0.731134295463562
6030312448.0,-0.729478120803833
6031249920.0,-0.7260125875473022
6032187392.0,-0.7210085988044739
6033124864.0,-0.7119921445846558
6034062336.0,-0.7035014629364014
6034999808.0,-0.691076397895813
6035937280.0,-0.6784878373146057
6036874752.0,-0.663923442363739
6037812736.0,-0.6483452320098877
6038750208.0,-0.6323598027229309
6039687680.0,-0.6146485209465027
6040625152.0,-0.596596896648407
6041562624.0,-0.5776516199111938
6042500096.0,-0.5603311061859131
6043437568.0,-0.5430216193199158
6044375040.0,-0.5273607969284058
6045312512.0,-0.5122479796409607
6046249984.0,-0.496610164642334
6047187456.0,-0.483122318983078
6048124928.0,-0.4693571627140045
6049062400.0,-0.45613548159599304
6049999872.0,-0.4457080662250519
6050937344.0,-0.4341794550418854
6051874816.0,-0.4247487783432007
6052812288.0,-0.4164154529571533
6053749760.0,-0.4081549644470215
6054687744.0,-0.4033121168613434
6055625216.0,-0.3998064696788788
6056562688.0,-0.3969137370586395
6057500160.0,-0.39520224928855896
6058437632.0,-0.394671231508255
6059375104.0,-0.39433783292770386
6060312576.0,-0.39621132612228394
6061250048.0,-0.39903682470321655
6062187520.0,-0.40177246928215027
6063124992.0,-0.40543702244758606
6064062464.0,-0.41030561923980713
6064999936.0,-0.40912696719169617
6065937408.0,-0.4145113229751587
6066874880.0,-0.42225950956344604
6067812352.0,-0.42973655462265015
6068749824.0,-0.4371356666088104
6069687296.0,-0.44615933299064636
6070624768.0,-0.45454102754592896
6071562752.0,-0.46362361311912537
6072500224.0,-0.47302520275115967
6073437696.0,-0.48300832509994507
6074375168.0,-0.4928838610649109
6075312640.0,-0.503749668598175
6076250112.0,-0.5139541625976562
6077187584.0,-0.525329053401947
6078125056.0,-0.5358880162239075
6079062528.0,-0.5468934178352356
6080000000.0,-0.5554492473602295
6080937472.0,-0.565060555934906
6081874944.0,-0.5733670592308044
6082812416.0,-0.5815803408622742
6083749888.0,-0.5882270932197571
6084687360.0,-0.5936819314956665
6085624832.0,-0.5987802147865295
6086562304.0,-0.6016420125961304
6087499776.0,-0.604181706905365
6088437248.0,-0.605157196521759
6089375232.0,-0.6058294177055359
6090312704.0,-0.6059611439704895
6091250176.0,-0.6051774024963379
6092187648.0,-0.6028907299041748
6093125120.0,-0.5996356010437012
6094062592.0,-0.5934611558914185
6095000064.0,-0.5862634778022766
6095937536.0,-0.5787001252174377
6096875008.0,-0.5699347257614136
6097812480.0,-0.5610436201095581
6098749952.0,-0.5501214861869812
6099687424.0,-0.5408127903938293
6100624896.0,-0.5314410328865051
6101562368.0,-0.5204794406890869
6102499840.0,-0.5098339319229126
6103437312.0,-0.4998117685317993
6104374784.0,-0.48970872163772583
6105312256.0,-0.4799414575099945
6106250240.0,-0.47150835394859314
6107187712.0,-0.4629156291484833
6108125184.0,-0.45440149307250977
6109062656.0,-0.44584953784942627
6110000128.0,-0.43861377239227295
6110937600.0,-0.43228623270988464
6111875072.0,-0.4248044788837433
6112812544.0,-0.4192018210887909
6113750016.0,-0.41398054361343384
6114687488.0,-0.40904363989830017
6115624960.0,-0.4056893289089203
6116562432.0,-0.4009993076324463
6117499904.0,-0.39799532294273376
6118437376.0,-0.3954797685146332
6119374848.0,-0.3938441574573517
6120312320.0,-0.39211106300354004
6121249792.0,-0.3911511301994324
6122187264.0,-0.39096227288246155
6123125248.0,-0.39164575934410095
6124062720.0,-0.3923984169960022
6125000192.0,-0.5845991969108582
6125937664.0,-0.5955298542976379
6126875136.0,-0.6055595278739929
6127812608.0,-0.6140169501304626
6128750080.0,-0.6243329644203186
6129687552.0,-0.6315202713012695
6130625024.0,-0.6403586864471436
6131562496.0,-0.646868884563446
6132499968.0,-0.6534727215766907
6133437440.0,-0.6588485836982727
6134374912.0,-0.6631497144699097
6135312384.0,-0.6672061681747437
6136249856.0,-0.6686685681343079
6137187328.0,-0.6696951389312744
6138124800.0,-0.6716134548187256
6139062272.0,-0.6712843775749207
6140000256.0,-0.671701192855835
6140937728.0,-0.6709340214729309
6141875200.0,-0.6701827049255371
6142812672.0,-0.6682446599006653
6143750144.0,-0.6646584868431091
6144687616.0,-0.661491870880127
6145625088.0,-0.657682478427887
6146562560.0,-0.6542394757270813
6147500032.0,-0.6497913599014282
6148437504.0,-0.6455158591270447
6149374976.0,-0.6411852836608887
6150312448.0,-0.6386271715164185
6151249920.0,-0.6353964805603027
6152187392.0,-0.6342777013778687
6153124864.0,-0.6326252222061157
6154062336.0,-0.63276207447052
6154999808.0,-0.6314892172813416
6155937280.0,-0.6318198442459106
6156874752.0,-0.6325715184211731
6157812736.0,-0.6346737742424011
6158750208.0,-0.6363512873649597
6159687680.0,-0.6388170123100281
6160625152.0,-0.6403895616531372
6161562624.0,-0.6433832049369812
6162500096.0,-0.6473034024238586
6163437568.0,-0.6506367921829224
6164375040.0,-0.6547110676765442
6165312512.0,-0.6605703830718994
6166249984.0,-0.665197491645813
6167187456.0,-0.6702792048454285
6168124928.0,-0.6768481135368347
6169062400.0,-0.6823544502258301
6169999872.0,-0.6877617835998535
6170937344.0,-0.6937849521636963
6171874816.0,-0.6996470093727112
6172812288.0,-0.7055770754814148
6173749760.0,-0.7122969031333923
6174687744.0,-0.7185716032981873
6175625216.0,-0.7260822653770447
6176562688.0,-0.7338287234306335
6177500160.0,-0.7402937412261963
6178437632.0,-0.7481457591056824
6179375104.0,-0.7566950917243958
6180312576.0,-0.7647907733917236
6181250048.0,-0.7714117169380188
6182187520.0,-0.7805935144424438
6183124992.0,-0.7881695628166199
6184062464.0,-0.7947490215301514
6184999936.0,-0.6342286467552185
6185937408.0,-0.6540982127189636
6186874880.0,-0.6751157641410828
6187812352.0,-0.6944156885147095
6188749824.0,-0.7127403020858765
6189687296.0,-0.7317891716957092
6190624768.0,-0.7504377961158752
6191562752.0,-0.7670809030532837
6192500224.0,-0.7833146452903748
6193437696.0,-0.7995191216468811
6194375168.0,-0.8146188855171204
6195312640.0,-0.8285894989967346
6196250112.0,-0.8419593572616577
6197187584.0,-0.8542245626449585
6198125056.0,-0.8646550178527832
6199062528.0,-0.8735150098800659
6200000000.0,-0.8812386989593506
6200937472.0,-0.8873165249824524
6201874944.0,-0.8910384178161621
6202812416.0,-0.8934850692749023
6203749888.0,-0.8932322263717651
6204687360.0,-0.8920676708221436
6205624832.0,-0.8895042538642883
6206562304.0,-0.8849513530731201
6207499776.0,-0.8788074254989624
6208437248.0,-0.8713259100914001
6209375232.0,-0.8619982004165649
6210312704.0,-0.8516568541526794
6211250176.0,-0.8406692147254944
6212187648.0,-0.8277923464775085
6213125120.0,-0.8157622814178467
6214062592.0,-0.8022114634513855
6215000064.0,-0.7892796397209167
6215937536.0,-0.7742810845375061
6216875008.0,-0.7595046758651733
6217812480.0,-0.7448670864105225
6218749952.0,-0.7302922606468201
6219687424.0,-0.7154187560081482
6220624896.0,-0.7022616863250732
6221562368.0,-0.6882719397544861
6222499840.0,-0.6756848692893982
6223437312.0,-0.6624513268470764
6224374784.0,-0.6506975889205933
6225312256.0,-0.6391082406044006
6226250240.0,-0.6289920210838318
6227187712.0,-0.6199313402175903
6228125184.0,-0.6122381687164307
6229062656.0,-0.6056580543518066
6230000128.0,-0.6013999581336975
6230937600.0,-0.5978398323059082
6231875072.0,-0.5966278910636902
6232812544.0,-0.5962700843811035
6233750016.0,-0.5967496633529663
6234687488.0,-0.6005887389183044
6235624960.0,-0.6040116548538208
6236562432.0,-0.6077420711517334
6237499904.0,-0.6149940490722656
6238437376.0,-0.6228675842285156
6239374848.0,-0.6303551197052002
6240312320.0,-0.6389151811599731
6241249792.0,-0.64933180809021
6242187264.0,-0.6595643758773804
6243125248.0,-0.6704326868057251
6244062720.0,-0.6812764406204224
6245000192.0,-0.6866531372070312
6245937664.0,-0.6998291611671448
6246875136.0,-0.7125089168548584
6247812608.0,-0.7272054553031921
6248750080.0,-0.7412725687026978
6249687552.0,-0.756091833114624
6250625024.0,-0.770032525062561
6251562496.0,-0.785415768623352
6252499968.0,-0.7988768219947815
6253437440.0,-0.810589611530304
6254374912.0,-0.8219168782234192
6255312384.0,-0.8328404426574707
6256249856.0,-0.8422989249229431
6257187328.0,-0.8503057360649109
6258124800.0,-0.8589724898338318
6259062272.0,-0.8659003376960754
6259999744.0,-0.8734495043754578
6260937728.0,-0.8785397410392761
6261875200.0,-0.8837831616401672
6262812672.0,-0.8888287544250488
6263750144.0,-0.8913468718528748
6264687616.0,-0.8933023810386658
6265625088.0,-0.8936242461204529
6266562560.0,-0.8936217427253723
6267500032.0,-0.8935155868530273
6268437504.0,-0.8923876881599426
6269374976.0,-0.8906964659690857
6270312448.0,-0.8879275321960449
6271249920.0,-0.8841107487678528
6272187392.0,-0.8817682862281799
6273124864.0,-0.8778411149978638
6274062336.0,-0.8743314743041992
6274999808.0,-0.8708996772766113
6275937280.0,-0.8675114512443542
6276874752.0,-0.8649718165397644
6277812736.0,-0.861099123954773
6278750208.0,-0.8587626218795776
6279687680.0,-0.856302797794342
6280625152.0,-0.853193461894989
6281562624.0,-0.8509374260902405
6282500096.0,-0.848006546497345
6283437568.0,-0.8453418016433716
6284375040.0,-0.8427679538726807
6285312512.0,-0.8428760170936584
6286249984.0,-0.8433355093002319
6287187456.0,-0.8439133763313293
6288124928.0,-0.8474060893058777
6289062400.0,-0.8506826162338257
6289999872.0,-0.8534653782844543
6290937344.0,-0.8568574786186218
6291874816.0,-0.859642744064331
6292812288.0,-0.862377941608429
6293749760.0,-0.867758572101593
6294687744.0,-0.872463583946228
6295625216.0,-0.8779005408287048
6296562688.0,-0.8835962414741516
6297500160.0,-0.8905584812164307
6298437632.0,-0.8971318602561951
6299375104.0,-0.9055991172790527
6300312576.0,-0.9143961071968079
6301250048.0,-0.923223078250885
6302187520.0,-0.9346035122871399
6303124992.0,-0.9447966814041138
6304062464.0,-0.955314576625824
6304999936.0,-0.9830934405326843
6305937408.0,-0.9941611289978027
6306874880.0,-1.0042638778686523
6307812352.0,-1.014987826347351
6308749824.0,-1.0258888006210327
6309687296.0,-1.0359481573104858
6310624768.0,-1.0456105470657349
6311562752.0,-1.0565427541732788
6312500224.0,-1.0654821395874023
6313437696.0,-1.0733146667480469
6314375168.0,-1.083155632019043
6315312640.0,-1.0924818515777588
6316250112.0,-1.102782130241394
6317187584.0,-1.112687587738037
6318125056.0,-1.1240178346633911
6319062528.0,-1.1346843242645264
6320000000.0,-1.1461071968078613
6320937472.0,-1.1570096015930176
6321874944.0,-1.169532060623169
6322812416.0,-1.1819593906402588
6323749888.0,-1.1940717697143555
6324687360.0,-1.2046970129013062
6325624832.0,-1.2159885168075562
6326562304.0,-1.226353406906128
6327499776.0,-1.236464500427246
6328437248.0,-1.2461739778518677
6329375232.0,-1.2536600828170776
6330312704.0,-1.2609285116195679
6331250176.0,-1.267745852470398
6332187648.0,-1.2729393243789673
6333125120.0,-1.2762612104415894
6334062592.0,-1.2789736986160278
6335000064.0,-1.2798031568527222
6335937536.0,-1.281144618988037
6336875008.0,-1.2811087369918823
6337812480.0,-1.2798855304718018
6338749952.0,-1.278725028038025
6339687424.0,-1.275044322013855
6340624896.0,-1.2721116542816162
6341562368.0,-1.2654187679290771
6342499840.0,-1.2587189674377441
6343437312.0,-1.2497197389602661
6344374784.0,-1.2403360605239868
6345312256.0,-1.2299978733062744
6346250240.0,-1.217997670173645
6347187712.0,-1.2067469358444214
6348125184.0,-1.1949052810668945
6349062656.0,-1.1826978921890259
6350000128.0,-1.1714986562728882
6350937600.0,-1.1586812734603882
6351875072.0,-1.1464815139770508
6352812544.0,-1.1334655284881592
6353750016.0,-1.1210616827011108
6354687488.0,-1.108400821685791
6355624960.0,-1.094717264175415
6356562432.0,-1.0840331315994263
6357499904.0,-1.0724434852600098
6358437376.0,-1.0615562200546265
6359374848.0,-1.051729679107666
6360312320.0,-1.0434085130691528
6361249792.0,-1.0360316038131714
6362187264.0,-1.0287905931472778
6363125248.0,-1.0226315259933472
6364062720.0,-1.020119309425354
6365000192.0,-1.3880151510238647
6365937664.0,-1.4024163484573364
6366875136.0,-1.417262315750122
6367812608.0,-1.432051658630371
6368750080.0,-1.4460902214050293
6369687552.0,-1.4594295024871826
6370625024.0,-1.4722516536712646
6371562496.0,-1.4868007898330688
6372499968.0,-1.5003862380981445
6373437440.0,-1.5132619142532349
6374374912.0,-1.5262205600738525
6375312384.0,-1.5365231037139893
6376249856.0,-1.5460814237594604
6377187328.0,-1.5551918745040894
6378124800.0,-1.5622377395629883
6379062272.0,-1.5688235759735107
6380000256.0,-1.5742193460464478
6380937728.0,-1.5767747163772583
6381875200.0,-1.5792388916015625
6382812672.0,-1.5808779001235962
6383750144.0,-1.58158278465271
6384687616.0,-1.5806951522827148
6385625088.0,-1.5795490741729736
6386562560.0,-1.5777027606964111
6387500032.0,-1.5752642154693604
6388437504.0,-1.5711127519607544
6389374976.0,-1.5661909580230713
6390312448.0,-1.560836672782898
6391249920.0,-1.5543735027313232
6392187392.0,-1.5473339557647705
6393124864.0,-1.538238763809204
6394062336.0,-1.5281219482421875
6394999808.0,-1.5156086683273315
6395937280.0,-1.5035505294799805
6396874752.0,-1.4910297393798828
6397812736.0,-1.478678822517395
6398750208.0,-1.4682432413101196
6399687680.0,-1.4595409631729126
6400625152.0,-1.450190782546997
6401562624.0,-1.4434579610824585
6402500096.0,-1.4379258155822754
6403437568.0,-1.4351249933242798
6404375040.0,-1.434717059135437
6405312512.0,-1.4360148906707764
6406249984.0,-1.4419896602630615
6407187456.0,-1.4478822946548462
6408124928.0,-1.4559180736541748
6409062400.0,-1.4650543928146362
6409999872.0,-1.4731062650680542
6410937344.0,-1.4835658073425293
6411874816.0,-1.4958018064498901
6412812288.0,-1.5075786113739014
6413749760.0,-1.522265076637268
6414687744.0,-1.5391027927398682
6415625216.0,-1.5568739175796509
6416562688.0,-1.5778861045837402
6417500160.0,-1.5994943380355835
6418437632.0,-1.624030351638794
6419375104.0,-1.6494585275650024
6420312576.0,-1.6761671304702759
6421250048.0,-1.7046912908554077
6422187520.0,-1.7328181266784668
6423124992.0,-1.7636452913284302
6424062464.0,-1.7945749759674072
6424999936.0,-1.829202651977539
6425937408.0,-1.86031973361969
6426874880.0,-1.8920912742614746
6427812352.0,-1.9234395027160645
6428749824.0,-1.9549343585968018
6429687296.0,-1.985085129737854
6430624768.0,-2.0165867805480957
6431562752.0,-2.0446250438690186
6432500224.0,-2.07466721534729
6433437696.0,-2.103454828262329
6434375168.0,-2.132700204849243
6435312640.0,-2.159738063812256
6436250112.0,-2.186565399169922
6437187584.0,-2.2097675800323486
6438125056.0,-2.2321417331695557
6439062528.0,-2.252781629562378
6440000000.0,-2.2726476192474365
6440937472.0,-2.292095422744751
6441874944.0,-2.3104965686798096
6442812416.0,-2.3276491165161133
6443749888.0,-2.344282388687134
6444687360.0,-2.3565902709960938
6445624832.0,-2.3688175678253174
6446562304.0,-2.3786535263061523
6447499776.0,-2.3870062828063965
6448437248.0,-2.391517162322998
6449375232.0,-2.396674633026123
6450312704.0,-2.3988845348358154
6451250176.0,-2.399062156677246
6452187648.0,-2.3982455730438232
6453125120.0,-2.3962740898132324
6454062592.0,-2.3925178050994873
6455000064.0,-2.388658046722412
6455937536.0,-2.3832311630249023
6456875008.0,-2.3786633014678955
6457812480.0,-2.3732709884643555
6458749952.0,-2.3690178394317627
6459687424.0,-2.363363265991211
6460624896.0,-2.358370304107666
6461562368.0,-2.352621078491211
6462499840.0,-2.347346544265747
6463437312.0,-2.3434033393859863
6464374784.0,-2.342399835586548
6465312256.0,-2.3425421714782715
6466250240.0,-2.342846155166626
6467187712.0,-2.3444743156433105
6468125184.0,-2.3458163738250732
6469062656.0,-2.34700608253479
6470000128.0,-2.3521687984466553
6470937600.0,-2.3590235710144043
6471875072.0,-2.367420196533203
6472812544.0,-2.378885269165039
6473750016.0,-2.389331340789795
6474687488.0,-2.4005892276763916
6475624960.0,-2.412890672683716
6476562432.0,-2.430114984512329
6477499904.0,-2.448744773864746
6478437376.0,-2.4712624549865723
6479374848.0,-2.4957945346832275
6480312320.0,-2.5246620178222656
6481249792.0,-2.55403733253479
6482187264.0,-2.5857222080230713
6483125248.0,-2.6180288791656494
6484062720.0,-2.6526029109954834
6485000192.0,-2.756021022796631
6485937664.0,-2.7834348678588867
6486875136.0,-2.811112880706787
6487812608.0,-2.8387022018432617
6488750080.0,-2.8673243522644043
6489687552.0,-2.895225763320923
6490625024.0,-2.923051357269287
6491562496.0,-2.952026844024658
6492499968.0,-2.980882167816162
6493437440.0,-3.009918212890625
6494374912.0,-3.038249969482422
6495312384.0,-3.066704750061035
6496249856.0,-3.096937417984009
6497187328.0,-3.12400221824646
6498124800.0,-3.15453839302063
6499062272.0,-3.18277907371521
6499999744.0,-3.2117362022399902
6500937728.0,-3.2414417266845703
6501875200.0,-3.2689030170440674
6502812672.0,-3.296116828918457
6503750144.0,-3.3223984241485596
6504687616.0,-3.3478801250457764
6505625088.0,-3.3732645511627197
6506562560.0,-3.3947744369506836
6507500032.0,-3.41791033744812
6508437504.0,-3.4405927658081055
6509374976.0,-3.4650089740753174
6510312448.0,-3.4905450344085693
6511249920.0,-3.5166096687316895
6512187392.0,-3.545248031616211
6513124864.0,-3.5760204792022705
6514062336.0,-3.6078648567199707
6514999808.0,-3.641227960586548
6515937280.0,-3.6738739013671875
6516874752.0,-3.7070093154907227
6517812736.0,-3.740293264389038
6518750208.0,-3.7740747928619385
6519687680.0,-3.8067615032196045
6520625152.0,-3.839264154434204
6521562624.0,-3.871570348739624
6522500096.0,-3.903681516647339
6523437568.0,-3.9366583824157715
6524375040.0,-3.9713549613952637
6525312512.0,-4.009636402130127
6526249984.0,-4.048084259033203
6527187456.0,-4.088562488555908
6528124928.0,-4.129334449768066
6529062400.0,-4.172900676727295
6529999872.0,-4.220910549163818
6530937344.0,-4.269275188446045
6531874816.0,-4.319392204284668
6532812288.0,-4.367194652557373
6533749760.0,-4.413297176361084
6534687744.0,-4.4594573974609375
6535625216.0,-4.504753589630127
6536562688.0,-4.550408840179443
6537500160.0,-4.596706867218018
6538437632.0,-4.643014430999756
6539375104.0,-4.687647819519043
6540312576.0,-4.730907917022705
6541250048.0,-4.7735114097595215
6542187520.0,-4.815901756286621
6543124992.0,-4.858150005340576
6544062464.0,-4.899180889129639
6544999936.0,-4.932549476623535
6545937408.0,-4.973626136779785
6546874880.0,-5.017457008361816
6547812352.0,-5.060693264007568
6548749824.0,-5.105592250823975
6549687296.0,-5.150388240814209
6550624768.0,-5.198214054107666
6551562752.0,-5.246742248535156
6552500224.0,-5.29847526550293
6553437696.0,-5.350106239318848
6554375168.0,-5.401590347290039
6555312640.0,-5.453615665435791
6556250112.0,-5.504322052001953
6557187584.0,-5.554245471954346
6558125056.0,-5.605431079864502
6559062528.0,-5.656618595123291
6560000000.0,-5.711048126220703
6560937472.0,-5.765328407287598
6561874944.0,-5.823606967926025
6562812416.0,-5.880428791046143
6563749888.0,-5.9422607421875
6564687360.0,-6.001104831695557
6565624832.0,-6.060941219329834
6566562304.0,-6.122910499572754
6567499776.0,-6.181830406188965
6568437248.0,-6.241199970245361
6569375232.0,-6.301848411560059
6570312704.0,-6.365893840789795
6571250176.0,-6.43229341506958
6572187648.0,-6.5043768882751465
6573125120.0,-6.5790863037109375
6574062592.0,-6.65968656539917
6575000064.0,-6.740616798400879
6575937536.0,-6.824580192565918
6576875008.0,-6.911594867706299
6577812480.0,-7.001742362976074
6578749952.0,-7.0941009521484375
6579687424.0,-7.189669609069824
6580624896.0,-7.284256935119629
6581562368.0,-7.376183986663818
6582499840.0,-7.465510845184326
6583437312.0,-7.553643703460693
6584374784.0,-7.6359100341796875
6585312256.0,-7.714029312133789
6586250240.0,-7.791767597198486
6587187712.0,-7.868743896484375
6588125184.0,-7.94765043258667
6589062656.0,-8.031628608703613
6590000128.0,-8.120166778564453
6590937600.0,-8.211962699890137
6591875072.0,-8.305031776428223
6592812544.0,-8.399752616882324
6593750016.0,-8.495043754577637
6594687488.0,-8.591081619262695
6595624960.0,-8.686135292053223
6596562432.0,-8.784283638000488
6597499904.0,-8.886786460876465
6598437376.0,-8.991303443908691
6599374848.0,-9.102104187011719
6600312320.0,-9.21757984161377
6601249792.0,-9.333364486694336
6602187264.0,-9.453262329101562
6603125248.0,-9.571682929992676
6604062720.0,-9.686838150024414
6605000192.0,-9.792399406433105
6605937664.0,-9.895089149475098
6606875136.0,-9.994409561157227
6607812608.0,-10.0946683883667
6608750080.0,-10.191650390625
6609687552.0,-10.29159164428711
6610625024.0,-10.392141342163086
6611562496.0,-10.4915771484375
6612499968.0,-10.588677406311035
6613437440.0,-10.680185317993164
6614374912.0,-10.762529373168945
6615312384.0,-10.843770980834961
6616249856.0,-10.926396369934082
6617187328.0,-11.011356353759766
6618124800.0,-11.094674110412598
6619062272.0,-11.177005767822266
6620000256.0,-11.259095191955566
6620937728.0,-11.335373878479004
6621875200.0,-11.405019760131836
6622812672.0,-11.466435432434082
6623750144.0,-11.514542579650879
6624687616.0,-11.55517578125
6625625088.0,-11.584574699401855
6626562560.0,-11.608663558959961
6627500032.0,-11.629903793334961
6628437504.0,-11.644027709960938
6629374976.0,-11.6500244140625
6630312448.0,-11.651077270507812
6631249920.0,-11.645330429077148
6632187392.0,-11.640225410461426
6633124864.0,-11.64002513885498
6634062336.0,-11.638426780700684
6634999808.0,-11.64349365234375
6635937280.0,-11.649737358093262
6636874752.0,-11.65481185913086
6637812736.0,-11.65540885925293
6638750208.0,-11.648569107055664
6639687680.0,-11.62867259979248
6640625152.0,-11.602802276611328
6641562624.0,-11.560962677001953
6642500096.0,-11.512059211730957
6643437568.0,-11.455680847167969
6644375040.0,-11.396839141845703
6645312512.0,-11.33287525177002
6646249984.0,-11.263401985168457
6647187456.0,-11.196362495422363
6648124928.0,-11.119543075561523
6649062400.0,-11.034000396728516
6649999872.0,-10.942986488342285
6650937344.0,-10.84650993347168
6651874816.0,-10.751777648925781
6652812288.0,-10.662589073181152
6653749760.0,-10.57383918762207
6654687744.0,-10.488187789916992
6655625216.0,-10.395488739013672
6656562688.0,-10.304743766784668
6657500160.0,-10.206293106079102
6658437632.0,-10.102246284484863
6659375104.0,-9.985991477966309
6660312576.0,-9.870804786682129
6661250048.0,-9.751784324645996
6662187520.0,-9.639901161193848
6663124992.0,-9.526841163635254
6664062464.0,-9.424285888671875
6664999936.0,-9.309761047363281
6665937408.0,-9.212563514709473
6666874880.0,-9.114943504333496
6667812352.0,-9.01574420928955
6668749824.0,-8.914974212646484
6669687296.0,-8.81076717376709
6670624768.0,-8.708538055419922
6671562752.0,-8.602560997009277
6672500224.0,-8.500831604003906
6673437696.0,-8.40288257598877
6674375168.0,-8.304768562316895
6675312640.0,-8.209504127502441
6676250112.0,-8.111249923706055
6677187584.0,-8.006209373474121
6678125056.0,-7.89955472946167
6679062528.0,-7.796793460845947
6680000000.0,-7.695301055908203
6680937472.0,-7.595710277557373
6681874944.0,-7.501448154449463
6682812416.0,-7.41180944442749
6683749888.0,-7.320158004760742
6684687360.0,-7.234699249267578
6685624832.0,-7.153098106384277
6686562304.0,-7.073642730712891
6687499776.0,-6.998865127563477
6688437248.0,-6.929018020629883
6689375232.0,-6.860166072845459
6690312704.0,-6.795690536499023
6691250176.0,-6.733621597290039
6692187648.0,-6.673592567443848
6693125120.0,-6.612957954406738
6694062592.0,-6.554574966430664
6695000064.0,-6.500097274780273
6695937536.0,-6.445204257965088
6696875008.0,-6.390957832336426
6697812480.0,-6.33453893661499
6698749952.0,-6.27834415435791
6699687424.0,-6.221335411071777
6700624896.0,-6.167358875274658
6701562368.0,-6.112595081329346
6702499840.0,-6.0580735206604
6703437312.0,-6.004395961761475
6704374784.0,-5.950124740600586
6705312256.0,-5.897322177886963
6706250240.0,-5.841876029968262
6707187712.0,-5.7867841720581055
6708125184.0,-5.731339931488037
6709062656.0,-5.674749851226807
6710000128.0,-5.618012428283691
6710937600.0,-5.558920860290527
6711875072.0,-5.498620510101318
6712812544.0,-5.434305667877197
6713750016.0,-5.369117736816406
6714687488.0,-5.301599025726318
6715624960.0,-5.2345194816589355
6716562432.0,-5.166540622711182
6717499904.0,-5.0985941886901855
6718437376.0,-5.032551288604736
6719374848.0,-4.967836856842041
6720312320.0,-4.901810169219971
6721249792.0,-4.837820053100586
6722187264.0,-4.7739434242248535
6723125248.0,-4.713116645812988
6724062720.0,-4.651117324829102
6725000192.0,-4.371490478515625
6725937664.0,-4.3014302253723145
6726875136.0,-4.231729030609131
6727812608.0,-4.164539337158203
6728750080.0,-4.09907341003418
6729687552.0,-4.036964416503906
6730625024.0,-3.9786834716796875
6731562496.0,-3.9200236797332764
6732499968.0,-3.8647642135620117
6733437440.0,-3.8102951049804688
6734374912.0,-3.7558600902557373
6735312384.0,-3.704554557800293
6736249856.0,-3.651998519897461
6737187328.0,-3.603992462158203
6738124800.0,-3.5586631298065186
6739062272.0,-3.5161640644073486
6739999744.0,-3.478933095932007
6740937728.0,-3.4457075595855713
6741875200.0,-3.4124157428741455
6742812672.0,-3.3826563358306885
6743750144.0,-3.3530433177948
6744687616.0,-3.325932741165161
6745625088.0,-3.2996015548706055
6746562560.0,-3.2741360664367676
6747500032.0,-3.2530927658081055
6748437504.0,-3.2301790714263916
6749374976.0,-3.208167791366577
6750312448.0,-3.186863899230957
6751249920.0,-3.1664493083953857
6752187392.0,-3.146967649459839
6753124864.0,-3.1288371086120605
6754062336.0,-3.110365152359009
6754999808.0,-3.092961311340332
6755937280.0,-3.074455976486206
6756874752.0,-3.0567846298217773
6757812736.0,-3.040147066116333
6758750208.0,-3.022625684738159
6759687680.0,-3.004762649536133
6760625152.0,-2.987579345703125
6761562624.0,-2.969430923461914
6762500096.0,-2.9498560428619385
6763437568.0,-2.9295766353607178
6764375040.0,-2.910320520401001
6765312512.0,-2.886023998260498
6766249984.0,-2.862448215484619
6767187456.0,-2.8377082347869873
6768124928.0,-2.810676097869873
6769062400.0,-2.783005475997925
6769999872.0,-2.752605676651001
6770937344.0,-2.722334384918213
6771874816.0,-2.690735340118408
6772812288.0,-2.660144329071045
6773749760.0,-2.627612590789795
6774687744.0,-2.595930337905884
6775625216.0,-2.56473445892334
6776562688.0,-2.5337629318237305
6777500160.0,-2.50278639793396
6778437632.0,-2.4769132137298584
6779375104.0,-2.4489645957946777
6780312576.0,-2.420217275619507
6781250048.0,-2.3905673027038574
6782187520.0,-2.3611958026885986
6783124992.0,-2.3326916694641113
6784062464.0,-2.3034534454345703
6784999936.0,-2.2816200256347656
6785937408.0,-2.246701717376709
6786874880.0,-2.2150485515594482
6787812352.0,-2.1833529472351074
6788749824.0,-2.1516921520233154
6789687296.0,-2.1222593784332275
6790624768.0,-2.0940611362457275
6791562752.0,-2.0653061866760254
6792500224.0,-2.0385358333587646
6793437696.0,-2.0127696990966797
6794375168.0,-1.9892115592956543
6795312640.0,-1.9675731658935547
6796250112.0,-1.9463255405426025
6797187584.0,-1.9268460273742676
6798125056.0,-1.906712532043457
6799062528.0,-1.8897502422332764
6800000000.0,-1.8725266456604004
6800937472.0,-1.856992483139038
6801874944.0,-1.8426735401153564
6802812416.0,-1.8282278776168823
6803749888.0,-1.8164339065551758
6804687360.0,-1.804947018623352
6805624832.0,-1.7918838262557983
6806562304.0,-1.7805031538009644
6807499776.0,-1.7686104774475098
6808437248.0,-1.7574987411499023
6809375232.0,-1.7456854581832886
6810312704.0,-1.7356401681900024
6811250176.0,-1.7242554426193237
6812187648.0,-1.7115693092346191
6813125120.0,-1.6983726024627686
6814062592.0,-1.6858772039413452
6815000064.0,-1.6726616621017456
6815937536.0,-1.6585034132003784
6816875008.0,-1.6443850994110107
6817812480.0,-1.6297732591629028
6818749952.0,-1.6139386892318726
6819687424.0,-1.5986546277999878
6820624896.0,-1.5819027423858643
6821562368.0,-1.5646909475326538
6822499840.0,-1.5459791421890259
6823437312.0,-1.5259919166564941
6824374784.0,-1.505791187286377
6825312256.0,-1.4846351146697998
6826250240.0,-1.463352084159851
6827187712.0,-1.4422471523284912
6828125184.0,-1.4203368425369263
6829062656.0,-1.3986629247665405
6830000128.0,-1.3765738010406494
6830937600.0,-1.3538777828216553
6831875072.0,-1.3313210010528564
6832812544.0,-1.3073633909225464
6833750016.0,-1.2857825756072998
6834687488.0,-1.2637531757354736
6835624960.0,-1.242072343826294
6836562432.0,-1.2228323221206665
6837499904.0,-1.202736258506775
6838437376.0,-1.1843161582946777
6839374848.0,-1.1657146215438843
6840312320.0,-1.1496150493621826
6841249792.0,-1.1327866315841675
6842187264.0,-1.11846125125885
6843125248.0,-1.1067787408828735
6844062720.0,-1.094050645828247
6845000192.0,-1.0563699007034302
6845937664.0,-1.0469999313354492
6846875136.0,-1.0388596057891846
6847812608.0,-1.030795931816101
6848750080.0,-1.025675654411316
6849687552.0,-1.0208942890167236
6850625024.0,-1.0187582969665527
6851562496.0,-1.0170295238494873
6852499968.0,-1.0177792310714722
6853437440.0,-1.0199707746505737
6854374912.0,-1.021095633506775
6855312384.0,-1.0253183841705322
6856249856.0,-1.0285680294036865
6857187328.0,-1.033771276473999
6858124800.0,-1.039624810218811
6859062272.0,-1.0466876029968262
6860000256.0,-1.0544847249984741
6860937728.0,-1.0629265308380127
6861875200.0,-1.072354793548584
6862812672.0,-1.0830655097961426
6863750144.0,-1.0933932065963745
6864687616.0,-1.104775309562683
6865625088.0,-1.1160470247268677
6866562560.0,-1.1266086101531982
6867500032.0,-1.1366887092590332
6868437504.0,-1.14649498462677
6869374976.0,-1.1554615497589111
6870312448.0,-1.165023922920227
6871249920.0,-1.1719504594802856
6872187392.0,-1.1784892082214355
6873124864.0,-1.1839021444320679
6874062336.0,-1.1877896785736084
6874999808.0,-1.1906681060791016
6875937280.0,-1.192032814025879
6876874752.0,-1.1905255317687988
6877812736.0,-1.1883608102798462
6878750208.0,-1.183652639389038
6879687680.0,-1.1756125688552856
6880625152.0,-1.1648629903793335
6881562624.0,-1.1520198583602905
6882500096.0,-1.1363823413848877
6883437568.0,-1.1193764209747314
6884375040.0,-1.1006498336791992
6885312512.0,-1.0794092416763306
6886249984.0,-1.0570777654647827
6887187456.0,-1.0318307876586914
6888124928.0,-1.0064125061035156
6889062400.0,-0.9797303676605225
6889999872.0,-0.9522665739059448
6890937344.0,-0.9229450225830078
6891874816.0,-0.8928312063217163
6892812288.0,-0.8651975989341736
6893749760.0,-0.8343963027000427
6894687744.0,-0.8037043809890747
6895625216.0,-0.774114191532135
6896562688.0,-0.7442386746406555
6897500160.0,-0.7139131426811218
6898437632.0,-0.6848664283752441
6899375104.0,-0.6573633551597595
6900312576.0,-0.6304519176483154
6901250048.0,-0.6039106845855713
6902187520.0,-0.5786907076835632
6903124992.0,-0.55450040102005
6904062464.0,-0.5302951335906982
6904999936.0,-0.4919663965702057
6905937408.0,-0.48798903822898865
6906874880.0,-0.48441004753112793
6907812352.0,-0.4818650484085083
6908749824.0,-0.4815010130405426
6909687296.0,-0.48180490732192993
6910624768.0,-0.4840439260005951
6911562752.0,-0.4878334701061249
6912500224.0,-0.49138033390045166
6913437696.0,-0.49708494544029236
6914375168.0,-0.5040040016174316
6915312640.0,-0.5105218291282654
6916250112.0,-0.5172849893569946
6917187584.0,-0.5253392457962036
6918125056.0,-0.5340557098388672
6919062528.0,-0.5424761772155762
6920000000.0,-0.5501094460487366
6920937472.0,-0.5596089959144592
6921874944.0,-0.5688291788101196
6922812416.0,-0.5775686502456665
6923749888.0,-0.5865983963012695
6924687360.0,-0.5952192544937134
6925624832.0,-0.6031528115272522
6926562304.0,-0.6108889579772949
6927499776.0,-0.6183160543441772
6928437248.0,-0.6250869631767273
6929375232.0,-0.6329212784767151
6930312704.0,-0.639586865901947
6931250176.0,-0.6482475399971008
6932187648.0,-0.6564983129501343
6933125120.0,-0.6635364890098572
6934062592.0,-0.6702229380607605
6935000064.0,-0.6779419183731079
6935937536.0,-0.6824206113815308
6936875008.0,-0.6877463459968567
6937812480.0,-0.6921408176422119
6938749952.0,-0.6959146857261658
6939687424.0,-0.6987362504005432
6940624896.0,-0.701130747795105
6941562368.0,-0.7015056014060974
6942499840.0,-0.7013565897941589
6943437312.0,-0.7008267641067505
6944374784.0,-0.6983972787857056
6945312256.0,-0.6955929398536682
6946250240.0,-0.6913163661956787
6947187712.0,-0.6866829991340637
6948125184.0,-0.6802029609680176
6949062656.0,-0.6741616725921631
6950000128.0,-0.6662877202033997
6950937600.0,-0.6581712365150452
6951875072.0,-0.6496115922927856
6952812544.0,-0.6396285891532898
6953750016.0,-0.6286046504974365
6954687488.0,-0.6172937154769897
6955624960.0,-0.6050665974617004
6956562432.0,-0.5938460826873779
6957499904.0,-0.582867443561554
6958437376.0,-0.5706989765167236
6959374848.0,-0.5575876235961914
6960312320.0,-0.5435630679130554
6961249792.0,-0.5292870998382568
6962187264.0,-0.5141759514808655
6963125248.0,-0.4979736804962158
6964062720.0,-0.48252859711647034
6965000192.0,-0.40456756949424744
6965937664.0,-0.39530402421951294
6966875136.0,-0.3875109553337097
6967812608.0,-0.3804895579814911
6968750080.0,-0.37270575761795044
6969687552.0,-0.3665136694908142
6970625024.0,-0.35931214690208435
6971562496.0,-0.3537473976612091
6972499968.0,-0.3469966650009155
6973437440.0,-0.3428429067134857
6974374912.0,-0.33861619234085083
6975312384.0,-0.33532944321632385
6976249856.0,-0.3317444920539856
6977187328.0,-0.32983535528182983
6978124800.0,-0.3295516073703766
6979062272.0,-0.3283482491970062
6979999744.0,-0.32987457513809204
6980937728.0,-0.33155328035354614
6981875200.0,-0.3336515426635742
6982812672.0,-0.3358410894870758
6983750144.0,-0.34101778268814087
6984687616.0,-0.34529533982276917
6985625088.0,-0.3518141806125641
6986562560.0,-0.3589502274990082
6987500032.0,-0.36832836270332336
6988437504.0,-0.37791040539741516
6989374976.0,-0.38878321647644043
6990312448.0,-0.3998590409755707
6991249920.0,-0.41183215379714966
6992187392.0,-0.42412805557250977
6993124864.0,-0.4372716546058655
6994062336.0,-0.44949865341186523
6994999808.0,-0.4627191424369812
6995937280.0,-0.47457724809646606
6996874752.0,-0.48627203702926636
6997812736.0,-0.49816611409187317
6998750208.0,-0.5112044215202332
6999687680.0,-0.5220835208892822
7000625152.0,-0.5324681997299194
7001562624.0,-0.5415096282958984
7002500096.0,-0.5498470664024353
7003437568.0,-0.5570921301841736
7004375040.0,-0.5638905763626099
7005312512.0,-0.5675824284553528
7006249984.0,-0.5713898539543152
7007187456.0,-0.5738236308097839
7008124928.0,-0.5738754272460938
7009062400.0,-0.5744612216949463
7009999872.0,-0.5718616247177124
7010937344.0,-0.568041980266571
7011874816.0,-0.5647580623626709
7012812288.0,-0.5598642826080322
7013749760.0,-0.5545695424079895
7014687744.0,-0.546093225479126
7015625216.0,-0.5398082733154297
7016562688.0,-0.5309270024299622
7017500160.0,-0.5210880041122437
7018437632.0,-0.5113611817359924
7019375104.0,-0.5034363269805908
7020312576.0,-0.49407532811164856
7021250048.0,-0.4846652150154114
7022187520.0,-0.47513335943222046
7023124992.0,-0.4658241271972656
7024062464.0,-0.45662739872932434
7024999936.0,-0.42837411165237427
7025937408.0,-0.421017050743103
7026874880.0,-0.4142235219478607
7027812352.0,-0.40759795904159546
7028749824.0,-0.40266934037208557
7029687296.0,-0.3981133997440338
7030624768.0,-0.39641281962394714
7031562752.0,-0.3941604197025299
7032500224.0,-0.3938218951225281
7033437696.0,-0.39609208703041077
7034375168.0,-0.39889734983444214
7035312640.0,-0.4018598794937134
7036250112.0,-0.4077264368534088
7037187584.0,-0.4139336049556732
7038125056.0,-0.42222490906715393
7039062528.0,-0.4294469356536865
7040000000.0,-0.4382649064064026
7040937472.0,-0.44897255301475525
7041874944.0,-0.4597577750682831
7042812416.0,-0.470517098903656
7043749888.0,-0.4790816605091095
7044687360.0,-0.48790785670280457
7045624832.0,-0.49636879563331604
7046562304.0,-0.5037972927093506
7047499776.0,-0.5109632015228271
7048437248.0,-0.5161622762680054
7049375232.0,-0.5200768113136292
7050312704.0,-0.523171603679657
7051250176.0,-0.5243086218833923
7052187648.0,-0.5238232612609863
7053125120.0,-0.5208064317703247
7054062592.0,-0.5158619284629822
7055000064.0,-0.5102676749229431
7055937536.0,-0.500842273235321
7056875008.0,-0.4914169907569885
7057812480.0,-0.47878366708755493
7058749952.0,-0.46415090560913086
7059687424.0,-0.44661831855773926
7060624896.0,-0.42949897050857544
7061562368.0,-0.4101574122905731
7062499840.0,-0.3901761472225189
7063437312.0,-0.36930641531944275
7064374784.0,-0.3474963307380676
7065312256.0,-0.32544395327568054
7066250240.0,-0.30287688970565796
7067187712.0,-0.279916375875473
7068125184.0,-0.25938087701797485
7069062656.0,-0.23901621997356415
7070000128.0,-0.21861831843852997
7070937600.0,-0.19996997714042664
7071875072.0,-0.1814010590314865
7072812544.0,-0.1654706746339798
7073750016.0,-0.1507904976606369
7074687488.0,-0.13759225606918335
7075624960.0,-0.12623757123947144
7076562432.0,-0.1160174161195755
7077499904.0,-0.10827286541461945
7078437376.0,-0.10200171172618866
7079374848.0,-0.09959807991981506
7080312320.0,-0.09751705825328827
7081249792.0,-0.0997675433754921
7082187264.0,-0.10479897260665894
7083125248.0,-0.11134789139032364
7084062720.0,-0.11963129788637161
7085000192.0,-0.2744115889072418
7085937664.0,-0.2869330644607544
7086875136.0,-0.300976037979126
7087812608.0,-0.3159317076206207
7088750080.0,-0.33355361223220825
7089687552.0,-0.35172155499458313
7090625024.0,-0.37269237637519836
7091562496.0,-0.3948212265968323
7092499968.0,-0.4193198084831238
7093437440.0,-0.4450628161430359
7094374912.0,-0.4724920392036438
7095312384.0,-0.5024458765983582
7096249856.0,-0.5334761142730713
7097187328.0,-0.5665076971054077
7098124800.0,-0.5993821024894714
7099062272.0,-0.634114682674408
7100000256.0,-0.6674732565879822
7100937728.0,-0.7007587552070618
7101875200.0,-0.7340602278709412
7102812672.0,-0.7662965059280396
7103750144.0,-0.796212911605835
7104687616.0,-0.8244885802268982
7105625088.0,-0.8511307239532471
7106562560.0,-0.8733389377593994
7107500032.0,-0.8945052623748779
7108437504.0,-0.9099297523498535
7109374976.0,-0.9222614169120789
7110312448.0,-0.9322982430458069
7111249920.0,-0.938930094242096
7112187392.0,-0.9405629634857178
7113124864.0,-0.9380102753639221
7114062336.0,-0.9326655268669128
7114999808.0,-0.9221962094306946
7115937280.0,-0.9090789556503296
7116874752.0,-0.8906532526016235
7117812736.0,-0.8697446584701538
7118750208.0,-0.8457323908805847
7119687680.0,-0.8190687894821167
7120625152.0,-0.7895565629005432
7121562624.0,-0.7580974698066711
7122500096.0,-0.7239792346954346
7123437568.0,-0.6904950141906738
7124375040.0,-0.6552979946136475
7125312512.0,-0.6183522939682007
7126249984.0,-0.581692636013031
7127187456.0,-0.5456336140632629
7128124928.0,-0.509408175945282
7129062400.0,-0.4721100926399231
7129999872.0,-0.43804994225502014
7130937344.0,-0.403520405292511
7131874816.0,-0.3709544837474823
7132812288.0,-0.3397822082042694
7133749760.0,-0.3088438808917999
7134687744.0,-0.2818232476711273
7135625216.0,-0.25644785165786743
7136562688.0,-0.23255731165409088
7137500160.0,-0.2112666219472885
7138437632.0,-0.19126957654953003
7139375104.0,-0.17347389459609985
7140312576.0,-0.1576751172542572
7141250048.0,-0.1434786468744278
7142187520.0,-0.1316281110048294
7143124992.0,-0.12056782096624374
7144062464.0,-0.2137451022863388
7144999936.0,-0.21325556933879852
7145937408.0,-0.21415753662586212
7146874880.0,-0.2162562757730484
7147812352.0,-0.21946381032466888
7148749824.0,-0.22289913892745972
7149687296.0,-0.22655098140239716
7150624768.0,-0.23256900906562805
7151562752.0,-0.23918701708316803
7152500224.0,-0.24674199521541595
7153437696.0,-0.25705787539482117
7154375168.0,-0.2691601812839508
7155312640.0,-0.2829071879386902
7156250112.0,-0.3010037839412689
7157187584.0,-0.3205295205116272
7158125056.0,-0.34237906336784363
7159062528.0,-0.3681102395057678
7160000000.0,-0.39503714442253113
7160937472.0,-0.42172902822494507
7161874944.0,-0.44635629653930664
7162812416.0,-0.4658094048500061
7163749888.0,-0.4832618534564972
7164687360.0,-0.497089147567749
7165624832.0,-0.5086172819137573
7166562304.0,-0.5161318182945251
7167499776.0,-0.5229765772819519
7168437248.0,-0.5263625383377075
7169375232.0,-0.5294922590255737
7170312704.0,-0.5315749049186707
7171250176.0,-0.5332419276237488
7172187648.0,-0.5362516641616821
7173125120.0,-0.5399750471115112
7174062592.0,-0.5443658232688904
7175000064.0,-0.5520692467689514
7175937536.0,-0.5618246793746948
7176875008.0,-0.5740948915481567
7177812480.0,-0.5885410904884338
7178749952.0,-0.6042689085006714
7179687424.0,-0.623869776725769
7180624896.0,-0.6436391472816467
7181562368.0,-0.6641124486923218
7182499840.0,-0.6859840750694275
7183437312.0,-0.7070552110671997
7184374784.0,-0.7261011600494385
7185312256.0,-0.7456335425376892
7186250240.0,-0.7604819536209106
7187187712.0,-0.7753671407699585
7188125184.0,-0.7848886847496033
7189062656.0,-0.7916742563247681
7190000128.0,-0.7951675057411194
7190937600.0,-0.794359028339386
7191875072.0,-0.7899442911148071
7192812544.0,-0.7806423306465149
7193750016.0,-0.7681936621665955
7194687488.0,-0.752453088760376
7195624960.0,-0.7332339286804199
7196562432.0,-0.7126310467720032
7197499904.0,-0.6889508366584778
7198437376.0,-0.6643220782279968
7199374848.0,-0.6386229395866394
7200312320.0,-0.610923171043396
7201249792.0,-0.5850426554679871
7202187264.0,-0.5595236420631409
7203125248.0,-0.5343936085700989
7204062720.0,-0.6572920083999634
7205000192.0,-0.650218665599823
7205937664.0,-0.6437948346138
7206875136.0,-0.6413248181343079
7207812608.0,-0.6399267315864563
7208750080.0,-0.641403317451477
7209687552.0,-0.6452054977416992
7210625024.0,-0.6516584157943726
7211562496.0,-0.6637679934501648
7212499968.0,-0.6775602698326111
7213437440.0,-0.6930153965950012
7214374912.0,-0.7106350660324097
7215312384.0,-0.7293151617050171
7216249856.0,-0.7495039701461792
7217187328.0,-0.7698743343353271
7218124800.0,-0.7921227812767029
7219062272.0,-0.8132628798484802
7219999744.0,-0.834470808506012
7220937728.0,-0.8545650839805603
7221875200.0,-0.8732153177261353
7222812672.0,-0.890338659286499
7223750144.0,-0.9077116847038269
7224687616.0,-0.9211384654045105
7225625088.0,-0.9339214563369751
7226562560.0,-0.9465343356132507
7227500032.0,-0.9561898708343506
7228437504.0,-0.96343594789505
7229374976.0,-0.968848705291748
7230312448.0,-0.9721302390098572
7231249920.0,-0.9744123220443726
7232187392.0,-0.9745087027549744
7233124864.0,-0.9719182848930359
7234062336.0,-0.967475950717926
7234999808.0,-0.9634329676628113
7235937280.0,-0.957176923751831
7236874752.0,-0.9515953660011292
7237812736.0,-0.9456784725189209
7238750208.0,-0.9390232563018799
7239687680.0,-0.9332471489906311
7240625152.0,-0.9276291728019714
7241562624.0,-0.923355758190155
7242500096.0,-0.9189302325248718
7243437568.0,-0.9172612428665161
7244375040.0,-0.9155229330062866
7245312512.0,-0.915980875492096
7246249984.0,-0.9170777201652527
7247187456.0,-0.9210553765296936
7248124928.0,-0.9261805415153503
7249062400.0,-0.9320504665374756
7249999872.0,-0.9397728443145752
7250937344.0,-0.949201762676239
7251874816.0,-0.9598029255867004
7252812288.0,-0.9703236818313599
7253749760.0,-0.9840216636657715
7254687744.0,-0.9977537393569946
7255625216.0,-1.0128337144851685
7256562688.0,-1.0274096727371216
7257500160.0,-1.0431345701217651
7258437632.0,-1.0596624612808228
7259375104.0,-1.0788986682891846
7260312576.0,-1.0957984924316406
7261250048.0,-1.111367106437683
7262187520.0,-1.12759268283844
7263124992.0,-1.1415013074874878
7264062464.0,-1.171386480331421
7264999936.0,-1.1849145889282227
7265937408.0,-1.2002811431884766
7266874880.0,-1.2144451141357422
7267812352.0,-1.2281073331832886
7268749824.0,-1.2433408498764038
7269687296.0,-1.2564003467559814
7270624768.0,-1.2691410779953003
7271562752.0,-1.2808072566986084
7272500224.0,-1.292912483215332
7273437696.0,-1.3030191659927368
7274375168.0,-1.3119261264801025
7275312640.0,-1.3214038610458374
7276250112.0,-1.3286577463150024
7277187584.0,-1.333330750465393
7278125056.0,-1.3342417478561401
7279062528.0,-1.3341583013534546
7280000000.0,-1.3313602209091187
7280937472.0,-1.3261620998382568
7281874944.0,-1.3185774087905884
7282812416.0,-1.3085174560546875
7283749888.0,-1.2939058542251587
7284687360.0,-1.2780935764312744
7285624832.0,-1.259271502494812
7286562304.0,-1.2377777099609375
7287499776.0,-1.2151334285736084
7288437248.0,-1.1913537979125977
7289375232.0,-1.1632990837097168
7290312704.0,-1.135754108428955
7291250176.0,-1.1053650379180908
7292187648.0,-1.0735093355178833
7293125120.0,-1.0400973558425903
7294062592.0,-1.0065877437591553
7295000064.0,-0.9729282855987549
7295937536.0,-0.9365637898445129
7296875008.0,-0.9010277986526489
7297812480.0,-0.8663132190704346
7298749952.0,-0.8293741941452026
7299687424.0,-0.7926026582717896
7300624896.0,-0.7558314800262451
7301562368.0,-0.7198909521102905
7302499840.0,-0.6834734678268433
7303437312.0,-0.64860600233078
7304374784.0,-0.6133855581283569
7305312256.0,-0.5787458419799805
7306250240.0,-0.5450770258903503
7307187712.0,-0.512325644493103
7308125184.0,-0.4817171096801758
7309062656.0,-0.45225393772125244
7310000128.0,-0.42448386549949646
7310937600.0,-0.3981797695159912
7311875072.0,-0.37313348054885864
7312812544.0,-0.352931410074234
7313750016.0,-0.33502474427223206
7314687488.0,-0.3185582458972931
7315624960.0,-0.3031623363494873
7316562432.0,-0.28982099890708923
7317499904.0,-0.2780230939388275
7318437376.0,-0.26808515191078186
7319374848.0,-0.2594660222530365
7320312320.0,-0.2529509663581848
7321249792.0,-0.24812562763690948
7322187264.0,-0.24517574906349182
7323125248.0,-0.24484093487262726
7324062720.0,-0.40528157353401184
7325000192.0,-0.40402325987815857
7325937664.0,-0.4033074975013733
7326875136.0,-0.4043991267681122
7327812608.0,-0.40775007009506226
7328750080.0,-0.4112464487552643
7329687552.0,-0.41680586338043213
7330625024.0,-0.42345958948135376
7331562496.0,-0.43197235465049744
7332499968.0,-0.4405550956726074
7333437440.0,-0.4502091109752655
7334374912.0,-0.46182069182395935
7335312384.0,-0.47328710556030273
7336249856.0,-0.4842472970485687
7337187328.0,-0.49517908692359924
7338124800.0,-0.5053467154502869
7339062272.0,-0.5154120326042175
7340000256.0,-0.5250049829483032
7340937728.0,-0.5334680676460266
7341875200.0,-0.5420576333999634
7342812672.0,-0.548457682132721
7343750144.0,-0.5537222027778625
7344687616.0,-0.5584707260131836
7345625088.0,-0.5615987181663513
7346562560.0,-0.5631193518638611
7347500032.0,-0.5624033212661743
7348437504.0,-0.5612852573394775
7349374976.0,-0.558076798915863
7350312448.0,-0.5540985465049744
7351249920.0,-0.5484902262687683
7352187392.0,-0.5415645837783813
7353124864.0,-0.5334681272506714
7354062336.0,-0.5243375301361084
7354999808.0,-0.5142577886581421
7355937280.0,-0.5036740899085999
7356874752.0,-0.4922749996185303
7357812736.0,-0.4798470735549927
7358750208.0,-0.4676216244697571
7359687680.0,-0.45255595445632935
7360625152.0,-0.43899473547935486
7361562624.0,-0.42516884207725525
7362500096.0,-0.4105283319950104
7363437568.0,-0.3947000503540039
7364375040.0,-0.3771917223930359
7365312512.0,-0.35777440667152405
7366249984.0,-0.3400992155075073
7367187456.0,-0.3216119408607483
7368124928.0,-0.30286118388175964
7369062400.0,-0.2850463092327118
7369999872.0,-0.26579299569129944
7370937344.0,-0.246545672416687
7371874816.0,-0.22763898968696594
7372812288.0,-0.20864839851856232
7373749760.0,-0.18916355073451996
7374687744.0,-0.16942092776298523
7375625216.0,-0.14843402802944183
7376562688.0,-0.12885935604572296
7377500160.0,-0.10729846358299255
7378437632.0,-0.0863189771771431
7379375104.0,-0.06588618457317352
7380312576.0,-0.04415459558367729
7381250048.0,-0.021040234714746475
7382187520.0,-0.00024312709865625948
7383124992.0,0.022496871650218964
7384062464.0,0.03614268824458122
7384999936.0,0.04358584061264992
7385937408.0,0.051346492022275925
7386874880.0,0.056294865906238556
7387812352.0,0.06244668737053871
7388749824.0,0.06831714510917664
7389687296.0,0.07333017885684967
7390624768.0,0.07827096432447433
7391562752.0,0.08370406180620193
7392500224.0,0.08765403181314468
7393437696.0,0.09330543130636215
7394375168.0,0.09829554706811905
7395312640.0,0.10430868715047836
7396250112.0,0.10924941301345825
7397187584.0,0.11597874015569687
7398125056.0,0.12292816489934921
7399062528.0,0.12987256050109863
7400000000.0,0.13666017353534698
7400937472.0,0.14432944357395172
7401874944.0,0.15158668160438538
7402812416.0,0.15905313193798065
7403749888.0,0.1660398244857788
7404687360.0,0.17178921401500702
7405624832.0,0.17620670795440674
7406562304.0,0.18092820048332214
7407499776.0,0.1840413510799408
7408437248.0,0.18445678055286407
7409375232.0,0.1829092651605606
7410312704.0,0.17981988191604614
7411250176.0,0.173537477850914
7412187648.0,0.16377690434455872
7413125120.0,0.1535680592060089
7414062592.0,0.14090286195278168
7415000064.0,0.12427360564470291
7415937536.0,0.10683848708868027
7416875008.0,0.08692803233861923
7417812480.0,0.06558433175086975
7418749952.0,0.042407725006341934
7419687424.0,0.01781540736556053
7420624896.0,-0.007018398959189653
7421562368.0,-0.032795749604701996
7422499840.0,-0.059355542063713074
7423437312.0,-0.08440104871988297
7424374784.0,-0.11014587432146072
7425312256.0,-0.13485261797904968
7426250240.0,-0.15817511081695557
7427187712.0,-0.17976218461990356
7428125184.0,-0.2008717954158783
7429062656.0,-0.2205573171377182
7430000128.0,-0.23823636770248413
7430937600.0,-0.2550457715988159
7431875072.0,-0.26929980516433716
7432812544.0,-0.2832753360271454
7433750016.0,-0.29484590888023376
7434687488.0,-0.30575916171073914
7435624960.0,-0.314843088388443
7436562432.0,-0.3231114447116852
7437499904.0,-0.33071669936180115
7438437376.0,-0.33555445075035095
7439374848.0,-0.34171971678733826
7440312320.0,-0.34480610489845276
7441249792.0,-0.3472993075847626
7442187264.0,-0.34810870885849
7443125248.0,-0.3478853106498718
7444062720.0,-0.1319931298494339
7445000192.0,-0.11399100720882416
7445937664.0,-0.09790303558111191
7446875136.0,-0.08415152877569199
7447812608.0,-0.0734589472413063
7448750080.0,-0.06397160142660141
7449687552.0,-0.0571681447327137
7450625024.0,-0.05267874523997307
7451562496.0,-0.047408800572156906
7452499968.0,-0.044232938438653946
7453437440.0,-0.04223748296499252
7454374912.0,-0.040021494030952454
7455312384.0,-0.03839731588959694
7456249856.0,-0.03597262129187584
7457187328.0,-0.03434857353568077
7458124800.0,-0.03041444718837738
7459062272.0,-0.026697298511862755
7459999744.0,-0.021882588043808937
7460937728.0,-0.01579601876437664
7461875200.0,-0.008407446555793285
7462812672.0,-0.0007631334010511637
7463750144.0,0.007802645675837994
7464687616.0,0.01790318265557289
7465625088.0,0.02847358025610447
7466562560.0,0.03913847729563713
7467500032.0,0.0496678352355957
7468437504.0,0.06204793602228165
7469374976.0,0.07373583316802979
7470312448.0,0.08684203773736954
7471249920.0,0.09846155345439911
7472187392.0,0.11114070564508438
7473124864.0,0.12321915477514267
7474062336.0,0.13409042358398438
7474999808.0,0.14450325071811676
7475937280.0,0.1547359824180603
7476874752.0,0.16416606307029724
7477812736.0,0.17128725349903107
7478750208.0,0.17762216925621033
7479687680.0,0.1823674887418747
7480625152.0,0.18647180497646332
7481562624.0,0.18946361541748047
7482500096.0,0.18976393342018127
7483437568.0,0.18823479115962982
7484375040.0,0.18603277206420898
7485312512.0,0.18160280585289001
7486249984.0,0.17611049115657806
7487187456.0,0.16947391629219055
7488124928.0,0.16141289472579956
7489062400.0,0.15082985162734985
7489999872.0,0.1393076628446579
7490937344.0,0.12736842036247253
7491874816.0,0.11171045154333115
7492812288.0,0.09399879723787308
7493749760.0,0.07648658752441406
7494687744.0,0.05844200402498245
7495625216.0,0.04003697261214256
7496562688.0,0.02008855901658535
7497500160.0,0.0014615177642554045
7498437632.0,-0.01673097163438797
7499375104.0,-0.03556596860289574
7500312576.0,-0.05351404473185539
7501250048.0,-0.07128921896219254
7502187520.0,-0.08719691634178162
7503124992.0,-0.1034473404288292
7504062464.0,-0.08728112280368805
7504999936.0,-0.09785247594118118
7505937408.0,-0.10781176388263702
7506874880.0,-0.11852744221687317
7507812352.0,-0.12716354429721832
7508749824.0,-0.137820765376091
7509687296.0,-0.14610159397125244
7510624768.0,-0.15560714900493622
7511562752.0,-0.1635313630104065
7512500224.0,-0.17025531828403473
7513437696.0,-0.17680513858795166
7514375168.0,-0.18168069422245026
7515312640.0,-0.18582956492900848
7516250112.0,-0.19002647697925568
7517187584.0,-0.19525857269763947
7518125056.0,-0.19919812679290771
7519062528.0,-0.20060989260673523
7520000000.0,-0.20226499438285828
7520937472.0,-0.20163333415985107
7521874944.0,-0.20125505328178406
7522812416.0,-0.1997906118631363
7523749888.0,-0.19736042618751526
7524687360.0,-0.19335904717445374
7525624832.0,-0.18781700730323792
7526562304.0,-0.1818315088748932
7527499776.0,-0.17341767251491547
7528437248.0,-0.16652356088161469
7529375232.0,-0.15755164623260498
7530312704.0,-0.14679816365242004
7531250176.0,-0.13606885075569153
7532187648.0,-0.12481368333101273
7533125120.0,-0.11174684762954712
7534062592.0,-0.09826990962028503
7535000064.0,-0.08505713194608688
7535937536.0,-0.06989989429712296
7536875008.0,-0.0549703910946846
7537812480.0,-0.038258422166109085
7538749952.0,-0.021040888503193855
7539687424.0,-0.004615795332938433
7540624896.0,0.01403222605586052
7541562368.0,0.031319018453359604
7542499840.0,0.052057843655347824
7543437312.0,0.07176803797483444
7544374784.0,0.09305127710103989
7545312256.0,0.11355413496494293
7546250240.0,0.13460449874401093
7547187712.0,0.15506649017333984
7548125184.0,0.17670907080173492
7549062656.0,0.1963091790676117
7550000128.0,0.21821050345897675
7550937600.0,0.2375270426273346
7551875072.0,0.2570008635520935
7552812544.0,0.27592507004737854
7553750016.0,0.29418808221817017
7554687488.0,0.31044724583625793
7555624960.0,0.3276190459728241
7556562432.0,0.34203481674194336
7557499904.0,0.35670050978660583
7558437376.0,0.36859163641929626
7559374848.0,0.3798450231552124
7560312320.0,0.3888433277606964
7561249792.0,0.3961246609687805
7562187264.0,0.40210795402526855
7563125248.0,0.4048727750778198
7564062720.0,0.18561764061450958
7565000192.0,0.1857151985168457
7565937664.0,0.18433743715286255
7566875136.0,0.18175289034843445
7567812608.0,0.18027149140834808
7568750080.0,0.17781126499176025
7569687552.0,0.17438912391662598
7570625024.0,0.1695737987756729
7571562496.0,0.1650853157043457
7572499968.0,0.15657909214496613
7573437440.0,0.14968371391296387
7574374912.0,0.14143820106983185
7575312384.0,0.1307704746723175
7576249856.0,0.11916173249483109
7577187328.0,0.10547734051942825
7578124800.0,0.09211625158786774
7579062272.0,0.07834680378437042
7580000256.0,0.06298711895942688
7580937728.0,0.046030111610889435
7581875200.0,0.029386237263679504
7582812672.0,0.011454968713223934
7583750144.0,-0.0060713752172887325
7584687616.0,-0.025288274511694908
7585625088.0,-0.04469862952828407
7586562560.0,-0.06479054689407349
7587500032.0,-0.08400238305330276
7588437504.0,-0.10460139065980911
7589374976.0,-0.12454287707805634
7590312448.0,-0.14308273792266846
7591249920.0,-0.16378313302993774
7592187392.0,-0.18293440341949463
7593124864.0,-0.20221957564353943
7594062336.0,-0.21870189905166626
7594999808.0,-0.23716865479946136
7595937280.0,-0.25253382325172424
7596874752.0,-0.26811474561691284
7597812736.0,-0.28145238757133484
7598750208.0,-0.2939700484275818
7599687680.0,-0.30458468198776245
7600625152.0,-0.31380870938301086
7601562624.0,-0.320797324180603
7602500096.0,-0.32656213641166687
7603437568.0,-0.33034810423851013
7604375040.0,-0.3325405716896057
7605312512.0,-0.33229297399520874
7606249984.0,-0.3308231830596924
7607187456.0,-0.32722991704940796
7608124928.0,-0.31993478536605835
7609062400.0,-0.31273961067199707
7609999872.0,-0.3027936816215515
7610937344.0,-0.2901872396469116
7611874816.0,-0.27665838599205017
7612812288.0,-0.2608207166194916
7613749760.0,-0.24288319051265717
7614687744.0,-0.22430419921875
7615625216.0,-0.20120573043823242
7616562688.0,-0.17894145846366882
7617500160.0,-0.15551744401454926
7618437632.0,-0.12993016839027405
7619375104.0,-0.1027088537812233
7620312576.0,-0.07537179440259933
7621250048.0,-0.048533692955970764
7622187520.0,-0.019024686887860298
7623124992.0,0.00782100297510624
7624062464.0,0.0368257611989975
7624999936.0,0.06457445025444031
7625937408.0,0.0918717011809349
7626874880.0,0.11730841547250748
7627812352.0,0.14282597601413727
7628749824.0,0.16628485918045044
7629687296.0,0.19078610837459564
7630624768.0,0.21117304265499115
7631562752.0,0.23024863004684448
7632500224.0,0.24798302352428436
7633437696.0,0.263962984085083
7634375168.0,0.2797680199146271
7635312640.0,0.2910124957561493
7636250112.0,0.3016190826892853
7637187584.0,0.3101804256439209
7638125056.0,0.3167729079723358
7639062528.0,0.3214588761329651
7640000000.0,0.3240512013435364
7640937472.0,0.32405102252960205
7641874944.0,0.3220873475074768
7642812416.0,0.3188400864601135
7643749888.0,0.31278738379478455
7644687360.0,0.3063446581363678
7645624832.0,0.29878100752830505
7646562304.0,0.2873291075229645
7647499776.0,0.2757816016674042
7648437248.0,0.26327916979789734
7649375232.0,0.24821925163269043
7650312704.0,0.23181843757629395
7651250176.0,0.21473319828510284
7652187648.0,0.19545474648475647
7653125120.0,0.17497184872627258
7654062592.0,0.15431801974773407
7655000064.0,0.13123583793640137
7655937536.0,0.10759905725717545
7656875008.0,0.0833071693778038
7657812480.0,0.05771768465638161
7658749952.0,0.032867055386304855
7659687424.0,0.006661534775048494
7660624896.0,-0.019279930740594864
7661562368.0,-0.046206459403038025
7662499840.0,-0.07360188663005829
7663437312.0,-0.09899220615625381
7664374784.0,-0.12416486442089081
7665312256.0,-0.14920032024383545
7666250240.0,-0.17425987124443054
7667187712.0,-0.19714747369289398
7668125184.0,-0.2192028909921646
7669062656.0,-0.2391394078731537
7670000128.0,-0.25964030623435974
7670937600.0,-0.27719759941101074
7671875072.0,-0.29320067167282104
7672812544.0,-0.3078504502773285
7673750016.0,-0.3199203908443451
7674687488.0,-0.32938671112060547
7675624960.0,-0.3360115885734558
7676562432.0,-0.34192320704460144
7677499904.0,-0.3434717059135437
7678437376.0,-0.34226733446121216
7679374848.0,-0.34071213006973267
7680312320.0,-0.33591654896736145
7681249792.0,-0.3273572027683258
7682187264.0,-0.3178844153881073
7683125248.0,-0.3057115077972412
7684062720.0,-0.2838617265224457
7685000192.0,-0.274136483669281
7685937664.0,-0.26288899779319763
7686875136.0,-0.25023192167282104
7687812608.0,-0.2359716147184372
7688750080.0,-0.22109469771385193
7689687552.0,-0.20401152968406677
7690625024.0,-0.18468230962753296
7691562496.0,-0.16645191609859467
7692499968.0,-0.1465495526790619
7693437440.0,-0.12680098414421082
7694374912.0,-0.10627815127372742
7695312384.0,-0.08733558654785156
7696249856.0,-0.06917494535446167
7697187328.0,-0.05127188563346863
7698124800.0,-0.03443291410803795
7699062272.0,-0.01674334518611431
7699999744.0,0.0014394782483577728
7700937728.0,0.017719924449920654
7701875200.0,0.033232830464839935
7702812672.0,0.0492638535797596
7703750144.0,0.06383586674928665
7704687616.0,0.07723792642354965
7705625088.0,0.09050262719392776
7706562560.0,0.10396991670131683
7707500032.0,0.11390386521816254
7708437504.0,0.125979945063591
7709374976.0,0.13595791161060333
7710312448.0,0.14515912532806396
7711249920.0,0.15470032393932343
7712187392.0,0.16273316740989685
7713124864.0,0.17066866159439087
7714062336.0,0.17915751039981842
7714999808.0,0.18528926372528076
7715937280.0,0.19261805713176727
7716874752.0,0.1984567493200302
7717812736.0,0.20376311242580414
7718750208.0,0.21011142432689667
7719687680.0,0.21445544064044952
7720625152.0,0.2186405509710312
7721562624.0,0.22121503949165344
7722500096.0,0.22377343475818634
7723437568.0,0.2261347770690918
7724375040.0,0.2269880473613739
7725312512.0,0.22756099700927734
7726249984.0,0.22740823030471802
7727187456.0,0.2256559580564499
7728124928.0,0.22405019402503967
7729062400.0,0.2210090309381485
7729999872.0,0.21636150777339935
7730937344.0,0.21081846952438354
7731874816.0,0.2034761756658554
7732812288.0,0.19602972269058228
7733749760.0,0.18591012060642242
7734687744.0,0.1746140867471695
7735625216.0,0.1616305112838745
7736562688.0,0.14719411730766296
7737500160.0,0.13285012543201447
7738437632.0,0.11441042274236679
7739375104.0,0.09585200995206833
7740312576.0,0.07483468949794769
7741250048.0,0.05426371097564697
7742187520.0,0.030643295496702194
7743124992.0,0.006460511591285467
7744062464.0,-0.03850391507148743
7744999936.0,-0.04059154912829399
7745937408.0,-0.04500998929142952
7746874880.0,-0.05056261643767357
7747812352.0,-0.05809406936168671
7748749824.0,-0.0670628696680069
7749687296.0,-0.07681442052125931
7750624768.0,-0.08711673319339752
7751562752.0,-0.09998342394828796
7752500224.0,-0.11324851959943771
7753437696.0,-0.12842606008052826
7754375168.0,-0.1438194364309311
7755312640.0,-0.16179706156253815
7756250112.0,-0.1791974902153015
7757187584.0,-0.19759704172611237
7758125056.0,-0.21680210530757904
7759062528.0,-0.2357528954744339
7760000000.0,-0.25584879517555237
7760937472.0,-0.2741386294364929
7761874944.0,-0.29183703660964966
7762812416.0,-0.3097832202911377
7763749888.0,-0.3283441960811615
7764687360.0,-0.3452033996582031
7765624832.0,-0.36076587438583374
7766562304.0,-0.37507113814353943
7767499776.0,-0.38989970088005066
7768437248.0,-0.4018898904323578
7769375232.0,-0.41158249974250793
7770312704.0,-0.4215565323829651
7771250176.0,-0.42770975828170776
7772187648.0,-0.43443819880485535
7773125120.0,-0.43773287534713745
7774062592.0,-0.43924185633659363
7775000064.0,-0.4383235275745392
7775937536.0,-0.43394914269447327
7776875008.0,-0.42872416973114014
7777812480.0,-0.4200368821620941
7778749952.0,-0.40851926803588867
7779687424.0,-0.39438745379447937
7780624896.0,-0.3782579302787781
7781562368.0,-0.3597540557384491
7782499840.0,-0.3389352262020111
7783437312.0,-0.3167933523654938
7784374784.0,-0.29285764694213867
7785312256.0,-0.26551681756973267
7786250240.0,-0.23801401257514954
7787187712.0,-0.20912164449691772
7788125184.0,-0.17678149044513702
7789062656.0,-0.14608055353164673
7790000128.0,-0.11395139247179031
7790937600.0,-0.07937435805797577
7791875072.0,-0.04508836194872856
7792812544.0,-0.010880686342716217
7793750016.0,0.023745393380522728
7794687488.0,0.05744576454162598
7795624960.0,0.0905628651380539
7796562432.0,0.1221623420715332
7797499904.0,0.1540248841047287
7798437376.0,0.18325667083263397
7799374848.0,0.21093221008777618
7800312320.0,0.23836588859558105
7801249792.0,0.26292598247528076
7802187264.0,0.28563302755355835
7803125248.0,0.3051373362541199
7804062720.0,0.1360475867986679
7805000192.0,0.149601012468338
7805937664.0,0.16013741493225098
7806875136.0,0.17000329494476318
7807812608.0,0.17779502272605896
7808750080.0,0.18361125886440277
7809687552.0,0.18718309700489044
7810625024.0,0.1882016509771347
7811562496.0,0.18767671287059784
7812499968.0,0.18526436388492584
7813437440.0,0.18074186146259308
7814374912.0,0.17317360639572144
7815312384.0,0.1627340167760849
7816249856.0,0.1507481187582016
7817187328.0,0.13652850687503815
7818124800.0,0.12038730084896088
7819062272.0,0.1021096259355545
7820000256.0,0.08155401796102524
7820937728.0,0.059300266206264496
7821875200.0,0.0361020527780056
7822812672.0,0.011717512272298336
7823750144.0,-0.012690775096416473
7824687616.0,-0.03817262127995491
7825625088.0,-0.06591098010540009
7826562560.0,-0.09313035756349564
7827500032.0,-0.12092012166976929
7828437504.0,-0.14987319707870483
7829374976.0,-0.17708830535411835
7830312448.0,-0.20553310215473175
7831249920.0,-0.23396506905555725
7832187392.0,-0.2597804665565491
7833124864.0,-0.28689610958099365
7834062336.0,-0.3117966949939728
7834999808.0,-0.3362809419631958
7835937280.0,-0.3595411479473114
7836874752.0,-0.3817429542541504
7837812736.0,-0.40153729915618896
7838750208.0,-0.41891273856163025
7839687680.0,-0.43630707263946533
7840625152.0,-0.4511898458003998
7841562624.0,-0.4628250002861023
7842500096.0,-0.4743741452693939
7843437568.0,-0.48216530680656433
7844375040.0,-0.4888048470020294
7845312512.0,-0.4925476908683777
7846249984.0,-0.4962697923183441
7847187456.0,-0.4966384172439575
7848124928.0,-0.4919978976249695
7849062400.0,-0.4853927791118622
7849999872.0,-0.47728708386421204
7850937344.0,-0.46716272830963135
7851874816.0,-0.45652198791503906
7852812288.0,-0.4448687434196472
7853749760.0,-0.43186986446380615
7854687744.0,-0.416720986366272
7855625216.0,-0.40163862705230713
7856562688.0,-0.38557854294776917
7857500160.0,-0.36805763840675354
7858437632.0,-0.3515467941761017
7859375104.0,-0.33293217420578003
7860312576.0,-0.3141389787197113
7861250048.0,-0.2960626780986786
7862187520.0,-0.2771604657173157
7863124992.0,-0.2587861120700836
7864062464.0,-0.24175824224948883
7864999936.0,-0.22264400124549866
7865937408.0,-0.2045373022556305
7866874880.0,-0.1867751032114029
7867812352.0,-0.16934791207313538
7868749824.0,-0.15056297183036804
7869687296.0,-0.13354264199733734
7870624768.0,-0.11460026353597641
7871562752.0,-0.09822928160429001
7872500224.0,-0.08082181215286255
7873437696.0,-0.06263986974954605
7874375168.0,-0.04597371444106102
7875312640.0,-0.03090769238770008
7876250112.0,-0.01577773131430149
7877187584.0,-0.0030098722781986
7878125056.0,0.009365268982946873
7879062528.0,0.020468834787607193
7880000000.0,0.02761908806860447
7880937472.0,0.0342930406332016
7881874944.0,0.03899846225976944
7882812416.0,0.04034058004617691
7883749888.0,0.04022461548447609
7884687360.0,0.03717994689941406
7885624832.0,0.031441580504179
7886562304.0,0.023169642314314842
7887499776.0,0.010744567960500717
7888437248.0,-0.0018058412242680788
7889375232.0,-0.01820622943341732
7890312704.0,-0.035556141287088394
7891250176.0,-0.05650697275996208
7892187648.0,-0.07834575325250626
7893125120.0,-0.10281777381896973
7894062592.0,-0.12738651037216187
7895000064.0,-0.15374717116355896
7895937536.0,-0.18070924282073975
7896875008.0,-0.2075277417898178
7897812480.0,-0.23406589031219482
7898749952.0,-0.2631622850894928
7899687424.0,-0.2916388511657715
7900624896.0,-0.32015642523765564
7901562368.0,-0.3478081524372101
7902499840.0,-0.37479811906814575
7903437312.0,-0.39947932958602905
7904374784.0,-0.42449188232421875
7905312256.0,-0.44822874665260315
7906250240.0,-0.4710228145122528
7907187712.0,-0.49130555987358093
7908125184.0,-0.5126573443412781
7909062656.0,-0.5319455862045288
7910000128.0,-0.5518593788146973
7910937600.0,-0.569248378276825
7911875072.0,-0.5868316292762756
7912812544.0,-0.6044307351112366
7913750016.0,-0.62181556224823
7914687488.0,-0.6384287476539612
7915624960.0,-0.6558389067649841
7916562432.0,-0.6722526550292969
7917499904.0,-0.6907640695571899
7918437376.0,-0.7091824412345886
7919374848.0,-0.7288274765014648
7920312320.0,-0.7479941248893738
7921249792.0,-0.768312931060791
7922187264.0,-0.7884807586669922
7923125248.0,-0.808157742023468
7924062720.0,-0.8506898283958435
7925000192.0,-0.8562179207801819
7925937664.0,-0.859618067741394
7926875136.0,-0.8638787269592285
7927812608.0,-0.8674192428588867
7928750080.0,-0.8711934685707092
7929687552.0,-0.8758283853530884
7930625024.0,-0.8786380290985107
7931562496.0,-0.8817164301872253
7932499968.0,-0.8842161893844604
7933437440.0,-0.8857055306434631
7934374912.0,-0.8880273103713989
7935312384.0,-0.8895418643951416
7936249856.0,-0.888027548789978
7937187328.0,-0.8858789205551147
7938124800.0,-0.8824711441993713
7939062272.0,-0.8784696459770203
7939999744.0,-0.8727193474769592
7940937728.0,-0.8669164180755615
7941875200.0,-0.8581887483596802
7942812672.0,-0.8492717146873474
7943750144.0,-0.8389641046524048
7944687616.0,-0.826712965965271
7945625088.0,-0.8125743269920349
7946562560.0,-0.798810601234436
7947500032.0,-0.7819412350654602
7948437504.0,-0.7644269466400146
7949374976.0,-0.7453739047050476
7950312448.0,-0.7249707579612732
7951249920.0,-0.7025759220123291
7952187392.0,-0.6809180378913879
7953124864.0,-0.6560202836990356
7954062336.0,-0.6315068602561951
7954999808.0,-0.6055622100830078
7955937280.0,-0.5781302452087402
7956874752.0,-0.5512034296989441
7957812736.0,-0.523831844329834
7958750208.0,-0.4955519735813141
7959687680.0,-0.466802716255188
7960625152.0,-0.4393865168094635
7961562624.0,-0.4115719199180603
7962500096.0,-0.38298168778419495
7963437568.0,-0.3558918237686157
7964375040.0,-0.3291706442832947
7965312512.0,-0.30305492877960205
7966249984.0,-0.2785808742046356
7967187456.0,-0.25386154651641846
7968124928.0,-0.23231567442417145
7969062400.0,-0.2109508067369461
7969999872.0,-0.19221653044223785
7970937344.0,-0.1747334599494934
7971874816.0,-0.15901003777980804
7972812288.0,-0.14523693919181824
7973749760.0,-0.13361650705337524
7974687744.0,-0.1232055053114891
7975625216.0,-0.1157524585723877
7976562688.0,-0.11020267009735107
7977500160.0,-0.10692046582698822
7978437632.0,-0.10492517054080963
7979375104.0,-0.10537243634462357
7980312576.0,-0.1066247969865799
7981250048.0,-0.11164075136184692
7982187520.0,-0.1162092387676239
7983124992.0,-0.12362778186798096
7984062464.0,-0.24752475321292877
7984999936.0,-0.24807685613632202
7985937408.0,-0.2510463297367096
7986874880.0,-0.2542923390865326
7987812352.0,-0.2582634389400482
7988749824.0,-0.2620345652103424
7989687296.0,-0.26704052090644836
7990624768.0,-0.2736447751522064
7991562752.0,-0.2797166407108307
7992500224.0,-0.28767532110214233
7993437696.0,-0.29573941230773926
7994375168.0,-0.30407166481018066
7995312640.0,-0.31299126148223877
7996250112.0,-0.322358101606369
7997187584.0,-0.3323970139026642
7998125056.0,-0.3428901135921478
7999062528.0,-0.3526288568973541
8000000000.0,-0.3623725473880768
