Frequency (Hz),Measurement
2000000000.0,0.1381753385066986
2000937472.0,0.1319010853767395
2001874944.0,0.12784984707832336
2002812544.0,0.12355701625347137
2003750016.0,0.11937485635280609
2004687488.0,0.11462217569351196
2005624960.0,0.11000412702560425
2006562560.0,0.106065534055233
2007500032.0,0.10006672143936157
2008437504.0,0.09511785209178925
2009374976.0,0.0896516889333725
2010312448.0,0.0843515545129776
2011250048.0,0.07812722772359848
2012187520.0,0.07230371981859207
2013124992.0,0.06731682270765305
2014062464.0,0.0609520748257637
2015000064.0,0.05551167577505112
2015937536.0,0.05000266060233116
2016875008.0,0.04419838264584541
2017812480.0,0.038829635828733444
2018749952.0,0.03328227996826172
2019687552.0,0.02859054133296013
2020625024.0,0.024309398606419563
2021562496.0,0.02063954435288906
2022499968.0,0.016980590298771858
2023437440.0,0.01428432296961546
2024375040.0,0.011675668880343437
2025312512.0,0.009756329469382763
2026249984.0,0.008818769827485085
2027187456.0,0.008898954838514328
2028125056.0,0.00927079189568758
2029062528.0,0.010522284545004368
2030000000.0,0.012677265331149101
2030937472.0,0.015298523008823395
2031874944.0,0.01917400024831295
2032812544.0,0.02310354821383953
2033750016.0,0.029729826375842094
2034687488.0,0.034758903086185455
2035624960.0,0.0422326996922493
2036562560.0,0.04887929931282997
2037500032.0,0.05634249001741409
2038437504.0,0.06390699744224548
2039374976.0,0.07204055786132812
2040312448.0,0.08024681359529495
2041250048.0,0.08885952830314636
2042187520.0,0.09643165022134781
2043124992.0,0.10510128736495972
2044062464.0,0.11146873980760574
2044999936.0,0.11765359342098236
2045937536.0,0.12351112067699432
2046875008.0,0.12931036949157715
2047812480.0,0.13292807340621948
2048749952.0,0.14223232865333557
2049687552.0,0.13811996579170227
2050625024.0,0.13242997229099274
2051562496.0,0.12573984265327454
2052499968.0,0.12005927413702011
2053437440.0,0.11193058639764786
2054375040.0,0.1062968298792839
2055312512.0,0.09820202738046646
2056249984.0,0.09068496525287628
2057187456.0,0.08358849585056305
2058125056.0,0.0758708193898201
2059062528.0,0.06951020658016205
2060000000.0,0.06202983111143112
2060937472.0,0.05499238520860672
2061874944.0,0.04812968149781227
2062812544.0,0.04186176508665085
2063750016.0,0.03648044914007187
2064687488.0,0.031408779323101044
2065624960.0,0.026288798078894615
2066562560.0,0.020816484466195107
2067500032.0,0.016393015161156654
2068437504.0,0.012988573871552944
2069374976.0,0.009302673861384392
2070312448.0,0.006183167919516563
2071250048.0,0.0025443355552852154
2072187520.0,0.0010939420899376273
2073124992.0,-0.0023111277259886265
2074062464.0,-0.004236007574945688
2075000064.0,-0.006523075979202986
2075937536.0,-0.0069510252214968204
2076875008.0,-0.007859785109758377
2077812480.0,-0.00810155738145113
2078749952.0,-0.00873610470443964
2079687552.0,-0.008490631356835365
2080625024.0,-0.0073772300966084
2081562496.0,-0.007337434682995081
2082499968.0,-0.004993345122784376
2083437440.0,-0.002952157985419035
2084375040.0,-0.00021674949675798416
2085312512.0,0.0011943953577429056
2086249984.0,0.005658095236867666
2087187456.0,0.008923317305743694
2088125056.0,0.013860072009265423
2089062528.0,0.019138149917125702
2090000000.0,0.024875488132238388
2090937472.0,0.031143687665462494
2091874944.0,0.0376727432012558
2092812544.0,0.04477030038833618
2093750016.0,0.05252857506275177
2094687488.0,0.06122906133532524
2095624960.0,0.07085941731929779
2096562560.0,0.08092185854911804
2097500032.0,0.09150563180446625
2098437504.0,0.10218177735805511
2099374976.0,0.11455632001161575
2100312448.0,0.12714841961860657
2101250048.0,0.13861645758152008
2102187520.0,0.15186908841133118
2103124992.0,0.16504421830177307
2104062464.0,0.17904210090637207
2104999936.0,0.1915198564529419
2105937536.0,0.20557309687137604
2106875008.0,0.21871952712535858
2107812480.0,0.2314470261335373
2108749952.0,0.27035146951675415
2109687552.0,0.27820655703544617
2110625024.0,0.28584134578704834
2111562496.0,0.29227763414382935
2112499968.0,0.2993515729904175
2113437440.0,0.3033369481563568
2114375040.0,0.306919127702713
2115312512.0,0.3066789209842682
2116249984.0,0.3062305748462677
2117187456.0,0.3025189936161041
2118125056.0,0.2954736053943634
2119062528.0,0.2855646312236786
2120000000.0,0.2734003961086273
2120937472.0,0.2581631541252136
2121874944.0,0.2389732003211975
2122812544.0,0.21878719329833984
2123750016.0,0.19524270296096802
2124687488.0,0.17058752477169037
2125624960.0,0.14429254829883575
2126562560.0,0.11770296841859818
2127500032.0,0.08994809538125992
2128437504.0,0.06282311677932739
2129374976.0,0.03627248853445053
2130312448.0,0.011042662896215916
2131250048.0,-0.012691110372543335
2132187520.0,-0.03558354824781418
2133124992.0,-0.05598659813404083
2134062464.0,-0.07282984256744385
2135000064.0,-0.08831743150949478
2135937536.0,-0.10085953772068024
2136875008.0,-0.10956722497940063
2137812480.0,-0.11637058854103088
2138749952.0,-0.1206170842051506
2139687552.0,-0.12089592963457108
2140625024.0,-0.11953999847173691
2141562496.0,-0.11435963958501816
2142499968.0,-0.10740692168474197
2143437440.0,-0.09937266260385513
2144375040.0,-0.0886709988117218
2145312512.0,-0.07704401761293411
2146249984.0,-0.06419059634208679
2147187456.0,-0.05090726166963577
2148124928.0,-0.03607819229364395
2149062400.0,-0.021896887570619583
2150000128.0,-0.0071090818382799625
2150937600.0,0.007383668329566717
2151875072.0,0.02253657951951027
2152812544.0,0.03627271205186844
2153750016.0,0.049606211483478546
2154687488.0,0.06242584437131882
2155624960.0,0.07386144250631332
2156562432.0,0.08535005152225494
2157499904.0,0.0970916822552681
2158437376.0,0.10705989599227905
2159375104.0,0.11731332540512085
2160312576.0,0.12632180750370026
2161250048.0,0.13590535521507263
2162187520.0,0.14403840899467468
2163124992.0,0.15353602170944214
2164062464.0,0.1625041514635086
2164999936.0,0.17061322927474976
2165937408.0,0.17891713976860046
2166874880.0,0.18711936473846436
2167812608.0,0.19528339803218842
2168750080.0,0.21953606605529785
2169687552.0,0.2311786413192749
2170625024.0,0.24239026010036469
2171562496.0,0.2535451054573059
2172499968.0,0.2636736333370209
2173437440.0,0.2742483913898468
2174374912.0,0.2832862138748169
2175312384.0,0.2911736071109772
2176250112.0,0.29751473665237427
2177187584.0,0.3033008277416229
2178125056.0,0.30718517303466797
2179062528.0,0.3092100918292999
2180000000.0,0.30874085426330566
2180937472.0,0.3074398636817932
2181874944.0,0.3028099238872528
2182812416.0,0.2965354025363922
2183749888.0,0.28801167011260986
2184687616.0,0.27685263752937317
2185625088.0,0.26543524861335754
2186562560.0,0.2506182789802551
2187500032.0,0.235309898853302
2188437504.0,0.2176702618598938
2189374976.0,0.1992613673210144
2190312448.0,0.17903119325637817
2191249920.0,0.1593083143234253
2192187392.0,0.1375560164451599
2193125120.0,0.11628665775060654
2194062592.0,0.09543979167938232
2195000064.0,0.07425649464130402
2195937536.0,0.054426711052656174
2196875008.0,0.03596160560846329
2197812480.0,0.017144709825515747
2198749952.0,0.000988723011687398
2199687424.0,-0.014559514820575714
2200624896.0,-0.026975257322192192
2201562624.0,-0.03881128504872322
2202500096.0,-0.0475023128092289
2203437568.0,-0.05424744263291359
2204375040.0,-0.058764513581991196
2205312512.0,-0.06113966181874275
2206249984.0,-0.060384828597307205
2207187456.0,-0.058676525950431824
2208124928.0,-0.0529974028468132
2209062400.0,-0.04640328511595726
2209999872.0,-0.037821318954229355
2210937600.0,-0.02757311798632145
2211875072.0,-0.015556657686829567
2212812544.0,-0.002470247447490692
2213750016.0,0.011302062310278416
2214687488.0,0.02746022492647171
2215624960.0,0.04308060184121132
2216562432.0,0.06119091063737869
2217499904.0,0.0774543359875679
2218437376.0,0.09616075456142426
2219375104.0,0.11317544430494308
2220312576.0,0.12909258902072906
2221250048.0,0.14620058238506317
2222187520.0,0.1610872745513916
2223124992.0,0.17529384791851044
2224062464.0,0.1884387731552124
2224999936.0,0.1998136192560196
2225937408.0,0.21096114814281464
2226874880.0,0.2192903757095337
2227812608.0,0.22642897069454193
2228750080.0,0.19871921837329865
2229687552.0,0.20444345474243164
2230625024.0,0.20933620631694794
2231562496.0,0.21373900771141052
2232499968.0,0.2163364291191101
2233437440.0,0.21666692197322845
2234374912.0,0.21609126031398773
2235312384.0,0.21296139061450958
2236250112.0,0.20854268968105316
2237187584.0,0.2008245289325714
2238125056.0,0.19174230098724365
2239062528.0,0.18044868111610413
2240000000.0,0.16667520999908447
2240937472.0,0.1517835110425949
2241874944.0,0.1346813440322876
2242812416.0,0.11667398363351822
2243749888.0,0.0974428579211235
2244687616.0,0.07804560661315918
2245625088.0,0.05803019925951958
2246562560.0,0.03609837591648102
2247500032.0,0.015488775447010994
2248437504.0,-0.00492934649810195
2249374976.0,-0.02401762828230858
2250312448.0,-0.04213932901620865
2251249920.0,-0.05842841789126396
2252187392.0,-0.07412999868392944
2253125120.0,-0.08755790442228317
2254062592.0,-0.09822989255189896
2255000064.0,-0.10744432359933853
2255937536.0,-0.113719142973423
2256875008.0,-0.11648809909820557
2257812480.0,-0.11906976252794266
2258749952.0,-0.11850886791944504
2259687424.0,-0.11513612419366837
2260624896.0,-0.10947924107313156
2261562624.0,-0.10095693916082382
2262500096.0,-0.09169893711805344
2263437568.0,-0.08085846155881882
2264375040.0,-0.06754901260137558
2265312512.0,-0.05407416447997093
2266249984.0,-0.03802282363176346
2267187456.0,-0.021871764212846756
2268124928.0,-0.005137937609106302
2269062400.0,0.012552320957183838
2270000128.0,0.028666483238339424
2270937600.0,0.046377699822187424
2271875072.0,0.06372882425785065
2272812544.0,0.08043988049030304
2273750016.0,0.09769226610660553
2274687488.0,0.11448259651660919
2275624960.0,0.12952159345149994
2276562432.0,0.14273706078529358
2277499904.0,0.15731357038021088
2278437376.0,0.1692483276128769
2279375104.0,0.18090389668941498
2280312576.0,0.19161295890808105
2281250048.0,0.20118224620819092
2282187520.0,0.20962876081466675
2283124992.0,0.2173307240009308
2284062464.0,0.22439433634281158
2284999936.0,0.2295650839805603
2285937408.0,0.23436963558197021
2286874880.0,0.23981906473636627
2287812608.0,0.24413982033729553
2288750080.0,0.2554152011871338
2289687552.0,0.2636559009552002
2290625024.0,0.27103304862976074
2291562496.0,0.2789013087749481
2292499968.0,0.2853274643421173
2293437440.0,0.2925255596637726
2294374912.0,0.298851877450943
2295312384.0,0.3046102523803711
2296250112.0,0.3088727295398712
2297187584.0,0.31193408370018005
2298125056.0,0.31367549300193787
2299062528.0,0.314458429813385
2300000000.0,0.31255459785461426
2300937472.0,0.308300256729126
2301874944.0,0.3033323287963867
2302812416.0,0.29425719380378723
2303749888.0,0.2821524441242218
2304687616.0,0.2679764926433563
2305625088.0,0.2515246570110321
2306562560.0,0.23279424011707306
2307500032.0,0.2105366587638855
2308437504.0,0.1870620995759964
2309374976.0,0.16172966361045837
2310312448.0,0.13469968736171722
2311249920.0,0.10686197131872177
2312187392.0,0.07754822820425034
2313125120.0,0.04853355139493942
2314062592.0,0.01922856830060482
2315000064.0,-0.009773730300366879
2315937536.0,-0.035965804010629654
2316875008.0,-0.06169011816382408
2317812480.0,-0.08464879542589188
2318749952.0,-0.10810539126396179
2319687424.0,-0.1259198933839798
2320624896.0,-0.1426508128643036
2321562624.0,-0.1587822139263153
2322500096.0,-0.17011277377605438
2323437568.0,-0.18079692125320435
2324375040.0,-0.18787327408790588
2325312512.0,-0.19394518435001373
2326249984.0,-0.19787101447582245
2327187456.0,-0.1989990770816803
2328124928.0,-0.19884619116783142
2329062400.0,-0.19768951833248138
2329999872.0,-0.1937924474477768
2330937600.0,-0.1891764998435974
2331875072.0,-0.18326054513454437
2332812544.0,-0.1745852679014206
2333750016.0,-0.1649262011051178
2334687488.0,-0.1541345715522766
2335624960.0,-0.1420479714870453
2336562432.0,-0.128324955701828
2337499904.0,-0.11058037728071213
2338437376.0,-0.09345799684524536
2339375104.0,-0.07469754666090012
2340312576.0,-0.05362286418676376
2341250048.0,-0.03148818761110306
2342187520.0,-0.008284250274300575
2343124992.0,0.016047660261392593
2344062464.0,0.04083459451794624
2344999936.0,0.06685014814138412
2345937408.0,0.09324716776609421
2346874880.0,0.11925232410430908
2347812608.0,0.14576999843120575
2348750080.0,0.20108290016651154
2349687552.0,0.21581009030342102
2350625024.0,0.22875723242759705
2351562496.0,0.23801752924919128
2352499968.0,0.244223952293396
2353437440.0,0.24677616357803345
2354374912.0,0.24569040536880493
2355312384.0,0.24113309383392334
2356250112.0,0.2328280359506607
2357187584.0,0.22113637626171112
2358125056.0,0.20628076791763306
2359062528.0,0.1886158287525177
2360000000.0,0.16850103437900543
2360937472.0,0.1461959183216095
2361874944.0,0.11982418596744537
2362812416.0,0.09429705888032913
2363749888.0,0.0658516064286232
2364687616.0,0.03726509213447571
2365625088.0,0.00793455634266138
2366562560.0,-0.021533947438001633
2367500032.0,-0.05026005581021309
2368437504.0,-0.0787823423743248
2369374976.0,-0.10696689784526825
2370312448.0,-0.13257157802581787
2371249920.0,-0.15715615451335907
2372187392.0,-0.17980632185935974
2373125120.0,-0.19982056319713593
2374062592.0,-0.21904796361923218
2375000064.0,-0.23347249627113342
2375937536.0,-0.2465391457080841
2376875008.0,-0.2572760581970215
2377812480.0,-0.2639569342136383
2378749952.0,-0.26855555176734924
2379687424.0,-0.2697911560535431
2380624896.0,-0.2677708864212036
2381562624.0,-0.2646944522857666
2382500096.0,-0.2585306465625763
2383437568.0,-0.2492498904466629
2384375040.0,-0.23806342482566833
2385312512.0,-0.22503478825092316
2386249984.0,-0.2110416442155838
2387187456.0,-0.19508789479732513
2388124928.0,-0.17823755741119385
2389062400.0,-0.16077956557273865
2390000128.0,-0.14343728125095367
2390937600.0,-0.1251666098833084
2391875072.0,-0.10691582411527634
2392812544.0,-0.08972341567277908
2393750016.0,-0.07236000895500183
2394687488.0,-0.05740601196885109
2395624960.0,-0.04253445193171501
2396562432.0,-0.028740501031279564
2397499904.0,-0.015884792432188988
2398437376.0,-0.004308921284973621
2399375104.0,0.005125797353684902
2400312576.0,0.012631064280867577
2401250048.0,0.020620059221982956
2402187520.0,0.025561921298503876
2403124992.0,0.030176108703017235
2404062464.0,0.032015036791563034
2404999936.0,0.03412551432847977
2405937408.0,0.03361592814326286
2406874880.0,0.03258760645985603
2407812608.0,0.030097942799329758
2408750080.0,0.02630283683538437
2409687552.0,0.03175182640552521
2410625024.0,0.03411981835961342
2411562496.0,0.03554213047027588
2412499968.0,0.033979617059230804
2413437440.0,0.030323147773742676
2414374912.0,0.02505781687796116
2415312384.0,0.017161525785923004
2416250112.0,0.007183131296187639
2417187584.0,-0.0050206491723656654
2418125056.0,-0.01878751628100872
2419062528.0,-0.03440064191818237
2420000000.0,-0.05223185941576958
2420937472.0,-0.07077459990978241
2421874944.0,-0.0905885174870491
2422812416.0,-0.11237769573926926
2423749888.0,-0.13371507823467255
2424687616.0,-0.15597663819789886
2425625088.0,-0.17813852429389954
2426562560.0,-0.19960692524909973
2427500032.0,-0.222016379237175
2428437504.0,-0.24456289410591125
2429374976.0,-0.2652919292449951
2430312448.0,-0.2857324182987213
2431249920.0,-0.30583083629608154
2432187392.0,-0.32459768652915955
2433125120.0,-0.3410346806049347
2434062592.0,-0.356316477060318
2435000064.0,-0.37104547023773193
2435937536.0,-0.38348352909088135
2436875008.0,-0.3949994742870331
2437812480.0,-0.40601640939712524
2438749952.0,-0.4148465096950531
2439687424.0,-0.42239364981651306
2440624896.0,-0.4289281368255615
2441562624.0,-0.43281131982803345
2442500096.0,-0.4364016354084015
2443437568.0,-0.4374372959136963
2444375040.0,-0.4373231530189514
2445312512.0,-0.4362296164035797
2446249984.0,-0.4350889027118683
2447187456.0,-0.4324909746646881
2448124928.0,-0.4276618957519531
2449062400.0,-0.42301470041275024
2449999872.0,-0.417798787355423
2450937600.0,-0.4113835096359253
2451875072.0,-0.4060717523097992
2452812544.0,-0.39865627884864807
2453750016.0,-0.39231446385383606
2454687488.0,-0.38531383872032166
2455624960.0,-0.37958967685699463
2456562432.0,-0.37266162037849426
2457499904.0,-0.3680604100227356
2458437376.0,-0.3626392185688019
2459375104.0,-0.3587365746498108
2460312576.0,-0.3541125953197479
2461250048.0,-0.3505423963069916
2462187520.0,-0.34899523854255676
2463124992.0,-0.34855255484580994
2464062464.0,-0.35040509700775146
2464999936.0,-0.3526115417480469
2465937408.0,-0.35730990767478943
2466874880.0,-0.36363524198532104
2467812608.0,-0.37386083602905273
2468750080.0,-0.4617977738380432
2469687552.0,-0.48384684324264526
2470625024.0,-0.5084240436553955
2471562496.0,-0.5361400842666626
2472499968.0,-0.5669079422950745
2473437440.0,-0.6007317900657654
2474374912.0,-0.6365393400192261
2475312384.0,-0.6761852502822876
2476250112.0,-0.7191606760025024
2477187584.0,-0.7647660374641418
2478125056.0,-0.8155611753463745
2479062528.0,-0.8680739998817444
2480000000.0,-0.923839807510376
2480937472.0,-0.982118546962738
2481874944.0,-1.0439642667770386
2482812416.0,-1.1083067655563354
2483749888.0,-1.1777554750442505
2484687616.0,-1.2504632472991943
2485625088.0,-1.3275177478790283
2486562560.0,-1.4069591760635376
2487500032.0,-1.489479422569275
2488437504.0,-1.5762406587600708
2489374976.0,-1.667218565940857
2490312448.0,-1.7610355615615845
2491249920.0,-1.8598028421401978
2492187392.0,-1.9637144804000854
2493125120.0,-2.0728065967559814
2494062592.0,-2.185678482055664
2495000064.0,-2.3067023754119873
2495937536.0,-2.433532953262329
2496875008.0,-2.5669589042663574
2497812480.0,-2.7060604095458984
2498749952.0,-2.854295492172241
2499687424.0,-3.0115041732788086
2500624896.0,-3.181075096130371
2501562624.0,-3.3629519939422607
2502500096.0,-3.557945966720581
2503437568.0,-3.7681589126586914
2504375040.0,-3.9946048259735107
2505312512.0,-4.2380781173706055
2506249984.0,-4.499785900115967
2507187456.0,-4.780661106109619
2508124928.0,-5.080785274505615
2509062400.0,-5.40138053894043
2510000128.0,-5.738254070281982
2510937600.0,-6.091054916381836
2511875072.0,-6.452869892120361
2512812544.0,-6.812087535858154
2513750016.0,-7.15437126159668
2514687488.0,-7.466125011444092
2515624960.0,-7.7298102378845215
2516562432.0,-7.929964065551758
2517499904.0,-8.045559883117676
2518437376.0,-8.068971633911133
2519375104.0,-8.000244140625
2520312576.0,-7.840927600860596
2521250048.0,-7.605731010437012
2522187520.0,-7.3077216148376465
2523124992.0,-6.96489143371582
2524062464.0,-6.589241027832031
2524999936.0,-6.196316242218018
2525937408.0,-5.7986907958984375
2526874880.0,-5.409593105316162
2527812608.0,-5.03178071975708
2528750080.0,-4.665604591369629
2529687552.0,-4.330790042877197
2530625024.0,-4.014449119567871
2531562496.0,-3.7183496952056885
2532499968.0,-3.4429738521575928
2533437440.0,-3.1895790100097656
2534374912.0,-2.9562230110168457
2535312384.0,-2.7426774501800537
2536250112.0,-2.5455615520477295
2537187584.0,-2.3666903972625732
2538125056.0,-2.20272159576416
2539062528.0,-2.0559890270233154
2540000000.0,-1.9215821027755737
2540937472.0,-1.8003149032592773
2541874944.0,-1.6900686025619507
2542812416.0,-1.5897499322891235
2543749888.0,-1.4985121488571167
2544687616.0,-1.4166268110275269
2545625088.0,-1.3417245149612427
2546562560.0,-1.2748205661773682
2547500032.0,-1.214664340019226
2548437504.0,-1.1612868309020996
2549374976.0,-1.1127291917800903
2550312448.0,-1.0680607557296753
2551249920.0,-1.0298422574996948
2552187392.0,-0.9938783645629883
2553125120.0,-0.9610307812690735
2554062592.0,-0.9327227473258972
2555000064.0,-0.9061660766601562
2555937536.0,-0.8820629715919495
2556875008.0,-0.859373152256012
2557812480.0,-0.8395849466323853
2558749952.0,-0.8192357420921326
2559687424.0,-0.8002539873123169
2560624896.0,-0.7817884683609009
2561562624.0,-0.7632164359092712
2562500096.0,-0.7452349662780762
2563437568.0,-0.726114809513092
2564375040.0,-0.7077173590660095
2565312512.0,-0.6877300143241882
2566249984.0,-0.6660342812538147
2567187456.0,-0.6457396745681763
2568124928.0,-0.6233976483345032
2569062400.0,-0.6005216240882874
2569999872.0,-0.577288031578064
2570937600.0,-0.5519437789916992
2571875072.0,-0.5273145437240601
2572812544.0,-0.5002835392951965
2573750016.0,-0.4730077087879181
2574687488.0,-0.4447193741798401
2575624960.0,-0.4161786437034607
2576562432.0,-0.3868916630744934
2577499904.0,-0.35702836513519287
2578437376.0,-0.3263968527317047
2579375104.0,-0.29566866159439087
2580312576.0,-0.26503854990005493
2581250048.0,-0.23508769273757935
2582187520.0,-0.20514866709709167
2583124992.0,-0.17673295736312866
2584062464.0,-0.14806273579597473
2584999936.0,-0.12105627357959747
2585937408.0,-0.0954638198018074
2586874880.0,-0.0707121416926384
2587812608.0,-0.04849591106176376
2588750080.0,-0.02426089718937874
2589687552.0,-0.010444583371281624
2590625024.0,0.0014009018195793033
2591562496.0,0.011213359422981739
2592499968.0,0.019081315025687218
2593437440.0,0.025824962183833122
2594374912.0,0.029644165188074112
2595312384.0,0.03124835342168808
2596250112.0,0.0313582643866539
2597187584.0,0.030424529686570168
2598125056.0,0.027382036671042442
2599062528.0,0.0228878166526556
2600000000.0,0.016165167093276978
2600937472.0,0.007983800023794174
2601874944.0,-0.0019445305224508047
2602812416.0,-0.011920561082661152
2603749888.0,-0.023943284526467323
2604687616.0,-0.03542359545826912
2605625088.0,-0.04889554902911186
2606562560.0,-0.06187792122364044
2607500032.0,-0.0759766474366188
2608437504.0,-0.0888153612613678
2609374976.0,-0.10382522642612457
2610312448.0,-0.11740890145301819
2611249920.0,-0.13179564476013184
2612187392.0,-0.14384031295776367
2613125120.0,-0.1571137011051178
2614062592.0,-0.16797251999378204
2615000064.0,-0.17904742062091827
2615937536.0,-0.18922901153564453
2616875008.0,-0.19791598618030548
2617812480.0,-0.2060958743095398
2618749952.0,-0.21402575075626373
2619687424.0,-0.21810775995254517
2620624896.0,-0.22205513715744019
2621562624.0,-0.22465714812278748
2622500096.0,-0.22579193115234375
2623437568.0,-0.22560051083564758
2624375040.0,-0.2229214906692505
2625312512.0,-0.21932321786880493
2626249984.0,-0.21402092278003693
2627187456.0,-0.2076864093542099
2628124928.0,-0.1995050609111786
2629062400.0,-0.18981163203716278
2630000128.0,-0.17838922142982483
2630937600.0,-0.1658869832754135
2631875072.0,-0.15327900648117065
2632812544.0,-0.1384655088186264
2633750016.0,-0.12210438400506973
2634687488.0,-0.10448969900608063
2635624960.0,-0.08647094666957855
2636562432.0,-0.06899255514144897
2637499904.0,-0.050552837550640106
2638437376.0,-0.03207552805542946
2639375104.0,-0.013189210556447506
2640312576.0,0.005907539278268814
2641250048.0,0.025229783728718758
2642187520.0,0.04437794163823128
2643124992.0,0.06284905225038528
2644062464.0,0.08033077418804169
2644999936.0,0.09725991636514664
2645937408.0,0.11341391503810883
2646874880.0,0.12828342616558075
2647812608.0,0.15383018553256989
2648750080.0,0.16848903894424438
2649687552.0,0.1810009479522705
2650625024.0,0.19113373756408691
2651562496.0,0.1991397738456726
2652499968.0,0.20571447908878326
2653437440.0,0.20857764780521393
2654374912.0,0.21008262038230896
2655312384.0,0.20838458836078644
2656250112.0,0.20488376915454865
2657187584.0,0.1979343742132187
2658125056.0,0.18963219225406647
2659062528.0,0.17888616025447845
2660000000.0,0.16585519909858704
2660937472.0,0.15040382742881775
2661874944.0,0.13454823195934296
2662812416.0,0.11640585958957672
2663749888.0,0.09793892502784729
2664687616.0,0.0785227119922638
2665625088.0,0.05795564502477646
2666562560.0,0.03740078583359718
2667500032.0,0.016466721892356873
2668437504.0,-0.004181331023573875
2669374976.0,-0.024017222225666046
2670312448.0,-0.04370322450995445
2671249920.0,-0.06285020709037781
2672187392.0,-0.08147547394037247
2673125120.0,-0.09770164638757706
2674062592.0,-0.11322160065174103
2675000064.0,-0.12680242955684662
2675937536.0,-0.13889828324317932
2676875008.0,-0.14912807941436768
2677812480.0,-0.15740914642810822
2678749952.0,-0.16377376019954681
2679687424.0,-0.1684650480747223
2680624896.0,-0.1697651445865631
2681562624.0,-0.17023895680904388
2682500096.0,-0.1682819426059723
2683437568.0,-0.16351951658725739
2684375040.0,-0.15835405886173248
2685312512.0,-0.15035469830036163
2686249984.0,-0.14038896560668945
2687187456.0,-0.1298438459634781
2688124928.0,-0.11679715663194656
2689062400.0,-0.10293909907341003
2689999872.0,-0.08724478632211685
2690937600.0,-0.07182566076517105
2691875072.0,-0.055099233984947205
2692812544.0,-0.03672327101230621
2693750016.0,-0.019289853051304817
2694687488.0,-0.001066087861545384
2695624960.0,0.016943734139204025
2696562432.0,0.036041174083948135
2697499904.0,0.053555749356746674
2698437376.0,0.07027018815279007
2699375104.0,0.08740313351154327
2700312576.0,0.1037619560956955
2701250048.0,0.11814901232719421
2702187520.0,0.13311982154846191
2703124992.0,0.14574040472507477
2704062464.0,0.15740303695201874
2704999936.0,0.16862191259860992
2705937408.0,0.17788179218769073
2706874880.0,0.1869424730539322
2707812608.0,0.20581553876399994
2708750080.0,0.21023452281951904
2709687552.0,0.21310563385486603
2710625024.0,0.21531935036182404
2711562496.0,0.21657472848892212
2712499968.0,0.21609927713871002
2713437440.0,0.2148442566394806
2714374912.0,0.21174612641334534
2715312384.0,0.20856508612632751
2716250112.0,0.20370547473430634
2717187584.0,0.19662587344646454
2718125056.0,0.18955470621585846
2719062528.0,0.17859070003032684
2720000000.0,0.16871672868728638
2720937472.0,0.156007781624794
2721874944.0,0.1444328874349594
2722812416.0,0.12889786064624786
2723749888.0,0.11386950314044952
2724687616.0,0.09740044176578522
2725625088.0,0.08073679357767105
2726562560.0,0.06310845166444778
2727500032.0,0.04448555037379265
2728437504.0,0.02617788501083851
2729374976.0,0.006484115030616522
2730312448.0,-0.013411961495876312
2731249920.0,-0.03358786180615425
2732187392.0,-0.05256831273436546
2733125120.0,-0.07178179919719696
2734062592.0,-0.08995021879673004
2735000064.0,-0.10703931748867035
2735937536.0,-0.1229315847158432
2736875008.0,-0.13834606111049652
2737812480.0,-0.15140746533870697
2738749952.0,-0.16363130509853363
2739687424.0,-0.17320819199085236
2740624896.0,-0.1821139007806778
2741562624.0,-0.1878785640001297
2742500096.0,-0.19119228422641754
2743437568.0,-0.19316793978214264
2744375040.0,-0.1921883523464203
2745312512.0,-0.18838053941726685
2746249984.0,-0.18333059549331665
2747187456.0,-0.17527838051319122
2748124928.0,-0.1643611043691635
2749062400.0,-0.1534871608018875
2750000128.0,-0.13912712037563324
2750937600.0,-0.12360021471977234
2751875072.0,-0.10545758157968521
2752812544.0,-0.08655288070440292
2753750016.0,-0.06555957347154617
2754687488.0,-0.04442158341407776
2755624960.0,-0.02255694381892681
2756562432.0,-0.00040520261973142624
2757499904.0,0.02248065173625946
2758437376.0,0.04514773190021515
2759375104.0,0.06588646024465561
2760312576.0,0.08738590031862259
2761250048.0,0.10779871791601181
2762187520.0,0.12696059048175812
2763124992.0,0.14511092007160187
2764062464.0,0.16082695126533508
2764999936.0,0.17603234946727753
2765937408.0,0.18762436509132385
2766874880.0,0.1976478099822998
2767812608.0,0.23907481133937836
2768750080.0,0.24282780289649963
2769687552.0,0.24474143981933594
2770625024.0,0.24402432143688202
2771562496.0,0.2428956776857376
2772499968.0,0.23916000127792358
2773437440.0,0.23557698726654053
2774374912.0,0.2297426462173462
2775312384.0,0.22124168276786804
2776250112.0,0.2129797339439392
2777187584.0,0.20308125019073486
2778125056.0,0.19159695506095886
2779062528.0,0.17975004017353058
2780000000.0,0.16721771657466888
2780937472.0,0.1543264389038086
2781874944.0,0.13980545103549957
2782812416.0,0.12568329274654388
2783749888.0,0.1100134626030922
2784687616.0,0.0946151465177536
2785625088.0,0.07908836752176285
2786562560.0,0.06339811533689499
2787500032.0,0.04810693860054016
2788437504.0,0.032853059470653534
2789374976.0,0.01820361614227295
2790312448.0,0.003960070665925741
2791249920.0,-0.010633766651153564
2792187392.0,-0.023686230182647705
2793125120.0,-0.03621887415647507
2794062592.0,-0.04709401726722717
2795000064.0,-0.05865420028567314
2795937536.0,-0.06821147352457047
2796875008.0,-0.07699157297611237
2797812480.0,-0.08482085168361664
2798749952.0,-0.09062868356704712
2799687424.0,-0.09577812254428864
2800624896.0,-0.09947583079338074
2801562624.0,-0.10177534818649292
2802500096.0,-0.10120903700590134
2803437568.0,-0.10060980916023254
2804375040.0,-0.09802553057670593
2805312512.0,-0.093575119972229
2806249984.0,-0.08856082707643509
2807187456.0,-0.08119168877601624
2808124928.0,-0.0737931951880455
2809062400.0,-0.06313364952802658
2809999872.0,-0.05213760584592819
2810937600.0,-0.03989313542842865
2811875072.0,-0.026329558342695236
2812812544.0,-0.012213257141411304
2813750016.0,0.003457551822066307
2814687488.0,0.020227812230587006
2815624960.0,0.036456577479839325
2816562432.0,0.053533848375082016
2817499904.0,0.07056500017642975
2818437376.0,0.08840682357549667
2819375104.0,0.10532321035861969
2820312576.0,0.1224435567855835
2821250048.0,0.13885819911956787
2822187520.0,0.15443390607833862
2823124992.0,0.16962583363056183
2824062464.0,0.18325364589691162
2824999936.0,0.19637875258922577
2825937408.0,0.20705145597457886
2826874880.0,0.21786852180957794
2827812608.0,0.23148967325687408
2828750080.0,0.2365909218788147
2829687552.0,0.23970337212085724
2830625024.0,0.24207578599452972
2831562496.0,0.2408932000398636
2832499968.0,0.2386501282453537
2833437440.0,0.23378778994083405
2834374912.0,0.22822146117687225
2835312384.0,0.22008198499679565
2836250112.0,0.21055985987186432
2837187584.0,0.20046964287757874
2838125056.0,0.1876373142004013
2839062528.0,0.17440101504325867
2840000000.0,0.15945616364479065
2840937472.0,0.14392130076885223
2841874944.0,0.12846402823925018
2842812416.0,0.1116255447268486
2843749888.0,0.09375523775815964
2844687616.0,0.07645070552825928
2845625088.0,0.05889632925391197
2846562560.0,0.041216783225536346
2847500032.0,0.02340797893702984
2848437504.0,0.006391756236553192
2849374976.0,-0.010022126138210297
2850312448.0,-0.026418248191475868
2851249920.0,-0.04088088497519493
2852187392.0,-0.05549449846148491
2853125120.0,-0.06858815252780914
2854062592.0,-0.08039765059947968
2855000064.0,-0.08981084078550339
2855937536.0,-0.09953370690345764
2856875008.0,-0.10611831396818161
2857812480.0,-0.1114199236035347
2858749952.0,-0.1159413754940033
2859687424.0,-0.11859765648841858
2860624896.0,-0.11909033358097076
2861562624.0,-0.11740846186876297
2862500096.0,-0.11507672071456909
2863437568.0,-0.10946015268564224
2864375040.0,-0.10448456555604935
2865312512.0,-0.09538264572620392
2866249984.0,-0.08625652641057968
2867187456.0,-0.07504432648420334
2868124928.0,-0.06314940750598907
2869062400.0,-0.049220599234104156
2870000128.0,-0.034631211310625076
2870937600.0,-0.018854577094316483
2871875072.0,-0.003118695691227913
2872812544.0,0.014208328910171986
2873750016.0,0.030611859634518623
2874687488.0,0.047889187932014465
2875624960.0,0.06526035815477371
2876562432.0,0.08281707018613815
2877499904.0,0.1005244255065918
2878437376.0,0.11725372076034546
2879375104.0,0.13305996358394623
2880312576.0,0.14914388954639435
2881250048.0,0.16409024596214294
2882187520.0,0.1776483803987503
2883124992.0,0.1906757652759552
2884062464.0,0.20229320228099823
2884999936.0,0.21305842697620392
2885937408.0,0.22175924479961395
2886874880.0,0.23024962842464447
2887812608.0,0.21371464431285858
2888750080.0,0.2166585624217987
2889687552.0,0.21976332366466522
2890625024.0,0.22230085730552673
2891562496.0,0.22322873771190643
2892499968.0,0.22280730307102203
2893437440.0,0.22078552842140198
2894374912.0,0.21842916309833527
2895312384.0,0.21455436944961548
2896250112.0,0.20874442160129547
2897187584.0,0.2011401653289795
2898125056.0,0.19220082461833954
2899062528.0,0.1832728236913681
2900000000.0,0.1709408164024353
2900937472.0,0.15889430046081543
2901874944.0,0.1443376988172531
2902812416.0,0.12991128861904144
2903749888.0,0.11412037163972855
2904687616.0,0.09818528592586517
2905625088.0,0.08031652867794037
2906562560.0,0.06252056360244751
2907500032.0,0.044791415333747864
2908437504.0,0.02767857164144516
2909374976.0,0.009519792161881924
2910312448.0,-0.007407057099044323
2911249920.0,-0.02231491729617119
2912187392.0,-0.03833434730768204
2913125120.0,-0.05093924701213837
2914062592.0,-0.06416720151901245
2915000064.0,-0.07568556070327759
2915937536.0,-0.08417123556137085
2916875008.0,-0.09144797921180725
2917812480.0,-0.09603547304868698
2918749952.0,-0.09994235634803772
2919687424.0,-0.10122691839933395
2920624896.0,-0.09940755367279053
2921562624.0,-0.09544652700424194
2922500096.0,-0.09014703333377838
2923437568.0,-0.08283215016126633
2924375040.0,-0.07344139367341995
2925312512.0,-0.062444284558296204
2926249984.0,-0.04930531233549118
2927187456.0,-0.034274790436029434
2928124928.0,-0.019388919696211815
2929062400.0,-0.003197799203917384
2929999872.0,0.013897649012506008
2930937600.0,0.03140265867114067
2931875072.0,0.0488443486392498
2932812544.0,0.06648440659046173
2933750016.0,0.08488369733095169
2934687488.0,0.10157852619886398
2935624960.0,0.11842221021652222
2936562432.0,0.1347663253545761
2937499904.0,0.1480291485786438
2938437376.0,0.16230911016464233
2939375104.0,0.17342717945575714
2940312576.0,0.18476709723472595
2941250048.0,0.19400057196617126
2942187520.0,0.20218594372272491
2943124992.0,0.20852163434028625
2944062464.0,0.21462078392505646
2944999936.0,0.21892721951007843
2945937408.0,0.22107410430908203
2946874880.0,0.22358636558055878
2947812608.0,0.20327962934970856
2948750080.0,0.20074649155139923
2949687552.0,0.1986246407032013
2950625024.0,0.19533602893352509
2951562496.0,0.19219724833965302
2952499968.0,0.1897154450416565
2953437440.0,0.1859470158815384
2954374912.0,0.18166200816631317
2955312384.0,0.17795509099960327
2956250112.0,0.1741226315498352
2957187584.0,0.17048490047454834
2958125056.0,0.1657320111989975
2959062528.0,0.16118492186069489
2960000000.0,0.15675677359104156
2960937472.0,0.15232732892036438
2961874944.0,0.1464160978794098
2962812416.0,0.14103910326957703
2963749888.0,0.13613097369670868
2964687616.0,0.13039347529411316
2965625088.0,0.12383219599723816
2966562560.0,0.11781109124422073
2967500032.0,0.1117774248123169
2968437504.0,0.10517580807209015
2969374976.0,0.09851188957691193
2970312448.0,0.09105967730283737
2971249920.0,0.08419297635555267
2972187392.0,0.07709582149982452
2973125120.0,0.0698947012424469
2974062592.0,0.06240323558449745
2975000064.0,0.05553441867232323
2975937536.0,0.04783594608306885
2976875008.0,0.041033558547496796
2977812480.0,0.03391806036233902
2978749952.0,0.02728804014623165
2979687424.0,0.021310370415449142
2980624896.0,0.01666305586695671
2981562624.0,0.012481987476348877
2982500096.0,0.008418496698141098
2983437568.0,0.004464407451450825
2984375040.0,0.0006699908408336341
2985312512.0,-0.0012488779611885548
2986249984.0,-0.0025050861295312643
2987187456.0,-0.0032385766971856356
2988124928.0,-0.00336566474288702
2989062400.0,-0.003843646729364991
2990000128.0,-0.0029680693987756968
2990937600.0,-0.0016409101663157344
2991875072.0,5.692069680662826e-05
2992812544.0,0.0015088276704773307
2993750016.0,0.0034379742573946714
2994687488.0,0.005495450459420681
2995624960.0,0.00813915953040123
2996562432.0,0.011109912768006325
2997499904.0,0.013470478355884552
2998437376.0,0.016051677986979485
2999375104.0,0.018557727336883545
3000312576.0,0.023800000548362732
3001250048.0,0.026294726878404617
3002187520.0,0.028222912922501564
3003124992.0,0.029415376484394073
3004062464.0,0.03218793869018555
3004999936.0,0.03463926911354065
3005937408.0,0.035829804837703705
3006874880.0,0.03629221022129059
3007812608.0,0.12908828258514404
3008750080.0,0.12667395174503326
3009687552.0,0.12231509387493134
3010625024.0,0.11884067952632904
3011562496.0,0.11542394012212753
3012499968.0,0.11087606102228165
3013437440.0,0.1062006875872612
3014374912.0,0.10112045705318451
3015312384.0,0.0955660417675972
3016250112.0,0.09109020978212357
3017187584.0,0.08487505465745926
3018125056.0,0.07964831590652466
3019062528.0,0.07383515685796738
3020000000.0,0.06840386986732483
3020937472.0,0.061406027525663376
3021874944.0,0.05548004433512688
3022812416.0,0.04972302168607712
3023749888.0,0.0438779853284359
3024687616.0,0.037600621581077576
3025625088.0,0.03232872486114502
3026562560.0,0.025080179795622826
3027500032.0,0.019768396392464638
3028437504.0,0.014452687464654446
3029374976.0,0.00836651399731636
3030312448.0,0.0027491434011608362
3031249920.0,-0.002181947696954012
3032187392.0,-0.0085131311789155
3033125120.0,-0.012782450765371323
3034062592.0,-0.01838558167219162
3035000064.0,-0.02377205342054367
3035937536.0,-0.028867226094007492
3036875008.0,-0.03434758260846138
3037812480.0,-0.03868113085627556
3038749952.0,-0.042759496718645096
3039687424.0,-0.04690256342291832
3040624896.0,-0.05168038234114647
3041562624.0,-0.05425567179918289
3042500096.0,-0.05701146274805069
3043437568.0,-0.060256943106651306
3044375040.0,-0.06164342537522316
3045312512.0,-0.063498355448246
3046249984.0,-0.06522887200117111
3047187456.0,-0.06602340936660767
3048124928.0,-0.06557662039995193
3049062400.0,-0.06538649648427963
3049999872.0,-0.0651528462767601
3050937600.0,-0.06330949068069458
3051875072.0,-0.06108366325497627
3052812544.0,-0.05783824995160103
3053750016.0,-0.05457045137882233
3054687488.0,-0.04937939718365669
3055624960.0,-0.04451495036482811
3056562432.0,-0.038619834929704666
3057499904.0,-0.0313679538667202
3058437376.0,-0.023753609508275986
3059375104.0,-0.015499369241297245
3060312576.0,-0.0067257448099553585
3061250048.0,0.0034703537821769714
3062187520.0,0.013992967084050179
3063124992.0,0.02500530146062374
3064062464.0,0.0368754081428051
3064999936.0,0.048312973231077194
3065937408.0,0.06057523190975189
3066874880.0,0.07377652823925018
3067812608.0,0.1394730806350708
3068750080.0,0.1444239765405655
3069687552.0,0.14839626848697662
3070625024.0,0.15143907070159912
3071562496.0,0.1519290655851364
3072499968.0,0.15196551382541656
3073437440.0,0.150525763630867
3074374912.0,0.14719200134277344
3075312384.0,0.14320045709609985
3076250112.0,0.13688430190086365
3077187584.0,0.13099344074726105
3078125056.0,0.12323267012834549
3079062528.0,0.11422720551490784
3080000000.0,0.10522011667490005
3080937472.0,0.09423674643039703
3081874944.0,0.08470321446657181
3082812416.0,0.07404700666666031
3083749888.0,0.0623086579144001
3084687616.0,0.05109985172748566
3085625088.0,0.040904104709625244
3086562560.0,0.030439740046858788
3087500032.0,0.020528990775346756
3088437504.0,0.01079495344310999
3089374976.0,0.001431618700735271
3090312448.0,-0.006793476175516844
3091249920.0,-0.01366446353495121
3092187392.0,-0.019279152154922485
3093125120.0,-0.024191074073314667
3094062592.0,-0.028788860887289047
3095000064.0,-0.030615197494626045
3095937536.0,-0.032499246299266815
3096875008.0,-0.03277486190199852
3097812480.0,-0.03202144056558609
3098749952.0,-0.029014382511377335
3099687424.0,-0.02605266496539116
3100624896.0,-0.022686731070280075
3101562624.0,-0.01775863580405712
3102500096.0,-0.011850514449179173
3103437568.0,-0.0058855353854596615
3104375040.0,0.0010282370494678617
3105312512.0,0.009988327510654926
3106249984.0,0.017096729949116707
3107187456.0,0.02517305687069893
3108124928.0,0.034003619104623795
3109062400.0,0.04195050895214081
3110000128.0,0.050224825739860535
3110937600.0,0.058832161128520966
3111875072.0,0.06669510155916214
3112812544.0,0.0731554701924324
3113750016.0,0.0814390629529953
3114687488.0,0.08851765841245651
3115624960.0,0.09436418116092682
3116562432.0,0.10118910670280457
3117499904.0,0.10678223520517349
3118437376.0,0.1118975281715393
3119375104.0,0.11568485200405121
3120312576.0,0.12052460014820099
3121250048.0,0.12365614622831345
3122187520.0,0.12659674882888794
3123124992.0,0.1297837644815445
3124062464.0,0.13226111233234406
3124999936.0,0.1345726102590561
3125937408.0,0.13749703764915466
3126874880.0,0.1392417997121811
3127812608.0,0.1451742947101593
3128750080.0,0.145006462931633
3129687552.0,0.14514271914958954
3130625024.0,0.14334294199943542
3131562496.0,0.14231662452220917
3132499968.0,0.14013175666332245
3133437440.0,0.13773685693740845
3134374912.0,0.13420002162456512
3135312384.0,0.13040553033351898
3136250112.0,0.12747520208358765
3137187584.0,0.12539058923721313
3138125056.0,0.12292522937059402
3139062528.0,0.12071754038333893
3140000000.0,0.11946485936641693
3140937472.0,0.11992436647415161
3141874944.0,0.1208006888628006
3142812416.0,0.12374145537614822
3143749888.0,0.1276557594537735
3144687616.0,0.13264842331409454
3145625088.0,0.1385711133480072
3146562560.0,0.1435522735118866
3147500032.0,0.14876434206962585
3148437504.0,0.1523645520210266
3149374976.0,0.15460193157196045
3150312448.0,0.15551583468914032
3151249920.0,0.15494604408740997
3152187392.0,0.15095919370651245
3153125120.0,0.14631934463977814
3154062592.0,0.138510063290596
3155000064.0,0.1289473921060562
3155937536.0,0.11740665137767792
3156875008.0,0.10513310134410858
3157812480.0,0.09125245362520218
3158749952.0,0.07587416470050812
3159687424.0,0.06033147871494293
3160624896.0,0.04498409107327461
3161562624.0,0.029806669801473618
3162500096.0,0.01627497375011444
3163437568.0,0.002645612694323063
3164375040.0,-0.0086027467623353
3165312512.0,-0.018619181588292122
3166249984.0,-0.02674611657857895
3167187456.0,-0.03236952796578407
3168124928.0,-0.03627169504761696
3169062400.0,-0.03711245208978653
3169999872.0,-0.03571191802620888
3170937600.0,-0.031656764447689056
3171875072.0,-0.026444584131240845
3172812544.0,-0.01783820055425167
3173750016.0,-0.00920785591006279
3174687488.0,0.0025895670987665653
3175624960.0,0.015160752460360527
3176562432.0,0.028590386733412743
3177499904.0,0.0427725650370121
3178437376.0,0.05809523165225983
3179375104.0,0.07320604473352432
3180312576.0,0.08872552216053009
3181250048.0,0.10424338281154633
3182187520.0,0.1191856637597084
3183124992.0,0.13367265462875366
3184062464.0,0.1473364382982254
3184999936.0,0.16138271987438202
3185937408.0,0.17352280020713806
3186874880.0,0.18473172187805176
3187812608.0,0.15154114365577698
3188750080.0,0.1474059373140335
3189687552.0,0.14290942251682281
3190625024.0,0.1372438669204712
3191562496.0,0.131374791264534
3192499968.0,0.12555289268493652
3193437440.0,0.12028414756059647
3194374912.0,0.11377052217721939
3195312384.0,0.10875997692346573
3196250112.0,0.10322351008653641
3197187584.0,0.09941251575946808
3198125056.0,0.09418850392103195
3199062528.0,0.09049584716558456
3200000000.0,0.08780369162559509
3200937472.0,0.0866122618317604
3201874944.0,0.08429772406816483
3202812416.0,0.08348728716373444
3203749888.0,0.08346159756183624
3204687616.0,0.08340371400117874
3205625088.0,0.08513101190328598
3206562560.0,0.08596204966306686
3207500032.0,0.08822183310985565
3208437504.0,0.09154420346021652
3209374976.0,0.09281625598669052
3210312448.0,0.09543324261903763
3211249920.0,0.09804145991802216
3212187392.0,0.10106731951236725
3213125120.0,0.10376360267400742
3214062592.0,0.10624800622463226
3215000064.0,0.10958181321620941
3215937536.0,0.1111687570810318
3216875008.0,0.11204931139945984
3217812480.0,0.11422400921583176
3218749952.0,0.1148400604724884
3219687424.0,0.11516027897596359
3220624896.0,0.11577355861663818
3221562624.0,0.11514153331518173
3222500096.0,0.11495168507099152
3223437568.0,0.1132398322224617
3224375040.0,0.112971730530262
3225312512.0,0.11222080886363983
3226249984.0,0.11047022044658661
3227187456.0,0.10922780632972717
3228124928.0,0.10878113657236099
3229062400.0,0.10840635001659393
3230000128.0,0.10774295032024384
3230937600.0,0.10774758458137512
3231875072.0,0.1084386482834816
3232812544.0,0.10947345942258835
3233750016.0,0.11081939190626144
3234687488.0,0.11328810453414917
3235624960.0,0.11544745415449142
3236562432.0,0.1195702999830246
3237499904.0,0.12287645787000656
3238437376.0,0.12804554402828217
3239375104.0,0.1330583542585373
3240312576.0,0.13862727582454681
3241250048.0,0.1441470980644226
3242187520.0,0.15080706775188446
3243124992.0,0.1569540649652481
3244062464.0,0.1632642298936844
3244999936.0,0.16931936144828796
3245937408.0,0.17506316304206848
3246874880.0,0.18022876977920532
3247812608.0,0.09001832455396652
3248750080.0,0.08130921423435211
3249687552.0,0.07267390936613083
3250625024.0,0.06301059573888779
3251562496.0,0.052576690912246704
3252499968.0,0.04312286153435707
3253437440.0,0.03430352360010147
3254374912.0,0.026540616527199745
3255312384.0,0.018824506551027298
3256250112.0,0.014941319823265076
3257187584.0,0.011954961344599724
3258125056.0,0.010548165999352932
3259062528.0,0.012057382613420486
3260000000.0,0.013648455031216145
3260937472.0,0.017067795619368553
3261874944.0,0.02052273228764534
3262812416.0,0.02540227770805359
3263749888.0,0.03042282909154892
3264687616.0,0.03420589119195938
3265625088.0,0.03956981375813484
3266562560.0,0.04478255659341812
3267500032.0,0.04844595491886139
3268437504.0,0.05298103019595146
3269374976.0,0.055674463510513306
3270312448.0,0.05889272317290306
3271249920.0,0.06219339743256569
3272187392.0,0.06466563791036606
3273125120.0,0.06683264672756195
3274062592.0,0.06846258044242859
3275000064.0,0.0703144297003746
3275937536.0,0.07173006981611252
3276875008.0,0.07331584393978119
3277812480.0,0.07504730671644211
3278749952.0,0.07689980417490005
3279687424.0,0.07740630209445953
3280624896.0,0.07849325984716415
3281562624.0,0.07985468953847885
3282500096.0,0.0794292539358139
3283437568.0,0.08105295896530151
3284375040.0,0.08035359531641006
3285312512.0,0.0809469148516655
3286249984.0,0.08059073239564896
3287187456.0,0.08040481060743332
3288124928.0,0.08003395795822144
3289062400.0,0.08053962886333466
3289999872.0,0.08067575842142105
3290937600.0,0.07982762902975082
3291875072.0,0.07905460894107819
3292812544.0,0.07968708127737045
3293750016.0,0.08079123497009277
3294687488.0,0.08176235109567642
3295624960.0,0.08189520239830017
3296562432.0,0.08306080102920532
3297499904.0,0.08383893966674805
3298437376.0,0.08530931174755096
3299375104.0,0.08770103007555008
3300312576.0,0.08991808444261551
3301250048.0,0.09223762899637222
3302187520.0,0.0962463840842247
3303124992.0,0.09941191971302032
3304062464.0,0.10329826176166534
3304999936.0,0.10754208266735077
3305937408.0,0.11307237297296524
3306874880.0,0.11755510419607162
3307812608.0,0.12942324578762054
3308750080.0,0.1374741643667221
3309687552.0,0.14500777423381805
3310625024.0,0.15288493037223816
3311562496.0,0.1608060598373413
3312499968.0,0.16883574426174164
3313437440.0,0.17632785439491272
3314374912.0,0.18373464047908783
3315312384.0,0.19082190096378326
3316250112.0,0.19773343205451965
3317187584.0,0.2029564380645752
3318125056.0,0.2081664800643921
3319062528.0,0.21263162791728973
3320000000.0,0.21611852943897247
3320937472.0,0.21727289259433746
3321874944.0,0.21915985643863678
3322812416.0,0.2189287692308426
3323749888.0,0.21739476919174194
3324687616.0,0.21491260826587677
3325625088.0,0.21157048642635345
3326562560.0,0.2065984606742859
3327500032.0,0.2005418837070465
3328437504.0,0.1935265064239502
3329374976.0,0.18597540259361267
3330312448.0,0.17799553275108337
3331249920.0,0.16766127943992615
3332187392.0,0.15889576077461243
3333125120.0,0.1469779759645462
3334062592.0,0.1358424425125122
3335000064.0,0.12495282292366028
3335937536.0,0.1142028272151947
3336875008.0,0.10326563566923141
3337812480.0,0.09142179787158966
3338749952.0,0.08090358972549438
3339687424.0,0.0707264244556427
3340624896.0,0.060543712228536606
3341562624.0,0.05262567847967148
3342500096.0,0.04371974617242813
3343437568.0,0.03666102886199951
3344375040.0,0.030175568535923958
3345312512.0,0.02438041940331459
3346249984.0,0.021083224564790726
3347187456.0,0.01766214892268181
3348124928.0,0.01590771973133087
3349062400.0,0.014909885823726654
3350000128.0,0.016297684982419014
3350937600.0,0.0182131826877594
3351875072.0,0.02027651108801365
3352812544.0,0.02586975321173668
3353750016.0,0.030613385140895844
3354687488.0,0.03710760548710823
3355624960.0,0.043323662132024765
3356562432.0,0.0512247309088707
3357499904.0,0.05993704870343208
3358437376.0,0.06895794719457626
3359375104.0,0.07779157161712646
3360312576.0,0.08884605020284653
3361250048.0,0.09856443107128143
3362187520.0,0.10799016803503036
3363124992.0,0.11835410445928574
3364062464.0,0.12737467885017395
3364999936.0,0.13679873943328857
3365937408.0,0.1455582231283188
3366874880.0,0.15319286286830902
3367812608.0,0.03611072152853012
3368750080.0,0.03940379619598389
3369687552.0,0.04314632713794708
3370625024.0,0.046501338481903076
3371562496.0,0.04968687519431114
3372499968.0,0.051637571305036545
3373437440.0,0.05274804309010506
3374374912.0,0.05314885079860687
3375312384.0,0.05365370213985443
3376250112.0,0.051280442625284195
3377187584.0,0.048627931624650955
3378125056.0,0.04436149075627327
3379062528.0,0.040502116084098816
3380000000.0,0.034788891673088074
3380937472.0,0.027433285489678383
3381874944.0,0.020003795623779297
3382812416.0,0.0119697917252779
3383749888.0,0.002522452734410763
3384687616.0,-0.007516850251704454
3385625088.0,-0.016868166625499725
3386562560.0,-0.028975026682019234
3387500032.0,-0.038492947816848755
3388437504.0,-0.04989299178123474
3389374976.0,-0.061231207102537155
3390312448.0,-0.07199569046497345
3391249920.0,-0.0818423256278038
3392187392.0,-0.09179370850324631
3393125120.0,-0.10200552642345428
3394062592.0,-0.11076530814170837
3395000064.0,-0.1194186881184578
3395937536.0,-0.1275852918624878
3396875008.0,-0.13351257145404816
3397812480.0,-0.14053289592266083
3398749952.0,-0.1452368199825287
3399687424.0,-0.14903326332569122
3400624896.0,-0.1522572785615921
3401562624.0,-0.15427735447883606
3402500096.0,-0.1561567634344101
3403437568.0,-0.15726464986801147
3404375040.0,-0.1580108404159546
3405312512.0,-0.15760768949985504
3406249984.0,-0.15727131068706512
3407187456.0,-0.15616723895072937
3408124928.0,-0.1556035280227661
3409062400.0,-0.15548664331436157
3409999872.0,-0.1538262665271759
3410937600.0,-0.15526360273361206
3411875072.0,-0.1554390788078308
3412812544.0,-0.15681549906730652
3413750016.0,-0.15951742231845856
3414687488.0,-0.16345658898353577
3415624960.0,-0.16978426277637482
3416562432.0,-0.17557992041110992
3417499904.0,-0.184225395321846
3418437376.0,-0.19537615776062012
3419375104.0,-0.20784425735473633
3420312576.0,-0.22256074845790863
3421250048.0,-0.2392825335264206
3422187520.0,-0.25844278931617737
3423124992.0,-0.27850550413131714
3424062464.0,-0.301738977432251
3424999936.0,-0.3267921209335327
3425937408.0,-0.3529008626937866
3426874880.0,-0.3810427784919739
3427812608.0,-0.41074880957603455
3428750080.0,-0.43809381127357483
3429687552.0,-0.46545910835266113
3430625024.0,-0.4940122365951538
3431562496.0,-0.5216947793960571
3432499968.0,-0.5495768785476685
3433437440.0,-0.576371967792511
3434374912.0,-0.6041037440299988
3435312384.0,-0.630717396736145
3436250112.0,-0.6567606329917908
3437187584.0,-0.6839246153831482
3438125056.0,-0.710706353187561
3439062528.0,-0.7389451861381531
3440000000.0,-0.7679451107978821
3440937472.0,-0.7989596128463745
3441874944.0,-0.8318096995353699
3442812416.0,-0.866121768951416
3443749888.0,-0.9020087718963623
3444687616.0,-0.9421066641807556
3445625088.0,-0.9847239255905151
3446562560.0,-1.0292260646820068
3447500032.0,-1.0765714645385742
3448437504.0,-1.1278040409088135
3449374976.0,-1.1805342435836792
3450312448.0,-1.2366969585418701
3451249920.0,-1.293534755706787
3452187392.0,-1.3530265092849731
3453125120.0,-1.4139418601989746
3454062592.0,-1.4750698804855347
3455000064.0,-1.5372533798217773
3455937536.0,-1.5980052947998047
3456875008.0,-1.657888412475586
3457812480.0,-1.714500069618225
3458749952.0,-1.7678110599517822
3459687424.0,-1.8174530267715454
3460624896.0,-1.8596614599227905
3461562624.0,-1.8954079151153564
3462500096.0,-1.9222356081008911
3463437568.0,-1.9407585859298706
3464375040.0,-1.95205819606781
3465312512.0,-1.9546250104904175
3466249984.0,-1.9518030881881714
3467187456.0,-1.94083833694458
3468124928.0,-1.92414128780365
3469062400.0,-1.9018880128860474
3470000128.0,-1.8757762908935547
3470937600.0,-1.8436857461929321
3471875072.0,-1.8083258867263794
3472812544.0,-1.7662911415100098
3473750016.0,-1.7212525606155396
3474687488.0,-1.6723166704177856
3475624960.0,-1.6205565929412842
3476562432.0,-1.5684568881988525
3477499904.0,-1.513443946838379
3478437376.0,-1.4573758840560913
3479375104.0,-1.4031857252120972
3480312576.0,-1.3510565757751465
3481250048.0,-1.3036212921142578
3482187520.0,-1.2565646171569824
3483124992.0,-1.2110681533813477
3484062464.0,-1.166162371635437
3484999936.0,-1.1216179132461548
3485937408.0,-1.0787930488586426
3486874880.0,-1.03720223903656
3487812608.0,-1.0323275327682495
3488750080.0,-0.9958241581916809
3489687552.0,-0.9611237645149231
3490625024.0,-0.9286985397338867
3491562496.0,-0.8966901898384094
3492499968.0,-0.8653944134712219
3493437440.0,-0.8359542489051819
3494374912.0,-0.8080840706825256
3495312384.0,-0.7824194431304932
3496250112.0,-0.757860004901886
3497187584.0,-0.7363641262054443
3498125056.0,-0.717735767364502
3499062528.0,-0.7021438479423523
3500000000.0,-0.6871864795684814
3500937472.0,-0.6726359128952026
3501874944.0,-0.6580202579498291
3502812416.0,-0.6461016535758972
3503749888.0,-0.633512020111084
3504687616.0,-0.6201309561729431
3505625088.0,-0.6068351864814758
3506562560.0,-0.5951536297798157
3507500032.0,-0.583185613155365
3508437504.0,-0.571483314037323
3509374976.0,-0.5583571195602417
3510312448.0,-0.546704888343811
3511249920.0,-0.5337697863578796
3512187392.0,-0.5211121439933777
3513125120.0,-0.5076714754104614
3514062592.0,-0.49447277188301086
3515000064.0,-0.47831991314888
3515937536.0,-0.4628714323043823
3516875008.0,-0.4453900158405304
3517812480.0,-0.427663654088974
3518749952.0,-0.40978682041168213
3519687424.0,-0.392005056142807
3520624896.0,-0.3729722201824188
3521562624.0,-0.35399165749549866
3522500096.0,-0.3345431685447693
3523437568.0,-0.31618672609329224
3524375040.0,-0.2972237467765808
3525312512.0,-0.2787943482398987
3526249984.0,-0.2607401907444
3527187456.0,-0.24318362772464752
3528124928.0,-0.2250307947397232
3529062400.0,-0.20806802809238434
3529999872.0,-0.19195140898227692
3530937600.0,-0.17714427411556244
3531875072.0,-0.16466014087200165
3532812544.0,-0.15295732021331787
3533750016.0,-0.14321137964725494
3534687488.0,-0.13552922010421753
3535624960.0,-0.12828382849693298
3536562432.0,-0.12390449643135071
3537499904.0,-0.1204349547624588
3538437376.0,-0.11892939358949661
3539375104.0,-0.1192464753985405
3540312576.0,-0.12180783599615097
3541250048.0,-0.12653779983520508
3542187520.0,-0.13194823265075684
3543124992.0,-0.13854621350765228
3544062464.0,-0.14627020061016083
3544999936.0,-0.1543831080198288
3545937408.0,-0.16514773666858673
3546874880.0,-0.17501915991306305
3547812608.0,-0.2085302472114563
3548750080.0,-0.19826191663742065
3549687552.0,-0.18990230560302734
3550625024.0,-0.18179462850093842
3551562496.0,-0.1732170581817627
3552499968.0,-0.16599343717098236
3553437440.0,-0.15796206891536713
3554374912.0,-0.15248677134513855
3555312384.0,-0.14814388751983643
3556250112.0,-0.14456766843795776
3557187584.0,-0.14129352569580078
3558125056.0,-0.13834935426712036
3559062528.0,-0.1366857886314392
3560000000.0,-0.13335464894771576
3560937472.0,-0.13184605538845062
3561874944.0,-0.12915852665901184
3562812416.0,-0.12647350132465363
3563749888.0,-0.12345164269208908
3564687616.0,-0.11980093270540237
3565625088.0,-0.11691742390394211
3566562560.0,-0.11496514081954956
3567500032.0,-0.11256703734397888
3568437504.0,-0.11023098230361938
3569374976.0,-0.10751565545797348
3570312448.0,-0.10409164428710938
3571249920.0,-0.10155067592859268
3572187392.0,-0.09964069724082947
3573125120.0,-0.09564632922410965
3574062592.0,-0.09262165427207947
3575000064.0,-0.08959715813398361
3575937536.0,-0.08654411137104034
3576875008.0,-0.08157285302877426
3577812480.0,-0.07834351807832718
3578749952.0,-0.07450559735298157
3579687424.0,-0.06997783482074738
3580624896.0,-0.06694521754980087
3581562624.0,-0.06325732171535492
3582500096.0,-0.05963287502527237
3583437568.0,-0.05695559084415436
3584375040.0,-0.05410180613398552
3585312512.0,-0.052180614322423935
3586249984.0,-0.049176983535289764
3587187456.0,-0.04742462933063507
3588124928.0,-0.0452212356030941
3589062400.0,-0.04334013909101486
3590000128.0,-0.04197467491030693
3590937600.0,-0.04169341176748276
3591875072.0,-0.04154184088110924
3592812544.0,-0.041743651032447815
3593750016.0,-0.041683584451675415
3594687488.0,-0.043882351368665695
3595624960.0,-0.04583539813756943
3596562432.0,-0.04734830930829048
3597499904.0,-0.05105925723910332
3598437376.0,-0.053753096610307693
3599375104.0,-0.05662127956748009
3600312576.0,-0.060036078095436096
3601250048.0,-0.06341015547513962
3602187520.0,-0.06631790846586227
3603124992.0,-0.0688096210360527
3604062464.0,-0.07115936279296875
3604999936.0,-0.07365390658378601
3605937408.0,-0.07617972791194916
3606874880.0,-0.07851061969995499
3607812608.0,-0.083416648209095
3608750080.0,-0.08180270344018936
3609687552.0,-0.07976322621107101
3610625024.0,-0.07992218434810638
3611562496.0,-0.08051086217164993
3612499968.0,-0.08005034178495407
3613437440.0,-0.08163835853338242
3614374912.0,-0.08166337013244629
3615312384.0,-0.08385621011257172
3616250112.0,-0.08579753339290619
3617187584.0,-0.08749566972255707
3618125056.0,-0.0895199328660965
3619062528.0,-0.09208714962005615
3620000000.0,-0.09374106675386429
3620937472.0,-0.09660400450229645
3621874944.0,-0.09909564256668091
3622812416.0,-0.1016063317656517
3623749888.0,-0.10368893295526505
3624687616.0,-0.10571545362472534
3625625088.0,-0.1085265502333641
3626562560.0,-0.11096543818712234
3627500032.0,-0.11310837417840958
3628437504.0,-0.11602973192930222
3629374976.0,-0.11772418022155762
3630312448.0,-0.11840945482254028
3631249920.0,-0.11905720084905624
3632187392.0,-0.11824972182512283
3633125120.0,-0.11738219112157822
3634062592.0,-0.11449167877435684
3635000064.0,-0.11209525167942047
3635937536.0,-0.10834883898496628
3636875008.0,-0.10457730293273926
3637812480.0,-0.09899737685918808
3638749952.0,-0.09259016811847687
3639687424.0,-0.08548411726951599
3640624896.0,-0.07959768176078796
3641562624.0,-0.07208433747291565
3642500096.0,-0.06450340151786804
3643437568.0,-0.055938735604286194
3644375040.0,-0.048387594521045685
3645312512.0,-0.039071932435035706
3646249984.0,-0.03080955147743225
3647187456.0,-0.022489814087748528
3648124928.0,-0.014800657518208027
3649062400.0,-0.00655719917267561
3649999872.0,0.0007516057812608778
3650937600.0,0.00806634221225977
3651875072.0,0.013942873105406761
3652812544.0,0.020097970962524414
3653750016.0,0.025325488299131393
3654687488.0,0.03057977929711342
3655624960.0,0.035193584859371185
3656562432.0,0.03851859271526337
3657499904.0,0.04194071516394615
3658437376.0,0.043706852942705154
3659375104.0,0.04536126181483269
3660312576.0,0.04617131128907204
3661250048.0,0.04596163332462311
3662187520.0,0.04422203078866005
3663124992.0,0.041788727045059204
3664062464.0,0.0380912609398365
3664999936.0,0.033930469304323196
3665937408.0,0.02926339954137802
3666874880.0,0.023117031902074814
3667812608.0,0.014868761412799358
3668750080.0,0.008750607259571552
3669687552.0,0.004491638392210007
3670625024.0,0.00034215982304885983
3671562496.0,-0.004881551954895258
3672499968.0,-0.007166117429733276
3673437440.0,-0.011015063151717186
3674374912.0,-0.012460253201425076
3675312384.0,-0.012439273297786713
3676250112.0,-0.013212858699262142
3677187584.0,-0.013649091124534607
3678125056.0,-0.013834074139595032
3679062528.0,-0.013633190654218197
3680000000.0,-0.012696485966444016
3680937472.0,-0.011212646029889584
3681874944.0,-0.009664015844464302
3682812416.0,-0.008053549565374851
3683749888.0,-0.005363105330616236
3684687616.0,-0.00362988724373281
3685625088.0,-0.001559218391776085
3686562560.0,-0.00024745333939790726
3687500032.0,0.0019253225764259696
3688437504.0,0.004968605004251003
3689374976.0,0.006780614145100117
3690312448.0,0.009401011280715466
3691249920.0,0.011962556280195713
3692187392.0,0.014321941882371902
3693125120.0,0.017085235565900803
3694062592.0,0.0199980977922678
3695000064.0,0.0230795256793499
3695937536.0,0.02538609504699707
3696875008.0,0.02823079563677311
3697812480.0,0.029722943902015686
3698749952.0,0.03186643868684769
3699687424.0,0.03232603892683983
3700624896.0,0.032506316900253296
3701562624.0,0.03294713795185089
3702500096.0,0.031116122379899025
3703437568.0,0.028432797640562057
3704375040.0,0.024974139407277107
3705312512.0,0.019792361184954643
3706249984.0,0.014594879932701588
3707187456.0,0.006743337493389845
3708124928.0,-0.0008711197297088802
3709062400.0,-0.010593278333544731
3710000128.0,-0.01944912225008011
3710937600.0,-0.032166384160518646
3711875072.0,-0.04503557085990906
3712812544.0,-0.05982484295964241
3713750016.0,-0.07564400881528854
3714687488.0,-0.0934186577796936
3715624960.0,-0.11137935519218445
3716562432.0,-0.13051456212997437
3717499904.0,-0.15004003047943115
3718437376.0,-0.1706630140542984
3719375104.0,-0.1907258778810501
3720312576.0,-0.21209308505058289
3721250048.0,-0.2325230985879898
3722187520.0,-0.2536064684391022
3723124992.0,-0.27364057302474976
3724062464.0,-0.291939914226532
3724999936.0,-0.3112204372882843
3725937408.0,-0.3271491527557373
3726874880.0,-0.33993765711784363
3727812608.0,-0.02712576650083065
3728750080.0,-0.02672983892261982
3729687552.0,-0.025614263489842415
3730625024.0,-0.027366941794753075
3731562496.0,-0.029897533357143402
3732499968.0,-0.03241775184869766
3733437440.0,-0.035080526024103165
3734374912.0,-0.03770597279071808
3735312384.0,-0.042780790477991104
3736250112.0,-0.044229064136743546
3737187584.0,-0.04628530144691467
3738125056.0,-0.04796084389090538
3739062528.0,-0.04913309961557388
3740000000.0,-0.049187831580638885
3740937472.0,-0.0485687330365181
3741874944.0,-0.04617789387702942
3742812416.0,-0.043807461857795715
3743749888.0,-0.039688315242528915
3744687616.0,-0.03509312868118286
3745625088.0,-0.02954317070543766
3746562560.0,-0.023499563336372375
3747500032.0,-0.01716451905667782
3748437504.0,-0.00910232961177826
3749374976.0,-0.0005224132328294218
3750312448.0,0.009682057425379753
3751249920.0,0.01981942541897297
3752187392.0,0.030358275398612022
3753125120.0,0.0408056415617466
3754062592.0,0.05160752311348915
3755000064.0,0.06259999424219131
3755937536.0,0.07228453457355499
3756875008.0,0.08312738686800003
3757812480.0,0.09191703796386719
3758749952.0,0.10111033916473389
3759687424.0,0.10806889086961746
3760624896.0,0.116146981716156
3761562624.0,0.12196851521730423
3762500096.0,0.12639547884464264
3763437568.0,0.12918853759765625
3764375040.0,0.13201510906219482
3765312512.0,0.1314104199409485
3766249984.0,0.13034984469413757
3767187456.0,0.12820221483707428
3768124928.0,0.12331321090459824
3769062400.0,0.11809927970170975
3769999872.0,0.11072976142168045
3770937600.0,0.10226661711931229
3771875072.0,0.09310788661241531
3772812544.0,0.08188433200120926
3773750016.0,0.07168659567832947
3774687488.0,0.060197509825229645
3775624960.0,0.047699932008981705
3776562432.0,0.03491157665848732
3777499904.0,0.02297399565577507
3778437376.0,0.010258704423904419
3779375104.0,-0.0011693562846630812
3780312576.0,-0.01420113816857338
3781250048.0,-0.02627338469028473
3782187520.0,-0.03741983696818352
3783124992.0,-0.04910154640674591
3784062464.0,-0.06083442643284798
3784999936.0,-0.0716259777545929
3785937408.0,-0.08087218552827835
3786874880.0,-0.07232385128736496
3787812608.0,-0.07541961222887039
3788750080.0,-0.07932790368795395
3789687552.0,-0.08339088410139084
3790625024.0,-0.08675532788038254
3791562496.0,-0.09048081934452057
3792499968.0,-0.09361027181148529
3793437440.0,-0.0977516695857048
3794374912.0,-0.1005794033408165
3795312384.0,-0.10122645646333694
3796250112.0,-0.10235781967639923
3797187584.0,-0.10153966397047043
3798125056.0,-0.10048925876617432
3799062528.0,-0.09818264842033386
3800000000.0,-0.09514058381319046
3800937472.0,-0.09058897942304611
3801874944.0,-0.08555541187524796
3802812416.0,-0.07993612438440323
3803749888.0,-0.07403358072042465
3804687616.0,-0.06491069495677948
3805625088.0,-0.05661299079656601
3806562560.0,-0.04770249128341675
3807500032.0,-0.038811035454273224
3808437504.0,-0.028926970437169075
3809374976.0,-0.019679144024848938
3810312448.0,-0.011220634914934635
3811249920.0,-0.00204294640570879
3812187392.0,0.006755400449037552
3813125120.0,0.01342506892979145
3814062592.0,0.020535431802272797
3815000064.0,0.026628699153661728
3815937536.0,0.033414535224437714
3816875008.0,0.03860332444310188
3817812480.0,0.04294923320412636
3818749952.0,0.04653755575418472
3819687424.0,0.050186946988105774
3820624896.0,0.05215601623058319
3821562624.0,0.05440603941679001
3822500096.0,0.05467325448989868
3823437568.0,0.0530790276825428
3824375040.0,0.0516730472445488
3825312512.0,0.04885178431868553
3826249984.0,0.04584401473402977
3827187456.0,0.04307211562991142
3828124928.0,0.03798782452940941
3829062400.0,0.034396376460790634
3830000128.0,0.030021583661437035
3830937600.0,0.02549554780125618
3831875072.0,0.019466252997517586
3832812544.0,0.014798338524997234
3833750016.0,0.009027459658682346
3834687488.0,0.0027833785861730576
3835624960.0,-0.003463743021711707
3836562432.0,-0.009316776879131794
3837499904.0,-0.014799338765442371
3838437376.0,-0.01941346377134323
3839375104.0,-0.025452205911278725
3840312576.0,-0.030334945768117905
3841250048.0,-0.03486504778265953
3842187520.0,-0.03942611441016197
3843124992.0,-0.043188441544771194
3844062464.0,-0.04755951091647148
3844999936.0,-0.05142571032047272
3845937408.0,-0.053687889128923416
3846874880.0,-0.05025840178132057
3847812608.0,-0.053435370326042175
3848750080.0,-0.05527864024043083
3849687552.0,-0.05685858801007271
3850625024.0,-0.05906560271978378
3851562496.0,-0.06101369485259056
3852499968.0,-0.061371076852083206
3853437440.0,-0.06251486390829086
3854374912.0,-0.06377197057008743
3855312384.0,-0.06460887938737869
3856250112.0,-0.06586401164531708
3857187584.0,-0.06498859822750092
3858125056.0,-0.06430995464324951
3859062528.0,-0.06325437128543854
3860000000.0,-0.0613991804420948
3860937472.0,-0.05950536951422691
3861874944.0,-0.056623924523591995
3862812416.0,-0.05409377068281174
3863749888.0,-0.05252150818705559
3864687616.0,-0.051154620945453644
3865625088.0,-0.051603201776742935
3866562560.0,-0.05385914444923401
3867500032.0,-0.058123860508203506
3868437504.0,-0.06368131935596466
3869374976.0,-0.07118289917707443
3870312448.0,-0.0807669535279274
3871249920.0,-0.09093672037124634
3872187392.0,-0.10090416669845581
3873125120.0,-0.11277147382497787
3874062592.0,-0.12371482700109482
3875000064.0,-0.13538312911987305
3875937536.0,-0.1463664323091507
3876875008.0,-0.15661725401878357
3877812480.0,-0.16506946086883545
3878749952.0,-0.17253141105175018
3879687424.0,-0.17693834006786346
3880624896.0,-0.17988446354866028
3881562624.0,-0.18133823573589325
3882500096.0,-0.17992855608463287
3883437568.0,-0.1765664666891098
3884375040.0,-0.17142945528030396
3885312512.0,-0.1646924912929535
3886249984.0,-0.15647763013839722
3887187456.0,-0.14667734503746033
3888124928.0,-0.1358116716146469
3889062400.0,-0.12362255156040192
3889999872.0,-0.11189792305231094
3890937600.0,-0.09980892390012741
3891875072.0,-0.08853082358837128
3892812544.0,-0.0767413079738617
3893750016.0,-0.06586398929357529
3894687488.0,-0.056311119347810745
3895624960.0,-0.04685676842927933
3896562432.0,-0.03811254724860191
3897499904.0,-0.031314436346292496
3898437376.0,-0.026614446192979813
3899375104.0,-0.021581057459115982
3900312576.0,-0.01821996457874775
3901250048.0,-0.015662362799048424
3902187520.0,-0.012455308809876442
3903124992.0,-0.01152105163782835
3904062464.0,-0.010732162743806839
3904999936.0,-0.008738677017390728
3905937408.0,-0.008131822571158409
3906874880.0,-0.01780611090362072
3907812608.0,-0.026111725717782974
3908750080.0,-0.03245013579726219
3909687552.0,-0.038786888122558594
3910625024.0,-0.04124769940972328
3911562496.0,-0.042460210621356964
3912499968.0,-0.042366478592157364
3913437440.0,-0.03888022154569626
3914374912.0,-0.03523219749331474
3915312384.0,-0.029868442565202713
3916250112.0,-0.023216454312205315
3917187584.0,-0.013893252238631248
3918125056.0,-0.004516548942774534
3919062528.0,0.0056573012843728065
3920000000.0,0.016424382105469704
3920937472.0,0.028293104842305183
3921874944.0,0.04034479707479477
3922812416.0,0.051221176981925964
3923749888.0,0.061488281935453415
3924687616.0,0.07170409709215164
3925625088.0,0.08173082023859024
3926562560.0,0.0896548330783844
3927500032.0,0.09633131325244904
3928437504.0,0.10179517418146133
3929374976.0,0.10588274896144867
3930312448.0,0.10946570336818695
3931249920.0,0.11084432154893875
3932187392.0,0.11161303520202637
3933125120.0,0.11089947074651718
3934062592.0,0.10822758823633194
3935000064.0,0.10293540358543396
3935937536.0,0.09716691076755524
3936875008.0,0.08939237147569656
3937812480.0,0.07929376512765884
3938749952.0,0.07073424011468887
3939687424.0,0.06034146994352341
3940624896.0,0.04791412875056267
3941562624.0,0.03542926162481308
3942500096.0,0.02269015833735466
3943437568.0,0.00854257307946682
3944375040.0,-0.004391896538436413
3945312512.0,-0.017604628577828407
3946249984.0,-0.031118476763367653
3947187456.0,-0.044451966881752014
3948124928.0,-0.057753629982471466
3949062400.0,-0.07189928740262985
3950000128.0,-0.08324551582336426
3950937600.0,-0.09544552862644196
3951875072.0,-0.10684165358543396
3952812544.0,-0.11714006960391998
3953750016.0,-0.12617914378643036
3954687488.0,-0.13528765738010406
3955624960.0,-0.14329536259174347
3956562432.0,-0.15119928121566772
3957499904.0,-0.15823161602020264
3958437376.0,-0.16441889107227325
3959375104.0,-0.16981814801692963
3960312576.0,-0.1746741682291031
3961250048.0,-0.18049992620944977
3962187520.0,-0.18592119216918945
3963124992.0,-0.1907280683517456
3964062464.0,-0.19545739889144897
3964999936.0,-0.20027269423007965
3965937408.0,-0.20478825271129608
3966874880.0,-0.09636711329221725
3967812608.0,-0.10281339287757874
3968750080.0,-0.1087166890501976
3969687552.0,-0.11290781199932098
3970625024.0,-0.11739686876535416
3971562496.0,-0.11915642023086548
3972499968.0,-0.12142355740070343
3973437440.0,-0.12264600396156311
3974374912.0,-0.12229041010141373
3975312384.0,-0.12115946412086487
3976250112.0,-0.11940376460552216
3977187584.0,-0.11754342168569565
3978125056.0,-0.11407827585935593
3979062528.0,-0.10993058234453201
3980000000.0,-0.10465306043624878
3980937472.0,-0.09937240928411484
3981874944.0,-0.09430813789367676
3982812416.0,-0.08910954743623734
3983749888.0,-0.08275403827428818
3984687616.0,-0.07669728249311447
3985625088.0,-0.07018060982227325
3986562560.0,-0.06399177759885788
3987500032.0,-0.05840304121375084
3988437504.0,-0.051470208913087845
3989374976.0,-0.045803252607584
3990312448.0,-0.03987789526581764
3991249920.0,-0.03477848693728447
3992187392.0,-0.031203418970108032
3993125120.0,-0.026630178093910217
3994062592.0,-0.02298925258219242
3995000064.0,-0.02106526680290699
3995937536.0,-0.019713567569851875
3996875008.0,-0.017790913581848145
3997812480.0,-0.01734202541410923
3998749952.0,-0.01833377778530121
3999687424.0,-0.017517510801553726
4000624896.0,-0.010741151869297028
4001562624.0,-0.01615370251238346
4002500096.0,-0.022593148052692413
4003437568.0,-0.028347941115498543
4004375040.0,-0.03582387417554855
4005312512.0,-0.042607374489307404
4006249984.0,-0.05072978138923645
4007187456.0,-0.05925549939274788
4008124928.0,-0.06723309308290482
4009062400.0,-0.07545459270477295
4009999872.0,-0.08401033282279968
4010937600.0,-0.09337211400270462
4011875072.0,-0.10225612670183182
4012812544.0,-0.11055348813533783
4013750016.0,-0.11844394356012344
4014687488.0,-0.12745477259159088
4015624960.0,-0.13659358024597168
4016562432.0,-0.14437097311019897
4017499904.0,-0.15221823751926422
4018437376.0,-0.15986625850200653
4019375104.0,-0.1676466464996338
4020312576.0,-0.17403611540794373
4021250048.0,-0.18085919320583344
4022187520.0,-0.18614469468593597
4023124992.0,-0.19096216559410095
4024062464.0,-0.19688032567501068
4024999936.0,-0.20035254955291748
4025937408.0,-0.2045828104019165
4026874880.0,-0.19733215868473053
4027812608.0,-0.19938796758651733
4028750080.0,-0.20163346827030182
4029687552.0,-0.20401933789253235
4030625024.0,-0.205840066075325
4031562496.0,-0.20783458650112152
4032499968.0,-0.20922085642814636
4033437440.0,-0.21020261943340302
4034374912.0,-0.2109612375497818
4035312384.0,-0.2114860713481903
4036250112.0,-0.21189191937446594
4037187584.0,-0.21181261539459229
4038125056.0,-0.21079322695732117
4039062528.0,-0.21161411702632904
4040000000.0,-0.21048405766487122
4040937472.0,-0.20923660695552826
4041874944.0,-0.20736289024353027
4042812416.0,-0.20416203141212463
4043749888.0,-0.20072026550769806
4044687616.0,-0.1970737874507904
4045625088.0,-0.19203419983386993
4046562560.0,-0.18503929674625397
4047500032.0,-0.17837925255298615
4048437504.0,-0.17097893357276917
4049374976.0,-0.1622869074344635
4050312448.0,-0.15353743731975555
4051249920.0,-0.1419583261013031
4052187392.0,-0.13129444420337677
4053125120.0,-0.12006880342960358
4054062592.0,-0.10792571306228638
4055000064.0,-0.09586529433727264
4055937536.0,-0.08365079015493393
4056875008.0,-0.0714510977268219
4057812480.0,-0.059282612055540085
4058749952.0,-0.04660153388977051
4059687424.0,-0.03476335108280182
4060624896.0,-0.023565707728266716
4061562624.0,-0.012836182489991188
4062500096.0,-0.002486005425453186
4063437568.0,0.006609628442674875
4064375040.0,0.01519230380654335
4065312512.0,0.023316266015172005
4066249984.0,0.029815776273608208
4067187456.0,0.03501933068037033
4068124928.0,0.03968342766165733
4069062400.0,0.04256359115242958
4070000128.0,0.04483448714017868
4070937600.0,0.04555287957191467
4071875072.0,0.04436955228447914
4072812544.0,0.04240868240594864
4073750016.0,0.03897225111722946
4074687488.0,0.0355791300535202
4075624960.0,0.03051234781742096
4076562432.0,0.02524746209383011
4077499904.0,0.017558421939611435
4078437376.0,0.009436067193746567
4079375104.0,0.0018566509243100882
4080312576.0,-0.008074852637946606
4081250048.0,-0.01753409579396248
4082187520.0,-0.02740481123328209
4083124992.0,-0.037554048001766205
4084062464.0,-0.047516047954559326
4084999936.0,-0.05759843811392784
4085937408.0,-0.06626556068658829
4086874880.0,-0.09108218550682068
4087812608.0,-0.09753288328647614
4088750080.0,-0.10323231667280197
4089687552.0,-0.1076778993010521
4090625024.0,-0.1117824912071228
4091562496.0,-0.11392418295145035
4092499968.0,-0.11637468636035919
4093437440.0,-0.11841849237680435
4094374912.0,-0.11957541853189468
4095312384.0,-0.12099334597587585
4096250112.0,-0.12216075509786606
4097187584.0,-0.12356208264827728
4098125056.0,-0.12538598477840424
4099062528.0,-0.12689970433712006
4100000000.0,-0.12818662822246552
4100937472.0,-0.13035953044891357
4101874944.0,-0.13169345259666443
4102812416.0,-0.13474832475185394
4103749888.0,-0.13508214056491852
4104687616.0,-0.13686469197273254
4105625088.0,-0.1394934505224228
4106562560.0,-0.14058709144592285
4107500032.0,-0.14266474545001984
4108437504.0,-0.14424987137317657
4109374976.0,-0.14488078653812408
4110312448.0,-0.14636783301830292
4111249920.0,-0.14755772054195404
4112187392.0,-0.1491740494966507
4113125120.0,-0.1482769101858139
4114062592.0,-0.14917659759521484
4115000064.0,-0.14847153425216675
4115937536.0,-0.14672642946243286
4116875008.0,-0.14533840119838715
4117812480.0,-0.14361463487148285
4118749952.0,-0.14177660644054413
4119687424.0,-0.13807569444179535
4120624896.0,-0.1356421560049057
4121562624.0,-0.13161568343639374
4122500096.0,-0.12687930464744568
4123437568.0,-0.12347443401813507
4124375040.0,-0.11845707893371582
4125312512.0,-0.1156219094991684
4126249984.0,-0.11058539152145386
4127187456.0,-0.10521291196346283
4128124928.0,-0.10162151604890823
4129062400.0,-0.0973532497882843
4129999872.0,-0.09378883242607117
4130937600.0,-0.08862623572349548
4131875072.0,-0.08548782020807266
4132812544.0,-0.08215589821338654
4133750016.0,-0.07816871255636215
4134687488.0,-0.07555472105741501
4135624960.0,-0.0720243975520134
4136562432.0,-0.06921708583831787
4137499904.0,-0.06707560271024704
4138437376.0,-0.06393913179636002
4139375104.0,-0.06184699013829231
4140312576.0,-0.05865531787276268
4141250048.0,-0.056672774255275726
4142187520.0,-0.053781744092702866
4143124992.0,-0.05268602818250656
4144062464.0,-0.04929940029978752
4144999936.0,-0.04794926941394806
4145937408.0,-0.04612224921584129
4146874880.0,-0.08516515046358109
4147812608.0,-0.08765321224927902
4148750080.0,-0.08860931545495987
4149687552.0,-0.09007620811462402
4150625024.0,-0.0900314450263977
4151562496.0,-0.08963043242692947
4152499968.0,-0.08818680047988892
4153437440.0,-0.0851738229393959
4154374912.0,-0.08210286498069763
4155312384.0,-0.07882474362850189
4156250112.0,-0.07491044700145721
4157187584.0,-0.06977568566799164
4158125056.0,-0.06438082456588745
4159062528.0,-0.05881481617689133
4160000000.0,-0.0543723963201046
4160937472.0,-0.04934569448232651
4161874944.0,-0.043892405927181244
4162812416.0,-0.039751943200826645
4163749888.0,-0.0368957482278347
4164687616.0,-0.032845865935087204
4165625088.0,-0.03224209323525429
4166562560.0,-0.029701389372348785
4167500032.0,-0.028637142851948738
4168437504.0,-0.027887064963579178
4169374976.0,-0.027222992852330208
4170312448.0,-0.02708865888416767
4171249920.0,-0.02835598587989807
4172187392.0,-0.030401136726140976
4173125120.0,-0.03306986019015312
4174062592.0,-0.03644236922264099
4175000064.0,-0.040255527943372726
4175937536.0,-0.04408305883407593
4176875008.0,-0.04851936548948288
4177812480.0,-0.053915202617645264
4178749952.0,-0.058944590389728546
4179687424.0,-0.06410536170005798
4180624896.0,-0.07002714276313782
4181562624.0,-0.07617077976465225
4182500096.0,-0.08168692886829376
4183437568.0,-0.08680862188339233
4184375040.0,-0.09223423153162003
4185312512.0,-0.09680737555027008
4186249984.0,-0.10106398910284042
4187187456.0,-0.10543052852153778
4188124928.0,-0.10922574996948242
4189062400.0,-0.11152270436286926
4190000128.0,-0.11484602838754654
4190937600.0,-0.11844480037689209
4191875072.0,-0.1214674562215805
4192812544.0,-0.12445930391550064
4193750016.0,-0.1274605244398117
4194687488.0,-0.13115979731082916
4195624960.0,-0.13412007689476013
4196562432.0,-0.13742272555828094
4197499904.0,-0.14135752618312836
4198437376.0,-0.1452087014913559
4199375104.0,-0.1503884494304657
4200312576.0,-0.1548774391412735
4201250048.0,-0.15987496078014374
4202187520.0,-0.16513943672180176
4203124992.0,-0.1707427054643631
4204062464.0,-0.17572209239006042
4204999936.0,-0.18181036412715912
4205937408.0,-0.1870366781949997
4206874880.0,-0.17742352187633514
4207812608.0,-0.18331265449523926
4208750080.0,-0.1871042400598526
4209687552.0,-0.19174830615520477
4210625024.0,-0.19545325636863708
4211562496.0,-0.19855952262878418
4212499968.0,-0.20160040259361267
4213437440.0,-0.2036094218492508
4214374912.0,-0.20534510910511017
4215312384.0,-0.2048812210559845
4216250112.0,-0.20343229174613953
4217187584.0,-0.20076455175876617
4218125056.0,-0.1965649276971817
4219062528.0,-0.1909661591053009
4220000000.0,-0.18158352375030518
4220937472.0,-0.17290911078453064
4221874944.0,-0.16074423491954803
4222812416.0,-0.14844319224357605
4223749888.0,-0.13487443327903748
4224687616.0,-0.12035900354385376
4225625088.0,-0.10588761419057846
4226562560.0,-0.09012667089700699
4227500032.0,-0.07385090738534927
4228437504.0,-0.057564910501241684
4229374976.0,-0.03959750756621361
4230312448.0,-0.023812584578990936
4231249920.0,-0.0067297290079295635
4232187392.0,0.011064006946980953
4233125120.0,0.0273650623857975
4234062592.0,0.04415299743413925
4235000064.0,0.058591973036527634
4235937536.0,0.0741376206278801
4236875008.0,0.08712015300989151
4237812480.0,0.10001903027296066
4238749952.0,0.11109612137079239
4239687424.0,0.12151835113763809
4240624896.0,0.1309150606393814
4241562624.0,0.13677887618541718
4242500096.0,0.14384277164936066
4243437568.0,0.14641769230365753
4244375040.0,0.1491154581308365
4245312512.0,0.14945007860660553
4246249984.0,0.14838169515132904
4247187456.0,0.14502204954624176
4248124928.0,0.14148131012916565
4249062400.0,0.13483919203281403
4249999872.0,0.12640948593616486
4250937600.0,0.11600469797849655
4251875072.0,0.1043989509344101
4252812544.0,0.09140706062316895
4253750016.0,0.07611169666051865
4254687488.0,0.058869633823633194
4255624960.0,0.04288693144917488
4256562432.0,0.024641748517751694
4257499904.0,0.0052686347626149654
4258437376.0,-0.015404588542878628
4259375104.0,-0.03612172231078148
4260312576.0,-0.05869894474744797
4261250048.0,-0.0814470574259758
4262187520.0,-0.1040014773607254
4263124992.0,-0.12707367539405823
4264062464.0,-0.14911328256130219
4264999936.0,-0.17132247984409332
4265937408.0,-0.19277390837669373
4266874880.0,-0.20533499121665955
4267812608.0,-0.2144700288772583
4268750080.0,-0.22349929809570312
4269687552.0,-0.2312754988670349
4270625024.0,-0.2393936663866043
4271562496.0,-0.2466222494840622
4272499968.0,-0.25140145421028137
4273437440.0,-0.256872296333313
4274374912.0,-0.25906065106391907
4275312384.0,-0.2612158954143524
4276250112.0,-0.2604394555091858
4277187584.0,-0.2580163776874542
4278125056.0,-0.25360575318336487
4279062528.0,-0.24651822447776794
4280000000.0,-0.23781195282936096
4280937472.0,-0.22752799093723297
4281874944.0,-0.21308760344982147
4282812416.0,-0.19756709039211273
4283749888.0,-0.1805085986852646
4284687616.0,-0.16249994933605194
4285625088.0,-0.14142367243766785
4286562560.0,-0.12033253163099289
4287500032.0,-0.09728958457708359
4288437504.0,-0.073744997382164
4289374976.0,-0.05078935623168945
4290312448.0,-0.025556165724992752
4291249920.0,-0.000705719634424895
4292187392.0,0.023792553693056107
4293125120.0,0.04656245931982994
4294062592.0,0.06874015182256699
4295000064.0,0.08988237380981445
4295937536.0,0.10830868035554886
4296875008.0,0.12547731399536133
4297812480.0,0.14218558371067047
4298749952.0,0.1553250551223755
4299687424.0,0.16704101860523224
4300624896.0,0.17682486772537231
4301562368.0,0.1835581660270691
4302499840.0,0.18752871453762054
4303437312.0,0.18939217925071716
4304374784.0,0.1880256086587906
4305312256.0,0.18505316972732544
4306250240.0,0.17857743799686432
4307187712.0,0.1715967059135437
4308125184.0,0.1612527221441269
4309062656.0,0.14803054928779602
4310000128.0,0.13381390273571014
4310937600.0,0.11683680862188339
4311875072.0,0.09891155362129211
4312812544.0,0.08078738301992416
4313750016.0,0.06172602251172066
4314687488.0,0.04253779724240303
4315624960.0,0.02262965589761734
4316562432.0,0.0034434297122061253
4317499904.0,-0.015607970766723156
4318437376.0,-0.034462589770555496
4319374848.0,-0.054853033274412155
4320312320.0,-0.0731821209192276
4321249792.0,-0.09054721146821976
4322187264.0,-0.10750292241573334
4323125248.0,-0.1240377128124237
4324062720.0,-0.13805492222309113
4325000192.0,-0.15152159333229065
4325937664.0,-0.16360147297382355
4326875136.0,-0.22294051945209503
4327812608.0,-0.22310611605644226
4328750080.0,-0.2219216525554657
4329687552.0,-0.21916167438030243
4330625024.0,-0.21446362137794495
4331562496.0,-0.20787633955478668
4332499968.0,-0.2020181119441986
4333437440.0,-0.19304479658603668
4334374912.0,-0.18472415208816528
4335312384.0,-0.17638781666755676
4336249856.0,-0.16650903224945068
4337187328.0,-0.15792064368724823
4338124800.0,-0.14804710447788239
4339062272.0,-0.13949193060398102
4339999744.0,-0.13285163044929504
4340937728.0,-0.12537366151809692
4341875200.0,-0.12010486423969269
4342812672.0,-0.11409026384353638
4343750144.0,-0.10942820459604263
4344687616.0,-0.1044117659330368
4345625088.0,-0.09951785951852798
4346562560.0,-0.09571458399295807
4347500032.0,-0.09194886684417725
4348437504.0,-0.08871203660964966
4349374976.0,-0.08684522658586502
4350312448.0,-0.08611494302749634
4351249920.0,-0.08623583614826202
4352187392.0,-0.08747739344835281
4353124864.0,-0.08854153752326965
4354062336.0,-0.08941341191530228
4354999808.0,-0.09022849798202515
4355937280.0,-0.09009077399969101
4356874752.0,-0.0922924354672432
4357812736.0,-0.09475144743919373
4358750208.0,-0.09675388038158417
4359687680.0,-0.10038229078054428
4360625152.0,-0.10316640138626099
4361562624.0,-0.10620784014463425
4362500096.0,-0.10909957438707352
4363437568.0,-0.11250089108943939
4364375040.0,-0.11570122838020325
4365312512.0,-0.1196293979883194
4366249984.0,-0.12228301912546158
4367187456.0,-0.12576264142990112
4368124928.0,-0.1295742690563202
4369062400.0,-0.13238583505153656
4369999872.0,-0.13779841363430023
4370937344.0,-0.14123649895191193
4371874816.0,-0.14672957360744476
4372812288.0,-0.15075691044330597
4373749760.0,-0.1548788994550705
4374687744.0,-0.15954998135566711
4375625216.0,-0.16395220160484314
4376562688.0,-0.16931720077991486
4377500160.0,-0.17508402466773987
4378437632.0,-0.18036730587482452
4379375104.0,-0.18729110062122345
4380312576.0,-0.1929575651884079
4381250048.0,-0.2019130438566208
4382187520.0,-0.20907020568847656
4383124992.0,-0.2180822789669037
4384062464.0,-0.22831344604492188
4384999936.0,-0.23730269074440002
4385937408.0,-0.24887476861476898
4386874880.0,-0.31966298818588257
4387812352.0,-0.3283195197582245
4388749824.0,-0.33579617738723755
4389687296.0,-0.34050896763801575
4390624768.0,-0.34380754828453064
4391562752.0,-0.3452799320220947
4392500224.0,-0.34706592559814453
4393437696.0,-0.34501883387565613
4394375168.0,-0.3426485061645508
4395312640.0,-0.3377193212509155
4396250112.0,-0.3311125934123993
4397187584.0,-0.32244783639907837
4398125056.0,-0.3121033310890198
4399062528.0,-0.29983219504356384
4400000000.0,-0.28647276759147644
4400937472.0,-0.27144545316696167
4401874944.0,-0.25402894616127014
4402812416.0,-0.23664085566997528
4403749888.0,-0.21984359622001648
4404687360.0,-0.20153184235095978
4405624832.0,-0.1816839724779129
4406562304.0,-0.1628718227148056
4407499776.0,-0.14582940936088562
4408437248.0,-0.1275414228439331
4409375232.0,-0.11056629568338394
4410312704.0,-0.09570321440696716
4411250176.0,-0.08166208118200302
4412187648.0,-0.06987754255533218
4413125120.0,-0.05885012447834015
4414062592.0,-0.04968009889125824
4415000064.0,-0.04125899076461792
4415937536.0,-0.03597845882177353
4416875008.0,-0.031270235776901245
4417812480.0,-0.03021271713078022
4418749952.0,-0.03146914392709732
4419687424.0,-0.03506471589207649
4420624896.0,-0.04197365418076515
4421562368.0,-0.05054169148206711
4422499840.0,-0.06035412847995758
4423437312.0,-0.0739801675081253
4424374784.0,-0.08760865032672882
4425312256.0,-0.10421261191368103
4426250240.0,-0.1218680813908577
4427187712.0,-0.14102591574192047
4428125184.0,-0.1604864001274109
4429062656.0,-0.18273182213306427
4430000128.0,-0.20477569103240967
4430937600.0,-0.2286912500858307
4431875072.0,-0.2521669268608093
4432812544.0,-0.276155561208725
4433750016.0,-0.3005206286907196
4434687488.0,-0.32584553956985474
4435624960.0,-0.35029086470603943
4436562432.0,-0.3737511932849884
4437499904.0,-0.3963150680065155
4438437376.0,-0.4184470474720001
4439374848.0,-0.4380325675010681
4440312320.0,-0.4562770426273346
4441249792.0,-0.4735603928565979
4442187264.0,-0.4889487326145172
4443125248.0,-0.5035953521728516
4444062720.0,-0.5142314434051514
4445000192.0,-0.5242486596107483
4445937664.0,-0.5323992967605591
4446875136.0,-0.5426382422447205
4447812608.0,-0.5505288243293762
4448750080.0,-0.5550118088722229
4449687552.0,-0.5579354166984558
4450625024.0,-0.5572770237922668
4451562496.0,-0.557045042514801
4452499968.0,-0.551984965801239
4453437440.0,-0.5463608503341675
4454374912.0,-0.5389756560325623
4455312384.0,-0.5291294455528259
4456249856.0,-0.517294704914093
4457187328.0,-0.5038217306137085
4458124800.0,-0.48982635140419006
4459062272.0,-0.47497910261154175
4460000256.0,-0.45787471532821655
4460937728.0,-0.44206497073173523
4461875200.0,-0.42621469497680664
4462812672.0,-0.40800926089286804
4463750144.0,-0.3919828534126282
4464687616.0,-0.3752129375934601
4465625088.0,-0.3577152192592621
4466562560.0,-0.3423090875148773
4467500032.0,-0.32650527358055115
4468437504.0,-0.3116048574447632
4469374976.0,-0.29897335171699524
4470312448.0,-0.2873622179031372
4471249920.0,-0.27758461236953735
4472187392.0,-0.26874086260795593
4473124864.0,-0.2617633640766144
4474062336.0,-0.25626978278160095
4474999808.0,-0.25236231088638306
4475937280.0,-0.24955278635025024
4476874752.0,-0.24938713014125824
4477812736.0,-0.2511407434940338
4478750208.0,-0.2548426687717438
4479687680.0,-0.26139989495277405
4480625152.0,-0.2711026966571808
4481562624.0,-0.28305232524871826
4482500096.0,-0.29869070649147034
4483437568.0,-0.3157636523246765
4484375040.0,-0.3357376158237457
4485312512.0,-0.35740333795547485
4486249984.0,-0.3816588521003723
4487187456.0,-0.40808799862861633
4488124928.0,-0.43473175168037415
4489062400.0,-0.4639939069747925
4489999872.0,-0.49370720982551575
4490937344.0,-0.5241774320602417
4491874816.0,-0.556512713432312
4492812288.0,-0.5894367694854736
4493749760.0,-0.6222341656684875
4494687744.0,-0.6567464470863342
4495625216.0,-0.688656210899353
4496562688.0,-0.7204928994178772
4497500160.0,-0.7520596385002136
4498437632.0,-0.782108724117279
4499375104.0,-0.8131569027900696
4500312576.0,-0.8431413173675537
4501250048.0,-0.8700456023216248
4502187520.0,-0.8968037962913513
4503124992.0,-0.9219849705696106
4504062464.0,-0.9450970888137817
4504999936.0,-0.9648975133895874
4505937408.0,-0.9831244349479675
4506874880.0,-0.948832631111145
4507812352.0,-0.9630800485610962
4508749824.0,-0.9758471846580505
4509687296.0,-0.9847213625907898
4510624768.0,-0.991240918636322
4511562752.0,-0.9937891960144043
4512500224.0,-0.994903564453125
4513437696.0,-0.9913906455039978
4514375168.0,-0.9866842031478882
4515312640.0,-0.9791051149368286
4516250112.0,-0.9706240892410278
4517187584.0,-0.9603094458580017
4518125056.0,-0.9468085765838623
4519062528.0,-0.9325070381164551
4520000000.0,-0.9165467023849487
4520937472.0,-0.8989895582199097
4521874944.0,-0.8827632069587708
4522812416.0,-0.8664767146110535
4523749888.0,-0.8508772850036621
4524687360.0,-0.8371139168739319
4525624832.0,-0.8249130845069885
4526562304.0,-0.8135269284248352
4527499776.0,-0.8020462393760681
4528437248.0,-0.7932292222976685
4529375232.0,-0.7846351861953735
4530312704.0,-0.7801192402839661
4531250176.0,-0.7775332927703857
4532187648.0,-0.7786368131637573
4533125120.0,-0.7822295427322388
4534062592.0,-0.7893651127815247
4535000064.0,-0.7994175553321838
4535937536.0,-0.8125241994857788
4536875008.0,-0.829068660736084
4537812480.0,-0.8503180742263794
4538749952.0,-0.8748692870140076
4539687424.0,-0.9022508859634399
4540624896.0,-0.9339582920074463
4541562368.0,-0.9669201374053955
4542499840.0,-1.0033161640167236
4543437312.0,-1.042980670928955
4544374784.0,-1.0865432024002075
4545312256.0,-1.1347160339355469
4546250240.0,-1.1838867664337158
4547187712.0,-1.2381598949432373
4548125184.0,-1.2958406209945679
4549062656.0,-1.356483817100525
4550000128.0,-1.419237494468689
4550937600.0,-1.4840375185012817
4551875072.0,-1.5518736839294434
4552812544.0,-1.6206897497177124
4553750016.0,-1.6907490491867065
4554687488.0,-1.7618945837020874
4555624960.0,-1.8322337865829468
4556562432.0,-1.903096079826355
4557499904.0,-1.972448468208313
4558437376.0,-2.04168438911438
4559374848.0,-2.1103219985961914
4560312320.0,-2.178255081176758
4561249792.0,-2.2453203201293945
4562187264.0,-2.310793161392212
4563125248.0,-2.375041961669922
4564062720.0,-2.4386162757873535
4565000192.0,-2.5021512508392334
4565937664.0,-2.56549334526062
4566875136.0,-2.4435482025146484
4567812608.0,-2.481069803237915
4568750080.0,-2.515930414199829
4569687552.0,-2.548086643218994
4570625024.0,-2.5808920860290527
4571562496.0,-2.611271858215332
4572499968.0,-2.6405930519104004
4573437440.0,-2.6697258949279785
4574374912.0,-2.697791576385498
4575312384.0,-2.726372241973877
4576249856.0,-2.7559633255004883
4577187328.0,-2.7873783111572266
4578124800.0,-2.818920373916626
4579062272.0,-2.8534352779388428
4579999744.0,-2.8878743648529053
4580937728.0,-2.9215564727783203
4581875200.0,-2.9547009468078613
4582812672.0,-2.9869368076324463
4583750144.0,-3.0202553272247314
4584687616.0,-3.053663730621338
4585625088.0,-3.087338924407959
4586562560.0,-3.1216137409210205
4587500032.0,-3.1571781635284424
4588437504.0,-3.1950440406799316
4589374976.0,-3.2334606647491455
4590312448.0,-3.273123025894165
4591249920.0,-3.3136794567108154
4592187392.0,-3.354991912841797
4593124864.0,-3.396956443786621
4594062336.0,-3.4404842853546143
4594999808.0,-3.483617067337036
4595937280.0,-3.5267677307128906
4596874752.0,-3.571739435195923
4597812736.0,-3.6156721115112305
4598750208.0,-3.6606221199035645
4599687680.0,-3.705286741256714
4600625152.0,-3.752929210662842
4601562624.0,-3.8032288551330566
4602500096.0,-3.855830669403076
4603437568.0,-3.9091248512268066
4604375040.0,-3.960327386856079
4605312512.0,-4.012384414672852
4606249984.0,-4.06179141998291
4607187456.0,-4.109299182891846
4608124928.0,-4.154665470123291
4609062400.0,-4.199528694152832
4609999872.0,-4.240495204925537
4610937344.0,-4.280935764312744
4611874816.0,-4.31729793548584
4612812288.0,-4.350389003753662
4613749760.0,-4.381145000457764
4614687744.0,-4.409433364868164
4615625216.0,-4.434117317199707
4616562688.0,-4.454259872436523
4617500160.0,-4.4707512855529785
4618437632.0,-4.484386444091797
4619375104.0,-4.4923858642578125
4620312576.0,-4.499233245849609
4621250048.0,-4.503076076507568
4622187520.0,-4.502692222595215
4623124992.0,-4.499353885650635
4624062464.0,-4.489327430725098
4624999936.0,-4.472720623016357
4625937408.0,-4.451435089111328
4626874880.0,-4.607914447784424
4627812352.0,-4.560694217681885
4628749824.0,-4.508286476135254
4629687296.0,-4.448667049407959
4630624768.0,-4.380614280700684
4631562752.0,-4.303892135620117
4632500224.0,-4.220302104949951
4633437696.0,-4.130687236785889
4634375168.0,-4.037950038909912
4635312640.0,-3.9408018589019775
4636250112.0,-3.8405261039733887
4637187584.0,-3.738892078399658
4638125056.0,-3.634098768234253
4639062528.0,-3.5328280925750732
4640000000.0,-3.428478479385376
4640937472.0,-3.323575258255005
4641874944.0,-3.2174222469329834
4642812416.0,-3.1099331378936768
4643749888.0,-3.000948429107666
4644687360.0,-2.892549514770508
4645624832.0,-2.78747820854187
4646562304.0,-2.6822426319122314
4647499776.0,-2.580223321914673
4648437248.0,-2.4803552627563477
4649375232.0,-2.3835225105285645
4650312704.0,-2.2898287773132324
4651250176.0,-2.2005867958068848
4652187648.0,-2.1163241863250732
4653125120.0,-2.0387187004089355
4654062592.0,-1.9652026891708374
4655000064.0,-1.8959507942199707
4655937536.0,-1.829447627067566
4656875008.0,-1.7647976875305176
4657812480.0,-1.7043094635009766
4658749952.0,-1.646684169769287
4659687424.0,-1.5931901931762695
4660624896.0,-1.5457936525344849
4661562368.0,-1.5051349401474
4662499840.0,-1.4680919647216797
4663437312.0,-1.4388166666030884
4664374784.0,-1.414023756980896
4665312256.0,-1.391623854637146
4666250240.0,-1.3718284368515015
4667187712.0,-1.3566266298294067
4668125184.0,-1.3418537378311157
4669062656.0,-1.3287252187728882
4670000128.0,-1.3174868822097778
4670937600.0,-1.3078488111495972
4671875072.0,-1.298052191734314
4672812544.0,-1.2899277210235596
4673750016.0,-1.2830027341842651
4674687488.0,-1.2758188247680664
4675624960.0,-1.2684766054153442
4676562432.0,-1.258853554725647
4677499904.0,-1.2472877502441406
4678437376.0,-1.2346431016921997
4679374848.0,-1.221740484237671
4680312320.0,-1.2061530351638794
4681249792.0,-1.190481185913086
4682187264.0,-1.1732561588287354
4683125248.0,-1.1555336713790894
4684062720.0,-1.1353570222854614
4685000192.0,-1.113363265991211
4685937664.0,-1.0911699533462524
4686875136.0,-1.0926856994628906
4687812608.0,-1.0674716234207153
4688750080.0,-1.0422173738479614
4689687552.0,-1.0141956806182861
4690625024.0,-0.9875615239143372
4691562496.0,-0.9582282304763794
4692499968.0,-0.928141713142395
4693437440.0,-0.8971672654151917
4694374912.0,-0.8658044338226318
4695312384.0,-0.8334022164344788
4696249856.0,-0.8002803921699524
4697187328.0,-0.7667019367218018
4698124800.0,-0.7321485877037048
4699062272.0,-0.6986836791038513
4700000256.0,-0.6662604212760925
4700937728.0,-0.6328227519989014
4701875200.0,-0.6005786657333374
4702812672.0,-0.5679438710212708
4703750144.0,-0.53752601146698
4704687616.0,-0.5060691833496094
4705625088.0,-0.4777410626411438
4706562560.0,-0.4495135247707367
4707500032.0,-0.4238069951534271
4708437504.0,-0.399572491645813
4709374976.0,-0.3765586018562317
4710312448.0,-0.35599005222320557
4711249920.0,-0.3367534279823303
4712187392.0,-0.3194296061992645
4713124864.0,-0.3038218319416046
4714062336.0,-0.29016372561454773
4714999808.0,-0.27883094549179077
4715937280.0,-0.2697667181491852
4716874752.0,-0.26176896691322327
4717812736.0,-0.25526297092437744
4718750208.0,-0.25186997652053833
4719687680.0,-0.249191015958786
4720625152.0,-0.24842211604118347
4721562624.0,-0.24999696016311646
4722500096.0,-0.25464585423469543
4723437568.0,-0.26128116250038147
4724375040.0,-0.2686845660209656
4725312512.0,-0.27854102849960327
4726249984.0,-0.29010117053985596
4727187456.0,-0.30322086811065674
4728124928.0,-0.3183366656303406
4729062400.0,-0.3326224386692047
4729999872.0,-0.34934374690055847
4730937344.0,-0.3669768273830414
4731874816.0,-0.3853277266025543
4732812288.0,-0.4032854437828064
4733749760.0,-0.42148542404174805
4734687744.0,-0.4401285648345947
4735625216.0,-0.45920953154563904
4736562688.0,-0.47682803869247437
4737500160.0,-0.4948846101760864
4738437632.0,-0.5124115347862244
4739375104.0,-0.5285165905952454
4740312576.0,-0.5439744591712952
4741250048.0,-0.5585869550704956
4742187520.0,-0.5714498162269592
4743124992.0,-0.5847348570823669
4744062464.0,-0.5956534743309021
4744999936.0,-0.6053809523582458
4745937408.0,-0.6130490303039551
4746874880.0,-0.4301462471485138
4747812352.0,-0.43060365319252014
4748749824.0,-0.4294867217540741
4749687296.0,-0.4285077452659607
4750624768.0,-0.4264313578605652
4751562752.0,-0.4232946038246155
4752500224.0,-0.4216870963573456
4753437696.0,-0.4173649549484253
4754375168.0,-0.4146256148815155
4755312640.0,-0.4100242555141449
4756250112.0,-0.40536391735076904
4757187584.0,-0.4013559818267822
4758125056.0,-0.3955583870410919
4759062528.0,-0.38966286182403564
4760000000.0,-0.3831597864627838
4760937472.0,-0.37582236528396606
4761874944.0,-0.36762940883636475
4762812416.0,-0.3588367998600006
4763749888.0,-0.35079243779182434
4764687360.0,-0.34009432792663574
4765624832.0,-0.32971563935279846
4766562304.0,-0.31832563877105713
4767499776.0,-0.30711042881011963
4768437248.0,-0.29474031925201416
4769375232.0,-0.28381678462028503
4770312704.0,-0.2698349058628082
4771250176.0,-0.25528115034103394
4772187648.0,-0.24011468887329102
4773125120.0,-0.2234639972448349
4774062592.0,-0.20624622702598572
4775000064.0,-0.18917229771614075
4775937536.0,-0.17068585753440857
4776875008.0,-0.1519523561000824
4777812480.0,-0.1317032426595688
4778749952.0,-0.1116802841424942
4779687424.0,-0.09072314202785492
4780624896.0,-0.06956280767917633
4781562368.0,-0.04914329573512077
4782499840.0,-0.026964599266648293
4783437312.0,-0.00654616579413414
4784374784.0,0.01487190555781126
4785312256.0,0.035755570977926254
4786250240.0,0.05516212433576584
4787187712.0,0.07598511874675751
4788125184.0,0.0942874327301979
4789062656.0,0.11119882762432098
4790000128.0,0.12832625210285187
4790937600.0,0.14250719547271729
4791875072.0,0.15545663237571716
4792812544.0,0.16560079157352448
4793750016.0,0.17471425235271454
4794687488.0,0.18239037692546844
4795624960.0,0.1861140877008438
4796562432.0,0.18762634694576263
4797499904.0,0.1859596073627472
4798437376.0,0.18251638114452362
4799374848.0,0.17571420967578888
4800312320.0,0.16701698303222656
4801249792.0,0.15564559400081635
4802187264.0,0.14173561334609985
4803125248.0,0.1234838142991066
4804062720.0,0.10482857376337051
4805000192.0,0.0839286595582962
4805937664.0,0.05997956544160843
4806875136.0,-0.2180427461862564
4807812608.0,-0.22538435459136963
4808750080.0,-0.23208527266979218
4809687552.0,-0.23976461589336395
4810625024.0,-0.24613161385059357
4811562496.0,-0.25266554951667786
4812499968.0,-0.25753453373908997
4813437440.0,-0.2628398537635803
4814374912.0,-0.2672828733921051
4815312384.0,-0.2713554799556732
4816249856.0,-0.2739613652229309
4817187328.0,-0.27700114250183105
4818124800.0,-0.27812689542770386
4819062272.0,-0.278190016746521
4819999744.0,-0.2776818871498108
4820937728.0,-0.27693092823028564
4821875200.0,-0.2737601101398468
4822812672.0,-0.2707248032093048
4823750144.0,-0.26593706011772156
4824687616.0,-0.2607738971710205
4825625088.0,-0.2542627453804016
4826562560.0,-0.24681371450424194
4827500032.0,-0.23881372809410095
4828437504.0,-0.22910788655281067
4829374976.0,-0.21928635239601135
4830312448.0,-0.20891596376895905
4831249920.0,-0.19737675786018372
4832187392.0,-0.1874733418226242
4833124864.0,-0.17620578408241272
4834062336.0,-0.16532136499881744
4834999808.0,-0.15544606745243073
4835937280.0,-0.14451269805431366
4836874752.0,-0.13471141457557678
4837812736.0,-0.12576299905776978
4838750208.0,-0.11646001040935516
4839687680.0,-0.10827919840812683
4840625152.0,-0.10124068707227707
4841562624.0,-0.09516412019729614
4842500096.0,-0.09033030271530151
4843437568.0,-0.08731597661972046
4844375040.0,-0.0848798006772995
4845312512.0,-0.08553309738636017
4846249984.0,-0.08689337968826294
4847187456.0,-0.09058079868555069
4848124928.0,-0.09487217664718628
4849062400.0,-0.10039836168289185
4849999872.0,-0.10775836557149887
4850937344.0,-0.11696244776248932
4851874816.0,-0.12784278392791748
4852812288.0,-0.13834919035434723
4853749760.0,-0.15159781277179718
4854687744.0,-0.16464319825172424
4855625216.0,-0.17836371064186096
4856562688.0,-0.1920538991689682
4857500160.0,-0.20635011792182922
4858437632.0,-0.22050991654396057
4859375104.0,-0.23520120978355408
4860312576.0,-0.24897401034832
4861250048.0,-0.26244109869003296
4862187520.0,-0.27460336685180664
4863124992.0,-0.28598615527153015
4864062464.0,-0.2970775067806244
4864999936.0,-0.3060988485813141
4865937408.0,-0.3138744533061981
4866874880.0,-0.29865187406539917
4867812352.0,-0.30483752489089966
4868749824.0,-0.31106746196746826
4869687296.0,-0.31594404578208923
4870624768.0,-0.32023802399635315
4871562752.0,-0.322885125875473
4872500224.0,-0.3250710666179657
4873437696.0,-0.3261449635028839
4874375168.0,-0.3268537223339081
4875312640.0,-0.3267227113246918
4876250112.0,-0.3251994252204895
4877187584.0,-0.3223441243171692
4878125056.0,-0.3186900019645691
4879062528.0,-0.3130727708339691
4880000000.0,-0.3065365254878998
4880937472.0,-0.30003657937049866
4881874944.0,-0.29191356897354126
4882812416.0,-0.28263020515441895
4883749888.0,-0.27382442355155945
4884687360.0,-0.2638147175312042
4885624832.0,-0.2521100342273712
4886562304.0,-0.24162538349628448
4887499776.0,-0.2295452505350113
4888437248.0,-0.21808190643787384
4889375232.0,-0.20485886931419373
4890312704.0,-0.1916610300540924
4891250176.0,-0.17822138965129852
4892187648.0,-0.16410544514656067
4893125120.0,-0.15026164054870605
4894062592.0,-0.1362447589635849
4895000064.0,-0.12165636569261551
4895937536.0,-0.10750036686658859
4896875008.0,-0.09402318298816681
4897812480.0,-0.08081339299678802
4898749952.0,-0.06869194656610489
4899687424.0,-0.05628765746951103
4900624896.0,-0.044623006135225296
4901562368.0,-0.03453255817294121
4902499840.0,-0.024031437933444977
4903437312.0,-0.014810732565820217
4904374784.0,-0.007313306909054518
4905312256.0,-0.001049801241606474
4906250240.0,0.004246435593813658
4907187712.0,0.007385576609522104
4908125184.0,0.011206623166799545
4909062656.0,0.011516782455146313
4910000128.0,0.011778227984905243
4910937600.0,0.010313959792256355
4911875072.0,0.007262967526912689
4912812544.0,0.0038654529489576817
4913750016.0,-0.0011644201586022973
4914687488.0,-0.007233251817524433
4915624960.0,-0.013776933774352074
4916562432.0,-0.021660752594470978
4917499904.0,-0.031028078868985176
4918437376.0,-0.04057103767991066
4919374848.0,-0.05085235834121704
4920312320.0,-0.06201571226119995
4921249792.0,-0.07225686311721802
4922187264.0,-0.08462779223918915
4923125248.0,-0.09740046411752701
4924062720.0,-0.1096843034029007
4925000192.0,-0.12143392115831375
4925937664.0,-0.18218563497066498
4926875136.0,-0.18306086957454681
4927812608.0,-0.1839347779750824
4928750080.0,-0.1836845427751541
4929687552.0,-0.18481798470020294
4930625024.0,-0.18514125049114227
4931562496.0,-0.18458810448646545
4932499968.0,-0.18405687808990479
4933437440.0,-0.18320885300636292
4934374912.0,-0.18161308765411377
4935312384.0,-0.17999286949634552
4936249856.0,-0.17670659720897675
4937187328.0,-0.17262184619903564
4938124800.0,-0.16889624297618866
4939062272.0,-0.1640131175518036
4940000256.0,-0.1587979644536972
4940937728.0,-0.15075750648975372
4941875200.0,-0.14524318277835846
4942812672.0,-0.13791708648204803
4943750144.0,-0.13010115921497345
4944687616.0,-0.12180311232805252
4945625088.0,-0.11283250153064728
4946562560.0,-0.10388579964637756
4947500032.0,-0.09444229304790497
4948437504.0,-0.08431906253099442
4949374976.0,-0.07377549260854721
4950312448.0,-0.06338109076023102
4951249920.0,-0.051875632256269455
4952187392.0,-0.04102465882897377
4953124864.0,-0.030361060053110123
4954062336.0,-0.01952863112092018
4954999808.0,-0.009347815997898579
4955937280.0,-0.0001739665021887049
4956874752.0,0.00871199369430542
4957812736.0,0.016839470714330673
4958750208.0,0.025227779522538185
4959687680.0,0.03158130869269371
4960625152.0,0.037478167563676834
4961562624.0,0.04283972829580307
4962500096.0,0.047048602253198624
4963437568.0,0.0502401627600193
4964375040.0,0.05255124717950821
4965312512.0,0.053198881447315216
4966249984.0,0.052590809762477875
4967187456.0,0.0510871484875679
4968124928.0,0.04760907217860222
4969062400.0,0.04497646540403366
4969999872.0,0.04055795446038246
4970937344.0,0.034153930842876434
4971874816.0,0.02635306864976883
4972812288.0,0.01888204738497734
4973749760.0,0.009609942324459553
4974687744.0,-0.0002755505556706339
4975625216.0,-0.009500997141003609
4976562688.0,-0.019650442525744438
4977500160.0,-0.02938586287200451
4978437632.0,-0.04063313826918602
4979375104.0,-0.05121647194027901
4980312576.0,-0.06251418590545654
4981250048.0,-0.07146617770195007
4982187520.0,-0.08150624483823776
4983124992.0,-0.0906517282128334
4984062464.0,-0.09983784705400467
4984999936.0,-0.10860306769609451
4985937408.0,-0.15220175683498383
4986874880.0,-0.16299964487552643
4987812352.0,-0.17181453108787537
4988749824.0,-0.1799367070198059
4989687296.0,-0.1870124638080597
4990624768.0,-0.19280658662319183
4991562752.0,-0.19763806462287903
4992500224.0,-0.20084848999977112
4993437696.0,-0.20350417494773865
4994375168.0,-0.20356322824954987
4995312640.0,-0.20365068316459656
4996250112.0,-0.2013804018497467
4997187584.0,-0.1976729780435562
4998125056.0,-0.19350025057792664
4999062528.0,-0.187094047665596
5000000000.0,-0.18116387724876404
5000937472.0,-0.17316697537899017
5001874944.0,-0.16472844779491425
5002812416.0,-0.15446706116199493
5003749888.0,-0.1438949704170227
5004687360.0,-0.13267205655574799
5005624832.0,-0.12127846479415894
5006562304.0,-0.10887836664915085
5007499776.0,-0.09631478041410446
5008437248.0,-0.08446923643350601
5009375232.0,-0.07144080102443695
5010312704.0,-0.05931505933403969
5011250176.0,-0.04650372639298439
5012187648.0,-0.03475293517112732
5013125120.0,-0.022425608709454536
5014062592.0,-0.01194431446492672
5015000064.0,-0.0012752582551911473
5015937536.0,0.008177481591701508
5016875008.0,0.017239822074770927
5017812480.0,0.025602685287594795
5018749952.0,0.03243820369243622
5019687424.0,0.03868451341986656
5020624896.0,0.04419742524623871
5021562368.0,0.048377275466918945
5022499840.0,0.053076207637786865
5023437312.0,0.055158015340566635
5024374784.0,0.05631646141409874
5025312256.0,0.05769072100520134
5026250240.0,0.05697846785187721
5027187712.0,0.054996591061353683
5028125184.0,0.05278690904378891
5029062656.0,0.04849591478705406
5030000128.0,0.04365368187427521
5030937600.0,0.0394391231238842
5031875072.0,0.034034229815006256
5032812544.0,0.027646580711007118
5033750016.0,0.020206928253173828
5034687488.0,0.013455251231789589
5035624960.0,0.006728589069098234
5036562432.0,-0.0011401011142879725
5037499904.0,-0.009882442653179169
5038437376.0,-0.018265098333358765
5039374848.0,-0.02693990059196949
5040312320.0,-0.036043159663677216
5041249792.0,-0.044761378318071365
5042187264.0,-0.05337353050708771
5043125248.0,-0.06269661337137222
5044062720.0,-0.07139470428228378
5045000192.0,-0.0805094987154007
5045937664.0,-0.09846458584070206
5046875136.0,-0.1079007014632225
5047812608.0,-0.11707647144794464
5048750080.0,-0.12500570714473724
5049687552.0,-0.13285616040229797
5050625024.0,-0.13927210867404938
5051562496.0,-0.1459352821111679
5052499968.0,-0.15104053914546967
5053437440.0,-0.1571521759033203
5054374912.0,-0.1606225222349167
5055312384.0,-0.16449803113937378
5056249856.0,-0.16819165647029877
5057187328.0,-0.17053529620170593
5058124800.0,-0.17200841009616852
5059062272.0,-0.17378026247024536
5059999744.0,-0.17445142567157745
5060937728.0,-0.1736653596162796
5061875200.0,-0.17247988283634186
5062812672.0,-0.17172707617282867
5063750144.0,-0.1688094288110733
5064687616.0,-0.16553814709186554
5065625088.0,-0.16184768080711365
5066562560.0,-0.15806974470615387
5067500032.0,-0.15289945900440216
5068437504.0,-0.14747732877731323
5069374976.0,-0.14117121696472168
5070312448.0,-0.13486583530902863
5071249920.0,-0.127516970038414
5072187392.0,-0.12015614658594131
5073124864.0,-0.11370088905096054
5074062336.0,-0.10753197222948074
5074999808.0,-0.0982721745967865
5075937280.0,-0.0929265171289444
5076874752.0,-0.08499416708946228
5077812736.0,-0.07884922623634338
5078750208.0,-0.0706009492278099
5079687680.0,-0.06427424401044846
5080625152.0,-0.058719780296087265
5081562624.0,-0.05211265757679939
5082500096.0,-0.04617498442530632
5083437568.0,-0.04148642346262932
5084375040.0,-0.03803471848368645
5085312512.0,-0.03345185145735741
5086249984.0,-0.02969483844935894
5087187456.0,-0.026573799550533295
5088124928.0,-0.025223450735211372
5089062400.0,-0.023481527343392372
5089999872.0,-0.02291104756295681
5090937344.0,-0.022364111617207527
5091874816.0,-0.021204039454460144
5092812288.0,-0.02113252691924572
5093749760.0,-0.02192753180861473
5094687744.0,-0.023245608434081078
5095625216.0,-0.02301560714840889
5096562688.0,-0.025265362113714218
5097500160.0,-0.026917951181530952
5098437632.0,-0.029499134048819542
5099375104.0,-0.03269478678703308
5100312576.0,-0.03728356584906578
5101250048.0,-0.04119547829031944
5102187520.0,-0.04437388479709625
5103124992.0,-0.049160849303007126
5104062464.0,-0.053677309304475784
5104999936.0,-0.05862792953848839
5105937408.0,-0.13093514740467072
5106874880.0,-0.13590914011001587
5107812352.0,-0.1413872092962265
5108749824.0,-0.14538955688476562
5109687296.0,-0.14918316900730133
5110624768.0,-0.15184460580348969
5111562752.0,-0.1535825878381729
5112500224.0,-0.1543814241886139
5113437696.0,-0.1557498723268509
5114375168.0,-0.15520915389060974
5115312640.0,-0.15458615124225616
5116250112.0,-0.15244978666305542
5117187584.0,-0.1509627103805542
5118125056.0,-0.14746835827827454
5119062528.0,-0.14434155821800232
5120000000.0,-0.14073094725608826
5120937472.0,-0.13665436208248138
5121874944.0,-0.13200297951698303
5122812416.0,-0.12686362862586975
5123749888.0,-0.12213488668203354
5124687360.0,-0.11715928465127945
5125624832.0,-0.11233949661254883
5126562304.0,-0.10716695338487625
5127499776.0,-0.10237210243940353
5128437248.0,-0.09801623970270157
5129375232.0,-0.09458111226558685
5130312704.0,-0.09073363989591599
5131250176.0,-0.08622986823320389
5132187648.0,-0.08177144825458527
5133125120.0,-0.07764965295791626
5134062592.0,-0.07433558255434036
5135000064.0,-0.07060697674751282
5135937536.0,-0.06817562133073807
5136875008.0,-0.06606394797563553
5137812480.0,-0.06426889449357986
5138749952.0,-0.0628809705376625
5139687424.0,-0.062410883605480194
5140624896.0,-0.0632997527718544
5141562368.0,-0.06277771294116974
5142499840.0,-0.06267914175987244
5143437312.0,-0.06527549028396606
5144374784.0,-0.06591133773326874
5145312256.0,-0.06947117298841476
5146250240.0,-0.07129602879285812
5147187712.0,-0.07498247176408768
5148125184.0,-0.0789567306637764
5149062656.0,-0.0838981419801712
5150000128.0,-0.08846049755811691
5150937600.0,-0.09311191737651825
5151875072.0,-0.0986097976565361
5152812544.0,-0.10330834239721298
5153750016.0,-0.10990749299526215
5154687488.0,-0.1159229427576065
5155624960.0,-0.12367730587720871
5156562432.0,-0.13036254048347473
5157499904.0,-0.13780546188354492
5158437376.0,-0.14498190581798553
5159374848.0,-0.15352490544319153
5160312320.0,-0.1610243171453476
5161249792.0,-0.16949601471424103
5162187264.0,-0.17702458798885345
5163125248.0,-0.18635398149490356
5164062720.0,-0.19497151672840118
5165000192.0,-0.20368090271949768
5165937664.0,-0.20256836712360382
5166875136.0,-0.21286937594413757
5167812608.0,-0.22316956520080566
5168750080.0,-0.2316482812166214
5169687552.0,-0.23932278156280518
5170625024.0,-0.2457772195339203
5171562496.0,-0.25078848004341125
5172499968.0,-0.25495287775993347
5173437440.0,-0.25827690958976746
5174374912.0,-0.2604256272315979
5175312384.0,-0.2612110674381256
5176249856.0,-0.2599964737892151
5177187328.0,-0.2586357593536377
5178124800.0,-0.2553788721561432
5179062272.0,-0.2506938576698303
5180000256.0,-0.2452244907617569
5180937728.0,-0.23780889809131622
5181875200.0,-0.2304367870092392
5182812672.0,-0.22112907469272614
5183750144.0,-0.21155044436454773
5184687616.0,-0.20104804635047913
5185625088.0,-0.1904064416885376
5186562560.0,-0.17763881385326385
5187500032.0,-0.1654621958732605
5188437504.0,-0.15312795341014862
5189374976.0,-0.14049379527568817
5190312448.0,-0.1277526617050171
5191249920.0,-0.11532957851886749
5192187392.0,-0.10245390981435776
5193124864.0,-0.08963741362094879
5194062336.0,-0.07704167068004608
5194999808.0,-0.06462468206882477
5195937280.0,-0.054576944559812546
5196874752.0,-0.0430392250418663
5197812736.0,-0.03252417594194412
5198750208.0,-0.02303989976644516
5199687680.0,-0.013932203873991966
5200625152.0,-0.006178868934512138
5201562624.0,0.000679047720041126
5202500096.0,0.005964226089417934
5203437568.0,0.010564969852566719
5204375040.0,0.013689721934497356
5205312512.0,0.014638029970228672
5206249984.0,0.015103704296052456
5207187456.0,0.01463119313120842
5208124928.0,0.012503287754952908
5209062400.0,0.009882588870823383
5209999872.0,0.004806083627045155
5210937344.0,-0.0009808746399357915
5211874816.0,-0.007746017072349787
5212812288.0,-0.015231662429869175
5213749760.0,-0.025561153888702393
5214687744.0,-0.03654977306723595
5215625216.0,-0.047925032675266266
5216562688.0,-0.06115077808499336
5217500160.0,-0.07481216639280319
5218437632.0,-0.09026448428630829
5219375104.0,-0.10570888966321945
5220312576.0,-0.12156368046998978
5221250048.0,-0.1372482180595398
5222187520.0,-0.15549160540103912
5223124992.0,-0.17136552929878235
5224062464.0,-0.1893080472946167
5224999936.0,-0.20527766644954681
5225937408.0,-0.21562150120735168
5226874880.0,-0.22979788482189178
5227812352.0,-0.2439352124929428
5228749824.0,-0.25664079189300537
5229687296.0,-0.26773667335510254
5230624768.0,-0.27753347158432007
5231562752.0,-0.2863258123397827
5232500224.0,-0.29303231835365295
5233437696.0,-0.29813504219055176
5234375168.0,-0.3024085462093353
5235312640.0,-0.3034219741821289
5236250112.0,-0.30310991406440735
5237187584.0,-0.30066168308258057
5238125056.0,-0.296070396900177
5239062528.0,-0.29072555899620056
5240000000.0,-0.2817830741405487
5240937472.0,-0.2715663015842438
5241874944.0,-0.25898677110671997
5242812416.0,-0.24603474140167236
5243749888.0,-0.23107141256332397
5244687360.0,-0.21555055677890778
5245624832.0,-0.1989978551864624
5246562304.0,-0.18223994970321655
5247499776.0,-0.16488686203956604
5248437248.0,-0.14812681078910828
5249375232.0,-0.12934653460979462
5250312704.0,-0.11142849177122116
5251250176.0,-0.09374219924211502
5252187648.0,-0.07615970075130463
5253125120.0,-0.059246912598609924
5254062592.0,-0.04314097762107849
5255000064.0,-0.027556393295526505
5255937536.0,-0.013087752275168896
5256875008.0,0.0010918203042820096
5257812480.0,0.013475783169269562
5258749952.0,0.024378348141908646
5259687424.0,0.03388899937272072
5260624896.0,0.041258830577135086
5261562368.0,0.04822807386517525
5262499840.0,0.05241108313202858
5263437312.0,0.05591464787721634
5264374784.0,0.05786707624793053
5265312256.0,0.05865253135561943
5266250240.0,0.058110084384679794
5267187712.0,0.05616160109639168
5268125184.0,0.052506934851408005
5269062656.0,0.04709630459547043
5270000128.0,0.04117921367287636
5270937600.0,0.033227935433387756
5271875072.0,0.024395940825343132
5272812544.0,0.013950539752840996
5273750016.0,0.002833008300513029
5274687488.0,-0.00978506077080965
5275624960.0,-0.02216177061200142
5276562432.0,-0.03492061421275139
5277499904.0,-0.04921621084213257
5278437376.0,-0.06406798213720322
5279374848.0,-0.07727812975645065
5280312320.0,-0.09273598343133926
5281249792.0,-0.10785672813653946
5282187264.0,-0.1226717010140419
5283125248.0,-0.13825777173042297
5284062720.0,-0.15379519760608673
5285000192.0,-0.16930942237377167
5285937664.0,-0.19729666411876678
5286875136.0,-0.21170543134212494
5287812608.0,-0.22761189937591553
5288750080.0,-0.24247603118419647
5289687552.0,-0.25745826959609985
5290625024.0,-0.27154216170310974
5291562496.0,-0.28337377309799194
5292499968.0,-0.29767563939094543
5293437440.0,-0.31158092617988586
5294374912.0,-0.32368233799934387
5295312384.0,-0.33457961678504944
5296249856.0,-0.34476417303085327
5297187328.0,-0.3536340892314911
5298124800.0,-0.3613903522491455
5299062272.0,-0.3674286901950836
5299999744.0,-0.37175455689430237
5300937728.0,-0.373865008354187
5301875200.0,-0.3751166760921478
5302812672.0,-0.37626969814300537
5303750144.0,-0.37451717257499695
5304687616.0,-0.3722311854362488
5305625088.0,-0.36697521805763245
5306562560.0,-0.360613614320755
5307500032.0,-0.35200825333595276
5308437504.0,-0.34275177121162415
5309374976.0,-0.3314501941204071
5310312448.0,-0.3210950791835785
5311249920.0,-0.3066398799419403
5312187392.0,-0.2915125787258148
5313124864.0,-0.27643564343452454
5314062336.0,-0.2610945999622345
5314999808.0,-0.2448457032442093
5315937280.0,-0.2277357578277588
5316874752.0,-0.2096291482448578
5317812736.0,-0.19173943996429443
5318750208.0,-0.17311745882034302
5319687680.0,-0.15458521246910095
5320625152.0,-0.1367974728345871
5321562624.0,-0.11797225475311279
5322500096.0,-0.09976360201835632
5323437568.0,-0.08120865374803543
5324375040.0,-0.06441591680049896
5325312512.0,-0.04751080647110939
5326249984.0,-0.030968530103564262
5327187456.0,-0.015918727964162827
5328124928.0,-0.0015579662285745144
5329062400.0,0.011581354774534702
5329999872.0,0.02174251154065132
5330937344.0,0.03207341954112053
5331874816.0,0.04321863502264023
5332812288.0,0.047713879495859146
5333749760.0,0.051599957048892975
5334687744.0,0.05329569801688194
5335625216.0,0.05441426485776901
5336562688.0,0.05255677178502083
5337500160.0,0.04838656634092331
5338437632.0,0.042925115674734116
5339375104.0,0.035286955535411835
5340312576.0,0.02508472464978695
5341250048.0,0.013105538673698902
5342187520.0,-0.0013282692525535822
5343124992.0,-0.017597239464521408
5344062464.0,-0.03634508326649666
5344999936.0,-0.05669685825705528
5345937408.0,-0.33797329664230347
5346874880.0,-0.3525569438934326
5347812352.0,-0.3661046028137207
5348749824.0,-0.3798227310180664
5349687296.0,-0.393079549074173
5350624768.0,-0.40619295835494995
5351562752.0,-0.4177953600883484
5352500224.0,-0.42791032791137695
5353437696.0,-0.4367470145225525
5354375168.0,-0.4446593225002289
5355312640.0,-0.4514520466327667
5356250112.0,-0.4554872214794159
5357187584.0,-0.458412766456604
5358125056.0,-0.4592825472354889
5359062528.0,-0.4581758975982666
5360000000.0,-0.45493394136428833
5360937472.0,-0.4512053430080414
5361874944.0,-0.44574934244155884
5362812416.0,-0.43920955061912537
5363749888.0,-0.4297179579734802
5364687360.0,-0.4198267459869385
5365624832.0,-0.40688958764076233
5366562304.0,-0.3944378197193146
5367499776.0,-0.38054347038269043
5368437248.0,-0.365817129611969
5369375232.0,-0.3498099744319916
5370312704.0,-0.33425411581993103
5371250176.0,-0.31750330328941345
5372187648.0,-0.29875630140304565
5373125120.0,-0.28208765387535095
5374062592.0,-0.2618551254272461
5375000064.0,-0.24398639798164368
5375937536.0,-0.2251286655664444
5376875008.0,-0.20682480931282043
5377812480.0,-0.188905268907547
5378749952.0,-0.17105090618133545
5379687424.0,-0.155221626162529
5380624896.0,-0.13998731970787048
5381562368.0,-0.1248612105846405
5382499840.0,-0.11212877184152603
5383437312.0,-0.10062220692634583
5384374784.0,-0.08930190652608871
5385312256.0,-0.07730796933174133
5386250240.0,-0.06837008148431778
5387187712.0,-0.06148875877261162
5388125184.0,-0.05491659417748451
5389062656.0,-0.05247600004076958
5390000128.0,-0.05194733291864395
5390937600.0,-0.054464615881443024
5391875072.0,-0.05780019238591194
5392812544.0,-0.06453980505466461
5393750016.0,-0.07344823330640793
5394687488.0,-0.08427854627370834
5395624960.0,-0.09806261956691742
5396562432.0,-0.11285051703453064
5397499904.0,-0.1296454519033432
5398437376.0,-0.14692071080207825
5399374848.0,-0.16643188893795013
5400312320.0,-0.18753963708877563
5401249792.0,-0.20824691653251648
5402187264.0,-0.22905901074409485
5403125248.0,-0.25014227628707886
5404062720.0,-0.2703312635421753
5405000192.0,-0.29039236903190613
5405937664.0,-0.333554208278656
5406875136.0,-0.34779441356658936
5407812608.0,-0.3622254431247711
5408750080.0,-0.37340524792671204
5409687552.0,-0.3845229744911194
5410625024.0,-0.39149922132492065
5411562496.0,-0.39752110838890076
5412499968.0,-0.40186476707458496
5413437440.0,-0.4040476381778717
5414374912.0,-0.4022146761417389
5415312384.0,-0.39905309677124023
5416249856.0,-0.3935067355632782
5417187328.0,-0.38525232672691345
5418124800.0,-0.37574130296707153
5419062272.0,-0.36197876930236816
5420000256.0,-0.34693893790245056
5420937728.0,-0.33037129044532776
5421875200.0,-0.31210076808929443
5422812672.0,-0.2927852272987366
5423750144.0,-0.2717372179031372
5424687616.0,-0.25059324502944946
5425625088.0,-0.2284548580646515
5426562560.0,-0.20717290043830872
5427500032.0,-0.18564170598983765
5428437504.0,-0.1647060662508011
5429374976.0,-0.14447972178459167
5430312448.0,-0.1250205636024475
5431249920.0,-0.10632914304733276
5432187392.0,-0.08883780986070633
5433124864.0,-0.0721084475517273
5434062336.0,-0.05756993219256401
5434999808.0,-0.04484108090400696
5435937280.0,-0.03402554988861084
5436874752.0,-0.0261967945843935
5437812736.0,-0.019753923639655113
5438750208.0,-0.015559474006295204
5439687680.0,-0.013061179779469967
5440625152.0,-0.014501298777759075
5441562624.0,-0.01620088703930378
5442500096.0,-0.021599572151899338
5443437568.0,-0.028024323284626007
5444375040.0,-0.039497826248407364
5445312512.0,-0.05178861692547798
5446249984.0,-0.06730381399393082
5447187456.0,-0.08461639285087585
5448124928.0,-0.10593307018280029
5449062400.0,-0.12760360538959503
5449999872.0,-0.1529761552810669
5450937344.0,-0.17727433145046234
5451874816.0,-0.2037345916032791
5452812288.0,-0.23211075365543365
5453749760.0,-0.2603953778743744
5454687744.0,-0.2893097996711731
5455625216.0,-0.3183879554271698
5456562688.0,-0.34776225686073303
5457500160.0,-0.37635537981987
5458437632.0,-0.4047859311103821
5459375104.0,-0.43122074007987976
5460312576.0,-0.45508432388305664
5461250048.0,-0.4783633053302765
5462187520.0,-0.49915429949760437
5463124992.0,-0.5173900127410889
5464062464.0,-0.5346114635467529
5464999936.0,-0.5490248799324036
5465937408.0,-0.47397735714912415
5466874880.0,-0.4889541268348694
5467812352.0,-0.5012437701225281
5468749824.0,-0.5114555954933167
5469687296.0,-0.5199368596076965
5470624768.0,-0.5246908068656921
5471562752.0,-0.5275365710258484
5472500224.0,-0.528857409954071
5473437696.0,-0.5262824892997742
5474375168.0,-0.5217939615249634
5475312640.0,-0.5152869820594788
5476250112.0,-0.5042324066162109
5477187584.0,-0.49176323413848877
5478125056.0,-0.4756163954734802
5479062528.0,-0.45889273285865784
5480000000.0,-0.4410385489463806
5480937472.0,-0.4212176501750946
5481874944.0,-0.3996218144893646
5482812416.0,-0.3779847025871277
5483749888.0,-0.35541799664497375
5484687360.0,-0.33282530307769775
5485624832.0,-0.31100547313690186
5486562304.0,-0.28894922137260437
5487499776.0,-0.26843392848968506
5488437248.0,-0.24920816719532013
5489375232.0,-0.22991760075092316
5490312704.0,-0.2129218876361847
5491250176.0,-0.1979847103357315
5492187648.0,-0.1836167871952057
5493125120.0,-0.17311440408229828
5494062592.0,-0.16411921381950378
5495000064.0,-0.1569311022758484
5495937536.0,-0.15279270708560944
5496875008.0,-0.15152259171009064
5497812480.0,-0.15143771469593048
5498749952.0,-0.15519863367080688
5499687424.0,-0.16050300002098083
5500624896.0,-0.167985737323761
5501562368.0,-0.17776337265968323
5502499840.0,-0.1900455355644226
5503437312.0,-0.2042580097913742
5504374784.0,-0.22123172879219055
5505312256.0,-0.24092508852481842
5506250240.0,-0.2631283700466156
5507187712.0,-0.2883196771144867
5508125184.0,-0.3159900903701782
5509062656.0,-0.34478437900543213
5510000128.0,-0.3745930790901184
5510937600.0,-0.40688714385032654
5511875072.0,-0.43950286507606506
5512812544.0,-0.4724229872226715
5513750016.0,-0.5073897242546082
5514687488.0,-0.5406811237335205
5515624960.0,-0.5757212042808533
5516562432.0,-0.6097543239593506
5517499904.0,-0.6429949998855591
5518437376.0,-0.6746756434440613
5519374848.0,-0.7074615955352783
5520312320.0,-0.7371829152107239
5521249792.0,-0.7674595713615417
5522187264.0,-0.7968997359275818
5523125248.0,-0.8264148831367493
5524062720.0,-0.85383141040802
5525000192.0,-0.8816183805465698
5525937664.0,-0.7489677667617798
5526875136.0,-0.7611212134361267
5527812608.0,-0.7738727927207947
5528750080.0,-0.7888167500495911
5529687552.0,-0.8046199083328247
5530625024.0,-0.8223317861557007
5531562496.0,-0.8405104279518127
5532499968.0,-0.8617092967033386
5533437440.0,-0.8815016746520996
5534374912.0,-0.904707133769989
5535312384.0,-0.9287559986114502
5536249856.0,-0.9529351592063904
5537187328.0,-0.9769586324691772
5538124800.0,-0.9995774626731873
5539062272.0,-1.02252995967865
5539999744.0,-1.0427922010421753
5540937728.0,-1.0595613718032837
5541875200.0,-1.0739212036132812
5542812672.0,-1.0837079286575317
5543750144.0,-1.0904425382614136
5544687616.0,-1.093440294265747
5545625088.0,-1.0923705101013184
5546562560.0,-1.0881775617599487
5547500032.0,-1.079129695892334
5548437504.0,-1.0659242868423462
5549374976.0,-1.0503191947937012
5550312448.0,-1.030382752418518
5551249920.0,-1.0080382823944092
5552187392.0,-0.9809061288833618
5553124864.0,-0.9526054263114929
5554062336.0,-0.9209530353546143
5554999808.0,-0.8895483613014221
5555937280.0,-0.8569887280464172
5556874752.0,-0.8245987296104431
5557812736.0,-0.7934235334396362
5558750208.0,-0.7643059492111206
5559687680.0,-0.7364434599876404
5560625152.0,-0.7097527980804443
5561562624.0,-0.681661069393158
5562500096.0,-0.6564561128616333
5563437568.0,-0.6337758302688599
5564375040.0,-0.6138218641281128
5565312512.0,-0.5957577228546143
5566249984.0,-0.5798613429069519
5567187456.0,-0.5649656057357788
5568124928.0,-0.5517522096633911
5569062400.0,-0.539817214012146
5569999872.0,-0.5284309387207031
5570937344.0,-0.5168820023536682
5571874816.0,-0.5054980516433716
5572812288.0,-0.4965975880622864
5573749760.0,-0.48647111654281616
5574687744.0,-0.47781848907470703
5575625216.0,-0.4706694185733795
5576562688.0,-0.46362361311912537
5577500160.0,-0.45888280868530273
5578437632.0,-0.4554666578769684
5579375104.0,-0.4544447362422943
5580312576.0,-0.4532758891582489
5581250048.0,-0.45404842495918274
5582187520.0,-0.45568981766700745
5583124992.0,-0.4578891396522522
5584062464.0,-0.4600684642791748
5584999936.0,-0.46298712491989136
5585937408.0,-0.43657949566841125
5586874880.0,-0.42769068479537964
5587812352.0,-0.41635873913764954
5588749824.0,-0.4039434790611267
5589687296.0,-0.3902508616447449
5590624768.0,-0.375040739774704
5591562752.0,-0.3591492772102356
5592500224.0,-0.3419305980205536
5593437696.0,-0.3252005875110626
5594375168.0,-0.3064733147621155
5595312640.0,-0.2876584827899933
5596250112.0,-0.26931580901145935
5597187584.0,-0.24936014413833618
5598125056.0,-0.23068399727344513
5599062528.0,-0.2116442322731018
5600000000.0,-0.19322064518928528
5600937472.0,-0.17450283467769623
5601874944.0,-0.15797467529773712
5602812416.0,-0.1422535926103592
5603749888.0,-0.1271786093711853
5604687360.0,-0.11317025125026703
5605624832.0,-0.10181792825460434
5606562304.0,-0.09168166667222977
5607499776.0,-0.08278246968984604
5608437248.0,-0.07579813152551651
5609375232.0,-0.07025624811649323
5610312704.0,-0.0675438717007637
5611250176.0,-0.0658409371972084
5612187648.0,-0.06619004160165787
5613125120.0,-0.06696490943431854
5614062592.0,-0.07053130120038986
5615000064.0,-0.07473798841238022
5615937536.0,-0.08176863193511963
5616875008.0,-0.08981694281101227
5617812480.0,-0.0997123122215271
5618749952.0,-0.1092776507139206
5619687424.0,-0.12160123139619827
5620624896.0,-0.1332521140575409
5621562368.0,-0.14617140591144562
5622499840.0,-0.16036292910575867
5623437312.0,-0.1737436056137085
5624374784.0,-0.18879781663417816
5625312256.0,-0.20309065282344818
5626250240.0,-0.21703515946865082
5627187712.0,-0.22952736914157867
5628125184.0,-0.2421201467514038
5629062656.0,-0.254597932100296
5630000128.0,-0.26415613293647766
5630937600.0,-0.2739903926849365
5631875072.0,-0.2811138331890106
5632812544.0,-0.2886083126068115
5633750016.0,-0.2931683361530304
5634687488.0,-0.2954331040382385
5635624960.0,-0.29755866527557373
5636562432.0,-0.2968120276927948
5637499904.0,-0.2947472929954529
5638437376.0,-0.2903323769569397
5639374848.0,-0.2851971387863159
5640312320.0,-0.27865833044052124
5641249792.0,-0.2702033519744873
5642187264.0,-0.26165950298309326
5643125248.0,-0.2492455691099167
5644062720.0,-0.23808860778808594
5645000192.0,-0.2241440862417221
5645937664.0,-0.19263555109500885
5646875136.0,-0.1957070380449295
5647812608.0,-0.19807901978492737
5648750080.0,-0.19722992181777954
5649687552.0,-0.19653449952602386
5650625024.0,-0.19369001686573029
5651562496.0,-0.19005431234836578
5652499968.0,-0.18476758897304535
5653437440.0,-0.17883718013763428
5654374912.0,-0.17160603404045105
5655312384.0,-0.164313405752182
5656249856.0,-0.1572175770998001
5657187328.0,-0.14827711880207062
5658124800.0,-0.14054425060749054
5659062272.0,-0.130893275141716
5660000256.0,-0.12286747246980667
5660937728.0,-0.11544086039066315
5661875200.0,-0.10818920284509659
5662812672.0,-0.10122419148683548
5663750144.0,-0.09673084318637848
5664687616.0,-0.09181381016969681
5665625088.0,-0.08911532908678055
5666562560.0,-0.08703762292861938
5667500032.0,-0.08570332080125809
5668437504.0,-0.08591870218515396
5669374976.0,-0.08699826896190643
5670312448.0,-0.08859167993068695
5671249920.0,-0.09263785928487778
5672187392.0,-0.09660519659519196
5673124864.0,-0.10195845365524292
5674062336.0,-0.10842101275920868
5674999808.0,-0.11497488617897034
5675937280.0,-0.1232176125049591
5676874752.0,-0.13058926165103912
5677812736.0,-0.1391432285308838
5678750208.0,-0.14861175417900085
5679687680.0,-0.1581811010837555
5680625152.0,-0.16707554459571838
5681562624.0,-0.17657075822353363
5682500096.0,-0.1853628158569336
5683437568.0,-0.19417636096477509
5684375040.0,-0.2032446712255478
5685312512.0,-0.21056115627288818
5686249984.0,-0.21772241592407227
5687187456.0,-0.22434218227863312
5688124928.0,-0.23070339858531952
5689062400.0,-0.2366732507944107
5689999872.0,-0.24119529128074646
5690937344.0,-0.246023029088974
5691874816.0,-0.25005021691322327
5692812288.0,-0.2547040283679962
5693749760.0,-0.2573268711566925
5694687744.0,-0.26171940565109253
5695625216.0,-0.26447340846061707
5696562688.0,-0.267424613237381
5697500160.0,-0.27255457639694214
5698437632.0,-0.27600765228271484
5699375104.0,-0.280972957611084
5700312576.0,-0.2870648205280304
5701250048.0,-0.29478561878204346
5702187520.0,-0.30202946066856384
5703124992.0,-0.3108575940132141
5704062464.0,-0.321359783411026
5704999936.0,-0.33280715346336365
5705937408.0,-0.22242456674575806
5706874880.0,-0.24130938947200775
5707812352.0,-0.26039066910743713
5708749824.0,-0.2809738516807556
5709687296.0,-0.301319420337677
5710624768.0,-0.3197004497051239
5711562752.0,-0.3359576463699341
5712500224.0,-0.35075587034225464
5713437696.0,-0.3639620542526245
5714375168.0,-0.37319305539131165
5715312640.0,-0.3786027729511261
5716250112.0,-0.38033437728881836
5717187584.0,-0.3769749701023102
5718125056.0,-0.3708063066005707
5719062528.0,-0.3592110872268677
5720000000.0,-0.34373360872268677
5720937472.0,-0.3229505121707916
5721874944.0,-0.2988574206829071
5722812416.0,-0.27029743790626526
5723749888.0,-0.23806165158748627
5724687360.0,-0.20277509093284607
5725624832.0,-0.16552308201789856
5726562304.0,-0.12637078762054443
5727499776.0,-0.08579438179731369
5728437248.0,-0.0445919893682003
5729375232.0,-0.0037880390882492065
5730312704.0,0.036187149584293365
5731250176.0,0.07267560809850693
5732187648.0,0.10873798280954361
5733125120.0,0.13858087360858917
5734062592.0,0.16707554459571838
5735000064.0,0.1910640150308609
5735937536.0,0.21035173535346985
5736875008.0,0.22472403943538666
5737812480.0,0.23471039533615112
5738749952.0,0.24057742953300476
5739687424.0,0.24297934770584106
5740624896.0,0.2400689423084259
5741562368.0,0.23327544331550598
5742499840.0,0.22494682669639587
5743437312.0,0.21328052878379822
5744374784.0,0.19951744377613068
5745312256.0,0.18502360582351685
5746250240.0,0.16926391422748566
5747187712.0,0.15402618050575256
5748125184.0,0.13760551810264587
5749062656.0,0.12305441498756409
5750000128.0,0.10740186274051666
5750937600.0,0.0939255803823471
5751875072.0,0.08165768533945084
5752812544.0,0.06937937438488007
5753750016.0,0.05926655977964401
5754687488.0,0.04829167574644089
5755624960.0,0.03453894332051277
5756562432.0,0.013024167157709599
5757499904.0,-0.011568378657102585
5758437376.0,-0.03708481788635254
5759374848.0,-0.06531176716089249
5760312320.0,-0.09424947947263718
5761249792.0,-0.1247207522392273
5762187264.0,-0.15504023432731628
5763125248.0,-0.18669188022613525
5764062720.0,-0.21721220016479492
5765000192.0,-0.24857740104198456
5765937664.0,-0.1836199313402176
5766875136.0,-0.1925465315580368
5767812608.0,-0.20002876222133636
5768750080.0,-0.2085985392332077
5769687552.0,-0.21780908107757568
5770625024.0,-0.22646866738796234
5771562496.0,-0.2366747260093689
5772499968.0,-0.24694731831550598
5773437440.0,-0.25761669874191284
5774374912.0,-0.26928815245628357
5775312384.0,-0.27992239594459534
5776249856.0,-0.2917245328426361
5777187328.0,-0.30208757519721985
5778124800.0,-0.31279197335243225
5779062272.0,-0.3248918652534485
5779999744.0,-0.3352683186531067
5780937728.0,-0.34623032808303833
5781875200.0,-0.3565447926521301
5782812672.0,-0.36658191680908203
5783750144.0,-0.3764941394329071
5784687616.0,-0.38671398162841797
5785625088.0,-0.39636656641960144
5786562560.0,-0.4045995771884918
5787500032.0,-0.4118949770927429
5788437504.0,-0.4198290705680847
5789374976.0,-0.4244548976421356
5790312448.0,-0.4292360842227936
5791249920.0,-0.43242374062538147
5792187392.0,-0.434386670589447
5793124864.0,-0.4352123737335205
5794062336.0,-0.43441739678382874
5794999808.0,-0.433144748210907
5795937280.0,-0.43002134561538696
5796874752.0,-0.42527103424072266
5797812736.0,-0.4189589023590088
5798750208.0,-0.41130730509757996
5799687680.0,-0.40175461769104004
5800625152.0,-0.39159953594207764
5801562624.0,-0.37778884172439575
5802500096.0,-0.36403846740722656
5803437568.0,-0.3473625183105469
5804375040.0,-0.33097121119499207
5805312512.0,-0.3139200210571289
5806249984.0,-0.2957060635089874
5807187456.0,-0.2773885130882263
5808124928.0,-0.25821971893310547
5809062400.0,-0.23939236998558044
5809999872.0,-0.22092117369174957
5810937344.0,-0.2014002799987793
5811874816.0,-0.18238425254821777
5812812288.0,-0.1632591038942337
5813749760.0,-0.14460845291614532
5814687744.0,-0.12776075303554535
5815625216.0,-0.11247248202562332
5816562688.0,-0.09789532423019409
5817500160.0,-0.08522645384073257
5818437632.0,-0.07374434173107147
5819375104.0,-0.06562066078186035
5820312576.0,-0.057532381266355515
5821250048.0,-0.052864979952573776
5822187520.0,-0.04984329268336296
5823124992.0,-0.04865284636616707
5824062464.0,-0.04818195104598999
5824999936.0,-0.05099650099873543
5825937408.0,-0.24427735805511475
5826874880.0,-0.24683718383312225
5827812352.0,-0.24941954016685486
5828749824.0,-0.25133952498435974
5829687296.0,-0.25403231382369995
5830624768.0,-0.2560492753982544
5831562752.0,-0.2577204704284668
5832500224.0,-0.25984987616539
5833437696.0,-0.2617325484752655
5834375168.0,-0.263019859790802
5835312640.0,-0.26519179344177246
5836250112.0,-0.26798948645591736
5837187584.0,-0.27109968662261963
5838125056.0,-0.27382659912109375
5839062528.0,-0.27687644958496094
5840000000.0,-0.2822147607803345
5840937472.0,-0.2874893248081207
5841874944.0,-0.29366302490234375
5842812416.0,-0.3002554774284363
5843749888.0,-0.306676983833313
5844687360.0,-0.31312689185142517
5845624832.0,-0.3195628821849823
5846562304.0,-0.32738196849823
5847499776.0,-0.33318597078323364
5848437248.0,-0.3396393060684204
5849375232.0,-0.34550949931144714
5850312704.0,-0.3510546386241913
5851250176.0,-0.35547834634780884
5852187648.0,-0.36033886671066284
5853125120.0,-0.36409032344818115
5854062592.0,-0.3661227226257324
5855000064.0,-0.36850056052207947
5855937536.0,-0.3703235685825348
5856875008.0,-0.3700443208217621
5857812480.0,-0.37116551399230957
5858749952.0,-0.37161046266555786
5859687424.0,-0.37158241868019104
5860624896.0,-0.37113887071609497
5861562368.0,-0.37008756399154663
5862499840.0,-0.3675229847431183
5863437312.0,-0.36448782682418823
5864374784.0,-0.36213743686676025
5865312256.0,-0.359348863363266
5866250240.0,-0.3561399281024933
5867187712.0,-0.3529830873012543
5868125184.0,-0.3497289717197418
5869062656.0,-0.34644627571105957
5870000128.0,-0.34216833114624023
5870937600.0,-0.3391023874282837
5871875072.0,-0.33646875619888306
5872812544.0,-0.33335185050964355
5873750016.0,-0.33262544870376587
5874687488.0,-0.33191120624542236
5875624960.0,-0.3318159282207489
5876562432.0,-0.33392757177352905
5877499904.0,-0.33661168813705444
5878437376.0,-0.33731433749198914
5879374848.0,-0.34094515442848206
5880312320.0,-0.34440168738365173
5881249792.0,-0.3468107283115387
5882187264.0,-0.3506789803504944
5883125248.0,-0.35524284839630127
5884062720.0,-0.35822638869285583
5885000192.0,-0.3616725504398346
5885937664.0,-0.3749651312828064
5886875136.0,-0.37882906198501587
5887812608.0,-0.38334038853645325
5888750080.0,-0.3877047002315521
5889687552.0,-0.39179810881614685
5890625024.0,-0.39479464292526245
5891562496.0,-0.39654436707496643
5892499968.0,-0.3986416459083557
5893437440.0,-0.4000733196735382
5894374912.0,-0.4010814130306244
5895312384.0,-0.4032541513442993
5896249856.0,-0.40258654952049255
5897187328.0,-0.4035346508026123
5898124800.0,-0.40244200825691223
5899062272.0,-0.4016489088535309
5900000256.0,-0.4007527232170105
5900937728.0,-0.3998431861400604
5901875200.0,-0.3984336853027344
5902812672.0,-0.3974231481552124
5903750144.0,-0.3957866430282593
5904687616.0,-0.39524364471435547
5905625088.0,-0.39382731914520264
5906562560.0,-0.3921325206756592
5907500032.0,-0.39157500863075256
5908437504.0,-0.39228355884552
5909374976.0,-0.39289590716362
5910312448.0,-0.39323869347572327
5911249920.0,-0.3941214680671692
5912187392.0,-0.3955250382423401
5913124864.0,-0.39766350388526917
5914062336.0,-0.39923185110092163
5914999808.0,-0.40318387746810913
5915937280.0,-0.407821387052536
5916874752.0,-0.411117821931839
5917812736.0,-0.41672295331954956
5918750208.0,-0.4211643934249878
5919687680.0,-0.42853808403015137
5920625152.0,-0.4361005425453186
5921562624.0,-0.4433060586452484
5922500096.0,-0.45189496874809265
5923437568.0,-0.46083542704582214
5924375040.0,-0.4697818160057068
5925312512.0,-0.4791627526283264
5926249984.0,-0.4894139766693115
5927187456.0,-0.5000060200691223
5928124928.0,-0.5104153752326965
5929062400.0,-0.5215117335319519
5929999872.0,-0.5319545865058899
5930937344.0,-0.5437063574790955
5931874816.0,-0.5551047325134277
5932812288.0,-0.5652050375938416
5933749760.0,-0.576206386089325
5934687744.0,-0.5858560800552368
5935625216.0,-0.5958712697029114
5936562688.0,-0.605019748210907
5937500160.0,-0.6153565645217896
5938437632.0,-0.6239376068115234
5939375104.0,-0.6306476593017578
5940312576.0,-0.6372701525688171
5941250048.0,-0.642074704170227
5942187520.0,-0.6469130516052246
5943124992.0,-0.6512246131896973
5944062464.0,-0.651983380317688
5944999936.0,-0.6525601744651794
5945937408.0,-0.433822363615036
5946874880.0,-0.44917601346969604
5947812352.0,-0.4648219645023346
5948749824.0,-0.4806877672672272
5949687296.0,-0.49577316641807556
5950624768.0,-0.5091177225112915
5951562752.0,-0.5216668248176575
5952500224.0,-0.5339252948760986
5953437696.0,-0.5442530512809753
5954375168.0,-0.554216742515564
5955312640.0,-0.5623406171798706
5956250112.0,-0.5691255927085876
5957187584.0,-0.5749417543411255
5958125056.0,-0.5789155960083008
5959062528.0,-0.5822157859802246
5960000000.0,-0.582845151424408
5960937472.0,-0.583034098148346
5961874944.0,-0.5803514719009399
5962812416.0,-0.5765588879585266
5963749888.0,-0.5708906650543213
5964687360.0,-0.5643411874771118
5965624832.0,-0.5555108785629272
5966562304.0,-0.5452275276184082
5967499776.0,-0.5360393524169922
5968437248.0,-0.5243502855300903
5969375232.0,-0.514333188533783
5970312704.0,-0.5027700066566467
5971250176.0,-0.49072980880737305
5972187648.0,-0.4792490303516388
5973125120.0,-0.467543363571167
5974062592.0,-0.4582468271255493
5975000064.0,-0.44812723994255066
5975937536.0,-0.4398774802684784
5976875008.0,-0.4321121871471405
5977812480.0,-0.424395352602005
5978749952.0,-0.4188409149646759
5979687424.0,-0.41357651352882385
5980624896.0,-0.41076451539993286
5981562368.0,-0.4079635441303253
5982499840.0,-0.4078100919723511
5983437312.0,-0.4065696597099304
5984374784.0,-0.40864622592926025
5985312256.0,-0.41036152839660645
5986250240.0,-0.41276639699935913
5987187712.0,-0.41612377762794495
5988125184.0,-0.4202277362346649
5989062656.0,-0.4242984652519226
5990000128.0,-0.42777329683303833
5990937600.0,-0.4320709705352783
5991875072.0,-0.43554767966270447
5992812544.0,-0.43925392627716064
5993750016.0,-0.4437890350818634
5994687488.0,-0.44855353236198425
5995624960.0,-0.45195141434669495
5996562432.0,-0.4564576745033264
5997499904.0,-0.46115782856941223
5998437376.0,-0.46396565437316895
5999374848.0,-0.46872466802597046
6000312320.0,-0.47288861870765686
6001249792.0,-0.47617849707603455
6002187264.0,-0.4796958863735199
6003125248.0,-0.4839458465576172
6004062720.0,-0.4876088798046112
6005000192.0,-0.3858466148376465
6005937664.0,-0.3952626883983612
6006875136.0,-0.4047709107398987
6007812608.0,-0.41608095169067383
6008750080.0,-0.4287349283695221
6009687552.0,-0.443170428276062
6010625024.0,-0.45821505784988403
6011562496.0,-0.4736340045928955
6012499968.0,-0.4894983172416687
6013437440.0,-0.5061570405960083
6014374912.0,-0.5226549506187439
6015312384.0,-0.5407716035842896
6016249856.0,-0.5575201511383057
6017187328.0,-0.5752003788948059
6018124800.0,-0.5917984843254089
6019062272.0,-0.6097532510757446
6019999744.0,-0.6264698505401611
6020937728.0,-0.6422685384750366
6021875200.0,-0.6556561589241028
6022812672.0,-0.669610857963562
6023750144.0,-0.6805894374847412
6024687616.0,-0.692366361618042
6025625088.0,-0.7017030119895935
6026562560.0,-0.7087793350219727
6027500032.0,-0.714975893497467
6028437504.0,-0.7180257439613342
6029374976.0,-0.718930184841156
6030312448.0,-0.7177257537841797
6031249920.0,-0.7137511372566223
6032187392.0,-0.7090499401092529
6033124864.0,-0.7016103267669678
6034062336.0,-0.6925813555717468
6034999808.0,-0.6818137764930725
6035937280.0,-0.6681203246116638
6036874752.0,-0.6535525321960449
6037812736.0,-0.6374834775924683
6038750208.0,-0.6210302114486694
6039687680.0,-0.6030857563018799
6040625152.0,-0.5846452713012695
6041562624.0,-0.566990077495575
6042500096.0,-0.5496290922164917
6043437568.0,-0.5320736169815063
6044375040.0,-0.5161491632461548
6045312512.0,-0.4997183382511139
6046249984.0,-0.4847674071788788
6047187456.0,-0.4697084426879883
6048124928.0,-0.4562550485134125
6049062400.0,-0.44381052255630493
6049999872.0,-0.43193474411964417
6050937344.0,-0.42210936546325684
6051874816.0,-0.4123069643974304
6052812288.0,-0.40285825729370117
6053749760.0,-0.3958517611026764
6054687744.0,-0.39075225591659546
6055625216.0,-0.3875463306903839
6056562688.0,-0.3854091763496399
6057500160.0,-0.384122759103775
6058437632.0,-0.3838704526424408
6059375104.0,-0.383598655462265
6060312576.0,-0.3854197859764099
6061250048.0,-0.38627010583877563
6062187520.0,-0.3884071409702301
6063124992.0,-0.3919740617275238
6064062464.0,-0.3959346115589142
6064999936.0,-0.3938634395599365
6065937408.0,-0.3999531865119934
6066874880.0,-0.4068010151386261
6067812352.0,-0.4141947627067566
6068749824.0,-0.42144209146499634
6069687296.0,-0.43023255467414856
6070624768.0,-0.4378129541873932
6071562752.0,-0.446554571390152
6072500224.0,-0.45562902092933655
6073437696.0,-0.4645495116710663
6074375168.0,-0.47497326135635376
6075312640.0,-0.485202431678772
6076250112.0,-0.4951176643371582
6077187584.0,-0.5062239170074463
6078125056.0,-0.5162803530693054
6079062528.0,-0.5265819430351257
6080000000.0,-0.5371960401535034
6080937472.0,-0.5473264455795288
6081874944.0,-0.5561567544937134
6082812416.0,-0.5665155649185181
6083749888.0,-0.5737486481666565
6084687360.0,-0.5806338787078857
6085624832.0,-0.5840119123458862
6086562304.0,-0.5882459878921509
6087499776.0,-0.5888388752937317
6088437248.0,-0.590818464756012
6089375232.0,-0.5912162065505981
6090312704.0,-0.591677188873291
6091250176.0,-0.589820146560669
6092187648.0,-0.5881022810935974
6093125120.0,-0.5842285752296448
6094062592.0,-0.5780134201049805
6095000064.0,-0.570487380027771
6095937536.0,-0.562666654586792
6096875008.0,-0.5536347031593323
6097812480.0,-0.5444766879081726
6098749952.0,-0.534631609916687
6099687424.0,-0.525816798210144
6100624896.0,-0.5158407092094421
6101562368.0,-0.5046391487121582
6102499840.0,-0.49254634976387024
6103437312.0,-0.4831434190273285
6104374784.0,-0.4731307923793793
6105312256.0,-0.46360525488853455
6106250240.0,-0.4548722803592682
6107187712.0,-0.44788259267807007
6108125184.0,-0.4418691396713257
6109062656.0,-0.43446728587150574
6110000128.0,-0.4288801848888397
6110937600.0,-0.42216190695762634
6111875072.0,-0.41676902770996094
6112812544.0,-0.4113615155220032
6113750016.0,-0.40571367740631104
6114687488.0,-0.4006173610687256
6115624960.0,-0.39666318893432617
6116562432.0,-0.39411717653274536
6117499904.0,-0.3909046947956085
6118437376.0,-0.3873671591281891
6119374848.0,-0.38584110140800476
6120312320.0,-0.38435909152030945
6121249792.0,-0.38356274366378784
6122187264.0,-0.38310670852661133
6123125248.0,-0.3844234049320221
6124062720.0,-0.385672390460968
6125000192.0,-0.5777311325073242
6125937664.0,-0.5906006693840027
6126875136.0,-0.6009989976882935
6127812608.0,-0.6107380390167236
6128750080.0,-0.6207691431045532
6129687552.0,-0.6290366053581238
6130625024.0,-0.636361837387085
6131562496.0,-0.6419206857681274
6132499968.0,-0.6475284695625305
6133437440.0,-0.6517158150672913
6134374912.0,-0.6560412645339966
6135312384.0,-0.6575785279273987
6136249856.0,-0.6589623093605042
6137187328.0,-0.6612712144851685
6138124800.0,-0.6623058915138245
6139062272.0,-0.6621950268745422
6140000256.0,-0.6634474396705627
6140937728.0,-0.6625630259513855
6141875200.0,-0.6610880494117737
6142812672.0,-0.6591984629631042
6143750144.0,-0.6561781764030457
6144687616.0,-0.6536561250686646
6145625088.0,-0.6494531035423279
6146562560.0,-0.6455947160720825
6147500032.0,-0.6417272090911865
6148437504.0,-0.6385595202445984
6149374976.0,-0.6353799104690552
6150312448.0,-0.6328747868537903
6151249920.0,-0.62959885597229
6152187392.0,-0.6284258961677551
6153124864.0,-0.6278488636016846
6154062336.0,-0.6266639828681946
6154999808.0,-0.6270809173583984
6155937280.0,-0.6278190016746521
6156874752.0,-0.6275248527526855
6157812736.0,-0.6292340159416199
6158750208.0,-0.6312929391860962
6159687680.0,-0.6324874758720398
6160625152.0,-0.6347509622573853
6161562624.0,-0.6381984353065491
6162500096.0,-0.6427348256111145
6163437568.0,-0.6469102501869202
6164375040.0,-0.6517248153686523
6165312512.0,-0.6557944416999817
6166249984.0,-0.6626695990562439
6167187456.0,-0.6688092947006226
6168124928.0,-0.6751559972763062
6169062400.0,-0.682673454284668
6169999872.0,-0.6901397705078125
6170937344.0,-0.6981017589569092
6171874816.0,-0.7065838575363159
6172812288.0,-0.7126398086547852
6173749760.0,-0.721507728099823
6174687744.0,-0.7291601896286011
6175625216.0,-0.7377722859382629
6176562688.0,-0.7465275526046753
6177500160.0,-0.7534011602401733
6178437632.0,-0.7615706324577332
6179375104.0,-0.7697336673736572
6180312576.0,-0.7777049541473389
6181250048.0,-0.7842603325843811
6182187520.0,-0.7915886044502258
6183124992.0,-0.7973109483718872
6184062464.0,-0.8031137585639954
6184999936.0,-0.6414188742637634
6185937408.0,-0.6612937450408936
6186874880.0,-0.6807069182395935
6187812352.0,-0.6999250650405884
6188749824.0,-0.7189253568649292
6189687296.0,-0.7391393780708313
6190624768.0,-0.7572253942489624
6191562752.0,-0.7748432159423828
6192500224.0,-0.7922188639640808
6193437696.0,-0.8075214624404907
6194375168.0,-0.8219057321548462
6195312640.0,-0.8357939124107361
6196250112.0,-0.8493964672088623
6197187584.0,-0.8615509271621704
6198125056.0,-0.8734539747238159
6199062528.0,-0.8828561305999756
6200000000.0,-0.8912597298622131
6200937472.0,-0.8991633653640747
6201874944.0,-0.9027959704399109
6202812416.0,-0.9052863717079163
6203749888.0,-0.9048268795013428
6204687360.0,-0.9021645188331604
6205624832.0,-0.898573100566864
6206562304.0,-0.8932574987411499
6207499776.0,-0.8861843347549438
6208437248.0,-0.8788673281669617
6209375232.0,-0.8698927760124207
6210312704.0,-0.8602624535560608
6211250176.0,-0.8493826985359192
6212187648.0,-0.8375687003135681
6213125120.0,-0.8238339424133301
6214062592.0,-0.8097242712974548
6215000064.0,-0.7945603132247925
6215937536.0,-0.778628408908844
6216875008.0,-0.7647424340248108
6217812480.0,-0.7498699426651001
6218749952.0,-0.7344799041748047
6219687424.0,-0.7209696769714355
6220624896.0,-0.7071442604064941
6221562368.0,-0.6937502026557922
6222499840.0,-0.6826801896095276
6223437312.0,-0.6699933409690857
6224374784.0,-0.6595110893249512
6225312256.0,-0.6493586301803589
6226250240.0,-0.6403926014900208
6227187712.0,-0.63140869140625
6228125184.0,-0.6243144869804382
6229062656.0,-0.6179032325744629
6230000128.0,-0.613486647605896
6230937600.0,-0.6093894839286804
6231875072.0,-0.6084839105606079
6232812544.0,-0.6090680956840515
6233750016.0,-0.6109426021575928
6234687488.0,-0.6151151061058044
6235624960.0,-0.6175059080123901
6236562432.0,-0.6219869256019592
6237499904.0,-0.6265863180160522
6238437376.0,-0.6326022744178772
6239374848.0,-0.6405495405197144
6240312320.0,-0.6483951807022095
6241249792.0,-0.6584213972091675
6242187264.0,-0.6693670749664307
6243125248.0,-0.6801031827926636
6244062720.0,-0.6909129619598389
6245000192.0,-0.6985982060432434
6245937664.0,-0.7116387486457825
6246875136.0,-0.7265077829360962
6247812608.0,-0.7411252856254578
6248750080.0,-0.7564651370048523
6249687552.0,-0.772384762763977
6250625024.0,-0.7864605188369751
6251562496.0,-0.8010585904121399
6252499968.0,-0.8143569827079773
6253437440.0,-0.8268297910690308
6254374912.0,-0.8378751277923584
6255312384.0,-0.8486081957817078
6256249856.0,-0.8588494658470154
6257187328.0,-0.8673500418663025
6258124800.0,-0.8756133913993835
6259062272.0,-0.8836565017700195
6259999744.0,-0.8913149833679199
6260937728.0,-0.8975655436515808
6261875200.0,-0.9022880792617798
6262812672.0,-0.9064499735832214
6263750144.0,-0.9080557227134705
6264687616.0,-0.9085440039634705
6265625088.0,-0.9083123803138733
6266562560.0,-0.9090235233306885
6267500032.0,-0.9077536463737488
6268437504.0,-0.9065755009651184
6269374976.0,-0.9062420129776001
6270312448.0,-0.904703676700592
6271249920.0,-0.9010851383209229
6272187392.0,-0.8972431421279907
6273124864.0,-0.894159734249115
6274062336.0,-0.8904282450675964
6274999808.0,-0.887077808380127
6275937280.0,-0.8832590579986572
6276874752.0,-0.8794957399368286
6277812736.0,-0.8763664960861206
6278750208.0,-0.8719435334205627
6279687680.0,-0.8697819113731384
6280625152.0,-0.8657810091972351
6281562624.0,-0.8620310425758362
6282500096.0,-0.8583199381828308
6283437568.0,-0.8545228838920593
6284375040.0,-0.8514206409454346
6285312512.0,-0.8496392965316772
6286249984.0,-0.8479004502296448
6287187456.0,-0.8474889397621155
6288124928.0,-0.8492376208305359
6289062400.0,-0.8495910167694092
6289999872.0,-0.8517710566520691
6290937344.0,-0.8552197217941284
6291874816.0,-0.858999490737915
6292812288.0,-0.8640091419219971
6293749760.0,-0.8691192269325256
6294687744.0,-0.874713122844696
6295625216.0,-0.8816990852355957
6296562688.0,-0.8879316449165344
6297500160.0,-0.895504891872406
6298437632.0,-0.903995931148529
6299375104.0,-0.91391521692276
6300312576.0,-0.9234685301780701
6301250048.0,-0.9336254000663757
6302187520.0,-0.9447155594825745
6303124992.0,-0.9542431831359863
6304062464.0,-0.9661556482315063
6304999936.0,-0.9937456846237183
6305937408.0,-1.0029479265213013
6306874880.0,-1.0130724906921387
6307812352.0,-1.0237773656845093
6308749824.0,-1.0348883867263794
6309687296.0,-1.0449373722076416
6310624768.0,-1.0548771619796753
6311562752.0,-1.0635735988616943
6312500224.0,-1.0732489824295044
6313437696.0,-1.0817558765411377
6314375168.0,-1.0917644500732422
6315312640.0,-1.1017361879348755
6316250112.0,-1.111994743347168
6317187584.0,-1.1227761507034302
6318125056.0,-1.1328299045562744
6319062528.0,-1.1451314687728882
6320000000.0,-1.1544770002365112
6320937472.0,-1.1650774478912354
6321874944.0,-1.1753451824188232
6322812416.0,-1.1854935884475708
6323749888.0,-1.1940561532974243
6324687360.0,-1.2041581869125366
6325624832.0,-1.2124269008636475
6326562304.0,-1.2212351560592651
6327499776.0,-1.2292490005493164
6328437248.0,-1.2372897863388062
6329375232.0,-1.2447619438171387
6330312704.0,-1.2528072595596313
6331250176.0,-1.260172724723816
6332187648.0,-1.2682242393493652
6333125120.0,-1.2746678590774536
6334062592.0,-1.2786461114883423
6335000064.0,-1.2833420038223267
6335937536.0,-1.285366415977478
6336875008.0,-1.2871003150939941
6337812480.0,-1.2866156101226807
6338749952.0,-1.284400463104248
6339687424.0,-1.2803322076797485
6340624896.0,-1.273841381072998
6341562368.0,-1.2675187587738037
6342499840.0,-1.2588956356048584
6343437312.0,-1.2487869262695312
6344374784.0,-1.238965392112732
6345312256.0,-1.2282989025115967
6346250240.0,-1.21711266040802
6347187712.0,-1.2057431936264038
6348125184.0,-1.194730520248413
6349062656.0,-1.1824228763580322
6350000128.0,-1.169929027557373
6350937600.0,-1.1559027433395386
6351875072.0,-1.1421860456466675
6352812544.0,-1.1294509172439575
6353750016.0,-1.1157143115997314
6354687488.0,-1.1019699573516846
6355624960.0,-1.0893497467041016
6356562432.0,-1.0761293172836304
6357499904.0,-1.0659769773483276
6358437376.0,-1.055041790008545
6359374848.0,-1.0470032691955566
6360312320.0,-1.039601445198059
6361249792.0,-1.0339688062667847
6362187264.0,-1.030014157295227
6363125248.0,-1.0257984399795532
6364062720.0,-1.0231971740722656
6365000192.0,-1.3923654556274414
6365937664.0,-1.4047809839248657
6366875136.0,-1.4161454439163208
6367812608.0,-1.4274955987930298
6368750080.0,-1.4398224353790283
6369687552.0,-1.4510931968688965
6370625024.0,-1.4640679359436035
6371562496.0,-1.4771384000778198
6372499968.0,-1.490417242050171
6373437440.0,-1.505192756652832
6374374912.0,-1.5198030471801758
6375312384.0,-1.5325864553451538
6376249856.0,-1.5426959991455078
6377187328.0,-1.5515559911727905
6378124800.0,-1.5581599473953247
6379062272.0,-1.5638641119003296
6380000256.0,-1.5680277347564697
6380937728.0,-1.5708874464035034
6381875200.0,-1.5717804431915283
6382812672.0,-1.57225501537323
6383750144.0,-1.5718246698379517
6384687616.0,-1.5702944993972778
6385625088.0,-1.5679041147232056
6386562560.0,-1.5655696392059326
6387500032.0,-1.5611296892166138
6388437504.0,-1.5560656785964966
6389374976.0,-1.5499552488327026
6390312448.0,-1.542870283126831
6391249920.0,-1.534733772277832
6392187392.0,-1.5262638330459595
6393124864.0,-1.5183736085891724
6394062336.0,-1.509297251701355
6394999808.0,-1.50066077709198
6395937280.0,-1.491527795791626
6396874752.0,-1.483557939529419
6397812736.0,-1.4764002561569214
6398750208.0,-1.4684913158416748
6399687680.0,-1.4615517854690552
6400625152.0,-1.455710530281067
6401562624.0,-1.4487950801849365
6402500096.0,-1.442297101020813
6403437568.0,-1.4386268854141235
6404375040.0,-1.4357750415802002
6405312512.0,-1.4348053932189941
6406249984.0,-1.4357705116271973
6407187456.0,-1.438841700553894
6408124928.0,-1.4431462287902832
6409062400.0,-1.4497590065002441
6409999872.0,-1.4557768106460571
6410937344.0,-1.46405827999115
6411874816.0,-1.4767792224884033
6412812288.0,-1.4902842044830322
6413749760.0,-1.50588059425354
6414687744.0,-1.5251719951629639
6415625216.0,-1.5436320304870605
6416562688.0,-1.5645208358764648
6417500160.0,-1.5883241891860962
6418437632.0,-1.6139620542526245
6419375104.0,-1.640008807182312
6420312576.0,-1.6665451526641846
6421250048.0,-1.6931694746017456
6422187520.0,-1.7193882465362549
6423124992.0,-1.7454893589019775
6424062464.0,-1.7733724117279053
6424999936.0,-1.8036595582962036
6425937408.0,-1.8335765600204468
6426874880.0,-1.8646498918533325
6427812352.0,-1.8950251340866089
6428749824.0,-1.9259506464004517
6429687296.0,-1.9576010704040527
6430624768.0,-1.9883579015731812
6431562752.0,-2.0186264514923096
6432500224.0,-2.049046039581299
6433437696.0,-2.080233573913574
6434375168.0,-2.1097326278686523
6435312640.0,-2.1384317874908447
6436250112.0,-2.164705753326416
6437187584.0,-2.191647529602051
6438125056.0,-2.2163004875183105
6439062528.0,-2.23883318901062
6440000000.0,-2.2607452869415283
6440937472.0,-2.2813892364501953
6441874944.0,-2.2985599040985107
6442812416.0,-2.3154425621032715
6443749888.0,-2.32954740524292
6444687360.0,-2.342442274093628
6445624832.0,-2.352419137954712
6446562304.0,-2.3596181869506836
6447499776.0,-2.367098569869995
6448437248.0,-2.369760274887085
6449375232.0,-2.3700456619262695
6450312704.0,-2.3686699867248535
6451250176.0,-2.3676788806915283
6452187648.0,-2.3663299083709717
6453125120.0,-2.363940715789795
6454062592.0,-2.361600637435913
6455000064.0,-2.3580830097198486
6455937536.0,-2.3535614013671875
6456875008.0,-2.348945140838623
6457812480.0,-2.343644618988037
6458749952.0,-2.340456008911133
6459687424.0,-2.3367698192596436
6460624896.0,-2.33288836479187
6461562368.0,-2.329768657684326
6462499840.0,-2.3265981674194336
6463437312.0,-2.324479341506958
6464374784.0,-2.3236517906188965
6465312256.0,-2.3260560035705566
6466250240.0,-2.329364061355591
6467187712.0,-2.3334105014801025
6468125184.0,-2.3390254974365234
6469062656.0,-2.344493865966797
6470000128.0,-2.351205587387085
6470937600.0,-2.3584046363830566
6471875072.0,-2.3669116497039795
6472812544.0,-2.3768727779388428
6473750016.0,-2.386098861694336
6474687488.0,-2.3994922637939453
6475624960.0,-2.4126429557800293
6476562432.0,-2.4295876026153564
6477499904.0,-2.448618173599243
6478437376.0,-2.468778133392334
6479374848.0,-2.4941046237945557
6480312320.0,-2.520460844039917
6481249792.0,-2.548666477203369
6482187264.0,-2.5810458660125732
6483125248.0,-2.612985372543335
6484062720.0,-2.6486852169036865
6485000192.0,-2.7501962184906006
6485937664.0,-2.7766292095184326
6486875136.0,-2.8034472465515137
6487812608.0,-2.8310635089874268
6488750080.0,-2.8608593940734863
6489687552.0,-2.8913192749023438
6490625024.0,-2.922358751296997
6491562496.0,-2.954841136932373
6492499968.0,-2.9857075214385986
6493437440.0,-3.0144994258880615
6494374912.0,-3.043131113052368
6495312384.0,-3.071657180786133
6496249856.0,-3.101865291595459
6497187328.0,-3.1333534717559814
6498124800.0,-3.164897918701172
6499062272.0,-3.1963014602661133
6499999744.0,-3.2269062995910645
6500937728.0,-3.2538883686065674
6501875200.0,-3.2805798053741455
6502812672.0,-3.3050296306610107
6503750144.0,-3.3278417587280273
6504687616.0,-3.3500876426696777
6505625088.0,-3.3705227375030518
6506562560.0,-3.391458511352539
6507500032.0,-3.4152698516845703
6508437504.0,-3.439239501953125
6509374976.0,-3.463754177093506
6510312448.0,-3.490997791290283
6511249920.0,-3.517411947250366
6512187392.0,-3.5449326038360596
6513124864.0,-3.5738613605499268
6514062336.0,-3.6030943393707275
6514999808.0,-3.632638931274414
6515937280.0,-3.6632001399993896
6516874752.0,-3.6939005851745605
6517812736.0,-3.7264108657836914
6518750208.0,-3.7595887184143066
6519687680.0,-3.794680595397949
6520625152.0,-3.8319904804229736
6521562624.0,-3.8684849739074707
6522500096.0,-3.906067371368408
6523437568.0,-3.9446732997894287
6524375040.0,-3.985004425048828
6525312512.0,-4.027324199676514
6526249984.0,-4.071000576019287
6527187456.0,-4.112855434417725
6528124928.0,-4.156964302062988
6529062400.0,-4.198382377624512
6529999872.0,-4.23862886428833
6530937344.0,-4.28084135055542
6531874816.0,-4.321210861206055
6532812288.0,-4.366393566131592
6533749760.0,-4.4117608070373535
6534687744.0,-4.459646701812744
6535625216.0,-4.50993537902832
6536562688.0,-4.5618438720703125
6537500160.0,-4.615468502044678
6538437632.0,-4.668344974517822
6539375104.0,-4.720902919769287
6540312576.0,-4.7694926261901855
6541250048.0,-4.815756320953369
6542187520.0,-4.859541416168213
6543124992.0,-4.900204658508301
6544062464.0,-4.940715789794922
6544999936.0,-4.973818302154541
6545937408.0,-5.016421318054199
6546874880.0,-5.062966346740723
6547812352.0,-5.1077680587768555
6548749824.0,-5.156337261199951
6549687296.0,-5.201513290405273
6550624768.0,-5.247287273406982
6551562752.0,-5.291447639465332
6552500224.0,-5.336987018585205
6553437696.0,-5.384462833404541
6554375168.0,-5.43262243270874
6555312640.0,-5.481911659240723
6556250112.0,-5.533117771148682
6557187584.0,-5.583664417266846
6558125056.0,-5.6334333419799805
6559062528.0,-5.684808254241943
6560000000.0,-5.738973617553711
6560937472.0,-5.796017169952393
6561874944.0,-5.854643821716309
6562812416.0,-5.918025970458984
6563749888.0,-5.982100009918213
6564687360.0,-6.0471882820129395
6565624832.0,-6.110535144805908
6566562304.0,-6.172589302062988
6567499776.0,-6.231808662414551
6568437248.0,-6.288241863250732
6569375232.0,-6.344049453735352
6570312704.0,-6.4013142585754395
6571250176.0,-6.459996700286865
6572187648.0,-6.520057201385498
6573125120.0,-6.58765172958374
6574062592.0,-6.661159992218018
6575000064.0,-6.738678932189941
6575937536.0,-6.82274866104126
6576875008.0,-6.911379814147949
6577812480.0,-7.005135536193848
6578749952.0,-7.102263927459717
6579687424.0,-7.199059009552002
6580624896.0,-7.2948408126831055
6581562368.0,-7.388863563537598
6582499840.0,-7.47927188873291
6583437312.0,-7.569459915161133
6584374784.0,-7.653214454650879
6585312256.0,-7.741813659667969
6586250240.0,-7.830564975738525
6587187712.0,-7.920858860015869
6588125184.0,-8.008933067321777
6589062656.0,-8.099156379699707
6590000128.0,-8.18868350982666
6590937600.0,-8.278898239135742
6591875072.0,-8.37391185760498
6592812544.0,-8.469274520874023
6593750016.0,-8.570393562316895
6594687488.0,-8.673830032348633
6595624960.0,-8.777514457702637
6596562432.0,-8.885734558105469
6597499904.0,-8.997625350952148
6598437376.0,-9.110852241516113
6599374848.0,-9.227118492126465
6600312320.0,-9.346277236938477
6601249792.0,-9.460569381713867
6602187264.0,-9.570401191711426
6603125248.0,-9.675938606262207
6604062720.0,-9.77996826171875
6605000192.0,-9.87173080444336
6605937664.0,-9.959046363830566
6606875136.0,-10.04190731048584
6607812608.0,-10.12852954864502
6608750080.0,-10.213729858398438
6609687552.0,-10.305726051330566
6610625024.0,-10.399115562438965
6611562496.0,-10.49311351776123
6612499968.0,-10.58669376373291
6613437440.0,-10.675179481506348
6614374912.0,-10.757665634155273
6615312384.0,-10.840744972229004
6616249856.0,-10.916080474853516
6617187328.0,-10.989774703979492
6618124800.0,-11.063023567199707
6619062272.0,-11.138439178466797
6620000256.0,-11.2153902053833
6620937728.0,-11.29077434539795
6621875200.0,-11.363069534301758
6622812672.0,-11.42207145690918
6623750144.0,-11.478311538696289
6624687616.0,-11.521570205688477
6625625088.0,-11.563674926757812
6626562560.0,-11.5988187789917
6627500032.0,-11.624112129211426
6628437504.0,-11.63574504852295
6629374976.0,-11.642306327819824
6630312448.0,-11.646886825561523
6631249920.0,-11.65487003326416
6632187392.0,-11.667815208435059
6633124864.0,-11.681358337402344
6634062336.0,-11.688680648803711
6634999808.0,-11.687451362609863
6635937280.0,-11.675850868225098
6636874752.0,-11.651078224182129
6637812736.0,-11.62453556060791
6638750208.0,-11.592065811157227
6639687680.0,-11.559077262878418
6640625152.0,-11.525278091430664
6641562624.0,-11.48763656616211
6642500096.0,-11.447474479675293
6643437568.0,-11.407028198242188
6644375040.0,-11.35488510131836
6645312512.0,-11.302672386169434
6646249984.0,-11.232991218566895
6647187456.0,-11.15284252166748
6648124928.0,-11.063761711120605
6649062400.0,-10.964146614074707
6649999872.0,-10.860929489135742
6650937344.0,-10.757579803466797
6651874816.0,-10.6635160446167
6652812288.0,-10.575334548950195
6653749760.0,-10.492141723632812
6654687744.0,-10.413363456726074
6655625216.0,-10.332466125488281
6656562688.0,-10.250378608703613
6657500160.0,-10.163801193237305
6658437632.0,-10.071138381958008
6659375104.0,-9.974052429199219
6660312576.0,-9.872078895568848
6661250048.0,-9.762514114379883
6662187520.0,-9.654878616333008
6663124992.0,-9.544694900512695
6664062464.0,-9.434282302856445
6664999936.0,-9.305581092834473
6665937408.0,-9.196035385131836
6666874880.0,-9.087624549865723
6667812352.0,-8.981453895568848
6668749824.0,-8.875467300415039
6669687296.0,-8.772875785827637
6670624768.0,-8.670891761779785
6671562752.0,-8.56774616241455
6672500224.0,-8.465429306030273
6673437696.0,-8.365330696105957
6674375168.0,-8.265902519226074
6675312640.0,-8.164231300354004
6676250112.0,-8.062705993652344
6677187584.0,-7.958557605743408
6678125056.0,-7.856407642364502
6679062528.0,-7.7557573318481445
6680000000.0,-7.65948486328125
6680937472.0,-7.563418388366699
6681874944.0,-7.469295978546143
6682812416.0,-7.379026889801025
6683749888.0,-7.29171895980835
6684687360.0,-7.207225799560547
6685624832.0,-7.12603759765625
6686562304.0,-7.045920372009277
6687499776.0,-6.973501682281494
6688437248.0,-6.904584884643555
6689375232.0,-6.840971946716309
6690312704.0,-6.780917644500732
6691250176.0,-6.720516204833984
6692187648.0,-6.664189338684082
6693125120.0,-6.60792875289917
6694062592.0,-6.553491592407227
6695000064.0,-6.498734474182129
6695937536.0,-6.441170692443848
6696875008.0,-6.383033275604248
6697812480.0,-6.326531887054443
6698749952.0,-6.268331050872803
6699687424.0,-6.214354038238525
6700624896.0,-6.159306526184082
6701562368.0,-6.107334136962891
6702499840.0,-6.055163860321045
6703437312.0,-6.005678176879883
6704374784.0,-5.954762935638428
6705312256.0,-5.901219844818115
6706250240.0,-5.851194381713867
6707187712.0,-5.79811429977417
6708125184.0,-5.745928764343262
6709062656.0,-5.691286563873291
6710000128.0,-5.636457920074463
6710937600.0,-5.575469017028809
6711875072.0,-5.5163655281066895
6712812544.0,-5.4562249183654785
6713750016.0,-5.395734786987305
6714687488.0,-5.331027030944824
6715624960.0,-5.267428874969482
6716562432.0,-5.202986240386963
6717499904.0,-5.135360240936279
6718437376.0,-5.06933069229126
6719374848.0,-5.000355243682861
6720312320.0,-4.933281898498535
6721249792.0,-4.867075443267822
6722187264.0,-4.801215171813965
6723125248.0,-4.737197399139404
6724062720.0,-4.674759387969971
6725000192.0,-4.395201206207275
6725937664.0,-4.323663234710693
6726875136.0,-4.252163410186768
6727812608.0,-4.184340000152588
6728750080.0,-4.117863178253174
6729687552.0,-4.054924011230469
6730625024.0,-3.993659496307373
6731562496.0,-3.9340128898620605
6732499968.0,-3.8765976428985596
6733437440.0,-3.82180118560791
6734374912.0,-3.7687888145446777
6735312384.0,-3.718165874481201
6736249856.0,-3.669276714324951
6737187328.0,-3.6240687370300293
6738124800.0,-3.5811564922332764
6739062272.0,-3.540351629257202
6739999744.0,-3.501929998397827
6740937728.0,-3.4680333137512207
6741875200.0,-3.4335391521453857
6742812672.0,-3.3998985290527344
6743750144.0,-3.3678951263427734
6744687616.0,-3.335909605026245
6745625088.0,-3.305685520172119
6746562560.0,-3.2770063877105713
6747500032.0,-3.251969337463379
6748437504.0,-3.2282533645629883
6749374976.0,-3.205613136291504
6750312448.0,-3.1850883960723877
6751249920.0,-3.1651499271392822
6752187392.0,-3.145624876022339
6753124864.0,-3.128763198852539
6754062336.0,-3.1107776165008545
6754999808.0,-3.094818115234375
6755937280.0,-3.0773661136627197
6756874752.0,-3.0613937377929688
6757812736.0,-3.0435431003570557
6758750208.0,-3.0245559215545654
6759687680.0,-3.006181478500366
6760625152.0,-2.9875943660736084
6761562624.0,-2.9683938026428223
6762500096.0,-2.948316812515259
6763437568.0,-2.9273829460144043
6764375040.0,-2.9069039821624756
6765312512.0,-2.8836934566497803
6766249984.0,-2.8600821495056152
6767187456.0,-2.836132287979126
6768124928.0,-2.809149980545044
6769062400.0,-2.7811191082000732
6769999872.0,-2.750981092453003
6770937344.0,-2.720024824142456
6771874816.0,-2.6865875720977783
6772812288.0,-2.653860092163086
6773749760.0,-2.618783473968506
6774687744.0,-2.5851404666900635
6775625216.0,-2.5517995357513428
6776562688.0,-2.517692804336548
6777500160.0,-2.485455274581909
6778437632.0,-2.456606864929199
6779375104.0,-2.428121566772461
6780312576.0,-2.399369478225708
6781250048.0,-2.371382236480713
6782187520.0,-2.3415374755859375
6783124992.0,-2.3130664825439453
6784062464.0,-2.2842907905578613
6784999936.0,-2.2606616020202637
6785937408.0,-2.225384473800659
6786874880.0,-2.19085693359375
6787812352.0,-2.1581616401672363
6788749824.0,-2.1277551651000977
6789687296.0,-2.0974390506744385
6790624768.0,-2.070408344268799
6791562752.0,-2.0436761379241943
6792500224.0,-2.0173773765563965
6793437696.0,-1.993030071258545
6794375168.0,-1.9710744619369507
6795312640.0,-1.9491163492202759
6796250112.0,-1.9294332265853882
6797187584.0,-1.9100528955459595
6798125056.0,-1.8920621871948242
6799062528.0,-1.876779556274414
6800000000.0,-1.8625338077545166
6800937472.0,-1.8489741086959839
6801874944.0,-1.8354337215423584
6802812416.0,-1.82271409034729
6803749888.0,-1.8102262020111084
6804687360.0,-1.8008126020431519
6805624832.0,-1.790175199508667
6806562304.0,-1.779079556465149
6807499776.0,-1.7687455415725708
6808437248.0,-1.7580738067626953
6809375232.0,-1.7471814155578613
6810312704.0,-1.735094428062439
6811250176.0,-1.7233713865280151
6812187648.0,-1.7113155126571655
6813125120.0,-1.6985008716583252
6814062592.0,-1.6859904527664185
6815000064.0,-1.672096610069275
6815937536.0,-1.6590650081634521
6816875008.0,-1.6452122926712036
6817812480.0,-1.6303449869155884
6818749952.0,-1.6150561571121216
6819687424.0,-1.6001849174499512
6820624896.0,-1.5823559761047363
6821562368.0,-1.5648157596588135
6822499840.0,-1.5474286079406738
6823437312.0,-1.5284919738769531
6824374784.0,-1.5089744329452515
6825312256.0,-1.4905133247375488
6826250240.0,-1.4699019193649292
6827187712.0,-1.449621558189392
6828125184.0,-1.4279779195785522
6829062656.0,-1.4058581590652466
6830000128.0,-1.3830747604370117
6830937600.0,-1.3608719110488892
6831875072.0,-1.337080717086792
6832812544.0,-1.3154265880584717
6833750016.0,-1.293550729751587
6834687488.0,-1.2718539237976074
6835624960.0,-1.251084804534912
6836562432.0,-1.2309614419937134
6837499904.0,-1.2122600078582764
6838437376.0,-1.1937406063079834
6839374848.0,-1.176232099533081
6840312320.0,-1.1590968370437622
6841249792.0,-1.144088625907898
6842187264.0,-1.130700945854187
6843125248.0,-1.118078351020813
6844062720.0,-1.105173945426941
6845000192.0,-1.0692261457443237
6845937664.0,-1.0600221157073975
6846875136.0,-1.0523043870925903
6847812608.0,-1.0453366041183472
6848750080.0,-1.040161371231079
6849687552.0,-1.0353095531463623
6850625024.0,-1.0325275659561157
6851562496.0,-1.0316776037216187
6852499968.0,-1.0315932035446167
6853437440.0,-1.0335758924484253
6854374912.0,-1.0351479053497314
6855312384.0,-1.0358821153640747
6856249856.0,-1.0392407178878784
6857187328.0,-1.0442681312561035
6858124800.0,-1.0505744218826294
6859062272.0,-1.0560725927352905
6860000256.0,-1.0635682344436646
6860937728.0,-1.0721088647842407
6861875200.0,-1.0818873643875122
6862812672.0,-1.0917415618896484
6863750144.0,-1.101613163948059
6864687616.0,-1.112046480178833
6865625088.0,-1.1224138736724854
6866562560.0,-1.1338669061660767
6867500032.0,-1.1443675756454468
6868437504.0,-1.1540125608444214
6869374976.0,-1.1636966466903687
6870312448.0,-1.1728806495666504
6871249920.0,-1.181891918182373
6872187392.0,-1.1889935731887817
6873124864.0,-1.1943473815917969
6874062336.0,-1.1982789039611816
6874999808.0,-1.199944019317627
6875937280.0,-1.2004510164260864
6876874752.0,-1.197558879852295
6877812736.0,-1.1927602291107178
6878750208.0,-1.187240719795227
6879687680.0,-1.1782153844833374
6880625152.0,-1.1652424335479736
6881562624.0,-1.1505922079086304
6882500096.0,-1.1342086791992188
6883437568.0,-1.1167503595352173
6884375040.0,-1.0966434478759766
6885312512.0,-1.07499361038208
6886249984.0,-1.0528310537338257
6887187456.0,-1.0279024839401245
6888124928.0,-1.002132534980774
6889062400.0,-0.9739370346069336
6889999872.0,-0.9458937644958496
6890937344.0,-0.9167595505714417
6891874816.0,-0.8877152800559998
6892812288.0,-0.8581922650337219
6893749760.0,-0.8274499177932739
6894687744.0,-0.7978532314300537
6895625216.0,-0.7661030888557434
6896562688.0,-0.7372230887413025
6897500160.0,-0.7088437676429749
6898437632.0,-0.6788023710250854
6899375104.0,-0.6510328054428101
6900312576.0,-0.6245812773704529
6901250048.0,-0.5993878245353699
6902187520.0,-0.5739760398864746
6903124992.0,-0.5488865971565247
6904062464.0,-0.5264005661010742
6904999936.0,-0.48856914043426514
6905937408.0,-0.4841972291469574
6906874880.0,-0.4804324209690094
6907812352.0,-0.4786376655101776
6908749824.0,-0.47735583782196045
6909687296.0,-0.47904548048973083
6910624768.0,-0.4808045029640198
6911562752.0,-0.4848737418651581
6912500224.0,-0.489067018032074
6913437696.0,-0.49450334906578064
6914375168.0,-0.5005789399147034
6915312640.0,-0.5067893266677856
6916250112.0,-0.5142887234687805
6917187584.0,-0.5216736197471619
6918125056.0,-0.5297728180885315
6919062528.0,-0.5378265380859375
6920000000.0,-0.5465330481529236
6920937472.0,-0.5548614263534546
6921874944.0,-0.5642810463905334
6922812416.0,-0.5732821226119995
6923749888.0,-0.5830658078193665
6924687360.0,-0.5930086970329285
6925624832.0,-0.6015779376029968
6926562304.0,-0.6087087392807007
6927499776.0,-0.617203950881958
6928437248.0,-0.6247236132621765
6929375232.0,-0.631894052028656
6930312704.0,-0.6379550099372864
6931250176.0,-0.6474301218986511
6932187648.0,-0.6565113663673401
6933125120.0,-0.6635769009590149
6934062592.0,-0.671875
6935000064.0,-0.6786164045333862
6935937536.0,-0.6841565370559692
6936875008.0,-0.6889874935150146
6937812480.0,-0.6938134431838989
6938749952.0,-0.6978121399879456
6939687424.0,-0.7001757621765137
6940624896.0,-0.7024883031845093
6941562368.0,-0.7041015028953552
6942499840.0,-0.70428866147995
6943437312.0,-0.7034958600997925
6944374784.0,-0.701991856098175
6945312256.0,-0.6992883086204529
6946250240.0,-0.6950852274894714
6947187712.0,-0.6907640695571899
6948125184.0,-0.6846930384635925
6949062656.0,-0.6787946224212646
6950000128.0,-0.6710849404335022
6950937600.0,-0.6638201475143433
6951875072.0,-0.6540488004684448
6952812544.0,-0.6433190703392029
6953750016.0,-0.6340286135673523
6954687488.0,-0.6220566034317017
6955624960.0,-0.6080112457275391
6956562432.0,-0.5971176624298096
6957499904.0,-0.5845624804496765
6958437376.0,-0.5731555819511414
6959374848.0,-0.5595862865447998
6960312320.0,-0.5450121164321899
6961249792.0,-0.5314993858337402
6962187264.0,-0.5159599184989929
6963125248.0,-0.5007278323173523
6964062720.0,-0.48598939180374146
6965000192.0,-0.40612176060676575
6965937664.0,-0.3991684019565582
6966875136.0,-0.3919157087802887
6967812608.0,-0.38361093401908875
6968750080.0,-0.37634193897247314
6969687552.0,-0.36953720450401306
6970625024.0,-0.36203014850616455
6971562496.0,-0.3567220866680145
6972499968.0,-0.35053005814552307
6973437440.0,-0.34514668583869934
6974374912.0,-0.3403867781162262
6975312384.0,-0.33863258361816406
6976249856.0,-0.3347855806350708
6977187328.0,-0.33313149213790894
6978124800.0,-0.33265089988708496
6979062272.0,-0.3334715962409973
6979999744.0,-0.3332787752151489
6980937728.0,-0.33547958731651306
6981875200.0,-0.3371815085411072
6982812672.0,-0.34020835161209106
6983750144.0,-0.34479230642318726
6984687616.0,-0.34912583231925964
6985625088.0,-0.3559993803501129
6986562560.0,-0.36292535066604614
6987500032.0,-0.3721991181373596
6988437504.0,-0.3823828101158142
6989374976.0,-0.3925795555114746
6990312448.0,-0.4038417637348175
6991249920.0,-0.4161457419395447
6992187392.0,-0.42810043692588806
6993124864.0,-0.4397646188735962
6994062336.0,-0.45311155915260315
6994999808.0,-0.46567973494529724
6995937280.0,-0.47798827290534973
6996874752.0,-0.4904003143310547
6997812736.0,-0.5029412508010864
6998750208.0,-0.5144103765487671
6999687680.0,-0.526603639125824
7000625152.0,-0.536524772644043
7001562624.0,-0.5462242364883423
7002500096.0,-0.5550434589385986
7003437568.0,-0.5619651079177856
7004375040.0,-0.5674138069152832
7005312512.0,-0.5716100335121155
7006249984.0,-0.5757299065589905
7007187456.0,-0.5772203803062439
7008124928.0,-0.5765542387962341
7009062400.0,-0.576879620552063
7009999872.0,-0.5752205848693848
7010937344.0,-0.5712112188339233
7011874816.0,-0.5674594640731812
7012812288.0,-0.5625435709953308
7013749760.0,-0.5553523898124695
7014687744.0,-0.5488991737365723
7015625216.0,-0.5407390594482422
7016562688.0,-0.5314901471138
7017500160.0,-0.5227169394493103
7018437632.0,-0.513940691947937
7019375104.0,-0.5038546323776245
7020312576.0,-0.49448448419570923
7021250048.0,-0.48524796962738037
7022187520.0,-0.4775489270687103
7023124992.0,-0.4670296013355255
7024062464.0,-0.4588223099708557
7024999936.0,-0.4316507875919342
7025937408.0,-0.42429590225219727
7026874880.0,-0.4182702302932739
7027812352.0,-0.41239258646965027
7028749824.0,-0.4079456329345703
7029687296.0,-0.4045311510562897
7030624768.0,-0.4023585915565491
7031562752.0,-0.40175923705101013
7032500224.0,-0.4013933539390564
7033437696.0,-0.4028629660606384
7034375168.0,-0.40586599707603455
7035312640.0,-0.41136983036994934
7036250112.0,-0.41682541370391846
7037187584.0,-0.42361801862716675
7038125056.0,-0.4306263029575348
7039062528.0,-0.4392131268978119
7040000000.0,-0.4483857750892639
7040937472.0,-0.45809853076934814
7041874944.0,-0.467629611492157
7042812416.0,-0.47763314843177795
7043749888.0,-0.4864909052848816
7044687360.0,-0.4945220351219177
7045624832.0,-0.5030478835105896
7046562304.0,-0.5101968050003052
7047499776.0,-0.5159486532211304
7048437248.0,-0.5201207399368286
7049375232.0,-0.5240570902824402
7050312704.0,-0.5268559455871582
7051250176.0,-0.5272444486618042
7052187648.0,-0.526671826839447
7053125120.0,-0.5233494639396667
7054062592.0,-0.5187563896179199
7055000064.0,-0.5128247737884521
7055937536.0,-0.5041474103927612
7056875008.0,-0.49458155035972595
7057812480.0,-0.480960488319397
7058749952.0,-0.4658874273300171
7059687424.0,-0.44804108142852783
7060624896.0,-0.4288013279438019
7061562368.0,-0.40983012318611145
7062499840.0,-0.3899785876274109
7063437312.0,-0.36852166056632996
7064374784.0,-0.3469407856464386
7065312256.0,-0.3256634473800659
7066250240.0,-0.3036257028579712
7067187712.0,-0.2829380929470062
7068125184.0,-0.2606714069843292
7069062656.0,-0.23993746936321259
7070000128.0,-0.21961238980293274
7070937600.0,-0.2021288424730301
7071875072.0,-0.18424546718597412
7072812544.0,-0.16847217082977295
7073750016.0,-0.15270106494426727
7074687488.0,-0.1398051232099533
7075624960.0,-0.1282038688659668
7076562432.0,-0.11946937441825867
7077499904.0,-0.1105784997344017
7078437376.0,-0.10540298372507095
7079374848.0,-0.10224735736846924
7080312320.0,-0.10075000673532486
7081249792.0,-0.10171263664960861
7082187264.0,-0.10619938373565674
7083125248.0,-0.1120879277586937
7084062720.0,-0.11939030885696411
7085000192.0,-0.27439332008361816
7085937664.0,-0.2860186994075775
7086875136.0,-0.29971063137054443
7087812608.0,-0.31520554423332214
7088750080.0,-0.3324951231479645
7089687552.0,-0.35173091292381287
7090625024.0,-0.372202068567276
7091562496.0,-0.39530959725379944
7092499968.0,-0.42112573981285095
7093437440.0,-0.44731563329696655
7094374912.0,-0.476840078830719
7095312384.0,-0.5058820247650146
7096249856.0,-0.5366318821907043
7097187328.0,-0.5690310001373291
7098124800.0,-0.6005204916000366
7099062272.0,-0.6343980431556702
7100000256.0,-0.6676762700080872
7100937728.0,-0.7008063197135925
7101875200.0,-0.7336404919624329
7102812672.0,-0.7665631771087646
7103750144.0,-0.7962043881416321
7104687616.0,-0.8251075148582458
7105625088.0,-0.8514195084571838
7106562560.0,-0.8740933537483215
7107500032.0,-0.8937122225761414
7108437504.0,-0.9105958342552185
7109374976.0,-0.9241846799850464
7110312448.0,-0.9333601593971252
7111249920.0,-0.9391475319862366
7112187392.0,-0.9403955340385437
7113124864.0,-0.9378154277801514
7114062336.0,-0.9305805563926697
7114999808.0,-0.9207913875579834
7115937280.0,-0.9062249064445496
7116874752.0,-0.8887569308280945
7117812736.0,-0.8676980137825012
7118750208.0,-0.8434606790542603
7119687680.0,-0.8161684274673462
7120625152.0,-0.7864604592323303
7121562624.0,-0.7557835578918457
7122500096.0,-0.7234304547309875
7123437568.0,-0.6878458261489868
7124375040.0,-0.6514812111854553
7125312512.0,-0.6152036190032959
7126249984.0,-0.5784957408905029
7127187456.0,-0.5406407713890076
7128124928.0,-0.5047881603240967
7129062400.0,-0.468878835439682
7129999872.0,-0.4337965250015259
7130937344.0,-0.39969879388809204
7131874816.0,-0.3670203983783722
7132812288.0,-0.33587023615837097
7133749760.0,-0.3055678904056549
7134687744.0,-0.27828583121299744
7135625216.0,-0.25304359197616577
7136562688.0,-0.22940824925899506
7137500160.0,-0.20879274606704712
7138437632.0,-0.18851333856582642
7139375104.0,-0.1717686951160431
7140312576.0,-0.15617869794368744
7141250048.0,-0.14196573197841644
7142187520.0,-0.1309816986322403
7143124992.0,-0.12053679674863815
7144062464.0,-0.21461915969848633
7144999936.0,-0.21515165269374847
7145937408.0,-0.21631722152233124
7146874880.0,-0.21854764223098755
7147812352.0,-0.22038620710372925
7148749824.0,-0.22433353960514069
7149687296.0,-0.22883979976177216
7150624768.0,-0.23352274298667908
7151562752.0,-0.2407621592283249
7152500224.0,-0.24872328341007233
7153437696.0,-0.2584875226020813
7154375168.0,-0.2710970640182495
7155312640.0,-0.2852400243282318
7156250112.0,-0.30220097303390503
7157187584.0,-0.32143434882164
7158125056.0,-0.3437548577785492
7159062528.0,-0.3688718378543854
7160000000.0,-0.39543190598487854
7160937472.0,-0.4231920540332794
7161874944.0,-0.4466523826122284
7162812416.0,-0.46664586663246155
7163749888.0,-0.48473605513572693
7164687360.0,-0.4987439513206482
7165624832.0,-0.5091350674629211
7166562304.0,-0.5176035761833191
7167499776.0,-0.5243093371391296
7168437248.0,-0.5290504693984985
7169375232.0,-0.5320934653282166
7170312704.0,-0.5353142619132996
7171250176.0,-0.5382844805717468
7172187648.0,-0.5417627692222595
7173125120.0,-0.5454538464546204
7174062592.0,-0.5489596128463745
7175000064.0,-0.5567917823791504
7175937536.0,-0.566203236579895
7176875008.0,-0.5783134698867798
7177812480.0,-0.5918285846710205
7178749952.0,-0.6079123020172119
7179687424.0,-0.625872015953064
7180624896.0,-0.6460526585578918
7181562368.0,-0.6673107743263245
7182499840.0,-0.6883746385574341
7183437312.0,-0.7096854448318481
7184374784.0,-0.7300449013710022
7185312256.0,-0.7478095889091492
7186250240.0,-0.7633203268051147
7187187712.0,-0.7769049406051636
7188125184.0,-0.7851260900497437
7189062656.0,-0.7926684021949768
7190000128.0,-0.79456627368927
7190937600.0,-0.7943879961967468
7191875072.0,-0.7896407842636108
7192812544.0,-0.7817976474761963
7193750016.0,-0.7699412107467651
7194687488.0,-0.75532466173172
7195624960.0,-0.7369576096534729
7196562432.0,-0.7155362367630005
7197499904.0,-0.6929545402526855
7198437376.0,-0.667294442653656
7199374848.0,-0.6403485536575317
7200312320.0,-0.614407479763031
7201249792.0,-0.5864353775978088
7202187264.0,-0.5607341527938843
7203125248.0,-0.5361366271972656
7204062720.0,-0.6588618159294128
7205000192.0,-0.6500536799430847
7205937664.0,-0.6458709239959717
7206875136.0,-0.6420155167579651
7207812608.0,-0.640159547328949
7208750080.0,-0.6422474980354309
7209687552.0,-0.6451109051704407
7210625024.0,-0.6499096155166626
7211562496.0,-0.6615438461303711
7212499968.0,-0.6748506426811218
7213437440.0,-0.689601719379425
7214374912.0,-0.7074939012527466
7215312384.0,-0.7276391386985779
7216249856.0,-0.747645914554596
7217187328.0,-0.7683427929878235
7218124800.0,-0.7905120253562927
7219062272.0,-0.8115186095237732
7219999744.0,-0.8315703868865967
7220937728.0,-0.851084291934967
7221875200.0,-0.8692502975463867
7222812672.0,-0.8866820931434631
7223750144.0,-0.9029644727706909
7224687616.0,-0.9169676899909973
7225625088.0,-0.929956316947937
7226562560.0,-0.9404869675636292
7227500032.0,-0.9494210481643677
7228437504.0,-0.9561888575553894
7229374976.0,-0.960000216960907
7230312448.0,-0.9629701375961304
7231249920.0,-0.9635159969329834
7232187392.0,-0.9619596600532532
7233124864.0,-0.9609053134918213
7234062336.0,-0.9567643404006958
7234999808.0,-0.9523155689239502
7235937280.0,-0.948339581489563
7236874752.0,-0.9439365267753601
7237812736.0,-0.939279317855835
7238750208.0,-0.9339410066604614
7239687680.0,-0.9283788204193115
7240625152.0,-0.923460066318512
7241562624.0,-0.9197604060173035
7242500096.0,-0.9169701337814331
7243437568.0,-0.9152600169181824
7244375040.0,-0.9138942360877991
7245312512.0,-0.9134021997451782
7246249984.0,-0.9156067371368408
7247187456.0,-0.9182087779045105
7248124928.0,-0.922160267829895
7249062400.0,-0.9287759065628052
7249999872.0,-0.9366112351417542
7250937344.0,-0.9458450078964233
7251874816.0,-0.9566112756729126
7252812288.0,-0.9687588214874268
7253749760.0,-0.9831225275993347
7254687744.0,-0.9991362690925598
7255625216.0,-1.0150103569030762
7256562688.0,-1.0312581062316895
7257500160.0,-1.048620343208313
7258437632.0,-1.0658730268478394
7259375104.0,-1.083107590675354
7260312576.0,-1.1004852056503296
7261250048.0,-1.1173948049545288
7262187520.0,-1.1326512098312378
7263124992.0,-1.145598292350769
7264062464.0,-1.1748758554458618
7264999936.0,-1.1879831552505493
7265937408.0,-1.2017747163772583
7266874880.0,-1.2152273654937744
7267812352.0,-1.2293484210968018
7268749824.0,-1.2423816919326782
7269687296.0,-1.2552127838134766
7270624768.0,-1.2681350708007812
7271562752.0,-1.2809139490127563
7272500224.0,-1.2923684120178223
7273437696.0,-1.3021060228347778
7274375168.0,-1.3101806640625
7275312640.0,-1.316109299659729
7276250112.0,-1.3195048570632935
7277187584.0,-1.320143222808838
7278125056.0,-1.3202508687973022
7279062528.0,-1.317122220993042
7280000000.0,-1.3118656873703003
7280937472.0,-1.3060258626937866
7281874944.0,-1.2974878549575806
7282812416.0,-1.2870182991027832
7283749888.0,-1.2728068828582764
7284687360.0,-1.2572640180587769
7285624832.0,-1.2388184070587158
7286562304.0,-1.2169759273529053
7287499776.0,-1.194213628768921
7288437248.0,-1.172070860862732
7289375232.0,-1.146148920059204
7290312704.0,-1.1196010112762451
7291250176.0,-1.0902988910675049
7292187648.0,-1.0610138177871704
7293125120.0,-1.0302199125289917
7294062592.0,-0.998537540435791
7295000064.0,-0.9658639430999756
7295937536.0,-0.9321255683898926
7296875008.0,-0.8979498147964478
7297812480.0,-0.8621914386749268
7298749952.0,-0.8261752724647522
7299687424.0,-0.7898977994918823
7300624896.0,-0.753338634967804
7301562368.0,-0.7188933491706848
7302499840.0,-0.6823875308036804
7303437312.0,-0.6472876667976379
7304374784.0,-0.6133586168289185
7305312256.0,-0.579369068145752
7306250240.0,-0.5469090342521667
7307187712.0,-0.5153846144676208
7308125184.0,-0.4854697287082672
7309062656.0,-0.45582401752471924
7310000128.0,-0.4278436601161957
7310937600.0,-0.40129393339157104
7311875072.0,-0.37741923332214355
7312812544.0,-0.3548879027366638
7313750016.0,-0.33682212233543396
7314687488.0,-0.3200167715549469
7315624960.0,-0.3043704330921173
7316562432.0,-0.291291743516922
7317499904.0,-0.27959272265434265
7318437376.0,-0.26777154207229614
7319374848.0,-0.25963839888572693
7320312320.0,-0.25392064452171326
7321249792.0,-0.24840369820594788
7322187264.0,-0.24688073992729187
7323125248.0,-0.24666525423526764
7324062720.0,-0.40607750415802
7325000192.0,-0.4037017822265625
7325937664.0,-0.40424269437789917
7326875136.0,-0.4050924777984619
7327812608.0,-0.4082831144332886
7328750080.0,-0.41202032566070557
7329687552.0,-0.4172389805316925
7330625024.0,-0.4252495765686035
7331562496.0,-0.433150976896286
7332499968.0,-0.4422648847103119
7333437440.0,-0.4521975517272949
7334374912.0,-0.46265989542007446
7335312384.0,-0.474063903093338
7336249856.0,-0.4846896827220917
7337187328.0,-0.49757251143455505
7338124800.0,-0.5097681879997253
7339062272.0,-0.5183387994766235
7340000256.0,-0.5287126898765564
7340937728.0,-0.5374556183815002
7341875200.0,-0.5455111861228943
7342812672.0,-0.5528255105018616
7343750144.0,-0.5587904453277588
7344687616.0,-0.5617919564247131
7345625088.0,-0.5653703212738037
7346562560.0,-0.5669131875038147
7347500032.0,-0.5677388906478882
7348437504.0,-0.566559374332428
7349374976.0,-0.5631638169288635
7350312448.0,-0.5583513379096985
7351249920.0,-0.5526726245880127
7352187392.0,-0.5463865995407104
7353124864.0,-0.5388926267623901
7354062336.0,-0.5273311734199524
7354999808.0,-0.5170081853866577
7355937280.0,-0.5056953430175781
7356874752.0,-0.4936258792877197
7357812736.0,-0.48140355944633484
7358750208.0,-0.4681912958621979
7359687680.0,-0.4541829526424408
7360625152.0,-0.43834391236305237
7361562624.0,-0.42349469661712646
7362500096.0,-0.4091709554195404
7363437568.0,-0.39273086190223694
7364375040.0,-0.37448370456695557
7365312512.0,-0.35584554076194763
7366249984.0,-0.336402028799057
7367187456.0,-0.31687819957733154
7368124928.0,-0.298287957906723
7369062400.0,-0.27886706590652466
7369999872.0,-0.26011231541633606
7370937344.0,-0.24013970792293549
7371874816.0,-0.22087498009204865
7372812288.0,-0.20115292072296143
7373749760.0,-0.18261493742465973
7374687744.0,-0.16258762776851654
7375625216.0,-0.1421893835067749
7376562688.0,-0.1215442344546318
7377500160.0,-0.10082770138978958
7378437632.0,-0.0789388045668602
7379375104.0,-0.05773305147886276
7380312576.0,-0.03631557524204254
7381250048.0,-0.013601887039840221
7382187520.0,0.00808174442499876
7383124992.0,0.029904039576649666
7384062464.0,0.04363669455051422
7384999936.0,0.051177728921175
7385937408.0,0.05764435604214668
7386874880.0,0.06404870003461838
7387812352.0,0.06987603008747101
7388749824.0,0.07380064576864243
7389687296.0,0.07999296486377716
7390624768.0,0.08360245078802109
7391562752.0,0.08830257505178452
7392500224.0,0.09351669996976852
7393437696.0,0.09803489595651627
7394375168.0,0.10307495296001434
7395312640.0,0.10893230885267258
7396250112.0,0.11517683416604996
7397187584.0,0.12010355293750763
7398125056.0,0.1272224634885788
7399062528.0,0.13485044240951538
7400000000.0,0.14116208255290985
7400937472.0,0.1485207974910736
7401874944.0,0.15549957752227783
7402812416.0,0.16294632852077484
7403749888.0,0.17025844752788544
7404687360.0,0.1752484291791916
7405624832.0,0.17889824509620667
7406562304.0,0.1831667423248291
7407499776.0,0.1853717714548111
7408437248.0,0.18460792303085327
7409375232.0,0.18352137506008148
7410312704.0,0.17968590557575226
7411250176.0,0.1730080097913742
7412187648.0,0.16474001109600067
7413125120.0,0.15323860943317413
7414062592.0,0.13937908411026
7415000064.0,0.12304532527923584
7415937536.0,0.10514968633651733
7416875008.0,0.08498334884643555
7417812480.0,0.06379160284996033
7418749952.0,0.039202604442834854
7419687424.0,0.015238508582115173
7420624896.0,-0.010330930352210999
7421562368.0,-0.03570589795708656
7422499840.0,-0.06197582930326462
7423437312.0,-0.08754179626703262
7424374784.0,-0.11224841326475143
7425312256.0,-0.13753041625022888
7426250240.0,-0.16082055866718292
7427187712.0,-0.18302683532238007
7428125184.0,-0.2033413201570511
7429062656.0,-0.22315146028995514
7430000128.0,-0.23958975076675415
7430937600.0,-0.25698184967041016
7431875072.0,-0.27141711115837097
7432812544.0,-0.283771276473999
7433750016.0,-0.29551437497138977
7434687488.0,-0.3066970109939575
7435624960.0,-0.31532278656959534
7436562432.0,-0.323398232460022
7437499904.0,-0.32989302277565
7438437376.0,-0.33640173077583313
7439374848.0,-0.3416560888290405
7440312320.0,-0.3439026474952698
7441249792.0,-0.34517571330070496
7442187264.0,-0.3462179899215698
7443125248.0,-0.3459833264350891
7444062720.0,-0.1287733018398285
7445000192.0,-0.10996155440807343
7445937664.0,-0.09440850466489792
7446875136.0,-0.08089667558670044
7447812608.0,-0.07027348130941391
7448750080.0,-0.06277021020650864
7449687552.0,-0.055437926203012466
7450625024.0,-0.05033557489514351
7451562496.0,-0.04613957926630974
7452499968.0,-0.044090185314416885
7453437440.0,-0.04203054681420326
7454374912.0,-0.039866622537374496
7455312384.0,-0.03708000108599663
7456249856.0,-0.036111120134592056
7457187328.0,-0.03265715017914772
7458124800.0,-0.0301814042031765
7459062272.0,-0.02580486796796322
7459999744.0,-0.020079871639609337
7460937728.0,-0.01514655351638794
7461875200.0,-0.007782997563481331
7462812672.0,0.00030334273469634354
7463750144.0,0.008313913829624653
7464687616.0,0.018724441528320312
7465625088.0,0.02928824909031391
7466562560.0,0.03963117673993111
7467500032.0,0.05099501460790634
7468437504.0,0.06315197050571442
7469374976.0,0.07429756969213486
7470312448.0,0.08689385652542114
7471249920.0,0.0988275334239006
7472187392.0,0.11158069223165512
7473124864.0,0.12327966094017029
7474062336.0,0.13463707268238068
7474999808.0,0.14465218782424927
7475937280.0,0.15457718074321747
7476874752.0,0.16267673671245575
7477812736.0,0.17016813158988953
7478750208.0,0.17688360810279846
7479687680.0,0.1816903054714203
7480625152.0,0.18476802110671997
7481562624.0,0.18678158521652222
7482500096.0,0.1871391087770462
7483437568.0,0.18686527013778687
7484375040.0,0.18360869586467743
7485312512.0,0.17971397936344147
7486249984.0,0.1741279512643814
7487187456.0,0.16648916900157928
7488124928.0,0.15914829075336456
7489062400.0,0.14869999885559082
7489999872.0,0.13757909834384918
7490937344.0,0.12371286004781723
7491874816.0,0.10800189524888992
7492812288.0,0.09096190333366394
7493749760.0,0.07333574444055557
7494687744.0,0.05450214445590973
7495625216.0,0.035736456513404846
7496562688.0,0.016672130674123764
7497500160.0,-0.001643144292756915
7498437632.0,-0.021148188039660454
7499375104.0,-0.04018016904592514
7500312576.0,-0.05725583806633949
7501250048.0,-0.07510919868946075
7502187520.0,-0.09200922399759293
7503124992.0,-0.10665760189294815
7504062464.0,-0.09037885069847107
7504999936.0,-0.10040321946144104
7505937408.0,-0.11063532531261444
7506874880.0,-0.12130901217460632
7507812352.0,-0.13156463205814362
7508749824.0,-0.14026139676570892
7509687296.0,-0.14897257089614868
7510624768.0,-0.15725648403167725
7511562752.0,-0.16414779424667358
7512500224.0,-0.17130938172340393
7513437696.0,-0.1783805638551712
7514375168.0,-0.18410201370716095
7515312640.0,-0.18788211047649384
7516250112.0,-0.19242385029792786
7517187584.0,-0.19619712233543396
7518125056.0,-0.20055939257144928
7519062528.0,-0.20255444943904877
7520000000.0,-0.20319730043411255
7520937472.0,-0.20377616584300995
7521874944.0,-0.2028236985206604
7522812416.0,-0.20074409246444702
7523749888.0,-0.1979433298110962
7524687360.0,-0.1930539757013321
7525624832.0,-0.1883217841386795
7526562304.0,-0.1829351931810379
7527499776.0,-0.17475660145282745
7528437248.0,-0.16788552701473236
7529375232.0,-0.15853403508663177
7530312704.0,-0.1484772115945816
7531250176.0,-0.13744425773620605
7532187648.0,-0.12620963156223297
7533125120.0,-0.1135028526186943
7534062592.0,-0.09944979846477509
7535000064.0,-0.08661739528179169
7535937536.0,-0.07072247564792633
7536875008.0,-0.05488397926092148
7537812480.0,-0.03834112733602524
7538749952.0,-0.021898699924349785
7539687424.0,-0.003699858905747533
7540624896.0,0.014515831135213375
7541562368.0,0.03196396678686142
7542499840.0,0.05262896046042442
7543437312.0,0.07232018560171127
7544374784.0,0.09289000928401947
7545312256.0,0.1142095997929573
7546250240.0,0.13466952741146088
7547187712.0,0.15514059364795685
7548125184.0,0.17577794194221497
7549062656.0,0.1964406967163086
7550000128.0,0.21636174619197845
7550937600.0,0.23766420781612396
7551875072.0,0.2563776671886444
7552812544.0,0.27556276321411133
7553750016.0,0.29342520236968994
7554687488.0,0.3103390038013458
7555624960.0,0.3275229334831238
7556562432.0,0.3419025242328644
7557499904.0,0.3553466796875
7558437376.0,0.3680640757083893
7559374848.0,0.3782504200935364
7560312320.0,0.38798415660858154
7561249792.0,0.39577770233154297
7562187264.0,0.40128111839294434
7563125248.0,0.404359370470047
7564062720.0,0.18556572496891022
7565000192.0,0.18436218798160553
7565937664.0,0.18328489363193512
7566875136.0,0.18095655739307404
7567812608.0,0.17860250174999237
7568750080.0,0.1758359670639038
7569687552.0,0.17183749377727509
7570625024.0,0.1671784669160843
7571562496.0,0.16292770206928253
7572499968.0,0.15550023317337036
7573437440.0,0.14739976823329926
7574374912.0,0.13804934918880463
7575312384.0,0.12777817249298096
7576249856.0,0.11671769618988037
7577187328.0,0.10466542094945908
7578124800.0,0.08983102440834045
7579062272.0,0.07524870336055756
7580000256.0,0.059736113995313644
7580937728.0,0.04369627684354782
7581875200.0,0.025330256670713425
7582812672.0,0.008168422617018223
7583750144.0,-0.010455489158630371
7584687616.0,-0.029420169070363045
7585625088.0,-0.04878973588347435
7586562560.0,-0.06829656660556793
7587500032.0,-0.08839496970176697
7588437504.0,-0.10869215428829193
7589374976.0,-0.12819083034992218
7590312448.0,-0.14898771047592163
7591249920.0,-0.16862043738365173
7592187392.0,-0.1881212592124939
7593124864.0,-0.2058425098657608
7594062336.0,-0.2238965779542923
7594999808.0,-0.24068324267864227
7595937280.0,-0.2561698257923126
7596874752.0,-0.27151358127593994
7597812736.0,-0.28397953510284424
7598750208.0,-0.29571694135665894
7599687680.0,-0.30724790692329407
7600625152.0,-0.3152756989002228
7601562624.0,-0.32289615273475647
7602500096.0,-0.3275010585784912
7603437568.0,-0.3312322795391083
7604375040.0,-0.33400624990463257
7605312512.0,-0.3324653208255768
7606249984.0,-0.3307299315929413
7607187456.0,-0.3268258273601532
7608124928.0,-0.3191967308521271
7609062400.0,-0.31193867325782776
7609999872.0,-0.30142316222190857
7610937344.0,-0.28912419080734253
7611874816.0,-0.2743094861507416
7612812288.0,-0.2578868567943573
7613749760.0,-0.2391527146100998
7614687744.0,-0.2203587144613266
7615625216.0,-0.19764293730258942
7616562688.0,-0.17520597577095032
7617500160.0,-0.15046079456806183
7618437632.0,-0.12550139427185059
7619375104.0,-0.09875094890594482
7620312576.0,-0.0708712711930275
7621250048.0,-0.04167264327406883
7622187520.0,-0.015269202180206776
7623124992.0,0.013848616741597652
7624062464.0,0.04137255996465683
7624999936.0,0.06918434053659439
7625937408.0,0.09534062445163727
7626874880.0,0.1212073266506195
7627812352.0,0.14615777134895325
7628749824.0,0.1702747792005539
7629687296.0,0.192879781126976
7630624768.0,0.21439363062381744
7631562752.0,0.23438724875450134
7632500224.0,0.2515399754047394
7633437696.0,0.2679409086704254
7634375168.0,0.2815869450569153
7635312640.0,0.29394352436065674
7636250112.0,0.3045439124107361
7637187584.0,0.31328076124191284
7638125056.0,0.31832173466682434
7639062528.0,0.3233987092971802
7640000000.0,0.3249269425868988
7640937472.0,0.32486286759376526
7641874944.0,0.3223200738430023
7642812416.0,0.31803104281425476
7643749888.0,0.31256505846977234
7644687360.0,0.3065171539783478
7645624832.0,0.29695796966552734
7646562304.0,0.2866334319114685
7647499776.0,0.27516037225723267
7648437248.0,0.26193344593048096
7649375232.0,0.2461598664522171
7650312704.0,0.23017540574073792
7651250176.0,0.2117326259613037
7652187648.0,0.19191019237041473
7653125120.0,0.17184574902057648
7654062592.0,0.1498771607875824
7655000064.0,0.12586891651153564
7655937536.0,0.10268361866474152
7656875008.0,0.07918573915958405
7657812480.0,0.05341358855366707
7658749952.0,0.026985658332705498
7659687424.0,0.000988868298009038
7660624896.0,-0.026147861033678055
7661562368.0,-0.05257328972220421
7662499840.0,-0.07966272532939911
7663437312.0,-0.10510086268186569
7664374784.0,-0.13063989579677582
7665312256.0,-0.15569879114627838
7666250240.0,-0.18081864714622498
7667187712.0,-0.20355944335460663
7668125184.0,-0.22630582749843597
7669062656.0,-0.2457878291606903
7670000128.0,-0.26591554284095764
7670937600.0,-0.282172292470932
7671875072.0,-0.29798823595046997
7672812544.0,-0.31209006905555725
7673750016.0,-0.3233623802661896
7674687488.0,-0.33353808522224426
7675624960.0,-0.3396488428115845
7676562432.0,-0.343624085187912
7677499904.0,-0.34558796882629395
7678437376.0,-0.3453056514263153
7679374848.0,-0.3412802517414093
7680312320.0,-0.3346869647502899
7681249792.0,-0.3273654878139496
7682187264.0,-0.3173598647117615
7683125248.0,-0.30528050661087036
7684062720.0,-0.28257444500923157
7685000192.0,-0.27303847670555115
7685937664.0,-0.2621270418167114
7686875136.0,-0.24964383244514465
7687812608.0,-0.23426371812820435
7688750080.0,-0.21804644167423248
7689687552.0,-0.20184801518917084
7690625024.0,-0.18286627531051636
7691562496.0,-0.16424860060214996
7692499968.0,-0.1453322321176529
7693437440.0,-0.12484469264745712
7694374912.0,-0.10375778377056122
7695312384.0,-0.08698874711990356
7696249856.0,-0.06733805686235428
7697187328.0,-0.05034574866294861
7698124800.0,-0.03256307914853096
7699062272.0,-0.01553112082183361
7699999744.0,0.0017521880799904466
7700937728.0,0.018349021673202515
7701875200.0,0.03399326652288437
7702812672.0,0.04916964843869209
7703750144.0,0.06437899172306061
7704687616.0,0.07861994951963425
7705625088.0,0.09098879247903824
7706562560.0,0.10330825299024582
7707500032.0,0.11523114889860153
7708437504.0,0.12553492188453674
7709374976.0,0.1351727694272995
7710312448.0,0.14482679963111877
7711249920.0,0.15313316881656647
7712187392.0,0.1615380495786667
7713124864.0,0.16959409415721893
7714062336.0,0.1763085275888443
7714999808.0,0.18343406915664673
7715937280.0,0.19068394601345062
7716874752.0,0.19706358015537262
7717812736.0,0.20143172144889832
7718750208.0,0.20781955122947693
7719687680.0,0.21142157912254333
7720625152.0,0.21462762355804443
7721562624.0,0.2171359807252884
7722500096.0,0.21922636032104492
7723437568.0,0.2206285148859024
7724375040.0,0.22155433893203735
7725312512.0,0.22229169309139252
7726249984.0,0.2211335003376007
7727187456.0,0.2204856276512146
7728124928.0,0.21750052273273468
7729062400.0,0.21475301682949066
7729999872.0,0.20988446474075317
7730937344.0,0.20267760753631592
7731874816.0,0.1964166760444641
7732812288.0,0.18804244697093964
7733749760.0,0.17814143002033234
7734687744.0,0.16662870347499847
7735625216.0,0.15380261838436127
7736562688.0,0.13901914656162262
7737500160.0,0.12268032878637314
7738437632.0,0.10536155104637146
7739375104.0,0.08733747899532318
7740312576.0,0.0664098784327507
7741250048.0,0.04423480108380318
7742187520.0,0.022127291187644005
7743124992.0,-0.0016382482135668397
7744062464.0,-0.04353809729218483
7744999936.0,-0.046476151794195175
7745937408.0,-0.051313500851392746
7746874880.0,-0.056738074868917465
7747812352.0,-0.06455042213201523
7748749824.0,-0.07309257984161377
7749687296.0,-0.08271424472332001
7750624768.0,-0.09413372725248337
7751562752.0,-0.10698384046554565
7752500224.0,-0.11995203047990799
7753437696.0,-0.13518020510673523
7754375168.0,-0.151576966047287
7755312640.0,-0.16798914968967438
7756250112.0,-0.1864590048789978
7757187584.0,-0.20475177466869354
7758125056.0,-0.22387193143367767
7759062528.0,-0.24255675077438354
7760000000.0,-0.2614692449569702
7760937472.0,-0.28090283274650574
7761874944.0,-0.29982855916023254
7762812416.0,-0.3179616332054138
7763749888.0,-0.33609142899513245
7764687360.0,-0.3528718650341034
7765624832.0,-0.3682965636253357
7766562304.0,-0.38320353627204895
7767499776.0,-0.3970620036125183
7768437248.0,-0.40923428535461426
7769375232.0,-0.41909170150756836
7770312704.0,-0.4277377426624298
7771250176.0,-0.4348307251930237
7772187648.0,-0.44057905673980713
7773125120.0,-0.4427475035190582
7774062592.0,-0.44383105635643005
7775000064.0,-0.4418673813343048
7775937536.0,-0.4380576014518738
7776875008.0,-0.4311106503009796
7777812480.0,-0.42255645990371704
7778749952.0,-0.41136667132377625
7779687424.0,-0.39689144492149353
7780624896.0,-0.381097674369812
7781562368.0,-0.36261433362960815
7782499840.0,-0.3415442109107971
7783437312.0,-0.3194054961204529
7784374784.0,-0.2943786680698395
7785312256.0,-0.26832789182662964
7786250240.0,-0.239482581615448
7787187712.0,-0.20998817682266235
7788125184.0,-0.1780654937028885
7789062656.0,-0.14642931520938873
7790000128.0,-0.11351509392261505
7790937600.0,-0.0791756808757782
7791875072.0,-0.04501669481396675
7792812544.0,-0.010183385573327541
7793750016.0,0.023988472297787666
7794687488.0,0.05776380002498627
7795624960.0,0.09218066185712814
7796562432.0,0.12317546457052231
7797499904.0,0.1548965871334076
7798437376.0,0.18465006351470947
7799374848.0,0.21271155774593353
7800312320.0,0.23871712386608124
7801249792.0,0.26271912455558777
7802187264.0,0.28472453355789185
7803125248.0,0.30421456694602966
7804062720.0,0.13496802747249603
7805000192.0,0.14785806834697723
7805937664.0,0.15870633721351624
7806875136.0,0.16828270256519318
7807812608.0,0.17508479952812195
7808750080.0,0.17996425926685333
7809687552.0,0.18413151800632477
7810625024.0,0.18669359385967255
7811562496.0,0.18533027172088623
7812499968.0,0.18268178403377533
7813437440.0,0.17804713547229767
7814374912.0,0.17070245742797852
7815312384.0,0.16080494225025177
7816249856.0,0.14920590817928314
7817187328.0,0.13492713868618011
7818124800.0,0.11880870163440704
7819062272.0,0.09955628961324692
7820000256.0,0.07930336147546768
7820937728.0,0.05644923821091652
7821875200.0,0.03265809640288353
7822812672.0,0.008028603158891201
7823750144.0,-0.016194822266697884
7824687616.0,-0.04292309284210205
7825625088.0,-0.07002755254507065
7826562560.0,-0.09775537252426147
7827500032.0,-0.1267949491739273
7828437504.0,-0.15471473336219788
7829374976.0,-0.18321380019187927
7830312448.0,-0.21051204204559326
7831249920.0,-0.2394094169139862
7832187392.0,-0.26613613963127136
7833124864.0,-0.29266634583473206
7834062336.0,-0.3185921013355255
7834999808.0,-0.3433249592781067
7835937280.0,-0.3660218417644501
7836874752.0,-0.38792896270751953
7837812736.0,-0.40788212418556213
7838750208.0,-0.42699968814849854
7839687680.0,-0.4431476593017578
7840625152.0,-0.4583984613418579
7841562624.0,-0.47002336382865906
7842500096.0,-0.4808652997016907
7843437568.0,-0.48848095536231995
7844375040.0,-0.49508363008499146
7845312512.0,-0.4980829656124115
7846249984.0,-0.5011136531829834
7847187456.0,-0.5006733536720276
7848124928.0,-0.4961143434047699
7849062400.0,-0.49019962549209595
7849999872.0,-0.4817586839199066
7850937344.0,-0.4714619219303131
7851874816.0,-0.4599245488643646
7852812288.0,-0.44809091091156006
7853749760.0,-0.4332737624645233
7854687744.0,-0.4204332232475281
7855625216.0,-0.4042055010795593
7856562688.0,-0.3883235454559326
7857500160.0,-0.37111279368400574
7858437632.0,-0.35436245799064636
7859375104.0,-0.33567944169044495
7860312576.0,-0.31823158264160156
7861250048.0,-0.29914912581443787
7862187520.0,-0.27985283732414246
7863124992.0,-0.26144281029701233
7864062464.0,-0.24298609793186188
7864999936.0,-0.22608396410942078
7865937408.0,-0.2072848379611969
7866874880.0,-0.1896243691444397
7867812352.0,-0.1710241436958313
7868749824.0,-0.15265239775180817
7869687296.0,-0.13473418354988098
7870624768.0,-0.11733651906251907
7871562752.0,-0.10052772611379623
7872500224.0,-0.08389633148908615
7873437696.0,-0.06699376553297043
7874375168.0,-0.04992586746811867
7875312640.0,-0.03331731632351875
7876250112.0,-0.01916317082941532
7877187584.0,-0.004880029242485762
7878125056.0,0.006787536665797234
7879062528.0,0.016327133402228355
7880000000.0,0.025111790746450424
7880937472.0,0.031500644981861115
7881874944.0,0.03526412323117256
7882812416.0,0.03673667833209038
7883749888.0,0.03632563352584839
7884687360.0,0.03238338232040405
7885624832.0,0.025698937475681305
7886562304.0,0.016505368053913116
7887499776.0,0.006252305582165718
7888437248.0,-0.00782995205372572
7889375232.0,-0.023956527933478355
7890312704.0,-0.04319867491722107
7891250176.0,-0.06310020387172699
7892187648.0,-0.0866292417049408
7893125120.0,-0.1102331131696701
7894062592.0,-0.1343272626399994
7895000064.0,-0.1602979153394699
7895937536.0,-0.18709984421730042
7896875008.0,-0.21524959802627563
7897812480.0,-0.24310298264026642
7898749952.0,-0.2712208032608032
7899687424.0,-0.29920947551727295
7900624896.0,-0.3284595310688019
7901562368.0,-0.3565463721752167
7902499840.0,-0.3834657371044159
7903437312.0,-0.40907642245292664
7904374784.0,-0.43343982100486755
7905312256.0,-0.45673704147338867
7906250240.0,-0.479312539100647
7907187712.0,-0.5001876950263977
7908125184.0,-0.5210185050964355
7909062656.0,-0.5402485728263855
7910000128.0,-0.5590577125549316
7910937600.0,-0.5770354866981506
7911875072.0,-0.5938013195991516
7912812544.0,-0.6110477447509766
7913750016.0,-0.6278323531150818
7914687488.0,-0.6447256803512573
7915624960.0,-0.6611089110374451
7916562432.0,-0.6787952780723572
7917499904.0,-0.6960477828979492
7918437376.0,-0.7142367362976074
7919374848.0,-0.7326492071151733
7920312320.0,-0.751855731010437
7921249792.0,-0.7717164754867554
7922187264.0,-0.7918440699577332
7923125248.0,-0.8113420009613037
7924062720.0,-0.8539228439331055
7925000192.0,-0.8575443029403687
7925937664.0,-0.86234450340271
7926875136.0,-0.8661674857139587
7927812608.0,-0.8718892335891724
7928750080.0,-0.8751755952835083
7929687552.0,-0.8788248896598816
7930625024.0,-0.8816142082214355
7931562496.0,-0.885417103767395
7932499968.0,-0.8870296478271484
7933437440.0,-0.8887888193130493
7934374912.0,-0.8898325562477112
7935312384.0,-0.8900259137153625
7936249856.0,-0.8892316222190857
7937187328.0,-0.8872206807136536
7938124800.0,-0.8847834467887878
7939062272.0,-0.8815352916717529
7939999744.0,-0.8758409023284912
7940937728.0,-0.869533360004425
7941875200.0,-0.8618453145027161
7942812672.0,-0.8544231653213501
7943750144.0,-0.8434330821037292
7944687616.0,-0.8325676918029785
7945625088.0,-0.8192653656005859
7946562560.0,-0.8047881126403809
7947500032.0,-0.789422333240509
7948437504.0,-0.7720426321029663
7949374976.0,-0.7519694566726685
7950312448.0,-0.731437087059021
7951249920.0,-0.7100358605384827
7952187392.0,-0.6877457499504089
7953124864.0,-0.663256824016571
7954062336.0,-0.6378645896911621
7954999808.0,-0.6100471615791321
7955937280.0,-0.5835552215576172
7956874752.0,-0.5548204779624939
7957812736.0,-0.5275261402130127
7958750208.0,-0.4984194338321686
7959687680.0,-0.46968433260917664
7960625152.0,-0.44051802158355713
7961562624.0,-0.41249361634254456
7962500096.0,-0.3849351406097412
7963437568.0,-0.3574734628200531
7964375040.0,-0.33045002818107605
7965312512.0,-0.30489638447761536
7966249984.0,-0.28001341223716736
7967187456.0,-0.2547793388366699
7968124928.0,-0.2320174127817154
7969062400.0,-0.21152901649475098
7969999872.0,-0.19131222367286682
7970937344.0,-0.17384222149848938
7971874816.0,-0.15708427131175995
7972812288.0,-0.14313088357448578
7973749760.0,-0.12963320314884186
7974687744.0,-0.12057705968618393
7975625216.0,-0.11324997246265411
7976562688.0,-0.10754894465208054
7977500160.0,-0.10444705933332443
7978437632.0,-0.1027950644493103
7979375104.0,-0.10326835513114929
7980312576.0,-0.10570437461137772
7981250048.0,-0.10928751528263092
7982187520.0,-0.11405632644891739
7983124992.0,-0.1210089847445488
7984062464.0,-0.243806853890419
7984999936.0,-0.24522727727890015
7985937408.0,-0.24619214236736298
7986874880.0,-0.24976962804794312
7987812352.0,-0.25338613986968994
7988749824.0,-0.2584228217601776
7989687296.0,-0.2636668086051941
7990624768.0,-0.2700755000114441
7991562752.0,-0.27783626317977905
7992500224.0,-0.2851625084877014
7993437696.0,-0.2941548824310303
7994375168.0,-0.30407974123954773
7995312640.0,-0.3129864037036896
7996250112.0,-0.3238302767276764
7997187584.0,-0.3340230882167816
7998125056.0,-0.34446629881858826
7999062528.0,-0.3551236093044281
8000000000.0,-0.3640150725841522
