Frequency (Hz),Measurement
2000000000.0,0.19502151012420654
2000937472.0,0.186967670917511
2001874944.0,0.17970696091651917
2002812544.0,0.1702856868505478
2003750016.0,0.1603773534297943
2004687488.0,0.15029241144657135
2005624960.0,0.13962170481681824
2006562560.0,0.12868301570415497
2007500032.0,0.11641868203878403
2008437504.0,0.10349556058645248
2009374976.0,0.0911245122551918
2010312448.0,0.07708088308572769
2011250048.0,0.06330141425132751
2012187520.0,0.049528032541275024
2013124992.0,0.035117439925670624
2014062464.0,0.021032100543379784
2015000064.0,0.00692573981359601
2015937536.0,-0.006415263749659061
2016875008.0,-0.020543882623314857
2017812480.0,-0.033192843198776245
2018749952.0,-0.04591241478919983
2019687552.0,-0.057241227477788925
2020625024.0,-0.06741991639137268
2021562496.0,-0.07667996734380722
2022499968.0,-0.08498382568359375
2023437440.0,-0.09242281317710876
2024375040.0,-0.0978129655122757
2025312512.0,-0.10203965753316879
2026249984.0,-0.10494895279407501
2027187456.0,-0.10670500993728638
2028125056.0,-0.10635370016098022
2029062528.0,-0.10484184324741364
2030000000.0,-0.10113067924976349
2030937472.0,-0.09661233425140381
2031874944.0,-0.09050752222537994
2032812544.0,-0.08231436461210251
2033750016.0,-0.07429566979408264
2034687488.0,-0.06484026461839676
2035624960.0,-0.052563875913619995
2036562560.0,-0.040640249848365784
2037500032.0,-0.027665002271533012
2038437504.0,-0.013520360924303532
2039374976.0,-9.931220120051876e-05
2040312448.0,0.013536198064684868
2041250048.0,0.027726538479328156
2042187520.0,0.04150528460741043
2043124992.0,0.05570369213819504
2044062464.0,0.06877156347036362
2044999936.0,0.08136384934186935
2045937536.0,0.0933554470539093
2046875008.0,0.10489606112241745
2047812480.0,0.1148366630077362
2048749952.0,0.1129225641489029
2049687552.0,0.12198728322982788
2050625024.0,0.12896345555782318
2051562496.0,0.13445556163787842
2052499968.0,0.1377875655889511
2053437440.0,0.14047349989414215
2054375040.0,0.1399701088666916
2055312512.0,0.13787351548671722
2056249984.0,0.1336345076560974
2057187456.0,0.12682054936885834
2058125056.0,0.11833202838897705
2059062528.0,0.10813423991203308
2060000000.0,0.09616544097661972
2060937472.0,0.08250346779823303
2061874944.0,0.06790465861558914
2062812544.0,0.05101583153009415
2063750016.0,0.03390692546963692
2064687488.0,0.01692931354045868
2065624960.0,-0.0009655330795794725
2066562560.0,-0.017765134572982788
2067500032.0,-0.03636613488197327
2068437504.0,-0.05210980027914047
2069374976.0,-0.06793218851089478
2070312448.0,-0.08230728656053543
2071250048.0,-0.09557276219129562
2072187520.0,-0.1077890396118164
2073124992.0,-0.11728402227163315
2074062464.0,-0.1250707060098648
2075000064.0,-0.13113169372081757
2075937536.0,-0.13418857753276825
2076875008.0,-0.1358042061328888
2077812480.0,-0.13502973318099976
2078749952.0,-0.1322660595178604
2079687552.0,-0.12848486006259918
2080625024.0,-0.12170512974262238
2081562496.0,-0.1148107573390007
2082499968.0,-0.10549706965684891
2083437440.0,-0.09501016139984131
2084375040.0,-0.08441420644521713
2085312512.0,-0.07144591957330704
2086249984.0,-0.05895709991455078
2087187456.0,-0.04634934291243553
2088125056.0,-0.03356872871518135
2089062528.0,-0.021641643717885017
2090000000.0,-0.009787523187696934
2090937472.0,0.0024456828832626343
2091874944.0,0.013468315824866295
2092812544.0,0.02266564965248108
2093750016.0,0.03157377988100052
2094687488.0,0.04040729999542236
2095624960.0,0.04745778813958168
2096562560.0,0.05445454642176628
2097500032.0,0.0610966719686985
2098437504.0,0.06737744808197021
2099374976.0,0.07190919667482376
2100312448.0,0.07667039334774017
2101250048.0,0.08191931247711182
2102187520.0,0.08553282916545868
2103124992.0,0.090496726334095
2104062464.0,0.09555844962596893
2104999936.0,0.09980987012386322
2105937536.0,0.10488059371709824
2106875008.0,0.11017172783613205
2107812480.0,0.1140005961060524
2108749952.0,0.1449100822210312
2109687552.0,0.15161827206611633
2110625024.0,0.15716086328029633
2111562496.0,0.1609596610069275
2112499968.0,0.16580496728420258
2113437440.0,0.16923590004444122
2114375040.0,0.17165032029151917
2115312512.0,0.17177802324295044
2116249984.0,0.17081782221794128
2117187456.0,0.1684524565935135
2118125056.0,0.16532953083515167
2119062528.0,0.1615254282951355
2120000000.0,0.15528832376003265
2120937472.0,0.14831003546714783
2121874944.0,0.140885129570961
2122812544.0,0.13069196045398712
2123750016.0,0.12062285840511322
2124687488.0,0.10847902297973633
2125624960.0,0.09542428702116013
2126562560.0,0.08219202607870102
2127500032.0,0.06841614842414856
2128437504.0,0.055273473262786865
2129374976.0,0.04255884513258934
2130312448.0,0.027169082313776016
2131250048.0,0.014283452183008194
2132187520.0,0.0013731694780290127
2133124992.0,-0.011764105409383774
2134062464.0,-0.024088583886623383
2135000064.0,-0.033693160861730576
2135937536.0,-0.043663389980793
2136875008.0,-0.052234992384910583
2137812480.0,-0.05980771407485008
2138749952.0,-0.0653311237692833
2139687552.0,-0.06986372172832489
2140625024.0,-0.07239503413438797
2141562496.0,-0.07356524467468262
2142499968.0,-0.0731697529554367
2143437440.0,-0.072634257376194
2144375040.0,-0.0696791559457779
2145312512.0,-0.06496629863977432
2146249984.0,-0.06108327955007553
2147187456.0,-0.0542936734855175
2148124928.0,-0.04718751460313797
2149062400.0,-0.03962179273366928
2150000128.0,-0.031013742089271545
2150937600.0,-0.02282593585550785
2151875072.0,-0.01291536632925272
2152812544.0,-0.004065746441483498
2153750016.0,0.005185257643461227
2154687488.0,0.01499890349805355
2155624960.0,0.024334965273737907
2156562432.0,0.0326257050037384
2157499904.0,0.04131240025162697
2158437376.0,0.048589497804641724
2159375104.0,0.05525100603699684
2160312576.0,0.06197337806224823
2161250048.0,0.06760410219430923
2162187520.0,0.0727311447262764
2163124992.0,0.07732637226581573
2164062464.0,0.07957812398672104
2164999936.0,0.08351334929466248
2165937408.0,0.08556678891181946
2166874880.0,0.08773830533027649
2167812608.0,0.08972466737031937
2168750080.0,0.16180819272994995
2169687552.0,0.16304853558540344
2170625024.0,0.16356433928012848
2171562496.0,0.16117264330387115
2172499968.0,0.1574241816997528
2173437440.0,0.1523226648569107
2174374912.0,0.14553184807300568
2175312384.0,0.13826100528240204
2176250112.0,0.12892697751522064
2177187584.0,0.11888928711414337
2178125056.0,0.10790136456489563
2179062528.0,0.09711843729019165
2180000000.0,0.08263939619064331
2180937472.0,0.07084834575653076
2181874944.0,0.05791616067290306
2182812416.0,0.044602081179618835
2183749888.0,0.031356558203697205
2184687616.0,0.017768030986189842
2185625088.0,0.004639032296836376
2186562560.0,-0.008325041271746159
2187500032.0,-0.02029324136674404
2188437504.0,-0.03288256376981735
2189374976.0,-0.043942682445049286
2190312448.0,-0.05424249917268753
2191249920.0,-0.06332015246152878
2192187392.0,-0.07239414751529694
2193125120.0,-0.07932291179895401
2194062592.0,-0.08585242182016373
2195000064.0,-0.09257268160581589
2195937536.0,-0.09752112627029419
2196875008.0,-0.10246416181325912
2197812480.0,-0.10504964739084244
2198749952.0,-0.10720524936914444
2199687424.0,-0.10708737373352051
2200624896.0,-0.10928242653608322
2201562624.0,-0.10905026644468307
2202500096.0,-0.10870037972927094
2203437568.0,-0.10752208530902863
2204375040.0,-0.10495427995920181
2205312512.0,-0.10179232060909271
2206249984.0,-0.09929119050502777
2207187456.0,-0.09654910862445831
2208124928.0,-0.09205124527215958
2209062400.0,-0.08850789070129395
2209999872.0,-0.08266866952180862
2210937600.0,-0.07751207053661346
2211875072.0,-0.07205052673816681
2212812544.0,-0.06636565178632736
2213750016.0,-0.058750640600919724
2214687488.0,-0.05132663622498512
2215624960.0,-0.04377760738134384
2216562432.0,-0.03678661212325096
2217499904.0,-0.02947707660496235
2218437376.0,-0.02075168304145336
2219375104.0,-0.011877665296196938
2220312576.0,-0.002859432017430663
2221250048.0,0.0060407123528420925
2222187520.0,0.01571209356188774
2223124992.0,0.024149298667907715
2224062464.0,0.035141926258802414
2224999936.0,0.04411761835217476
2225937408.0,0.05345681309700012
2226874880.0,0.0638933926820755
2227812608.0,0.07304804772138596
2228750080.0,0.07977520674467087
2229687552.0,0.08740098029375076
2230625024.0,0.09599597752094269
2231562496.0,0.10352780669927597
2232499968.0,0.11003189533948898
2233437440.0,0.11580503731966019
2234374912.0,0.12011871486902237
2235312384.0,0.1246005967259407
2236250112.0,0.12652289867401123
2237187584.0,0.12611134350299835
2238125056.0,0.1242736279964447
2239062528.0,0.12059608101844788
2240000000.0,0.11508791148662567
2240937472.0,0.10892907530069351
2241874944.0,0.10159052908420563
2242812416.0,0.09249947220087051
2243749888.0,0.08322330564260483
2244687616.0,0.0729798898100853
2245625088.0,0.06035972386598587
2246562560.0,0.04757387191057205
2247500032.0,0.03500670939683914
2248437504.0,0.020568031817674637
2249374976.0,0.005110892001539469
2250312448.0,-0.010791640728712082
2251249920.0,-0.02764280140399933
2252187392.0,-0.0438937246799469
2253125120.0,-0.06208140030503273
2254062592.0,-0.08093833178281784
2255000064.0,-0.09988424181938171
2255937536.0,-0.1185256689786911
2256875008.0,-0.1374376118183136
2257812480.0,-0.1560705006122589
2258749952.0,-0.17527292668819427
2259687424.0,-0.19487038254737854
2260624896.0,-0.21382397413253784
2261562624.0,-0.23135636746883392
2262500096.0,-0.24846969544887543
2263437568.0,-0.2662084400653839
2264375040.0,-0.281806081533432
2265312512.0,-0.2951998710632324
2266249984.0,-0.3083900511264801
2267187456.0,-0.3200787901878357
2268124928.0,-0.33116763830184937
2269062400.0,-0.3398909866809845
2270000128.0,-0.3468201756477356
2270937600.0,-0.35349345207214355
2271875072.0,-0.3583848178386688
2272812544.0,-0.36116063594818115
2273750016.0,-0.3641718029975891
2274687488.0,-0.36248528957366943
2275624960.0,-0.36242398619651794
2276562432.0,-0.35912567377090454
2277499904.0,-0.3560284674167633
2278437376.0,-0.3507375419139862
2279375104.0,-0.34377002716064453
2280312576.0,-0.33740052580833435
2281250048.0,-0.3284996449947357
2282187520.0,-0.32039985060691833
2283124992.0,-0.3103938698768616
2284062464.0,-0.300497442483902
2284999936.0,-0.290023535490036
2285937408.0,-0.27936699986457825
2286874880.0,-0.2695569097995758
2287812608.0,-0.2609981298446655
2288750080.0,-0.2740831673145294
2289687552.0,-0.27737438678741455
2290625024.0,-0.2799117863178253
2291562496.0,-0.2834726572036743
2292499968.0,-0.2885296046733856
2293437440.0,-0.2922898828983307
2294374912.0,-0.2972325086593628
2295312384.0,-0.30249422788619995
2296250112.0,-0.30870985984802246
2297187584.0,-0.31655412912368774
2298125056.0,-0.32526278495788574
2299062528.0,-0.3354373574256897
2300000000.0,-0.3475727438926697
2300937472.0,-0.3612488806247711
2301874944.0,-0.377450555562973
2302812416.0,-0.39487141370773315
2303749888.0,-0.4148246645927429
2304687616.0,-0.4367105960845947
2305625088.0,-0.46250343322753906
2306562560.0,-0.4897722899913788
2307500032.0,-0.5196085572242737
2308437504.0,-0.5521208643913269
2309374976.0,-0.5835630893707275
2310312448.0,-0.609796404838562
2311249920.0,-0.6368715763092041
2312187392.0,-0.6666946411132812
2313125120.0,-0.696021318435669
2314062592.0,-0.7279316186904907
2315000064.0,-0.7605490684509277
2315937536.0,-0.7933024764060974
2316875008.0,-0.8291366696357727
2317812480.0,-0.864704966545105
2318749952.0,-0.8999473452568054
2319687424.0,-0.9345383048057556
2320624896.0,-0.9686011672019958
2321562624.0,-1.001290202140808
2322500096.0,-1.0327450037002563
2323437568.0,-1.063421368598938
2324375040.0,-1.090763807296753
2325312512.0,-1.11752188205719
2326249984.0,-1.1415374279022217
2327187456.0,-1.1637611389160156
2328124928.0,-1.1843279600143433
2329062400.0,-1.2020595073699951
2329999872.0,-1.2168424129486084
2330937600.0,-1.2304903268814087
2331875072.0,-1.2399468421936035
2332812544.0,-1.2476056814193726
2333750016.0,-1.2527822256088257
2334687488.0,-1.2544176578521729
2335624960.0,-1.254721999168396
2336562432.0,-1.251055121421814
2337499904.0,-1.246837854385376
2338437376.0,-1.2403823137283325
2339375104.0,-1.231998085975647
2340312576.0,-1.2213859558105469
2341250048.0,-1.210580825805664
2342187520.0,-1.1979174613952637
2343124992.0,-1.184417486190796
2344062464.0,-1.1696144342422485
2344999936.0,-1.1548415422439575
2345937408.0,-1.1386178731918335
2346874880.0,-1.1229134798049927
2347812608.0,-1.1071348190307617
2348750080.0,-1.0776134729385376
2349687552.0,-1.0674670934677124
2350625024.0,-1.0569034814834595
2351562496.0,-1.0459744930267334
2352499968.0,-1.0353453159332275
2353437440.0,-1.0262795686721802
2354374912.0,-1.0182136297225952
2355312384.0,-1.0103445053100586
2356250112.0,-1.0043222904205322
2357187584.0,-0.9994275569915771
2358125056.0,-0.9944736957550049
2359062528.0,-0.9915556311607361
2360000000.0,-0.9897741079330444
2360937472.0,-0.9898598790168762
2361874944.0,-0.9915218949317932
2362812416.0,-0.9938070774078369
2363749888.0,-0.9983153939247131
2364687616.0,-1.0040669441223145
2365625088.0,-1.011152982711792
2366562560.0,-1.0194271802902222
2367500032.0,-1.029247760772705
2368437504.0,-1.03932523727417
2369374976.0,-1.0497815608978271
2370312448.0,-1.0593817234039307
2371249920.0,-1.0703256130218506
2372187392.0,-1.0798718929290771
2373125120.0,-1.0875523090362549
2374062592.0,-1.0941309928894043
2375000064.0,-1.0986244678497314
2375937536.0,-1.100174069404602
2376875008.0,-1.100023627281189
2377812480.0,-1.094919204711914
2378749952.0,-1.088518500328064
2379687424.0,-1.0778261423110962
2380624896.0,-1.0639193058013916
2381562624.0,-1.0472592115402222
2382500096.0,-1.0256081819534302
2383437568.0,-1.001423716545105
2384375040.0,-0.9745530486106873
2385312512.0,-0.9467152953147888
2386249984.0,-0.9156907200813293
2387187456.0,-0.8831315040588379
2388124928.0,-0.8479688763618469
2389062400.0,-0.8126494884490967
2390000128.0,-0.777725338935852
2390937600.0,-0.7413369417190552
2391875072.0,-0.7052196860313416
2392812544.0,-0.6691874265670776
2393750016.0,-0.6346219182014465
2394687488.0,-0.6003454923629761
2395624960.0,-0.5659434795379639
2396562432.0,-0.5344172120094299
2397499904.0,-0.5029199719429016
2398437376.0,-0.4722152352333069
2399375104.0,-0.4430282413959503
2400312576.0,-0.4132887125015259
2401250048.0,-0.3854878842830658
2402187520.0,-0.3573964536190033
2403124992.0,-0.3309183418750763
2404062464.0,-0.30514204502105713
2404999936.0,-0.2796710729598999
2405937408.0,-0.2549993097782135
2406874880.0,-0.23075278103351593
2407812608.0,-0.20760470628738403
2408750080.0,-0.13388250768184662
2409687552.0,-0.11018150299787521
2410625024.0,-0.08765310049057007
2411562496.0,-0.06789940595626831
2412499968.0,-0.04912375286221504
2413437440.0,-0.03205336257815361
2414374912.0,-0.019124675542116165
2415312384.0,-0.00799972377717495
2416250112.0,0.0016227809246629477
2417187584.0,0.007164627313613892
2418125056.0,0.009196009486913681
2419062528.0,0.008104594424366951
2420000000.0,0.004701179917901754
2420937472.0,-0.003482293104752898
2421874944.0,-0.013477672822773457
2422812416.0,-0.02780929021537304
2423749888.0,-0.04440420866012573
2424687616.0,-0.06392984092235565
2425625088.0,-0.08692759275436401
2426562560.0,-0.11158188432455063
2427500032.0,-0.13868580758571625
2428437504.0,-0.16686686873435974
2429374976.0,-0.19522768259048462
2430312448.0,-0.22631359100341797
2431249920.0,-0.25518137216567993
2432187392.0,-0.2849327623844147
2433125120.0,-0.3137168288230896
2434062592.0,-0.34126725792884827
2435000064.0,-0.36601927876472473
2435937536.0,-0.38896656036376953
2436875008.0,-0.4082883596420288
2437812480.0,-0.4270480275154114
2438749952.0,-0.4410995841026306
2439687424.0,-0.4514477550983429
2440624896.0,-0.4590836763381958
2441562624.0,-0.4620717465877533
2442500096.0,-0.46235567331314087
2443437568.0,-0.4579722583293915
2444375040.0,-0.4503291845321655
2445312512.0,-0.44020453095436096
2446249984.0,-0.425605446100235
2447187456.0,-0.4091740548610687
2448124928.0,-0.38823285698890686
2449062400.0,-0.36445221304893494
2449999872.0,-0.3394244313240051
2450937600.0,-0.31222695112228394
2451875072.0,-0.2835415303707123
2452812544.0,-0.25198909640312195
2453750016.0,-0.22083990275859833
2454687488.0,-0.18999066948890686
2455624960.0,-0.15622325241565704
2456562432.0,-0.12294934689998627
2457499904.0,-0.0893004909157753
2458437376.0,-0.05732964351773262
2459375104.0,-0.02548024244606495
2460312576.0,0.006120078265666962
2461250048.0,0.03708324208855629
2462187520.0,0.06650903075933456
2463124992.0,0.09441021084785461
2464062464.0,0.1214766651391983
2464999936.0,0.1470388025045395
2465937408.0,0.17160223424434662
2466874880.0,0.19490040838718414
2467812608.0,0.21689702570438385
2468750080.0,0.12933088839054108
2469687552.0,0.14432059228420258
2470625024.0,0.16005583107471466
2471562496.0,0.17344386875629425
2472499968.0,0.1849794238805771
2473437440.0,0.1954565793275833
2474374912.0,0.20363175868988037
2475312384.0,0.20914392173290253
2476250112.0,0.21307675540447235
2477187584.0,0.21624155342578888
2478125056.0,0.21715699136257172
2479062528.0,0.21566538512706757
2480000000.0,0.2121477872133255
2480937472.0,0.20673967897891998
2481874944.0,0.19911813735961914
2482812416.0,0.1909313052892685
2483749888.0,0.17956231534481049
2484687616.0,0.16695788502693176
2485625088.0,0.15243950486183167
2486562560.0,0.13677765429019928
2487500032.0,0.11841779202222824
2488437504.0,0.10084190219640732
2489374976.0,0.08198294043540955
2490312448.0,0.061720311641693115
2491249920.0,0.04086725413799286
2492187392.0,0.020374391227960587
2493125120.0,-0.0007943797972984612
2494062592.0,-0.02092108502984047
2495000064.0,-0.041629478335380554
2495937536.0,-0.06097240746021271
2496875008.0,-0.07999357581138611
2497812480.0,-0.09728273004293442
2498749952.0,-0.11508426070213318
2499687424.0,-0.13045191764831543
2500624896.0,-0.14376935362815857
2501562624.0,-0.1561255007982254
2502500096.0,-0.167046457529068
2503437568.0,-0.17480391263961792
2504375040.0,-0.18089307844638824
2505312512.0,-0.18578921258449554
2506249984.0,-0.18746767938137054
2507187456.0,-0.18735338747501373
2508124928.0,-0.1866641491651535
2509062400.0,-0.1837896704673767
2510000128.0,-0.1779678910970688
2510937600.0,-0.17140160501003265
2511875072.0,-0.16229844093322754
2512812544.0,-0.1524307131767273
2513750016.0,-0.13902531564235687
2514687488.0,-0.1256134957075119
2515624960.0,-0.11045960336923599
2516562432.0,-0.09366245567798615
2517499904.0,-0.07691624015569687
2518437376.0,-0.05908991023898125
2519375104.0,-0.04034682735800743
2520312576.0,-0.02196565829217434
2521250048.0,-0.002505186013877392
2522187520.0,0.01635858602821827
2523124992.0,0.03561035171151161
2524062464.0,0.05389885604381561
2524999936.0,0.07179965823888779
2525937408.0,0.08926846832036972
2526874880.0,0.10604221373796463
2527812608.0,0.12127122282981873
2528750080.0,0.17430195212364197
2529687552.0,0.17956553399562836
2530625024.0,0.18545353412628174
2531562496.0,0.18927237391471863
2532499968.0,0.19205287098884583
2533437440.0,0.19482477009296417
2534374912.0,0.19588708877563477
2535312384.0,0.19550827145576477
2536250112.0,0.19488990306854248
2537187584.0,0.19308356940746307
2538125056.0,0.19105401635169983
2539062528.0,0.18774740397930145
2540000000.0,0.1835525631904602
2540937472.0,0.17696049809455872
2541874944.0,0.17006106674671173
2542812416.0,0.16223210096359253
2543749888.0,0.15310291945934296
2544687616.0,0.1425946056842804
2545625088.0,0.13266213238239288
2546562560.0,0.11962895840406418
2547500032.0,0.10749196261167526
2548437504.0,0.09361272305250168
2549374976.0,0.0784633606672287
2550312448.0,0.06255659461021423
2551249920.0,0.046802159398794174
2552187392.0,0.03120725043118
2553125120.0,0.01509183645248413
2554062592.0,-0.00131659721955657
2555000064.0,-0.018228672444820404
2555937536.0,-0.032444704324007034
2556875008.0,-0.048463717103004456
2557812480.0,-0.062101010233163834
2558749952.0,-0.07552468031644821
2559687424.0,-0.08864304423332214
2560624896.0,-0.10097826272249222
2561562624.0,-0.11022830009460449
2562500096.0,-0.11769270896911621
2563437568.0,-0.12499313801527023
2564375040.0,-0.1305062621831894
2565312512.0,-0.13365434110164642
2566249984.0,-0.13412077724933624
2567187456.0,-0.13320355117321014
2568124928.0,-0.13024035096168518
2569062400.0,-0.12596234679222107
2569999872.0,-0.11870161443948746
2570937600.0,-0.11061731725931168
2571875072.0,-0.1003524661064148
2572812544.0,-0.0880647748708725
2573750016.0,-0.07413870096206665
2574687488.0,-0.0597432442009449
2575624960.0,-0.0424075648188591
2576562432.0,-0.025573501363396645
2577499904.0,-0.006513240281492472
2578437376.0,0.01271137036383152
2579375104.0,0.031991299241781235
2580312576.0,0.05288906395435333
2581250048.0,0.07285232096910477
2582187520.0,0.09310685098171234
2583124992.0,0.113789401948452
2584062464.0,0.13327555358409882
2584999936.0,0.15140341222286224
2585937408.0,0.16786302626132965
2586874880.0,0.1835450530052185
2587812608.0,0.19712336361408234
2588750080.0,0.22249901294708252
2589687552.0,0.2299528568983078
2590625024.0,0.23546026647090912
2591562496.0,0.2396727353334427
2592499968.0,0.24051645398139954
2593437440.0,0.23896946012973785
2594374912.0,0.23585985600948334
2595312384.0,0.2298528552055359
2596250112.0,0.22157299518585205
2597187584.0,0.21121904253959656
2598125056.0,0.2005232274532318
2599062528.0,0.18725982308387756
2600000000.0,0.17202505469322205
2600937472.0,0.1572057604789734
2601874944.0,0.1401345580816269
2602812416.0,0.12319488823413849
2603749888.0,0.1063217967748642
2604687616.0,0.08725704997777939
2605625088.0,0.07013203948736191
2606562560.0,0.05242505669593811
2607500032.0,0.03586028516292572
2608437504.0,0.020274465903639793
2609374976.0,0.0044730473309755325
2610312448.0,-0.009910051710903645
2611249920.0,-0.023231903091073036
2612187392.0,-0.03490090370178223
2613125120.0,-0.046947184950113297
2614062592.0,-0.05810563638806343
2615000064.0,-0.06610116362571716
2615937536.0,-0.07488333433866501
2616875008.0,-0.08111769706010818
2617812480.0,-0.08658191561698914
2618749952.0,-0.09135039150714874
2619687424.0,-0.0949089452624321
2620624896.0,-0.09660544246435165
2621562624.0,-0.09783482551574707
2622500096.0,-0.0974992886185646
2623437568.0,-0.09695924073457718
2624375040.0,-0.0945124700665474
2625312512.0,-0.09272480010986328
2626249984.0,-0.0896812155842781
2627187456.0,-0.08555831015110016
2628124928.0,-0.08098364621400833
2629062400.0,-0.07629001140594482
2630000128.0,-0.06979119777679443
2630937600.0,-0.06259432435035706
2631875072.0,-0.055507391691207886
2632812544.0,-0.04776517674326897
2633750016.0,-0.039541251957416534
2634687488.0,-0.030369503423571587
2635624960.0,-0.02016555890440941
2636562432.0,-0.01003071665763855
2637499904.0,0.0017659928416833282
2638437376.0,0.013676936738193035
2639375104.0,0.026727452874183655
2640312576.0,0.04079178348183632
2641250048.0,0.05535372346639633
2642187520.0,0.07065489888191223
2643124992.0,0.0864718034863472
2644062464.0,0.10354682058095932
2644999936.0,0.12021461129188538
2645937408.0,0.1375785917043686
2646874880.0,0.15534980595111847
2647812608.0,0.23168019950389862
2648750080.0,0.24329793453216553
2649687552.0,0.25267547369003296
2650625024.0,0.26158928871154785
2651562496.0,0.26764115691185
2652499968.0,0.27069979906082153
2653437440.0,0.27238401770591736
2654374912.0,0.2701649069786072
2655312384.0,0.26644569635391235
2656250112.0,0.25816723704338074
2657187584.0,0.2215215116739273
2658125056.0,0.20423470437526703
2659062528.0,0.1843433380126953
2660000000.0,0.1626238226890564
2660937472.0,0.13799063861370087
2661874944.0,0.11281269788742065
2662812416.0,0.08507204055786133
2663749888.0,0.05557648092508316
2664687616.0,0.027133384719491005
2665625088.0,-0.003074100473895669
2666562560.0,-0.03265829011797905
2667500032.0,-0.0613706074655056
2668437504.0,-0.09016840904951096
2669374976.0,-0.11687814444303513
2670312448.0,-0.14163315296173096
2671249920.0,-0.1637047678232193
2672187392.0,-0.1834936887025833
2673125120.0,-0.201784148812294
2674062592.0,-0.21506236493587494
2675000064.0,-0.22693954408168793
2675937536.0,-0.23645542562007904
2676875008.0,-0.24251018464565277
2677812480.0,-0.24537700414657593
2678749952.0,-0.2455354630947113
2679687424.0,-0.2429821789264679
2680624896.0,-0.2371772676706314
2681562624.0,-0.22988790273666382
2682500096.0,-0.2199053168296814
2683437568.0,-0.2067617028951645
2684375040.0,-0.19277451932430267
2685312512.0,-0.17686986923217773
2686249984.0,-0.16015304625034332
2687187456.0,-0.14254261553287506
2688124928.0,-0.1229972168803215
2689062400.0,-0.10360527783632278
2689999872.0,-0.08521533757448196
2690937600.0,-0.06448595225811005
2691875072.0,-0.04464219510555267
2692812544.0,-0.02553180232644081
2693750016.0,-0.005877387709915638
2694687488.0,0.012432025745511055
2695624960.0,0.03055885061621666
2696562432.0,0.04930577054619789
2697499904.0,0.06781723350286484
2698437376.0,0.08437648415565491
2699375104.0,0.10198493301868439
2700312576.0,0.11873822659254074
2701250048.0,0.13497604429721832
2702187520.0,0.1518414318561554
2703124992.0,0.16680800914764404
2704062464.0,0.1818353682756424
2704999936.0,0.19628366827964783
2705937408.0,0.21128395199775696
2706874880.0,0.22432510554790497
2707812608.0,0.19763019680976868
2708750080.0,0.2044263631105423
2709687552.0,0.21033020317554474
2710625024.0,0.21514233946800232
2711562496.0,0.21818745136260986
2712499968.0,0.219929501414299
2713437440.0,0.2206544131040573
2714374912.0,0.21946710348129272
2715312384.0,0.21741369366645813
2716250112.0,0.21400386095046997
2717187584.0,0.20850439369678497
2718125056.0,0.20282311737537384
2719062528.0,0.19463317096233368
2720000000.0,0.1846015900373459
2720937472.0,0.17384333908557892
2721874944.0,0.1619076132774353
2722812416.0,0.14844617247581482
2723749888.0,0.13462015986442566
2724687616.0,0.11958876997232437
2725625088.0,0.10322736948728561
2726562560.0,0.08557533472776413
2727500032.0,0.06789622455835342
2728437504.0,0.04969008266925812
2729374976.0,0.03187602758407593
2730312448.0,0.013154556974768639
2731249920.0,-0.005128554534167051
2732187392.0,-0.023848211392760277
2733125120.0,-0.04152506962418556
2734062592.0,-0.058579687029123306
2735000064.0,-0.07525847107172012
2735937536.0,-0.09083715081214905
2736875008.0,-0.10571813583374023
2737812480.0,-0.1192224845290184
2738749952.0,-0.13187934458255768
2739687424.0,-0.14324548840522766
2740624896.0,-0.15299125015735626
2741562624.0,-0.16001999378204346
2742500096.0,-0.1668403297662735
2743437568.0,-0.17126557230949402
2744375040.0,-0.17493034899234772
2745312512.0,-0.17507830262184143
2746249984.0,-0.17457427084445953
2747187456.0,-0.1714523583650589
2748124928.0,-0.16680151224136353
2749062400.0,-0.16097047924995422
2750000128.0,-0.1528150588274002
2750937600.0,-0.14295585453510284
2751875072.0,-0.13301049172878265
2752812544.0,-0.1204097643494606
2753750016.0,-0.10636945068836212
2754687488.0,-0.09131290018558502
2755624960.0,-0.07607150822877884
2756562432.0,-0.05931493639945984
2757499904.0,-0.04215548187494278
2758437376.0,-0.022898804396390915
2759375104.0,-0.004633650183677673
2760312576.0,0.013757452368736267
2761250048.0,0.0323096364736557
2762187520.0,0.05129224807024002
2763124992.0,0.06890873610973358
2764062464.0,0.08566311001777649
2764999936.0,0.10189918428659439
2765937408.0,0.11875084787607193
2766874880.0,0.13133744895458221
2767812608.0,0.1896573156118393
2768750080.0,0.1894991248846054
2769687552.0,0.18656915426254272
2770625024.0,0.1846921592950821
2771562496.0,0.18158744275569916
2772499968.0,0.17633092403411865
2773437440.0,0.17056457698345184
2774374912.0,0.1645098328590393
2775312384.0,0.15752314031124115
2776250112.0,0.15030913054943085
2777187584.0,0.14032360911369324
2778125056.0,0.1310896873474121
2779062528.0,0.12231582403182983
2780000000.0,0.11266881972551346
2780937472.0,0.1009909138083458
2781874944.0,0.08989020437002182
2782812416.0,0.07854010164737701
2783749888.0,0.0666586384177208
2784687616.0,0.054025061428546906
2785625088.0,0.042205389589071274
2786562560.0,0.02960078790783882
2787500032.0,0.017037568613886833
2788437504.0,0.0033524781465530396
2789374976.0,-0.008831984363496304
2790312448.0,-0.021101195365190506
2791249920.0,-0.033366989344358444
2792187392.0,-0.04508896544575691
2793125120.0,-0.0549873448908329
2794062592.0,-0.06540173292160034
2795000064.0,-0.07425429672002792
2795937536.0,-0.08267007768154144
2796875008.0,-0.08878099918365479
2797812480.0,-0.09468702971935272
2798749952.0,-0.09954328835010529
2799687424.0,-0.10373161733150482
2800624896.0,-0.10630698502063751
2801562624.0,-0.10658252239227295
2802500096.0,-0.10668068379163742
2803437568.0,-0.10466897487640381
2804375040.0,-0.10084756463766098
2805312512.0,-0.09552836418151855
2806249984.0,-0.08876907080411911
2807187456.0,-0.08054506033658981
2808124928.0,-0.07060933858156204
2809062400.0,-0.05959290638566017
2809999872.0,-0.04670700803399086
2810937600.0,-0.03359857574105263
2811875072.0,-0.01901816576719284
2812812544.0,-0.004190241917967796
2813750016.0,0.012274697422981262
2814687488.0,0.02957873046398163
2815624960.0,0.046405062079429626
2816562432.0,0.06374510377645493
2817499904.0,0.08134227991104126
2818437376.0,0.09819626063108444
2819375104.0,0.11508231610059738
2820312576.0,0.1317162662744522
2821250048.0,0.14707691967487335
2822187520.0,0.16171230375766754
2823124992.0,0.1744605153799057
2824062464.0,0.18647177517414093
2824999936.0,0.19706258177757263
2825937408.0,0.20532535016536713
2826874880.0,0.21201816201210022
2827812608.0,0.22512131929397583
2828750080.0,0.2281511425971985
2829687552.0,0.2278130054473877
2830625024.0,0.22457093000411987
2831562496.0,0.21872243285179138
2832499968.0,0.21077647805213928
2833437440.0,0.20045989751815796
2834374912.0,0.18773174285888672
2835312384.0,0.17381440103054047
2836250112.0,0.1571744978427887
2837187584.0,0.14004488289356232
2838125056.0,0.12141301482915878
2839062528.0,0.10230036824941635
2840000000.0,0.08179330825805664
2840937472.0,0.0619586743414402
2841874944.0,0.04150906577706337
2842812416.0,0.022899260744452477
2843749888.0,0.002678755670785904
2844687616.0,-0.015955563634634018
2845625088.0,-0.03393121436238289
2846562560.0,-0.05033430457115173
2847500032.0,-0.06437729299068451
2848437504.0,-0.07888729125261307
2849374976.0,-0.08980356156826019
2850312448.0,-0.09930107742547989
2851249920.0,-0.10752084106206894
2852187392.0,-0.11408669501543045
2853125120.0,-0.11927904188632965
2854062592.0,-0.12178297340869904
2855000064.0,-0.12184449285268784
2855937536.0,-0.1211651936173439
2856875008.0,-0.11835566908121109
2857812480.0,-0.11431777477264404
2858749952.0,-0.10846759378910065
2859687424.0,-0.1028018668293953
2860624896.0,-0.09479837864637375
2861562624.0,-0.08553627133369446
2862500096.0,-0.07606326788663864
2863437568.0,-0.06539008766412735
2864375040.0,-0.05483359098434448
2865312512.0,-0.04356955736875534
2866249984.0,-0.030682869255542755
2867187456.0,-0.01774630695581436
2868124928.0,-0.004591434262692928
2869062400.0,0.008627288043498993
2870000128.0,0.022987809032201767
2870937600.0,0.035847008228302
2871875072.0,0.0482620894908905
2872812544.0,0.06209636107087135
2873750016.0,0.07522221654653549
2874687488.0,0.0881514772772789
2875624960.0,0.09969159960746765
2876562432.0,0.11164344102144241
2877499904.0,0.12373387813568115
2878437376.0,0.13605034351348877
2879375104.0,0.1462794542312622
2880312576.0,0.1564818024635315
2881250048.0,0.16617895662784576
2882187520.0,0.17469187080860138
2883124992.0,0.1828276515007019
2884062464.0,0.19051484763622284
2884999936.0,0.19646310806274414
2885937408.0,0.20194464921951294
2886874880.0,0.20642231404781342
2887812608.0,0.2100864201784134
2888750080.0,0.2117341309785843
2889687552.0,0.21279503405094147
2890625024.0,0.21200132369995117
2891562496.0,0.21022121608257294
2892499968.0,0.20612765848636627
2893437440.0,0.2007746547460556
2894374912.0,0.19339552521705627
2895312384.0,0.184126615524292
2896250112.0,0.17275261878967285
2897187584.0,0.1597331315279007
2898125056.0,0.14607848227024078
2899062528.0,0.13059698045253754
2900000000.0,0.1143016442656517
2900937472.0,0.09728972613811493
2901874944.0,0.0791662186384201
2902812416.0,0.060318220406770706
2903749888.0,0.04063643142580986
2904687616.0,0.021467942744493484
2905625088.0,0.0020475941710174084
2906562560.0,-0.01621648669242859
2907500032.0,-0.034790124744176865
2908437504.0,-0.05244538560509682
2909374976.0,-0.06937745958566666
2910312448.0,-0.08441919833421707
2911249920.0,-0.09852749109268188
2912187392.0,-0.11117212474346161
2913125120.0,-0.1215856596827507
2914062592.0,-0.13115538656711578
2915000064.0,-0.13708727061748505
2915937536.0,-0.14231252670288086
2916875008.0,-0.1445523053407669
2917812480.0,-0.14531485736370087
2918749952.0,-0.1436721682548523
2919687424.0,-0.14051245152950287
2920624896.0,-0.1328606903553009
2921562624.0,-0.12670175731182098
2922500096.0,-0.11635513603687286
2923437568.0,-0.10670208930969238
2924375040.0,-0.09323078393936157
2925312512.0,-0.07890080660581589
2926249984.0,-0.06447217613458633
2927187456.0,-0.048527173697948456
2928124928.0,-0.031549129635095596
2929062400.0,-0.01378661673516035
2929999872.0,0.0025727450847625732
2930937600.0,0.020031752064824104
2931875072.0,0.03779575228691101
2932812544.0,0.055545054376125336
2933750016.0,0.07170753180980682
2934687488.0,0.0875597670674324
2935624960.0,0.10185740888118744
2936562432.0,0.11509928107261658
2937499904.0,0.12838692963123322
2938437376.0,0.13779164850711823
2939375104.0,0.14822262525558472
2940312576.0,0.1565992534160614
2941250048.0,0.16267220675945282
2942187520.0,0.1677391678094864
2943124992.0,0.17052923142910004
2944062464.0,0.17380011081695557
2944999936.0,0.17508962750434875
2945937408.0,0.17511022090911865
2946874880.0,0.17413429915905
2947812608.0,0.1705864816904068
2948750080.0,0.16921788454055786
2949687552.0,0.16727545857429504
2950625024.0,0.16395597159862518
2951562496.0,0.15982232987880707
2952499968.0,0.15591759979724884
2953437440.0,0.15069974958896637
2954374912.0,0.1441498100757599
2955312384.0,0.1369081288576126
2956250112.0,0.1282121241092682
2957187584.0,0.12050236016511917
2958125056.0,0.11165383458137512
2959062528.0,0.10239651799201965
2960000000.0,0.09305188059806824
2960937472.0,0.08235623687505722
2961874944.0,0.07217948138713837
2962812416.0,0.061355967074632645
2963749888.0,0.05067560821771622
2964687616.0,0.03878617286682129
2965625088.0,0.028294585645198822
2966562560.0,0.016538182273507118
2967500032.0,0.005678488407284021
2968437504.0,-0.005613479297608137
2969374976.0,-0.016253527253866196
2970312448.0,-0.025598954409360886
2971249920.0,-0.035232871770858765
2972187392.0,-0.04374540597200394
2973125120.0,-0.05277639627456665
2974062592.0,-0.06034424901008606
2975000064.0,-0.06714873015880585
2975937536.0,-0.0734359547495842
2976875008.0,-0.07823824137449265
2977812480.0,-0.08301594853401184
2978749952.0,-0.08598281443119049
2979687424.0,-0.08840660005807877
2980624896.0,-0.08895868808031082
2981562624.0,-0.08848335593938828
2982500096.0,-0.08670520782470703
2983437568.0,-0.08582758158445358
2984375040.0,-0.0820576399564743
2985312512.0,-0.0782170295715332
2986249984.0,-0.07209055870771408
2987187456.0,-0.06702794879674911
2988124928.0,-0.0603000745177269
2989062400.0,-0.053633157163858414
2990000128.0,-0.04610583558678627
2990937600.0,-0.0385979600250721
2991875072.0,-0.029062405228614807
2992812544.0,-0.020366037264466286
2993750016.0,-0.013123313896358013
2994687488.0,-0.005319459363818169
2995624960.0,0.0028672432526946068
2996562432.0,0.009780066087841988
2997499904.0,0.01748109608888626
2998437376.0,0.02379726991057396
2999375104.0,0.02982739731669426
3000312576.0,0.032424312084913254
3001250048.0,0.03685450553894043
3002187520.0,0.03947761282324791
3003124992.0,0.04211889207363129
3004062464.0,0.042838845402002335
3004999936.0,0.04350286349654198
3005937408.0,0.0426674485206604
3006874880.0,0.0408150814473629
3007812608.0,0.036135055124759674
3008750080.0,0.03239103779196739
3009687552.0,0.02764076739549637
3010625024.0,0.023686543107032776
3011562496.0,0.018285255879163742
3012499968.0,0.013608647510409355
3013437440.0,0.007956561632454395
3014374912.0,0.002474310575053096
3015312384.0,-0.002811325481161475
3016250112.0,-0.008088866248726845
3017187584.0,-0.012879036366939545
3018125056.0,-0.01845068298280239
3019062528.0,-0.02398236282169819
3020000000.0,-0.02960292249917984
3020937472.0,-0.03446515277028084
3021874944.0,-0.04041775315999985
3022812416.0,-0.04439495503902435
3023749888.0,-0.049481406807899475
3024687616.0,-0.05485338717699051
3025625088.0,-0.05875670537352562
3026562560.0,-0.062321554869413376
3027500032.0,-0.0670875608921051
3028437504.0,-0.07120107859373093
3029374976.0,-0.0744563415646553
3030312448.0,-0.07788003981113434
3031249920.0,-0.08120153844356537
3032187392.0,-0.08498232811689377
3033125120.0,-0.08790382742881775
3034062592.0,-0.08922091126441956
3035000064.0,-0.09229815751314163
3035937536.0,-0.09345810115337372
3036875008.0,-0.09449970722198486
3037812480.0,-0.0960131585597992
3038749952.0,-0.0962325856089592
3039687424.0,-0.09611549228429794
3040624896.0,-0.09553494304418564
3041562624.0,-0.09458903968334198
3042500096.0,-0.09291192889213562
3043437568.0,-0.0900750607252121
3044375040.0,-0.08684063702821732
3045312512.0,-0.083892822265625
3046249984.0,-0.0799550861120224
3047187456.0,-0.07526501268148422
3048124928.0,-0.07092537730932236
3049062400.0,-0.0658763125538826
3049999872.0,-0.06101452186703682
3050937600.0,-0.05526071786880493
3051875072.0,-0.04995204135775566
3052812544.0,-0.044821977615356445
3053750016.0,-0.038878533989191055
3054687488.0,-0.03349985554814339
3055624960.0,-0.027245882898569107
3056562432.0,-0.02036942169070244
3057499904.0,-0.014217008836567402
3058437376.0,-0.008733870461583138
3059375104.0,-0.0038442453369498253
3060312576.0,0.0007798043079674244
3061250048.0,0.004379488527774811
3062187520.0,0.008093335665762424
3063124992.0,0.011263353750109673
3064062464.0,0.01282001193612814
3064999936.0,0.015192017890512943
3065937408.0,0.01533192303031683
3066874880.0,0.015731506049633026
3067812608.0,0.028660809621214867
3068750080.0,0.0224800743162632
3069687552.0,0.015953445807099342
3070625024.0,0.00845955777913332
3071562496.0,-0.00020678857981693
3072499968.0,-0.009831856936216354
3073437440.0,-0.01835722289979458
3074374912.0,-0.028601305559277534
3075312384.0,-0.039383843541145325
3076250112.0,-0.04886355251073837
3077187584.0,-0.05893974378705025
3078125056.0,-0.06776513904333115
3079062528.0,-0.07829588651657104
3080000000.0,-0.08655260503292084
3080937472.0,-0.09364161640405655
3081874944.0,-0.1013190820813179
3082812416.0,-0.1082848608493805
3083749888.0,-0.11236163973808289
3084687616.0,-0.11632606387138367
3085625088.0,-0.1190929040312767
3086562560.0,-0.11979745328426361
3087500032.0,-0.12022381275892258
3088437504.0,-0.11843184381723404
3089374976.0,-0.11703125387430191
3090312448.0,-0.11350922286510468
3091249920.0,-0.10956398397684097
3092187392.0,-0.10446935892105103
3093125120.0,-0.09683680534362793
3094062592.0,-0.09065097570419312
3095000064.0,-0.08173523098230362
3095937536.0,-0.07335461676120758
3096875008.0,-0.0643085241317749
3097812480.0,-0.054646462202072144
3098749952.0,-0.04578261449933052
3099687424.0,-0.03502655029296875
3100624896.0,-0.025043809786438942
3101562624.0,-0.0145335141569376
3102500096.0,-0.004720740485936403
3103437568.0,0.005555326584726572
3104375040.0,0.015359480865299702
3105312512.0,0.024787206202745438
3106249984.0,0.03425586596131325
3107187456.0,0.04416646435856819
3108124928.0,0.05224549397826195
3109062400.0,0.060175564140081406
3110000128.0,0.06795074045658112
3110937600.0,0.07501392811536789
3111875072.0,0.08071448653936386
3112812544.0,0.08635357022285461
3113750016.0,0.09186858683824539
3114687488.0,0.09706263244152069
3115624960.0,0.1012926921248436
3116562432.0,0.10568594932556152
3117499904.0,0.10884322971105576
3118437376.0,0.11273712664842606
3119375104.0,0.11603505164384842
3120312576.0,0.11787599325180054
3121250048.0,0.12089411169290543
3122187520.0,0.12239435315132141
3123124992.0,0.12455220520496368
3124062464.0,0.12672089040279388
3124999936.0,0.12886366248130798
3125937408.0,0.1295725703239441
3126874880.0,0.13071152567863464
3127812608.0,0.15193763375282288
3128750080.0,0.14834235608577728
3129687552.0,0.146729975938797
3130625024.0,0.1448426991701126
3131562496.0,0.14337942004203796
3132499968.0,0.1411811113357544
3133437440.0,0.13984794914722443
3134374912.0,0.13806189596652985
3135312384.0,0.13641691207885742
3136250112.0,0.13503916561603546
3137187584.0,0.1342354714870453
3138125056.0,0.1333768367767334
3139062528.0,0.13288678228855133
3140000000.0,0.1324307769536972
3140937472.0,0.13180120289325714
3141874944.0,0.13117820024490356
3142812416.0,0.12923899292945862
3143749888.0,0.129460409283638
3144687616.0,0.12752839922904968
3145625088.0,0.12617851793766022
3146562560.0,0.12482840567827225
3147500032.0,0.12209554016590118
3148437504.0,0.11925238370895386
3149374976.0,0.11648104339838028
3150312448.0,0.11244969069957733
3151249920.0,0.10760536789894104
3152187392.0,0.10176710039377213
3153125120.0,0.09689150005578995
3154062592.0,0.0900624468922615
3155000064.0,0.0823521614074707
3155937536.0,0.07430114597082138
3156875008.0,0.06591792404651642
3157812480.0,0.05624480918049812
3158749952.0,0.04563574492931366
3159687424.0,0.035189710557460785
3160624896.0,0.025015193969011307
3161562624.0,0.012771492823958397
3162500096.0,0.0007713625091128051
3163437568.0,-0.011788052506744862
3164375040.0,-0.023586653172969818
3165312512.0,-0.036625467240810394
3166249984.0,-0.04778468608856201
3167187456.0,-0.060942672193050385
3168124928.0,-0.07315631955862045
3169062400.0,-0.08477233350276947
3169999872.0,-0.09447269886732101
3170937600.0,-0.10416226089000702
3171875072.0,-0.11348090320825577
3172812544.0,-0.1210223063826561
3173750016.0,-0.12716375291347504
3174687488.0,-0.1329967975616455
3175624960.0,-0.13758233189582825
3176562432.0,-0.13858354091644287
3177499904.0,-0.141104057431221
3178437376.0,-0.14136672019958496
3179375104.0,-0.13845685124397278
3180312576.0,-0.13540367782115936
3181250048.0,-0.1307583451271057
3182187520.0,-0.12449361383914948
3183124992.0,-0.1154215931892395
3184062464.0,-0.10572623461484909
3184999936.0,-0.0931745320558548
3185937408.0,-0.08148223906755447
3186874880.0,-0.06702839583158493
3187812608.0,0.06262564659118652
3188750080.0,0.06119251251220703
3189687552.0,0.06184643879532814
3190625024.0,0.06210493668913841
3191562496.0,0.0636981725692749
3192499968.0,0.06519461423158646
3193437440.0,0.06890953332185745
3194374912.0,0.07283289730548859
3195312384.0,0.07677008956670761
3196250112.0,0.0821475014090538
3197187584.0,0.08646130561828613
3198125056.0,0.09268668293952942
3199062528.0,0.09796857833862305
3200000000.0,0.10315873473882675
3200937472.0,0.10835394263267517
3201874944.0,0.11331003159284592
3202812416.0,0.11694543808698654
3203749888.0,0.11871388554573059
3204687616.0,0.12098810821771622
3205625088.0,0.12177672237157822
3206562560.0,0.12144212424755096
3207500032.0,0.11967736482620239
3208437504.0,0.11754545569419861
3209374976.0,0.11322364211082458
3210312448.0,0.10841918736696243
3211249920.0,0.10250430554151535
3212187392.0,0.09513985365629196
3213125120.0,0.0869930163025856
3214062592.0,0.0760839581489563
3215000064.0,0.06563535332679749
3215937536.0,0.05389954894781113
3216875008.0,0.04245487228035927
3217812480.0,0.030035385861992836
3218749952.0,0.01684184931218624
3219687424.0,0.004606822971254587
3220624896.0,-0.008829631842672825
3221562624.0,-0.021438999101519585
3222500096.0,-0.03347601369023323
3223437568.0,-0.044444888830184937
3224375040.0,-0.054789457470178604
3225312512.0,-0.06560634076595306
3226249984.0,-0.07446588575839996
3227187456.0,-0.08268888294696808
3228124928.0,-0.08932433277368546
3229062400.0,-0.09473314136266708
3230000128.0,-0.09822581708431244
3230937600.0,-0.10109248012304306
3231875072.0,-0.10327409207820892
3232812544.0,-0.10384204983711243
3233750016.0,-0.10220551490783691
3234687488.0,-0.1007692962884903
3235624960.0,-0.09753956645727158
3236562432.0,-0.09450571984052658
3237499904.0,-0.0909067839384079
3238437376.0,-0.08671049028635025
3239375104.0,-0.08142878860235214
3240312576.0,-0.07589024305343628
3241250048.0,-0.07244325429201126
3242187520.0,-0.06809265166521072
3243124992.0,-0.06409389525651932
3244062464.0,-0.06157275661826134
3244999936.0,-0.0585075318813324
3245937408.0,-0.0571192130446434
3246874880.0,-0.05806456506252289
3247812608.0,-0.04999767243862152
3248750080.0,-0.05448012053966522
3249687552.0,-0.05854101851582527
3250625024.0,-0.06279508024454117
3251562496.0,-0.06603731215000153
3252499968.0,-0.06905806064605713
3253437440.0,-0.07093814760446548
3254374912.0,-0.07099445909261703
3255312384.0,-0.0725824385881424
3256250112.0,-0.07171410322189331
3257187584.0,-0.06968706101179123
3258125056.0,-0.06583135575056076
3259062528.0,-0.06154449284076691
3260000000.0,-0.05595463886857033
3260937472.0,-0.04895752668380737
3261874944.0,-0.042473990470170975
3262812416.0,-0.03306666016578674
3263749888.0,-0.02505585364997387
3264687616.0,-0.0163778867572546
3265625088.0,-0.007539260201156139
3266562560.0,0.0009302929975092411
3267500032.0,0.00885782204568386
3268437504.0,0.01626678928732872
3269374976.0,0.02183491550385952
3270312448.0,0.025991490110754967
3271249920.0,0.03042609617114067
3272187392.0,0.031964294612407684
3273125120.0,0.03357108682394028
3274062592.0,0.032865703105926514
3275000064.0,0.03237350285053253
3275937536.0,0.0316060408949852
3276875008.0,0.030075538903474808
3277812480.0,0.028095485642552376
3278749952.0,0.026621952652931213
3279687424.0,0.024406934157013893
3280624896.0,0.0229157954454422
3281562624.0,0.022619908675551414
3282500096.0,0.0236736498773098
3283437568.0,0.02418862283229828
3284375040.0,0.025615375488996506
3285312512.0,0.026469530537724495
3286249984.0,0.02872789464890957
3287187456.0,0.03068258985877037
3288124928.0,0.032686494290828705
3289062400.0,0.034191954880952835
3289999872.0,0.03512195125222206
3290937600.0,0.03570130839943886
3291875072.0,0.03540167585015297
3292812544.0,0.03337989002466202
3293750016.0,0.03127741813659668
3294687488.0,0.025637105107307434
3295624960.0,0.02073976770043373
3296562432.0,0.01455907803028822
3297499904.0,0.00778224179521203
3298437376.0,-0.0004064292588736862
3299375104.0,-0.008598407730460167
3300312576.0,-0.017543992027640343
3301250048.0,-0.026362504810094833
3302187520.0,-0.03570207580924034
3303124992.0,-0.045564569532871246
3304062464.0,-0.05389987677335739
3304999936.0,-0.06315754354000092
3305937408.0,-0.07189545035362244
3306874880.0,-0.08055959641933441
3307812608.0,-0.04923836886882782
3308750080.0,-0.04761977866292
3309687552.0,-0.04580535739660263
3310625024.0,-0.043866436928510666
3311562496.0,-0.04243629798293114
3312499968.0,-0.0410323329269886
3313437440.0,-0.03945444896817207
3314374912.0,-0.04031658545136452
3315312384.0,-0.0410030223429203
3316250112.0,-0.04254112392663956
3317187584.0,-0.04443526640534401
3318125056.0,-0.047796543687582016
3319062528.0,-0.051779646426439285
3320000000.0,-0.05522759258747101
3320937472.0,-0.05928933247923851
3321874944.0,-0.06523220986127853
3322812416.0,-0.0704023689031601
3323749888.0,-0.07704352587461472
3324687616.0,-0.08495528995990753
3325625088.0,-0.09213732182979584
3326562560.0,-0.0994391217827797
3327500032.0,-0.10595522075891495
3328437504.0,-0.11246255040168762
3329374976.0,-0.11967195570468903
3330312448.0,-0.12576298415660858
3331249920.0,-0.13095921277999878
3332187392.0,-0.1360657960176468
3333125120.0,-0.14123137295246124
3334062592.0,-0.14435699582099915
3335000064.0,-0.1456979364156723
3335937536.0,-0.14699700474739075
3336875008.0,-0.1484125256538391
3337812480.0,-0.14576375484466553
3338749952.0,-0.14500556886196136
3339687424.0,-0.14108823239803314
3340624896.0,-0.1363995224237442
3341562624.0,-0.13135309517383575
3342500096.0,-0.12469711154699326
3343437568.0,-0.11761397868394852
3344375040.0,-0.11032825708389282
3345312512.0,-0.10248158872127533
3346249984.0,-0.09207069873809814
3347187456.0,-0.08292392641305923
3348124928.0,-0.07312580198049545
3349062400.0,-0.06300674378871918
3350000128.0,-0.05178358033299446
3350937600.0,-0.042401816695928574
3351875072.0,-0.032461926341056824
3352812544.0,-0.023540226742625237
3353750016.0,-0.015075507573783398
3354687488.0,-0.0068097966723144054
3355624960.0,0.0007777275168336928
3356562432.0,0.008038637228310108
3357499904.0,0.013737461529672146
3358437376.0,0.019430043175816536
3359375104.0,0.02332383580505848
3360312576.0,0.028769562020897865
3361250048.0,0.032245486974716187
3362187520.0,0.03520817309617996
3363124992.0,0.03814072534441948
3364062464.0,0.04067400470376015
3364999936.0,0.042940352112054825
3365937408.0,0.04602716118097305
3366874880.0,0.048125870525836945
3367812608.0,0.05681655928492546
3368750080.0,0.06519117206335068
3369687552.0,0.07307471334934235
3370625024.0,0.08025017380714417
3371562496.0,0.08608467876911163
3372499968.0,0.09035544097423553
3373437440.0,0.09383049607276917
3374374912.0,0.09697596728801727
3375312384.0,0.09830117225646973
3376250112.0,0.09895962476730347
3377187584.0,0.09874357283115387
3378125056.0,0.09604517370462418
3379062528.0,0.0927962213754654
3380000000.0,0.08910003304481506
3380937472.0,0.0829557403922081
3381874944.0,0.07597565650939941
3382812416.0,0.0685492679476738
3383749888.0,0.06067115440964699
3384687616.0,0.05122571438550949
3385625088.0,0.04182647168636322
3386562560.0,0.031883180141448975
3387500032.0,0.021965298801660538
3388437504.0,0.010624200105667114
3389374976.0,0.00028114518499933183
3390312448.0,-0.011256185360252857
3391249920.0,-0.020124148577451706
3392187392.0,-0.030557755380868912
3393125120.0,-0.039654310792684555
3394062592.0,-0.04887966066598892
3395000064.0,-0.05785311758518219
3395937536.0,-0.06532928347587585
3396875008.0,-0.07244108617305756
3397812480.0,-0.07894103974103928
3398749952.0,-0.08309430629014969
3399687424.0,-0.08677481859922409
3400624896.0,-0.08915532380342484
3401562624.0,-0.09086742252111435
3402500096.0,-0.09305466711521149
3403437568.0,-0.0928967222571373
3404375040.0,-0.09285259991884232
3405312512.0,-0.09201404452323914
3406249984.0,-0.09049049019813538
3407187456.0,-0.08803300559520721
3408124928.0,-0.08561639487743378
3409062400.0,-0.08250973373651505
3409999872.0,-0.08052583038806915
3410937600.0,-0.07609262317419052
3411875072.0,-0.07165804505348206
3412812544.0,-0.06822385638952255
3413750016.0,-0.06364244222640991
3414687488.0,-0.05993126705288887
3415624960.0,-0.05444794520735741
3416562432.0,-0.05099622160196304
3417499904.0,-0.04668319225311279
3418437376.0,-0.0425511933863163
3419375104.0,-0.03928132355213165
3420312576.0,-0.034606482833623886
3421250048.0,-0.031564660370349884
3422187520.0,-0.027411313727498055
3423124992.0,-0.023830588907003403
3424062464.0,-0.020157763734459877
3424999936.0,-0.016590166836977005
3425937408.0,-0.01331822108477354
3426874880.0,-0.00981854647397995
3427812608.0,-0.006333606783300638
3428750080.0,-0.0019655965734273195
3429687552.0,-0.0002571037912275642
3430625024.0,0.003626185469329357
3431562496.0,0.0074018207378685474
3432499968.0,0.01176479086279869
3433437440.0,0.01715461164712906
3434374912.0,0.02146109752357006
3435312384.0,0.02851956896483898
3436250112.0,0.035644397139549255
3437187584.0,0.04520357772707939
3438125056.0,0.05354150012135506
3439062528.0,0.06360037624835968
3440000000.0,0.07613299041986465
3440937472.0,0.08835336565971375
3441874944.0,0.10290805995464325
3442812416.0,0.11663128435611725
3443749888.0,0.1304641216993332
3444687616.0,0.14548808336257935
3445625088.0,0.16019584238529205
3446562560.0,0.17396360635757446
3447500032.0,0.18819110095500946
3448437504.0,0.20033609867095947
3449374976.0,0.21063604950904846
3450312448.0,0.21958030760288239
3451249920.0,0.22720301151275635
3452187392.0,0.23145662248134613
3453125120.0,0.2340116798877716
3454062592.0,0.23444582521915436
3455000064.0,0.2324371188879013
3455937536.0,0.22683031857013702
3456875008.0,0.22027000784873962
3457812480.0,0.21078871190547943
3458749952.0,0.1983981877565384
3459687424.0,0.18450166285037994
3460624896.0,0.16975830495357513
3461562624.0,0.152808278799057
3462500096.0,0.13475295901298523
3463437568.0,0.11505475640296936
3464375040.0,0.09509626775979996
3465312512.0,0.07572048157453537
3466249984.0,0.05553468316793442
3467187456.0,0.036644794046878815
3468124928.0,0.018680347129702568
3469062400.0,0.0017512623453512788
3470000128.0,-0.013474032282829285
3470937600.0,-0.025741135701537132
3471875072.0,-0.03809173405170441
3472812544.0,-0.04853524640202522
3473750016.0,-0.05680910125374794
3474687488.0,-0.06247548758983612
3475624960.0,-0.06680777668952942
3476562432.0,-0.06894014775753021
3477499904.0,-0.0701652467250824
3478437376.0,-0.06845294684171677
3479375104.0,-0.06694842129945755
3480312576.0,-0.06401978433132172
3481250048.0,-0.059801820665597916
3482187520.0,-0.05570334568619728
3483124992.0,-0.05118205025792122
3484062464.0,-0.04684566333889961
3484999936.0,-0.04283703491091728
3485937408.0,-0.038766372948884964
3486874880.0,-0.03456265479326248
3487812608.0,-0.0213624257594347
3488750080.0,-0.02474120818078518
3489687552.0,-0.02958192490041256
3490625024.0,-0.034265488386154175
3491562496.0,-0.04027773067355156
3492499968.0,-0.046040214598178864
3493437440.0,-0.051930151879787445
3494374912.0,-0.056415002793073654
3495312384.0,-0.06350044161081314
3496250112.0,-0.06905866414308548
3497187584.0,-0.07253061980009079
3498125056.0,-0.0769297182559967
3499062528.0,-0.07910355180501938
3500000000.0,-0.08094006031751633
3500937472.0,-0.08096689730882645
3501874944.0,-0.0782022476196289
3502812416.0,-0.07590518146753311
3503749888.0,-0.07240444421768188
3504687616.0,-0.06712851673364639
3505625088.0,-0.06205029785633087
3506562560.0,-0.055638689547777176
3507500032.0,-0.04809920862317085
3508437504.0,-0.04002675414085388
3509374976.0,-0.030963029712438583
3510312448.0,-0.022045601159334183
3511249920.0,-0.011904852464795113
3512187392.0,-0.002981825964525342
3513125120.0,0.007315484806895256
3514062592.0,0.016744960099458694
3515000064.0,0.02635272778570652
3515937536.0,0.0361647829413414
3516875008.0,0.044856827706098557
3517812480.0,0.05267581343650818
3518749952.0,0.059223491698503494
3519687424.0,0.06479227542877197
3520624896.0,0.06931719183921814
3521562624.0,0.07141197472810745
3522500096.0,0.07321125268936157
3523437568.0,0.07381749898195267
3524375040.0,0.07382826507091522
3525312512.0,0.07153338938951492
3526249984.0,0.06920666247606277
3527187456.0,0.06588457524776459
3528124928.0,0.06162914261221886
3529062400.0,0.05680520460009575
3529999872.0,0.05186773091554642
3530937600.0,0.04606127366423607
3531875072.0,0.041403867304325104
3532812544.0,0.035955362021923065
3533750016.0,0.030879950150847435
3534687488.0,0.025756053626537323
3535624960.0,0.021527845412492752
3536562432.0,0.01878376677632332
3537499904.0,0.01592312380671501
3538437376.0,0.013970143161714077
3539375104.0,0.011794964782893658
3540312576.0,0.011682407930493355
3541250048.0,0.012637773528695107
3542187520.0,0.011910460889339447
3543124992.0,0.013825635425746441
3544062464.0,0.01600564271211624
3544999936.0,0.01947900466620922
3545937408.0,0.023253191262483597
3546874880.0,0.027494290843605995
3547812608.0,0.028381656855344772
3548750080.0,0.026264872401952744
3549687552.0,0.02407608926296234
3550625024.0,0.021209821105003357
3551562496.0,0.01844637840986252
3552499968.0,0.015705415979027748
3553437440.0,0.012934645637869835
3554374912.0,0.009967135265469551
3555312384.0,0.005689150653779507
3556250112.0,0.0010918151820078492
3557187584.0,-0.0022057341411709785
3558125056.0,-0.005394771229475737
3559062528.0,-0.008960213512182236
3560000000.0,-0.013863705098628998
3560937472.0,-0.018345849588513374
3561874944.0,-0.02263481169939041
3562812416.0,-0.025443268939852715
3563749888.0,-0.028418924659490585
3564687616.0,-0.03254210203886032
3565625088.0,-0.03518977016210556
3566562560.0,-0.03746987134218216
3567500032.0,-0.039235882461071014
3568437504.0,-0.0404077023267746
3569374976.0,-0.04063348099589348
3570312448.0,-0.04109353944659233
3571249920.0,-0.04263993352651596
3572187392.0,-0.04078630357980728
3573125120.0,-0.03960874304175377
3574062592.0,-0.03803086653351784
3575000064.0,-0.036883678287267685
3575937536.0,-0.03678884729743004
3576875008.0,-0.03409425914287567
3577812480.0,-0.03211504966020584
3578749952.0,-0.029831858351826668
3579687424.0,-0.027698468416929245
3580624896.0,-0.0257276464253664
3581562624.0,-0.022987306118011475
3582500096.0,-0.019387993961572647
3583437568.0,-0.017319707199931145
3584375040.0,-0.015909021720290184
3585312512.0,-0.01534148771315813
3586249984.0,-0.013784626498818398
3587187456.0,-0.013446701690554619
3588124928.0,-0.012465767562389374
3589062400.0,-0.011791284196078777
3590000128.0,-0.011395285837352276
3590937600.0,-0.010853081941604614
3591875072.0,-0.010632450692355633
3592812544.0,-0.008717642165720463
3593750016.0,-0.007795154582709074
3594687488.0,-0.0077836038544774055
3595624960.0,-0.005742770619690418
3596562432.0,-0.004262687638401985
3597499904.0,-0.0026634701061993837
3598437376.0,-0.0001618320238776505
3599375104.0,0.0022504080552607775
3600312576.0,0.004771470557898283
3601250048.0,0.008975416421890259
3602187520.0,0.012148000299930573
3603124992.0,0.016931338235735893
3604062464.0,0.022278573364019394
3604999936.0,0.027787864208221436
3605937408.0,0.0332598015666008
3606874880.0,0.03984604403376579
3607812608.0,0.06260267645120621
3608750080.0,0.07186342775821686
3609687552.0,0.08096884191036224
3610625024.0,0.08930269628763199
3611562496.0,0.09756367653608322
3612499968.0,0.10596595704555511
3613437440.0,0.11118710041046143
3614374912.0,0.11729491502046585
3615312384.0,0.12232359498739243
3616250112.0,0.12578469514846802
3617187584.0,0.12883919477462769
3618125056.0,0.13056527078151703
3619062528.0,0.13092957437038422
3620000000.0,0.13043905794620514
3620937472.0,0.1278255581855774
3621874944.0,0.1247287467122078
3622812416.0,0.12113933265209198
3623749888.0,0.11560896039009094
3624687616.0,0.10980968922376633
3625625088.0,0.10316359996795654
3626562560.0,0.09737014025449753
3627500032.0,0.08935438841581345
3628437504.0,0.08211908489465714
3629374976.0,0.07347594946622849
3630312448.0,0.0645315945148468
3631249920.0,0.05558687821030617
3632187392.0,0.0462084524333477
3633125120.0,0.03548087924718857
3634062592.0,0.025726377964019775
3635000064.0,0.01505797915160656
3635937536.0,0.0055150738917291164
3636875008.0,-0.005490946117788553
3637812480.0,-0.015251568518579006
3638749952.0,-0.025063470005989075
3639687424.0,-0.03484203666448593
3640624896.0,-0.04411684721708298
3641562624.0,-0.053075939416885376
3642500096.0,-0.06060285121202469
3643437568.0,-0.06895804405212402
3644375040.0,-0.07592646777629852
3645312512.0,-0.08359305560588837
3646249984.0,-0.0895625427365303
3647187456.0,-0.09524733573198318
3648124928.0,-0.10115018486976624
3649062400.0,-0.10513941198587418
3649999872.0,-0.10868881642818451
3650937600.0,-0.11134595423936844
3651875072.0,-0.11369496583938599
3652812544.0,-0.11532476544380188
3653750016.0,-0.11661723256111145
3654687488.0,-0.11658697575330734
3655624960.0,-0.11636733263731003
3656562432.0,-0.11546696722507477
3657499904.0,-0.11472950130701065
3658437376.0,-0.11306741833686829
3659375104.0,-0.11015388369560242
3660312576.0,-0.10802145302295685
3661250048.0,-0.10533327609300613
3662187520.0,-0.10164564847946167
3663124992.0,-0.09644920378923416
3664062464.0,-0.09311903268098831
3664999936.0,-0.08892639726400375
3665937408.0,-0.08323793858289719
3666874880.0,-0.07801748812198639
3667812608.0,-0.06095031276345253
3668750080.0,-0.060886021703481674
3669687552.0,-0.05910377576947212
3670625024.0,-0.0579589419066906
3671562496.0,-0.05477871745824814
3672499968.0,-0.05116477981209755
3673437440.0,-0.04675121605396271
3674374912.0,-0.042842622846364975
3675312384.0,-0.036394525319337845
3676250112.0,-0.030887853354215622
3677187584.0,-0.023592360317707062
3678125056.0,-0.01649734191596508
3679062528.0,-0.009431389160454273
3680000000.0,-7.962284871609882e-05
3680937472.0,0.008690298534929752
3681874944.0,0.017150796949863434
3682812416.0,0.02678244188427925
3683749888.0,0.03598756343126297
3684687616.0,0.04541206359863281
3685625088.0,0.054774209856987
3686562560.0,0.06274896115064621
3687500032.0,0.07151009887456894
3688437504.0,0.07944521307945251
3689374976.0,0.08611532300710678
3690312448.0,0.0931609719991684
3691249920.0,0.09805742651224136
3692187392.0,0.10322669893503189
3693125120.0,0.10675995796918869
3694062592.0,0.10989696532487869
3695000064.0,0.11187903583049774
3695937536.0,0.1118084192276001
3696875008.0,0.11152965575456619
3697812480.0,0.11080092936754227
3698749952.0,0.10731543600559235
3699687424.0,0.10546795278787613
3700624896.0,0.10067430138587952
3701562624.0,0.09618379175662994
3702500096.0,0.09081888943910599
3703437568.0,0.08471891283988953
3704375040.0,0.07739926129579544
3705312512.0,0.06982167810201645
3706249984.0,0.06109118461608887
3707187456.0,0.053994908928871155
3708124928.0,0.04440844804048538
3709062400.0,0.03571435809135437
3710000128.0,0.026206737384200096
3710937600.0,0.017056263983249664
3711875072.0,0.007724950555711985
3712812544.0,0.00025364189059473574
3713750016.0,-0.00804578885436058
3714687488.0,-0.014939063228666782
3715624960.0,-0.02059750258922577
3716562432.0,-0.025938740000128746
3717499904.0,-0.029478272423148155
3718437376.0,-0.03237947076559067
3719375104.0,-0.036890409886837006
3720312576.0,-0.03888571634888649
3721250048.0,-0.03840448707342148
3722187520.0,-0.03967273235321045
3723124992.0,-0.03810763359069824
3724062464.0,-0.037824779748916626
3724999936.0,-0.035581324249506
3725937408.0,-0.03359004110097885
3726874880.0,-0.032199710607528687
3727812608.0,-0.03516358882188797
3728750080.0,-0.034320417791604996
3729687552.0,-0.03365328907966614
3730625024.0,-0.03246964514255524
3731562496.0,-0.03126628324389458
3732499968.0,-0.030362747609615326
3733437440.0,-0.03093292936682701
3734374912.0,-0.03003089874982834
3735312384.0,-0.03010125458240509
3736250112.0,-0.030912719666957855
3737187584.0,-0.031250305473804474
3738125056.0,-0.033369045704603195
3739062528.0,-0.035791754722595215
3740000000.0,-0.0386774018406868
3740937472.0,-0.04284089431166649
3741874944.0,-0.046865250915288925
3742812416.0,-0.05156853049993515
3743749888.0,-0.05521627143025398
3744687616.0,-0.06038442254066467
3745625088.0,-0.06617993861436844
3746562560.0,-0.07143595814704895
3747500032.0,-0.07627736777067184
3748437504.0,-0.0812971442937851
3749374976.0,-0.08620789647102356
3750312448.0,-0.0913395881652832
3751249920.0,-0.09725849330425262
3752187392.0,-0.10214575380086899
3753125120.0,-0.10767341405153275
3754062592.0,-0.11086911708116531
3755000064.0,-0.11479080468416214
3755937536.0,-0.11590008437633514
3756875008.0,-0.11719905585050583
3757812480.0,-0.11766251176595688
3758749952.0,-0.1167108416557312
3759687424.0,-0.11435413360595703
3760624896.0,-0.11055681109428406
3761562624.0,-0.10600654780864716
3762500096.0,-0.09994204342365265
3763437568.0,-0.09271329641342163
3764375040.0,-0.08410511165857315
3765312512.0,-0.07550502568483353
3766249984.0,-0.06523559987545013
3767187456.0,-0.05546807497739792
3768124928.0,-0.043503012508153915
3769062400.0,-0.03138763830065727
3769999872.0,-0.020290231332182884
3770937600.0,-0.0075869085267186165
3771875072.0,0.002896777121350169
3772812544.0,0.012713219970464706
3773750016.0,0.022862400859594345
3774687488.0,0.03219419717788696
3775624960.0,0.0383843258023262
3776562432.0,0.045525725930929184
3777499904.0,0.050766829401254654
3778437376.0,0.05388324707746506
3779375104.0,0.05652222782373428
3780312576.0,0.05594602972269058
3781250048.0,0.053100235760211945
3782187520.0,0.049745701253414154
3783124992.0,0.04391655698418617
3784062464.0,0.03701849281787872
3784999936.0,0.029609601944684982
3785937408.0,0.020718764513731003
3786874880.0,0.021830448880791664
3787812608.0,0.014353725127875805
3788750080.0,0.004591954406350851
3789687552.0,-0.005054661072790623
3790625024.0,-0.01710708811879158
3791562496.0,-0.029606252908706665
3792499968.0,-0.04061828553676605
3793437440.0,-0.052529361099004745
3794374912.0,-0.06465910375118256
3795312384.0,-0.07551503926515579
3796250112.0,-0.08696621656417847
3797187584.0,-0.09766672551631927
3798125056.0,-0.10726739466190338
3799062528.0,-0.11659300327301025
3800000000.0,-0.12482885271310806
3800937472.0,-0.13204878568649292
3801874944.0,-0.1386673003435135
3802812416.0,-0.1443469375371933
3803749888.0,-0.14918209612369537
3804687616.0,-0.15120163559913635
3805625088.0,-0.15232335031032562
3806562560.0,-0.15165109932422638
3807500032.0,-0.1505899876356125
3808437504.0,-0.14790870249271393
3809374976.0,-0.1430349200963974
3810312448.0,-0.13729768991470337
3811249920.0,-0.13000507652759552
3812187392.0,-0.12266943603754044
3813125120.0,-0.11416853964328766
3814062592.0,-0.10501422733068466
3815000064.0,-0.09501107782125473
3815937536.0,-0.08574157953262329
3816875008.0,-0.07580002397298813
3817812480.0,-0.06546910852193832
3818749952.0,-0.055271685123443604
3819687424.0,-0.045794527977705
3820624896.0,-0.03674449399113655
3821562624.0,-0.02961668372154236
3822500096.0,-0.020008191466331482
3823437568.0,-0.013434475287795067
3824375040.0,-0.006027973257005215
3825312512.0,0.00013844888599123806
3826249984.0,0.004081650637090206
3827187456.0,0.008239161223173141
3828124928.0,0.010526900179684162
3829062400.0,0.012411311268806458
3830000128.0,0.01298263669013977
3830937600.0,0.013264650478959084
3831875072.0,0.011347941122949123
3832812544.0,0.008308345451951027
3833750016.0,0.005337653215974569
3834687488.0,0.001270177075639367
3835624960.0,-0.002447000704705715
3836562432.0,-0.006586185656487942
3837499904.0,-0.011052636429667473
3838437376.0,-0.015132598578929901
3839375104.0,-0.01918656751513481
3840312576.0,-0.022671900689601898
3841250048.0,-0.025710461661219597
3842187520.0,-0.028957722708582878
3843124992.0,-0.03160664066672325
3844062464.0,-0.034575000405311584
3844999936.0,-0.03615952283143997
3845937408.0,-0.03638308867812157
3846874880.0,-0.02937253937125206
3847812608.0,-0.025116289034485817
3848750080.0,-0.021574150770902634
3849687552.0,-0.017454467713832855
3850625024.0,-0.014954504556953907
3851562496.0,-0.012855681590735912
3852499968.0,-0.01057104766368866
3853437440.0,-0.009407066740095615
3854374912.0,-0.008498684503138065
3855312384.0,-0.007854944095015526
3856250112.0,-0.008305679075419903
3857187584.0,-0.008599373511970043
3858125056.0,-0.00896134227514267
3859062528.0,-0.01016147155314684
3860000000.0,-0.01211010105907917
3860937472.0,-0.014079046435654163
3861874944.0,-0.016876498237252235
3862812416.0,-0.019012052565813065
3863749888.0,-0.021380553022027016
3864687616.0,-0.024964064359664917
3865625088.0,-0.027128471061587334
3866562560.0,-0.03026067093014717
3867500032.0,-0.0323747955262661
3868437504.0,-0.035217151045799255
3869374976.0,-0.03723510354757309
3870312448.0,-0.04020489752292633
3871249920.0,-0.043101947754621506
3872187392.0,-0.04622786119580269
3873125120.0,-0.04858514666557312
3874062592.0,-0.049572624266147614
3875000064.0,-0.05092964693903923
3875937536.0,-0.054192204028367996
3876875008.0,-0.05733254551887512
3877812480.0,-0.06015094369649887
3878749952.0,-0.06175326555967331
3879687424.0,-0.06306444108486176
3880624896.0,-0.06488371640443802
3881562624.0,-0.06536023318767548
3882500096.0,-0.06632068008184433
3883437568.0,-0.06603178381919861
3884375040.0,-0.06518770009279251
3885312512.0,-0.06455766409635544
3886249984.0,-0.06571746617555618
3887187456.0,-0.0654703825712204
3888124928.0,-0.06547275185585022
3889062400.0,-0.06500092893838882
3889999872.0,-0.06449421495199203
3890937600.0,-0.06426248699426651
3891875072.0,-0.06468129903078079
3892812544.0,-0.0655536949634552
3893750016.0,-0.06690564006567001
3894687488.0,-0.06922830641269684
3895624960.0,-0.07055984437465668
3896562432.0,-0.07208693772554398
3897499904.0,-0.07383573055267334
3898437376.0,-0.07852066308259964
3899375104.0,-0.08131206035614014
3900312576.0,-0.08509080857038498
3901250048.0,-0.08868694305419922
3902187520.0,-0.09240389615297318
3903124992.0,-0.09701013565063477
3904062464.0,-0.1018400564789772
3904999936.0,-0.10622232407331467
3905937408.0,-0.1108475849032402
3906874880.0,-0.12650318443775177
3907812608.0,-0.13288241624832153
3908750080.0,-0.13898758590221405
3909687552.0,-0.14198662340641022
3910625024.0,-0.14465650916099548
3911562496.0,-0.14522847533226013
3912499968.0,-0.14324019849300385
3913437440.0,-0.1393725574016571
3914374912.0,-0.13312745094299316
3915312384.0,-0.12486918270587921
3916250112.0,-0.1145084947347641
3917187584.0,-0.10396567732095718
3918125056.0,-0.0909840315580368
3919062528.0,-0.07770786434412003
3920000000.0,-0.061430998146533966
3920937472.0,-0.04499289393424988
3921874944.0,-0.02903943881392479
3922812416.0,-0.012079773470759392
3923749888.0,0.0028040925972163677
3924687616.0,0.019683994352817535
3925625088.0,0.03603013604879379
3926562560.0,0.04993016645312309
3927500032.0,0.06269745528697968
3928437504.0,0.07493073493242264
3929374976.0,0.08399098366498947
3930312448.0,0.09304189682006836
3931249920.0,0.09767071157693863
3932187392.0,0.10149506479501724
3933125120.0,0.10213234275579453
3934062592.0,0.10149557143449783
3935000064.0,0.099627286195755
3935937536.0,0.09583837538957596
3936875008.0,0.08991942554712296
3937812480.0,0.08359871059656143
3938749952.0,0.07556761056184769
3939687424.0,0.0680011659860611
3940624896.0,0.05886128917336464
3941562624.0,0.04885197430849075
3942500096.0,0.039395496249198914
3943437568.0,0.030289849266409874
3944375040.0,0.021268198266625404
3945312512.0,0.012445295229554176
3946249984.0,0.00452420674264431
3947187456.0,-0.0020541346166282892
3948124928.0,-0.008388162590563297
3949062400.0,-0.014178541488945484
3950000128.0,-0.017568431794643402
3950937600.0,-0.020965736359357834
3951875072.0,-0.023141246289014816
3952812544.0,-0.02742581069469452
3953750016.0,-0.029882291331887245
3954687488.0,-0.03191313147544861
3955624960.0,-0.03367481008172035
3956562432.0,-0.03446727246046066
3957499904.0,-0.03730999678373337
3958437376.0,-0.03926479443907738
3959375104.0,-0.03994441777467728
3960312576.0,-0.04146206006407738
3961250048.0,-0.04350648447871208
3962187520.0,-0.046738117933273315
3963124992.0,-0.05058026313781738
3964062464.0,-0.05477102845907211
3964999936.0,-0.05868777632713318
3965937408.0,-0.06590410321950912
3966874880.0,-0.08006709069013596
3967812608.0,-0.09281029552221298
3968750080.0,-0.10717562586069107
3969687552.0,-0.12090898305177689
3970625024.0,-0.13453614711761475
3971562496.0,-0.1470939815044403
3972499968.0,-0.16021761298179626
3973437440.0,-0.17123490571975708
3974374912.0,-0.18227215111255646
3975312384.0,-0.19043272733688354
3976250112.0,-0.19723117351531982
3977187584.0,-0.20130351185798645
3978125056.0,-0.20380771160125732
3979062528.0,-0.2068115621805191
3980000000.0,-0.2062690258026123
3980937472.0,-0.2041543871164322
3981874944.0,-0.20036840438842773
3982812416.0,-0.1948329210281372
3983749888.0,-0.1894512176513672
3984687616.0,-0.18105006217956543
3985625088.0,-0.1718977838754654
3986562560.0,-0.16316598653793335
3987500032.0,-0.15115579962730408
3988437504.0,-0.14099813997745514
3989374976.0,-0.12884016335010529
3990312448.0,-0.11514230072498322
3991249920.0,-0.10314081609249115
3992187392.0,-0.09096403419971466
3993125120.0,-0.07858212292194366
3994062592.0,-0.06762859970331192
3995000064.0,-0.05657504126429558
3995937536.0,-0.046400636434555054
3996875008.0,-0.03762040287256241
3997812480.0,-0.030767854303121567
3998749952.0,-0.024920567870140076
3999687424.0,-0.01770314760506153
4000624896.0,-0.02330332063138485
4001562624.0,-0.021045763045549393
4002500096.0,-0.01962566003203392
4003437568.0,-0.020294565707445145
4004375040.0,-0.022167790681123734
4005312512.0,-0.024747271090745926
4006249984.0,-0.02861630916595459
4007187456.0,-0.03344370052218437
4008124928.0,-0.03932073712348938
4009062400.0,-0.04700431600213051
4009999872.0,-0.05362488329410553
4010937600.0,-0.0625741258263588
4011875072.0,-0.07063595950603485
4012812544.0,-0.07969899475574493
4013750016.0,-0.08729958534240723
4014687488.0,-0.09548768401145935
4015624960.0,-0.10368718951940536
4016562432.0,-0.11263469606637955
4017499904.0,-0.1200810968875885
4018437376.0,-0.12647247314453125
4019375104.0,-0.13399256765842438
4020312576.0,-0.14007261395454407
4021250048.0,-0.14563211798667908
4022187520.0,-0.1505436897277832
4023124992.0,-0.1555825173854828
4024062464.0,-0.16060879826545715
4024999936.0,-0.16309446096420288
4025937408.0,-0.16667671501636505
4026874880.0,-0.1599571257829666
4027812608.0,-0.1673555225133896
4028750080.0,-0.17305295169353485
4029687552.0,-0.1804182380437851
4030625024.0,-0.18612508475780487
4031562496.0,-0.19128331542015076
4032499968.0,-0.19507743418216705
4033437440.0,-0.19884508848190308
4034374912.0,-0.20182514190673828
4035312384.0,-0.20329995453357697
4036250112.0,-0.20290999114513397
4037187584.0,-0.20138369500637054
4038125056.0,-0.19930565357208252
4039062528.0,-0.19537973403930664
4040000000.0,-0.19051365554332733
4040937472.0,-0.18652865290641785
4041874944.0,-0.18161708116531372
4042812416.0,-0.17505508661270142
4043749888.0,-0.16590818762779236
4044687616.0,-0.1571510136127472
4045625088.0,-0.14594973623752594
4046562560.0,-0.1335972100496292
4047500032.0,-0.12095363438129425
4048437504.0,-0.10694042593240738
4049374976.0,-0.09241292625665665
4050312448.0,-0.07824477553367615
4051249920.0,-0.06386382132768631
4052187392.0,-0.04952845722436905
4053125120.0,-0.035615552216768265
4054062592.0,-0.02206023782491684
4055000064.0,-0.009263771586120129
4055937536.0,0.0031188444700092077
4056875008.0,0.013750994578003883
4057812480.0,0.023449843749403954
4058749952.0,0.030955085530877113
4059687424.0,0.036425940692424774
4060624896.0,0.04277739301323891
4061562624.0,0.04599073529243469
4062500096.0,0.047810085117816925
4063437568.0,0.047246042639017105
4064375040.0,0.04652096703648567
4065312512.0,0.042637359350919724
4066249984.0,0.03761255741119385
4067187456.0,0.0318734236061573
4068124928.0,0.0230319332331419
4069062400.0,0.01332798320800066
4070000128.0,0.003017363604158163
4070937600.0,-0.0074944868683815
4071875072.0,-0.02017640694975853
4072812544.0,-0.03234589099884033
4073750016.0,-0.04559473320841789
4074687488.0,-0.058111704885959625
4075624960.0,-0.07052630186080933
4076562432.0,-0.08334235846996307
4077499904.0,-0.09468965977430344
4078437376.0,-0.10638156533241272
4079375104.0,-0.11704906076192856
4080312576.0,-0.1257392317056656
4081250048.0,-0.13417629897594452
4082187520.0,-0.1406169980764389
4083124992.0,-0.14736157655715942
4084062464.0,-0.15125387907028198
4084999936.0,-0.15484632551670074
4085937408.0,-0.15633782744407654
4086874880.0,-0.13815122842788696
4087812608.0,-0.13822269439697266
4088750080.0,-0.1366141438484192
4089687552.0,-0.13543257117271423
4090625024.0,-0.1331658959388733
4091562496.0,-0.12943138182163239
4092499968.0,-0.1252903789281845
4093437440.0,-0.12211614102125168
4094374912.0,-0.11570174247026443
4095312384.0,-0.11088420450687408
4096250112.0,-0.10495616495609283
4097187584.0,-0.0989408940076828
4098125056.0,-0.09374155104160309
4099062528.0,-0.08799248933792114
4100000000.0,-0.08170358091592789
4100937472.0,-0.07665687799453735
4101874944.0,-0.07065732032060623
4102812416.0,-0.06531570851802826
4103749888.0,-0.06009790673851967
4104687616.0,-0.05540795251727104
4105625088.0,-0.05074911564588547
4106562560.0,-0.04633886739611626
4107500032.0,-0.042371224611997604
4108437504.0,-0.038442034274339676
4109374976.0,-0.03468218818306923
4110312448.0,-0.03190533071756363
4111249920.0,-0.028723379597067833
4112187392.0,-0.02552032470703125
4113125120.0,-0.02486363984644413
4114062592.0,-0.023318612948060036
4115000064.0,-0.023783082142472267
4115937536.0,-0.023068832233548164
4116875008.0,-0.0218624547123909
4117812480.0,-0.021564610302448273
4118749952.0,-0.02103300765156746
4119687424.0,-0.02212507650256157
4120624896.0,-0.023229531943798065
4121562624.0,-0.024300863966345787
4122500096.0,-0.024528848007321358
4123437568.0,-0.02530696801841259
4124375040.0,-0.0271664559841156
4125312512.0,-0.029491061344742775
4126249984.0,-0.032052066177129745
4127187456.0,-0.03409746289253235
4128124928.0,-0.03606363385915756
4129062400.0,-0.03850332275032997
4129999872.0,-0.04153963923454285
4130937600.0,-0.04545723274350166
4131875072.0,-0.05078484117984772
4132812544.0,-0.055877670645713806
4133750016.0,-0.061310064047575
4134687488.0,-0.06801047176122665
4135624960.0,-0.07389546185731888
4136562432.0,-0.08127687871456146
4137499904.0,-0.08883058279752731
4138437376.0,-0.09687402099370956
4139375104.0,-0.1046006828546524
4140312576.0,-0.11299577355384827
4141250048.0,-0.12033961713314056
4142187520.0,-0.13000674545764923
4143124992.0,-0.13891762495040894
4144062464.0,-0.14763306081295013
4144999936.0,-0.15590810775756836
4145937408.0,-0.16431264579296112
4146874880.0,-0.18427520990371704
4147812608.0,-0.1912059336900711
4148750080.0,-0.1957942098379135
4149687552.0,-0.19887380301952362
4150625024.0,-0.20017805695533752
4151562496.0,-0.1992197185754776
4152499968.0,-0.19629760086536407
4153437440.0,-0.19095002114772797
4154374912.0,-0.18530814349651337
4155312384.0,-0.17653442919254303
4156250112.0,-0.16762728989124298
4157187584.0,-0.15758101642131805
4158125056.0,-0.14652740955352783
4159062528.0,-0.13492701947689056
4160000000.0,-0.12349334359169006
4160937472.0,-0.11148421466350555
4161874944.0,-0.09826967865228653
4162812416.0,-0.08665388822555542
4163749888.0,-0.07417978346347809
4164687616.0,-0.06294452399015427
4165625088.0,-0.05168529227375984
4166562560.0,-0.04082813858985901
4167500032.0,-0.03009265474975109
4168437504.0,-0.02080817148089409
4169374976.0,-0.011472918093204498
4170312448.0,-0.003441029926761985
4171249920.0,0.003404980758205056
4172187392.0,0.009083033539354801
4173125120.0,0.015016219578683376
4174062592.0,0.019636427983641624
4175000064.0,0.022862911224365234
4175937536.0,0.026530420407652855
4176875008.0,0.02972358465194702
4177812480.0,0.030954916030168533
4178749952.0,0.0327925905585289
4179687424.0,0.03441444784402847
4180624896.0,0.03317119553685188
4181562624.0,0.03438596799969673
4182500096.0,0.033287618309259415
4183437568.0,0.032379522919654846
4184375040.0,0.029536304995417595
4185312512.0,0.02683919109404087
4186249984.0,0.02517825923860073
4187187456.0,0.0212875884026289
4188124928.0,0.01686980575323105
4189062400.0,0.011951594613492489
4190000128.0,0.007285897620022297
4190937600.0,0.0005540169076994061
4191875072.0,-0.0061747850850224495
4192812544.0,-0.013489359989762306
4193750016.0,-0.021752122789621353
4194687488.0,-0.029684823006391525
4195624960.0,-0.03922397270798683
4196562432.0,-0.04836912453174591
4197499904.0,-0.05832907184958458
4198437376.0,-0.06896527111530304
4199375104.0,-0.08003481477499008
4200312576.0,-0.09098300337791443
4201250048.0,-0.1029183566570282
4202187520.0,-0.11521630734205246
4203124992.0,-0.12770521640777588
4204062464.0,-0.13992993533611298
4204999936.0,-0.1526641994714737
4205937408.0,-0.16566795110702515
4206874880.0,-0.16726373136043549
4207812608.0,-0.17956814169883728
4208750080.0,-0.19172707200050354
4209687552.0,-0.2032751888036728
4210625024.0,-0.21381351351737976
4211562496.0,-0.2236914485692978
4212499968.0,-0.2316311001777649
4213437440.0,-0.23781812191009521
4214374912.0,-0.24257832765579224
4215312384.0,-0.24670392274856567
4216250112.0,-0.246927410364151
4217187584.0,-0.2443704903125763
4218125056.0,-0.24167008697986603
4219062528.0,-0.23456613719463348
4220000000.0,-0.22550466656684875
4220937472.0,-0.2163505256175995
4221874944.0,-0.2031765878200531
4222812416.0,-0.1890641301870346
4223749888.0,-0.17245639860630035
4224687616.0,-0.15428785979747772
4225625088.0,-0.1349651962518692
4226562560.0,-0.1152668297290802
4227500032.0,-0.09339607506990433
4228437504.0,-0.07026483118534088
4229374976.0,-0.046559207141399384
4230312448.0,-0.023968739435076714
4231249920.0,-0.0007874608272686601
4232187392.0,0.021076248958706856
4233125120.0,0.04241548478603363
4234062592.0,0.06213809922337532
4235000064.0,0.08042765408754349
4235937536.0,0.09811507910490036
4236875008.0,0.11173579841852188
4237812480.0,0.12349087744951248
4238749952.0,0.13346301019191742
4239687424.0,0.14003340899944305
4240624896.0,0.14481979608535767
4241562624.0,0.1457345336675644
4242500096.0,0.14524014294147491
4243437568.0,0.14130228757858276
4244375040.0,0.13552449643611908
4245312512.0,0.12737448513507843
4246249984.0,0.11823094636201859
4247187456.0,0.10596280544996262
4248124928.0,0.09221195429563522
4249062400.0,0.07690548896789551
4249999872.0,0.062055885791778564
4250937600.0,0.04487166926264763
4251875072.0,0.02733633480966091
4252812544.0,0.00930409599095583
4253750016.0,-0.009560154750943184
4254687488.0,-0.028192970901727676
4255624960.0,-0.04724900797009468
4256562432.0,-0.06632401794195175
4257499904.0,-0.08445639908313751
4258437376.0,-0.1017719954252243
4259375104.0,-0.11843831092119217
4260312576.0,-0.13466604053974152
4261250048.0,-0.1516484022140503
4262187520.0,-0.16790789365768433
4263124992.0,-0.18252164125442505
4264062464.0,-0.1966957151889801
4264999936.0,-0.2110021561384201
4265937408.0,-0.2250281274318695
4266874880.0,-0.23710951209068298
4267812608.0,-0.24122363328933716
4268750080.0,-0.24678942561149597
4269687552.0,-0.2524832785129547
4270625024.0,-0.2571044862270355
4271562496.0,-0.2620151937007904
4272499968.0,-0.2671608328819275
4273437440.0,-0.27150511741638184
4274374912.0,-0.27492162585258484
4275312384.0,-0.27660897374153137
4276250112.0,-0.2761453092098236
4277187584.0,-0.2755536437034607
4278125056.0,-0.2734265923500061
4279062528.0,-0.26878854632377625
4280000000.0,-0.26199930906295776
4280937472.0,-0.2544448971748352
4281874944.0,-0.24326571822166443
4282812416.0,-0.23130501806735992
4283749888.0,-0.21683531999588013
4284687616.0,-0.20101000368595123
4285625088.0,-0.18425466120243073
4286562560.0,-0.16417984664440155
4287500032.0,-0.1442396640777588
4288437504.0,-0.12240078300237656
4289374976.0,-0.09996623545885086
4290312448.0,-0.07722802460193634
4291249920.0,-0.05310871824622154
4292187392.0,-0.030021244660019875
4293125120.0,-0.0057418872602283955
4294062592.0,0.01750081777572632
4295000064.0,0.04014447703957558
4295937536.0,0.061942730098962784
4296875008.0,0.08297525346279144
4297812480.0,0.10190141946077347
4298749952.0,0.12001409381628036
4299687424.0,0.13578692078590393
4300624896.0,0.14876767992973328
4301562368.0,0.1601448804140091
4302499840.0,0.16986294090747833
4303437312.0,0.1758618950843811
4304374784.0,0.180402472615242
4305312256.0,0.18139047920703888
4306250240.0,0.17947611212730408
4307187712.0,0.17357182502746582
4308125184.0,0.16595138609409332
4309062656.0,0.15523207187652588
4310000128.0,0.1407473385334015
4310937600.0,0.1247030720114708
4311875072.0,0.10563050955533981
4312812544.0,0.08370834589004517
4313750016.0,0.05976106971502304
4314687488.0,0.03428022190928459
4315624960.0,0.0064245061948895454
4316562432.0,-0.022201446816325188
4317499904.0,-0.05082022026181221
4318437376.0,-0.08124516904354095
4319374848.0,-0.11127393692731857
4320312320.0,-0.14046061038970947
4321249792.0,-0.16963784396648407
4322187264.0,-0.1980743110179901
4323125248.0,-0.22589904069900513
4324062720.0,-0.2499433308839798
4325000192.0,-0.27243131399154663
4325937664.0,-0.2937232553958893
4326875136.0,-0.3317577540874481
4327812608.0,-0.3254319429397583
4328750080.0,-0.32010331749916077
4329687552.0,-0.3126702904701233
4330625024.0,-0.3045070171356201
4331562496.0,-0.29704758524894714
4332499968.0,-0.2887154519557953
4333437440.0,-0.2814781367778778
4334374912.0,-0.274222195148468
4335312384.0,-0.2665657699108124
4336249856.0,-0.2598978877067566
4337187328.0,-0.2532784640789032
4338124800.0,-0.24784113466739655
4339062272.0,-0.24224862456321716
4339999744.0,-0.2371368408203125
4340937728.0,-0.23381051421165466
4341875200.0,-0.22832879424095154
4342812672.0,-0.22417372465133667
4343750144.0,-0.21868671476840973
4344687616.0,-0.2132459580898285
4345625088.0,-0.20787952840328217
4346562560.0,-0.20262183248996735
4347500032.0,-0.19548550248146057
4348437504.0,-0.1874421089887619
4349374976.0,-0.1791134625673294
4350312448.0,-0.16972452402114868
4351249920.0,-0.15885882079601288
4352187392.0,-0.14655859768390656
4353124864.0,-0.13225583732128143
4354062336.0,-0.11654993146657944
4354999808.0,-0.10176622867584229
4355937280.0,-0.08461758494377136
4356874752.0,-0.0681927278637886
4357812736.0,-0.051910631358623505
4358750208.0,-0.03637465834617615
4359687680.0,-0.025772783905267715
4360625152.0,-0.01671876758337021
4361562624.0,-0.01135902851819992
4362500096.0,-0.007870358414947987
4363437568.0,-0.0050077298656105995
4364375040.0,-0.0032371156848967075
4365312512.0,-0.001651608501560986
4366249984.0,-0.001738578430376947
4367187456.0,-0.0011820443905889988
4368124928.0,-0.0016938657499849796
4369062400.0,-0.0036854285281151533
4369999872.0,-0.004399207886308432
4370937344.0,-0.006824190728366375
4371874816.0,-0.010223748162388802
4372812288.0,-0.013895822688937187
4373749760.0,-0.01898512803018093
4374687744.0,-0.025696098804473877
4375625216.0,-0.03291234001517296
4376562688.0,-0.04323369264602661
4377500160.0,-0.05410914495587349
4378437632.0,-0.06805822253227234
4379375104.0,-0.08356573432683945
4380312576.0,-0.0997934490442276
4381250048.0,-0.11777029931545258
4382187520.0,-0.13762763142585754
4383124992.0,-0.15907277166843414
4384062464.0,-0.18041333556175232
4384999936.0,-0.20475336909294128
4385937408.0,-0.2278299629688263
4386874880.0,-0.32046404480934143
4387812352.0,-0.3347299098968506
4388749824.0,-0.3492848575115204
4389687296.0,-0.3591996729373932
4390624768.0,-0.3681042492389679
4391562752.0,-0.3731788694858551
4392500224.0,-0.3764355182647705
4393437696.0,-0.37533146142959595
4394375168.0,-0.3714720606803894
4395312640.0,-0.36544138193130493
4396250112.0,-0.35560673475265503
4397187584.0,-0.3411853015422821
4398125056.0,-0.323555588722229
4399062528.0,-0.30418720841407776
4400000000.0,-0.28232473134994507
4400937472.0,-0.2565617561340332
4401874944.0,-0.22820797562599182
4402812416.0,-0.1999644935131073
4403749888.0,-0.1691855788230896
4404687360.0,-0.1375938504934311
4405624832.0,-0.10544513911008835
4406562304.0,-0.07213620096445084
4407499776.0,-0.04055701941251755
4408437248.0,-0.008639640174806118
4409375232.0,0.021733257919549942
4410312704.0,0.05147991329431534
4411250176.0,0.07835449278354645
4412187648.0,0.10471519827842712
4413125120.0,0.12780199944972992
4414062592.0,0.14771443605422974
4415000064.0,0.1649167686700821
4415937536.0,0.17912745475769043
4416875008.0,0.18926027417182922
4417812480.0,0.1972864270210266
4418749952.0,0.20093317329883575
4419687424.0,0.20118504762649536
4420624896.0,0.19932670891284943
4421562368.0,0.1926461160182953
4422499840.0,0.18299950659275055
4423437312.0,0.17057102918624878
4424374784.0,0.1560392528772354
4425312256.0,0.13660946488380432
4426250240.0,0.11673200875520706
4427187712.0,0.09388184547424316
4428125184.0,0.06993803381919861
4429062656.0,0.04460795223712921
4430000128.0,0.016874229535460472
4430937600.0,-0.008545679040253162
4431875072.0,-0.036281485110521317
4432812544.0,-0.06310529261827469
4433750016.0,-0.08885104209184647
4434687488.0,-0.11422375589609146
4435624960.0,-0.13814683258533478
4436562432.0,-0.16081438958644867
4437499904.0,-0.18231932818889618
4438437376.0,-0.20101287961006165
4439374848.0,-0.21779775619506836
4440312320.0,-0.2315167486667633
4441249792.0,-0.2420831173658371
4442187264.0,-0.2509630620479584
4443125248.0,-0.25692468881607056
4444062720.0,-0.2595409154891968
4445000192.0,-0.2615239918231964
4445937664.0,-0.2618332803249359
4446875136.0,-0.20412883162498474
4447812608.0,-0.20937256515026093
4448750080.0,-0.21072238683700562
4449687552.0,-0.2109539955854416
4450625024.0,-0.20791523158550262
4451562496.0,-0.2020328789949417
4452499968.0,-0.1932612508535385
4453437440.0,-0.18196801841259003
4454374912.0,-0.16783662140369415
4455312384.0,-0.15134383738040924
4456249856.0,-0.13243789970874786
4457187328.0,-0.11254160851240158
4458124800.0,-0.09209175407886505
4459062272.0,-0.0688585489988327
4460000256.0,-0.04673090949654579
4460937728.0,-0.024168042466044426
4461875200.0,-0.0011383694363757968
4462812672.0,0.020314110442996025
4463750144.0,0.04086093604564667
4464687616.0,0.059918466955423355
4465625088.0,0.07862062752246857
4466562560.0,0.09363352507352829
4467500032.0,0.10838120430707932
4468437504.0,0.11864319443702698
4469374976.0,0.12799113988876343
4470312448.0,0.1328383982181549
4471249920.0,0.1353454291820526
4472187392.0,0.13503582775592804
4473124864.0,0.13143737614154816
4474062336.0,0.1250174343585968
4474999808.0,0.11575301736593246
4475937280.0,0.10304132103919983
4476874752.0,0.08862883597612381
4477812736.0,0.07086048275232315
4478750208.0,0.05195232108235359
4479687680.0,0.02974233590066433
4480625152.0,0.0062899901531636715
4481562624.0,-0.01856282725930214
4482500096.0,-0.04585094377398491
4483437568.0,-0.07379830628633499
4484375040.0,-0.10044598579406738
4485312512.0,-0.12991394102573395
4486249984.0,-0.1575397104024887
4487187456.0,-0.18505319952964783
4488124928.0,-0.2123875468969345
4489062400.0,-0.23742176592350006
4489999872.0,-0.26111212372779846
4490937344.0,-0.28351840376853943
4491874816.0,-0.30409857630729675
4492812288.0,-0.32402706146240234
4493749760.0,-0.34056752920150757
4494687744.0,-0.3546924293041229
4495625216.0,-0.3682229220867157
4496562688.0,-0.3788498044013977
4497500160.0,-0.38649195432662964
4498437632.0,-0.3930036425590515
4499375104.0,-0.39679253101348877
4500312576.0,-0.3994234800338745
4501250048.0,-0.40016379952430725
4502187520.0,-0.39951592683792114
4503124992.0,-0.3953511714935303
4504062464.0,-0.39331960678100586
4504999936.0,-0.39090633392333984
4505937408.0,-0.38704386353492737
4506874880.0,-0.2675327956676483
4507812352.0,-0.2654401957988739
4508749824.0,-0.26299864053726196
4509687296.0,-0.2613295316696167
4510624768.0,-0.2613619565963745
4511562752.0,-0.26186779141426086
4512500224.0,-0.263376384973526
4513437696.0,-0.26519086956977844
4514375168.0,-0.2682936191558838
4515312640.0,-0.2726542055606842
4516250112.0,-0.27630487084388733
4517187584.0,-0.28233370184898376
4518125056.0,-0.2886103093624115
4519062528.0,-0.2963257431983948
4520000000.0,-0.3034646511077881
4520937472.0,-0.3127549886703491
4521874944.0,-0.32207170128822327
4522812416.0,-0.3313096761703491
4523749888.0,-0.3403964638710022
4524687360.0,-0.34971144795417786
4525624832.0,-0.3594971299171448
4526562304.0,-0.3678278625011444
4527499776.0,-0.3758111298084259
4528437248.0,-0.3838109076023102
4529375232.0,-0.3926268517971039
4530312704.0,-0.3996192216873169
4531250176.0,-0.40661269426345825
4532187648.0,-0.4143167734146118
4533125120.0,-0.4206683933734894
4534062592.0,-0.42703551054000854
4535000064.0,-0.43255600333213806
4535937536.0,-0.4369649291038513
4536875008.0,-0.44124117493629456
4537812480.0,-0.44320714473724365
4538749952.0,-0.44586557149887085
4539687424.0,-0.4488145709037781
4540624896.0,-0.4495604932308197
4541562368.0,-0.4489961862564087
4542499840.0,-0.44867053627967834
4543437312.0,-0.4468382000923157
4544374784.0,-0.44464337825775146
4545312256.0,-0.4417766034603119
4546250240.0,-0.4392632842063904
4547187712.0,-0.4362649917602539
4548125184.0,-0.43325430154800415
4549062656.0,-0.42976170778274536
4550000128.0,-0.42610207200050354
4550937600.0,-0.42405232787132263
4551875072.0,-0.42110946774482727
4552812544.0,-0.41784220933914185
4553750016.0,-0.4148986041545868
4554687488.0,-0.4124365448951721
4555624960.0,-0.4109351336956024
4556562432.0,-0.4099254310131073
4557499904.0,-0.4085374176502228
4558437376.0,-0.40716856718063354
4559374848.0,-0.4059470295906067
4560312320.0,-0.4055650234222412
4561249792.0,-0.4037523567676544
4562187264.0,-0.4046581983566284
4563125248.0,-0.4027114510536194
4564062720.0,-0.4019906222820282
4565000192.0,-0.40035852789878845
4565937664.0,-0.3980117440223694
4566875136.0,-0.3502005636692047
4567812608.0,-0.3568403422832489
4568750080.0,-0.3622857928276062
4569687552.0,-0.36602339148521423
4570625024.0,-0.36728107929229736
4571562496.0,-0.36681416630744934
4572499968.0,-0.3647403419017792
4573437440.0,-0.35978999733924866
4574374912.0,-0.3539620339870453
4575312384.0,-0.3446851372718811
4576249856.0,-0.33439111709594727
4577187328.0,-0.32160189747810364
4578124800.0,-0.30821090936660767
4579062272.0,-0.2915096580982208
4579999744.0,-0.2727690637111664
4580937728.0,-0.2535223066806793
4581875200.0,-0.2327323704957962
4582812672.0,-0.21005196869373322
4583750144.0,-0.1876758635044098
4584687616.0,-0.16512133181095123
4585625088.0,-0.14210441708564758
4586562560.0,-0.11990025639533997
4587500032.0,-0.09809500724077225
4588437504.0,-0.07691880315542221
4589374976.0,-0.05646321177482605
4590312448.0,-0.0384342186152935
4591249920.0,-0.02095048502087593
4592187392.0,-0.005619416944682598
4593124864.0,0.008233150467276573
4594062336.0,0.01928047277033329
4594999808.0,0.028428833931684494
4595937280.0,0.033622898161411285
4596874752.0,0.03683021664619446
4597812736.0,0.03745632246136665
4598750208.0,0.03558654338121414
4599687680.0,0.030697569251060486
4600625152.0,0.023379845544695854
4601562624.0,0.014782369136810303
4602500096.0,0.002411620458588004
4603437568.0,-0.010454104281961918
4604375040.0,-0.027349088340997696
4605312512.0,-0.0439453199505806
4606249984.0,-0.06314188241958618
4607187456.0,-0.08428385853767395
4608124928.0,-0.10576307773590088
4609062400.0,-0.12824970483779907
4609999872.0,-0.1501588076353073
4610937344.0,-0.17275124788284302
4611874816.0,-0.19486048817634583
4612812288.0,-0.21650859713554382
4613749760.0,-0.23745650053024292
4614687744.0,-0.2578015923500061
4615625216.0,-0.275949627161026
4616562688.0,-0.2952490448951721
4617500160.0,-0.31215375661849976
4618437632.0,-0.3269714117050171
4619375104.0,-0.3411124050617218
4620312576.0,-0.3547389507293701
4621250048.0,-0.366143137216568
4622187520.0,-0.3781210482120514
4623124992.0,-0.38925468921661377
4624062464.0,-0.3996042013168335
4624999936.0,-0.4079374074935913
4625937408.0,-0.4158443808555603
4626874880.0,-0.4308590292930603
4627812352.0,-0.4262489378452301
4628749824.0,-0.41955041885375977
4629687296.0,-0.41176167130470276
4630624768.0,-0.404579758644104
4631562752.0,-0.3959621489048004
4632500224.0,-0.3873668909072876
4633437696.0,-0.3777158260345459
4634375168.0,-0.36834102869033813
4635312640.0,-0.3582977056503296
4636250112.0,-0.3473062813282013
4637187584.0,-0.3383146822452545
4638125056.0,-0.3302363157272339
4639062528.0,-0.3221496045589447
4640000000.0,-0.3130936324596405
4640937472.0,-0.3063115179538727
4641874944.0,-0.3006848394870758
4642812416.0,-0.2950020730495453
4643749888.0,-0.29095301032066345
4644687360.0,-0.28842800855636597
4645624832.0,-0.28598853945732117
4646562304.0,-0.2871626913547516
4647499776.0,-0.2889178395271301
4648437248.0,-0.29085758328437805
4649375232.0,-0.29404017329216003
4650312704.0,-0.2976568341255188
4651250176.0,-0.3031167685985565
4652187648.0,-0.3073060214519501
4653125120.0,-0.3138732314109802
4654062592.0,-0.3207758367061615
4655000064.0,-0.3306880295276642
4655937536.0,-0.3401368260383606
4656875008.0,-0.35056567192077637
4657812480.0,-0.3611489236354828
4658749952.0,-0.37235236167907715
4659687424.0,-0.3842587471008301
4660624896.0,-0.3970000743865967
4661562368.0,-0.4091123342514038
4662499840.0,-0.4221944212913513
4663437312.0,-0.4359978139400482
4664374784.0,-0.44952017068862915
4665312256.0,-0.46476855874061584
4666250240.0,-0.4787333309650421
4667187712.0,-0.4944511950016022
4668125184.0,-0.5105500221252441
4669062656.0,-0.5251087546348572
4670000128.0,-0.5397568941116333
4670937600.0,-0.5545108318328857
4671875072.0,-0.5695180296897888
4672812544.0,-0.5830222368240356
4673750016.0,-0.5964219570159912
4674687488.0,-0.608856737613678
4675624960.0,-0.6213827729225159
4676562432.0,-0.6323424577713013
4677499904.0,-0.6435452699661255
4678437376.0,-0.6555275321006775
4679374848.0,-0.6643416881561279
4680312320.0,-0.6740427017211914
4681249792.0,-0.681106686592102
4682187264.0,-0.6862285137176514
4683125248.0,-0.6904163956642151
4684062720.0,-0.692624032497406
4685000192.0,-0.6944869160652161
4685937664.0,-0.6927918195724487
4686875136.0,-0.6687853932380676
4687812608.0,-0.668538510799408
4688750080.0,-0.6652988791465759
4689687552.0,-0.6597067713737488
4690625024.0,-0.6499610543251038
4691562496.0,-0.6389766335487366
4692499968.0,-0.6257727742195129
4693437440.0,-0.6089882850646973
4694374912.0,-0.5920817255973816
4695312384.0,-0.5716438889503479
4696249856.0,-0.5497655272483826
4697187328.0,-0.5274083018302917
4698124800.0,-0.5039209723472595
4699062272.0,-0.47978708148002625
4700000256.0,-0.4566439688205719
4700937728.0,-0.4352093040943146
4701875200.0,-0.41427794098854065
4702812672.0,-0.39347249269485474
4703750144.0,-0.37603896856307983
4704687616.0,-0.36047208309173584
4705625088.0,-0.3491576313972473
4706562560.0,-0.33980515599250793
4707500032.0,-0.33465373516082764
4708437504.0,-0.33394306898117065
4709374976.0,-0.3367663323879242
4710312448.0,-0.344940721988678
4711249920.0,-0.35922005772590637
4712187392.0,-0.3771685063838959
4713124864.0,-0.40050435066223145
4714062336.0,-0.4286540448665619
4714999808.0,-0.46066921949386597
4715937280.0,-0.4964146614074707
4716874752.0,-0.5362483859062195
4717812736.0,-0.5794427990913391
4718750208.0,-0.6245120763778687
4719687680.0,-0.6725836992263794
4720625152.0,-0.7219038009643555
4721562624.0,-0.7700355052947998
4722500096.0,-0.81955486536026
4723437568.0,-0.8665145635604858
4724375040.0,-0.912649929523468
4725312512.0,-0.9566193222999573
4726249984.0,-0.9966257214546204
4727187456.0,-1.0328305959701538
4728124928.0,-1.0646755695343018
4729062400.0,-1.091981053352356
4729999872.0,-1.114854335784912
4730937344.0,-1.134452223777771
4731874816.0,-1.1489733457565308
4732812288.0,-1.1600273847579956
4733749760.0,-1.1651710271835327
4734687744.0,-1.1694601774215698
4735625216.0,-1.1690577268600464
4736562688.0,-1.1665211915969849
4737500160.0,-1.1607190370559692
4738437632.0,-1.152237057685852
4739375104.0,-1.1431975364685059
4740312576.0,-1.131853699684143
4741250048.0,-1.1208469867706299
4742187520.0,-1.1073559522628784
4743124992.0,-1.0943927764892578
4744062464.0,-1.0795210599899292
4744999936.0,-1.0656541585922241
4745937408.0,-1.0507994890213013
4746874880.0,-0.80314701795578
4747812352.0,-0.8096797466278076
4748749824.0,-0.8164657354354858
4749687296.0,-0.8226587772369385
4750624768.0,-0.8297576904296875
4751562752.0,-0.8358685374259949
4752500224.0,-0.8414456844329834
4753437696.0,-0.8473113179206848
4754375168.0,-0.8515118956565857
4755312640.0,-0.8560060262680054
4756250112.0,-0.8583393096923828
4757187584.0,-0.8607239723205566
4758125056.0,-0.8602849841117859
4759062528.0,-0.8610542416572571
4760000000.0,-0.8596721291542053
4760937472.0,-0.8574737906455994
4761874944.0,-0.8563389182090759
4762812416.0,-0.8524110317230225
4763749888.0,-0.8492904305458069
4764687360.0,-0.8449880480766296
4765624832.0,-0.8399034738540649
4766562304.0,-0.8345456123352051
4767499776.0,-0.8291751742362976
4768437248.0,-0.8223265409469604
4769375232.0,-0.8164947628974915
4770312704.0,-0.8093987703323364
4771250176.0,-0.8041177988052368
4772187648.0,-0.7980519533157349
4773125120.0,-0.7934660315513611
4774062592.0,-0.790154755115509
4775000064.0,-0.7876749634742737
4775937536.0,-0.7859504818916321
4776875008.0,-0.7856700420379639
4777812480.0,-0.786795437335968
4778749952.0,-0.7900562882423401
4779687424.0,-0.7958551645278931
4780624896.0,-0.8027411103248596
4781562368.0,-0.8119903802871704
4782499840.0,-0.8229672908782959
4783437312.0,-0.8349841833114624
4784374784.0,-0.8495147228240967
4785312256.0,-0.8653987050056458
4786250240.0,-0.8839510679244995
4787187712.0,-0.9045978784561157
4788125184.0,-0.9269521236419678
4789062656.0,-0.9508317708969116
4790000128.0,-0.9753344058990479
4790937600.0,-1.0011916160583496
4791875072.0,-1.0279371738433838
4792812544.0,-1.0548335313796997
4793750016.0,-1.0831141471862793
4794687488.0,-1.1119476556777954
4795624960.0,-1.1388581991195679
4796562432.0,-1.1666946411132812
4797499904.0,-1.1936759948730469
4798437376.0,-1.2198514938354492
4799374848.0,-1.2447272539138794
4800312320.0,-1.2673078775405884
4801249792.0,-1.2888383865356445
4802187264.0,-1.3083126544952393
4803125248.0,-1.3262298107147217
4804062720.0,-1.3415175676345825
4805000192.0,-1.353370189666748
4805937664.0,-1.3658980131149292
4806875136.0,-1.223544955253601
4807812608.0,-1.2292630672454834
4808750080.0,-1.2335532903671265
4809687552.0,-1.236488699913025
4810625024.0,-1.2356414794921875
4811562496.0,-1.233806848526001
4812499968.0,-1.231322169303894
4813437440.0,-1.226935863494873
4814374912.0,-1.2217165231704712
4815312384.0,-1.2162986993789673
4816249856.0,-1.2096835374832153
4817187328.0,-1.202285885810852
4818124800.0,-1.1955958604812622
4819062272.0,-1.1887307167053223
4819999744.0,-1.1838886737823486
4820937728.0,-1.1775678396224976
4821875200.0,-1.1730337142944336
4822812672.0,-1.1700371503829956
4823750144.0,-1.1676700115203857
4824687616.0,-1.1666841506958008
4825625088.0,-1.1676267385482788
4826562560.0,-1.1689791679382324
4827500032.0,-1.1724718809127808
4828437504.0,-1.178447961807251
4829374976.0,-1.1860401630401611
4830312448.0,-1.1960595846176147
4831249920.0,-1.2080914974212646
4832187392.0,-1.2204864025115967
4833124864.0,-1.2343590259552002
4834062336.0,-1.2506904602050781
4834999808.0,-1.2673795223236084
4835937280.0,-1.2851316928863525
4836874752.0,-1.3047384023666382
4837812736.0,-1.3254667520523071
4838750208.0,-1.3462305068969727
4839687680.0,-1.3692145347595215
4840625152.0,-1.3922945261001587
4841562624.0,-1.4146075248718262
4842500096.0,-1.4361851215362549
4843437568.0,-1.4574393033981323
4844375040.0,-1.4776816368103027
4845312512.0,-1.4961248636245728
4846249984.0,-1.51414155960083
4847187456.0,-1.5300296545028687
4848124928.0,-1.5451563596725464
4849062400.0,-1.5597563982009888
4849999872.0,-1.5730555057525635
4850937344.0,-1.5846474170684814
4851874816.0,-1.5943355560302734
4852812288.0,-1.6026928424835205
4853749760.0,-1.6099776029586792
4854687744.0,-1.6165399551391602
4855625216.0,-1.6214319467544556
4856562688.0,-1.6262540817260742
4857500160.0,-1.6307648420333862
4858437632.0,-1.6347301006317139
4859375104.0,-1.6381653547286987
4860312576.0,-1.6435796022415161
4861250048.0,-1.6476939916610718
4862187520.0,-1.6522592306137085
4863124992.0,-1.657549262046814
4864062464.0,-1.6616019010543823
4864999936.0,-1.6648706197738647
4865937408.0,-1.6680257320404053
4866874880.0,-1.6504417657852173
4867812352.0,-1.654118537902832
4868749824.0,-1.6583490371704102
4869687296.0,-1.6625546216964722
4870624768.0,-1.6666280031204224
4871562752.0,-1.6722081899642944
4872500224.0,-1.6778008937835693
4873437696.0,-1.684833288192749
4874375168.0,-1.693082571029663
4875312640.0,-1.7015162706375122
4876250112.0,-1.711076021194458
4877187584.0,-1.720962643623352
4878125056.0,-1.731796383857727
4879062528.0,-1.7430733442306519
4880000000.0,-1.7559826374053955
4880937472.0,-1.7684080600738525
4881874944.0,-1.7809890508651733
4882812416.0,-1.7948788404464722
4883749888.0,-1.8088113069534302
4884687360.0,-1.8238842487335205
4885624832.0,-1.8375052213668823
4886562304.0,-1.8504387140274048
4887499776.0,-1.862127661705017
4888437248.0,-1.87272047996521
4889375232.0,-1.8806302547454834
4890312704.0,-1.887455701828003
4891250176.0,-1.8912307024002075
4892187648.0,-1.8933578729629517
4893125120.0,-1.8903752565383911
4894062592.0,-1.8862732648849487
4895000064.0,-1.877705454826355
4895937536.0,-1.8688117265701294
4896875008.0,-1.8561108112335205
4897812480.0,-1.8415640592575073
4898749952.0,-1.8244481086730957
4899687424.0,-1.805601716041565
4900624896.0,-1.785810947418213
4901562368.0,-1.76335871219635
4902499840.0,-1.7391859292984009
4903437312.0,-1.7136605978012085
4904374784.0,-1.6861058473587036
4905312256.0,-1.6594183444976807
4906250240.0,-1.6314629316329956
4907187712.0,-1.6036299467086792
4908125184.0,-1.5764708518981934
4909062656.0,-1.5500869750976562
4910000128.0,-1.5256417989730835
4910937600.0,-1.5021984577178955
4911875072.0,-1.4810245037078857
4912812544.0,-1.4639959335327148
4913750016.0,-1.4461416006088257
4914687488.0,-1.4314501285552979
4915624960.0,-1.4183650016784668
4916562432.0,-1.4071290493011475
4917499904.0,-1.3985795974731445
4918437376.0,-1.3941538333892822
4919374848.0,-1.3903218507766724
4920312320.0,-1.388808250427246
4921249792.0,-1.3890401124954224
4922187264.0,-1.3417402505874634
4923125248.0,-1.3288432359695435
4924062720.0,-1.3189592361450195
4925000192.0,-1.3089795112609863
4925937664.0,-1.411574363708496
4926875136.0,-1.4168556928634644
4927812608.0,-1.4224916696548462
4928750080.0,-1.427375078201294
4929687552.0,-1.4307514429092407
4930625024.0,-1.4334825277328491
4931562496.0,-1.4348946809768677
4932499968.0,-1.4337648153305054
4933437440.0,-1.4295039176940918
4934374912.0,-1.4243203401565552
4935312384.0,-1.4143821001052856
4936249856.0,-1.4046162366867065
4937187328.0,-1.3919934034347534
4938124800.0,-1.37699294090271
4939062272.0,-1.3603920936584473
4940000256.0,-1.3403124809265137
4940937728.0,-1.320015788078308
4941875200.0,-1.2967902421951294
4942812672.0,-1.2746391296386719
4943750144.0,-1.2507145404815674
4944687616.0,-1.2265349626541138
4945625088.0,-1.2034120559692383
4946562560.0,-1.1809947490692139
4947500032.0,-1.158629059791565
4948437504.0,-1.1375882625579834
4949374976.0,-1.1177788972854614
4950312448.0,-1.1018465757369995
4951249920.0,-1.0857305526733398
4952187392.0,-1.0727224349975586
4953124864.0,-1.0616295337677002
4954062336.0,-1.0537837743759155
4954999808.0,-1.0469861030578613
4955937280.0,-1.041789174079895
4956874752.0,-1.0377883911132812
4957812736.0,-1.0343974828720093
4958750208.0,-1.0329608917236328
4959687680.0,-1.0302125215530396
4960625152.0,-1.028688669204712
4961562624.0,-1.026513695716858
4962500096.0,-1.0246912240982056
4963437568.0,-1.0214253664016724
4964375040.0,-1.01646888256073
4965312512.0,-1.011634111404419
4966249984.0,-1.0046427249908447
4967187456.0,-0.9981649518013
4968124928.0,-0.9897624850273132
4969062400.0,-0.9810023307800293
4969999872.0,-0.9724794626235962
4970937344.0,-0.962722897529602
4971874816.0,-0.9526290893554688
4972812288.0,-0.944240391254425
4973749760.0,-0.9343836307525635
4974687744.0,-0.9250470399856567
4975625216.0,-0.9172942042350769
4976562688.0,-0.9084779024124146
4977500160.0,-0.9010738730430603
4978437632.0,-0.8937825560569763
4979375104.0,-0.8863826394081116
4980312576.0,-0.8785249590873718
4981250048.0,-0.8703165054321289
4982187520.0,-0.8617408275604248
4983124992.0,-0.8526087999343872
4984062464.0,-0.8427272439002991
4984999936.0,-0.833186686038971
4985937408.0,-0.809794545173645
4986874880.0,-0.7988346815109253
4987812352.0,-0.7909022569656372
4988749824.0,-0.7833318114280701
4989687296.0,-0.7766228914260864
4990624768.0,-0.7715950608253479
4991562752.0,-0.7685704827308655
4992500224.0,-0.7655553817749023
4993437696.0,-0.7640653252601624
4994375168.0,-0.763902485370636
4995312640.0,-0.7659262418746948
4996250112.0,-0.767926812171936
4997187584.0,-0.771272599697113
4998125056.0,-0.7757404446601868
4999062528.0,-0.7828393578529358
5000000000.0,-0.7893638610839844
5000937472.0,-0.7966749668121338
5001874944.0,-0.8049439787864685
5002812416.0,-0.8128543496131897
5003749888.0,-0.8218896389007568
5004687360.0,-0.8290074467658997
5005624832.0,-0.8358469605445862
5006562304.0,-0.8421028852462769
5007499776.0,-0.8469401001930237
5008437248.0,-0.8498663902282715
5009375232.0,-0.8504128456115723
5010312704.0,-0.8485458493232727
5011250176.0,-0.8443463444709778
5012187648.0,-0.8389958739280701
5013125120.0,-0.8302943110466003
5014062592.0,-0.8182814121246338
5015000064.0,-0.8050554990768433
5015937536.0,-0.7880994081497192
5016875008.0,-0.769436240196228
5017812480.0,-0.7485204935073853
5018749952.0,-0.7254582643508911
5019687424.0,-0.6991945505142212
5020624896.0,-0.6724026203155518
5021562368.0,-0.6439744234085083
5022499840.0,-0.6134757995605469
5023437312.0,-0.5827752351760864
5024374784.0,-0.551447331905365
5025312256.0,-0.5200865864753723
5026250240.0,-0.48823460936546326
5027187712.0,-0.4581701457500458
5028125184.0,-0.42827823758125305
5029062656.0,-0.3997131288051605
5030000128.0,-0.37300047278404236
5030937600.0,-0.34884020686149597
5031875072.0,-0.32559022307395935
5032812544.0,-0.30587807297706604
5033750016.0,-0.2887602746486664
5034687488.0,-0.27232375741004944
5035624960.0,-0.2594662606716156
5036562432.0,-0.2504897713661194
5037499904.0,-0.24408817291259766
5038437376.0,-0.2416517287492752
5039374848.0,-0.24240855872631073
5040312320.0,-0.2456158846616745
5041249792.0,-0.2525608241558075
5042187264.0,-0.2613050043582916
5043125248.0,-0.27464935183525085
5044062720.0,-0.2885667085647583
5045000192.0,-0.3059215843677521
5045937664.0,-0.5745140314102173
5046875136.0,-0.5853472948074341
5047812608.0,-0.593988835811615
5048750080.0,-0.6041734218597412
5049687552.0,-0.6143057346343994
5050625024.0,-0.6240811347961426
5051562496.0,-0.6342872381210327
5052499968.0,-0.6446014046669006
5053437440.0,-0.6536427140235901
5054374912.0,-0.6629143357276917
5055312384.0,-0.6714144945144653
5056249856.0,-0.6783243417739868
5057187328.0,-0.6859146356582642
5058124800.0,-0.6904842853546143
5059062272.0,-0.6956824064254761
5059999744.0,-0.6998223066329956
5060937728.0,-0.7019911408424377
5061875200.0,-0.7023047208786011
5062812672.0,-0.7008723020553589
5063750144.0,-0.6975274682044983
5064687616.0,-0.6929394006729126
5065625088.0,-0.6867273449897766
5066562560.0,-0.67807537317276
5067500032.0,-0.6676482558250427
5068437504.0,-0.6557443737983704
5069374976.0,-0.6413667798042297
5070312448.0,-0.6257607340812683
5071249920.0,-0.6078009009361267
5072187392.0,-0.5890363454818726
5073124864.0,-0.5677863955497742
5074062336.0,-0.5471328496932983
5074999808.0,-0.5235829949378967
5075937280.0,-0.5000035762786865
5076874752.0,-0.4759686589241028
5077812736.0,-0.4509565830230713
5078750208.0,-0.4248713552951813
5079687680.0,-0.3987731635570526
5080625152.0,-0.3725798428058624
5081562624.0,-0.34752246737480164
5082500096.0,-0.3233344554901123
5083437568.0,-0.3006809949874878
5084375040.0,-0.27953794598579407
5085312512.0,-0.2600584030151367
5086249984.0,-0.2427775114774704
5087187456.0,-0.22680024802684784
5088124928.0,-0.21408139169216156
5089062400.0,-0.20340655744075775
5089999872.0,-0.19548195600509644
5090937344.0,-0.18946509063243866
5091874816.0,-0.1869429051876068
5092812288.0,-0.18734171986579895
5093749760.0,-0.1903221756219864
5094687744.0,-0.1961134523153305
5095625216.0,-0.2041962593793869
5096562688.0,-0.21459011733531952
5097500160.0,-0.22725199162960052
5098437632.0,-0.24154125154018402
5099375104.0,-0.25891807675361633
5100312576.0,-0.27796632051467896
5101250048.0,-0.298870325088501
5102187520.0,-0.32120367884635925
5103124992.0,-0.34470030665397644
5104062464.0,-0.3683886229991913
5104999936.0,-0.3923506736755371
5105937408.0,-0.48878246545791626
5106874880.0,-0.5066422820091248
5107812352.0,-0.524088978767395
5108749824.0,-0.5392122268676758
5109687296.0,-0.5522717237472534
5110624768.0,-0.5642098188400269
5111562752.0,-0.5738785266876221
5112500224.0,-0.5810911059379578
5113437696.0,-0.587161123752594
5114375168.0,-0.5913692712783813
5115312640.0,-0.5934621095657349
5116250112.0,-0.5940841436386108
5117187584.0,-0.5928398370742798
5118125056.0,-0.5907930135726929
5119062528.0,-0.5874655842781067
5120000000.0,-0.5829067826271057
5120937472.0,-0.5771754384040833
5121874944.0,-0.5702148675918579
5122812416.0,-0.5639761686325073
5123749888.0,-0.5571335554122925
5124687360.0,-0.5501171350479126
5125624832.0,-0.5422175526618958
5126562304.0,-0.5354717373847961
5127499776.0,-0.5274056792259216
5128437248.0,-0.5197166800498962
5129375232.0,-0.5100535154342651
5130312704.0,-0.5010502934455872
5131250176.0,-0.49011939764022827
5132187648.0,-0.4771358370780945
5133125120.0,-0.4631780982017517
5134062592.0,-0.4475395083427429
5135000064.0,-0.4316573441028595
5135937536.0,-0.4137483835220337
5136875008.0,-0.39557766914367676
5137812480.0,-0.3778321146965027
5138749952.0,-0.35899677872657776
5139687424.0,-0.3410203754901886
5140624896.0,-0.32332780957221985
5141562368.0,-0.3074553310871124
5142499840.0,-0.29201850295066833
5143437312.0,-0.2801435589790344
5144374784.0,-0.2727123200893402
5145312256.0,-0.2705487310886383
5146250240.0,-0.2745213508605957
5147187712.0,-0.28449898958206177
5148125184.0,-0.29883885383605957
5149062656.0,-0.3158099055290222
5150000128.0,-0.3344193398952484
5150937600.0,-0.35482126474380493
5151875072.0,-0.3745323419570923
5152812544.0,-0.39418157935142517
5153750016.0,-0.41407981514930725
5154687488.0,-0.43295177817344666
5155624960.0,-0.4505749046802521
5156562432.0,-0.46588972210884094
5157499904.0,-0.4804341495037079
5158437376.0,-0.49254390597343445
5159374848.0,-0.502894937992096
5160312320.0,-0.5121159553527832
5161249792.0,-0.5212539434432983
5162187264.0,-0.5288079977035522
5163125248.0,-0.5352811813354492
5164062720.0,-0.5431181788444519
5165000192.0,-0.5492779612541199
5165937664.0,-0.5555993914604187
5166875136.0,-0.5693976283073425
5167812608.0,-0.5848975777626038
5168750080.0,-0.6012148261070251
5169687552.0,-0.6171592473983765
5170625024.0,-0.6338822841644287
5171562496.0,-0.6504165530204773
5172499968.0,-0.6677699089050293
5173437440.0,-0.6858577132225037
5174374912.0,-0.7010983228683472
5175312384.0,-0.7145987749099731
5176249856.0,-0.7263379096984863
5177187328.0,-0.736985981464386
5178124800.0,-0.745142936706543
5179062272.0,-0.7523708939552307
5180000256.0,-0.755314826965332
5180937728.0,-0.7574245929718018
5181875200.0,-0.7557066082954407
5182812672.0,-0.7521362900733948
5183750144.0,-0.7445859313011169
5184687616.0,-0.7347173690795898
5185625088.0,-0.7231892943382263
5186562560.0,-0.7082028388977051
5187500032.0,-0.692571759223938
5188437504.0,-0.6729393005371094
5189374976.0,-0.654373288154602
5190312448.0,-0.6322492957115173
5191249920.0,-0.609703540802002
5192187392.0,-0.5867853760719299
5193124864.0,-0.5634024143218994
5194062336.0,-0.5399483442306519
5194999808.0,-0.5172591209411621
5195937280.0,-0.4950530230998993
5196874752.0,-0.47289595007896423
5197812736.0,-0.45304861664772034
5198750208.0,-0.4338793158531189
5199687680.0,-0.4158291220664978
5200625152.0,-0.3997345566749573
5201562624.0,-0.3863767385482788
5202500096.0,-0.3742169141769409
5203437568.0,-0.36600926518440247
5204375040.0,-0.359769344329834
5205312512.0,-0.35763323307037354
5206249984.0,-0.3568730354309082
5207187456.0,-0.361084908246994
5208124928.0,-0.3658232092857361
5209062400.0,-0.37422969937324524
5209999872.0,-0.3859758973121643
5210937344.0,-0.4017027020454407
5211874816.0,-0.4173596501350403
5212812288.0,-0.43696507811546326
5213749760.0,-0.45788487792015076
5214687744.0,-0.4808080494403839
5215625216.0,-0.504668116569519
5216562688.0,-0.5299662351608276
5217500160.0,-0.5552771687507629
5218437632.0,-0.5821808576583862
5219375104.0,-0.610355794429779
5220312576.0,-0.6381197571754456
5221250048.0,-0.6667917966842651
5222187520.0,-0.693472683429718
5223124992.0,-0.7213045954704285
5224062464.0,-0.7483494877815247
5224999936.0,-0.7742623090744019
5225937408.0,-0.8276567459106445
5226874880.0,-0.8523930907249451
5227812352.0,-0.8763728737831116
5228749824.0,-0.8976877331733704
5229687296.0,-0.9169740676879883
5230624768.0,-0.9338728189468384
5231562752.0,-0.9483235478401184
5232500224.0,-0.9582669734954834
5233437696.0,-0.9681021571159363
5234375168.0,-0.9738912582397461
5235312640.0,-0.9780049920082092
5236250112.0,-0.9785048961639404
5237187584.0,-0.9767771363258362
5238125056.0,-0.9739065766334534
5239062528.0,-0.969367265701294
5240000000.0,-0.9618697166442871
5240937472.0,-0.9515858888626099
5241874944.0,-0.9403702616691589
5242812416.0,-0.9283545017242432
5243749888.0,-0.9141461253166199
5244687360.0,-0.9001649618148804
5245624832.0,-0.8852306008338928
5246562304.0,-0.8697530031204224
5247499776.0,-0.8545569777488708
5248437248.0,-0.8383458852767944
5249375232.0,-0.8224692344665527
5250312704.0,-0.8071495294570923
5251250176.0,-0.7934048175811768
5252187648.0,-0.7770049571990967
5253125120.0,-0.7629931569099426
5254062592.0,-0.7506905794143677
5255000064.0,-0.7401275634765625
5255937536.0,-0.7299596667289734
5256875008.0,-0.7216272354125977
5257812480.0,-0.7154080867767334
5258749952.0,-0.7098650336265564
5259687424.0,-0.7060999274253845
5260624896.0,-0.7042340636253357
5261562368.0,-0.7044788599014282
5262499840.0,-0.7072922587394714
5263437312.0,-0.7118299603462219
5264374784.0,-0.7183991074562073
5265312256.0,-0.7279155850410461
5266250240.0,-0.7399019002914429
5267187712.0,-0.7535600662231445
5268125184.0,-0.7698436379432678
5269062656.0,-0.7889967560768127
5270000128.0,-0.8073612451553345
5270937600.0,-0.828592836856842
5271875072.0,-0.8517106175422668
5272812544.0,-0.8779155015945435
5273750016.0,-0.906122088432312
5274687488.0,-0.9357774257659912
5275624960.0,-0.9683775305747986
5276562432.0,-1.0031483173370361
5277499904.0,-1.0389987230300903
5278437376.0,-1.0772631168365479
5279374848.0,-1.1175047159194946
5280312320.0,-1.1581730842590332
5281249792.0,-1.199830174446106
5282187264.0,-1.2417995929718018
5283125248.0,-1.2832067012786865
5284062720.0,-1.3247219324111938
5285000192.0,-1.364401936531067
5285937664.0,-1.3946924209594727
5286875136.0,-1.4277818202972412
5287812608.0,-1.4598236083984375
5288750080.0,-1.4890350103378296
5289687552.0,-1.5173946619033813
5290625024.0,-1.5418848991394043
5291562496.0,-1.563098430633545
5292499968.0,-1.5824066400527954
5293437440.0,-1.5989114046096802
5294374912.0,-1.6118053197860718
5295312384.0,-1.622072458267212
5296249856.0,-1.6279246807098389
5297187328.0,-1.6329808235168457
5298124800.0,-1.6350078582763672
5299062272.0,-1.6331945657730103
5299999744.0,-1.6289634704589844
5300937728.0,-1.6208029985427856
5301875200.0,-1.610771656036377
5302812672.0,-1.5974823236465454
5303750144.0,-1.5826997756958008
5304687616.0,-1.5654873847961426
5305625088.0,-1.5486845970153809
5306562560.0,-1.5317251682281494
5307500032.0,-1.5176622867584229
5308437504.0,-1.5011643171310425
5309374976.0,-1.4863009452819824
5310312448.0,-1.4710391759872437
5311249920.0,-1.4573156833648682
5312187392.0,-1.443763256072998
5313124864.0,-1.4316620826721191
5314062336.0,-1.421059250831604
5314999808.0,-1.4120370149612427
5315937280.0,-1.4058964252471924
5316874752.0,-1.401737093925476
5317812736.0,-1.3992466926574707
5318750208.0,-1.4003064632415771
5319687680.0,-1.4034453630447388
5320625152.0,-1.4097059965133667
5321562624.0,-1.4167293310165405
5322500096.0,-1.4267789125442505
5323437568.0,-1.4389287233352661
5324375040.0,-1.4535038471221924
5325312512.0,-1.4712932109832764
5326249984.0,-1.4914518594741821
5327187456.0,-1.5137144327163696
5328124928.0,-1.5410820245742798
5329062400.0,-1.570610523223877
5329999872.0,-1.6035255193710327
5330937344.0,-1.6416943073272705
5331874816.0,-1.680026888847351
5332812288.0,-1.7489944696426392
5333749760.0,-1.798612356185913
5334687744.0,-1.848260521888733
5335625216.0,-1.9006825685501099
5336562688.0,-1.9546074867248535
5337500160.0,-2.008052349090576
5338437632.0,-2.0636682510375977
5339375104.0,-2.1210625171661377
5340312576.0,-2.17779278755188
5341250048.0,-2.236720323562622
5342187520.0,-2.294219732284546
5343124992.0,-2.3518199920654297
5344062464.0,-2.406464099884033
5344999936.0,-2.4602255821228027
5345937408.0,-2.4068472385406494
5346874880.0,-2.4381608963012695
5347812352.0,-2.4690070152282715
5348749824.0,-2.49507737159729
5349687296.0,-2.519519090652466
5350624768.0,-2.537940740585327
5351562752.0,-2.5533254146575928
5352500224.0,-2.566495656967163
5353437696.0,-2.5766279697418213
5354375168.0,-2.5846433639526367
5355312640.0,-2.5892179012298584
5356250112.0,-2.5889015197753906
5357187584.0,-2.5852115154266357
5358125056.0,-2.578690528869629
5359062528.0,-2.567420721054077
5360000000.0,-2.554319143295288
5360937472.0,-2.538252830505371
5361874944.0,-2.518667221069336
5362812416.0,-2.4978959560394287
5363749888.0,-2.4753928184509277
5364687360.0,-2.45271635055542
5365624832.0,-2.4294512271881104
5366562304.0,-2.404111862182617
5367499776.0,-2.3806843757629395
5368437248.0,-2.3539364337921143
5369375232.0,-2.328547239303589
5370312704.0,-2.3030779361724854
5371250176.0,-2.2776615619659424
5372187648.0,-2.250983953475952
5373125120.0,-2.2266275882720947
5374062592.0,-2.2037746906280518
5375000064.0,-2.1815574169158936
5375937536.0,-2.1610426902770996
5376875008.0,-2.140859365463257
5377812480.0,-2.1209144592285156
5378749952.0,-2.1023943424224854
5379687424.0,-2.0864086151123047
5380624896.0,-2.0714995861053467
5381562368.0,-2.0581796169281006
5382499840.0,-2.047895908355713
5383437312.0,-2.039210081100464
5384374784.0,-2.032970905303955
5385312256.0,-2.0274674892425537
5386250240.0,-2.023402452468872
5387187712.0,-2.0206313133239746
5388125184.0,-2.019148826599121
5389062656.0,-2.0174131393432617
5390000128.0,-2.0178520679473877
5390937600.0,-2.018751859664917
5391875072.0,-2.0198333263397217
5392812544.0,-2.021559953689575
5393750016.0,-2.0250461101531982
5394687488.0,-2.0297372341156006
5395624960.0,-2.0341830253601074
5396562432.0,-2.038942337036133
5397499904.0,-2.04345703125
5398437376.0,-2.046858310699463
5399374848.0,-2.050710678100586
5400312320.0,-2.0536975860595703
5401249792.0,-2.0560057163238525
5402187264.0,-2.0574920177459717
5403125248.0,-2.059321165084839
5404062720.0,-2.0601859092712402
5405000192.0,-2.0581610202789307
5405937664.0,-2.198650598526001
5406875136.0,-2.19498872756958
5407812608.0,-2.1891860961914062
5408750080.0,-2.1807312965393066
5409687552.0,-2.170339822769165
5410625024.0,-2.1570510864257812
5411562496.0,-2.1419448852539062
5412499968.0,-2.123842716217041
5413437440.0,-2.1039693355560303
5414374912.0,-2.0807971954345703
5415312384.0,-2.0555663108825684
5416249856.0,-2.0295708179473877
5417187328.0,-2.0010383129119873
5418124800.0,-1.9709898233413696
5419062272.0,-1.9396061897277832
5420000256.0,-1.9085509777069092
5420937728.0,-1.8746943473815918
5421875200.0,-1.8409245014190674
5422812672.0,-1.8081343173980713
5423750144.0,-1.7738639116287231
5424687616.0,-1.7403026819229126
5425625088.0,-1.7072328329086304
5426562560.0,-1.6756631135940552
5427500032.0,-1.645058035850525
5428437504.0,-1.6143207550048828
5429374976.0,-1.5862210988998413
5430312448.0,-1.5602291822433472
5431249920.0,-1.533132791519165
5432187392.0,-1.5083712339401245
5433124864.0,-1.4841222763061523
5434062336.0,-1.4615684747695923
5434999808.0,-1.4397226572036743
5435937280.0,-1.4188088178634644
5436874752.0,-1.4001272916793823
5437812736.0,-1.383241891860962
5438750208.0,-1.3670909404754639
5439687680.0,-1.3518083095550537
5440625152.0,-1.3395146131515503
5441562624.0,-1.3275054693222046
5442500096.0,-1.3164247274398804
5443437568.0,-1.3083444833755493
5444375040.0,-1.3004010915756226
5445312512.0,-1.2944494485855103
5446249984.0,-1.2907801866531372
5447187456.0,-1.2874912023544312
5448124928.0,-1.2870121002197266
5449062400.0,-1.2873814105987549
5449999872.0,-1.2900042533874512
5450937344.0,-1.294351577758789
5451874816.0,-1.2983102798461914
5452812288.0,-1.3039110898971558
5453749760.0,-1.3108919858932495
5454687744.0,-1.3205788135528564
5455625216.0,-1.32941734790802
5456562688.0,-1.3397300243377686
5457500160.0,-1.350761890411377
5458437632.0,-1.3618128299713135
5459375104.0,-1.3727580308914185
5460312576.0,-1.3836578130722046
5461250048.0,-1.3927501440048218
5462187520.0,-1.4029250144958496
5463124992.0,-1.4112070798873901
5464062464.0,-1.4167042970657349
5464999936.0,-1.4219797849655151
5465937408.0,-1.4311989545822144
5466874880.0,-1.4314731359481812
5467812352.0,-1.4295179843902588
5468749824.0,-1.4269174337387085
5469687296.0,-1.4197402000427246
5470624768.0,-1.4124755859375
5471562752.0,-1.4028376340866089
5472500224.0,-1.3899168968200684
5473437696.0,-1.3758132457733154
5474375168.0,-1.35935640335083
5475312640.0,-1.3406985998153687
5476250112.0,-1.3205671310424805
5477187584.0,-1.2988111972808838
5478125056.0,-1.2755811214447021
5479062528.0,-1.2498596906661987
5480000000.0,-1.2246462106704712
5480937472.0,-1.1975184679031372
5481874944.0,-1.1698094606399536
5482812416.0,-1.142181396484375
5483749888.0,-1.114723563194275
5484687360.0,-1.0866917371749878
5485624832.0,-1.0591936111450195
5486562304.0,-1.0303142070770264
5487499776.0,-1.002174735069275
5488437248.0,-0.9764547348022461
5489375232.0,-0.9497202634811401
5490312704.0,-0.9231151938438416
5491250176.0,-0.8980385065078735
5492187648.0,-0.8756424188613892
5493125120.0,-0.8539043068885803
5494062592.0,-0.832740843296051
5495000064.0,-0.8155043721199036
5495937536.0,-0.7983353137969971
5496875008.0,-0.7844305038452148
5497812480.0,-0.7724599242210388
5498749952.0,-0.7619155645370483
5499687424.0,-0.7553912401199341
5500624896.0,-0.7503117322921753
5501562368.0,-0.7491407990455627
5502499840.0,-0.7494028806686401
5503437312.0,-0.7532086372375488
5504374784.0,-0.7591321468353271
5505312256.0,-0.7696711421012878
5506250240.0,-0.7813912034034729
5507187712.0,-0.7967013120651245
5508125184.0,-0.813644528388977
5509062656.0,-0.8338384032249451
5510000128.0,-0.8566367030143738
5510937600.0,-0.8801381587982178
5511875072.0,-0.9062045216560364
5512812544.0,-0.9347543120384216
5513750016.0,-0.965448260307312
5514687488.0,-0.9950461983680725
5515624960.0,-1.0278946161270142
5516562432.0,-1.0610774755477905
5517499904.0,-1.0928657054901123
5518437376.0,-1.1249759197235107
5519374848.0,-1.1577550172805786
5520312320.0,-1.1864954233169556
5521249792.0,-1.2140100002288818
5522187264.0,-1.2402703762054443
5523125248.0,-1.2641152143478394
5524062720.0,-1.2835206985473633
5525000192.0,-1.2991504669189453
5525937664.0,-1.137455701828003
5526875136.0,-1.1440849304199219
5527812608.0,-1.149745225906372
5528750080.0,-1.1530044078826904
5529687552.0,-1.1538784503936768
5530625024.0,-1.1555585861206055
5531562496.0,-1.1523354053497314
5532499968.0,-1.1477205753326416
5533437440.0,-1.14287531375885
5534374912.0,-1.1337167024612427
5535312384.0,-1.1256678104400635
5536249856.0,-1.1143842935562134
5537187328.0,-1.1021449565887451
5538124800.0,-1.0898051261901855
5539062272.0,-1.0760879516601562
5539999744.0,-1.0617108345031738
5540937728.0,-1.0466768741607666
5541875200.0,-1.031984567642212
5542812672.0,-1.0146938562393188
5543750144.0,-0.9994395971298218
5544687616.0,-0.9838550090789795
5545625088.0,-0.9677687287330627
5546562560.0,-0.952911376953125
5547500032.0,-0.9384245276451111
5548437504.0,-0.9242530465126038
5549374976.0,-0.9102404713630676
5550312448.0,-0.8986757397651672
5551249920.0,-0.8875851035118103
5552187392.0,-0.8778261542320251
5553124864.0,-0.8703712821006775
5554062336.0,-0.8632469773292542
5554999808.0,-0.8575632572174072
5555937280.0,-0.8544468283653259
5556874752.0,-0.8539904952049255
5557812736.0,-0.8550052642822266
5558750208.0,-0.8594214916229248
5559687680.0,-0.8650981783866882
5560625152.0,-0.873563289642334
5561562624.0,-0.8855715990066528
5562500096.0,-0.8996590971946716
5563437568.0,-0.9162637591362
5564375040.0,-0.9360798001289368
5565312512.0,-0.9564456343650818
5566249984.0,-0.9812883734703064
5567187456.0,-1.0064773559570312
5568124928.0,-1.033950686454773
5569062400.0,-1.0618215799331665
5569999872.0,-1.091057300567627
5570937344.0,-1.1209520101547241
5571874816.0,-1.1511695384979248
5572812288.0,-1.18120276927948
5573749760.0,-1.210105061531067
5574687744.0,-1.2383365631103516
5575625216.0,-1.2643800973892212
5576562688.0,-1.2882453203201294
5577500160.0,-1.3099137544631958
5578437632.0,-1.3296805620193481
5579375104.0,-1.346602201461792
5580312576.0,-1.360791802406311
5581250048.0,-1.3723509311676025
5582187520.0,-1.3803006410598755
5583124992.0,-1.3857117891311646
5584062464.0,-1.388512372970581
5584999936.0,-1.3887158632278442
5585937408.0,-1.309407114982605
5586874880.0,-1.316602110862732
5587812352.0,-1.3232449293136597
5588749824.0,-1.3284738063812256
5589687296.0,-1.3313724994659424
5590624768.0,-1.3344393968582153
5591562752.0,-1.3367775678634644
5592500224.0,-1.3368680477142334
5593437696.0,-1.3370627164840698
5594375168.0,-1.3362634181976318
5595312640.0,-1.334755539894104
5596250112.0,-1.331119179725647
5597187584.0,-1.3283772468566895
5598125056.0,-1.3238815069198608
5599062528.0,-1.3195066452026367
5600000000.0,-1.314648985862732
5600937472.0,-1.3083423376083374
5601874944.0,-1.3029742240905762
5602812416.0,-1.2969402074813843
5603749888.0,-1.2901462316513062
5604687360.0,-1.2844629287719727
5605624832.0,-1.2773560285568237
5606562304.0,-1.2720764875411987
5607499776.0,-1.2656075954437256
5608437248.0,-1.2593327760696411
5609375232.0,-1.253346562385559
5610312704.0,-1.2473386526107788
5611250176.0,-1.2412729263305664
5612187648.0,-1.2348109483718872
5613125120.0,-1.2289239168167114
5614062592.0,-1.223248839378357
5615000064.0,-1.2174956798553467
5615937536.0,-1.2135869264602661
5616875008.0,-1.2095375061035156
5617812480.0,-1.2057788372039795
5618749952.0,-1.202307105064392
5619687424.0,-1.198460578918457
5620624896.0,-1.1959013938903809
5621562368.0,-1.1936335563659668
5622499840.0,-1.1913437843322754
5623437312.0,-1.1895955801010132
5624374784.0,-1.1875134706497192
5625312256.0,-1.1841682195663452
5626250240.0,-1.1829471588134766
5627187712.0,-1.1798458099365234
5628125184.0,-1.178130030632019
5629062656.0,-1.1752108335494995
5630000128.0,-1.1724870204925537
5630937600.0,-1.1702760457992554
5631875072.0,-1.1681888103485107
5632812544.0,-1.1648147106170654
5633750016.0,-1.1596229076385498
5634687488.0,-1.155053734779358
5635624960.0,-1.1500169038772583
5636562432.0,-1.1439566612243652
5637499904.0,-1.1356384754180908
5638437376.0,-1.1278480291366577
5639374848.0,-1.119017243385315
5640312320.0,-1.1098408699035645
5641249792.0,-1.1001075506210327
5642187264.0,-1.0897834300994873
5643125248.0,-1.0795564651489258
5644062720.0,-1.0678948163986206
5645000192.0,-1.0547326803207397
5645937664.0,-1.0529705286026
5646875136.0,-1.0379583835601807
5647812608.0,-1.0222687721252441
5648750080.0,-1.0059243440628052
5649687552.0,-0.9883411526679993
5650625024.0,-0.9705593585968018
5651562496.0,-0.9513319730758667
5652499968.0,-0.9321414232254028
5653437440.0,-0.9109898209571838
5654374912.0,-0.8903566598892212
5655312384.0,-0.8690337538719177
5656249856.0,-0.8471595644950867
5657187328.0,-0.82415372133255
5658124800.0,-0.8025228977203369
5659062272.0,-0.780769407749176
5660000256.0,-0.7582526803016663
5660937728.0,-0.7371112108230591
5661875200.0,-0.7148362994194031
5662812672.0,-0.6944435834884644
5663750144.0,-0.6738444566726685
5664687616.0,-0.6540662050247192
5665625088.0,-0.6343858242034912
5666562560.0,-0.617287278175354
5667500032.0,-0.6018280982971191
5668437504.0,-0.5863005518913269
5669374976.0,-0.5728223919868469
5670312448.0,-0.5614475607872009
5671249920.0,-0.55061936378479
5672187392.0,-0.5414079427719116
5673124864.0,-0.535735011100769
5674062336.0,-0.5313571691513062
5674999808.0,-0.5285279750823975
5675937280.0,-0.5261789560317993
5676874752.0,-0.5262479782104492
5677812736.0,-0.5267887711524963
5678750208.0,-0.5286362171173096
5679687680.0,-0.5315815210342407
5680625152.0,-0.5340011119842529
5681562624.0,-0.5381034016609192
5682500096.0,-0.5428096055984497
5683437568.0,-0.5451996326446533
5684375040.0,-0.5490473508834839
5685312512.0,-0.5520896315574646
5686249984.0,-0.5557891726493835
5687187456.0,-0.558323085308075
5688124928.0,-0.559966504573822
5689062400.0,-0.5625648498535156
5689999872.0,-0.5633785128593445
5690937344.0,-0.5632117986679077
5691874816.0,-0.5611375570297241
5692812288.0,-0.5575696229934692
5693749760.0,-0.5513105988502502
5694687744.0,-0.5451259613037109
5695625216.0,-0.5361936688423157
5696562688.0,-0.5261815190315247
5697500160.0,-0.515068531036377
5698437632.0,-0.5026966333389282
5699375104.0,-0.4895198941230774
5700312576.0,-0.47769105434417725
5701250048.0,-0.46393731236457825
5702187520.0,-0.4507693946361542
5703124992.0,-0.4370570778846741
5704062464.0,-0.4246789216995239
5704999936.0,-0.41247454285621643
5705937408.0,-0.3787553608417511
5706874880.0,-0.37658461928367615
5707812352.0,-0.37379756569862366
5708749824.0,-0.3731212913990021
5709687296.0,-0.3701976537704468
5710624768.0,-0.36805760860443115
5711562752.0,-0.36708974838256836
5712500224.0,-0.3651145100593567
5713437696.0,-0.3641221523284912
5714375168.0,-0.36250805854797363
5715312640.0,-0.3590433597564697
5716250112.0,-0.35509639978408813
5717187584.0,-0.35098522901535034
5718125056.0,-0.34744885563850403
5719062528.0,-0.34074336290359497
5720000000.0,-0.33511990308761597
5720937472.0,-0.3280969560146332
5721874944.0,-0.32035118341445923
5722812416.0,-0.31246453523635864
5723749888.0,-0.30423006415367126
5724687360.0,-0.2956615388393402
5725624832.0,-0.28686273097991943
5726562304.0,-0.2790664732456207
5727499776.0,-0.26962003111839294
5728437248.0,-0.26250797510147095
5729375232.0,-0.25630471110343933
5730312704.0,-0.25032228231430054
5731250176.0,-0.24588413536548615
5732187648.0,-0.24209226667881012
5733125120.0,-0.24191533029079437
5734062592.0,-0.24140484631061554
5735000064.0,-0.24396522343158722
5735937536.0,-0.24793806672096252
5736875008.0,-0.253756582736969
5737812480.0,-0.2626630365848541
5738749952.0,-0.27303603291511536
5739687424.0,-0.284182608127594
5740624896.0,-0.2970272898674011
5741562368.0,-0.3099605441093445
5742499840.0,-0.32288751006126404
5743437312.0,-0.33664828538894653
5744374784.0,-0.3472427427768707
5745312256.0,-0.35825636982917786
5746250240.0,-0.3673624098300934
5747187712.0,-0.37435269355773926
5748125184.0,-0.3793059289455414
5749062656.0,-0.38243797421455383
5750000128.0,-0.38359832763671875
5750937600.0,-0.38053444027900696
5751875072.0,-0.377231627702713
5752812544.0,-0.3725174367427826
5753750016.0,-0.3663841784000397
5754687488.0,-0.3596210777759552
5755624960.0,-0.3538546562194824
5756562432.0,-0.3459429442882538
5757499904.0,-0.33857572078704834
5758437376.0,-0.3320571184158325
5759374848.0,-0.3252232074737549
5760312320.0,-0.3208712935447693
5761249792.0,-0.31456518173217773
5762187264.0,-0.3117254376411438
5763125248.0,-0.3087288439273834
5764062720.0,-0.30583709478378296
5765000192.0,-0.3031010329723358
5765937664.0,-0.22255514562129974
5766875136.0,-0.22664399445056915
5767812608.0,-0.22972369194030762
5768750080.0,-0.23491071164608002
5769687552.0,-0.24120423197746277
5770625024.0,-0.2460750788450241
5771562496.0,-0.25193774700164795
5772499968.0,-0.258372962474823
5773437440.0,-0.2662409543991089
5774374912.0,-0.2735161781311035
5775312384.0,-0.28053951263427734
5776249856.0,-0.28880977630615234
5777187328.0,-0.2960205674171448
5778124800.0,-0.3045286536216736
5779062272.0,-0.31246674060821533
5779999744.0,-0.3201768100261688
5780937728.0,-0.3267408013343811
5781875200.0,-0.3336924612522125
5782812672.0,-0.3401428759098053
5783750144.0,-0.3457678556442261
5784687616.0,-0.3498835563659668
5785625088.0,-0.355092316865921
5786562560.0,-0.35868799686431885
5787500032.0,-0.36218133568763733
5788437504.0,-0.36375749111175537
5789374976.0,-0.36217623949050903
5790312448.0,-0.36195042729377747
5791249920.0,-0.3588395416736603
5792187392.0,-0.3546290993690491
5793124864.0,-0.3514162600040436
5794062336.0,-0.3465324640274048
5794999808.0,-0.34037691354751587
5795937280.0,-0.3340698778629303
5796874752.0,-0.3265121877193451
5797812736.0,-0.3177172541618347
5798750208.0,-0.3079526126384735
5799687680.0,-0.29692530632019043
5800625152.0,-0.2866065800189972
5801562624.0,-0.2737240791320801
5802500096.0,-0.2611047029495239
5803437568.0,-0.2477569878101349
5804375040.0,-0.2341386377811432
5805312512.0,-0.21800193190574646
5806249984.0,-0.20352189242839813
5807187456.0,-0.1876472383737564
5808124928.0,-0.17194294929504395
5809062400.0,-0.15608423948287964
5809999872.0,-0.13969206809997559
5810937344.0,-0.12571249902248383
5811874816.0,-0.1101386770606041
5812812288.0,-0.0944979265332222
5813749760.0,-0.07826009392738342
5814687744.0,-0.06416932493448257
5815625216.0,-0.04919720068573952
5816562688.0,-0.037316273897886276
5817500160.0,-0.024363979697227478
5818437632.0,-0.012826877646148205
5819375104.0,-0.0017080792458727956
5820312576.0,0.00872277282178402
5821250048.0,0.018908044323325157
5822187520.0,0.028456516563892365
5823124992.0,0.036873918026685715
5824062464.0,0.044004157185554504
5824999936.0,0.05089528113603592
5825937408.0,-0.1284567266702652
5826874880.0,-0.13392002880573273
5827812352.0,-0.13687579333782196
5828749824.0,-0.13861136138439178
5829687296.0,-0.13929934799671173
5830624768.0,-0.13885091245174408
5831562752.0,-0.1373923122882843
5832500224.0,-0.1362769454717636
5833437696.0,-0.133485808968544
5834375168.0,-0.1313374936580658
5835312640.0,-0.1287003606557846
5836250112.0,-0.12492869049310684
5837187584.0,-0.12253393232822418
5838125056.0,-0.11905761063098907
5839062528.0,-0.11710982769727707
5840000000.0,-0.11830068379640579
5840937472.0,-0.11899751424789429
5841874944.0,-0.12126247584819794
5842812416.0,-0.12482062727212906
5843749888.0,-0.12904660403728485
5844687360.0,-0.13386251032352448
5845624832.0,-0.1388167291879654
5846562304.0,-0.14534436166286469
5847499776.0,-0.15245208144187927
5848437248.0,-0.162222757935524
5849375232.0,-0.17062246799468994
5850312704.0,-0.18013444542884827
5851250176.0,-0.19057559967041016
5852187648.0,-0.20071300864219666
5853125120.0,-0.21114511787891388
5854062592.0,-0.2220037579536438
5855000064.0,-0.23340795934200287
5855937536.0,-0.24227455258369446
5856875008.0,-0.2525269687175751
5857812480.0,-0.25825127959251404
5858749952.0,-0.265417218208313
5859687424.0,-0.2696426212787628
5860624896.0,-0.2731788158416748
5861562368.0,-0.27376577258110046
5862499840.0,-0.2737877368927002
5863437312.0,-0.270020991563797
5864374784.0,-0.2643999457359314
5865312256.0,-0.25785350799560547
5866250240.0,-0.24992258846759796
5867187712.0,-0.23987308144569397
5868125184.0,-0.22876586019992828
5869062656.0,-0.2160767763853073
5870000128.0,-0.20399826765060425
5870937600.0,-0.19002529978752136
5871875072.0,-0.17627008259296417
5872812544.0,-0.16281987726688385
5873750016.0,-0.1499348282814026
5874687488.0,-0.1382797509431839
5875624960.0,-0.1277395784854889
5876562432.0,-0.11931242048740387
5877499904.0,-0.11036965250968933
5878437376.0,-0.10546312481164932
5879374848.0,-0.10091152042150497
5880312320.0,-0.09934259206056595
5881249792.0,-0.09995689988136292
5882187264.0,-0.10105627775192261
5883125248.0,-0.10608400404453278
5884062720.0,-0.1114494651556015
5885000192.0,-0.11931464821100235
5885937664.0,-0.058843944221735
5886875136.0,-0.06291517615318298
5887812608.0,-0.06853768229484558
5888750080.0,-0.07333648204803467
5889687552.0,-0.07971377670764923
5890625024.0,-0.08668041229248047
5891562496.0,-0.09311889111995697
5892499968.0,-0.10090399533510208
5893437440.0,-0.10879629850387573
5894374912.0,-0.11725172400474548
5895312384.0,-0.12541383504867554
5896249856.0,-0.13395221531391144
5897187328.0,-0.14387710392475128
5898124800.0,-0.15301361680030823
5899062272.0,-0.16173119843006134
5900000256.0,-0.17093659937381744
5900937728.0,-0.1799384206533432
5901875200.0,-0.19012360274791718
5902812672.0,-0.19833597540855408
5903750144.0,-0.2073800265789032
5904687616.0,-0.2167583405971527
5905625088.0,-0.22561943531036377
5906562560.0,-0.2343757152557373
5907500032.0,-0.24241577088832855
5908437504.0,-0.2505006790161133
5909374976.0,-0.25924190878868103
5910312448.0,-0.2668388783931732
5911249920.0,-0.2760566771030426
5912187392.0,-0.28388360142707825
5913124864.0,-0.2917470335960388
5914062336.0,-0.30021825432777405
5914999808.0,-0.30726417899131775
5915937280.0,-0.3134121596813202
5916874752.0,-0.3187563121318817
5917812736.0,-0.32308462262153625
5918750208.0,-0.32591748237609863
5919687680.0,-0.3292657434940338
5920625152.0,-0.33211737871170044
5921562624.0,-0.3333143889904022
5922500096.0,-0.33388829231262207
5923437568.0,-0.3339667320251465
5924375040.0,-0.33254870772361755
5925312512.0,-0.32945162057876587
5926249984.0,-0.32451969385147095
5927187456.0,-0.31926238536834717
5928124928.0,-0.31252044439315796
5929062400.0,-0.3032926321029663
5929999872.0,-0.2929954528808594
5930937344.0,-0.28318074345588684
5931874816.0,-0.26955553889274597
5932812288.0,-0.25627976655960083
5933749760.0,-0.23978233337402344
5934687744.0,-0.22429275512695312
5935625216.0,-0.20612846314907074
5936562688.0,-0.18730618059635162
5937500160.0,-0.16908308863639832
5938437632.0,-0.14921100437641144
5939375104.0,-0.1313779652118683
5940312576.0,-0.11213339120149612
5941250048.0,-0.09306842088699341
5942187520.0,-0.075187548995018
5943124992.0,-0.05868682637810707
5944062464.0,-0.04348297044634819
5944999936.0,-0.029216131195425987
5945937408.0,-0.12964260578155518
5946874880.0,-0.13713115453720093
5947812352.0,-0.14738957583904266
5948749824.0,-0.15809501707553864
5949687296.0,-0.17034529149532318
5950624768.0,-0.18573901057243347
5951562752.0,-0.20094940066337585
5952500224.0,-0.21834033727645874
5953437696.0,-0.23544012010097504
5954375168.0,-0.2545686960220337
5955312640.0,-0.27354493737220764
5956250112.0,-0.2937478721141815
5957187584.0,-0.314317911863327
5958125056.0,-0.33330821990966797
5959062528.0,-0.3517128527164459
5960000000.0,-0.3693811893463135
5960937472.0,-0.3861839771270752
5961874944.0,-0.40209612250328064
5962812416.0,-0.4162910282611847
5963749888.0,-0.4291076362133026
5964687360.0,-0.43944889307022095
5965624832.0,-0.44597136974334717
5966562304.0,-0.44992151856422424
5967499776.0,-0.4513423442840576
5968437248.0,-0.4489152133464813
5969375232.0,-0.4429694712162018
5970312704.0,-0.43314990401268005
5971250176.0,-0.4221385419368744
5972187648.0,-0.4069046974182129
5973125120.0,-0.3900865316390991
5974062592.0,-0.37061402201652527
5975000064.0,-0.3485077917575836
5975937536.0,-0.32552021741867065
5976875008.0,-0.3015470504760742
5977812480.0,-0.2771739661693573
5978749952.0,-0.2532860040664673
5979687424.0,-0.22865723073482513
5980624896.0,-0.2052639126777649
5981562368.0,-0.183698832988739
5982499840.0,-0.1626529097557068
5983437312.0,-0.14431828260421753
5984374784.0,-0.12749820947647095
5985312256.0,-0.11367084085941315
5986250240.0,-0.10113154351711273
5987187712.0,-0.09246652573347092
5988125184.0,-0.08680838346481323
5989062656.0,-0.08203819394111633
5990000128.0,-0.08161576092243195
5990937600.0,-0.08253949880599976
5991875072.0,-0.0863601490855217
5992812544.0,-0.09061869978904724
5993750016.0,-0.09642697125673294
5994687488.0,-0.10367927700281143
5995624960.0,-0.1124357283115387
5996562432.0,-0.12130069732666016
5997499904.0,-0.13068833947181702
5998437376.0,-0.13903312385082245
5999374848.0,-0.14734947681427002
6000312320.0,-0.15752790868282318
6001249792.0,-0.16443219780921936
6002187264.0,-0.17270761728286743
6003125248.0,-0.17909777164459229
6004062720.0,-0.18685142695903778
6005000192.0,-0.14609594643115997
6005937664.0,-0.15388016402721405
6006875136.0,-0.1615477353334427
6007812608.0,-0.1700563281774521
6008750080.0,-0.1806456446647644
6009687552.0,-0.1902969777584076
6010625024.0,-0.20138764381408691
6011562496.0,-0.213092640042305
6012499968.0,-0.22667483985424042
6013437440.0,-0.2400517463684082
6014374912.0,-0.25327709317207336
6015312384.0,-0.2684105336666107
6016249856.0,-0.28077322244644165
6017187328.0,-0.2937183082103729
6018124800.0,-0.3064650893211365
6019062272.0,-0.3199489414691925
6019999744.0,-0.3326375186443329
6020937728.0,-0.3446110188961029
6021875200.0,-0.3564172387123108
6022812672.0,-0.36743438243865967
6023750144.0,-0.3765604496002197
6024687616.0,-0.3849378526210785
6025625088.0,-0.3922179639339447
6026562560.0,-0.39693301916122437
6027500032.0,-0.4002003073692322
6028437504.0,-0.4009915888309479
6029374976.0,-0.40161609649658203
6030312448.0,-0.3997078835964203
6031249920.0,-0.396477073431015
6032187392.0,-0.39212992787361145
6033124864.0,-0.38539233803749084
6034062336.0,-0.37799325585365295
6034999808.0,-0.3688560128211975
6035937280.0,-0.359775573015213
6036874752.0,-0.3483180105686188
6037812736.0,-0.3377212882041931
6038750208.0,-0.3258040249347687
6039687680.0,-0.31454911828041077
6040625152.0,-0.30176544189453125
6041562624.0,-0.2895927131175995
6042500096.0,-0.2789112329483032
6043437568.0,-0.26687222719192505
6044375040.0,-0.2566925287246704
6045312512.0,-0.24707408249378204
6046249984.0,-0.23882794380187988
6047187456.0,-0.23156067728996277
6048124928.0,-0.22464683651924133
6049062400.0,-0.2183559685945511
6049999872.0,-0.2133813202381134
6050937344.0,-0.21010588109493256
6051874816.0,-0.20738400518894196
6052812288.0,-0.2060527205467224
6053749760.0,-0.20490792393684387
6054687744.0,-0.20575974881649017
6055625216.0,-0.20748530328273773
6056562688.0,-0.20974719524383545
6057500160.0,-0.21324008703231812
6058437632.0,-0.21698100864887238
6059375104.0,-0.2213289588689804
6060312576.0,-0.22681690752506256
6061250048.0,-0.23258449137210846
6062187520.0,-0.2368084043264389
6063124992.0,-0.24317708611488342
6064062464.0,-0.24984915554523468
6064999936.0,-0.1465681791305542
6065937408.0,-0.1666281521320343
6066874880.0,-0.18688008189201355
6067812352.0,-0.20752988755702972
6068749824.0,-0.2263169139623642
6069687296.0,-0.24644982814788818
6070624768.0,-0.2660791575908661
6071562752.0,-0.28575921058654785
6072500224.0,-0.30536651611328125
6073437696.0,-0.32434386014938354
6074375168.0,-0.3418480157852173
6075312640.0,-0.35892704129219055
6076250112.0,-0.3731882870197296
6077187584.0,-0.3878882825374603
6078125056.0,-0.40022382140159607
6079062528.0,-0.4132070541381836
6080000000.0,-0.4232909083366394
6080937472.0,-0.4314633905887604
6081874944.0,-0.4390331208705902
6082812416.0,-0.4445592761039734
6083749888.0,-0.4477497935295105
6084687360.0,-0.4500458538532257
6085624832.0,-0.4512854516506195
6086562304.0,-0.4500388503074646
6087499776.0,-0.44899776577949524
6088437248.0,-0.4457733929157257
6089375232.0,-0.43998193740844727
6090312704.0,-0.437019020318985
6091250176.0,-0.42925700545310974
6092187648.0,-0.42209866642951965
6093125120.0,-0.41174355149269104
6094062592.0,-0.4016009271144867
6095000064.0,-0.39042928814888
6095937536.0,-0.37701666355133057
6096875008.0,-0.36420342326164246
6097812480.0,-0.35047006607055664
6098749952.0,-0.33596688508987427
6099687424.0,-0.32053980231285095
6100624896.0,-0.30624064803123474
6101562368.0,-0.2900868356227875
6102499840.0,-0.27472928166389465
6103437312.0,-0.2593451738357544
6104374784.0,-0.24440115690231323
6105312256.0,-0.22813193500041962
6106250240.0,-0.2146250605583191
6107187712.0,-0.1992344707250595
6108125184.0,-0.1844724714756012
6109062656.0,-0.17283231019973755
6110000128.0,-0.15803730487823486
6110937600.0,-0.14540649950504303
6111875072.0,-0.13298307359218597
6112812544.0,-0.1212984025478363
6113750016.0,-0.11082807183265686
6114687488.0,-0.10056116431951523
6115624960.0,-0.09141051024198532
6116562432.0,-0.08340843766927719
6117499904.0,-0.07616263628005981
6118437376.0,-0.07222115248441696
6119374848.0,-0.07194992899894714
6120312320.0,-0.07304862141609192
6121249792.0,-0.07456851005554199
6122187264.0,-0.07652989029884338
6123125248.0,-0.08153938502073288
6124062720.0,-0.08796399086713791
6125000192.0,-0.1412781924009323
6125937664.0,-0.1558561623096466
6126875136.0,-0.169569730758667
6127812608.0,-0.1851796954870224
6128750080.0,-0.20018650591373444
6129687552.0,-0.21675941348075867
6130625024.0,-0.23303601145744324
6131562496.0,-0.24901463091373444
6132499968.0,-0.2643592953681946
6133437440.0,-0.28015947341918945
6134374912.0,-0.2960450351238251
6135312384.0,-0.3111421763896942
6136249856.0,-0.3269209861755371
6137187328.0,-0.3419053852558136
6138124800.0,-0.35677051544189453
6139062272.0,-0.3701421320438385
6140000256.0,-0.3841969668865204
6140937728.0,-0.39619675278663635
6141875200.0,-0.4072331488132477
6142812672.0,-0.41673582792282104
6143750144.0,-0.42566272616386414
6144687616.0,-0.4358670115470886
6145625088.0,-0.44378185272216797
6146562560.0,-0.45083606243133545
6147500032.0,-0.455178439617157
6148437504.0,-0.457927942276001
6149374976.0,-0.45906656980514526
6150312448.0,-0.4594203531742096
6151249920.0,-0.45715203881263733
6152187392.0,-0.4530940353870392
6153124864.0,-0.44845831394195557
6154062336.0,-0.44221511483192444
6154999808.0,-0.43459925055503845
6155937280.0,-0.4275813400745392
6156874752.0,-0.41743630170822144
6157812736.0,-0.40645042061805725
6158750208.0,-0.3947005271911621
6159687680.0,-0.38215965032577515
6160625152.0,-0.3687526285648346
6161562624.0,-0.35520434379577637
6162500096.0,-0.33986347913742065
6163437568.0,-0.3255821168422699
6164375040.0,-0.3125205636024475
6165312512.0,-0.29716259241104126
6166249984.0,-0.2843970060348511
6167187456.0,-0.2706742584705353
6168124928.0,-0.2564575970172882
6169062400.0,-0.24290865659713745
6169999872.0,-0.2297363132238388
6170937344.0,-0.21476751565933228
6171874816.0,-0.20222137868404388
6172812288.0,-0.18993377685546875
6173749760.0,-0.17845730483531952
6174687744.0,-0.1670786738395691
6175625216.0,-0.15854080021381378
6176562688.0,-0.15034812688827515
6177500160.0,-0.14253371953964233
6178437632.0,-0.13632386922836304
6179375104.0,-0.13129834830760956
6180312576.0,-0.12830767035484314
6181250048.0,-0.12568005919456482
6182187520.0,-0.1253359317779541
6183124992.0,-0.12661205232143402
6184062464.0,-0.13026945292949677
6184999936.0,-0.27372220158576965
6185937408.0,-0.28927502036094666
6186874880.0,-0.30521753430366516
6187812352.0,-0.322998583316803
6188749824.0,-0.3393575847148895
6189687296.0,-0.35619908571243286
6190624768.0,-0.3734864294528961
6191562752.0,-0.3900838792324066
6192500224.0,-0.40484321117401123
6193437696.0,-0.4188173711299896
6194375168.0,-0.4309287667274475
6195312640.0,-0.44024553894996643
6196250112.0,-0.449599951505661
6197187584.0,-0.4564535915851593
6198125056.0,-0.4629206955432892
6199062528.0,-0.46608585119247437
6200000000.0,-0.4707651138305664
6200937472.0,-0.4720490872859955
6201874944.0,-0.4734993577003479
6202812416.0,-0.47466710209846497
6203749888.0,-0.4755023121833801
6204687360.0,-0.47767022252082825
6205624832.0,-0.4798383414745331
6206562304.0,-0.4828384220600128
6207499776.0,-0.48751014471054077
6208437248.0,-0.4951265752315521
6209375232.0,-0.5011375546455383
6210312704.0,-0.5094531774520874
6211250176.0,-0.5175167322158813
6212187648.0,-0.5254014134407043
6213125120.0,-0.5332015752792358
6214062592.0,-0.5385981798171997
6215000064.0,-0.5410399436950684
6215937536.0,-0.5357152819633484
6216875008.0,-0.5289024710655212
6217812480.0,-0.5205563902854919
6218749952.0,-0.5109138488769531
6219687424.0,-0.4999694228172302
6220624896.0,-0.48717066645622253
6221562368.0,-0.4747266471385956
6222499840.0,-0.46256816387176514
6223437312.0,-0.44958004355430603
6224374784.0,-0.4359355866909027
6225312256.0,-0.42520493268966675
6226250240.0,-0.4133968651294708
6227187712.0,-0.4033777415752411
6228125184.0,-0.3936764597892761
6229062656.0,-0.38437116146087646
6230000128.0,-0.3760968744754791
6230937600.0,-0.3683503270149231
6231875072.0,-0.36233311891555786
6232812544.0,-0.35572680830955505
6233750016.0,-0.34923285245895386
6234687488.0,-0.34436094760894775
6235624960.0,-0.33944523334503174
6236562432.0,-0.3334292471408844
6237499904.0,-0.3276544213294983
6238437376.0,-0.32164090871810913
6239374848.0,-0.3148573935031891
6240312320.0,-0.30883079767227173
6241249792.0,-0.3007315397262573
6242187264.0,-0.29392367601394653
6243125248.0,-0.2863824665546417
6244062720.0,-0.2789425849914551
6245000192.0,-0.4241507053375244
6245937664.0,-0.424763947725296
6246875136.0,-0.42798686027526855
6247812608.0,-0.4327303469181061
6248750080.0,-0.43977871537208557
6249687552.0,-0.44840437173843384
6250625024.0,-0.4587286710739136
6251562496.0,-0.4740458130836487
6252499968.0,-0.4894254505634308
6253437440.0,-0.507139265537262
6254374912.0,-0.5285122990608215
6255312384.0,-0.550898551940918
6256249856.0,-0.5755637288093567
6257187328.0,-0.601210355758667
6258124800.0,-0.6285982131958008
6259062272.0,-0.6562981009483337
6259999744.0,-0.6852951645851135
6260937728.0,-0.7138491868972778
6261875200.0,-0.740333080291748
6262812672.0,-0.7680655717849731
6263750144.0,-0.7925516366958618
6264687616.0,-0.8159303069114685
6265625088.0,-0.8366204500198364
6266562560.0,-0.8536021709442139
6267500032.0,-0.8677716851234436
6268437504.0,-0.8780904412269592
6269374976.0,-0.8846665620803833
6270312448.0,-0.8877330422401428
6271249920.0,-0.8892063498497009
6272187392.0,-0.8853741884231567
6273124864.0,-0.8786513209342957
6274062336.0,-0.8695657849311829
6274999808.0,-0.853992223739624
6275937280.0,-0.8366310000419617
6276874752.0,-0.8164659142494202
6277812736.0,-0.793465256690979
6278750208.0,-0.768832802772522
6279687680.0,-0.7438879013061523
6280625152.0,-0.7168453931808472
6281562624.0,-0.687086284160614
6282500096.0,-0.6583144068717957
6283437568.0,-0.6280534267425537
6284375040.0,-0.5976130962371826
6285312512.0,-0.5666449666023254
6286249984.0,-0.5362374186515808
6287187456.0,-0.5066802501678467
6288124928.0,-0.47890520095825195
6289062400.0,-0.4516826272010803
6289999872.0,-0.4268035590648651
6290937344.0,-0.4023626148700714
6291874816.0,-0.3817174434661865
6292812288.0,-0.36358973383903503
6293749760.0,-0.34733232855796814
6294687744.0,-0.3340732455253601
6295625216.0,-0.32413044571876526
6296562688.0,-0.32111793756484985
6297500160.0,-0.32027721405029297
6298437632.0,-0.3217533826828003
6299375104.0,-0.32756707072257996
6300312576.0,-0.3352706730365753
6301250048.0,-0.34609362483024597
6302187520.0,-0.3596659004688263
6303124992.0,-0.3757028579711914
6304062464.0,-0.3943747878074646
6304999936.0,-0.5319904685020447
6305937408.0,-0.5523963570594788
6306874880.0,-0.5732501149177551
6307812352.0,-0.5955055952072144
6308749824.0,-0.6196938753128052
6309687296.0,-0.6447166800498962
6310624768.0,-0.6714816093444824
6311562752.0,-0.6968285441398621
6312500224.0,-0.7236454486846924
6313437696.0,-0.7512878775596619
6314375168.0,-0.7769327759742737
6315312640.0,-0.8046430945396423
6316250112.0,-0.8297324776649475
6317187584.0,-0.854834258556366
6318125056.0,-0.8788278698921204
6319062528.0,-0.9012232422828674
6320000000.0,-0.9203519225120544
6320937472.0,-0.9383636116981506
6321874944.0,-0.9537327289581299
6322812416.0,-0.9678694605827332
6323749888.0,-0.978299081325531
6324687360.0,-0.9849272966384888
6325624832.0,-0.9905543327331543
6326562304.0,-0.9929500222206116
6327499776.0,-0.9912376999855042
6328437248.0,-0.988014280796051
6329375232.0,-0.9829573035240173
6330312704.0,-0.9745678901672363
6331250176.0,-0.9659408330917358
6332187648.0,-0.954456627368927
6333125120.0,-0.9405300617218018
6334062592.0,-0.9254997968673706
6335000064.0,-0.9084903597831726
6335937536.0,-0.8892331719398499
6336875008.0,-0.8690146207809448
6337812480.0,-0.8495329022407532
6338749952.0,-0.828046441078186
6339687424.0,-0.8061270713806152
6340624896.0,-0.783078670501709
6341562368.0,-0.7596414685249329
6342499840.0,-0.7362982034683228
6343437312.0,-0.71213698387146
6344374784.0,-0.6902900338172913
6345312256.0,-0.6674572825431824
6346250240.0,-0.6461876630783081
6347187712.0,-0.6244245171546936
6348125184.0,-0.6019333600997925
6349062656.0,-0.5829745531082153
6350000128.0,-0.5647244453430176
6350937600.0,-0.5488343834877014
6351875072.0,-0.5337193608283997
6352812544.0,-0.5210025310516357
6353750016.0,-0.5095208883285522
6354687488.0,-0.49956849217414856
6355624960.0,-0.4935723841190338
6356562432.0,-0.48884665966033936
6357499904.0,-0.48722758889198303
6358437376.0,-0.4883001744747162
6359374848.0,-0.4923265278339386
6360312320.0,-0.4966569244861603
6361249792.0,-0.5061153769493103
6362187264.0,-0.5169069170951843
6363125248.0,-0.5300780534744263
6364062720.0,-0.5460515022277832
6365000192.0,-0.8232071995735168
6365937664.0,-0.8279932141304016
6366875136.0,-0.8349788784980774
6367812608.0,-0.8416808843612671
6368750080.0,-0.8489745259284973
6369687552.0,-0.8575112223625183
6370625024.0,-0.8662233948707581
6371562496.0,-0.8746985793113708
6372499968.0,-0.8839569091796875
6373437440.0,-0.8938705921173096
6374374912.0,-0.902533233165741
6375312384.0,-0.9123907685279846
6376249856.0,-0.9207597970962524
6377187328.0,-0.9301812052726746
6378124800.0,-0.9394134283065796
6379062272.0,-0.9476955533027649
6380000256.0,-0.9550188779830933
6380937728.0,-0.9616224765777588
6381875200.0,-0.9674928188323975
6382812672.0,-0.9732049107551575
6383750144.0,-0.9784035086631775
6384687616.0,-0.9822811484336853
6385625088.0,-0.9863184094429016
6386562560.0,-0.9888990521430969
6387500032.0,-0.9920140504837036
6388437504.0,-0.9945754408836365
6389374976.0,-0.9967496991157532
6390312448.0,-0.9979119896888733
6391249920.0,-0.997262716293335
6392187392.0,-0.9983674883842468
6393124864.0,-0.9981837272644043
6394062336.0,-0.997666597366333
6394999808.0,-0.9968662858009338
6395937280.0,-0.995853066444397
6396874752.0,-0.9935899972915649
6397812736.0,-0.9916357398033142
6398750208.0,-0.9893398880958557
6399687680.0,-0.9878609776496887
6400625152.0,-0.9860584139823914
6401562624.0,-0.9837397933006287
6402500096.0,-0.9831425547599792
6403437568.0,-0.9823587536811829
6404375040.0,-0.9819148182868958
6405312512.0,-0.981658935546875
6406249984.0,-0.9833114743232727
6407187456.0,-0.9838310480117798
6408124928.0,-0.9862523674964905
6409062400.0,-0.9892439842224121
6409999872.0,-0.9918553233146667
6410937344.0,-0.9954444169998169
6411874816.0,-1.0007007122039795
6412812288.0,-1.0068399906158447
6413749760.0,-1.012731909751892
6414687744.0,-1.0200546979904175
6415625216.0,-1.0263384580612183
6416562688.0,-1.0337514877319336
6417500160.0,-1.0412036180496216
6418437632.0,-1.0494378805160522
6419375104.0,-1.0570706129074097
6420312576.0,-1.064907193183899
6421250048.0,-1.0726935863494873
6422187520.0,-1.0787389278411865
6423124992.0,-1.0833338499069214
6424062464.0,-1.0876611471176147
6424999936.0,-1.1047991514205933
6425937408.0,-1.1173957586288452
6426874880.0,-1.1297136545181274
6427812352.0,-1.1404696702957153
6428749824.0,-1.1491330862045288
6429687296.0,-1.1566928625106812
6430624768.0,-1.1631799936294556
6431562752.0,-1.1667613983154297
6432500224.0,-1.1698503494262695
6433437696.0,-1.1696476936340332
6434375168.0,-1.1691893339157104
6435312640.0,-1.1658097505569458
6436250112.0,-1.1620521545410156
6437187584.0,-1.157702922821045
6438125056.0,-1.1509366035461426
6439062528.0,-1.1439450979232788
6440000000.0,-1.1336925029754639
6440937472.0,-1.1233702898025513
6441874944.0,-1.1108239889144897
6442812416.0,-1.0990601778030396
6443749888.0,-1.086413860321045
6444687360.0,-1.073011875152588
6445624832.0,-1.059515118598938
6446562304.0,-1.0464096069335938
6447499776.0,-1.033168911933899
6448437248.0,-1.0200023651123047
6449375232.0,-1.0082170963287354
6450312704.0,-0.997609555721283
6451250176.0,-0.987287700176239
6452187648.0,-0.9769024848937988
6453125120.0,-0.9671733975410461
6454062592.0,-0.95953768491745
6455000064.0,-0.9517170190811157
6455937536.0,-0.9458783864974976
6456875008.0,-0.9409316182136536
6457812480.0,-0.9358876943588257
6458749952.0,-0.9300881028175354
6459687424.0,-0.9255849123001099
6460624896.0,-0.9217424988746643
6461562368.0,-0.9173176288604736
6462499840.0,-0.9127512574195862
6463437312.0,-0.9095508456230164
6464374784.0,-0.9055228233337402
6465312256.0,-0.9018300771713257
6466250240.0,-0.8981061577796936
6467187712.0,-0.8945325016975403
6468125184.0,-0.8887119293212891
6469062656.0,-0.8845744132995605
6470000128.0,-0.8797042965888977
6470937600.0,-0.874269425868988
6471875072.0,-0.8694618940353394
6472812544.0,-0.8644132614135742
6473750016.0,-0.8607795238494873
6474687488.0,-0.8582232594490051
6475624960.0,-0.854831337928772
6476562432.0,-0.8522413969039917
6477499904.0,-0.8493937849998474
6478437376.0,-0.8469055891036987
6479374848.0,-0.8430382609367371
6480312320.0,-0.8407983779907227
6481249792.0,-0.8389452695846558
6482187264.0,-0.836584746837616
6483125248.0,-0.8356584906578064
6484062720.0,-0.8355057835578918
6485000192.0,-0.9373051524162292
6485937664.0,-0.9446411728858948
6486875136.0,-0.9516270756721497
6487812608.0,-0.9601467251777649
6488750080.0,-0.9664846062660217
6489687552.0,-0.9738528728485107
6490625024.0,-0.9813079237937927
6491562496.0,-0.9876212477684021
6492499968.0,-0.994175374507904
6493437440.0,-0.9988011121749878
6494374912.0,-1.003372073173523
6495312384.0,-1.0083478689193726
6496249856.0,-1.0115455389022827
6497187328.0,-1.014789342880249
6498124800.0,-1.0167382955551147
6499062272.0,-1.0169395208358765
6499999744.0,-1.0166120529174805
6500937728.0,-1.0146828889846802
6501875200.0,-1.0112478733062744
6502812672.0,-1.007123589515686
6503750144.0,-1.0021380186080933
6504687616.0,-0.9954617023468018
6505625088.0,-0.9883590936660767
6506562560.0,-0.979785144329071
6507500032.0,-0.970344066619873
6508437504.0,-0.9601649641990662
6509374976.0,-0.9496657848358154
6510312448.0,-0.9385691285133362
6511249920.0,-0.9281483292579651
6512187392.0,-0.9151887893676758
6513124864.0,-0.9038227796554565
6514062336.0,-0.892737627029419
6514999808.0,-0.8826126456260681
6515937280.0,-0.8721657395362854
6516874752.0,-0.8607011437416077
6517812736.0,-0.8516993522644043
6518750208.0,-0.8408465385437012
6519687680.0,-0.8313375115394592
6520625152.0,-0.8218518495559692
6521562624.0,-0.8138312697410583
6522500096.0,-0.8063643574714661
6523437568.0,-0.7998174428939819
6524375040.0,-0.7932026386260986
6525312512.0,-0.7883453369140625
6526249984.0,-0.7831456661224365
6527187456.0,-0.7789050340652466
6528124928.0,-0.7756977081298828
6529062400.0,-0.7745313048362732
6529999872.0,-0.7743970155715942
6530937344.0,-0.7759159207344055
6531874816.0,-0.7764832973480225
6532812288.0,-0.7781729102134705
6533749760.0,-0.7797964215278625
6534687744.0,-0.783281683921814
6535625216.0,-0.7879115343093872
6536562688.0,-0.792682945728302
6537500160.0,-0.7979421019554138
6538437632.0,-0.804508626461029
6539375104.0,-0.8124885559082031
6540312576.0,-0.8198782801628113
6541250048.0,-0.8293637037277222
6542187520.0,-0.836000919342041
6543124992.0,-0.8451140522956848
6544062464.0,-0.8522093296051025
6544999936.0,-0.8509776592254639
6545937408.0,-0.8547500967979431
6546874880.0,-0.8593880534172058
6547812352.0,-0.8622493743896484
6548749824.0,-0.8685681223869324
6549687296.0,-0.8734009265899658
6550624768.0,-0.8776533007621765
6551562752.0,-0.881010115146637
6552500224.0,-0.8851704597473145
6553437696.0,-0.8885292410850525
6554375168.0,-0.8943672180175781
6555312640.0,-0.8998126983642578
6556250112.0,-0.9076441526412964
6557187584.0,-0.9154850840568542
6558125056.0,-0.9256787896156311
6559062528.0,-0.9364962577819824
6560000000.0,-0.9468673467636108
6560937472.0,-0.9590829610824585
6561874944.0,-0.970429003238678
6562812416.0,-0.9832951426506042
6563749888.0,-0.9964417815208435
6564687360.0,-1.009365200996399
6565624832.0,-1.0239583253860474
6566562304.0,-1.0368767976760864
6567499776.0,-1.0506682395935059
6568437248.0,-1.0632983446121216
6569375232.0,-1.0766679048538208
6570312704.0,-1.0882896184921265
6571250176.0,-1.0998270511627197
6572187648.0,-1.1115745306015015
6573125120.0,-1.1205203533172607
6574062592.0,-1.1319646835327148
6575000064.0,-1.1393473148345947
6575937536.0,-1.1476527452468872
6576875008.0,-1.1546528339385986
6577812480.0,-1.1595906019210815
6578749952.0,-1.1660740375518799
6579687424.0,-1.1700334548950195
6580624896.0,-1.172047734260559
6581562368.0,-1.1727304458618164
6582499840.0,-1.1737253665924072
6583437312.0,-1.1729861497879028
6584374784.0,-1.1718404293060303
6585312256.0,-1.169391393661499
6586250240.0,-1.1654056310653687
6587187712.0,-1.1625360250473022
6588125184.0,-1.1591627597808838
6589062656.0,-1.1563619375228882
6590000128.0,-1.1522574424743652
6590937600.0,-1.147217035293579
6591875072.0,-1.1439428329467773
6592812544.0,-1.1396557092666626
6593750016.0,-1.135633945465088
6594687488.0,-1.129922866821289
6595624960.0,-1.1258137226104736
6596562432.0,-1.121962308883667
6597499904.0,-1.1177116632461548
6598437376.0,-1.1149994134902954
6599374848.0,-1.1122797727584839
6600312320.0,-1.1102334260940552
6601249792.0,-1.108810305595398
6602187264.0,-1.1092041730880737
6603125248.0,-1.109757423400879
6604062720.0,-1.1124439239501953
6605000192.0,-1.111398458480835
6605937664.0,-1.1175717115402222
6606875136.0,-1.1236839294433594
6607812608.0,-1.128989338874817
6608750080.0,-1.1347465515136719
6609687552.0,-1.1381187438964844
6610625024.0,-1.1416192054748535
6611562496.0,-1.1459600925445557
6612499968.0,-1.1494783163070679
6613437440.0,-1.1526464223861694
6614374912.0,-1.1559396982192993
6615312384.0,-1.1602250337600708
6616249856.0,-1.164393663406372
6617187328.0,-1.1689252853393555
6618124800.0,-1.173055648803711
6619062272.0,-1.1773995161056519
6620000256.0,-1.1838010549545288
6620937728.0,-1.1899774074554443
6621875200.0,-1.1985983848571777
6622812672.0,-1.2081865072250366
6623750144.0,-1.2180150747299194
6624687616.0,-1.2298825979232788
6625625088.0,-1.2437282800674438
6626562560.0,-1.2619551420211792
6627500032.0,-1.2780483961105347
6628437504.0,-1.2980411052703857
6629374976.0,-1.3169385194778442
6630312448.0,-1.338211178779602
6631249920.0,-1.359543800354004
6632187392.0,-1.3806899785995483
6633124864.0,-1.402589201927185
6634062336.0,-1.4230760335922241
6634999808.0,-1.4446308612823486
6635937280.0,-1.4640051126480103
6636874752.0,-1.4831993579864502
6637812736.0,-1.5020886659622192
6638750208.0,-1.519536018371582
6639687680.0,-1.536120057106018
6640625152.0,-1.5526423454284668
6641562624.0,-1.567151665687561
6642500096.0,-1.583038568496704
6643437568.0,-1.5979266166687012
6644375040.0,-1.611193060874939
6645312512.0,-1.6241202354431152
6646249984.0,-1.6345828771591187
6647187456.0,-1.6449247598648071
6648124928.0,-1.6536403894424438
6649062400.0,-1.6599211692810059
6649999872.0,-1.6673671007156372
6650937344.0,-1.6715396642684937
6651874816.0,-1.6770151853561401
6652812288.0,-1.6810024976730347
6653749760.0,-1.6830205917358398
6654687744.0,-1.6856266260147095
6655625216.0,-1.6870253086090088
6656562688.0,-1.6883631944656372
6657500160.0,-1.690828800201416
6658437632.0,-1.693215012550354
6659375104.0,-1.698128342628479
6660312576.0,-1.7036017179489136
6661250048.0,-1.7108747959136963
6662187520.0,-1.7195378541946411
6663124992.0,-1.7297025918960571
6664062464.0,-1.741990089416504
6664999936.0,-1.7665908336639404
6665937408.0,-1.7804616689682007
6666874880.0,-1.7928035259246826
6667812352.0,-1.807820439338684
6668749824.0,-1.8205950260162354
6669687296.0,-1.8351017236709595
6670624768.0,-1.8485212326049805
6671562752.0,-1.8628768920898438
6672500224.0,-1.8762779235839844
6673437696.0,-1.8890671730041504
6674375168.0,-1.9008574485778809
6675312640.0,-1.9127004146575928
6676250112.0,-1.9207881689071655
6677187584.0,-1.9250444173812866
6678125056.0,-1.9308416843414307
6679062528.0,-1.9370496273040771
6680000000.0,-1.942745327949524
6680937472.0,-1.949103832244873
6681874944.0,-1.954559087753296
6682812416.0,-1.95927894115448
6683749888.0,-1.9620709419250488
6684687360.0,-1.9631825685501099
6685624832.0,-1.9654489755630493
6686562304.0,-1.9659655094146729
6687499776.0,-1.9666938781738281
6688437248.0,-1.9672753810882568
6689375232.0,-1.9707295894622803
6690312704.0,-1.9744398593902588
6691250176.0,-1.9787875413894653
6692187648.0,-1.9835600852966309
6693125120.0,-1.9894119501113892
6694062592.0,-1.996411919593811
6695000064.0,-2.0060195922851562
6695937536.0,-2.016834259033203
6696875008.0,-2.0308682918548584
6697812480.0,-2.046603202819824
6698749952.0,-2.0644023418426514
6699687424.0,-2.083458423614502
6700624896.0,-2.107473611831665
6701562368.0,-2.1305222511291504
6702499840.0,-2.1554088592529297
6703437312.0,-2.182415246963501
6704374784.0,-2.207167148590088
6705312256.0,-2.232161283493042
6706250240.0,-2.259164571762085
6707187712.0,-2.2847418785095215
6708125184.0,-2.310826539993286
6709062656.0,-2.3373279571533203
6710000128.0,-2.3604745864868164
6710937600.0,-2.3843183517456055
6711875072.0,-2.402682065963745
6712812544.0,-2.419182300567627
6713750016.0,-2.430004596710205
6714687488.0,-2.4383482933044434
6715624960.0,-2.442681312561035
6716562432.0,-2.4471383094787598
6717499904.0,-2.4494152069091797
6718437376.0,-2.450289249420166
6719374848.0,-2.4499738216400146
6720312320.0,-2.448847770690918
6721249792.0,-2.4474902153015137
6722187264.0,-2.4457955360412598
6723125248.0,-2.4448046684265137
6724062720.0,-2.4456725120544434
6725000192.0,-2.423795223236084
6725937664.0,-2.426501989364624
6726875136.0,-2.42925763130188
6727812608.0,-2.4346163272857666
6728750080.0,-2.440991163253784
6729687552.0,-2.449037551879883
6730625024.0,-2.4587650299072266
6731562496.0,-2.472050189971924
6732499968.0,-2.487352132797241
6733437440.0,-2.50632381439209
6734374912.0,-2.5283384323120117
6735312384.0,-2.551713466644287
6736249856.0,-2.576033353805542
6737187328.0,-2.6020760536193848
6738124800.0,-2.63080096244812
6739062272.0,-2.6620969772338867
6739999744.0,-2.694434881210327
6740937728.0,-2.7282474040985107
6741875200.0,-2.7633252143859863
6742812672.0,-2.798581838607788
6743750144.0,-2.8340868949890137
6744687616.0,-2.8697752952575684
6745625088.0,-2.905451774597168
6746562560.0,-2.9367501735687256
6747500032.0,-2.9681243896484375
6748437504.0,-2.9954214096069336
6749374976.0,-3.019854784011841
6750312448.0,-3.0424489974975586
6751249920.0,-3.0633742809295654
6752187392.0,-3.0856783390045166
6753124864.0,-3.1007347106933594
6754062336.0,-3.1129283905029297
6754999808.0,-3.1223835945129395
6755937280.0,-3.12605881690979
6756874752.0,-3.1244518756866455
6757812736.0,-3.1208086013793945
6758750208.0,-3.111339569091797
6759687680.0,-3.0989201068878174
6760625152.0,-3.0814707279205322
6761562624.0,-3.0602595806121826
6762500096.0,-3.033240556716919
6763437568.0,-3.002117872238159
6764375040.0,-2.9666683673858643
6765312512.0,-2.9267446994781494
6766249984.0,-2.8831586837768555
6767187456.0,-2.8348281383514404
6768124928.0,-2.782846689224243
6769062400.0,-2.7256927490234375
6769999872.0,-2.6666600704193115
6770937344.0,-2.603405475616455
6771874816.0,-2.5398306846618652
6772812288.0,-2.475219249725342
6773749760.0,-2.4102416038513184
6774687744.0,-2.347170352935791
6775625216.0,-2.28482985496521
6776562688.0,-2.2255783081054688
6777500160.0,-2.168794870376587
6778437632.0,-2.118635892868042
6779375104.0,-2.0723605155944824
6780312576.0,-2.027479887008667
6781250048.0,-1.9838823080062866
6782187520.0,-1.942541241645813
6783124992.0,-1.9045445919036865
6784062464.0,-1.8707231283187866
6784999936.0,-2.3180620670318604
6785937408.0,-2.2983038425445557
6786874880.0,-2.279622793197632
6787812352.0,-2.2622416019439697
6788749824.0,-2.2475664615631104
6789687296.0,-2.233656167984009
6790624768.0,-2.2213985919952393
6791562752.0,-2.2114274501800537
6792500224.0,-2.202671527862549
6793437696.0,-2.196397066116333
6794375168.0,-2.1932826042175293
6795312640.0,-2.191873550415039
6796250112.0,-2.1924262046813965
6797187584.0,-2.1942975521087646
6798125056.0,-2.195610284805298
6799062528.0,-2.1994853019714355
6800000000.0,-2.204225778579712
6800937472.0,-2.2101826667785645
6801874944.0,-2.21787166595459
6802812416.0,-2.2246768474578857
6803749888.0,-2.238206148147583
6804687360.0,-2.2521109580993652
6805624832.0,-2.268723487854004
6806562304.0,-2.2874679565429688
6807499776.0,-2.3057568073272705
6808437248.0,-2.323518753051758
6809375232.0,-2.3413450717926025
6810312704.0,-2.358684778213501
6811250176.0,-2.375194787979126
6812187648.0,-2.390136241912842
6813125120.0,-2.4031100273132324
6814062592.0,-2.415562629699707
6815000064.0,-2.4266464710235596
6815937536.0,-2.43591046333313
6816875008.0,-2.4428958892822266
6817812480.0,-2.4478650093078613
6818749952.0,-2.449167013168335
6819687424.0,-2.446786403656006
6820624896.0,-2.43890380859375
6821562368.0,-2.4289231300354004
6822499840.0,-2.4158260822296143
6823437312.0,-2.3999173641204834
6824374784.0,-2.3797457218170166
6825312256.0,-2.358351230621338
6826250240.0,-2.3324220180511475
6827187712.0,-2.3037006855010986
6828125184.0,-2.2726495265960693
6829062656.0,-2.2359743118286133
6830000128.0,-2.1981759071350098
6830937600.0,-2.1596593856811523
6831875072.0,-2.116347074508667
6832812544.0,-2.0734758377075195
6833750016.0,-2.028620481491089
6834687488.0,-1.9844470024108887
6835624960.0,-1.9427578449249268
6836562432.0,-1.9009654521942139
6837499904.0,-1.8614637851715088
6838437376.0,-1.8228780031204224
6839374848.0,-1.7845579385757446
6840312320.0,-1.7494721412658691
6841249792.0,-1.7146687507629395
6842187264.0,-1.6818336248397827
6843125248.0,-1.651237964630127
6844062720.0,-1.6212865114212036
6845000192.0,-1.5157835483551025
6845937664.0,-1.4889159202575684
6846875136.0,-1.4639500379562378
6847812608.0,-1.441437005996704
6848750080.0,-1.4209270477294922
6849687552.0,-1.4030224084854126
6850625024.0,-1.3877460956573486
6851562496.0,-1.3756073713302612
6852499968.0,-1.3664581775665283
6853437440.0,-1.361752986907959
6854374912.0,-1.3592654466629028
6855312384.0,-1.3594468832015991
6856249856.0,-1.3622775077819824
6857187328.0,-1.3679860830307007
6858124800.0,-1.3761918544769287
6859062272.0,-1.3876992464065552
6860000256.0,-1.4021438360214233
6860937728.0,-1.416947841644287
6861875200.0,-1.433228611946106
6862812672.0,-1.450939416885376
6863750144.0,-1.4705890417099
6864687616.0,-1.4901745319366455
6865625088.0,-1.5091608762741089
6866562560.0,-1.5279982089996338
6867500032.0,-1.5461724996566772
6868437504.0,-1.563600778579712
6869374976.0,-1.5803120136260986
6870312448.0,-1.5965312719345093
6871249920.0,-1.610344409942627
6872187392.0,-1.6213985681533813
6873124864.0,-1.6306312084197998
6874062336.0,-1.636778712272644
6874999808.0,-1.6416906118392944
6875937280.0,-1.6429274082183838
6876874752.0,-1.6422803401947021
6877812736.0,-1.639020323753357
6878750208.0,-1.6337313652038574
6879687680.0,-1.6249713897705078
6880625152.0,-1.6110608577728271
6881562624.0,-1.597743034362793
6882500096.0,-1.579953908920288
6883437568.0,-1.5602965354919434
6884375040.0,-1.538964033126831
6885312512.0,-1.5146876573562622
6886249984.0,-1.4868015050888062
6887187456.0,-1.4593151807785034
6888124928.0,-1.4304858446121216
6889062400.0,-1.400740146636963
6889999872.0,-1.3695168495178223
6890937344.0,-1.3386374711990356
6891874816.0,-1.3069970607757568
6892812288.0,-1.2753537893295288
6893749760.0,-1.2433286905288696
6894687744.0,-1.2133699655532837
6895625216.0,-1.183658242225647
6896562688.0,-1.1551498174667358
6897500160.0,-1.1252743005752563
6898437632.0,-1.0991812944412231
6899375104.0,-1.0743324756622314
6900312576.0,-1.0502914190292358
6901250048.0,-1.0281074047088623
6902187520.0,-1.0092368125915527
6903124992.0,-0.992876410484314
6904062464.0,-0.9784494042396545
6904999936.0,-0.9769569039344788
6905937408.0,-0.9741452932357788
6906874880.0,-0.9716498255729675
6907812352.0,-0.9723129868507385
6908749824.0,-0.9737703800201416
6909687296.0,-0.976600170135498
6910624768.0,-0.9804904460906982
6911562752.0,-0.9852453470230103
6912500224.0,-0.9895097613334656
6913437696.0,-0.9949302673339844
6914375168.0,-1.000175952911377
6915312640.0,-1.0035276412963867
6916250112.0,-1.0080926418304443
6917187584.0,-1.0101515054702759
6918125056.0,-1.0121355056762695
6919062528.0,-1.0133107900619507
6920000000.0,-1.0117794275283813
6920937472.0,-1.0102726221084595
6921874944.0,-1.0055203437805176
6922812416.0,-1.0004829168319702
6923749888.0,-0.9930245876312256
6924687360.0,-0.9840145111083984
6925624832.0,-0.9717365503311157
6926562304.0,-0.9588868618011475
6927499776.0,-0.9436245560646057
6928437248.0,-0.9280956983566284
6929375232.0,-0.910405695438385
6930312704.0,-0.8919209837913513
6931250176.0,-0.8713715672492981
6932187648.0,-0.8498262166976929
6933125120.0,-0.8286862969398499
6934062592.0,-0.807637095451355
6935000064.0,-0.7859694957733154
6935937536.0,-0.7627274990081787
6936875008.0,-0.7408087253570557
6937812480.0,-0.7180912494659424
6938749952.0,-0.6966164112091064
6939687424.0,-0.6749182939529419
6940624896.0,-0.6551039218902588
6941562368.0,-0.6353066563606262
6942499840.0,-0.6184356212615967
6943437312.0,-0.6015353798866272
6944374784.0,-0.5870304107666016
6945312256.0,-0.5741890072822571
6946250240.0,-0.5623898506164551
6947187712.0,-0.5522611141204834
6948125184.0,-0.5459567308425903
6949062656.0,-0.5389589071273804
6950000128.0,-0.5344471335411072
6950937600.0,-0.5315943956375122
6951875072.0,-0.5306894183158875
6952812544.0,-0.5306856632232666
6953750016.0,-0.5306280851364136
6954687488.0,-0.5326167941093445
6955624960.0,-0.535128116607666
6956562432.0,-0.53974449634552
6957499904.0,-0.5487444996833801
6958437376.0,-0.5564471483230591
6959374848.0,-0.5653618574142456
6960312320.0,-0.5759283900260925
6961249792.0,-0.5852084159851074
6962187264.0,-0.5944457650184631
6963125248.0,-0.6050117015838623
6964062720.0,-0.6149052977561951
6965000192.0,-0.522063672542572
6965937664.0,-0.5308337807655334
6966875136.0,-0.5400581955909729
6967812608.0,-0.5510509610176086
6968750080.0,-0.5611861944198608
6969687552.0,-0.571216881275177
6970625024.0,-0.5825570225715637
6971562496.0,-0.5925344228744507
6972499968.0,-0.6041972637176514
6973437440.0,-0.6144464612007141
6974374912.0,-0.6258811950683594
6975312384.0,-0.6375365853309631
6976249856.0,-0.6492538452148438
6977187328.0,-0.6613405346870422
6978124800.0,-0.6742772459983826
6979062272.0,-0.6841784715652466
6979999744.0,-0.6972684860229492
6980937728.0,-0.7095465660095215
6981875200.0,-0.7190102338790894
6982812672.0,-0.7279979586601257
6983750144.0,-0.7363212704658508
6984687616.0,-0.7447600960731506
6985625088.0,-0.7514210343360901
6986562560.0,-0.7595651745796204
6987500032.0,-0.7657990455627441
6988437504.0,-0.7722334861755371
6989374976.0,-0.7788113951683044
6990312448.0,-0.7826985120773315
6991249920.0,-0.786346435546875
6992187392.0,-0.7881428599357605
6993124864.0,-0.787872850894928
6994062336.0,-0.7865510582923889
6994999808.0,-0.7830873131752014
6995937280.0,-0.7785964012145996
6996874752.0,-0.7737097144126892
6997812736.0,-0.7667068243026733
6998750208.0,-0.7587186694145203
6999687680.0,-0.7506722211837769
7000625152.0,-0.7404943704605103
7001562624.0,-0.7299094200134277
7002500096.0,-0.7192733287811279
7003437568.0,-0.7077229619026184
7004375040.0,-0.6952724456787109
7005312512.0,-0.6816675066947937
7006249984.0,-0.6696491837501526
7007187456.0,-0.6544856429100037
7008124928.0,-0.6377440690994263
7009062400.0,-0.6209369897842407
7009999872.0,-0.6040525436401367
7010937344.0,-0.5868399143218994
7011874816.0,-0.5691260695457458
7012812288.0,-0.5525670647621155
7013749760.0,-0.5349755883216858
7014687744.0,-0.5193997025489807
7015625216.0,-0.5028559565544128
7016562688.0,-0.486786425113678
7017500160.0,-0.47183743119239807
7018437632.0,-0.4571290910243988
7019375104.0,-0.4421287178993225
7020312576.0,-0.4281403422355652
7021250048.0,-0.4143243432044983
7022187520.0,-0.40210774540901184
7023124992.0,-0.3905928134918213
7024062464.0,-0.3810079097747803
7024999936.0,-0.2901625633239746
7025937408.0,-0.29350268840789795
7026874880.0,-0.29737454652786255
7027812352.0,-0.3022148013114929
7028749824.0,-0.308017760515213
7029687296.0,-0.314699649810791
7030624768.0,-0.32203051447868347
7031562752.0,-0.33022618293762207
7032500224.0,-0.34051457047462463
7033437696.0,-0.3522009551525116
7034375168.0,-0.364546000957489
7035312640.0,-0.37677112221717834
7036250112.0,-0.3899739384651184
7037187584.0,-0.402626633644104
7038125056.0,-0.41625523567199707
7039062528.0,-0.4302639365196228
7040000000.0,-0.44511356949806213
7040937472.0,-0.45974475145339966
7041874944.0,-0.4735599160194397
7042812416.0,-0.487271249294281
7043749888.0,-0.5015411972999573
7044687360.0,-0.515633761882782
7045624832.0,-0.5279297232627869
7046562304.0,-0.5403783321380615
7047499776.0,-0.5511557459831238
7048437248.0,-0.5626493096351624
7049375232.0,-0.5724974274635315
7050312704.0,-0.5814120769500732
7051250176.0,-0.5880098342895508
7052187648.0,-0.5925832390785217
7053125120.0,-0.5966480374336243
7054062592.0,-0.6006746292114258
7055000064.0,-0.602806568145752
7055937536.0,-0.6046540141105652
7056875008.0,-0.6031808853149414
7057812480.0,-0.6042575240135193
7058749952.0,-0.6040650010108948
7059687424.0,-0.6048738360404968
7060624896.0,-0.6027421355247498
7061562368.0,-0.5991336703300476
7062499840.0,-0.5942701697349548
7063437312.0,-0.5887229442596436
7064374784.0,-0.5808765888214111
7065312256.0,-0.5721752643585205
7066250240.0,-0.5624054670333862
7067187712.0,-0.5512346625328064
7068125184.0,-0.5389950275421143
7069062656.0,-0.5276551246643066
7070000128.0,-0.5152206420898438
7070937600.0,-0.501257598400116
7071875072.0,-0.4882533848285675
7072812544.0,-0.4741876721382141
7073750016.0,-0.4605778157711029
7074687488.0,-0.44515088200569153
7075624960.0,-0.43025320768356323
7076562432.0,-0.4152502119541168
7077499904.0,-0.39969661831855774
7078437376.0,-0.38376501202583313
7079374848.0,-0.36716434359550476
7080312320.0,-0.3518519699573517
7081249792.0,-0.33693650364875793
7082187264.0,-0.32065704464912415
7083125248.0,-0.30566591024398804
7084062720.0,-0.289855420589447
7085000192.0,-0.3538172245025635
7085937664.0,-0.34323015809059143
7086875136.0,-0.33201083540916443
7087812608.0,-0.3218480944633484
7088750080.0,-0.31138354539871216
7089687552.0,-0.3022206127643585
7090625024.0,-0.29262828826904297
7091562496.0,-0.2844959795475006
7092499968.0,-0.27748024463653564
7093437440.0,-0.2713974714279175
7094374912.0,-0.2668720483779907
7095312384.0,-0.2631690800189972
7096249856.0,-0.2601778209209442
7097187328.0,-0.25994887948036194
7098124800.0,-0.25916165113449097
7099062272.0,-0.2624984085559845
7100000256.0,-0.2653883695602417
7100937728.0,-0.27008113265037537
7101875200.0,-0.27836909890174866
7102812672.0,-0.2877773642539978
7103750144.0,-0.29849156737327576
7104687616.0,-0.31045597791671753
7105625088.0,-0.3234342336654663
7106562560.0,-0.33741074800491333
7107500032.0,-0.3535955250263214
7108437504.0,-0.37016087770462036
7109374976.0,-0.3892681896686554
7110312448.0,-0.40924155712127686
7111249920.0,-0.43091851472854614
7112187392.0,-0.45279648900032043
7113124864.0,-0.47516879439353943
7114062336.0,-0.4971573054790497
7114999808.0,-0.5200940370559692
7115937280.0,-0.542289137840271
7116874752.0,-0.5639891028404236
7117812736.0,-0.5847653150558472
7118750208.0,-0.6068441271781921
7119687680.0,-0.62676602602005
7120625152.0,-0.6469435691833496
7121562624.0,-0.6651216149330139
7122500096.0,-0.6815536618232727
7123437568.0,-0.6973093152046204
7124375040.0,-0.7102446556091309
7125312512.0,-0.7211816906929016
7126249984.0,-0.7307866215705872
7127187456.0,-0.739014208316803
7128124928.0,-0.7444804310798645
7129062400.0,-0.7470236420631409
7129999872.0,-0.748197078704834
7130937344.0,-0.748669445514679
7131874816.0,-0.7447522878646851
7132812288.0,-0.7398135662078857
7133749760.0,-0.7327706217765808
7134687744.0,-0.7236826419830322
7135625216.0,-0.7123841643333435
7136562688.0,-0.6985441446304321
7137500160.0,-0.6837235689163208
7138437632.0,-0.6678295731544495
7139375104.0,-0.6502344012260437
7140312576.0,-0.6309395432472229
7141250048.0,-0.6120010614395142
7142187520.0,-0.5899882316589355
7143124992.0,-0.5698879361152649
7144062464.0,-0.43108582496643066
7144999936.0,-0.43057820200920105
7145937408.0,-0.42770978808403015
7146874880.0,-0.4266805946826935
7147812352.0,-0.4230444133281708
7148749824.0,-0.4201316833496094
7149687296.0,-0.4172907769680023
7150624768.0,-0.416012167930603
7151562752.0,-0.4138166010379791
7152500224.0,-0.41296839714050293
7153437696.0,-0.41107577085494995
7154375168.0,-0.4132603406906128
7155312640.0,-0.41543465852737427
7156250112.0,-0.41871407628059387
7157187584.0,-0.4254363477230072
7158125056.0,-0.4309016764163971
7159062528.0,-0.4399162828922272
7160000000.0,-0.4468839168548584
7160937472.0,-0.4540574252605438
7161874944.0,-0.4618377089500427
7162812416.0,-0.4701157808303833
7163749888.0,-0.48016467690467834
7164687360.0,-0.49044737219810486
7165624832.0,-0.5026310086250305
7166562304.0,-0.5130785703659058
7167499776.0,-0.5235382318496704
7168437248.0,-0.5346744656562805
7169375232.0,-0.5442515015602112
7170312704.0,-0.5531089305877686
7171250176.0,-0.5612237453460693
7172187648.0,-0.5683832764625549
7173125120.0,-0.5740149617195129
7174062592.0,-0.5793130993843079
7175000064.0,-0.58184415102005
7175937536.0,-0.5835561156272888
7176875008.0,-0.5828436017036438
7177812480.0,-0.5825108289718628
7178749952.0,-0.5793044567108154
7179687424.0,-0.5740465521812439
7180624896.0,-0.5690481066703796
7181562368.0,-0.5598231554031372
7182499840.0,-0.551267683506012
7183437312.0,-0.5418011546134949
7184374784.0,-0.5305650234222412
7185312256.0,-0.5166523456573486
7186250240.0,-0.49983465671539307
7187187712.0,-0.48209846019744873
7188125184.0,-0.46358418464660645
7189062656.0,-0.4441118836402893
7190000128.0,-0.4238843321800232
7190937600.0,-0.40562546253204346
7191875072.0,-0.38546931743621826
7192812544.0,-0.3667561709880829
7193750016.0,-0.34696081280708313
7194687488.0,-0.32815030217170715
7195624960.0,-0.3102606236934662
7196562432.0,-0.2931654155254364
7197499904.0,-0.27799975872039795
7198437376.0,-0.2631920278072357
7199374848.0,-0.24970008432865143
7200312320.0,-0.23870590329170227
7201249792.0,-0.2293834239244461
7202187264.0,-0.22237882018089294
7203125248.0,-0.2166895717382431
7204062720.0,-0.31632643938064575
7205000192.0,-0.3274187743663788
7205937664.0,-0.341137170791626
7206875136.0,-0.35952287912368774
7207812608.0,-0.37853357195854187
7208750080.0,-0.4018973410129547
7209687552.0,-0.42878198623657227
7210625024.0,-0.45579132437705994
7211562496.0,-0.4868305027484894
7212499968.0,-0.5193556547164917
7213437440.0,-0.5525915026664734
7214374912.0,-0.5869932770729065
7215312384.0,-0.6210264563560486
7216249856.0,-0.6551622748374939
7217187328.0,-0.6891246438026428
7218124800.0,-0.7218518257141113
7219062272.0,-0.7539750933647156
7219999744.0,-0.7835323214530945
7220937728.0,-0.811616063117981
7221875200.0,-0.835425615310669
7222812672.0,-0.8563711643218994
7223750144.0,-0.8747855424880981
7224687616.0,-0.8855869174003601
7225625088.0,-0.8930895328521729
7226562560.0,-0.8972520232200623
7227500032.0,-0.8985968828201294
7228437504.0,-0.8930736184120178
7229374976.0,-0.883324921131134
7230312448.0,-0.8710972666740417
7231249920.0,-0.8525420427322388
7232187392.0,-0.8309475183486938
7233124864.0,-0.8051890730857849
7234062336.0,-0.7763760089874268
7234999808.0,-0.7436962127685547
7235937280.0,-0.7096188068389893
7236874752.0,-0.674258828163147
7237812736.0,-0.637094259262085
7238750208.0,-0.596221387386322
7239687680.0,-0.556364893913269
7240625152.0,-0.5142676830291748
7241562624.0,-0.471266508102417
7242500096.0,-0.428727388381958
7243437568.0,-0.38565871119499207
7244375040.0,-0.3424958884716034
7245312512.0,-0.30004122853279114
7246249984.0,-0.2595639228820801
7247187456.0,-0.22016187012195587
7248124928.0,-0.182222381234169
7249062400.0,-0.14610153436660767
7249999872.0,-0.11231199651956558
7250937344.0,-0.0825347825884819
7251874816.0,-0.056630939245224
7252812288.0,-0.03291114419698715
7253749760.0,-0.012135141529142857
7254687744.0,0.0048380750231444836
7255625216.0,0.018352694809436798
7256562688.0,0.026573218405246735
7257500160.0,0.031748536974191666
7258437632.0,0.03217586502432823
7259375104.0,0.0280234944075346
7260312576.0,0.02123180590569973
7261250048.0,0.009635613299906254
7262187520.0,-0.007328374776989222
7263124992.0,-0.028523655608296394
7264062464.0,-0.30747929215431213
7264999936.0,-0.3026084303855896
7265937408.0,-0.30085548758506775
7266874880.0,-0.30131301283836365
7267812352.0,-0.3032625913619995
7268749824.0,-0.30896201729774475
7269687296.0,-0.31690916419029236
7270624768.0,-0.3274517357349396
7271562752.0,-0.33914056420326233
7272500224.0,-0.3528990149497986
7273437696.0,-0.3673831522464752
7274375168.0,-0.3843173086643219
7275312640.0,-0.40149202942848206
7276250112.0,-0.4191185534000397
7277187584.0,-0.43540579080581665
7278125056.0,-0.45166319608688354
7279062528.0,-0.467091828584671
7280000000.0,-0.4807083010673523
7280937472.0,-0.4935508370399475
7281874944.0,-0.5045381784439087
7282812416.0,-0.5151169300079346
7283749888.0,-0.5233154892921448
7284687360.0,-0.5279778838157654
7285624832.0,-0.532218337059021
7286562304.0,-0.5319919586181641
7287499776.0,-0.5336712598800659
7288437248.0,-0.5336698889732361
7289375232.0,-0.5314720869064331
7290312704.0,-0.5262899398803711
7291250176.0,-0.5208539962768555
7292187648.0,-0.5127668976783752
7293125120.0,-0.5021100640296936
7294062592.0,-0.48847049474716187
7295000064.0,-0.4742107689380646
7295937536.0,-0.4594673812389374
7296875008.0,-0.4418044686317444
7297812480.0,-0.42402276396751404
7298749952.0,-0.407149076461792
7299687424.0,-0.39024412631988525
7300624896.0,-0.3715277910232544
7301562368.0,-0.35353511571884155
7302499840.0,-0.33681854605674744
7303437312.0,-0.319970041513443
7304374784.0,-0.3041515648365021
7305312256.0,-0.2885712683200836
7306250240.0,-0.27571240067481995
7307187712.0,-0.26328521966934204
7308125184.0,-0.25245222449302673
7309062656.0,-0.2426038682460785
7310000128.0,-0.2346256673336029
7310937600.0,-0.22812388837337494
7311875072.0,-0.22188568115234375
7312812544.0,-0.22005975246429443
7313750016.0,-0.21742360293865204
7314687488.0,-0.21702556312084198
7315624960.0,-0.21568158268928528
7316562432.0,-0.21545995771884918
7317499904.0,-0.21519900858402252
7318437376.0,-0.21437904238700867
7319374848.0,-0.21146100759506226
7320312320.0,-0.20767131447792053
7321249792.0,-0.20218653976917267
7322187264.0,-0.1954314261674881
7323125248.0,-0.18698765337467194
7324062720.0,-0.3316670060157776
7325000192.0,-0.31175097823143005
7325937664.0,-0.28756609559059143
7326875136.0,-0.2631169855594635
7327812608.0,-0.23727278411388397
7328750080.0,-0.21098296344280243
7329687552.0,-0.1827920377254486
7330625024.0,-0.1556549072265625
7331562496.0,-0.12940634787082672
7332499968.0,-0.10508345067501068
7333437440.0,-0.08417684584856033
7334374912.0,-0.06409206986427307
7335312384.0,-0.05149457976222038
7336249856.0,-0.041935380548238754
7337187328.0,-0.03683726117014885
7338124800.0,-0.035793740302324295
7339062272.0,-0.03733827918767929
7340000256.0,-0.04325564205646515
7340937728.0,-0.053107570856809616
7341875200.0,-0.06894063204526901
7342812672.0,-0.08827631920576096
7343750144.0,-0.10893803089857101
7344687616.0,-0.13399189710617065
7345625088.0,-0.15873947739601135
7346562560.0,-0.18613548576831818
7347500032.0,-0.21205207705497742
7348437504.0,-0.23714213073253632
7349374976.0,-0.2588629126548767
7350312448.0,-0.27830708026885986
7351249920.0,-0.29470548033714294
7352187392.0,-0.30751749873161316
7353124864.0,-0.3155478537082672
7354062336.0,-0.31825152039527893
7354999808.0,-0.31636154651641846
7355937280.0,-0.30982327461242676
7356874752.0,-0.298279732465744
7357812736.0,-0.2826283574104309
7358750208.0,-0.26282721757888794
7359687680.0,-0.23861834406852722
7360625152.0,-0.21160167455673218
7361562624.0,-0.18238025903701782
7362500096.0,-0.1506233662366867
7363437568.0,-0.11894074827432632
7364375040.0,-0.08362709730863571
7365312512.0,-0.049505699425935745
7366249984.0,-0.01667933166027069
7367187456.0,0.012590507045388222
7368124928.0,0.03847168758511543
7369062400.0,0.06079480051994324
7369999872.0,0.07686597108840942
7370937344.0,0.09141866862773895
7371874816.0,0.10200397670269012
7372812288.0,0.10960603505373001
7373749760.0,0.11545808613300323
7374687744.0,0.11870978772640228
7375625216.0,0.1210927739739418
7376562688.0,0.12241555750370026
7377500160.0,0.12295322120189667
7378437632.0,0.12126210331916809
7379375104.0,0.11908932775259018
7380312576.0,0.11481232941150665
7381250048.0,0.10870496183633804
7382187520.0,0.10197306424379349
7383124992.0,0.09360507875680923
7384062464.0,-0.2143932282924652
7384999936.0,-0.23145507276058197
7385937408.0,-0.24991938471794128
7386874880.0,-0.2677065432071686
7387812352.0,-0.2828209102153778
7388749824.0,-0.2997357249259949
7389687296.0,-0.31393200159072876
7390624768.0,-0.32572296261787415
7391562752.0,-0.33549290895462036
7392500224.0,-0.3427485227584839
7393437696.0,-0.34682345390319824
7394375168.0,-0.3478437066078186
7395312640.0,-0.344455748796463
7396250112.0,-0.339206337928772
7397187584.0,-0.32882213592529297
7398125056.0,-0.3153887093067169
7399062528.0,-0.2993273138999939
7400000000.0,-0.27833524346351624
7400937472.0,-0.25416120886802673
7401874944.0,-0.2272961437702179
7402812416.0,-0.19852396845817566
7403749888.0,-0.16684578359127045
7404687360.0,-0.13389648497104645
7405624832.0,-0.0980604961514473
7406562304.0,-0.06251887232065201
7407499776.0,-0.02691306360065937
7408437248.0,0.009516327641904354
7409375232.0,0.04541463404893875
7410312704.0,0.08114699274301529
7411250176.0,0.11456937342882156
7412187648.0,0.14846903085708618
7413125120.0,0.17907942831516266
7414062592.0,0.20762044191360474
7415000064.0,0.23330633342266083
7415937536.0,0.25737500190734863
7416875008.0,0.27930471301078796
7417812480.0,0.29550254344940186
7418749952.0,0.30897074937820435
7419687424.0,0.3192913234233856
7420624896.0,0.3262712359428406
7421562368.0,0.32917118072509766
7422499840.0,0.32832762598991394
7423437312.0,0.32396015524864197
7424374784.0,0.3161314129829407
7425312256.0,0.30386364459991455
7426250240.0,0.28965628147125244
7427187712.0,0.27230969071388245
7428125184.0,0.2499576210975647
7429062656.0,0.22730307281017303
7430000128.0,0.20141935348510742
7430937600.0,0.17413590848445892
7431875072.0,0.14484646916389465
7432812544.0,0.11355478316545486
7433750016.0,0.0827748253941536
7434687488.0,0.05100548639893532
7435624960.0,0.020106520503759384
7436562432.0,-0.012217587791383266
7437499904.0,-0.043522968888282776
7438437376.0,-0.07417929172515869
7439374848.0,-0.1030539944767952
7440312320.0,-0.1325664073228836
7441249792.0,-0.16161762177944183
7442187264.0,-0.1891067624092102
7443125248.0,-0.21304835379123688
7444062720.0,0.032579757273197174
7445000192.0,0.01798013411462307
7445937664.0,0.0034162220545113087
7446875136.0,-0.013927626423537731
7447812608.0,-0.030935367569327354
7448750080.0,-0.04786907136440277
7449687552.0,-0.06490273773670197
7450625024.0,-0.08028285950422287
7451562496.0,-0.09318912774324417
7452499968.0,-0.1066107451915741
7453437440.0,-0.11679346114397049
7454374912.0,-0.12617343664169312
7455312384.0,-0.13262464106082916
7456249856.0,-0.13711027801036835
7457187328.0,-0.13999824225902557
7458124800.0,-0.14026322960853577
7459062272.0,-0.13769935071468353
7459999744.0,-0.13439299166202545
7460937728.0,-0.12878559529781342
7461875200.0,-0.12145960330963135
7462812672.0,-0.11229003965854645
7463750144.0,-0.10201460123062134
7464687616.0,-0.09121761471033096
7465625088.0,-0.08167971670627594
7466562560.0,-0.07394517958164215
7467500032.0,-0.06578885018825531
7468437504.0,-0.05691000074148178
7469374976.0,-0.04936088249087334
7470312448.0,-0.041889697313308716
7471249920.0,-0.03540132939815521
7472187392.0,-0.029805099591612816
7473124864.0,-0.026439515873789787
7474062336.0,-0.02417539618909359
7474999808.0,-0.023239407688379288
7475937280.0,-0.024602625519037247
7476874752.0,-0.027406159788370132
7477812736.0,-0.030634714290499687
7478750208.0,-0.036859478801488876
7479687680.0,-0.04401976242661476
7480625152.0,-0.05287095904350281
7481562624.0,-0.06126689165830612
7482500096.0,-0.07225321978330612
7483437568.0,-0.08293959498405457
7484375040.0,-0.09421853721141815
7485312512.0,-0.10631486028432846
7486249984.0,-0.11805293709039688
7487187456.0,-0.12958091497421265
7488124928.0,-0.14139319956302643
7489062400.0,-0.1508447676897049
7489999872.0,-0.16019131243228912
7490937344.0,-0.16670550405979156
7491874816.0,-0.17244786024093628
7492812288.0,-0.1746445596218109
7493749760.0,-0.1763097643852234
7494687744.0,-0.17584550380706787
7495625216.0,-0.17311953008174896
7496562688.0,-0.16980576515197754
7497500160.0,-0.1635724902153015
7498437632.0,-0.15578658878803253
7499375104.0,-0.14652036130428314
7500312576.0,-0.13690899312496185
7501250048.0,-0.12613557279109955
7502187520.0,-0.11457501351833344
7503124992.0,-0.10351236909627914
7504062464.0,-0.09604518860578537
7504999936.0,-0.06984937936067581
7505937408.0,-0.04668932035565376
7506874880.0,-0.027194200083613396
7507812352.0,-0.009688368998467922
7508749824.0,0.0041899592615664005
7509687296.0,0.012800193391740322
7510624768.0,0.01834571361541748
7511562752.0,0.01926605962216854
7512500224.0,0.017421329393982887
7513437696.0,0.010924060828983784
7514375168.0,0.001482970081269741
7515312640.0,-0.011071152985095978
7516250112.0,-0.024626130238175392
7517187584.0,-0.03827539086341858
7518125056.0,-0.05323908478021622
7519062528.0,-0.0685395747423172
7520000000.0,-0.08368026465177536
7520937472.0,-0.09685803949832916
7521874944.0,-0.11157204955816269
7522812416.0,-0.12285491824150085
7523749888.0,-0.13339459896087646
7524687360.0,-0.14061899483203888
7525624832.0,-0.14526715874671936
7526562304.0,-0.14778058230876923
7527499776.0,-0.1465638130903244
7528437248.0,-0.1431569755077362
7529375232.0,-0.1367558389902115
7530312704.0,-0.1286398023366928
7531250176.0,-0.11759500950574875
7532187648.0,-0.10557679831981659
7533125120.0,-0.0914539024233818
7534062592.0,-0.0772099420428276
7535000064.0,-0.06293852627277374
7535937536.0,-0.04819190129637718
7536875008.0,-0.035159606486558914
7537812480.0,-0.023491270840168
7538749952.0,-0.013777529820799828
7539687424.0,-0.006822871044278145
7540624896.0,-0.0033749258145689964
7541562368.0,-0.0015454039676114917
7542499840.0,-0.003607402788475156
7543437312.0,-0.010199732147157192
7544374784.0,-0.021737875416874886
7545312256.0,-0.036788277328014374
7546250240.0,-0.05599888041615486
7547187712.0,-0.07881465554237366
7548125184.0,-0.10408301651477814
7549062656.0,-0.13165001571178436
7550000128.0,-0.16199807822704315
7550937600.0,-0.19118556380271912
7551875072.0,-0.22208158671855927
7552812544.0,-0.25030261278152466
7553750016.0,-0.2758995592594147
7554687488.0,-0.3007635176181793
7555624960.0,-0.32078292965888977
7556562432.0,-0.33913642168045044
7557499904.0,-0.355968177318573
7558437376.0,-0.3715200424194336
7559374848.0,-0.38597986102104187
7560312320.0,-0.3998524248600006
7561249792.0,-0.4123058617115021
7562187264.0,-0.42479175329208374
7563125248.0,-0.43664416670799255
7564062720.0,-0.44729748368263245
7565000192.0,-0.43489161133766174
7565937664.0,-0.4185240864753723
7566875136.0,-0.40098628401756287
7567812608.0,-0.3790426254272461
7568750080.0,-0.3549850285053253
7569687552.0,-0.33004212379455566
7570625024.0,-0.3039335310459137
7571562496.0,-0.277494341135025
7572499968.0,-0.2483416497707367
7573437440.0,-0.2189292013645172
7574374912.0,-0.19002410769462585
7575312384.0,-0.16224917769432068
7576249856.0,-0.13388752937316895
7577187328.0,-0.10580874979496002
7578124800.0,-0.08026209473609924
7579062272.0,-0.055155083537101746
7580000256.0,-0.031059274449944496
7580937728.0,-0.009134584106504917
7581875200.0,0.010570377111434937
7582812672.0,0.028568752110004425
7583750144.0,0.04492207616567612
7584687616.0,0.0586153119802475
7585625088.0,0.06886995583772659
7586562560.0,0.0783032476902008
7587500032.0,0.08272393047809601
7588437504.0,0.08563914149999619
7589374976.0,0.08686018735170364
7590312448.0,0.08524803072214127
7591249920.0,0.08158911764621735
7592187392.0,0.07560870796442032
7593124864.0,0.06934477388858795
7594062336.0,0.06037512421607971
7594999808.0,0.04954932630062103
7595937280.0,0.03832707554101944
7596874752.0,0.025377662852406502
7597812736.0,0.009983552619814873
7598750208.0,-0.0061249881982803345
7599687680.0,-0.023158378899097443
7600625152.0,-0.03923419117927551
7601562624.0,-0.05737835913896561
7602500096.0,-0.07493393868207932
7603437568.0,-0.09323757886886597
7604375040.0,-0.1102699264883995
7605312512.0,-0.1267019510269165
7606249984.0,-0.1441473513841629
7607187456.0,-0.1586366444826126
7608124928.0,-0.17354731261730194
7609062400.0,-0.18719865381717682
7609999872.0,-0.1986636370420456
7610937344.0,-0.20966562628746033
7611874816.0,-0.21946653723716736
7612812288.0,-0.2280193716287613
7613749760.0,-0.23440717160701752
7614687744.0,-0.2398865967988968
7615625216.0,-0.24389861524105072
7616562688.0,-0.24730457365512848
7617500160.0,-0.24991276860237122
7618437632.0,-0.2522270977497101
7619375104.0,-0.25693491101264954
7620312576.0,-0.26170381903648376
7621250048.0,-0.2660941481590271
7622187520.0,-0.2684887647628784
7623124992.0,-0.2722584009170532
7624062464.0,-0.27076029777526855
7624999936.0,-0.27806007862091064
7625937408.0,-0.28148508071899414
7626874880.0,-0.28572022914886475
7627812352.0,-0.2863211929798126
7628749824.0,-0.2844257354736328
7629687296.0,-0.28214195370674133
7630624768.0,-0.2767327129840851
7631562752.0,-0.2704080641269684
7632500224.0,-0.26117536425590515
7633437696.0,-0.2513214945793152
7634375168.0,-0.24204561114311218
7635312640.0,-0.23041501641273499
7636250112.0,-0.21859674155712128
7637187584.0,-0.20539897680282593
7638125056.0,-0.19337977468967438
7639062528.0,-0.1799044907093048
7640000000.0,-0.16838648915290833
7640937472.0,-0.15659649670124054
7641874944.0,-0.14534525573253632
7642812416.0,-0.1349228322505951
7643749888.0,-0.12647463381290436
7644687360.0,-0.12116952985525131
7645624832.0,-0.11591997742652893
7646562304.0,-0.1128067821264267
7647499776.0,-0.11211208254098892
7648437248.0,-0.10982206463813782
7649375232.0,-0.11100459843873978
7650312704.0,-0.11293195188045502
7651250176.0,-0.11575949937105179
7652187648.0,-0.1207607313990593
7653125120.0,-0.12674279510974884
7654062592.0,-0.13226673007011414
7655000064.0,-0.13953280448913574
7655937536.0,-0.14685723185539246
7656875008.0,-0.15383809804916382
7657812480.0,-0.16318324208259583
7658749952.0,-0.1712624728679657
7659687424.0,-0.17957529425621033
7660624896.0,-0.18663299083709717
7661562368.0,-0.19475972652435303
7662499840.0,-0.20212043821811676
7663437312.0,-0.21122637391090393
7664374784.0,-0.2177290916442871
7665312256.0,-0.22409552335739136
7666250240.0,-0.22966991364955902
7667187712.0,-0.2341454029083252
7668125184.0,-0.23670044541358948
7669062656.0,-0.23931977152824402
7670000128.0,-0.24069635570049286
7670937600.0,-0.239951491355896
7671875072.0,-0.23820607364177704
7672812544.0,-0.2360474020242691
7673750016.0,-0.23258447647094727
7674687488.0,-0.2283596694469452
7675624960.0,-0.22337090969085693
7676562432.0,-0.21559913456439972
7677499904.0,-0.2083297222852707
7678437376.0,-0.20092317461967468
7679374848.0,-0.1922043263912201
7680312320.0,-0.18426167964935303
7681249792.0,-0.17410559952259064
7682187264.0,-0.16385093331336975
7683125248.0,-0.15457755327224731
7684062720.0,0.07596926391124725
7685000192.0,0.09049565345048904
7685937664.0,0.10191807895898819
7686875136.0,0.11078885942697525
7687812608.0,0.1184319406747818
7688750080.0,0.12225546687841415
7689687552.0,0.1237480491399765
7690625024.0,0.12372606247663498
7691562496.0,0.12028400599956512
7692499968.0,0.11432402580976486
7693437440.0,0.1061268299818039
7694374912.0,0.094756118953228
7695312384.0,0.08086445182561874
7696249856.0,0.06410564482212067
7697187328.0,0.04566191881895065
7698124800.0,0.024076389148831367
7699062272.0,0.0024026893079280853
7699999744.0,-0.01993337646126747
7700937728.0,-0.04512106254696846
7701875200.0,-0.06907780468463898
7702812672.0,-0.09385791420936584
7703750144.0,-0.11719927936792374
7704687616.0,-0.14172838628292084
7705625088.0,-0.16333480179309845
7706562560.0,-0.18586468696594238
7707500032.0,-0.2054455578327179
7708437504.0,-0.22431497275829315
7709374976.0,-0.2409784346818924
7710312448.0,-0.2561132609844208
7711249920.0,-0.27063027024269104
7712187392.0,-0.28250932693481445
7713124864.0,-0.292479932308197
7714062336.0,-0.3015096187591553
7714999808.0,-0.30687862634658813
7715937280.0,-0.312644898891449
7716874752.0,-0.3154297471046448
7717812736.0,-0.3164796233177185
7718750208.0,-0.31598079204559326
7719687680.0,-0.31486424803733826
7720625152.0,-0.3109852075576782
7721562624.0,-0.30502498149871826
7722500096.0,-0.2981683015823364
7723437568.0,-0.2918829321861267
7724375040.0,-0.28442490100860596
7725312512.0,-0.2777325510978699
7726249984.0,-0.26987579464912415
7727187456.0,-0.26215988397598267
7728124928.0,-0.2548610270023346
7729062400.0,-0.24748528003692627
7729999872.0,-0.2407507747411728
7730937344.0,-0.23453278839588165
7731874816.0,-0.22862140834331512
7732812288.0,-0.22272354364395142
7733749760.0,-0.21682648360729218
7734687744.0,-0.21336719393730164
7735625216.0,-0.2090427279472351
7736562688.0,-0.2055848240852356
7737500160.0,-0.20387834310531616
7738437632.0,-0.2030951976776123
7739375104.0,-0.20270757377147675
7740312576.0,-0.20420923829078674
7741250048.0,-0.20520630478858948
7742187520.0,-0.207890123128891
7743124992.0,-0.21185562014579773
7744062464.0,-0.20007522404193878
7744999936.0,-0.16319654881954193
7745937408.0,-0.12375769019126892
7746874880.0,-0.08294479548931122
7747812352.0,-0.042382076382637024
7748749824.0,-0.004731417633593082
7749687296.0,0.03342239558696747
7750624768.0,0.06828770041465759
7751562752.0,0.10018391162157059
7752500224.0,0.1301097869873047
7753437696.0,0.15663295984268188
7754375168.0,0.17947342991828918
7755312640.0,0.19880042970180511
7756250112.0,0.2154991179704666
7757187584.0,0.22798123955726624
7758125056.0,0.23614953458309174
7759062528.0,0.2432040274143219
7760000000.0,0.24462032318115234
7760937472.0,0.2429088056087494
7761874944.0,0.2386741191148758
7762812416.0,0.23097512125968933
7763749888.0,0.222418412566185
7764687360.0,0.20996694266796112
7765624832.0,0.19562429189682007
7766562304.0,0.1798408478498459
7767499776.0,0.16211055219173431
7768437248.0,0.14272786676883698
7769375232.0,0.12305789440870285
7770312704.0,0.10317310690879822
7771250176.0,0.08311010152101517
7772187648.0,0.06256593763828278
7773125120.0,0.04139607027173042
7774062592.0,0.021327458322048187
7775000064.0,0.001326872268691659
7775937536.0,-0.01885392889380455
7776875008.0,-0.037788040935993195
7777812480.0,-0.05654919520020485
7778749952.0,-0.07394586503505707
7779687424.0,-0.09141355752944946
7780624896.0,-0.10845285654067993
7781562368.0,-0.12438696622848511
7782499840.0,-0.13982096314430237
7783437312.0,-0.15273471176624298
7784374784.0,-0.165009543299675
7785312256.0,-0.17730174958705902
7786250240.0,-0.18835125863552094
7787187712.0,-0.1994277536869049
7788125184.0,-0.21043609082698822
7789062656.0,-0.21805647015571594
7790000128.0,-0.22681207954883575
7790937600.0,-0.23542743921279907
7791875072.0,-0.2425517737865448
7792812544.0,-0.2487669438123703
7793750016.0,-0.2551139295101166
7794687488.0,-0.2594783306121826
7795624960.0,-0.26444011926651
7796562432.0,-0.2698881924152374
7797499904.0,-0.27655676007270813
7798437376.0,-0.2841649651527405
7799374848.0,-0.2892839014530182
7800312320.0,-0.2923186719417572
7801249792.0,-0.29429370164871216
7802187264.0,-0.295017808675766
7803125248.0,-0.29383665323257446
7804062720.0,-0.27664288878440857
7805000192.0,-0.2687053978443146
7805937664.0,-0.2592463493347168
7806875136.0,-0.24806265532970428
7807812608.0,-0.23641528189182281
7808750080.0,-0.22376848757266998
7809687552.0,-0.20925000309944153
7810625024.0,-0.1967911422252655
7811562496.0,-0.18144147098064423
7812499968.0,-0.16646282374858856
7813437440.0,-0.15138332545757294
7814374912.0,-0.13450251519680023
7815312384.0,-0.11800380051136017
7816249856.0,-0.1012859046459198
7817187328.0,-0.0845036432147026
7818124800.0,-0.06841704249382019
7819062272.0,-0.05144542083144188
7820000256.0,-0.03540479764342308
7820937728.0,-0.019724855199456215
7821875200.0,-0.004537178203463554
7822812672.0,0.006507013458758593
7823750144.0,0.01709635555744171
7824687616.0,0.027405474334955215
7825625088.0,0.03708868473768234
7826562560.0,0.04498951882123947
7827500032.0,0.05258958414196968
7828437504.0,0.05930809676647186
7829374976.0,0.06455525755882263
7830312448.0,0.07102911174297333
7831249920.0,0.07637319713830948
7832187392.0,0.07947632670402527
7833124864.0,0.08409684151411057
7834062336.0,0.08698980510234833
7834999808.0,0.08967190235853195
7835937280.0,0.09206409007310867
7836874752.0,0.09411555528640747
7837812736.0,0.09502813220024109
7838750208.0,0.09639029204845428
7839687680.0,0.09743840247392654
7840625152.0,0.09787493944168091
7841562624.0,0.09819415211677551
7842500096.0,0.09777256101369858
7843437568.0,0.09838932752609253
7844375040.0,0.09755010902881622
7845312512.0,0.09637533873319626
7846249984.0,0.09556421637535095
7847187456.0,0.09399522840976715
7848124928.0,0.08997121453285217
7849062400.0,0.08581307530403137
7849999872.0,0.08036264032125473
7850937344.0,0.07487953454256058
7851874816.0,0.06890302896499634
7852812288.0,0.06355549395084381
7853749760.0,0.0556783564388752
7854687744.0,0.04833155497908592
7855625216.0,0.040149372071027756
7856562688.0,0.031112363561987877
7857500160.0,0.021186189725995064
7858437632.0,0.011138172820210457
7859375104.0,0.001105229719541967
7860312576.0,-0.009057212620973587
7861250048.0,-0.02035568840801716
7862187520.0,-0.030259648337960243
7863124992.0,-0.041026771068573
7864062464.0,0.05497325211763382
7864999936.0,0.046053145080804825
7865937408.0,0.036118607968091965
7866874880.0,0.028537625446915627
7867812352.0,0.020604729652404785
7868749824.0,0.01475848350673914
7869687296.0,0.008661668747663498
7870624768.0,0.0027735326439142227
7871562752.0,-0.0015173439169302583
7872500224.0,-0.006437321659177542
7873437696.0,-0.012871924787759781
7874375168.0,-0.021010730415582657
7875312640.0,-0.027705566957592964
7876250112.0,-0.03418462723493576
7877187584.0,-0.04156075417995453
7878125056.0,-0.049486786127090454
7879062528.0,-0.05763132497668266
7880000000.0,-0.06777118891477585
7880937472.0,-0.07864601910114288
7881874944.0,-0.08977221697568893
7882812416.0,-0.10413435101509094
7883749888.0,-0.11680077016353607
7884687360.0,-0.13344064354896545
7885624832.0,-0.14967550337314606
7886562304.0,-0.16858382523059845
7887499776.0,-0.18883129954338074
7888437248.0,-0.20962108671665192
7889375232.0,-0.2338363081216812
7890312704.0,-0.2567625045776367
7891250176.0,-0.2827149033546448
7892187648.0,-0.3075646162033081
7893125120.0,-0.332935094833374
7894062592.0,-0.35797712206840515
7895000064.0,-0.3830626308917999
7895937536.0,-0.405645489692688
7896875008.0,-0.42941996455192566
7897812480.0,-0.4501435160636902
7898749952.0,-0.4694746434688568
7899687424.0,-0.48466840386390686
7900624896.0,-0.499164342880249
7901562368.0,-0.5097861886024475
7902499840.0,-0.5177711248397827
7903437312.0,-0.5233215093612671
7904374784.0,-0.5251849889755249
7905312256.0,-0.5241797566413879
7906250240.0,-0.5209651589393616
7907187712.0,-0.5144159197807312
7908125184.0,-0.5037000179290771
7909062656.0,-0.4913982152938843
7910000128.0,-0.47624048590660095
7910937600.0,-0.4589878022670746
7911875072.0,-0.4382879137992859
7912812544.0,-0.4161759912967682
7913750016.0,-0.39099571108818054
7914687488.0,-0.36504003405570984
7915624960.0,-0.33695730566978455
7916562432.0,-0.30821964144706726
7917499904.0,-0.2782691717147827
7918437376.0,-0.2477262169122696
7919374848.0,-0.21641498804092407
7920312320.0,-0.18637420237064362
7921249792.0,-0.15622472763061523
7922187264.0,-0.12697559595108032
7923125248.0,-0.09653148055076599
7924062720.0,0.054985664784908295
7925000192.0,0.07716655731201172
7925937664.0,0.0963985025882721
7926875136.0,0.11464867740869522
7927812608.0,0.12988947331905365
7928750080.0,0.14416180551052094
7929687552.0,0.1539570391178131
7930625024.0,0.16140036284923553
7931562496.0,0.1667778193950653
7932499968.0,0.16932646930217743
7933437440.0,0.16892577707767487
7934374912.0,0.1672704666852951
7935312384.0,0.1632804423570633
7936249856.0,0.15782001614570618
7937187328.0,0.14976827800273895
7938124800.0,0.13979338109493256
7939062272.0,0.12801462411880493
7939999744.0,0.11484317481517792
7940937728.0,0.09882538765668869
7941875200.0,0.084196537733078
7942812672.0,0.06732400506734848
7943750144.0,0.048119690269231796
7944687616.0,0.028660062700510025
7945625088.0,0.008092349395155907
7946562560.0,-0.012613311409950256
7947500032.0,-0.035440534353256226
7948437504.0,-0.058486249297857285
7949374976.0,-0.08037108182907104
7950312448.0,-0.10155900567770004
7951249920.0,-0.12283553183078766
7952187392.0,-0.14448879659175873
7953124864.0,-0.16646800935268402
7954062336.0,-0.18925094604492188
7954999808.0,-0.21144351363182068
7955937280.0,-0.23295339941978455
7956874752.0,-0.25558245182037354
7957812736.0,-0.2783680856227875
7958750208.0,-0.30047813057899475
7959687680.0,-0.32143983244895935
7960625152.0,-0.3428252339363098
7961562624.0,-0.36351853609085083
7962500096.0,-0.3833397924900055
7963437568.0,-0.4017607867717743
7964375040.0,-0.42050719261169434
7965312512.0,-0.436989426612854
7966249984.0,-0.4523950517177582
7967187456.0,-0.466102659702301
7968124928.0,-0.47862935066223145
7969062400.0,-0.4913007616996765
7969999872.0,-0.5013370513916016
7970937344.0,-0.510785698890686
7971874816.0,-0.5167521238327026
7972812288.0,-0.521949052810669
7973749760.0,-0.5265722274780273
7974687744.0,-0.5268534421920776
7975625216.0,-0.526803195476532
7976562688.0,-0.5245808959007263
7977500160.0,-0.5194762945175171
7978437632.0,-0.5123811960220337
7979375104.0,-0.5027027726173401
7980312576.0,-0.49150940775871277
7981250048.0,-0.4776681065559387
7982187520.0,-0.46098366379737854
7983124992.0,-0.4426756203174591
7984062464.0,-0.4208463728427887
7984999936.0,-0.40576595067977905
7985937408.0,-0.39026114344596863
7986874880.0,-0.3743276000022888
7987812352.0,-0.3566225469112396
7988749824.0,-0.33801591396331787
7989687296.0,-0.3185141980648041
7990624768.0,-0.29930785298347473
7991562752.0,-0.2783556282520294
7992500224.0,-0.25701314210891724
7993437696.0,-0.23632535338401794
7994375168.0,-0.2148730605840683
7995312640.0,-0.19262990355491638
7996250112.0,-0.1731226146221161
7997187584.0,-0.15239787101745605
7998125056.0,-0.1333780735731125
7999062528.0,-0.11333491653203964
8000000000.0,-0.09293168783187866
