Frequency (Hz),Measurement
2000000000.0,0.1883290857076645
2000937472.0,0.18032220005989075
2001874944.0,0.17258556187152863
2002812544.0,0.16376173496246338
2003750016.0,0.15362124145030975
2004687488.0,0.1436157375574112
2005624960.0,0.1325564831495285
2006562560.0,0.1212155818939209
2007500032.0,0.10792804509401321
2008437504.0,0.09507004171609879
2009374976.0,0.0811232253909111
2010312448.0,0.0678572952747345
2011250048.0,0.053874216973781586
2012187520.0,0.039915043860673904
2013124992.0,0.025226319208741188
2014062464.0,0.010931228287518024
2015000064.0,-0.003193928161635995
2015937536.0,-0.017240602523088455
2016875008.0,-0.03063405491411686
2017812480.0,-0.043655794113874435
2018749952.0,-0.05629362910985947
2019687552.0,-0.06804739683866501
2020625024.0,-0.07920150458812714
2021562496.0,-0.08906445652246475
2022499968.0,-0.09689342975616455
2023437440.0,-0.10420481115579605
2024375040.0,-0.11006436496973038
2025312512.0,-0.11451321095228195
2026249984.0,-0.11769706010818481
2027187456.0,-0.11888178437948227
2028125056.0,-0.11866717785596848
2029062528.0,-0.11687128245830536
2030000000.0,-0.11333364248275757
2030937472.0,-0.10810385644435883
2031874944.0,-0.10134889930486679
2032812544.0,-0.0940193310379982
2033750016.0,-0.08490078151226044
2034687488.0,-0.07478079199790955
2035624960.0,-0.06423473358154297
2036562560.0,-0.05227265506982803
2037500032.0,-0.038352008908987045
2038437504.0,-0.024668607860803604
2039374976.0,-0.01112592127174139
2040312448.0,0.0032592343632131815
2041250048.0,0.016355421394109726
2042187520.0,0.030790992081165314
2043124992.0,0.04479846730828285
2044062464.0,0.05809212103486061
2044999936.0,0.07144825160503387
2045937536.0,0.08341357856988907
2046875008.0,0.09483348578214645
2047812480.0,0.10526391118764877
2048749952.0,0.10302944481372833
2049687552.0,0.1116088479757309
2050625024.0,0.11932320892810822
2051562496.0,0.12394341826438904
2052499968.0,0.128677099943161
2053437440.0,0.13040295243263245
2054375040.0,0.13036629557609558
2055312512.0,0.1281084418296814
2056249984.0,0.12400658428668976
2057187456.0,0.11715284734964371
2058125056.0,0.10977273434400558
2059062528.0,0.09884876012802124
2060000000.0,0.08718308061361313
2060937472.0,0.0736403539776802
2061874944.0,0.05862242728471756
2062812544.0,0.04324941337108612
2063750016.0,0.026197021827101707
2064687488.0,0.009114456363022327
2065624960.0,-0.00861609447747469
2066562560.0,-0.02538183704018593
2067500032.0,-0.04323895275592804
2068437504.0,-0.05937110632658005
2069374976.0,-0.07476174831390381
2070312448.0,-0.08932498097419739
2071250048.0,-0.10206935554742813
2072187520.0,-0.1136016771197319
2073124992.0,-0.12202926725149155
2074062464.0,-0.1299218088388443
2075000064.0,-0.13547122478485107
2075937536.0,-0.13934040069580078
2076875008.0,-0.14018070697784424
2077812480.0,-0.13945922255516052
2078749952.0,-0.1375807523727417
2079687552.0,-0.13270455598831177
2080625024.0,-0.12634262442588806
2081562496.0,-0.11822885274887085
2082499968.0,-0.10872337967157364
2083437440.0,-0.09936100989580154
2084375040.0,-0.08764521777629852
2085312512.0,-0.07541219890117645
2086249984.0,-0.06335286796092987
2087187456.0,-0.05110403895378113
2088125056.0,-0.03851296007633209
2089062528.0,-0.02608988620340824
2090000000.0,-0.014629725366830826
2090937472.0,-0.003034627763554454
2091874944.0,0.007283688988536596
2092812544.0,0.016895027831196785
2093750016.0,0.025415297597646713
2094687488.0,0.033414676785469055
2095624960.0,0.04109114781022072
2096562560.0,0.04741973802447319
2097500032.0,0.05339347571134567
2098437504.0,0.0586899071931839
2099374976.0,0.06355737149715424
2100312448.0,0.06822402775287628
2101250048.0,0.07252132892608643
2102187520.0,0.07570905983448029
2103124992.0,0.07999780774116516
2104062464.0,0.08450739085674286
2104999936.0,0.08947092294692993
2105937536.0,0.09359309077262878
2106875008.0,0.09793316572904587
2107812480.0,0.10315188020467758
2108749952.0,0.13389231264591217
2109687552.0,0.1398341953754425
2110625024.0,0.14493566751480103
2111562496.0,0.148912712931633
2112499968.0,0.15352502465248108
2113437440.0,0.15682831406593323
2114375040.0,0.15785634517669678
2115312512.0,0.15854525566101074
2116249984.0,0.1577848494052887
2117187456.0,0.1547420620918274
2118125056.0,0.15167644619941711
2119062528.0,0.1473388820886612
2120000000.0,0.14161452651023865
2120937472.0,0.13402186334133148
2121874944.0,0.12551069259643555
2122812544.0,0.11587287485599518
2123750016.0,0.10586201399564743
2124687488.0,0.09346217662096024
2125624960.0,0.08215855807065964
2126562560.0,0.06902308762073517
2127500032.0,0.05526386946439743
2128437504.0,0.04253850132226944
2129374976.0,0.02838771417737007
2130312448.0,0.015823040157556534
2131250048.0,0.0024181047920137644
2132187520.0,-0.010886089876294136
2133124992.0,-0.023102274164557457
2134062464.0,-0.03404177725315094
2135000064.0,-0.04455052688717842
2135937536.0,-0.05352224409580231
2136875008.0,-0.06079372391104698
2137812480.0,-0.06772671639919281
2138749952.0,-0.07327478379011154
2139687552.0,-0.07676668465137482
2140625024.0,-0.07970703393220901
2141562496.0,-0.08023666590452194
2142499968.0,-0.08106506615877151
2143437440.0,-0.07883963733911514
2144375040.0,-0.07569501549005508
2145312512.0,-0.0722377672791481
2146249984.0,-0.06658383458852768
2147187456.0,-0.05929451435804367
2148124928.0,-0.05190342292189598
2149062400.0,-0.04450187087059021
2150000128.0,-0.03518500179052353
2150937600.0,-0.026396512985229492
2151875072.0,-0.01683247834444046
2152812544.0,-0.007371317595243454
2153750016.0,0.002453126013278961
2154687488.0,0.01180166658014059
2155624960.0,0.020932234823703766
2156562432.0,0.02939518541097641
2157499904.0,0.03779806196689606
2158437376.0,0.04434389993548393
2159375104.0,0.05090022087097168
2160312576.0,0.05723327398300171
2161250048.0,0.06222598999738693
2162187520.0,0.06837891042232513
2163124992.0,0.07204940170049667
2164062464.0,0.0760764628648758
2164999936.0,0.07854384183883667
2165937408.0,0.08168768137693405
2166874880.0,0.08398351818323135
2167812608.0,0.08498045057058334
2168750080.0,0.15701976418495178
2169687552.0,0.15879535675048828
2170625024.0,0.1573321521282196
2171562496.0,0.15536046028137207
2172499968.0,0.15181361138820648
2173437440.0,0.14522624015808105
2174374912.0,0.13855555653572083
2175312384.0,0.13026073575019836
2176250112.0,0.12047425657510757
2177187584.0,0.11081650853157043
2178125056.0,0.09883344918489456
2179062528.0,0.08690181374549866
2180000000.0,0.0738147422671318
2180937472.0,0.060725800693035126
2181874944.0,0.047029878944158554
2182812416.0,0.03278475999832153
2183749888.0,0.018966250121593475
2184687616.0,0.005351352971047163
2185625088.0,-0.007677842862904072
2186562560.0,-0.0204546470195055
2187500032.0,-0.03369222581386566
2188437504.0,-0.045368436723947525
2189374976.0,-0.05778292566537857
2190312448.0,-0.06815864145755768
2191249920.0,-0.0775861069560051
2192187392.0,-0.0868956670165062
2193125120.0,-0.0949346125125885
2194062592.0,-0.10176604986190796
2195000064.0,-0.10739817470312119
2195937536.0,-0.11296224594116211
2196875008.0,-0.11706296354532242
2197812480.0,-0.12014301121234894
2198749952.0,-0.12320064753293991
2199687424.0,-0.12470335513353348
2200624896.0,-0.12438244372606277
2201562624.0,-0.12416311353445053
2202500096.0,-0.12427476048469543
2203437568.0,-0.12225588411092758
2204375040.0,-0.12027367204427719
2205312512.0,-0.11673375964164734
2206249984.0,-0.11405222117900848
2207187456.0,-0.10923532396554947
2208124928.0,-0.1054128035902977
2209062400.0,-0.10112874209880829
2209999872.0,-0.09540577977895737
2210937600.0,-0.089858777821064
2211875072.0,-0.08285374939441681
2212812544.0,-0.07569382339715958
2213750016.0,-0.06843619793653488
2214687488.0,-0.06066247075796127
2215624960.0,-0.05286881700158119
2216562432.0,-0.04462232440710068
2217499904.0,-0.03697508946061134
2218437376.0,-0.02833334542810917
2219375104.0,-0.01968776434659958
2220312576.0,-0.010786905884742737
2221250048.0,-0.0015323016559705138
2222187520.0,0.007826821878552437
2223124992.0,0.01687641255557537
2224062464.0,0.028134414926171303
2224999936.0,0.03793143853545189
2225937408.0,0.047219641506671906
2226874880.0,0.057894498109817505
2227812608.0,0.0673006996512413
2228750080.0,0.07438302040100098
2229687552.0,0.08228834718465805
2230625024.0,0.09024930745363235
2231562496.0,0.09768074750900269
2232499968.0,0.10479900985956192
2233437440.0,0.11129991710186005
2234374912.0,0.1154930517077446
2235312384.0,0.11868073046207428
2236250112.0,0.11987850815057755
2237187584.0,0.12061885744333267
2238125056.0,0.11843785643577576
2239062528.0,0.11424621939659119
2240000000.0,0.10840684175491333
2240937472.0,0.10164035856723785
2241874944.0,0.09379206597805023
2242812416.0,0.08447428792715073
2243749888.0,0.07348611205816269
2244687616.0,0.06236836686730385
2245625088.0,0.04990733787417412
2246562560.0,0.03691110387444496
2247500032.0,0.022606829181313515
2248437504.0,0.007621889002621174
2249374976.0,-0.008285709656774998
2250312448.0,-0.024866899475455284
2251249920.0,-0.042914535850286484
2252187392.0,-0.06107042357325554
2253125120.0,-0.07966353744268417
2254062592.0,-0.098569355905056
2255000064.0,-0.11757633090019226
2255937536.0,-0.13708381354808807
2256875008.0,-0.15750187635421753
2257812480.0,-0.17703194916248322
2258749952.0,-0.1957780122756958
2259687424.0,-0.21528621017932892
2260624896.0,-0.23474028706550598
2261562624.0,-0.2527557909488678
2262500096.0,-0.2712274193763733
2263437568.0,-0.2886912524700165
2264375040.0,-0.30406683683395386
2265312512.0,-0.31803855299949646
2266249984.0,-0.33205097913742065
2267187456.0,-0.3431255519390106
2268124928.0,-0.3553164601325989
2269062400.0,-0.36370086669921875
2270000128.0,-0.3704788386821747
2270937600.0,-0.3772676885128021
2271875072.0,-0.3814890682697296
2272812544.0,-0.3842044174671173
2273750016.0,-0.38514673709869385
2274687488.0,-0.3862009048461914
2275624960.0,-0.3843631148338318
2276562432.0,-0.3810303509235382
2277499904.0,-0.37759146094322205
2278437376.0,-0.3718409240245819
2279375104.0,-0.3656013011932373
2280312576.0,-0.3578813672065735
2281250048.0,-0.34906572103500366
2282187520.0,-0.3396274745464325
2283124992.0,-0.33024731278419495
2284062464.0,-0.31950342655181885
2284999936.0,-0.30858004093170166
2285937408.0,-0.29857486486434937
2286874880.0,-0.2876528203487396
2287812608.0,-0.27946266531944275
2288750080.0,-0.29329225420951843
2289687552.0,-0.2963215112686157
2290625024.0,-0.30026546120643616
2291562496.0,-0.303221195936203
2292499968.0,-0.30647963285446167
2293437440.0,-0.3114801347255707
2294374912.0,-0.31699633598327637
2295312384.0,-0.3225128650665283
2296250112.0,-0.3296763598918915
2297187584.0,-0.338481605052948
2298125056.0,-0.34680473804473877
2299062528.0,-0.3564333915710449
2300000000.0,-0.3690106272697449
2300937472.0,-0.3831690549850464
2301874944.0,-0.39844879508018494
2302812416.0,-0.4174126982688904
2303749888.0,-0.4368398189544678
2304687616.0,-0.4602603316307068
2305625088.0,-0.4852418303489685
2306562560.0,-0.513192355632782
2307500032.0,-0.5434165596961975
2308437504.0,-0.5755738019943237
2309374976.0,-0.6081711649894714
2310312448.0,-0.6340638995170593
2311249920.0,-0.6619209051132202
2312187392.0,-0.6914955973625183
2313125120.0,-0.7227689623832703
2314062592.0,-0.7551356554031372
2315000064.0,-0.7884542942047119
2315937536.0,-0.8231995701789856
2316875008.0,-0.8583801984786987
2317812480.0,-0.8927644491195679
2318749952.0,-0.9272430539131165
2319687424.0,-0.9625649452209473
2320624896.0,-0.9975938200950623
2321562624.0,-1.0303428173065186
2322500096.0,-1.0605854988098145
2323437568.0,-1.091164469718933
2324375040.0,-1.118904709815979
2325312512.0,-1.1452945470809937
2326249984.0,-1.1691111326217651
2327187456.0,-1.1913306713104248
2328124928.0,-1.2117705345153809
2329062400.0,-1.2293736934661865
2329999872.0,-1.2441576719284058
2330937600.0,-1.2565571069717407
2331875072.0,-1.2658045291900635
2332812544.0,-1.2736403942108154
2333750016.0,-1.277794361114502
2334687488.0,-1.279995083808899
2335624960.0,-1.2792091369628906
2336562432.0,-1.2754241228103638
2337499904.0,-1.271020531654358
2338437376.0,-1.264398217201233
2339375104.0,-1.2558056116104126
2340312576.0,-1.2435340881347656
2341250048.0,-1.2318590879440308
2342187520.0,-1.217653512954712
2343124992.0,-1.2022333145141602
2344062464.0,-1.187234878540039
2344999936.0,-1.1710790395736694
2345937408.0,-1.1552921533584595
2346874880.0,-1.1385396718978882
2347812608.0,-1.1228129863739014
2348750080.0,-1.0920926332473755
2349687552.0,-1.0816185474395752
2350625024.0,-1.0693511962890625
2351562496.0,-1.0580167770385742
2352499968.0,-1.0483415126800537
2353437440.0,-1.0374630689620972
2354374912.0,-1.029118537902832
2355312384.0,-1.020984411239624
2356250112.0,-1.013119101524353
2357187584.0,-1.0063341856002808
2358125056.0,-1.0015054941177368
2359062528.0,-0.9957612752914429
2360000000.0,-0.994179368019104
2360937472.0,-0.9922967553138733
2361874944.0,-0.9910541772842407
2362812416.0,-0.9937209486961365
2363749888.0,-0.996578574180603
2364687616.0,-1.0014111995697021
2365625088.0,-1.0076704025268555
2366562560.0,-1.0157368183135986
2367500032.0,-1.0235888957977295
2368437504.0,-1.0333404541015625
2369374976.0,-1.0423630475997925
2370312448.0,-1.0517033338546753
2371249920.0,-1.0609287023544312
2372187392.0,-1.0689293146133423
2373125120.0,-1.0762499570846558
2374062592.0,-1.0822594165802002
2375000064.0,-1.0859026908874512
2375937536.0,-1.087082862854004
2376875008.0,-1.0864793062210083
2377812480.0,-1.0820865631103516
2378749952.0,-1.0738039016723633
2379687424.0,-1.0629888772964478
2380624896.0,-1.0493179559707642
2381562624.0,-1.0319575071334839
2382500096.0,-1.0112440586090088
2383437568.0,-0.9877355098724365
2384375040.0,-0.9612594246864319
2385312512.0,-0.9323698878288269
2386249984.0,-0.9014272689819336
2387187456.0,-0.8686672449111938
2388124928.0,-0.835542619228363
2389062400.0,-0.7998402714729309
2390000128.0,-0.76389479637146
2390937600.0,-0.7278774380683899
2391875072.0,-0.6932151913642883
2392812544.0,-0.6574505567550659
2393750016.0,-0.6222862005233765
2394687488.0,-0.5889394879341125
2395624960.0,-0.5551548600196838
2396562432.0,-0.5234954953193665
2397499904.0,-0.4920285642147064
2398437376.0,-0.4627707898616791
2399375104.0,-0.4330853521823883
2400312576.0,-0.4049399495124817
2401250048.0,-0.37739279866218567
2402187520.0,-0.3499583899974823
2403124992.0,-0.3240578770637512
2404062464.0,-0.2984755039215088
2404999936.0,-0.2745051980018616
2405937408.0,-0.25010061264038086
2406874880.0,-0.2268209606409073
2407812608.0,-0.20497335493564606
2408750080.0,-0.13110680878162384
2409687552.0,-0.10891688615083694
2410625024.0,-0.0884978249669075
2411562496.0,-0.0682673454284668
2412499968.0,-0.05057482048869133
2413437440.0,-0.03480822592973709
2414374912.0,-0.021369310095906258
2415312384.0,-0.011173552833497524
2416250112.0,-0.0028409927617758512
2417187584.0,0.002817649394273758
2418125056.0,0.003562554018571973
2419062528.0,0.0017365665407851338
2420000000.0,-0.0033044754527509212
2420937472.0,-0.012073750607669353
2421874944.0,-0.02292906865477562
2422812416.0,-0.03757018595933914
2423749888.0,-0.05483350157737732
2424687616.0,-0.07570252567529678
2425625088.0,-0.09921417385339737
2426562560.0,-0.12456230074167252
2427500032.0,-0.15163001418113708
2428437504.0,-0.18057358264923096
2429374976.0,-0.20990319550037384
2430312448.0,-0.24105027318000793
2431249920.0,-0.27030178904533386
2432187392.0,-0.29918715357780457
2433125120.0,-0.32788074016571045
2434062592.0,-0.35375452041625977
2435000064.0,-0.3801088035106659
2435937536.0,-0.4019615352153778
2436875008.0,-0.42253583669662476
2437812480.0,-0.4395681917667389
2438749952.0,-0.4534771144390106
2439687424.0,-0.46367374062538147
2440624896.0,-0.46990835666656494
2441562624.0,-0.4739014506340027
2442500096.0,-0.4730418920516968
2443437568.0,-0.46756118535995483
2444375040.0,-0.45936691761016846
2445312512.0,-0.4481414556503296
2446249984.0,-0.4331349730491638
2447187456.0,-0.4150474965572357
2448124928.0,-0.393611878156662
2449062400.0,-0.36995068192481995
2449999872.0,-0.3445676565170288
2450937600.0,-0.31640568375587463
2451875072.0,-0.28693878650665283
2452812544.0,-0.25631842017173767
2453750016.0,-0.2247695028781891
2454687488.0,-0.19164884090423584
2455624960.0,-0.15755575895309448
2456562432.0,-0.12449315935373306
2457499904.0,-0.09095101803541183
2458437376.0,-0.058670565485954285
2459375104.0,-0.025918781757354736
2460312576.0,0.005776406265795231
2461250048.0,0.036051396280527115
2462187520.0,0.06517428904771805
2463124992.0,0.09412441402673721
2464062464.0,0.1200910210609436
2464999936.0,0.14566591382026672
2465937408.0,0.1706269383430481
2466874880.0,0.193743497133255
2467812608.0,0.21565032005310059
2468750080.0,0.12737441062927246
2469687552.0,0.14128878712654114
2470625024.0,0.1576908379793167
2471562496.0,0.17033250629901886
2472499968.0,0.18155409395694733
2473437440.0,0.19130472838878632
2474374912.0,0.19928045570850372
2475312384.0,0.2052891105413437
2476250112.0,0.2082699090242386
2477187584.0,0.21122170984745026
2478125056.0,0.21056197583675385
2479062528.0,0.20946383476257324
2480000000.0,0.2051396667957306
2480937472.0,0.19970016181468964
2481874944.0,0.19173739850521088
2482812416.0,0.18280000984668732
2483749888.0,0.17109854519367218
2484687616.0,0.15657001733779907
2485625088.0,0.14276935160160065
2486562560.0,0.12596867978572845
2487500032.0,0.10807745158672333
2488437504.0,0.09003134071826935
2489374976.0,0.07056590169668198
2490312448.0,0.05084686726331711
2491249920.0,0.030194228515028954
2492187392.0,0.008931836113333702
2493125120.0,-0.01204566191881895
2494062592.0,-0.03273322433233261
2495000064.0,-0.053078219294548035
2495937536.0,-0.07279248535633087
2496875008.0,-0.09164592623710632
2497812480.0,-0.10972105711698532
2498749952.0,-0.12646043300628662
2499687424.0,-0.14126652479171753
2500624896.0,-0.15568457543849945
2501562624.0,-0.16713488101959229
2502500096.0,-0.17732703685760498
2503437568.0,-0.186188742518425
2504375040.0,-0.19203753769397736
2505312512.0,-0.19692377746105194
2506249984.0,-0.1986457109451294
2507187456.0,-0.19962628185749054
2508124928.0,-0.19788458943367004
2509062400.0,-0.1942613124847412
2510000128.0,-0.1893802285194397
2510937600.0,-0.18129613995552063
2511875072.0,-0.1717655509710312
2512812544.0,-0.161156564950943
2513750016.0,-0.1483854353427887
2514687488.0,-0.13429833948612213
2515624960.0,-0.11935120820999146
2516562432.0,-0.1028820350766182
2517499904.0,-0.08508621156215668
2518437376.0,-0.06694430112838745
2519375104.0,-0.04932099208235741
2520312576.0,-0.029692450538277626
2521250048.0,-0.010219147428870201
2522187520.0,0.008970091119408607
2523124992.0,0.02907411940395832
2524062464.0,0.04746149852871895
2524999936.0,0.06550727784633636
2525937408.0,0.0830812081694603
2526874880.0,0.09998396039009094
2527812608.0,0.11545589566230774
2528750080.0,0.1686316728591919
2529687552.0,0.1739216297864914
2530625024.0,0.17850354313850403
2531562496.0,0.18260397017002106
2532499968.0,0.18633796274662018
2533437440.0,0.18867328763008118
2534374912.0,0.18866994976997375
2535312384.0,0.18976205587387085
2536250112.0,0.18966920673847198
2537187584.0,0.18764327466487885
2538125056.0,0.18416403234004974
2539062528.0,0.1813739687204361
2540000000.0,0.17659558355808258
2540937472.0,0.1705302596092224
2541874944.0,0.16375240683555603
2542812416.0,0.15601606667041779
2543749888.0,0.14656659960746765
2544687616.0,0.13618451356887817
2545625088.0,0.12587103247642517
2546562560.0,0.11283647269010544
2547500032.0,0.1004495620727539
2548437504.0,0.08734073489904404
2549374976.0,0.07146870344877243
2550312448.0,0.05726978927850723
2551249920.0,0.04097139090299606
2552187392.0,0.025289315730333328
2553125120.0,0.0090213343501091
2554062592.0,-0.006418111268430948
2555000064.0,-0.022866815328598022
2555937536.0,-0.039444297552108765
2556875008.0,-0.05490010976791382
2557812480.0,-0.0684099793434143
2558749952.0,-0.08240287005901337
2559687424.0,-0.09462355077266693
2560624896.0,-0.10642190277576447
2561562624.0,-0.11649446934461594
2562500096.0,-0.12514914572238922
2563437568.0,-0.1322411447763443
2564375040.0,-0.1370910406112671
2565312512.0,-0.14041174948215485
2566249984.0,-0.1411954164505005
2567187456.0,-0.13995100557804108
2568124928.0,-0.13817071914672852
2569062400.0,-0.13358184695243835
2569999872.0,-0.12618900835514069
2570937600.0,-0.11768542230129242
2571875072.0,-0.1073576807975769
2572812544.0,-0.09577912837266922
2573750016.0,-0.08208119869232178
2574687488.0,-0.06634438782930374
2575624960.0,-0.050107862800359726
2576562432.0,-0.03388567641377449
2577499904.0,-0.014729976654052734
2578437376.0,0.0051596141420304775
2579375104.0,0.023878280073404312
2580312576.0,0.04354136437177658
2581250048.0,0.0638960525393486
2582187520.0,0.08423858135938644
2583124992.0,0.10381234437227249
2584062464.0,0.12326715141534805
2584999936.0,0.14087097346782684
2585937408.0,0.15818390250205994
2586874880.0,0.1734960526227951
2587812608.0,0.18702101707458496
2588750080.0,0.21213218569755554
2589687552.0,0.21933221817016602
2590625024.0,0.22470644116401672
2591562496.0,0.2278488129377365
2592499968.0,0.228263258934021
2593437440.0,0.22769680619239807
2594374912.0,0.22266052663326263
2595312384.0,0.21809469163417816
2596250112.0,0.21011945605278015
2597187584.0,0.1995944380760193
2598125056.0,0.18845821917057037
2599062528.0,0.17607441544532776
2600000000.0,0.16083432734012604
2600937472.0,0.14540152251720428
2601874944.0,0.1297065168619156
2602812416.0,0.11286568641662598
2603749888.0,0.09619323909282684
2604687616.0,0.0792008489370346
2605625088.0,0.061091404408216476
2606562560.0,0.044437672942876816
2607500032.0,0.027722107246518135
2608437504.0,0.012084578163921833
2609374976.0,-0.003165594534948468
2610312448.0,-0.017506441101431847
2611249920.0,-0.030756158754229546
2612187392.0,-0.04406016692519188
2613125120.0,-0.054526738822460175
2614062592.0,-0.06495396792888641
2615000064.0,-0.07389085739850998
2615937536.0,-0.08113440871238708
2616875008.0,-0.0866398811340332
2617812480.0,-0.09288518130779266
2618749952.0,-0.09513920545578003
2619687424.0,-0.09812700748443604
2620624896.0,-0.09965316951274872
2621562624.0,-0.10047368705272675
2622500096.0,-0.10104072093963623
2623437568.0,-0.10033662617206573
2624375040.0,-0.09872619807720184
2625312512.0,-0.0957653671503067
2626249984.0,-0.09331104159355164
2627187456.0,-0.08944306522607803
2628124928.0,-0.08474617451429367
2629062400.0,-0.07903975248336792
2630000128.0,-0.07373641431331635
2630937600.0,-0.06658831238746643
2631875072.0,-0.05978114530444145
2632812544.0,-0.052146460860967636
2633750016.0,-0.04450274631381035
2634687488.0,-0.03524954617023468
2635624960.0,-0.02511042356491089
2636562432.0,-0.014487986452877522
2637499904.0,-0.0034953635185956955
2638437376.0,0.008338261395692825
2639375104.0,0.02081969939172268
2640312576.0,0.03463725745677948
2641250048.0,0.049172595143318176
2642187520.0,0.06382665783166885
2643124992.0,0.07940711081027985
2644062464.0,0.09576892107725143
2644999936.0,0.11175979673862457
2645937408.0,0.1290600299835205
2646874880.0,0.14619925618171692
2647812608.0,0.22174611687660217
2648750080.0,0.23328715562820435
2649687552.0,0.24275410175323486
2650625024.0,0.25029730796813965
2651562496.0,0.2553890347480774
2652499968.0,0.2582787275314331
2653437440.0,0.25856494903564453
2654374912.0,0.2572278082370758
2655312384.0,0.252933144569397
2656250112.0,0.24341583251953125
2657187584.0,0.20686593651771545
2658125056.0,0.1893141269683838
2659062528.0,0.16956225037574768
2660000000.0,0.14679647982120514
2660937472.0,0.12201669812202454
2661874944.0,0.09627702087163925
2662812416.0,0.06790811568498611
2663749888.0,0.03959264978766441
2664687616.0,0.009568003937602043
2665625088.0,-0.020181169733405113
2666562560.0,-0.04941294342279434
2667500032.0,-0.07894390821456909
2668437504.0,-0.10573254525661469
2669374976.0,-0.13240720331668854
2670312448.0,-0.15609318017959595
2671249920.0,-0.17877814173698425
2672187392.0,-0.1991003155708313
2673125120.0,-0.2158074826002121
2674062592.0,-0.23045170307159424
2675000064.0,-0.24108922481536865
2675937536.0,-0.24867752194404602
2676875008.0,-0.2553035318851471
2677812480.0,-0.2563687264919281
2678749952.0,-0.2564346492290497
2679687424.0,-0.253309041261673
2680624896.0,-0.24625976383686066
2681562624.0,-0.23811398446559906
2682500096.0,-0.2273985594511032
2683437568.0,-0.21493764221668243
2684375040.0,-0.19990602135658264
2685312512.0,-0.18348084390163422
2686249984.0,-0.16621682047843933
2687187456.0,-0.14803892374038696
2688124928.0,-0.12963728606700897
2689062400.0,-0.1090930849313736
2689999872.0,-0.0895266905426979
2690937600.0,-0.06955917179584503
2691875072.0,-0.049161799252033234
2692812544.0,-0.030167602002620697
2693750016.0,-0.00978929828852415
2694687488.0,0.009082787670195103
2695624960.0,0.028283249586820602
2696562432.0,0.04710116609930992
2697499904.0,0.06547717750072479
2698437376.0,0.08263372629880905
2699375104.0,0.10079548507928848
2700312576.0,0.11713862419128418
2701250048.0,0.13463686406612396
2702187520.0,0.15079417824745178
2703124992.0,0.1662033498287201
2704062464.0,0.18146197497844696
2704999936.0,0.19587215781211853
2705937408.0,0.20945362746715546
2706874880.0,0.22315508127212524
2707812608.0,0.19567200541496277
2708750080.0,0.20190852880477905
2709687552.0,0.20708821713924408
2710625024.0,0.21130627393722534
2711562496.0,0.2144142985343933
2712499968.0,0.21540693938732147
2713437440.0,0.21585635840892792
2714374912.0,0.21423140168190002
2715312384.0,0.2114141583442688
2716250112.0,0.20835021138191223
2717187584.0,0.20190058648586273
2718125056.0,0.19511134922504425
2719062528.0,0.1866731494665146
2720000000.0,0.17627480626106262
2720937472.0,0.16506901383399963
2721874944.0,0.15228943526744843
2722812416.0,0.13931237161159515
2723749888.0,0.123528391122818
2724687616.0,0.1072191596031189
2725625088.0,0.0906008929014206
2726562560.0,0.07222677022218704
2727500032.0,0.05493278056383133
2728437504.0,0.03675009682774544
2729374976.0,0.017707383260130882
2730312448.0,-0.001593068358488381
2731249920.0,-0.019816212356090546
2732187392.0,-0.03873157873749733
2733125120.0,-0.05737781524658203
2734062592.0,-0.07496236264705658
2735000064.0,-0.09127535670995712
2735937536.0,-0.1087169274687767
2736875008.0,-0.12358884513378143
2737812480.0,-0.13644887506961823
2738749952.0,-0.14917004108428955
2739687424.0,-0.15971794724464417
2740624896.0,-0.16923777759075165
2741562624.0,-0.17676052451133728
2742500096.0,-0.18289004266262054
2743437568.0,-0.18770252168178558
2744375040.0,-0.19021612405776978
2745312512.0,-0.1910657286643982
2746249984.0,-0.19012530148029327
2747187456.0,-0.18594075739383698
2748124928.0,-0.18299120664596558
2749062400.0,-0.17533889412879944
2750000128.0,-0.1670825481414795
2750937600.0,-0.15783782303333282
2751875072.0,-0.14580298960208893
2752812544.0,-0.13331079483032227
2753750016.0,-0.11832264810800552
2754687488.0,-0.10306021571159363
2755624960.0,-0.08641922473907471
2756562432.0,-0.06942533701658249
2757499904.0,-0.051165711134672165
2758437376.0,-0.03287128731608391
2759375104.0,-0.013305069878697395
2760312576.0,0.005119710229337215
2761250048.0,0.02395080029964447
2762187520.0,0.043267205357551575
2763124992.0,0.061305057257413864
2764062464.0,0.0789463073015213
2764999936.0,0.09607098996639252
2765937408.0,0.11229003220796585
2766874880.0,0.12721918523311615
2767812608.0,0.18399333953857422
2768750080.0,0.18462561070919037
2769687552.0,0.18148046731948853
2770625024.0,0.17955282330513
2771562496.0,0.17569351196289062
2772499968.0,0.1714235097169876
2773437440.0,0.16566555202007294
2774374912.0,0.16040289402008057
2775312384.0,0.1535823494195938
2776250112.0,0.14541135728359222
2777187584.0,0.13678155839443207
2778125056.0,0.12734661996364594
2779062528.0,0.11806637048721313
2780000000.0,0.10762672871351242
2780937472.0,0.09695935994386673
2781874944.0,0.08575724065303802
2782812416.0,0.07369053363800049
2783749888.0,0.06217369809746742
2784687616.0,0.04950575530529022
2785625088.0,0.03742111846804619
2786562560.0,0.02352828159928322
2787500032.0,0.010665490292012691
2788437504.0,-0.0012885619653388858
2789374976.0,-0.01469950471073389
2790312448.0,-0.02675267867743969
2791249920.0,-0.03971017897129059
2792187392.0,-0.05084189772605896
2793125120.0,-0.061646271497011185
2794062592.0,-0.07179250568151474
2795000064.0,-0.08104515820741653
2795937536.0,-0.09044754505157471
2796875008.0,-0.09766798466444016
2797812480.0,-0.10415810346603394
2798749952.0,-0.10865458101034164
2799687424.0,-0.11262709647417068
2800624896.0,-0.11523687094449997
2801562624.0,-0.11638193577528
2802500096.0,-0.1154528260231018
2803437568.0,-0.11284199357032776
2804375040.0,-0.10994838178157806
2805312512.0,-0.10488326102495193
2806249984.0,-0.09903571009635925
2807187456.0,-0.09132121503353119
2808124928.0,-0.08155542612075806
2809062400.0,-0.06991036981344223
2809999872.0,-0.05844712629914284
2810937600.0,-0.04491931200027466
2811875072.0,-0.030109575018286705
2812812544.0,-0.0156265702098608
2813750016.0,0.0003018686838913709
2814687488.0,0.017167065292596817
2815624960.0,0.034027718007564545
2816562432.0,0.05117344856262207
2817499904.0,0.06991289556026459
2818437376.0,0.0857660323381424
2819375104.0,0.10233190655708313
2820312576.0,0.11909391731023788
2821250048.0,0.13504068553447723
2822187520.0,0.14935508370399475
2823124992.0,0.16197754442691803
2824062464.0,0.17401091754436493
2824999936.0,0.1838674694299698
2825937408.0,0.19248326122760773
2826874880.0,0.1994422823190689
2827812608.0,0.21371173858642578
2828750080.0,0.21614734828472137
2829687552.0,0.215006485581398
2830625024.0,0.21207524836063385
2831562496.0,0.20662248134613037
2832499968.0,0.19897828996181488
2833437440.0,0.18883828818798065
2834374912.0,0.17564159631729126
2835312384.0,0.1622631847858429
2836250112.0,0.1453239470720291
2837187584.0,0.12859123945236206
2838125056.0,0.1097746267914772
2839062528.0,0.0915791243314743
2840000000.0,0.07186586409807205
2840937472.0,0.05208392068743706
2841874944.0,0.03224517032504082
2842812416.0,0.012111873365938663
2843749888.0,-0.006438458804041147
2844687616.0,-0.02458573505282402
2845625088.0,-0.04148927703499794
2846562560.0,-0.05745205655694008
2847500032.0,-0.07112307846546173
2848437504.0,-0.08392144739627838
2849374976.0,-0.09529192000627518
2850312448.0,-0.10539154708385468
2851249920.0,-0.11355473846197128
2852187392.0,-0.11965594440698624
2853125120.0,-0.12334433943033218
2854062592.0,-0.12485013157129288
2855000064.0,-0.12568697333335876
2855937536.0,-0.12373578548431396
2856875008.0,-0.12199895828962326
2857812480.0,-0.11625845730304718
2858749952.0,-0.11179441213607788
2859687424.0,-0.10414225608110428
2860624896.0,-0.09531313925981522
2861562624.0,-0.08626767992973328
2862500096.0,-0.0758894681930542
2863437568.0,-0.0660148561000824
2864375040.0,-0.054708562791347504
2865312512.0,-0.04274434596300125
2866249984.0,-0.030508609488606453
2867187456.0,-0.017347093671560287
2868124928.0,-0.00474000396206975
2869062400.0,0.008065343834459782
2870000128.0,0.021668395027518272
2870937600.0,0.03493727371096611
2871875072.0,0.04646661877632141
2872812544.0,0.05947860702872276
2873750016.0,0.07208745181560516
2874687488.0,0.08461390435695648
2875624960.0,0.09648056328296661
2876562432.0,0.10831931978464127
2877499904.0,0.12013398855924606
2878437376.0,0.13053737580776215
2879375104.0,0.14151014387607574
2880312576.0,0.15063634514808655
2881250048.0,0.1595616340637207
2882187520.0,0.16816586256027222
2883124992.0,0.17520079016685486
2884062464.0,0.1822279840707779
2884999936.0,0.18818718194961548
2885937408.0,0.19333165884017944
2886874880.0,0.1966749131679535
2887812608.0,0.19986934959888458
2888750080.0,0.20234936475753784
2889687552.0,0.20126450061798096
2890625024.0,0.20081105828285217
2891562496.0,0.19817925989627838
2892499968.0,0.19324976205825806
2893437440.0,0.18619108200073242
2894374912.0,0.17913170158863068
2895312384.0,0.16958995163440704
2896250112.0,0.15768040716648102
2897187584.0,0.14520363509655
2898125056.0,0.13032907247543335
2899062528.0,0.11502298712730408
2900000000.0,0.0983765572309494
2900937472.0,0.08081649243831635
2901874944.0,0.06221068650484085
2902812416.0,0.04379706084728241
2903749888.0,0.024638865143060684
2904687616.0,0.0055463421158492565
2905625088.0,-0.013744425028562546
2906562560.0,-0.033266279846429825
2907500032.0,-0.05104565992951393
2908437504.0,-0.06890536844730377
2909374976.0,-0.08433622866868973
2910312448.0,-0.10025127232074738
2911249920.0,-0.11355985701084137
2912187392.0,-0.12488728761672974
2913125120.0,-0.13460014760494232
2914062592.0,-0.14225347340106964
2915000064.0,-0.14784057438373566
2915937536.0,-0.1518663763999939
2916875008.0,-0.15349696576595306
2917812480.0,-0.15348726511001587
2918749952.0,-0.1506509780883789
2919687424.0,-0.14656458795070648
2920624896.0,-0.14021658897399902
2921562624.0,-0.13158473372459412
2922500096.0,-0.12069278955459595
2923437568.0,-0.10977046191692352
2924375040.0,-0.09686502069234848
2925312512.0,-0.08179846405982971
2926249984.0,-0.0675942674279213
2927187456.0,-0.051502034068107605
2928124928.0,-0.03293292596936226
2929062400.0,-0.015456736087799072
2929999872.0,0.002331371884793043
2930937600.0,0.01945004239678383
2931875072.0,0.03771785646677017
2932812544.0,0.054778099060058594
2933750016.0,0.07182098180055618
2934687488.0,0.08777587115764618
2935624960.0,0.10133226960897446
2936562432.0,0.11521923542022705
2937499904.0,0.12708371877670288
2938437376.0,0.138345405459404
2939375104.0,0.14774112403392792
2940312576.0,0.15587732195854187
2941250048.0,0.16229386627674103
2942187520.0,0.16641587018966675
2943124992.0,0.17079292237758636
2944062464.0,0.1735341101884842
2944999936.0,0.17317034304141998
2945937408.0,0.17259374260902405
2946874880.0,0.17217478156089783
2947812608.0,0.16752959787845612
2948750080.0,0.165615051984787
2949687552.0,0.16330520808696747
2950625024.0,0.16006039083003998
2951562496.0,0.15607979893684387
2952499968.0,0.15045031905174255
2953437440.0,0.14396542310714722
2954374912.0,0.1375693827867508
2955312384.0,0.13033317029476166
2956250112.0,0.12204114347696304
2957187584.0,0.1125246211886406
2958125056.0,0.10349200665950775
2959062528.0,0.0942070260643959
2960000000.0,0.08353224396705627
2960937472.0,0.07251700758934021
2961874944.0,0.06161709874868393
2962812416.0,0.05146927759051323
2963749888.0,0.039530716836452484
2964687616.0,0.027262641116976738
2965625088.0,0.01566002145409584
2966562560.0,0.004333839751780033
2967500032.0,-0.006367258261889219
2968437504.0,-0.017778029665350914
2969374976.0,-0.02836526930332184
2970312448.0,-0.03860777989029884
2971249920.0,-0.049307916313409805
2972187392.0,-0.05837899446487427
2973125120.0,-0.06696892529726028
2974062592.0,-0.07549529522657394
2975000064.0,-0.0813056081533432
2975937536.0,-0.087004654109478
2976875008.0,-0.09237571060657501
2977812480.0,-0.09697885811328888
2978749952.0,-0.10052859783172607
2979687424.0,-0.10303108394145966
2980624896.0,-0.10271982103586197
2981562624.0,-0.10168905556201935
2982500096.0,-0.10006257146596909
2983437568.0,-0.09805886447429657
2984375040.0,-0.09500542283058167
2985312512.0,-0.09036164730787277
2986249984.0,-0.08465727418661118
2987187456.0,-0.0785137489438057
2988124928.0,-0.07251298427581787
2989062400.0,-0.06486299633979797
2990000128.0,-0.05754720792174339
2990937600.0,-0.04964112490415573
2991875072.0,-0.03983383625745773
2992812544.0,-0.03158203884959221
2993750016.0,-0.02244773507118225
2994687488.0,-0.014926543459296227
2995624960.0,-0.006341326516121626
2996562432.0,0.0018289124127477407
2997499904.0,0.009148837998509407
2998437376.0,0.01628449745476246
2999375104.0,0.022648407146334648
3000312576.0,0.025184623897075653
3001250048.0,0.029933014884591103
3002187520.0,0.03318002447485924
3003124992.0,0.035968031734228134
3004062464.0,0.037225399166345596
3004999936.0,0.03762101009488106
3005937408.0,0.037506021559238434
3006874880.0,0.03560349717736244
3007812608.0,0.03183610737323761
3008750080.0,0.028299126774072647
3009687552.0,0.023805588483810425
3010625024.0,0.018389971926808357
3011562496.0,0.013778929598629475
3012499968.0,0.009616655297577381
3013437440.0,0.005228779744356871
3014374912.0,2.7569856683840044e-05
3015312384.0,-0.003927939105778933
3016250112.0,-0.01009574718773365
3017187584.0,-0.013853130862116814
3018125056.0,-0.020044932141900063
3019062528.0,-0.024807125329971313
3020000000.0,-0.030114147812128067
3020937472.0,-0.03508879616856575
3021874944.0,-0.039809878915548325
3022812416.0,-0.0457962229847908
3023749888.0,-0.04959426447749138
3024687616.0,-0.05492599308490753
3025625088.0,-0.059278689324855804
3026562560.0,-0.0637296661734581
3027500032.0,-0.06742896884679794
3028437504.0,-0.07282006740570068
3029374976.0,-0.07549315690994263
3030312448.0,-0.07885825634002686
3031249920.0,-0.08273673802614212
3032187392.0,-0.08608747273683548
3033125120.0,-0.08893539756536484
3034062592.0,-0.09245705604553223
3035000064.0,-0.09459004551172256
3035937536.0,-0.09698639065027237
3036875008.0,-0.09860163182020187
3037812480.0,-0.09994331002235413
3038749952.0,-0.10114872455596924
3039687424.0,-0.10195379704236984
3040624896.0,-0.10183391720056534
3041562624.0,-0.10168015956878662
3042500096.0,-0.09964890033006668
3043437568.0,-0.09878748655319214
3044375040.0,-0.09556721895933151
3045312512.0,-0.09324200451374054
3046249984.0,-0.09029529988765717
3047187456.0,-0.085403211414814
3048124928.0,-0.08215054124593735
3049062400.0,-0.07703237980604172
3049999872.0,-0.0728866457939148
3050937600.0,-0.0684860497713089
3051875072.0,-0.06312739849090576
3052812544.0,-0.056648749858140945
3053750016.0,-0.05100935697555542
3054687488.0,-0.045765433460474014
3055624960.0,-0.03986741229891777
3056562432.0,-0.03477570787072182
3057499904.0,-0.0288105346262455
3058437376.0,-0.024640941992402077
3059375104.0,-0.01870574988424778
3060312576.0,-0.014833253808319569
3061250048.0,-0.010102301836013794
3062187520.0,-0.006760527845472097
3063124992.0,-0.003950795624405146
3064062464.0,-0.0006640893407166004
3064999936.0,0.0009545960929244757
3065937408.0,0.0016783522441983223
3066874880.0,0.001852791872806847
3067812608.0,0.015623020939528942
3068750080.0,0.00894631166011095
3069687552.0,0.003301708959043026
3070625024.0,-0.004512234590947628
3071562496.0,-0.012183349579572678
3072499968.0,-0.020887689664959908
3073437440.0,-0.030197057873010635
3074374912.0,-0.03911180421710014
3075312384.0,-0.04820320010185242
3076250112.0,-0.05732552334666252
3077187584.0,-0.06737148761749268
3078125056.0,-0.0761437863111496
3079062528.0,-0.08491604775190353
3080000000.0,-0.09287423640489578
3080937472.0,-0.10130760073661804
3081874944.0,-0.10710842907428741
3082812416.0,-0.11174844950437546
3083749888.0,-0.11648564785718918
3084687616.0,-0.11969020962715149
3085625088.0,-0.12179974466562271
3086562560.0,-0.12275653332471848
3087500032.0,-0.12160171568393707
3088437504.0,-0.12012306600809097
3089374976.0,-0.11800424754619598
3090312448.0,-0.11398887634277344
3091249920.0,-0.10881322622299194
3092187392.0,-0.10319852083921432
3093125120.0,-0.09646550565958023
3094062592.0,-0.08966157585382462
3095000064.0,-0.08104413747787476
3095937536.0,-0.07246378064155579
3096875008.0,-0.0642738863825798
3097812480.0,-0.0528770387172699
3098749952.0,-0.04391569271683693
3099687424.0,-0.03279728442430496
3100624896.0,-0.023446638137102127
3101562624.0,-0.012781511060893536
3102500096.0,-0.0022755898535251617
3103437568.0,0.007005817256867886
3104375040.0,0.016301535069942474
3105312512.0,0.026618963107466698
3106249984.0,0.03425664082169533
3107187456.0,0.043660394847393036
3108124928.0,0.05184079706668854
3109062400.0,0.05996938422322273
3110000128.0,0.06604867428541183
3110937600.0,0.0726797804236412
3111875072.0,0.07880131155252457
3112812544.0,0.08397607505321503
3113750016.0,0.0889567881822586
3114687488.0,0.09241655468940735
3115624960.0,0.09681019186973572
3116562432.0,0.10035422444343567
3117499904.0,0.10317087918519974
3118437376.0,0.10603316873311996
3119375104.0,0.10762230306863785
3120312576.0,0.11012674868106842
3121250048.0,0.1112126037478447
3122187520.0,0.11463889479637146
3123124992.0,0.11503934860229492
3124062464.0,0.11698738485574722
3124999936.0,0.11825165897607803
3125937408.0,0.11855242401361465
3126874880.0,0.1199190765619278
3127812608.0,0.14040476083755493
3128750080.0,0.13715651631355286
3129687552.0,0.13434530794620514
3130625024.0,0.13184531033039093
3131562496.0,0.12942402064800262
3132499968.0,0.12856775522232056
3133437440.0,0.12608912587165833
3134374912.0,0.12565495073795319
3135312384.0,0.12377545237541199
3136250112.0,0.12257390469312668
3137187584.0,0.12078726291656494
3138125056.0,0.12026464939117432
3139062528.0,0.11981796473264694
3140000000.0,0.11906999349594116
3140937472.0,0.11863137036561966
3141874944.0,0.11776498705148697
3142812416.0,0.11659711599349976
3143749888.0,0.11647401750087738
3144687616.0,0.11517684161663055
3145625088.0,0.11375998705625534
3146562560.0,0.11208697408437729
3147500032.0,0.10989876836538315
3148437504.0,0.10747607052326202
3149374976.0,0.10418879240751266
3150312448.0,0.10036997497081757
3151249920.0,0.09589632600545883
3152187392.0,0.09101756662130356
3153125120.0,0.08583693951368332
3154062592.0,0.0792359933257103
3155000064.0,0.07313567399978638
3155937536.0,0.06521731615066528
3156875008.0,0.0564119890332222
3157812480.0,0.04755941405892372
3158749952.0,0.038527246564626694
3159687424.0,0.02784694917500019
3160624896.0,0.01744147017598152
3161562624.0,0.0058394866064190865
3162500096.0,-0.006089148111641407
3163437568.0,-0.01732013374567032
3164375040.0,-0.029163988307118416
3165312512.0,-0.042113982141017914
3166249984.0,-0.05282564461231232
3167187456.0,-0.0643448680639267
3168124928.0,-0.07680096477270126
3169062400.0,-0.08577454090118408
3169999872.0,-0.09607454389333725
3170937600.0,-0.10522714257240295
3171875072.0,-0.11486028134822845
3172812544.0,-0.12164103239774704
3173750016.0,-0.1277838796377182
3174687488.0,-0.1319395899772644
3175624960.0,-0.13660942018032074
3176562432.0,-0.1386258900165558
3177499904.0,-0.1393323540687561
3178437376.0,-0.13858334720134735
3179375104.0,-0.13738062977790833
3180312576.0,-0.13440339267253876
3181250048.0,-0.1287699192762375
3182187520.0,-0.12228602170944214
3183124992.0,-0.11323732882738113
3184062464.0,-0.1041095107793808
3184999936.0,-0.09272907674312592
3185937408.0,-0.08017466217279434
3186874880.0,-0.06574083119630814
3187812608.0,0.06160789355635643
3188750080.0,0.060234956443309784
3189687552.0,0.059283848851919174
3190625024.0,0.060460783541202545
3191562496.0,0.06140962615609169
3192499968.0,0.06269483268260956
3193437440.0,0.06518068164587021
3194374912.0,0.06953221559524536
3195312384.0,0.07318009436130524
3196250112.0,0.07709433883428574
3197187584.0,0.0821225494146347
3198125056.0,0.08689454197883606
3199062528.0,0.09133433550596237
3200000000.0,0.09647775441408157
3200937472.0,0.10075298696756363
3201874944.0,0.10410286486148834
3202812416.0,0.10656914860010147
3203749888.0,0.10967383533716202
3204687616.0,0.11093698441982269
3205625088.0,0.10980045795440674
3206562560.0,0.1096460223197937
3207500032.0,0.1070815846323967
3208437504.0,0.10415510833263397
3209374976.0,0.09980210661888123
3210312448.0,0.09414463490247726
3211249920.0,0.08755075931549072
3212187392.0,0.07959675043821335
3213125120.0,0.07031615823507309
3214062592.0,0.060113925486803055
3215000064.0,0.04885690659284592
3215937536.0,0.03719932585954666
3216875008.0,0.02470390312373638
3217812480.0,0.012143257074058056
3218749952.0,0.0002071189956041053
3219687424.0,-0.012501903809607029
3220624896.0,-0.025695445016026497
3221562624.0,-0.038142234086990356
3222500096.0,-0.050212401896715164
3223437568.0,-0.06059771031141281
3224375040.0,-0.07131104916334152
3225312512.0,-0.08123268187046051
3226249984.0,-0.08971977233886719
3227187456.0,-0.0974605605006218
3228124928.0,-0.10325142741203308
3229062400.0,-0.10860639810562134
3230000128.0,-0.11240594834089279
3230937600.0,-0.11513625085353851
3231875072.0,-0.11461744457483292
3232812544.0,-0.11406179517507553
3233750016.0,-0.11250478029251099
3234687488.0,-0.11069844663143158
3235624960.0,-0.1066383495926857
3236562432.0,-0.10272037982940674
3237499904.0,-0.09775299578905106
3238437376.0,-0.0932779461145401
3239375104.0,-0.08759961277246475
3240312576.0,-0.08271835744380951
3241250048.0,-0.0782901793718338
3242187520.0,-0.07263273745775223
3243124992.0,-0.06818565726280212
3244062464.0,-0.06596739590167999
3244999936.0,-0.06284084171056747
3245937408.0,-0.06206711381673813
3246874880.0,-0.060189712792634964
3247812608.0,-0.05285210162401199
3248750080.0,-0.05737857148051262
3249687552.0,-0.06173285096883774
3250625024.0,-0.06536645442247391
3251562496.0,-0.06885435432195663
3252499968.0,-0.07082454860210419
3253437440.0,-0.07404717057943344
3254374912.0,-0.07342330366373062
3255312384.0,-0.07409995049238205
3256250112.0,-0.07284927368164062
3257187584.0,-0.0702766627073288
3258125056.0,-0.0658695325255394
3259062528.0,-0.06136615201830864
3260000000.0,-0.05657771974802017
3260937472.0,-0.0498378723859787
3261874944.0,-0.04176172986626625
3262812416.0,-0.034646373242139816
3263749888.0,-0.025345362722873688
3264687616.0,-0.018359461799263954
3265625088.0,-0.009324980899691582
3266562560.0,-0.0019390741363167763
3267500032.0,0.006043037865310907
3268437504.0,0.012630201876163483
3269374976.0,0.017745034769177437
3270312448.0,0.021861635148525238
3271249920.0,0.024638380855321884
3272187392.0,0.02778799831867218
3273125120.0,0.028073284775018692
3274062592.0,0.027622949331998825
3275000064.0,0.02695382758975029
3275937536.0,0.025078924372792244
3276875008.0,0.022552013397216797
3277812480.0,0.02037065662443638
3278749952.0,0.01790035143494606
3279687424.0,0.0163650531321764
3280624896.0,0.01442566979676485
3281562624.0,0.01354751642793417
3282500096.0,0.012768681161105633
3283437568.0,0.013816270977258682
3284375040.0,0.013676556758582592
3285312512.0,0.015443067066371441
3286249984.0,0.017210913822054863
3287187456.0,0.019359290599822998
3288124928.0,0.02083389274775982
3289062400.0,0.021589381620287895
3289999872.0,0.02303207479417324
3290937600.0,0.023254122585058212
3291875072.0,0.022815436124801636
3292812544.0,0.02056502178311348
3293750016.0,0.016496596857905388
3294687488.0,0.012340310029685497
3295624960.0,0.006347812712192535
3296562432.0,-0.0001688128395471722
3297499904.0,-0.007151174359023571
3298437376.0,-0.015188192017376423
3299375104.0,-0.02251998335123062
3300312576.0,-0.031997762620449066
3301250048.0,-0.0411142036318779
3302187520.0,-0.04947414621710777
3303124992.0,-0.058520205318927765
3304062464.0,-0.06803257018327713
3304999936.0,-0.0765547901391983
3305937408.0,-0.0853712409734726
3306874880.0,-0.09288372099399567
3307812608.0,-0.061050012707710266
3308750080.0,-0.05865727737545967
3309687552.0,-0.05768148601055145
3310625024.0,-0.05566520243883133
3311562496.0,-0.0535745769739151
3312499968.0,-0.05215104669332504
3313437440.0,-0.05193081125617027
3314374912.0,-0.052637625485658646
3315312384.0,-0.05223940312862396
3316250112.0,-0.05286581441760063
3317187584.0,-0.05407267063856125
3318125056.0,-0.05641960725188255
3319062528.0,-0.05853177607059479
3320000000.0,-0.061906903982162476
3320937472.0,-0.06584994494915009
3321874944.0,-0.07151644676923752
3322812416.0,-0.07571481168270111
3323749888.0,-0.08177681267261505
3324687616.0,-0.08837518841028214
3325625088.0,-0.09484875202178955
3326562560.0,-0.10224433243274689
3327500032.0,-0.10899151861667633
3328437504.0,-0.1146242618560791
3329374976.0,-0.12054599076509476
3330312448.0,-0.12680254876613617
3331249920.0,-0.13183794915676117
3332187392.0,-0.1368912011384964
3333125120.0,-0.14103302359580994
3334062592.0,-0.1445351541042328
3335000064.0,-0.14564602077007294
3335937536.0,-0.146918386220932
3336875008.0,-0.14674581587314606
3337812480.0,-0.14559857547283173
3338749952.0,-0.14301076531410217
3339687424.0,-0.1394919902086258
3340624896.0,-0.135064035654068
3341562624.0,-0.12869828939437866
3342500096.0,-0.12290609627962112
3343437568.0,-0.11623280495405197
3344375040.0,-0.10752876847982407
3345312512.0,-0.09883365035057068
3346249984.0,-0.08973827213048935
3347187456.0,-0.0796680748462677
3348124928.0,-0.07067961990833282
3349062400.0,-0.060866452753543854
3350000128.0,-0.051454730331897736
3350937600.0,-0.04241684079170227
3351875072.0,-0.03360693156719208
3352812544.0,-0.024560613557696342
3353750016.0,-0.01663796976208687
3354687488.0,-0.008870298974215984
3355624960.0,-0.0019186261342838407
3356562432.0,0.004179039970040321
3357499904.0,0.011037340387701988
3358437376.0,0.01494134683161974
3359375104.0,0.019776659086346626
3360312576.0,0.021523049101233482
3361250048.0,0.02472122386097908
3362187520.0,0.028100473806262016
3363124992.0,0.029809536412358284
3364062464.0,0.03254587575793266
3364999936.0,0.032898660749197006
3365937408.0,0.035145461559295654
3366874880.0,0.03735802322626114
3367812608.0,0.045855749398469925
3368750080.0,0.05439642816781998
3369687552.0,0.061944324523210526
3370625024.0,0.06812141090631485
3371562496.0,0.07466675341129303
3372499968.0,0.07994603365659714
3373437440.0,0.08341357111930847
3374374912.0,0.08555219322443008
3375312384.0,0.08727976679801941
3376250112.0,0.08746287226676941
3377187584.0,0.08519011735916138
3378125056.0,0.08340254426002502
3379062528.0,0.07949788868427277
3380000000.0,0.07536381483078003
3380937472.0,0.06995483487844467
3381874944.0,0.06325950473546982
3382812416.0,0.05601098760962486
3383749888.0,0.04671824350953102
3384687616.0,0.03833455592393875
3385625088.0,0.02859010547399521
3386562560.0,0.0186142660677433
3387500032.0,0.008347428403794765
3388437504.0,-0.002167565282434225
3389374976.0,-0.013153391890227795
3390312448.0,-0.02249927818775177
3391249920.0,-0.03316592052578926
3392187392.0,-0.0409412644803524
3393125120.0,-0.04920540004968643
3394062592.0,-0.056928809732198715
3395000064.0,-0.06547963619232178
3395937536.0,-0.07083786278963089
3396875008.0,-0.07793913781642914
3397812480.0,-0.08271526545286179
3398749952.0,-0.08640997856855392
3399687424.0,-0.08999961614608765
3400624896.0,-0.09212648868560791
3401562624.0,-0.09315529465675354
3402500096.0,-0.09342416375875473
3403437568.0,-0.09479191154241562
3404375040.0,-0.09346933662891388
3405312512.0,-0.09319199621677399
3406249984.0,-0.09098533540964127
3407187456.0,-0.08851607888936996
3408124928.0,-0.08498340100049973
3409062400.0,-0.08319547027349472
3409999872.0,-0.07895566523075104
3410937600.0,-0.07597576081752777
3411875072.0,-0.07172127068042755
3412812544.0,-0.06804073601961136
3413750016.0,-0.06419631838798523
3414687488.0,-0.059960510581731796
3415624960.0,-0.05572862550616264
3416562432.0,-0.051447171717882156
3417499904.0,-0.0465429350733757
3418437376.0,-0.042207807302474976
3419375104.0,-0.0387195385992527
3420312576.0,-0.03512188419699669
3421250048.0,-0.03165442496538162
3422187520.0,-0.027685517445206642
3423124992.0,-0.024046437814831734
3424062464.0,-0.019875507801771164
3424999936.0,-0.015799501910805702
3425937408.0,-0.0129308570176363
3426874880.0,-0.008153203874826431
3427812608.0,-0.004703454207628965
3428750080.0,-0.0016154731856659055
3429687552.0,0.0008858220535330474
3430625024.0,0.0042170630767941475
3431562496.0,0.0074799545109272
3432499968.0,0.011260773986577988
3433437440.0,0.015478960238397121
3434374912.0,0.0209382064640522
3435312384.0,0.02759850025177002
3436250112.0,0.03418232500553131
3437187584.0,0.04419910907745361
3438125056.0,0.052699536085128784
3439062528.0,0.06318071484565735
3440000000.0,0.07391781359910965
3440937472.0,0.08601461350917816
3441874944.0,0.0988207459449768
3442812416.0,0.11238390952348709
3443749888.0,0.12668649852275848
3444687616.0,0.14079391956329346
3445625088.0,0.15499916672706604
3446562560.0,0.16882824897766113
3447500032.0,0.18125177919864655
3448437504.0,0.19256897270679474
3449374976.0,0.20347127318382263
3450312448.0,0.21236979961395264
3451249920.0,0.21801219880580902
3452187392.0,0.22317571938037872
3453125120.0,0.2254382073879242
3454062592.0,0.22490213811397552
3455000064.0,0.22159349918365479
3455937536.0,0.2168048620223999
3456875008.0,0.20882178843021393
3457812480.0,0.1990041583776474
3458749952.0,0.18648768961429596
3459687424.0,0.1725173443555832
3460624896.0,0.1564209759235382
3461562624.0,0.13900329172611237
3462500096.0,0.12063286453485489
3463437568.0,0.10139859467744827
3464375040.0,0.0815742090344429
3465312512.0,0.06052973493933678
3466249984.0,0.040925245732069016
3467187456.0,0.022299062460660934
3468124928.0,0.004659108351916075
3469062400.0,-0.01217497419565916
3470000128.0,-0.026849212124943733
3470937600.0,-0.04029136523604393
3471875072.0,-0.051345307379961014
3472812544.0,-0.06132218614220619
3473750016.0,-0.06824322789907455
3474687488.0,-0.07350635528564453
3475624960.0,-0.07675006240606308
3476562432.0,-0.0788251981139183
3477499904.0,-0.07871950417757034
3478437376.0,-0.0776587575674057
3479375104.0,-0.07475732266902924
3480312576.0,-0.07058267295360565
3481250048.0,-0.06561318039894104
3482187520.0,-0.060840904712677
3483124992.0,-0.05540872737765312
3484062464.0,-0.050629809498786926
3484999936.0,-0.04535216838121414
3485937408.0,-0.039448082447052
3486874880.0,-0.03534102439880371
3487812608.0,-0.02185319922864437
3488750080.0,-0.02412443980574608
3489687552.0,-0.027964618057012558
3490625024.0,-0.03298970311880112
3491562496.0,-0.03745924308896065
3492499968.0,-0.04275106266140938
3493437440.0,-0.048536259680986404
3494374912.0,-0.05393776670098305
3495312384.0,-0.060008399188518524
3496250112.0,-0.06469781696796417
3497187584.0,-0.06918308883905411
3498125056.0,-0.07316985726356506
3499062528.0,-0.07572777569293976
3500000000.0,-0.07697630673646927
3500937472.0,-0.07797253131866455
3501874944.0,-0.07571972161531448
3502812416.0,-0.0737745463848114
3503749888.0,-0.07007747143507004
3504687616.0,-0.06501366943120956
3505625088.0,-0.05920702591538429
3506562560.0,-0.052572377026081085
3507500032.0,-0.04502876102924347
3508437504.0,-0.03726543113589287
3509374976.0,-0.02941526472568512
3510312448.0,-0.019947459921240807
3511249920.0,-0.010910729877650738
3512187392.0,-0.0017325137741863728
3513125120.0,0.006611857563257217
3514062592.0,0.01615701988339424
3515000064.0,0.02432693913578987
3515937536.0,0.03181245177984238
3516875008.0,0.03985938802361488
3517812480.0,0.04653047397732735
3518749952.0,0.05222729966044426
3519687424.0,0.05639135092496872
3520624896.0,0.06025979295372963
3521562624.0,0.06254042685031891
3522500096.0,0.06349723041057587
3523437568.0,0.06397685408592224
3524375040.0,0.06377336382865906
3525312512.0,0.06100454181432724
3526249984.0,0.05871373414993286
3527187456.0,0.055139195173978806
3528124928.0,0.04965218901634216
3529062400.0,0.044704340398311615
3529999872.0,0.038638971745967865
3530937600.0,0.032968346029520035
3531875072.0,0.0262161735445261
3532812544.0,0.0205676406621933
3533750016.0,0.01492677815258503
3534687488.0,0.010036417283117771
3535624960.0,0.005405643954873085
3536562432.0,0.002360332291573286
3537499904.0,-0.0006784787401556969
3538437376.0,-0.0031774581875652075
3539375104.0,-0.004159356467425823
3540312576.0,-0.004506475757807493
3541250048.0,-0.004307321272790432
3542187520.0,-0.0029256560374051332
3543124992.0,-0.0008028594311326742
3544062464.0,0.0033776562195271254
3544999936.0,0.0066503179259598255
3545937408.0,0.011781762354075909
3546874880.0,0.01595909707248211
3547812608.0,0.01825355552136898
3548750080.0,0.016703849658370018
3549687552.0,0.015128332190215588
3550625024.0,0.012578936293721199
3551562496.0,0.009948084130883217
3552499968.0,0.007124404422938824
3553437440.0,0.0045342231169342995
3554374912.0,0.0011316470336169004
3555312384.0,-0.0019015121506527066
3556250112.0,-0.0061407131142914295
3557187584.0,-0.010169634595513344
3558125056.0,-0.013586508110165596
3559062528.0,-0.01790788397192955
3560000000.0,-0.02074536681175232
3560937472.0,-0.023236751556396484
3561874944.0,-0.02602122537791729
3562812416.0,-0.028736688196659088
3563749888.0,-0.03214726969599724
3564687616.0,-0.033971913158893585
3565625088.0,-0.0365917906165123
3566562560.0,-0.038090672343969345
3567500032.0,-0.03961388021707535
3568437504.0,-0.041591376066207886
3569374976.0,-0.04110558331012726
3570312448.0,-0.04142509773373604
3571249920.0,-0.0415072999894619
3572187392.0,-0.04053565487265587
3573125120.0,-0.039885930716991425
3574062592.0,-0.03829346224665642
3575000064.0,-0.03592599555850029
3575937536.0,-0.0347830168902874
3576875008.0,-0.03272493928670883
3577812480.0,-0.031301647424697876
3578749952.0,-0.029404032975435257
3579687424.0,-0.027268189936876297
3580624896.0,-0.02364329993724823
3581562624.0,-0.022603804245591164
3582500096.0,-0.020490285009145737
3583437568.0,-0.01776699908077717
3584375040.0,-0.017854437232017517
3585312512.0,-0.01822274923324585
3586249984.0,-0.017471477389335632
3587187456.0,-0.016249120235443115
3588124928.0,-0.017190834507346153
3589062400.0,-0.016674354672431946
3590000128.0,-0.017103586345911026
3590937600.0,-0.016686957329511642
3591875072.0,-0.015890788286924362
3592812544.0,-0.015958772972226143
3593750016.0,-0.016072051599621773
3594687488.0,-0.016844939440488815
3595624960.0,-0.014948832802474499
3596562432.0,-0.014336963184177876
3597499904.0,-0.013122890144586563
3598437376.0,-0.010766430757939816
3599375104.0,-0.008633235469460487
3600312576.0,-0.005388905759900808
3601250048.0,-0.0016744417371228337
3602187520.0,0.002411446301266551
3603124992.0,0.0067260777577757835
3604062464.0,0.011593462899327278
3604999936.0,0.016646023839712143
3605937408.0,0.023079238831996918
3606874880.0,0.028214454650878906
3607812608.0,0.0510256253182888
3608750080.0,0.06081245094537735
3609687552.0,0.06922917068004608
3610625024.0,0.07795941084623337
3611562496.0,0.08654321730136871
3612499968.0,0.0931287407875061
3613437440.0,0.09918493032455444
3614374912.0,0.10543586313724518
3615312384.0,0.10981496423482895
3616250112.0,0.11390049010515213
3617187584.0,0.11602382361888885
3618125056.0,0.11802586913108826
3619062528.0,0.11885056644678116
3620000000.0,0.11785084754228592
3620937472.0,0.11685853451490402
3621874944.0,0.11487382650375366
3622812416.0,0.11069329082965851
3623749888.0,0.10530738532543182
3624687616.0,0.10053277760744095
3625625088.0,0.09447842091321945
3626562560.0,0.08895141631364822
3627500032.0,0.08265440911054611
3628437504.0,0.07383939623832703
3629374976.0,0.06607595831155777
3630312448.0,0.05725623667240143
3631249920.0,0.04773182049393654
3632187392.0,0.03868638351559639
3633125120.0,0.029239093884825706
3634062592.0,0.01920284703373909
3635000064.0,0.00992403831332922
3635937536.0,-0.00022557962802238762
3636875008.0,-0.010330797173082829
3637812480.0,-0.01912829652428627
3638749952.0,-0.02772670052945614
3639687424.0,-0.0373651385307312
3640624896.0,-0.04568825289607048
3641562624.0,-0.054767906665802
3642500096.0,-0.06196555867791176
3643437568.0,-0.06917659938335419
3644375040.0,-0.07614380121231079
3645312512.0,-0.08198755979537964
3646249984.0,-0.088953398168087
3647187456.0,-0.09362615644931793
3648124928.0,-0.09823685884475708
3649062400.0,-0.10123636573553085
3649999872.0,-0.10633966326713562
3650937600.0,-0.10922549664974213
3651875072.0,-0.11155526340007782
3652812544.0,-0.11384707689285278
3653750016.0,-0.11494213342666626
3654687488.0,-0.11465092748403549
3655624960.0,-0.11573964357376099
3656562432.0,-0.11591807752847672
3657499904.0,-0.11503686755895615
3658437376.0,-0.11401646584272385
3659375104.0,-0.11170342564582825
3660312576.0,-0.11018767952919006
3661250048.0,-0.1065502017736435
3662187520.0,-0.10454356670379639
3663124992.0,-0.10066168010234833
3664062464.0,-0.09660938382148743
3664999936.0,-0.09221172332763672
3665937408.0,-0.08807838708162308
3666874880.0,-0.08360189199447632
3667812608.0,-0.06629976630210876
3668750080.0,-0.06586191803216934
3669687552.0,-0.0648963451385498
3670625024.0,-0.06362751871347427
3671562496.0,-0.05994898080825806
3672499968.0,-0.056919991970062256
3673437440.0,-0.053377412259578705
3674374912.0,-0.0483330674469471
3675312384.0,-0.043736111372709274
3676250112.0,-0.03762060031294823
3677187584.0,-0.030572159215807915
3678125056.0,-0.022585084661841393
3679062528.0,-0.01560783851891756
3680000000.0,-0.007749559357762337
3680937472.0,0.0007141028763726354
3681874944.0,0.009325266815721989
3682812416.0,0.01810205914080143
3683749888.0,0.028270531445741653
3684687616.0,0.03669371455907822
3685625088.0,0.045319318771362305
3686562560.0,0.052978288382291794
3687500032.0,0.06081482395529747
3688437504.0,0.06794418394565582
3689374976.0,0.07456966489553452
3690312448.0,0.08123917132616043
3691249920.0,0.08661604672670364
3692187392.0,0.09098770469427109
3693125120.0,0.09489629417657852
3694062592.0,0.09826105087995529
3695000064.0,0.0998467430472374
3695937536.0,0.10147564858198166
3696875008.0,0.10108122229576111
3697812480.0,0.09947045892477036
3698749952.0,0.09623625874519348
3699687424.0,0.09255952388048172
3700624896.0,0.08912544697523117
3701562624.0,0.08464237302541733
3702500096.0,0.07864384353160858
3703437568.0,0.07187749445438385
3704375040.0,0.065577432513237
3705312512.0,0.05889403447508812
3706249984.0,0.05076834559440613
3707187456.0,0.04335958510637283
3708124928.0,0.03484196960926056
3709062400.0,0.02654550038278103
3710000128.0,0.017945468425750732
3710937600.0,0.009729292243719101
3711875072.0,0.001684098388068378
3712812544.0,-0.005830352660268545
3713750016.0,-0.011833036318421364
3714687488.0,-0.01897301711142063
3715624960.0,-0.024835435673594475
3716562432.0,-0.029390018433332443
3717499904.0,-0.0335976704955101
3718437376.0,-0.03609134256839752
3719375104.0,-0.03840917348861694
3720312576.0,-0.04011992737650871
3721250048.0,-0.040916118770837784
3722187520.0,-0.03995385393500328
3723124992.0,-0.04023848474025726
3724062464.0,-0.03820996731519699
3724999936.0,-0.03690507262945175
3725937408.0,-0.03511238470673561
3726874880.0,-0.03238058090209961
3727812608.0,-0.03533750772476196
3728750080.0,-0.03459315001964569
3729687552.0,-0.03448792174458504
3730625024.0,-0.0333465076982975
3731562496.0,-0.03216571733355522
3732499968.0,-0.03212368115782738
3733437440.0,-0.030649222433567047
3734374912.0,-0.030718913301825523
3735312384.0,-0.031441427767276764
3736250112.0,-0.031987328082323074
3737187584.0,-0.033139172941446304
3738125056.0,-0.0355466790497303
3739062528.0,-0.038325078785419464
3740000000.0,-0.042359959334135056
3740937472.0,-0.04596557468175888
3741874944.0,-0.049804314970970154
3742812416.0,-0.05501016229391098
3743749888.0,-0.06045837327837944
3744687616.0,-0.06606736779212952
3745625088.0,-0.07148300111293793
3746562560.0,-0.0768316313624382
3747500032.0,-0.08241277933120728
3748437504.0,-0.0886383131146431
3749374976.0,-0.09487695246934891
3750312448.0,-0.10012178122997284
3751249920.0,-0.10607592016458511
3752187392.0,-0.11091823130846024
3753125120.0,-0.11685594171285629
3754062592.0,-0.12133572995662689
3755000064.0,-0.12503622472286224
3755937536.0,-0.12754131853580475
3756875008.0,-0.12843972444534302
3757812480.0,-0.1296275556087494
3758749952.0,-0.12898828089237213
3759687424.0,-0.12744678556919098
3760624896.0,-0.12317946553230286
3761562624.0,-0.118778295814991
3762500096.0,-0.11297300457954407
3763437568.0,-0.10494974255561829
3764375040.0,-0.0965767502784729
3765312512.0,-0.0861276239156723
3766249984.0,-0.07571563869714737
3767187456.0,-0.0649583637714386
3768124928.0,-0.05387739837169647
3769062400.0,-0.04144895076751709
3769999872.0,-0.03055288828909397
3770937600.0,-0.019142521545290947
3771875072.0,-0.007552648428827524
3772812544.0,0.0029689010698348284
3773750016.0,0.012269816361367702
3774687488.0,0.020543908700346947
3775624960.0,0.028248704969882965
3776562432.0,0.033575039356946945
3777499904.0,0.039094775915145874
3778437376.0,0.04233479127287865
3779375104.0,0.04418599605560303
3780312576.0,0.04432041570544243
3781250048.0,0.042501356452703476
3782187520.0,0.03977368772029877
3783124992.0,0.03402053937315941
3784062464.0,0.028311941772699356
3784999936.0,0.02027345634996891
3785937408.0,0.012829948216676712
3786874880.0,0.01352169644087553
3787812608.0,0.005510476417839527
3788750080.0,-0.003940629307180643
3789687552.0,-0.014758185483515263
3790625024.0,-0.026843074709177017
3791562496.0,-0.038813140243291855
3792499968.0,-0.050514496862888336
3793437440.0,-0.061625413596630096
3794374912.0,-0.0718391165137291
3795312384.0,-0.0833757221698761
3796250112.0,-0.09499140828847885
3797187584.0,-0.10550842434167862
3798125056.0,-0.11543378233909607
3799062528.0,-0.12433484196662903
3800000000.0,-0.1333797723054886
3800937472.0,-0.13977597653865814
3801874944.0,-0.1449022889137268
3802812416.0,-0.14950315654277802
3803749888.0,-0.15331612527370453
3804687616.0,-0.15532560646533966
3805625088.0,-0.15527626872062683
3806562560.0,-0.15451276302337646
3807500032.0,-0.15208226442337036
3808437504.0,-0.1490708440542221
3809374976.0,-0.1450677365064621
3810312448.0,-0.1386987417936325
3811249920.0,-0.13212950527668
3812187392.0,-0.12434139102697372
3813125120.0,-0.11541838198900223
3814062592.0,-0.10691720247268677
3815000064.0,-0.09644659608602524
3815937536.0,-0.0865573137998581
3816875008.0,-0.07713132351636887
3817812480.0,-0.06674469262361526
3818749952.0,-0.057004768401384354
3819687424.0,-0.047207966446876526
3820624896.0,-0.037938058376312256
3821562624.0,-0.029707573354244232
3822500096.0,-0.021150711923837662
3823437568.0,-0.014946755953133106
3824375040.0,-0.007842191495001316
3825312512.0,-0.003129526972770691
3826249984.0,0.00018709347932599485
3827187456.0,0.0026751419063657522
3828124928.0,0.00477549247443676
3829062400.0,0.0053518726490437984
3830000128.0,0.00505905132740736
3830937600.0,0.004979677964001894
3831875072.0,0.003647094825282693
3832812544.0,0.0005294828442856669
3833750016.0,-0.0020466046407818794
3834687488.0,-0.006070497911423445
3835624960.0,-0.009654809720814228
3836562432.0,-0.013961512595415115
3837499904.0,-0.018707212060689926
3838437376.0,-0.022646281868219376
3839375104.0,-0.02749895304441452
3840312576.0,-0.031548697501420975
3841250048.0,-0.03613287955522537
3842187520.0,-0.04009781405329704
3843124992.0,-0.04219139739871025
3844062464.0,-0.045228343456983566
3844999936.0,-0.047054849565029144
3845937408.0,-0.04867007955908775
3846874880.0,-0.040524788200855255
3847812608.0,-0.03593197464942932
3848750080.0,-0.03198415786027908
3849687552.0,-0.028851939365267754
3850625024.0,-0.02600884810090065
3851562496.0,-0.024171320721507072
3852499968.0,-0.021010790020227432
3853437440.0,-0.02010982669889927
3854374912.0,-0.017709361389279366
3855312384.0,-0.018013330176472664
3856250112.0,-0.01727011427283287
3857187584.0,-0.017855236306786537
3858125056.0,-0.018835455179214478
3859062528.0,-0.020234549418091774
3860000000.0,-0.020838327705860138
3860937472.0,-0.02375601977109909
3861874944.0,-0.025592735037207603
3862812416.0,-0.02757994458079338
3863749888.0,-0.030007362365722656
3864687616.0,-0.03220631554722786
3865625088.0,-0.03571481630206108
3866562560.0,-0.03887105733156204
3867500032.0,-0.04229482263326645
3868437504.0,-0.045194074511528015
3869374976.0,-0.04738341271877289
3870312448.0,-0.050083503127098083
3871249920.0,-0.05169879272580147
3872187392.0,-0.052436020225286484
3873125120.0,-0.054020535200834274
3874062592.0,-0.055452149361371994
3875000064.0,-0.05515497550368309
3875937536.0,-0.05894279107451439
3876875008.0,-0.060590602457523346
3877812480.0,-0.06271787732839584
3878749952.0,-0.06401462107896805
3879687424.0,-0.06521773338317871
3880624896.0,-0.06639464199542999
3881562624.0,-0.06709613651037216
3882500096.0,-0.06758703291416168
3883437568.0,-0.06784280389547348
3884375040.0,-0.06748568266630173
3885312512.0,-0.06749790906906128
3886249984.0,-0.06723564863204956
3887187456.0,-0.06717654317617416
3888124928.0,-0.06674104183912277
3889062400.0,-0.06625417619943619
3889999872.0,-0.06663361936807632
3890937600.0,-0.0667896568775177
3891875072.0,-0.06703068315982819
3892812544.0,-0.067808136343956
3893750016.0,-0.06883598119020462
3894687488.0,-0.0710114911198616
3895624960.0,-0.07329559326171875
3896562432.0,-0.07532591372728348
3897499904.0,-0.07778756320476532
3898437376.0,-0.08102302253246307
3899375104.0,-0.08435025066137314
3900312576.0,-0.08809632062911987
3901250048.0,-0.09231415390968323
3902187520.0,-0.0961865559220314
3903124992.0,-0.1002674475312233
3904062464.0,-0.10550029575824738
3904999936.0,-0.10985661298036575
3905937408.0,-0.11400631070137024
3906874880.0,-0.13171353936195374
3907812608.0,-0.13838087022304535
3908750080.0,-0.14355775713920593
3909687552.0,-0.14863666892051697
3910625024.0,-0.15089857578277588
3911562496.0,-0.15162387490272522
3912499968.0,-0.14975634217262268
3913437440.0,-0.14477188885211945
3914374912.0,-0.1392919421195984
3915312384.0,-0.13133671879768372
3916250112.0,-0.12141428887844086
3917187584.0,-0.109625443816185
3918125056.0,-0.09596284478902817
3919062528.0,-0.08197057992219925
3920000000.0,-0.06703731417655945
3920937472.0,-0.05000602826476097
3921874944.0,-0.03386271372437477
3922812416.0,-0.01728212833404541
3923749888.0,-0.001099896035157144
3924687616.0,0.014387871138751507
3925625088.0,0.028900887817144394
3926562560.0,0.043190427124500275
3927500032.0,0.054833561182022095
3928437504.0,0.06572277843952179
3929374976.0,0.07543976604938507
3930312448.0,0.08235900104045868
3931249920.0,0.08746159076690674
3932187392.0,0.09093618392944336
3933125120.0,0.09075035899877548
3934062592.0,0.08986864984035492
3935000064.0,0.08754432201385498
3935937536.0,0.08325077593326569
3936875008.0,0.07744716852903366
3937812480.0,0.07053956389427185
3938749952.0,0.06264349818229675
3939687424.0,0.05450902134180069
3940624896.0,0.04509330913424492
3941562624.0,0.03538259118795395
3942500096.0,0.02721291221678257
3943437568.0,0.01803487539291382
3944375040.0,0.009678071364760399
3945312512.0,0.0022137549240142107
3946249984.0,-0.005758803803473711
3947187456.0,-0.012501412071287632
3948124928.0,-0.017812097445130348
3949062400.0,-0.022910701110959053
3950000128.0,-0.026833347976207733
3950937600.0,-0.031073493883013725
3951875072.0,-0.03408385068178177
3952812544.0,-0.036502666771411896
3953750016.0,-0.03848208114504814
3954687488.0,-0.0394953154027462
3955624960.0,-0.041187774389982224
3956562432.0,-0.04218456521630287
3957499904.0,-0.04387159273028374
3958437376.0,-0.045214101672172546
3959375104.0,-0.045523080974817276
3960312576.0,-0.04613403603434563
3961250048.0,-0.04735394939780235
3962187520.0,-0.049170397222042084
3963124992.0,-0.052611954510211945
3964062464.0,-0.05753147974610329
3964999936.0,-0.062278930097818375
3965937408.0,-0.06750407814979553
3966874880.0,-0.08208724856376648
3967812608.0,-0.09585557878017426
3968750080.0,-0.1082243025302887
3969687552.0,-0.12195302546024323
3970625024.0,-0.13560397922992706
3971562496.0,-0.1496485322713852
3972499968.0,-0.16132929921150208
3973437440.0,-0.17309501767158508
3974374912.0,-0.1831674873828888
3975312384.0,-0.19208256900310516
3976250112.0,-0.19899237155914307
3977187584.0,-0.20326697826385498
3978125056.0,-0.20718371868133545
3979062528.0,-0.20910078287124634
3980000000.0,-0.20846562087535858
3980937472.0,-0.20628277957439423
3981874944.0,-0.20303429663181305
3982812416.0,-0.19830378890037537
3983749888.0,-0.19202208518981934
3984687616.0,-0.18368646502494812
3985625088.0,-0.1758413016796112
3986562560.0,-0.16564474999904633
3987500032.0,-0.15573859214782715
3988437504.0,-0.14470002055168152
3989374976.0,-0.1331300437450409
3990312448.0,-0.12128506600856781
3991249920.0,-0.10961073637008667
3992187392.0,-0.09843910485506058
3993125120.0,-0.08641818910837173
3994062592.0,-0.07557369023561478
3995000064.0,-0.06515609472990036
3995937536.0,-0.05579682067036629
3996875008.0,-0.04858263581991196
3997812480.0,-0.04168451949954033
3998749952.0,-0.036528535187244415
3999687424.0,-0.029720189049839973
4000624896.0,-0.035878680646419525
4001562624.0,-0.033278919756412506
4002500096.0,-0.033811040222644806
4003437568.0,-0.0342315137386322
4004375040.0,-0.03565823286771774
4005312512.0,-0.03900507465004921
4006249984.0,-0.04284391552209854
4007187456.0,-0.04734617471694946
4008124928.0,-0.053615815937519073
4009062400.0,-0.06084807589650154
4009999872.0,-0.06853162497282028
4010937600.0,-0.07724087685346603
4011875072.0,-0.08506368100643158
4012812544.0,-0.09344092756509781
4013750016.0,-0.1007014736533165
4014687488.0,-0.10929179191589355
4015624960.0,-0.11675067245960236
4016562432.0,-0.12481073290109634
4017499904.0,-0.13186991214752197
4018437376.0,-0.1386171281337738
4019375104.0,-0.1453985720872879
4020312576.0,-0.15126962959766388
4021250048.0,-0.15589649975299835
4022187520.0,-0.16166523098945618
4023124992.0,-0.16512377560138702
4024062464.0,-0.1685519963502884
4024999936.0,-0.17244596779346466
4025937408.0,-0.17629499733448029
4026874880.0,-0.1690874844789505
4027812608.0,-0.17550227046012878
4028750080.0,-0.18181662261486053
4029687552.0,-0.18769171833992004
4030625024.0,-0.19201971590518951
4031562496.0,-0.19688722491264343
4032499968.0,-0.2006838172674179
4033437440.0,-0.20244166254997253
4034374912.0,-0.2052890658378601
4035312384.0,-0.2059226632118225
4036250112.0,-0.2056402713060379
4037187584.0,-0.2030467391014099
4038125056.0,-0.19920729100704193
4039062528.0,-0.19605189561843872
4040000000.0,-0.18947339057922363
4040937472.0,-0.18446995317935944
4041874944.0,-0.17804323136806488
4042812416.0,-0.16955415904521942
4043749888.0,-0.16106738150119781
4044687616.0,-0.15176646411418915
4045625088.0,-0.14133399724960327
4046562560.0,-0.12958809733390808
4047500032.0,-0.1183377206325531
4048437504.0,-0.10578931868076324
4049374976.0,-0.09226185083389282
4050312448.0,-0.07960677891969681
4051249920.0,-0.06586182117462158
4052187392.0,-0.051964763551950455
4053125120.0,-0.039018649607896805
4054062592.0,-0.02539706975221634
4055000064.0,-0.013139244168996811
4055937536.0,-0.0009716132190078497
4056875008.0,0.009358035400509834
4057812480.0,0.01804926246404648
4058749952.0,0.025491200387477875
4059687424.0,0.03086409904062748
4060624896.0,0.035520847886800766
4061562624.0,0.0376565121114254
4062500096.0,0.03922608494758606
4063437568.0,0.037567805498838425
4064375040.0,0.03570197522640228
4065312512.0,0.03119690716266632
4066249984.0,0.025035303086042404
4067187456.0,0.018368199467658997
4068124928.0,0.008745715953409672
4069062400.0,-0.0009288167930208147
4070000128.0,-0.012826958671212196
4070937600.0,-0.024194689467549324
4071875072.0,-0.03625285625457764
4072812544.0,-0.048780057579278946
4073750016.0,-0.061973802745342255
4074687488.0,-0.07454191148281097
4075624960.0,-0.08749430626630783
4076562432.0,-0.09991838783025742
4077499904.0,-0.11170646548271179
4078437376.0,-0.12348109483718872
4079375104.0,-0.1325681358575821
4080312576.0,-0.14278560876846313
4081250048.0,-0.15100781619548798
4082187520.0,-0.1586829125881195
4083124992.0,-0.16423404216766357
4084062464.0,-0.17002032697200775
4084999936.0,-0.17325179278850555
4085937408.0,-0.17536506056785583
4086874880.0,-0.15819786489009857
4087812608.0,-0.15752045810222626
4088750080.0,-0.1571357548236847
4089687552.0,-0.15454743802547455
4090625024.0,-0.1500631868839264
4091562496.0,-0.14760102331638336
4092499968.0,-0.1423138827085495
4093437440.0,-0.1385641098022461
4094374912.0,-0.1325112134218216
4095312384.0,-0.12705522775650024
4096250112.0,-0.120600625872612
4097187584.0,-0.11444935202598572
4098125056.0,-0.10801821947097778
4099062528.0,-0.1014435738325119
4100000000.0,-0.09551575034856796
4100937472.0,-0.08952595293521881
4101874944.0,-0.083916574716568
4102812416.0,-0.07842634618282318
4103749888.0,-0.0721941739320755
4104687616.0,-0.06668444722890854
4105625088.0,-0.06193096563220024
4106562560.0,-0.05660349503159523
4107500032.0,-0.051825106143951416
4108437504.0,-0.04745861515402794
4109374976.0,-0.04379190132021904
4110312448.0,-0.03939969092607498
4111249920.0,-0.03550274670124054
4112187392.0,-0.03427598625421524
4113125120.0,-0.03158843144774437
4114062592.0,-0.029753422364592552
4115000064.0,-0.02705935575067997
4115937536.0,-0.027232976630330086
4116875008.0,-0.025996478274464607
4117812480.0,-0.026082072407007217
4118749952.0,-0.025972304865717888
4119687424.0,-0.02620246633887291
4120624896.0,-0.026609238237142563
4121562624.0,-0.027113845571875572
4122500096.0,-0.028130073100328445
4123437568.0,-0.028241146355867386
4124375040.0,-0.029959868639707565
4125312512.0,-0.03044218011200428
4126249984.0,-0.03284776210784912
4127187456.0,-0.03532474860548973
4128124928.0,-0.037521567195653915
4129062400.0,-0.04043677821755409
4129999872.0,-0.04378247261047363
4130937600.0,-0.048694755882024765
4131875072.0,-0.054015547037124634
4132812544.0,-0.059684284031391144
4133750016.0,-0.06430639326572418
4134687488.0,-0.07120176404714584
4135624960.0,-0.07842309027910233
4136562432.0,-0.08456693589687347
4137499904.0,-0.09266521781682968
4138437376.0,-0.10098941624164581
4139375104.0,-0.10982444882392883
4140312576.0,-0.1184096559882164
4141250048.0,-0.1273757964372635
4142187520.0,-0.13689105212688446
4143124992.0,-0.1466469019651413
4144062464.0,-0.1549312025308609
4144999936.0,-0.1637149602174759
4145937408.0,-0.1728280633687973
4146874880.0,-0.19227568805217743
4147812608.0,-0.19863247871398926
4148750080.0,-0.20301419496536255
4149687552.0,-0.2063661366701126
4150625024.0,-0.2064647376537323
4151562496.0,-0.2062312513589859
4152499968.0,-0.20331193506717682
4153437440.0,-0.19902202486991882
4154374912.0,-0.19377374649047852
4155312384.0,-0.18614907562732697
4156250112.0,-0.1780964732170105
4157187584.0,-0.1677606701850891
4158125056.0,-0.15813902020454407
4159062528.0,-0.14561758935451508
4160000000.0,-0.13434144854545593
4160937472.0,-0.12263684719800949
4161874944.0,-0.10978059470653534
4162812416.0,-0.09721200913190842
4163749888.0,-0.08575133234262466
4164687616.0,-0.0726807489991188
4165625088.0,-0.06147397682070732
4166562560.0,-0.05058018118143082
4167500032.0,-0.04083425551652908
4168437504.0,-0.031607385724782944
4169374976.0,-0.02370045706629753
4170312448.0,-0.015313953161239624
4171249920.0,-0.007282513193786144
4172187392.0,-0.0014826171100139618
4173125120.0,0.0038308443035930395
4174062592.0,0.008096669800579548
4175000064.0,0.01266948040574789
4175937536.0,0.01586778089404106
4176875008.0,0.019045954570174217
4177812480.0,0.021480320021510124
4178749952.0,0.02344943955540657
4179687424.0,0.024717679247260094
4180624896.0,0.026007018983364105
4181562624.0,0.0267170500010252
4182500096.0,0.026181796565651894
4183437568.0,0.025926250964403152
4184375040.0,0.025372935459017754
4185312512.0,0.023347385227680206
4186249984.0,0.02030302584171295
4187187456.0,0.018985306844115257
4188124928.0,0.015413636341691017
4189062400.0,0.011644145473837852
4190000128.0,0.0067117358557879925
4190937600.0,6.043108442099765e-05
4191875072.0,-0.0051217470318078995
4192812544.0,-0.013163854368031025
4193750016.0,-0.02062118984758854
4194687488.0,-0.02870013378560543
4195624960.0,-0.03745436668395996
4196562432.0,-0.04670514166355133
4197499904.0,-0.05693503096699715
4198437376.0,-0.06788034737110138
4199375104.0,-0.07880086451768875
4200312576.0,-0.09139448404312134
4201250048.0,-0.10214536637067795
4202187520.0,-0.11481887102127075
4203124992.0,-0.12664376199245453
4204062464.0,-0.1375943124294281
4204999936.0,-0.15137498080730438
4205937408.0,-0.16283106803894043
4206874880.0,-0.16502252221107483
4207812608.0,-0.17714953422546387
4208750080.0,-0.18891867995262146
4209687552.0,-0.2014269381761551
4210625024.0,-0.21217916905879974
4211562496.0,-0.22123569250106812
4212499968.0,-0.23078033328056335
4213437440.0,-0.2385147213935852
4214374912.0,-0.24423858523368835
4215312384.0,-0.24844512343406677
4216250112.0,-0.24997659027576447
4217187584.0,-0.24990518391132355
4218125056.0,-0.24719922244548798
4219062528.0,-0.24147449433803558
4220000000.0,-0.2339780628681183
4220937472.0,-0.2233191728591919
4221874944.0,-0.21093828976154327
4222812416.0,-0.19541852176189423
4223749888.0,-0.1803060621023178
4224687616.0,-0.16141065955162048
4225625088.0,-0.1416119635105133
4226562560.0,-0.12039349973201752
4227500032.0,-0.09844415634870529
4228437504.0,-0.07625762373209
4229374976.0,-0.052964452654123306
4230312448.0,-0.03104284219443798
4231249920.0,-0.010228767991065979
4232187392.0,0.011561418883502483
4233125120.0,0.03218669816851616
4234062592.0,0.050736166536808014
4235000064.0,0.06827399134635925
4235937536.0,0.08317099511623383
4236875008.0,0.09775635600090027
4237812480.0,0.10894843935966492
4238749952.0,0.11891502141952515
4239687424.0,0.12535688281059265
4240624896.0,0.13002723455429077
4241562624.0,0.13007168471813202
4242500096.0,0.12913231551647186
4243437568.0,0.12503792345523834
4244375040.0,0.11955973505973816
4245312512.0,0.11135949939489365
4246249984.0,0.10103750228881836
4247187456.0,0.08948156237602234
4248124928.0,0.0766521543264389
4249062400.0,0.06115373969078064
4249999872.0,0.04491489380598068
4250937600.0,0.02843150496482849
4251875072.0,0.009676323272287846
4252812544.0,-0.0083254249766469
4253750016.0,-0.026513198390603065
4254687488.0,-0.04440770298242569
4255624960.0,-0.06290654093027115
4256562432.0,-0.08199943602085114
4257499904.0,-0.10022873431444168
4258437376.0,-0.11646730452775955
4259375104.0,-0.1327313333749771
4260312576.0,-0.1489119976758957
4261250048.0,-0.16344676911830902
4262187520.0,-0.17828206717967987
4263124992.0,-0.19263187050819397
4264062464.0,-0.20687486231327057
4264999936.0,-0.22023436427116394
4265937408.0,-0.23283475637435913
4266874880.0,-0.2428530901670456
4267812608.0,-0.24669450521469116
4268750080.0,-0.2507816553115845
4269687552.0,-0.25423336029052734
4270625024.0,-0.25887981057167053
4271562496.0,-0.26318636536598206
4272499968.0,-0.2666100859642029
4273437440.0,-0.2702915370464325
4274374912.0,-0.2726607024669647
4275312384.0,-0.2740768790245056
4276250112.0,-0.27454474568367004
4277187584.0,-0.27220419049263
4278125056.0,-0.2687796652317047
4279062528.0,-0.2632419466972351
4280000000.0,-0.256422758102417
4280937472.0,-0.24705234169960022
4281874944.0,-0.2356388419866562
4282812416.0,-0.22298938035964966
4283749888.0,-0.2090778797864914
4284687616.0,-0.1929047554731369
4285625088.0,-0.17569492757320404
4286562560.0,-0.1570015698671341
4287500032.0,-0.13687777519226074
4288437504.0,-0.11542784422636032
4289374976.0,-0.09322378039360046
4290312448.0,-0.07000704854726791
4291249920.0,-0.04688635095953941
4292187392.0,-0.023796165362000465
4293125120.0,-0.0003330828039906919
4294062592.0,0.023252161219716072
4295000064.0,0.04480608552694321
4295937536.0,0.06572459638118744
4296875008.0,0.08620455861091614
4297812480.0,0.10459738969802856
4298749952.0,0.1204502210021019
4299687424.0,0.1353723108768463
4300624896.0,0.14866574108600616
4301562368.0,0.15981903672218323
4302499840.0,0.16785337030887604
4303437312.0,0.17322655022144318
4304374784.0,0.1753988265991211
4305312256.0,0.17532464861869812
4306250240.0,0.17341484129428864
4307187712.0,0.16711507737636566
4308125184.0,0.15802203118801117
4309062656.0,0.14530810713768005
4310000128.0,0.13104049861431122
4310937600.0,0.11381658911705017
4311875072.0,0.09382954239845276
4312812544.0,0.07187984138727188
4313750016.0,0.0470803938806057
4314687488.0,0.020759329199790955
4315624960.0,-0.006913941353559494
4316562432.0,-0.036529939621686935
4317499904.0,-0.06658970564603806
4318437376.0,-0.09652043133974075
4319374848.0,-0.12684909999370575
4320312320.0,-0.1572338342666626
4321249792.0,-0.1861029714345932
4322187264.0,-0.21312947571277618
4323125248.0,-0.24002547562122345
4324062720.0,-0.2642670273780823
4325000192.0,-0.2857063412666321
4325937664.0,-0.30409061908721924
4326875136.0,-0.33751463890075684
4327812608.0,-0.3325629234313965
4328750080.0,-0.3259168565273285
4329687552.0,-0.31860682368278503
4330625024.0,-0.30972743034362793
4331562496.0,-0.30153706669807434
4332499968.0,-0.29438307881355286
4333437440.0,-0.2853449285030365
4334374912.0,-0.277235746383667
4335312384.0,-0.2688843607902527
4336249856.0,-0.2614387273788452
4337187328.0,-0.2525509297847748
4338124800.0,-0.24621297419071198
4339062272.0,-0.24017204344272614
4339999744.0,-0.23380613327026367
4340937728.0,-0.2281884253025055
4341875200.0,-0.22284425795078278
4342812672.0,-0.21716609597206116
4343750144.0,-0.21204479038715363
4344687616.0,-0.2069297432899475
4345625088.0,-0.2008870393037796
4346562560.0,-0.19367775321006775
4347500032.0,-0.1863507330417633
4348437504.0,-0.17880883812904358
4349374976.0,-0.16918213665485382
4350312448.0,-0.15913605690002441
4351249920.0,-0.1470252126455307
4352187392.0,-0.13483743369579315
4353124864.0,-0.11949098855257034
4354062336.0,-0.10433729737997055
4354999808.0,-0.08786047995090485
4355937280.0,-0.07271671295166016
4356874752.0,-0.05491067096590996
4357812736.0,-0.03889703005552292
4358750208.0,-0.02427133172750473
4359687680.0,-0.012625917792320251
4360625152.0,-0.0037276919465512037
4361562624.0,0.001334197586402297
4362500096.0,0.004419458098709583
4363437568.0,0.0056159961968660355
4364375040.0,0.007724345196038485
4365312512.0,0.008269782178103924
4366249984.0,0.00831555761396885
4367187456.0,0.007476408500224352
4368124928.0,0.006831856444478035
4369062400.0,0.005092648323625326
4369999872.0,0.0033379443921148777
4370937344.0,0.0009646496037021279
4371874816.0,-0.0032215507235378027
4372812288.0,-0.007740852423012257
4373749760.0,-0.01395472139120102
4374687744.0,-0.02032575197517872
4375625216.0,-0.029266316443681717
4376562688.0,-0.03917233273386955
4377500160.0,-0.05083133280277252
4378437632.0,-0.0655270367860794
4379375104.0,-0.08059896528720856
4380312576.0,-0.09890957921743393
4381250048.0,-0.1188310757279396
4382187520.0,-0.13957947492599487
4383124992.0,-0.16238848865032196
4384062464.0,-0.1855742186307907
4384999936.0,-0.20883490145206451
4385937408.0,-0.23404636979103088
4386874880.0,-0.3245752155780792
4387812352.0,-0.3398871421813965
4388749824.0,-0.3546248972415924
4389687296.0,-0.36560893058776855
4390624768.0,-0.372933954000473
4391562752.0,-0.37831443548202515
4392500224.0,-0.38017696142196655
4393437696.0,-0.3781571090221405
4394375168.0,-0.37320050597190857
4395312640.0,-0.36492180824279785
4396250112.0,-0.3539215326309204
4397187584.0,-0.3391565680503845
4398125056.0,-0.32147639989852905
4399062528.0,-0.30063343048095703
4400000000.0,-0.2783627212047577
4400937472.0,-0.2526707351207733
4401874944.0,-0.22526636719703674
4402812416.0,-0.1954658180475235
4403749888.0,-0.16499121487140656
4404687360.0,-0.13338357210159302
4405624832.0,-0.10102183371782303
4406562304.0,-0.06947889924049377
4407499776.0,-0.037090253084897995
4408437248.0,-0.004640072584152222
4409375232.0,0.024318411946296692
4410312704.0,0.05249541625380516
4411250176.0,0.07924993336200714
4412187648.0,0.10351602733135223
4413125120.0,0.1253821700811386
4414062592.0,0.14568950235843658
4415000064.0,0.1614779531955719
4415937536.0,0.17472770810127258
4416875008.0,0.18609635531902313
4417812480.0,0.19256596267223358
4418749952.0,0.195248544216156
4419687424.0,0.1962987631559372
4420624896.0,0.19261434674263
4421562368.0,0.18570271134376526
4422499840.0,0.1754700094461441
4423437312.0,0.16336634755134583
4424374784.0,0.14661775529384613
4425312256.0,0.12956051528453827
4426250240.0,0.1092132106423378
4427187712.0,0.08594454079866409
4428125184.0,0.061371754854917526
4429062656.0,0.03683968260884285
4430000128.0,0.010663791559636593
4430937600.0,-0.016112392768263817
4431875072.0,-0.04268300533294678
4432812544.0,-0.06909388303756714
4433750016.0,-0.09540929645299911
4434687488.0,-0.12026030570268631
4435624960.0,-0.14459340274333954
4436562432.0,-0.16749978065490723
4437499904.0,-0.1868848204612732
4438437376.0,-0.20435510575771332
4439374848.0,-0.2199295610189438
4440312320.0,-0.23333649337291718
4441249792.0,-0.2442253679037094
4442187264.0,-0.2523704767227173
4443125248.0,-0.2576024830341339
4444062720.0,-0.2613397538661957
4445000192.0,-0.26264631748199463
4445937664.0,-0.26174166798591614
4446875136.0,-0.2044091671705246
4447812608.0,-0.20918765664100647
4448750080.0,-0.21235249936580658
4449687552.0,-0.21192511916160583
4450625024.0,-0.20876023173332214
4451562496.0,-0.20240120589733124
4452499968.0,-0.19266463816165924
4453437440.0,-0.18179947137832642
4454374912.0,-0.16752424836158752
4455312384.0,-0.15226493775844574
4456249856.0,-0.13411006331443787
4457187328.0,-0.1134415715932846
4458124800.0,-0.0930846631526947
4459062272.0,-0.07009332627058029
4460000256.0,-0.049036942422389984
4460937728.0,-0.026974691078066826
4461875200.0,-0.0049014100804924965
4462812672.0,0.01684105396270752
4463750144.0,0.03726441413164139
4464687616.0,0.054433293640613556
4465625088.0,0.07245024293661118
4466562560.0,0.08713767677545547
4467500032.0,0.09890510141849518
4468437504.0,0.10837791860103607
4469374976.0,0.1160702109336853
4470312448.0,0.12021961063146591
4471249920.0,0.12269559502601624
4472187392.0,0.11986527591943741
4473124864.0,0.11693670600652695
4474062336.0,0.10941315442323685
4474999808.0,0.09797371178865433
4475937280.0,0.08612804114818573
4476874752.0,0.0702599287033081
4477812736.0,0.052031200379133224
4478750208.0,0.03175536170601845
4479687680.0,0.009166358038783073
4480625152.0,-0.01533628161996603
4481562624.0,-0.03979139402508736
4482500096.0,-0.06715088337659836
4483437568.0,-0.09421641379594803
4484375040.0,-0.12269202619791031
4485312512.0,-0.1511712372303009
4486249984.0,-0.17978674173355103
4487187456.0,-0.20726320147514343
4488124928.0,-0.23446695506572723
4489062400.0,-0.25958454608917236
4489999872.0,-0.283867210149765
4490937344.0,-0.306360125541687
4491874816.0,-0.32640665769577026
4492812288.0,-0.3447786867618561
4493749760.0,-0.3604106307029724
4494687744.0,-0.37439659237861633
4495625216.0,-0.38466784358024597
4496562688.0,-0.3936847150325775
4497500160.0,-0.3994372487068176
4498437632.0,-0.4038052260875702
4499375104.0,-0.40825894474983215
4500312576.0,-0.40876504778862
4501250048.0,-0.40924596786499023
4502187520.0,-0.40563589334487915
4503124992.0,-0.4035293161869049
4504062464.0,-0.3996278941631317
4504999936.0,-0.3951222002506256
4505937408.0,-0.3903821110725403
4506874880.0,-0.2703346014022827
4507812352.0,-0.2679557204246521
4508749824.0,-0.2660154402256012
4509687296.0,-0.26436033844947815
4510624768.0,-0.2644343972206116
4511562752.0,-0.2635859549045563
4512500224.0,-0.26548683643341064
4513437696.0,-0.2676302492618561
4514375168.0,-0.2702528238296509
4515312640.0,-0.2742087244987488
4516250112.0,-0.27951255440711975
4517187584.0,-0.28467637300491333
4518125056.0,-0.2905869781970978
4519062528.0,-0.2973004877567291
4520000000.0,-0.3057016134262085
4520937472.0,-0.3140920400619507
4521874944.0,-0.32390210032463074
4522812416.0,-0.33266332745552063
4523749888.0,-0.341866672039032
4524687360.0,-0.3519894778728485
4525624832.0,-0.36048558354377747
4526562304.0,-0.37060436606407166
4527499776.0,-0.3789290189743042
4528437248.0,-0.3873943090438843
4529375232.0,-0.39589640498161316
4530312704.0,-0.4041577875614166
4531250176.0,-0.41125285625457764
4532187648.0,-0.4187847673892975
4533125120.0,-0.4259929358959198
4534062592.0,-0.43143078684806824
4535000064.0,-0.4371758997440338
4535937536.0,-0.44148048758506775
4536875008.0,-0.44531846046447754
4537812480.0,-0.4483400285243988
4538749952.0,-0.4515170753002167
4539687424.0,-0.4528346359729767
4540624896.0,-0.4532902240753174
4541562368.0,-0.4543982446193695
4542499840.0,-0.4542544484138489
4543437312.0,-0.4536072909832001
4544374784.0,-0.4508952498435974
4545312256.0,-0.4509831666946411
4546250240.0,-0.4469192624092102
4547187712.0,-0.4444446563720703
4548125184.0,-0.4411379098892212
4549062656.0,-0.4402164816856384
4550000128.0,-0.43743351101875305
4550937600.0,-0.43516701459884644
4551875072.0,-0.432161420583725
4552812544.0,-0.430096298456192
4553750016.0,-0.4281524121761322
4554687488.0,-0.4263564348220825
4555624960.0,-0.4249335825443268
4556562432.0,-0.42261701822280884
4557499904.0,-0.42126551270484924
4558437376.0,-0.41991040110588074
4559374848.0,-0.4181380271911621
4560312320.0,-0.41627737879753113
4561249792.0,-0.41576337814331055
4562187264.0,-0.41454216837882996
4563125248.0,-0.413118839263916
4564062720.0,-0.41062024235725403
4565000192.0,-0.4097660481929779
4565937664.0,-0.4079419672489166
4566875136.0,-0.3630976676940918
4567812608.0,-0.36875084042549133
4568750080.0,-0.37345215678215027
4569687552.0,-0.3760493993759155
4570625024.0,-0.3773481547832489
4571562496.0,-0.3770158290863037
4572499968.0,-0.373352587223053
4573437440.0,-0.36826276779174805
4574374912.0,-0.3610377609729767
4575312384.0,-0.35136887431144714
4576249856.0,-0.33868658542633057
4577187328.0,-0.32526955008506775
4578124800.0,-0.3098793625831604
4579062272.0,-0.2925059497356415
4579999744.0,-0.27444952726364136
4580937728.0,-0.2537771463394165
4581875200.0,-0.23338396847248077
4582812672.0,-0.21156099438667297
4583750144.0,-0.18992222845554352
4584687616.0,-0.16751568019390106
4585625088.0,-0.14484074711799622
4586562560.0,-0.12189286202192307
4587500032.0,-0.10095378011465073
4588437504.0,-0.07985004037618637
4589374976.0,-0.060220859944820404
4590312448.0,-0.04173668101429939
4591249920.0,-0.025204220786690712
4592187392.0,-0.010400403290987015
4593124864.0,0.0026011101435869932
4594062336.0,0.014061208814382553
4594999808.0,0.022212328389286995
4595937280.0,0.028358181938529015
4596874752.0,0.031462959945201874
4597812736.0,0.032120488584041595
4598750208.0,0.029262498021125793
4599687680.0,0.024275312200188637
4600625152.0,0.01564001478254795
4601562624.0,0.005501594394445419
4602500096.0,-0.007306479848921299
4603437568.0,-0.0212391410022974
4604375040.0,-0.03865108639001846
4605312512.0,-0.057078536599874496
4606249984.0,-0.07754708081483841
4607187456.0,-0.09957505017518997
4608124928.0,-0.12291662395000458
4609062400.0,-0.14612016081809998
4609999872.0,-0.17005190253257751
4610937344.0,-0.19368118047714233
4611874816.0,-0.2164098471403122
4612812288.0,-0.23818232119083405
4613749760.0,-0.26030436158180237
4614687744.0,-0.28117072582244873
4615625216.0,-0.3015577495098114
4616562688.0,-0.31984245777130127
4617500160.0,-0.33737048506736755
4618437632.0,-0.3524852395057678
4619375104.0,-0.3670758306980133
4620312576.0,-0.38092362880706787
4621250048.0,-0.3932006359100342
4622187520.0,-0.4039713442325592
4623124992.0,-0.41459760069847107
4624062464.0,-0.42432650923728943
4624999936.0,-0.4332311749458313
4625937408.0,-0.4422982633113861
4626874880.0,-0.4535781443119049
4627812352.0,-0.4495117962360382
4628749824.0,-0.4424802362918854
4629687296.0,-0.43514424562454224
4630624768.0,-0.42699113488197327
4631562752.0,-0.4158490300178528
4632500224.0,-0.4056103527545929
4633437696.0,-0.3945862650871277
4634375168.0,-0.3844580352306366
4635312640.0,-0.3741138279438019
4636250112.0,-0.3633294999599457
4637187584.0,-0.3542736768722534
4638125056.0,-0.344755083322525
4639062528.0,-0.33620864152908325
4640000000.0,-0.3281639814376831
4640937472.0,-0.3218461871147156
4641874944.0,-0.31457042694091797
4642812416.0,-0.30874189734458923
4643749888.0,-0.30423489212989807
4644687360.0,-0.30114713311195374
4645624832.0,-0.29961660504341125
4646562304.0,-0.29894083738327026
4647499776.0,-0.3001566529273987
4648437248.0,-0.30196645855903625
4649375232.0,-0.30496907234191895
4650312704.0,-0.30951806902885437
4651250176.0,-0.31468284130096436
4652187648.0,-0.3199763298034668
4653125120.0,-0.32604673504829407
4654062592.0,-0.33286115527153015
4655000064.0,-0.34116166830062866
4655937536.0,-0.34982985258102417
4656875008.0,-0.3595896065235138
4657812480.0,-0.3702983260154724
4658749952.0,-0.3812466859817505
4659687424.0,-0.3930342495441437
4660624896.0,-0.40624818205833435
4661562368.0,-0.4186573624610901
4662499840.0,-0.4308667480945587
4663437312.0,-0.4436827003955841
4664374784.0,-0.45667168498039246
4665312256.0,-0.4712863862514496
4666250240.0,-0.4826774001121521
4667187712.0,-0.4988175928592682
4668125184.0,-0.5131927132606506
4669062656.0,-0.5281530618667603
4670000128.0,-0.5427378416061401
4670937600.0,-0.5578034520149231
4671875072.0,-0.5737531781196594
4672812544.0,-0.5866321325302124
4673750016.0,-0.6001608967781067
4674687488.0,-0.6141889691352844
4675624960.0,-0.626538872718811
4676562432.0,-0.6385791897773743
4677499904.0,-0.6493796110153198
4678437376.0,-0.660801887512207
4679374848.0,-0.6713451147079468
4680312320.0,-0.6787696480751038
4681249792.0,-0.6869810223579407
4682187264.0,-0.6923888325691223
4683125248.0,-0.6969354748725891
4684062720.0,-0.6989791989326477
4685000192.0,-0.7008074522018433
4685937664.0,-0.7003480195999146
4686875136.0,-0.6783784031867981
4687812608.0,-0.6785814166069031
4688750080.0,-0.6758853793144226
4689687552.0,-0.6694722175598145
4690625024.0,-0.660693347454071
4691562496.0,-0.6489061117172241
4692499968.0,-0.6351245641708374
4693437440.0,-0.6188860535621643
4694374912.0,-0.6000180840492249
4695312384.0,-0.5796276330947876
4696249856.0,-0.558519721031189
4697187328.0,-0.5351876020431519
4698124800.0,-0.5107950568199158
4699062272.0,-0.4865257740020752
4700000256.0,-0.4629020392894745
4700937728.0,-0.43959397077560425
4701875200.0,-0.4184417426586151
4702812672.0,-0.3983484208583832
4703750144.0,-0.3821525573730469
4704687616.0,-0.36689555644989014
4705625088.0,-0.3558487296104431
4706562560.0,-0.34876036643981934
4707500032.0,-0.3455551266670227
4708437504.0,-0.3452252447605133
4709374976.0,-0.3491480052471161
4710312448.0,-0.35885316133499146
4711249920.0,-0.37159690260887146
4712187392.0,-0.38860172033309937
4713124864.0,-0.41281187534332275
4714062336.0,-0.44031286239624023
4714999808.0,-0.4733356833457947
4715937280.0,-0.5104079246520996
4716874752.0,-0.5508895516395569
4717812736.0,-0.593928873538971
4718750208.0,-0.6406199932098389
4719687680.0,-0.6887049674987793
4720625152.0,-0.7374102473258972
4721562624.0,-0.7874051928520203
4722500096.0,-0.8379934430122375
4723437568.0,-0.8852750658988953
4724375040.0,-0.9303267002105713
4725312512.0,-0.9728747010231018
4726249984.0,-1.011831521987915
4727187456.0,-1.0472015142440796
4728124928.0,-1.078795075416565
4729062400.0,-1.1070386171340942
4729999872.0,-1.1293938159942627
4730937344.0,-1.1480854749679565
4731874816.0,-1.1614590883255005
4732812288.0,-1.1712496280670166
4733749760.0,-1.178308129310608
4734687744.0,-1.1798478364944458
4735625216.0,-1.180422306060791
4736562688.0,-1.1761271953582764
4737500160.0,-1.1699302196502686
4738437632.0,-1.161296010017395
4739375104.0,-1.1506229639053345
4740312576.0,-1.137632131576538
4741250048.0,-1.1242724657058716
4742187520.0,-1.1100287437438965
4743124992.0,-1.0968408584594727
4744062464.0,-1.0813560485839844
4744999936.0,-1.0676180124282837
4745937408.0,-1.053218126296997
4746874880.0,-0.8137292861938477
4747812352.0,-0.8197524547576904
4748749824.0,-0.8266082406044006
4749687296.0,-0.8329601883888245
4750624768.0,-0.8376889824867249
4751562752.0,-0.8434439897537231
4752500224.0,-0.847952663898468
4753437696.0,-0.8531955480575562
4754375168.0,-0.8574024438858032
4755312640.0,-0.8607563376426697
4756250112.0,-0.8635135889053345
4757187584.0,-0.8656426072120667
4758125056.0,-0.865628719329834
4759062528.0,-0.8665855526924133
4760000000.0,-0.8657822608947754
4760937472.0,-0.8654532432556152
4761874944.0,-0.8628284931182861
4762812416.0,-0.860561728477478
4763749888.0,-0.857702910900116
4764687360.0,-0.8534263372421265
4765624832.0,-0.8488312363624573
4766562304.0,-0.8438100218772888
4767499776.0,-0.8378836512565613
4768437248.0,-0.8318798542022705
4769375232.0,-0.8267342448234558
4770312704.0,-0.8236197829246521
4771250176.0,-0.8179286122322083
4772187648.0,-0.8140256404876709
4773125120.0,-0.8110697269439697
4774062592.0,-0.8097842931747437
4775000064.0,-0.8081757426261902
4775937536.0,-0.8080557584762573
4776875008.0,-0.8090978264808655
4777812480.0,-0.8120113611221313
4778749952.0,-0.8166634440422058
4779687424.0,-0.8221070766448975
4780624896.0,-0.829677402973175
4781562368.0,-0.8394942283630371
4782499840.0,-0.8513545989990234
4783437312.0,-0.8652541041374207
4784374784.0,-0.8815548419952393
4785312256.0,-0.8988906741142273
4786250240.0,-0.9185851812362671
4787187712.0,-0.9389104247093201
4788125184.0,-0.9625309705734253
4789062656.0,-0.9870157837867737
4790000128.0,-1.0122435092926025
4790937600.0,-1.0393474102020264
4791875072.0,-1.0666650533676147
4792812544.0,-1.093454360961914
4793750016.0,-1.1224228143692017
4794687488.0,-1.1490371227264404
4795624960.0,-1.177543044090271
4796562432.0,-1.2045356035232544
4797499904.0,-1.2313612699508667
4798437376.0,-1.2556216716766357
4799374848.0,-1.2799410820007324
4800312320.0,-1.3017728328704834
4801249792.0,-1.3217686414718628
4802187264.0,-1.3405537605285645
4803125248.0,-1.3569880723953247
4804062720.0,-1.372161865234375
4805000192.0,-1.3838443756103516
4805937664.0,-1.393215298652649
4806875136.0,-1.2499077320098877
4807812608.0,-1.2536693811416626
4808750080.0,-1.2568559646606445
4809687552.0,-1.2567715644836426
4810625024.0,-1.2560431957244873
4811562496.0,-1.254793643951416
4812499968.0,-1.2505860328674316
4813437440.0,-1.2475714683532715
4814374912.0,-1.2419540882110596
4815312384.0,-1.2372939586639404
4816249856.0,-1.231562852859497
4817187328.0,-1.2251489162445068
4818124800.0,-1.2191752195358276
4819062272.0,-1.2122993469238281
4819999744.0,-1.207105278968811
4820937728.0,-1.202907681465149
4821875200.0,-1.1996771097183228
4822812672.0,-1.1967953443527222
4823750144.0,-1.1943268775939941
4824687616.0,-1.1937223672866821
4825625088.0,-1.193698525428772
4826562560.0,-1.1956390142440796
4827500032.0,-1.1990697383880615
4828437504.0,-1.2045927047729492
4829374976.0,-1.2118282318115234
4830312448.0,-1.2211153507232666
4831249920.0,-1.233526349067688
4832187392.0,-1.2469745874404907
4833124864.0,-1.2632267475128174
4834062336.0,-1.2799854278564453
4834999808.0,-1.2986884117126465
4835937280.0,-1.317667841911316
4836874752.0,-1.339357852935791
4837812736.0,-1.3602643013000488
4838750208.0,-1.3835846185684204
4839687680.0,-1.4060596227645874
4840625152.0,-1.4288983345031738
4841562624.0,-1.4523080587387085
4842500096.0,-1.4739792346954346
4843437568.0,-1.4964994192123413
4844375040.0,-1.517890453338623
4845312512.0,-1.5374599695205688
4846249984.0,-1.5565284490585327
4847187456.0,-1.573875069618225
4848124928.0,-1.5903173685073853
4849062400.0,-1.605162501335144
4849999872.0,-1.61834716796875
4850937344.0,-1.631404995918274
4851874816.0,-1.6417759656906128
4852812288.0,-1.6508489847183228
4853749760.0,-1.657058596611023
4854687744.0,-1.6625322103500366
4855625216.0,-1.666657567024231
4856562688.0,-1.6699503660202026
4857500160.0,-1.6732896566390991
4858437632.0,-1.6763989925384521
4859375104.0,-1.6803548336029053
4860312576.0,-1.6831144094467163
4861250048.0,-1.6863096952438354
4862187520.0,-1.688777208328247
4863124992.0,-1.6918977499008179
4864062464.0,-1.6944531202316284
4864999936.0,-1.697892427444458
4865937408.0,-1.7014394998550415
4866874880.0,-1.684307336807251
4867812352.0,-1.6886975765228271
4868749824.0,-1.6945363283157349
4869687296.0,-1.6993530988693237
4870624768.0,-1.7053245306015015
4871562752.0,-1.709851622581482
4872500224.0,-1.7161519527435303
4873437696.0,-1.722818374633789
4874375168.0,-1.729074239730835
4875312640.0,-1.7364646196365356
4876250112.0,-1.7450177669525146
4877187584.0,-1.7543197870254517
4878125056.0,-1.7653015851974487
4879062528.0,-1.776009202003479
4880000000.0,-1.7888067960739136
4880937472.0,-1.8020106554031372
4881874944.0,-1.8153114318847656
4882812416.0,-1.8280823230743408
4883749888.0,-1.8411821126937866
4884687360.0,-1.8541027307510376
4885624832.0,-1.8665591478347778
4886562304.0,-1.877741813659668
4887499776.0,-1.8881663084030151
4888437248.0,-1.8971952199935913
4889375232.0,-1.9036674499511719
4890312704.0,-1.908563494682312
4891250176.0,-1.910979986190796
4892187648.0,-1.9098526239395142
4893125120.0,-1.906617522239685
4894062592.0,-1.9011566638946533
4895000064.0,-1.8912320137023926
4895937536.0,-1.879666805267334
4896875008.0,-1.8659229278564453
4897812480.0,-1.848118543624878
4898749952.0,-1.8303717374801636
4899687424.0,-1.810058355331421
4900624896.0,-1.7884069681167603
4901562368.0,-1.7644500732421875
4902499840.0,-1.740085482597351
4903437312.0,-1.7143381834030151
4904374784.0,-1.6870781183242798
4905312256.0,-1.6611077785491943
4906250240.0,-1.6347342729568481
4907187712.0,-1.6093446016311646
4908125184.0,-1.5833617448806763
4909062656.0,-1.5572974681854248
4910000128.0,-1.5341033935546875
4910937600.0,-1.51088285446167
4911875072.0,-1.4903360605239868
4912812544.0,-1.4701910018920898
4913750016.0,-1.4534451961517334
4914687488.0,-1.4384840726852417
4915624960.0,-1.4244059324264526
4916562432.0,-1.4155690670013428
4917499904.0,-1.4074212312698364
4918437376.0,-1.4007847309112549
4919374848.0,-1.3981550931930542
4920312320.0,-1.3965376615524292
4921249792.0,-1.3973097801208496
4922187264.0,-1.3455958366394043
4923125248.0,-1.3330857753753662
4924062720.0,-1.322568655014038
4925000192.0,-1.3132680654525757
4925937664.0,-1.418038249015808
4926875136.0,-1.4242933988571167
4927812608.0,-1.4286786317825317
4928750080.0,-1.4345543384552002
4929687552.0,-1.438238263130188
4930625024.0,-1.4409817457199097
4931562496.0,-1.4419958591461182
4932499968.0,-1.4401723146438599
4933437440.0,-1.436299204826355
4934374912.0,-1.4305245876312256
4935312384.0,-1.421911358833313
4936249856.0,-1.4100658893585205
4937187328.0,-1.3954178094863892
4938124800.0,-1.3796390295028687
4939062272.0,-1.3616126775741577
4940000256.0,-1.3423105478286743
4940937728.0,-1.3215582370758057
4941875200.0,-1.3002009391784668
4942812672.0,-1.2761255502700806
4943750144.0,-1.252066969871521
4944687616.0,-1.2277485132217407
4945625088.0,-1.2047010660171509
4946562560.0,-1.1820636987686157
4947500032.0,-1.1605225801467896
4948437504.0,-1.1409951448440552
4949374976.0,-1.1223115921020508
4950312448.0,-1.1067837476730347
4951249920.0,-1.0926318168640137
4952187392.0,-1.0803766250610352
4953124864.0,-1.0703788995742798
4954062336.0,-1.0630996227264404
4954999808.0,-1.0572082996368408
4955937280.0,-1.0532028675079346
4956874752.0,-1.049367904663086
4957812736.0,-1.0464794635772705
4958750208.0,-1.0448194742202759
4959687680.0,-1.0421966314315796
4960625152.0,-1.0400598049163818
4961562624.0,-1.0363134145736694
4962500096.0,-1.0337222814559937
4963437568.0,-1.027923822402954
4964375040.0,-1.0226638317108154
4965312512.0,-1.016158938407898
4966249984.0,-1.0085911750793457
4967187456.0,-0.9999480843544006
4968124928.0,-0.9920438528060913
4969062400.0,-0.9825150370597839
4969999872.0,-0.9735899567604065
4970937344.0,-0.9629960656166077
4971874816.0,-0.9520925283432007
4972812288.0,-0.9422261118888855
4973749760.0,-0.931786298751831
4974687744.0,-0.9224092960357666
4975625216.0,-0.9145459532737732
4976562688.0,-0.9057578444480896
4977500160.0,-0.8982285261154175
4978437632.0,-0.8906340003013611
4979375104.0,-0.8843570351600647
4980312576.0,-0.8760462999343872
4981250048.0,-0.8684688806533813
4982187520.0,-0.8601941466331482
4983124992.0,-0.8521198034286499
4984062464.0,-0.8426786661148071
4984999936.0,-0.8331997394561768
4985937408.0,-0.8121388554573059
4986874880.0,-0.8031425476074219
4987812352.0,-0.7949687838554382
4988749824.0,-0.7874336242675781
4989687296.0,-0.7810508608818054
4990624768.0,-0.7757118940353394
4991562752.0,-0.7726572751998901
4992500224.0,-0.7704818248748779
4993437696.0,-0.7695684432983398
4994375168.0,-0.7695040106773376
4995312640.0,-0.7713067531585693
4996250112.0,-0.7750387787818909
4997187584.0,-0.778692364692688
4998125056.0,-0.7839710116386414
4999062528.0,-0.790024995803833
5000000000.0,-0.7966541051864624
5000937472.0,-0.804508626461029
5001874944.0,-0.8131806254386902
5002812416.0,-0.8214638829231262
5003749888.0,-0.8294636607170105
5004687360.0,-0.8365834951400757
5005624832.0,-0.8432481288909912
5006562304.0,-0.8490373492240906
5007499776.0,-0.8537881970405579
5008437248.0,-0.8558626174926758
5009375232.0,-0.8581950068473816
5010312704.0,-0.8564323782920837
5011250176.0,-0.8533076643943787
5012187648.0,-0.8460180759429932
5013125120.0,-0.8366876840591431
5014062592.0,-0.8262128233909607
5015000064.0,-0.811461865901947
5015937536.0,-0.7949326038360596
5016875008.0,-0.7758143544197083
5017812480.0,-0.7543171644210815
5018749952.0,-0.7312028408050537
5019687424.0,-0.7055184245109558
5020624896.0,-0.677861213684082
5021562368.0,-0.6480291485786438
5022499840.0,-0.6187512874603271
5023437312.0,-0.587614893913269
5024374784.0,-0.5552335977554321
5025312256.0,-0.5243285894393921
5026250240.0,-0.4933570623397827
5027187712.0,-0.4623592793941498
5028125184.0,-0.43347570300102234
5029062656.0,-0.40423980355262756
5030000128.0,-0.37765952944755554
5030937600.0,-0.3521699607372284
5031875072.0,-0.329986035823822
5032812544.0,-0.3095703423023224
5033750016.0,-0.2925659716129303
5034687488.0,-0.27596378326416016
5035624960.0,-0.2644757628440857
5036562432.0,-0.2563106119632721
5037499904.0,-0.25129595398902893
5038437376.0,-0.2502214014530182
5039374848.0,-0.25160714983940125
5040312320.0,-0.2566200792789459
5041249792.0,-0.26359742879867554
5042187264.0,-0.2745004892349243
5043125248.0,-0.28788793087005615
5044062720.0,-0.3022153079509735
5045000192.0,-0.3199986219406128
5045937664.0,-0.5864164233207703
5046875136.0,-0.5955624580383301
5047812608.0,-0.604182243347168
5048750080.0,-0.6140789985656738
5049687552.0,-0.6239262819290161
5050625024.0,-0.6315975189208984
5051562496.0,-0.6413400173187256
5052499968.0,-0.6506242156028748
5053437440.0,-0.6588206887245178
5054374912.0,-0.6665463447570801
5055312384.0,-0.6752381324768066
5056249856.0,-0.6821507215499878
5057187328.0,-0.6890897154808044
5058124800.0,-0.6941590309143066
5059062272.0,-0.6980217099189758
5059999744.0,-0.7003908753395081
5060937728.0,-0.7027608156204224
5061875200.0,-0.7022393941879272
5062812672.0,-0.7018432021141052
5063750144.0,-0.6988924741744995
5064687616.0,-0.6946026086807251
5065625088.0,-0.6873401403427124
5066562560.0,-0.6782234311103821
5067500032.0,-0.6684285402297974
5068437504.0,-0.6564013957977295
5069374976.0,-0.6421833634376526
5070312448.0,-0.626149594783783
5071249920.0,-0.6079702973365784
5072187392.0,-0.5883653163909912
5073124864.0,-0.5671183466911316
5074062336.0,-0.5448690056800842
5074999808.0,-0.521533727645874
5075937280.0,-0.4966376721858978
5076874752.0,-0.4717381000518799
5077812736.0,-0.44623899459838867
5078750208.0,-0.42136529088020325
5079687680.0,-0.39565911889076233
5080625152.0,-0.3715171217918396
5081562624.0,-0.34772688150405884
5082500096.0,-0.32524317502975464
5083437568.0,-0.3034050464630127
5084375040.0,-0.28332459926605225
5085312512.0,-0.2641781270503998
5086249984.0,-0.24807710945606232
5087187456.0,-0.2341444343328476
5088124928.0,-0.22216740250587463
5089062400.0,-0.21277470886707306
5089999872.0,-0.20492984354496002
5090937344.0,-0.20009462535381317
5091874816.0,-0.198108971118927
5092812288.0,-0.1990400105714798
5093749760.0,-0.2025311142206192
5094687744.0,-0.20726369321346283
5095625216.0,-0.21582069993019104
5096562688.0,-0.22668400406837463
5097500160.0,-0.2397291362285614
5098437632.0,-0.25456541776657104
5099375104.0,-0.2718351483345032
5100312576.0,-0.29130280017852783
5101250048.0,-0.31208792328834534
5102187520.0,-0.33542120456695557
5103124992.0,-0.35877567529678345
5104062464.0,-0.3843569755554199
5104999936.0,-0.4095292389392853
5105937408.0,-0.5052403211593628
5106874880.0,-0.5236721038818359
5107812352.0,-0.5408301949501038
5108749824.0,-0.5552732944488525
5109687296.0,-0.5680484771728516
5110624768.0,-0.5794891715049744
5111562752.0,-0.5882801413536072
5112500224.0,-0.5939913392066956
5113437696.0,-0.6002082824707031
5114375168.0,-0.6015282273292542
5115312640.0,-0.6032730937004089
5116250112.0,-0.6014964580535889
5117187584.0,-0.5987664461135864
5118125056.0,-0.5963228940963745
5119062528.0,-0.5904768109321594
5120000000.0,-0.5846199989318848
5120937472.0,-0.5785230398178101
5121874944.0,-0.5724248886108398
5122812416.0,-0.5660579800605774
5123749888.0,-0.5579186677932739
5124687360.0,-0.5505235195159912
5125624832.0,-0.5429180860519409
5126562304.0,-0.5349116921424866
5127499776.0,-0.5269463658332825
5128437248.0,-0.5178196430206299
5129375232.0,-0.5081302523612976
5130312704.0,-0.4973861575126648
5131250176.0,-0.4853561222553253
5132187648.0,-0.4726819396018982
5133125120.0,-0.4582795798778534
5134062592.0,-0.4440588057041168
5135000064.0,-0.42783322930336
5135937536.0,-0.4111608564853668
5136875008.0,-0.3925933241844177
5137812480.0,-0.3742349445819855
5138749952.0,-0.35533255338668823
5139687424.0,-0.33660638332366943
5140624896.0,-0.3185255229473114
5141562368.0,-0.3022393584251404
5142499840.0,-0.2880769670009613
5143437312.0,-0.2776165008544922
5144374784.0,-0.2701488137245178
5145312256.0,-0.2684284448623657
5146250240.0,-0.27447542548179626
5147187712.0,-0.28517699241638184
5148125184.0,-0.3015597462654114
5149062656.0,-0.31992843747138977
5150000128.0,-0.33998772501945496
5150937600.0,-0.36126136779785156
5151875072.0,-0.38242635130882263
5152812544.0,-0.40368491411209106
5153750016.0,-0.4227416217327118
5154687488.0,-0.4421955943107605
5155624960.0,-0.4582170248031616
5156562432.0,-0.4737139344215393
5157499904.0,-0.4890376925468445
5158437376.0,-0.5007413029670715
5159374848.0,-0.5129218101501465
5160312320.0,-0.5230492353439331
5161249792.0,-0.5323790907859802
5162187264.0,-0.541106641292572
5163125248.0,-0.5470751523971558
5164062720.0,-0.554426908493042
5165000192.0,-0.562113344669342
5165937664.0,-0.5679009556770325
5166875136.0,-0.5827248096466064
5167812608.0,-0.5981009006500244
5168750080.0,-0.6138104200363159
5169687552.0,-0.6295043230056763
5170625024.0,-0.6458443999290466
5171562496.0,-0.662786066532135
5172499968.0,-0.6797871589660645
5173437440.0,-0.6953294277191162
5174374912.0,-0.7101246118545532
5175312384.0,-0.7243960499763489
5176249856.0,-0.7366213202476501
5177187328.0,-0.7475926876068115
5178124800.0,-0.7548214793205261
5179062272.0,-0.762042224407196
5180000256.0,-0.7650279402732849
5180937728.0,-0.7674294710159302
5181875200.0,-0.7655461430549622
5182812672.0,-0.7608006596565247
5183750144.0,-0.7544428706169128
5184687616.0,-0.7443239092826843
5185625088.0,-0.7318282723426819
5186562560.0,-0.7168039679527283
5187500032.0,-0.6987188458442688
5188437504.0,-0.6795441508293152
5189374976.0,-0.6577513813972473
5190312448.0,-0.6355128884315491
5191249920.0,-0.6123525500297546
5192187392.0,-0.5887191891670227
5193124864.0,-0.5646851658821106
5194062336.0,-0.5401400923728943
5194999808.0,-0.516063928604126
5195937280.0,-0.4931061863899231
5196874752.0,-0.4699254333972931
5197812736.0,-0.449154257774353
5198750208.0,-0.4296703636646271
5199687680.0,-0.4117976725101471
5200625152.0,-0.3969290256500244
5201562624.0,-0.3842982351779938
5202500096.0,-0.3736342191696167
5203437568.0,-0.3656467795372009
5204375040.0,-0.36114701628685
5205312512.0,-0.3589259088039398
5206249984.0,-0.3592861592769623
5207187456.0,-0.3627725839614868
5208124928.0,-0.3694535791873932
5209062400.0,-0.37818291783332825
5209999872.0,-0.3896197974681854
5210937344.0,-0.40448692440986633
5211874816.0,-0.41994598507881165
5212812288.0,-0.4388769268989563
5213749760.0,-0.45943987369537354
5214687744.0,-0.48095011711120605
5215625216.0,-0.506450355052948
5216562688.0,-0.5321375727653503
5217500160.0,-0.5601678490638733
5218437632.0,-0.5882593393325806
5219375104.0,-0.6159146428108215
5220312576.0,-0.6454092264175415
5221250048.0,-0.6732890009880066
5222187520.0,-0.7008437514305115
5223124992.0,-0.7286412119865417
5224062464.0,-0.7551228404045105
5224999936.0,-0.780874490737915
5225937408.0,-0.8323133587837219
5226874880.0,-0.8563177585601807
5227812352.0,-0.8789649605751038
5228749824.0,-0.9002479910850525
5229687296.0,-0.9186038374900818
5230624768.0,-0.9337469339370728
5231562752.0,-0.9485646486282349
5232500224.0,-0.9608029723167419
5233437696.0,-0.9691122770309448
5234375168.0,-0.9745562672615051
5235312640.0,-0.9790866374969482
5236250112.0,-0.9802994132041931
5237187584.0,-0.9797350168228149
5238125056.0,-0.9761730432510376
5239062528.0,-0.9713757038116455
5240000000.0,-0.9638246297836304
5240937472.0,-0.9546151757240295
5241874944.0,-0.9446654319763184
5242812416.0,-0.9335057139396667
5243749888.0,-0.9213466644287109
5244687360.0,-0.9077082872390747
5245624832.0,-0.8932403326034546
5246562304.0,-0.8780332803726196
5247499776.0,-0.862218976020813
5248437248.0,-0.8477464318275452
5249375232.0,-0.8325657248497009
5250312704.0,-0.8180971145629883
5251250176.0,-0.8029789924621582
5252187648.0,-0.7889344692230225
5253125120.0,-0.7761819958686829
5254062592.0,-0.7632737159729004
5255000064.0,-0.7528051733970642
5255937536.0,-0.7421151995658875
5256875008.0,-0.735225260257721
5257812480.0,-0.7288041710853577
5258749952.0,-0.7252251505851746
5259687424.0,-0.7222792506217957
5260624896.0,-0.7204440236091614
5261562368.0,-0.7209044098854065
5262499840.0,-0.7234905958175659
5263437312.0,-0.7272864580154419
5264374784.0,-0.7329797744750977
5265312256.0,-0.7407187819480896
5266250240.0,-0.7511395215988159
5267187712.0,-0.764413058757782
5268125184.0,-0.7799095511436462
5269062656.0,-0.797980785369873
5270000128.0,-0.8183267712593079
5270937600.0,-0.8409265279769897
5271875072.0,-0.867162823677063
5272812544.0,-0.8946832418441772
5273750016.0,-0.9246054291725159
5274687488.0,-0.9561701416969299
5275624960.0,-0.9900739192962646
5276562432.0,-1.0247149467468262
5277499904.0,-1.0607376098632812
5278437376.0,-1.0972315073013306
5279374848.0,-1.1349256038665771
5280312320.0,-1.1735336780548096
5281249792.0,-1.2129812240600586
5282187264.0,-1.2526127099990845
5283125248.0,-1.2921018600463867
5284062720.0,-1.3333220481872559
5285000192.0,-1.373238205909729
5285937664.0,-1.4043973684310913
5286875136.0,-1.4378489255905151
5287812608.0,-1.470457673072815
5288750080.0,-1.5008354187011719
5289687552.0,-1.5285732746124268
5290625024.0,-1.553054928779602
5291562496.0,-1.5742748975753784
5292499968.0,-1.5940195322036743
5293437440.0,-1.6104772090911865
5294374912.0,-1.6244697570800781
5295312384.0,-1.6332281827926636
5296249856.0,-1.6387231349945068
5297187328.0,-1.6417583227157593
5298124800.0,-1.643466830253601
5299062272.0,-1.6418558359146118
5299999744.0,-1.6361712217330933
5300937728.0,-1.6305385828018188
5301875200.0,-1.622201919555664
5302812672.0,-1.6124659776687622
5303750144.0,-1.601928949356079
5304687616.0,-1.5880910158157349
5305625088.0,-1.5744798183441162
5306562560.0,-1.5590654611587524
5307500032.0,-1.5441631078720093
5308437504.0,-1.5277884006500244
5309374976.0,-1.5127177238464355
5310312448.0,-1.4978132247924805
5311249920.0,-1.4825767278671265
5312187392.0,-1.4687548875808716
5313124864.0,-1.4566090106964111
5314062336.0,-1.4432445764541626
5314999808.0,-1.4334276914596558
5315937280.0,-1.4274955987930298
5316874752.0,-1.4219110012054443
5317812736.0,-1.4186124801635742
5318750208.0,-1.4186127185821533
5319687680.0,-1.4214030504226685
5320625152.0,-1.426863431930542
5321562624.0,-1.4353382587432861
5322500096.0,-1.4460029602050781
5323437568.0,-1.4595465660095215
5324375040.0,-1.4756321907043457
5325312512.0,-1.4967831373214722
5326249984.0,-1.5198689699172974
5327187456.0,-1.5455400943756104
5328124928.0,-1.5751891136169434
5329062400.0,-1.6072442531585693
5329999872.0,-1.642366886138916
5330937344.0,-1.6811672449111938
5331874816.0,-1.7196584939956665
5332812288.0,-1.7898932695388794
5333749760.0,-1.8405425548553467
5334687744.0,-1.8907698392868042
5335625216.0,-1.9431085586547852
5336562688.0,-1.9968730211257935
5337500160.0,-2.051884174346924
5338437632.0,-2.1093292236328125
5339375104.0,-2.1658902168273926
5340312576.0,-2.2238657474517822
5341250048.0,-2.282633066177368
5342187520.0,-2.3403568267822266
5343124992.0,-2.3981077671051025
5344062464.0,-2.4531123638153076
5344999936.0,-2.507746458053589
5345937408.0,-2.4510843753814697
5346874880.0,-2.4828619956970215
5347812352.0,-2.5138676166534424
5348749824.0,-2.542874336242676
5349687296.0,-2.5683794021606445
5350624768.0,-2.590003252029419
5351562752.0,-2.6086618900299072
5352500224.0,-2.6217126846313477
5353437696.0,-2.6330649852752686
5354375168.0,-2.638261556625366
5355312640.0,-2.640194892883301
5356250112.0,-2.637328863143921
5357187584.0,-2.6311542987823486
5358125056.0,-2.6211917400360107
5359062528.0,-2.6068356037139893
5360000000.0,-2.5901553630828857
5360937472.0,-2.570333242416382
5361874944.0,-2.5485262870788574
5362812416.0,-2.5250442028045654
5363749888.0,-2.5008037090301514
5364687360.0,-2.475217580795288
5365624832.0,-2.4490573406219482
5366562304.0,-2.422062635421753
5367499776.0,-2.3951895236968994
5368437248.0,-2.368757486343384
5369375232.0,-2.3423190116882324
5370312704.0,-2.315249443054199
5371250176.0,-2.2878952026367188
5372187648.0,-2.2624003887176514
5373125120.0,-2.2367074489593506
5374062592.0,-2.2120087146759033
5375000064.0,-2.187934160232544
5375937536.0,-2.16603422164917
5376875008.0,-2.14524245262146
5377812480.0,-2.127412796020508
5378749952.0,-2.11086368560791
5379687424.0,-2.095449924468994
5380624896.0,-2.0813844203948975
5381562368.0,-2.0693435668945312
5382499840.0,-2.0581016540527344
5383437312.0,-2.0477981567382812
5384374784.0,-2.0400896072387695
5385312256.0,-2.0341615676879883
5386250240.0,-2.0282349586486816
5387187712.0,-2.0232648849487305
5388125184.0,-2.0209665298461914
5389062656.0,-2.019235372543335
5390000128.0,-2.020439863204956
5390937600.0,-2.022221088409424
5391875072.0,-2.0247552394866943
5392812544.0,-2.0277252197265625
5393750016.0,-2.031524658203125
5394687488.0,-2.034440755844116
5395624960.0,-2.039365768432617
5396562432.0,-2.0424132347106934
5397499904.0,-2.0473034381866455
5398437376.0,-2.0526182651519775
5399374848.0,-2.0569469928741455
5400312320.0,-2.063070774078369
5401249792.0,-2.066248655319214
5402187264.0,-2.0711004734039307
5403125248.0,-2.074734687805176
5404062720.0,-2.0772852897644043
5405000192.0,-2.0786502361297607
5405937664.0,-2.2215025424957275
5406875136.0,-2.220062017440796
5407812608.0,-2.215675115585327
5408750080.0,-2.2092745304107666
5409687552.0,-2.1984431743621826
5410625024.0,-2.1852166652679443
5411562496.0,-2.1687095165252686
5412499968.0,-2.149456262588501
5413437440.0,-2.128919839859009
5414374912.0,-2.1052517890930176
5415312384.0,-2.0793662071228027
5416249856.0,-2.052478551864624
5417187328.0,-2.0228376388549805
5418124800.0,-1.9906362295150757
5419062272.0,-1.95851469039917
5420000256.0,-1.9252464771270752
5420937728.0,-1.8914779424667358
5421875200.0,-1.857151985168457
5422812672.0,-1.8237791061401367
5423750144.0,-1.7919819355010986
5424687616.0,-1.7594449520111084
5425625088.0,-1.7283315658569336
5426562560.0,-1.698218822479248
5427500032.0,-1.6673496961593628
5428437504.0,-1.6385529041290283
5429374976.0,-1.6088768243789673
5430312448.0,-1.5811185836791992
5431249920.0,-1.5549211502075195
5432187392.0,-1.528788447380066
5433124864.0,-1.5057042837142944
5434062336.0,-1.4831284284591675
5434999808.0,-1.4612680673599243
5435937280.0,-1.43990159034729
5436874752.0,-1.4215819835662842
5437812736.0,-1.4029364585876465
5438750208.0,-1.3856925964355469
5439687680.0,-1.3694802522659302
5440625152.0,-1.3562356233596802
5441562624.0,-1.3422677516937256
5442500096.0,-1.3312427997589111
5443437568.0,-1.321054220199585
5444375040.0,-1.313521146774292
5445312512.0,-1.3067052364349365
5446249984.0,-1.302836298942566
5447187456.0,-1.2990366220474243
5448124928.0,-1.2984164953231812
5449062400.0,-1.299280047416687
5449999872.0,-1.301550269126892
5450937344.0,-1.306128740310669
5451874816.0,-1.311066746711731
5452812288.0,-1.3182427883148193
5453749760.0,-1.3255985975265503
5454687744.0,-1.3343344926834106
5455625216.0,-1.3427248001098633
5456562688.0,-1.3532623052597046
5457500160.0,-1.3637518882751465
5458437632.0,-1.3745518922805786
5459375104.0,-1.3850916624069214
5460312576.0,-1.394722580909729
5461250048.0,-1.4042046070098877
5462187520.0,-1.4145431518554688
5463124992.0,-1.4227896928787231
5464062464.0,-1.4290850162506104
5464999936.0,-1.4337719678878784
5465937408.0,-1.442813754081726
5466874880.0,-1.442657470703125
5467812352.0,-1.4407683610916138
5468749824.0,-1.4372832775115967
5469687296.0,-1.4304031133651733
5470624768.0,-1.4221657514572144
5471562752.0,-1.4121949672698975
5472500224.0,-1.398148775100708
5473437696.0,-1.3830630779266357
5474375168.0,-1.3662911653518677
5475312640.0,-1.345545768737793
5476250112.0,-1.3250812292099
5477187584.0,-1.3024498224258423
5478125056.0,-1.27869713306427
5479062528.0,-1.2546939849853516
5480000000.0,-1.228704571723938
5480937472.0,-1.2009117603302002
5481874944.0,-1.174790620803833
5482812416.0,-1.1468442678451538
5483749888.0,-1.1188706159591675
5484687360.0,-1.091118574142456
5485624832.0,-1.0636018514633179
5486562304.0,-1.036474585533142
5487499776.0,-1.009606122970581
5488437248.0,-0.9837583899497986
5489375232.0,-0.9574900269508362
5490312704.0,-0.9334030151367188
5491250176.0,-0.9089320302009583
5492187648.0,-0.8873152136802673
5493125120.0,-0.8665754199028015
5494062592.0,-0.8464499711990356
5495000064.0,-0.8287965059280396
5495937536.0,-0.8132660388946533
5496875008.0,-0.7991315722465515
5497812480.0,-0.7869792580604553
5498749952.0,-0.7782458662986755
5499687424.0,-0.771255373954773
5500624896.0,-0.7669792771339417
5501562368.0,-0.766025185585022
5502499840.0,-0.7665358781814575
5503437312.0,-0.7710224986076355
5504374784.0,-0.7779306173324585
5505312256.0,-0.7876088619232178
5506250240.0,-0.7999898791313171
5507187712.0,-0.815532386302948
5508125184.0,-0.8341389298439026
5509062656.0,-0.8539304733276367
5510000128.0,-0.8781185150146484
5510937600.0,-0.9031762480735779
5511875072.0,-0.9296673536300659
5512812544.0,-0.9592148065567017
5513750016.0,-0.9891956448554993
5514687488.0,-1.0214060544967651
5515624960.0,-1.053359866142273
5516562432.0,-1.0848904848098755
5517499904.0,-1.1172062158584595
5518437376.0,-1.1485055685043335
5519374848.0,-1.17911696434021
5520312320.0,-1.2082970142364502
5521249792.0,-1.2358547449111938
5522187264.0,-1.2599679231643677
5523125248.0,-1.2832378149032593
5524062720.0,-1.3010082244873047
5525000192.0,-1.316224217414856
5525937664.0,-1.1521378755569458
5526875136.0,-1.1583439111709595
5527812608.0,-1.162981390953064
5528750080.0,-1.1639598608016968
5529687552.0,-1.1652213335037231
5530625024.0,-1.163976788520813
5531562496.0,-1.159435749053955
5532499968.0,-1.1543376445770264
5533437440.0,-1.1482583284378052
5534374912.0,-1.1406025886535645
5535312384.0,-1.130868911743164
5536249856.0,-1.1201592683792114
5537187328.0,-1.1076936721801758
5538124800.0,-1.0947688817977905
5539062272.0,-1.0806461572647095
5539999744.0,-1.0657973289489746
5540937728.0,-1.0515046119689941
5541875200.0,-1.036216139793396
5542812672.0,-1.0194734334945679
5543750144.0,-1.0050748586654663
5544687616.0,-0.9890826940536499
5545625088.0,-0.9733167886734009
5546562560.0,-0.9585835337638855
5547500032.0,-0.9439026713371277
5548437504.0,-0.9299846887588501
5549374976.0,-0.9182012677192688
5550312448.0,-0.9056501984596252
5551249920.0,-0.8956243991851807
5552187392.0,-0.8859559297561646
5553124864.0,-0.8787586092948914
5554062336.0,-0.8728322982788086
5554999808.0,-0.8674306869506836
5555937280.0,-0.8656002283096313
5556874752.0,-0.8653062582015991
5557812736.0,-0.8668285012245178
5558750208.0,-0.8706159591674805
5559687680.0,-0.8777821063995361
5560625152.0,-0.8854442834854126
5561562624.0,-0.899552047252655
5562500096.0,-0.9143412709236145
5563437568.0,-0.9320436120033264
5564375040.0,-0.9527677893638611
5565312512.0,-0.9742040634155273
5566249984.0,-0.9997642040252686
5567187456.0,-1.0269615650177002
5568124928.0,-1.054735541343689
5569062400.0,-1.0841820240020752
5569999872.0,-1.114836573600769
5570937344.0,-1.1471928358078003
5571874816.0,-1.1775305271148682
5572812288.0,-1.2072174549102783
5573749760.0,-1.236819863319397
5574687744.0,-1.2648299932479858
5575625216.0,-1.2924723625183105
5576562688.0,-1.3185019493103027
5577500160.0,-1.3403866291046143
5578437632.0,-1.3605711460113525
5579375104.0,-1.3785951137542725
5580312576.0,-1.3925505876541138
5581250048.0,-1.404310703277588
5582187520.0,-1.4124233722686768
5583124992.0,-1.418643832206726
5584062464.0,-1.4226149320602417
5584999936.0,-1.4229553937911987
5585937408.0,-1.3447602987289429
5586874880.0,-1.3509752750396729
5587812352.0,-1.3563313484191895
5588749824.0,-1.3595672845840454
5589687296.0,-1.3622466325759888
5590624768.0,-1.3635590076446533
5591562752.0,-1.3634462356567383
5592500224.0,-1.3623783588409424
5593437696.0,-1.3622245788574219
5594375168.0,-1.3600448369979858
5595312640.0,-1.3569309711456299
5596250112.0,-1.3521010875701904
5597187584.0,-1.3476465940475464
5598125056.0,-1.3423858880996704
5599062528.0,-1.3366557359695435
5600000000.0,-1.330558180809021
5600937472.0,-1.3251484632492065
5601874944.0,-1.3200732469558716
5602812416.0,-1.31251859664917
5603749888.0,-1.3063104152679443
5604687360.0,-1.298751950263977
5605624832.0,-1.2915942668914795
5606562304.0,-1.2853957414627075
5607499776.0,-1.2785042524337769
5608437248.0,-1.2719093561172485
5609375232.0,-1.2645906209945679
5610312704.0,-1.2589954137802124
5611250176.0,-1.2519545555114746
5612187648.0,-1.2463152408599854
5613125120.0,-1.239653468132019
5614062592.0,-1.2331568002700806
5615000064.0,-1.226885437965393
5615937536.0,-1.2196985483169556
5616875008.0,-1.2137998342514038
5617812480.0,-1.2082765102386475
5618749952.0,-1.202285885810852
5619687424.0,-1.1983444690704346
5620624896.0,-1.1926885843276978
5621562368.0,-1.1886061429977417
5622499840.0,-1.1858576536178589
5623437312.0,-1.1828844547271729
5624374784.0,-1.180477261543274
5625312256.0,-1.1763486862182617
5626250240.0,-1.1744859218597412
5627187712.0,-1.1713498830795288
5628125184.0,-1.169100284576416
5629062656.0,-1.1656674146652222
5630000128.0,-1.1642321348190308
5630937600.0,-1.1605782508850098
5631875072.0,-1.157501459121704
5632812544.0,-1.1537799835205078
5633750016.0,-1.1496999263763428
5634687488.0,-1.1443897485733032
5635624960.0,-1.1384941339492798
5636562432.0,-1.1324450969696045
5637499904.0,-1.124338984489441
5638437376.0,-1.1157517433166504
5639374848.0,-1.1050596237182617
5640312320.0,-1.0957071781158447
5641249792.0,-1.0840293169021606
5642187264.0,-1.0731574296951294
5643125248.0,-1.0621315240859985
5644062720.0,-1.0500946044921875
5645000192.0,-1.039500117301941
5645937664.0,-1.0346615314483643
5646875136.0,-1.020032286643982
5647812608.0,-1.0052739381790161
5648750080.0,-0.988804042339325
5649687552.0,-0.9720203876495361
5650625024.0,-0.9526814222335815
5651562496.0,-0.9336452484130859
5652499968.0,-0.9131500124931335
5653437440.0,-0.892609179019928
5654374912.0,-0.8724682331085205
5655312384.0,-0.8512805700302124
5656249856.0,-0.8295681476593018
5657187328.0,-0.8079935312271118
5658124800.0,-0.7866216897964478
5659062272.0,-0.764098584651947
5660000256.0,-0.7422568202018738
5660937728.0,-0.7209197282791138
5661875200.0,-0.6990348696708679
5662812672.0,-0.6796923875808716
5663750144.0,-0.6600198149681091
5664687616.0,-0.6409028768539429
5665625088.0,-0.6232235431671143
5666562560.0,-0.6078712344169617
5667500032.0,-0.5919198393821716
5668437504.0,-0.5784120559692383
5669374976.0,-0.5664440989494324
5670312448.0,-0.5560688972473145
5671249920.0,-0.5475137233734131
5672187392.0,-0.5397733449935913
5673124864.0,-0.5347821116447449
5674062336.0,-0.5301121473312378
5674999808.0,-0.5276405811309814
5675937280.0,-0.5271171927452087
5676874752.0,-0.5264486074447632
5677812736.0,-0.5267380475997925
5678750208.0,-0.5282353758811951
5679687680.0,-0.5305600166320801
5680625152.0,-0.5341241955757141
5681562624.0,-0.5382580757141113
5682500096.0,-0.5422791838645935
5683437568.0,-0.5468602180480957
5684375040.0,-0.5488157272338867
5685312512.0,-0.5524433255195618
5686249984.0,-0.5561069250106812
5687187456.0,-0.5587899684906006
5688124928.0,-0.560448169708252
5689062400.0,-0.5617414712905884
5689999872.0,-0.5619084239006042
5690937344.0,-0.5618779063224792
5691874816.0,-0.5578100085258484
5692812288.0,-0.5542147755622864
5693749760.0,-0.5489342212677002
5694687744.0,-0.5415729284286499
5695625216.0,-0.5336399078369141
5696562688.0,-0.5223127007484436
5697500160.0,-0.5114873647689819
5698437632.0,-0.499086856842041
5699375104.0,-0.4863360822200775
5700312576.0,-0.4729416072368622
5701250048.0,-0.458202987909317
5702187520.0,-0.44416823983192444
5703124992.0,-0.43093597888946533
5704062464.0,-0.4168992042541504
5704999936.0,-0.4043618440628052
5705937408.0,-0.3716805577278137
5706874880.0,-0.3702293932437897
5707812352.0,-0.36854755878448486
5708749824.0,-0.3679055869579315
5709687296.0,-0.36716488003730774
5710624768.0,-0.3660360276699066
5711562752.0,-0.3642130494117737
5712500224.0,-0.3622051477432251
5713437696.0,-0.3615906834602356
5714375168.0,-0.3611602187156677
5715312640.0,-0.35887646675109863
5716250112.0,-0.3569768965244293
5717187584.0,-0.35431185364723206
5718125056.0,-0.35003408789634705
5719062528.0,-0.3450189530849457
5720000000.0,-0.3396252691745758
5720937472.0,-0.333125501871109
5721874944.0,-0.32535552978515625
5722812416.0,-0.31799960136413574
5723749888.0,-0.30959808826446533
5724687360.0,-0.3020537197589874
5725624832.0,-0.2918300926685333
5726562304.0,-0.2841145396232605
5727499776.0,-0.2762860953807831
5728437248.0,-0.2680777311325073
5729375232.0,-0.26163244247436523
5730312704.0,-0.25569087266921997
5731250176.0,-0.2512843906879425
5732187648.0,-0.24877074360847473
5733125120.0,-0.24773427844047546
5734062592.0,-0.24870498478412628
5735000064.0,-0.2515251934528351
5735937536.0,-0.2559887766838074
5736875008.0,-0.2619554102420807
5737812480.0,-0.271432101726532
5738749952.0,-0.28309547901153564
5739687424.0,-0.2951110303401947
5740624896.0,-0.3090370297431946
5741562368.0,-0.3229732811450958
5742499840.0,-0.33686602115631104
5743437312.0,-0.3502269387245178
5744374784.0,-0.3624211251735687
5745312256.0,-0.3725316524505615
5746250240.0,-0.38115379214286804
5747187712.0,-0.3887973129749298
5748125184.0,-0.39249104261398315
5749062656.0,-0.3945753574371338
5750000128.0,-0.3948352336883545
5750937600.0,-0.3911170959472656
5751875072.0,-0.3868638575077057
5752812544.0,-0.38064292073249817
5753750016.0,-0.3732225298881531
5754687488.0,-0.36550620198249817
5755624960.0,-0.3561868965625763
5756562432.0,-0.3486146330833435
5757499904.0,-0.3401029109954834
5758437376.0,-0.33280423283576965
5759374848.0,-0.3258478045463562
5760312320.0,-0.3194957673549652
5761249792.0,-0.3141992688179016
5762187264.0,-0.3105151057243347
5763125248.0,-0.3088790476322174
5764062720.0,-0.30534955859184265
5765000192.0,-0.30228015780448914
5765937664.0,-0.22585895657539368
5766875136.0,-0.22949007153511047
5767812608.0,-0.2333867847919464
5768750080.0,-0.23843589425086975
5769687552.0,-0.2438746988773346
5770625024.0,-0.24814309179782867
5771562496.0,-0.2542228102684021
5772499968.0,-0.2611791491508484
5773437440.0,-0.2676137387752533
5774374912.0,-0.275343120098114
5775312384.0,-0.282551109790802
5776249856.0,-0.2899317741394043
5777187328.0,-0.2990630567073822
5778124800.0,-0.3060605227947235
5779062272.0,-0.31354397535324097
5779999744.0,-0.3207635283470154
5780937728.0,-0.327638179063797
5781875200.0,-0.3338327705860138
5782812672.0,-0.33917000889778137
5783750144.0,-0.34456881880760193
5784687616.0,-0.34930092096328735
5785625088.0,-0.3535553216934204
5786562560.0,-0.3580849766731262
5787500032.0,-0.36100128293037415
5788437504.0,-0.36290064454078674
5789374976.0,-0.3624781668186188
5790312448.0,-0.3601360619068146
5791249920.0,-0.35745370388031006
5792187392.0,-0.3541458547115326
5793124864.0,-0.3498210310935974
5794062336.0,-0.3435956835746765
5794999808.0,-0.3381030261516571
5795937280.0,-0.3311493396759033
5796874752.0,-0.3243158161640167
5797812736.0,-0.3146558105945587
5798750208.0,-0.30600547790527344
5799687680.0,-0.29651856422424316
5800625152.0,-0.2843538224697113
5801562624.0,-0.2732221484184265
5802500096.0,-0.2612919211387634
5803437568.0,-0.2487560510635376
5804375040.0,-0.2351631373167038
5805312512.0,-0.22239907085895538
5806249984.0,-0.20883949100971222
5807187456.0,-0.19360700249671936
5808124928.0,-0.17861001193523407
5809062400.0,-0.16302087903022766
5809999872.0,-0.14757588505744934
5810937344.0,-0.13289977610111237
5811874816.0,-0.1168728768825531
5812812288.0,-0.10165642201900482
5813749760.0,-0.08700639009475708
5814687744.0,-0.07381996512413025
5815625216.0,-0.06080308556556702
5816562688.0,-0.04883439838886261
5817500160.0,-0.03630385920405388
5818437632.0,-0.024472787976264954
5819375104.0,-0.012932810932397842
5820312576.0,-0.00257925339974463
5821250048.0,0.007334553170949221
5822187520.0,0.017120659351348877
5823124992.0,0.024699080735445023
5824062464.0,0.03283887729048729
5824999936.0,0.039042096585035324
5825937408.0,-0.1451370269060135
5826874880.0,-0.15006808936595917
5827812352.0,-0.1532236784696579
5828749824.0,-0.15593567490577698
5829687296.0,-0.1562860608100891
5830624768.0,-0.15649892389774323
5831562752.0,-0.15465977787971497
5832500224.0,-0.1524723470211029
5833437696.0,-0.14999164640903473
5834375168.0,-0.14697767794132233
5835312640.0,-0.1438959538936615
5836250112.0,-0.13930727541446686
5837187584.0,-0.13720999658107758
5838125056.0,-0.134319469332695
5839062528.0,-0.13208460807800293
5840000000.0,-0.13187967240810394
5840937472.0,-0.1324509084224701
5841874944.0,-0.1348683387041092
5842812416.0,-0.1377291977405548
5843749888.0,-0.14067605137825012
5844687360.0,-0.14582520723342896
5845624832.0,-0.15007349848747253
5846562304.0,-0.1562393605709076
5847499776.0,-0.1637515276670456
5848437248.0,-0.17266874015331268
5849375232.0,-0.18124166131019592
5850312704.0,-0.1913219392299652
5851250176.0,-0.20234863460063934
5852187648.0,-0.21245506405830383
5853125120.0,-0.2220180630683899
5854062592.0,-0.23152178525924683
5855000064.0,-0.24140608310699463
5855937536.0,-0.24978648126125336
5856875008.0,-0.2579801082611084
5857812480.0,-0.2640421390533447
5858749952.0,-0.26973506808280945
5859687424.0,-0.27428093552589417
5860624896.0,-0.2757551670074463
5861562368.0,-0.2758822739124298
5862499840.0,-0.27337196469306946
5863437312.0,-0.27041181921958923
5864374784.0,-0.26420289278030396
5865312256.0,-0.257773220539093
5866250240.0,-0.2495230883359909
5867187712.0,-0.23927102982997894
5868125184.0,-0.22792543470859528
5869062656.0,-0.21508242189884186
5870000128.0,-0.2022079974412918
5870937600.0,-0.1892467439174652
5871875072.0,-0.1755678504705429
5872812544.0,-0.1626776158809662
5873750016.0,-0.1496889442205429
5874687488.0,-0.13707204163074493
5875624960.0,-0.1273595243692398
5876562432.0,-0.11974875628948212
5877499904.0,-0.11300444602966309
5878437376.0,-0.10813182592391968
5879374848.0,-0.10570142418146133
5880312320.0,-0.10542599111795425
5881249792.0,-0.10637735575437546
5882187264.0,-0.11028002947568893
5883125248.0,-0.11641749739646912
5884062720.0,-0.12408652156591415
5885000192.0,-0.1320156753063202
5885937664.0,-0.07211289554834366
5886875136.0,-0.07686004042625427
5887812608.0,-0.08270338177680969
5888750080.0,-0.08845897763967514
5889687552.0,-0.09510688483715057
5890625024.0,-0.10169590264558792
5891562496.0,-0.10974887758493423
5892499968.0,-0.11763894557952881
5893437440.0,-0.1261410117149353
5894374912.0,-0.13420896232128143
5895312384.0,-0.14245915412902832
5896249856.0,-0.1510573923587799
5897187328.0,-0.15980060398578644
5898124800.0,-0.16867022216320038
5899062272.0,-0.17770303785800934
5900000256.0,-0.1871698647737503
5900937728.0,-0.19604672491550446
5901875200.0,-0.20471268892288208
5902812672.0,-0.21416446566581726
5903750144.0,-0.22239340841770172
5904687616.0,-0.23116308450698853
5905625088.0,-0.24117057025432587
5906562560.0,-0.24964481592178345
5907500032.0,-0.2576269507408142
5908437504.0,-0.2668527662754059
5909374976.0,-0.27501583099365234
5910312448.0,-0.2814866602420807
5911249920.0,-0.2898879647254944
5912187392.0,-0.29732760787010193
5913124864.0,-0.30417874455451965
5914062336.0,-0.3119608163833618
5914999808.0,-0.3182588219642639
5915937280.0,-0.32326459884643555
5916874752.0,-0.3277933895587921
5917812736.0,-0.3318030834197998
5918750208.0,-0.33455464243888855
5919687680.0,-0.3368752598762512
5920625152.0,-0.3378112018108368
5921562624.0,-0.33905506134033203
5922500096.0,-0.3379071056842804
5923437568.0,-0.33585381507873535
5924375040.0,-0.3336460292339325
5925312512.0,-0.32872238755226135
5926249984.0,-0.322907030582428
5927187456.0,-0.31618040800094604
5928124928.0,-0.3088889718055725
5929062400.0,-0.2982928454875946
5929999872.0,-0.28808271884918213
5930937344.0,-0.2754257917404175
5931874816.0,-0.26241543889045715
5932812288.0,-0.24736598134040833
5933749760.0,-0.2312808334827423
5934687744.0,-0.21370039880275726
5935625216.0,-0.19682517647743225
5936562688.0,-0.17830890417099
5937500160.0,-0.16088715195655823
5938437632.0,-0.14219926297664642
5939375104.0,-0.12323610484600067
5940312576.0,-0.10484965145587921
5941250048.0,-0.08694551140069962
5942187520.0,-0.06900884211063385
5943124992.0,-0.05438430607318878
5944062464.0,-0.039654772728681564
5944999936.0,-0.02649029903113842
5945937408.0,-0.1290329247713089
5946874880.0,-0.1372550129890442
5947812352.0,-0.14748512208461761
5948749824.0,-0.1602674424648285
5949687296.0,-0.17354410886764526
5950624768.0,-0.18947190046310425
5951562752.0,-0.20623499155044556
5952500224.0,-0.22297580540180206
5953437696.0,-0.24127787351608276
5954375168.0,-0.2606099247932434
5955312640.0,-0.28001630306243896
5956250112.0,-0.300155371427536
5957187584.0,-0.3201645016670227
5958125056.0,-0.34045663475990295
5959062528.0,-0.3593479096889496
5960000000.0,-0.3770694136619568
5960937472.0,-0.39422762393951416
5961874944.0,-0.4101138114929199
5962812416.0,-0.42379239201545715
5963749888.0,-0.43728503584861755
5964687360.0,-0.4462966322898865
5965624832.0,-0.4533200263977051
5966562304.0,-0.4574302136898041
5967499776.0,-0.4582306742668152
5968437248.0,-0.45443692803382874
5969375232.0,-0.4487718641757965
5970312704.0,-0.44052302837371826
5971250176.0,-0.42824071645736694
5972187648.0,-0.4133642315864563
5973125120.0,-0.39528125524520874
5974062592.0,-0.3756829500198364
5975000064.0,-0.3535737693309784
5975937536.0,-0.32997286319732666
5976875008.0,-0.3051818907260895
5977812480.0,-0.2796507477760315
5978749952.0,-0.255253404378891
5979687424.0,-0.22997808456420898
5980624896.0,-0.20701535046100616
5981562368.0,-0.1858254075050354
5982499840.0,-0.16523651778697968
5983437312.0,-0.14674361050128937
5984374784.0,-0.1314753144979477
5985312256.0,-0.11799483001232147
5986250240.0,-0.10651765018701553
5987187712.0,-0.09758667647838593
5988125184.0,-0.09188626706600189
5989062656.0,-0.08762702345848083
5990000128.0,-0.08614102751016617
5990937600.0,-0.08751533180475235
5991875072.0,-0.08980315178632736
5992812544.0,-0.09452486783266068
5993750016.0,-0.10098376870155334
5994687488.0,-0.10856577008962631
5995624960.0,-0.11652035266160965
5996562432.0,-0.12558768689632416
5997499904.0,-0.13468053936958313
5998437376.0,-0.142979696393013
5999374848.0,-0.15273933112621307
6000312320.0,-0.1599971503019333
6001249792.0,-0.1686096042394638
6002187264.0,-0.17730426788330078
6003125248.0,-0.18481500446796417
6004062720.0,-0.19048438966274261
6005000192.0,-0.14934197068214417
6005937664.0,-0.15672005712985992
6006875136.0,-0.16424396634101868
6007812608.0,-0.17257964611053467
6008750080.0,-0.18125152587890625
6009687552.0,-0.19065381586551666
6010625024.0,-0.20146444439888
6011562496.0,-0.2132258117198944
6012499968.0,-0.22521178424358368
6013437440.0,-0.23818881809711456
6014374912.0,-0.2509710192680359
6015312384.0,-0.267048180103302
6016249856.0,-0.28098058700561523
6017187328.0,-0.295424222946167
6018124800.0,-0.3097136914730072
6019062272.0,-0.3216257095336914
6019999744.0,-0.3337002992630005
6020937728.0,-0.34598052501678467
6021875200.0,-0.3574638366699219
6022812672.0,-0.36626872420310974
6023750144.0,-0.37553632259368896
6024687616.0,-0.38339686393737793
6025625088.0,-0.3893496096134186
6026562560.0,-0.39490383863449097
6027500032.0,-0.4001328945159912
6028437504.0,-0.4027805030345917
6029374976.0,-0.4035101532936096
6030312448.0,-0.40367260575294495
6031249920.0,-0.3996008634567261
6032187392.0,-0.3947693705558777
6033124864.0,-0.38923031091690063
6034062336.0,-0.38069799542427063
6034999808.0,-0.37251126766204834
6035937280.0,-0.3620441257953644
6036874752.0,-0.35175561904907227
6037812736.0,-0.34025031328201294
6038750208.0,-0.3286368250846863
6039687680.0,-0.31738999485969543
6040625152.0,-0.30550119280815125
6041562624.0,-0.2953547239303589
6042500096.0,-0.2839524447917938
6043437568.0,-0.27243858575820923
6044375040.0,-0.2631380558013916
6045312512.0,-0.25285816192626953
6046249984.0,-0.24502180516719818
6047187456.0,-0.23807518184185028
6048124928.0,-0.2321811318397522
6049062400.0,-0.22590965032577515
6049999872.0,-0.22187909483909607
6050937344.0,-0.2186153531074524
6051874816.0,-0.21631082892417908
6052812288.0,-0.21470002830028534
6053749760.0,-0.21555712819099426
6054687744.0,-0.2161356657743454
6055625216.0,-0.2179262340068817
6056562688.0,-0.2206864058971405
6057500160.0,-0.2234947234392166
6058437632.0,-0.22800719738006592
6059375104.0,-0.23273399472236633
6060312576.0,-0.23725253343582153
6061250048.0,-0.2419055998325348
6062187520.0,-0.24731828272342682
6063124992.0,-0.2516709566116333
6064062464.0,-0.2576325237751007
6064999936.0,-0.1566951721906662
6065937408.0,-0.1773982048034668
6066874880.0,-0.19860206544399261
6067812352.0,-0.2195117026567459
6068749824.0,-0.24168232083320618
6069687296.0,-0.2615841329097748
6070624768.0,-0.28071004152297974
6071562752.0,-0.3009693920612335
6072500224.0,-0.31901806592941284
6073437696.0,-0.33617156744003296
6074375168.0,-0.353481262922287
6075312640.0,-0.36990752816200256
6076250112.0,-0.3848627805709839
6077187584.0,-0.3981053829193115
6078125056.0,-0.4104920029640198
6079062528.0,-0.4211028814315796
6080000000.0,-0.4318176209926605
6080937472.0,-0.4405876398086548
6081874944.0,-0.44671496748924255
6082812416.0,-0.4533180892467499
6083749888.0,-0.45657798647880554
6084687360.0,-0.4575888216495514
6085624832.0,-0.45860591530799866
6086562304.0,-0.4583267867565155
6087499776.0,-0.4567757546901703
6088437248.0,-0.45285764336586
6089375232.0,-0.44719746708869934
6090312704.0,-0.44110071659088135
6091250176.0,-0.4347324073314667
6092187648.0,-0.42606210708618164
6093125120.0,-0.41691261529922485
6094062592.0,-0.4062901735305786
6095000064.0,-0.39502280950546265
6095937536.0,-0.38212350010871887
6096875008.0,-0.3688977360725403
6097812480.0,-0.35576945543289185
6098749952.0,-0.3411218225955963
6099687424.0,-0.3275604248046875
6100624896.0,-0.31181663274765015
6101562368.0,-0.29661840200424194
6102499840.0,-0.2814958393573761
6103437312.0,-0.26618027687072754
6104374784.0,-0.25088056921958923
6105312256.0,-0.23571382462978363
6106250240.0,-0.22151654958724976
6107187712.0,-0.20700101554393768
6108125184.0,-0.19361446797847748
6109062656.0,-0.17948873341083527
6110000128.0,-0.16617614030838013
6110937600.0,-0.15405221283435822
6111875072.0,-0.14068558812141418
6112812544.0,-0.13029778003692627
6113750016.0,-0.11958948522806168
6114687488.0,-0.10998382419347763
6115624960.0,-0.10144387930631638
6116562432.0,-0.09341438114643097
6117499904.0,-0.0866786539554596
6118437376.0,-0.08243762701749802
6119374848.0,-0.08175822347402573
6120312320.0,-0.08219486474990845
6121249792.0,-0.08535565435886383
6122187264.0,-0.08914347738027573
6123125248.0,-0.09417640417814255
6124062720.0,-0.09990780055522919
6125000192.0,-0.1538756936788559
6125937664.0,-0.16785162687301636
6126875136.0,-0.18350595235824585
6127812608.0,-0.19810833036899567
6128750080.0,-0.21397407352924347
6129687552.0,-0.22930222749710083
6130625024.0,-0.24370160698890686
6131562496.0,-0.2610887289047241
6132499968.0,-0.2775874435901642
6133437440.0,-0.29215699434280396
6134374912.0,-0.3082559108734131
6135312384.0,-0.3238130807876587
6136249856.0,-0.33938413858413696
6137187328.0,-0.3526604175567627
6138124800.0,-0.3668493330478668
6139062272.0,-0.38114574551582336
6140000256.0,-0.3937479257583618
6140937728.0,-0.4051068127155304
6141875200.0,-0.4164198040962219
6142812672.0,-0.42529037594795227
6143750144.0,-0.4336725175380707
6144687616.0,-0.4436160922050476
6145625088.0,-0.4518508315086365
6146562560.0,-0.4574999213218689
6147500032.0,-0.4621039032936096
6148437504.0,-0.46478399634361267
6149374976.0,-0.46509742736816406
6150312448.0,-0.4653018116950989
6151249920.0,-0.46205994486808777
6152187392.0,-0.4579450190067291
6153124864.0,-0.4521196782588959
6154062336.0,-0.4451577067375183
6154999808.0,-0.4383382499217987
6155937280.0,-0.4277722239494324
6156874752.0,-0.41783109307289124
6157812736.0,-0.40650424361228943
6158750208.0,-0.393885999917984
6159687680.0,-0.3797241151332855
6160625152.0,-0.3661179542541504
6161562624.0,-0.3526773154735565
6162500096.0,-0.337800532579422
6163437568.0,-0.32262787222862244
6164375040.0,-0.3093588352203369
6165312512.0,-0.295779824256897
6166249984.0,-0.2808336019515991
6167187456.0,-0.26719510555267334
6168124928.0,-0.25300565361976624
6169062400.0,-0.23978373408317566
6169999872.0,-0.22475840151309967
6170937344.0,-0.21128423511981964
6171874816.0,-0.1979411393404007
6172812288.0,-0.18514901399612427
6173749760.0,-0.17357513308525085
6174687744.0,-0.16322720050811768
6175625216.0,-0.15324853360652924
6176562688.0,-0.14477699995040894
6177500160.0,-0.1377267986536026
6178437632.0,-0.1315041184425354
6179375104.0,-0.12740862369537354
6180312576.0,-0.12327787280082703
6181250048.0,-0.12267591804265976
6182187520.0,-0.12266841530799866
6183124992.0,-0.12347635626792908
6184062464.0,-0.12765944004058838
6184999936.0,-0.27253347635269165
6185937408.0,-0.28840401768684387
6186874880.0,-0.3040950298309326
6187812352.0,-0.32055363059043884
6188749824.0,-0.3374863564968109
6189687296.0,-0.3544568419456482
6190624768.0,-0.37154659628868103
6191562752.0,-0.38726523518562317
6192500224.0,-0.40214401483535767
6193437696.0,-0.4167771637439728
6194375168.0,-0.43001338839530945
6195312640.0,-0.44065991044044495
6196250112.0,-0.4491369426250458
6197187584.0,-0.4565706253051758
6198125056.0,-0.46303480863571167
6199062528.0,-0.4671602249145508
6200000000.0,-0.47024405002593994
6200937472.0,-0.47299546003341675
6201874944.0,-0.47492027282714844
6202812416.0,-0.47544005513191223
6203749888.0,-0.47887706756591797
6204687360.0,-0.4793208837509155
6205624832.0,-0.48285406827926636
6206562304.0,-0.48606184124946594
6207499776.0,-0.4911961853504181
6208437248.0,-0.49706798791885376
6209375232.0,-0.50400310754776
6210312704.0,-0.511986494064331
6211250176.0,-0.5204269289970398
6212187648.0,-0.5289888978004456
6213125120.0,-0.5361222624778748
6214062592.0,-0.5419869422912598
6215000064.0,-0.5440216064453125
6215937536.0,-0.5392455458641052
6216875008.0,-0.5330093502998352
6217812480.0,-0.5257425308227539
6218749952.0,-0.5168229341506958
6219687424.0,-0.5060122013092041
6220624896.0,-0.49444517493247986
6221562368.0,-0.4812992215156555
6222499840.0,-0.4676593244075775
6223437312.0,-0.4550538957118988
6224374784.0,-0.4428092837333679
6225312256.0,-0.43056485056877136
6226250240.0,-0.41939061880111694
6227187712.0,-0.4093620479106903
6228125184.0,-0.39998146891593933
6229062656.0,-0.3899547755718231
6230000128.0,-0.3828633427619934
6230937600.0,-0.3756525218486786
6231875072.0,-0.36765986680984497
6232812544.0,-0.36143046617507935
6233750016.0,-0.3536487817764282
6234687488.0,-0.34736403822898865
6235624960.0,-0.34101617336273193
6236562432.0,-0.33500969409942627
6237499904.0,-0.3278049826622009
6238437376.0,-0.3216651976108551
6239374848.0,-0.3130500018596649
6240312320.0,-0.30629801750183105
6241249792.0,-0.29829835891723633
6242187264.0,-0.2896999418735504
6243125248.0,-0.2825591266155243
6244062720.0,-0.2767963111400604
6245000192.0,-0.4280892610549927
6245937664.0,-0.4304974675178528
6246875136.0,-0.4326068162918091
6247812608.0,-0.4375828802585602
6248750080.0,-0.44556739926338196
6249687552.0,-0.4535466432571411
6250625024.0,-0.46477383375167847
6251562496.0,-0.47731178998947144
6252499968.0,-0.49435409903526306
6253437440.0,-0.5130937695503235
6254374912.0,-0.535121738910675
6255312384.0,-0.5579798221588135
6256249856.0,-0.5831650495529175
6257187328.0,-0.6091799736022949
6258124800.0,-0.6374424695968628
6259062272.0,-0.6659294366836548
6259999744.0,-0.6945512890815735
6260937728.0,-0.7224151492118835
6261875200.0,-0.7488713264465332
6262812672.0,-0.7747601866722107
6263750144.0,-0.7985256910324097
6264687616.0,-0.8188892602920532
6265625088.0,-0.8382671475410461
6266562560.0,-0.8543726205825806
6267500032.0,-0.8673526644706726
6268437504.0,-0.877932608127594
6269374976.0,-0.8827947974205017
6270312448.0,-0.8862782120704651
6271249920.0,-0.8861047625541687
6272187392.0,-0.8830249309539795
6273124864.0,-0.8754363656044006
6274062336.0,-0.8647865056991577
6274999808.0,-0.8519326448440552
6275937280.0,-0.8348440527915955
6276874752.0,-0.816162645816803
6277812736.0,-0.7942920923233032
6278750208.0,-0.7711011171340942
6279687680.0,-0.7447172403335571
6280625152.0,-0.7160629630088806
6281562624.0,-0.6876659989356995
6282500096.0,-0.6572051644325256
6283437568.0,-0.6254081726074219
6284375040.0,-0.5955684781074524
6285312512.0,-0.5658955574035645
6286249984.0,-0.5346847176551819
6287187456.0,-0.5063723921775818
6288124928.0,-0.4790634512901306
6289062400.0,-0.45263251662254333
6289999872.0,-0.4281053841114044
6290937344.0,-0.4053226411342621
6291874816.0,-0.3842388987541199
6292812288.0,-0.3661253750324249
6293749760.0,-0.35103315114974976
6294687744.0,-0.33706343173980713
6295625216.0,-0.3277004063129425
6296562688.0,-0.3254444897174835
6297500160.0,-0.32572537660598755
6298437632.0,-0.32844623923301697
6299375104.0,-0.334928423166275
6300312576.0,-0.3439725637435913
6301250048.0,-0.35548168420791626
6302187520.0,-0.3698863983154297
6303124992.0,-0.3867341876029968
6304062464.0,-0.40728673338890076
6304999936.0,-0.5472858548164368
6305937408.0,-0.569358766078949
6306874880.0,-0.591606080532074
6307812352.0,-0.6144262552261353
6308749824.0,-0.6390586495399475
6309687296.0,-0.6635298132896423
6310624768.0,-0.6891327500343323
6311562752.0,-0.7151870131492615
6312500224.0,-0.7408597469329834
6313437696.0,-0.7662997841835022
6314375168.0,-0.7917973399162292
6315312640.0,-0.8171399831771851
6316250112.0,-0.842171847820282
6317187584.0,-0.8641000390052795
6318125056.0,-0.886158287525177
6319062528.0,-0.9072968363761902
6320000000.0,-0.926343560218811
6320937472.0,-0.9417215585708618
6321874944.0,-0.9568610191345215
6322812416.0,-0.9708025455474854
6323749888.0,-0.981905460357666
6324687360.0,-0.9891971945762634
6325624832.0,-0.9932694435119629
6326562304.0,-0.995367169380188
6327499776.0,-0.9943596124649048
6328437248.0,-0.9894390106201172
6329375232.0,-0.983530580997467
6330312704.0,-0.975479245185852
6331250176.0,-0.9642883539199829
6332187648.0,-0.9525951743125916
6333125120.0,-0.9368583559989929
6334062592.0,-0.9217782020568848
6335000064.0,-0.9034909605979919
6335937536.0,-0.8850269913673401
6336875008.0,-0.8647835850715637
6337812480.0,-0.844153881072998
6338749952.0,-0.8227553367614746
6339687424.0,-0.8022425770759583
6340624896.0,-0.7799103260040283
6341562368.0,-0.7581337094306946
6342499840.0,-0.7336927652359009
6343437312.0,-0.7115216851234436
6344374784.0,-0.6897020936012268
6345312256.0,-0.667404055595398
6346250240.0,-0.6466085314750671
6347187712.0,-0.6245720982551575
6348125184.0,-0.6029528975486755
6349062656.0,-0.5831772089004517
6350000128.0,-0.5633553266525269
6350937600.0,-0.5475395917892456
6351875072.0,-0.532029390335083
6352812544.0,-0.5179643630981445
6353750016.0,-0.5077713131904602
6354687488.0,-0.4998054504394531
6355624960.0,-0.4937282204627991
6356562432.0,-0.49149370193481445
6357499904.0,-0.49134060740470886
6358437376.0,-0.4942004084587097
6359374848.0,-0.49926531314849854
6360312320.0,-0.506560206413269
6361249792.0,-0.515424370765686
6362187264.0,-0.5280515551567078
6363125248.0,-0.5422531366348267
6364062720.0,-0.5593380928039551
6365000192.0,-0.832669734954834
6365937664.0,-0.8383069634437561
6366875136.0,-0.8460131287574768
6367812608.0,-0.8518602848052979
6368750080.0,-0.8597075343132019
6369687552.0,-0.8671740293502808
6370625024.0,-0.8752247095108032
6371562496.0,-0.8838527202606201
6372499968.0,-0.892286479473114
6373437440.0,-0.9016396403312683
6374374912.0,-0.9107627272605896
6375312384.0,-0.9202691316604614
6376249856.0,-0.9297153949737549
6377187328.0,-0.936428964138031
6378124800.0,-0.944441020488739
6379062272.0,-0.951687753200531
6380000256.0,-0.9591394662857056
6380937728.0,-0.9650163650512695
6381875200.0,-0.9710862636566162
6382812672.0,-0.9762623906135559
6383750144.0,-0.9811482429504395
6384687616.0,-0.9862117767333984
6385625088.0,-0.989679753780365
6386562560.0,-0.992614209651947
6387500032.0,-0.9959231019020081
6388437504.0,-0.9988000988960266
6389374976.0,-1.0007935762405396
6390312448.0,-1.0024490356445312
6391249920.0,-1.0037933588027954
6392187392.0,-1.0051424503326416
6393124864.0,-1.0057485103607178
6394062336.0,-1.0035916566848755
6394999808.0,-1.0033612251281738
6395937280.0,-1.0012025833129883
6396874752.0,-0.9987308382987976
6397812736.0,-0.9949743747711182
6398750208.0,-0.9909929633140564
6399687680.0,-0.9869729280471802
6400625152.0,-0.9834555983543396
6401562624.0,-0.9806028008460999
6402500096.0,-0.9784361124038696
6403437568.0,-0.9761909246444702
6404375040.0,-0.9752444624900818
6405312512.0,-0.975222647190094
6406249984.0,-0.976008951663971
6407187456.0,-0.9786363244056702
6408124928.0,-0.9805125594139099
6409062400.0,-0.9831584095954895
6409999872.0,-0.9863671064376831
6410937344.0,-0.9914019107818604
6411874816.0,-0.9942558407783508
6412812288.0,-1.0010521411895752
6413749760.0,-1.0069596767425537
6414687744.0,-1.0142215490341187
6415625216.0,-1.0217291116714478
6416562688.0,-1.0296454429626465
6417500160.0,-1.0386130809783936
6418437632.0,-1.046549916267395
6419375104.0,-1.0552321672439575
6420312576.0,-1.0643423795700073
6421250048.0,-1.0726104974746704
6422187520.0,-1.0819483995437622
6423124992.0,-1.0861084461212158
6424062464.0,-1.091101884841919
6424999936.0,-1.107327938079834
6425937408.0,-1.1194528341293335
6426874880.0,-1.1313644647598267
6427812352.0,-1.1417768001556396
6428749824.0,-1.1495896577835083
6429687296.0,-1.1577011346817017
6430624768.0,-1.162569522857666
6431562752.0,-1.1671258211135864
6432500224.0,-1.1688075065612793
6433437696.0,-1.1690694093704224
6434375168.0,-1.1672559976577759
6435312640.0,-1.1626968383789062
6436250112.0,-1.1585807800292969
6437187584.0,-1.1525472402572632
6438125056.0,-1.144392728805542
6439062528.0,-1.1358377933502197
6440000000.0,-1.1267199516296387
6440937472.0,-1.1147676706314087
6441874944.0,-1.1041144132614136
6442812416.0,-1.0921794176101685
6443749888.0,-1.0802907943725586
6444687360.0,-1.0676655769348145
6445624832.0,-1.0545332431793213
6446562304.0,-1.0419710874557495
6447499776.0,-1.0292736291885376
6448437248.0,-1.0179468393325806
6449375232.0,-1.0075457096099854
6450312704.0,-0.9981176257133484
6451250176.0,-0.9883701205253601
6452187648.0,-0.9797540903091431
6453125120.0,-0.970695972442627
6454062592.0,-0.9633939862251282
6455000064.0,-0.9561501145362854
6455937536.0,-0.9498199224472046
6456875008.0,-0.9445640444755554
6457812480.0,-0.9399237036705017
6458749952.0,-0.9354057908058167
6459687424.0,-0.9304210543632507
6460624896.0,-0.925639271736145
6461562368.0,-0.9217811822891235
6462499840.0,-0.9184355735778809
6463437312.0,-0.9151778817176819
6464374784.0,-0.9117067456245422
6465312256.0,-0.9076904654502869
6466250240.0,-0.9036178588867188
6467187712.0,-0.8996598720550537
6468125184.0,-0.8958019614219666
6469062656.0,-0.891125500202179
6470000128.0,-0.8860412836074829
6470937600.0,-0.8827759623527527
6471875072.0,-0.8772963285446167
6472812544.0,-0.8720541596412659
6473750016.0,-0.8692241907119751
6474687488.0,-0.8669962882995605
6475624960.0,-0.8626821637153625
6476562432.0,-0.8607638478279114
6477499904.0,-0.8562807440757751
6478437376.0,-0.8531461954116821
6479374848.0,-0.8489891290664673
6480312320.0,-0.8454650640487671
6481249792.0,-0.8416669964790344
6482187264.0,-0.8401165008544922
6483125248.0,-0.8397246599197388
6484062720.0,-0.83905428647995
6485000192.0,-0.940201461315155
6485937664.0,-0.947928249835968
6486875136.0,-0.9557774662971497
6487812608.0,-0.9630353450775146
6488750080.0,-0.9696314334869385
6489687552.0,-0.9775145649909973
6490625024.0,-0.9835441708564758
6491562496.0,-0.9895308613777161
6492499968.0,-0.9955741167068481
6493437440.0,-1.001792073249817
6494374912.0,-1.008041262626648
6495312384.0,-1.0120515823364258
6496249856.0,-1.0180352926254272
6497187328.0,-1.02103853225708
6498124800.0,-1.025092601776123
6499062272.0,-1.0270792245864868
6499999744.0,-1.0271762609481812
6500937728.0,-1.0249443054199219
6501875200.0,-1.0222971439361572
6502812672.0,-1.0181440114974976
6503750144.0,-1.013960361480713
6504687616.0,-1.0080527067184448
6505625088.0,-1.0006275177001953
6506562560.0,-0.9917546510696411
6507500032.0,-0.982852041721344
6508437504.0,-0.9717103242874146
6509374976.0,-0.9615738987922668
6510312448.0,-0.9492691159248352
6511249920.0,-0.9379145503044128
6512187392.0,-0.9245526194572449
6513124864.0,-0.9116918444633484
6514062336.0,-0.9003827571868896
6514999808.0,-0.8889246582984924
6515937280.0,-0.8778918385505676
6516874752.0,-0.8673269748687744
6517812736.0,-0.8577435612678528
6518750208.0,-0.8481592535972595
6519687680.0,-0.8388329148292542
6520625152.0,-0.8318430185317993
6521562624.0,-0.8243647217750549
6522500096.0,-0.8174501061439514
6523437568.0,-0.8104923367500305
6524375040.0,-0.8057934641838074
6525312512.0,-0.8017769455909729
6526249984.0,-0.797826886177063
6527187456.0,-0.795121431350708
6528124928.0,-0.7938818335533142
6529062400.0,-0.7943888902664185
6529999872.0,-0.79486083984375
6530937344.0,-0.7967802882194519
6531874816.0,-0.7986626029014587
6532812288.0,-0.8021002411842346
6533749760.0,-0.8052095174789429
6534687744.0,-0.8088524341583252
6535625216.0,-0.8133307099342346
6536562688.0,-0.8182450532913208
6537500160.0,-0.824367880821228
6538437632.0,-0.8295795321464539
6539375104.0,-0.8359928727149963
6540312576.0,-0.8413416743278503
6541250048.0,-0.8490957021713257
6542187520.0,-0.8555008769035339
6543124992.0,-0.861443281173706
6544062464.0,-0.869660496711731
6544999936.0,-0.8671959042549133
6545937408.0,-0.8726319074630737
6546874880.0,-0.8772806525230408
6547812352.0,-0.8816536664962769
6548749824.0,-0.885646402835846
6549687296.0,-0.8890200853347778
6550624768.0,-0.8926481008529663
6551562752.0,-0.8960040211677551
6552500224.0,-0.8995718359947205
6553437696.0,-0.9037373065948486
6554375168.0,-0.9087128639221191
6555312640.0,-0.9140737652778625
6556250112.0,-0.9202149510383606
6557187584.0,-0.9289142489433289
6558125056.0,-0.9386596083641052
6559062528.0,-0.9483842253684998
6560000000.0,-0.9604204297065735
6560937472.0,-0.9726552367210388
6561874944.0,-0.9852696657180786
6562812416.0,-0.9988009929656982
6563749888.0,-1.0122573375701904
6564687360.0,-1.026118278503418
6565624832.0,-1.0390444993972778
6566562304.0,-1.0522340536117554
6567499776.0,-1.0650447607040405
6568437248.0,-1.0780924558639526
6569375232.0,-1.0902595520019531
6570312704.0,-1.1024978160858154
6571250176.0,-1.114536166191101
6572187648.0,-1.1273549795150757
6573125120.0,-1.1365245580673218
6574062592.0,-1.1466439962387085
6575000064.0,-1.1548017263412476
6575937536.0,-1.162397861480713
6576875008.0,-1.1684461832046509
6577812480.0,-1.1741912364959717
6578749952.0,-1.1789442300796509
6579687424.0,-1.1853084564208984
6580624896.0,-1.1893287897109985
6581562368.0,-1.1929265260696411
6582499840.0,-1.1963796615600586
6583437312.0,-1.197805404663086
6584374784.0,-1.1983227729797363
6585312256.0,-1.1987113952636719
6586250240.0,-1.1971957683563232
6587187712.0,-1.1944018602371216
6588125184.0,-1.1905001401901245
6589062656.0,-1.1871964931488037
6590000128.0,-1.182775616645813
6590937600.0,-1.1783801317214966
6591875072.0,-1.1736278533935547
6592812544.0,-1.1684203147888184
6593750016.0,-1.1631593704223633
6594687488.0,-1.1585023403167725
6595624960.0,-1.1548765897750854
6596562432.0,-1.151063084602356
6597499904.0,-1.1495169401168823
6598437376.0,-1.1496226787567139
6599374848.0,-1.1485565900802612
6600312320.0,-1.148219108581543
6601249792.0,-1.1473796367645264
6602187264.0,-1.1469279527664185
6603125248.0,-1.1471600532531738
6604062720.0,-1.1487727165222168
6605000192.0,-1.145172119140625
6605937664.0,-1.1502856016159058
6606875136.0,-1.1541814804077148
6607812608.0,-1.158372163772583
6608750080.0,-1.1625789403915405
6609687552.0,-1.167358636856079
6610625024.0,-1.1705402135849
6611562496.0,-1.1737136840820312
6612499968.0,-1.176058292388916
6613437440.0,-1.1784281730651855
6614374912.0,-1.1809035539627075
6615312384.0,-1.1844711303710938
6616249856.0,-1.1889622211456299
6617187328.0,-1.1937475204467773
6618124800.0,-1.1976351737976074
6619062272.0,-1.2040002346038818
6620000256.0,-1.2102974653244019
6620937728.0,-1.2170926332473755
6621875200.0,-1.2260253429412842
6622812672.0,-1.2345317602157593
6623750144.0,-1.2435566186904907
6624687616.0,-1.255086064338684
6625625088.0,-1.2685199975967407
6626562560.0,-1.287427306175232
6627500032.0,-1.3067502975463867
6628437504.0,-1.3284457921981812
6629374976.0,-1.3488459587097168
6630312448.0,-1.3703973293304443
6631249920.0,-1.391713261604309
6632187392.0,-1.4126996994018555
6633124864.0,-1.4338431358337402
6634062336.0,-1.4545468091964722
6634999808.0,-1.4739289283752441
6635937280.0,-1.4936319589614868
6636874752.0,-1.5138742923736572
6637812736.0,-1.532654881477356
6638750208.0,-1.5502030849456787
6639687680.0,-1.5679911375045776
6640625152.0,-1.584476351737976
6641562624.0,-1.60222589969635
6642500096.0,-1.6183791160583496
6643437568.0,-1.6323411464691162
6644375040.0,-1.6441041231155396
6645312512.0,-1.6525112390518188
6646249984.0,-1.660881519317627
6647187456.0,-1.6670432090759277
6648124928.0,-1.6725000143051147
6649062400.0,-1.67555570602417
6649999872.0,-1.6782499551773071
6650937344.0,-1.6794931888580322
6651874816.0,-1.6827958822250366
6652812288.0,-1.6858036518096924
6653749760.0,-1.688280701637268
6654687744.0,-1.6911214590072632
6655625216.0,-1.694150447845459
6656562688.0,-1.6992073059082031
6657500160.0,-1.703598976135254
6658437632.0,-1.7102458477020264
6659375104.0,-1.7171791791915894
6660312576.0,-1.725412368774414
6661250048.0,-1.736491322517395
6662187520.0,-1.747391700744629
6663124992.0,-1.7606525421142578
6664062464.0,-1.7751544713974
6664999936.0,-1.7980786561965942
6665937408.0,-1.811553955078125
6666874880.0,-1.8243677616119385
6667812352.0,-1.8402588367462158
6668749824.0,-1.8562363386154175
6669687296.0,-1.8717740774154663
6670624768.0,-1.8870513439178467
6671562752.0,-1.8994966745376587
6672500224.0,-1.9125864505767822
6673437696.0,-1.9232816696166992
6674375168.0,-1.9343360662460327
6675312640.0,-1.943119764328003
6676250112.0,-1.9525623321533203
6677187584.0,-1.9587392807006836
6678125056.0,-1.9621288776397705
6679062528.0,-1.9639537334442139
6680000000.0,-1.964737892150879
6680937472.0,-1.9629228115081787
6681874944.0,-1.9618624448776245
6682812416.0,-1.9603967666625977
6683749888.0,-1.9605393409729004
6684687360.0,-1.9619133472442627
6685624832.0,-1.962384581565857
6686562304.0,-1.9639660120010376
6687499776.0,-1.965555191040039
6688437248.0,-1.969888687133789
6689375232.0,-1.9741085767745972
6690312704.0,-1.978485345840454
6691250176.0,-1.9845832586288452
6692187648.0,-1.9921318292617798
6693125120.0,-2.000927448272705
6694062592.0,-2.0121893882751465
6695000064.0,-2.026637077331543
6695937536.0,-2.041886568069458
6696875008.0,-2.0595648288726807
6697812480.0,-2.0775816440582275
6698749952.0,-2.097590684890747
6699687424.0,-2.119598627090454
6700624896.0,-2.1417551040649414
6701562368.0,-2.1669461727142334
6702499840.0,-2.1891350746154785
6703437312.0,-2.2142434120178223
6704374784.0,-2.237957000732422
6705312256.0,-2.262519359588623
6706250240.0,-2.285153865814209
6707187712.0,-2.3074193000793457
6708125184.0,-2.329119920730591
6709062656.0,-2.3489444255828857
6710000128.0,-2.3694515228271484
6710937600.0,-2.3883299827575684
6711875072.0,-2.4048988819122314
6712812544.0,-2.419400215148926
6713750016.0,-2.4291489124298096
6714687488.0,-2.4371471405029297
6715624960.0,-2.4426076412200928
6716562432.0,-2.445171356201172
6717499904.0,-2.447355031967163
6718437376.0,-2.4468493461608887
6719374848.0,-2.4465878009796143
6720312320.0,-2.4458093643188477
6721249792.0,-2.444340705871582
6722187264.0,-2.4425957202911377
6723125248.0,-2.442095994949341
6724062720.0,-2.4412527084350586
6725000192.0,-2.41759991645813
6725937664.0,-2.420680046081543
6726875136.0,-2.4241981506347656
6727812608.0,-2.4290711879730225
6728750080.0,-2.4354190826416016
6729687552.0,-2.4441771507263184
6730625024.0,-2.454193592071533
6731562496.0,-2.467515707015991
6732499968.0,-2.4824841022491455
6733437440.0,-2.499191999435425
6734374912.0,-2.5168330669403076
6735312384.0,-2.537886142730713
6736249856.0,-2.557788848876953
6737187328.0,-2.5801219940185547
6738124800.0,-2.6045801639556885
6739062272.0,-2.6305992603302
6739999744.0,-2.65791916847229
6740937728.0,-2.687399387359619
6741875200.0,-2.720412492752075
6742812672.0,-2.752718210220337
6743750144.0,-2.784116744995117
6744687616.0,-2.8171796798706055
6745625088.0,-2.8493149280548096
6746562560.0,-2.8813133239746094
6747500032.0,-2.915102481842041
6748437504.0,-2.9469125270843506
6749374976.0,-2.978186845779419
6750312448.0,-3.0076262950897217
6751249920.0,-3.03495717048645
6752187392.0,-3.0622167587280273
6753124864.0,-3.08217191696167
6754062336.0,-3.0941739082336426
6754999808.0,-3.101541042327881
6755937280.0,-3.105844497680664
6756874752.0,-3.1064488887786865
6757812736.0,-3.103527784347534
6758750208.0,-3.096088171005249
6759687680.0,-3.087052822113037
6760625152.0,-3.073788642883301
6761562624.0,-3.0563135147094727
6762500096.0,-3.0315515995025635
6763437568.0,-3.00303316116333
6764375040.0,-2.9669768810272217
6765312512.0,-2.9259464740753174
6766249984.0,-2.8803064823150635
6767187456.0,-2.8304367065429688
6768124928.0,-2.7779223918914795
6769062400.0,-2.721703290939331
6769999872.0,-2.6617178916931152
6770937344.0,-2.5980465412139893
6771874816.0,-2.532687187194824
6772812288.0,-2.4662773609161377
6773749760.0,-2.401399850845337
6774687744.0,-2.3368265628814697
6775625216.0,-2.275941848754883
6776562688.0,-2.215932607650757
6777500160.0,-2.158968210220337
6778437632.0,-2.1077048778533936
6779375104.0,-2.059532403945923
6780312576.0,-2.0139989852905273
6781250048.0,-1.9726083278656006
6782187520.0,-1.9369099140167236
6783124992.0,-1.9051122665405273
6784062464.0,-1.8790422677993774
6784999936.0,-2.331387996673584
6785937408.0,-2.31413197517395
6786874880.0,-2.296722650527954
6787812352.0,-2.2793586254119873
6788749824.0,-2.262735366821289
6789687296.0,-2.2500133514404297
6790624768.0,-2.2364301681518555
6791562752.0,-2.2263853549957275
6792500224.0,-2.2173380851745605
6793437696.0,-2.2104287147521973
6794375168.0,-2.2044029235839844
6795312640.0,-2.198025941848755
6796250112.0,-2.194458246231079
6797187584.0,-2.1897354125976562
6798125056.0,-2.1895039081573486
6799062528.0,-2.1900792121887207
6800000000.0,-2.193960428237915
6800937472.0,-2.2019190788269043
6801874944.0,-2.2107760906219482
6802812416.0,-2.2216382026672363
6803749888.0,-2.2367241382598877
6804687360.0,-2.2545061111450195
6805624832.0,-2.271719455718994
6806562304.0,-2.289527416229248
6807499776.0,-2.308481454849243
6808437248.0,-2.3263587951660156
6809375232.0,-2.3456168174743652
6810312704.0,-2.365220785140991
6811250176.0,-2.3833439350128174
6812187648.0,-2.400362968444824
6813125120.0,-2.4153800010681152
6814062592.0,-2.4299445152282715
6815000064.0,-2.4416537284851074
6815937536.0,-2.4525699615478516
6816875008.0,-2.4588656425476074
6817812480.0,-2.463261842727661
6818749952.0,-2.4642679691314697
6819687424.0,-2.461876630783081
6820624896.0,-2.453547477722168
6821562368.0,-2.4428560733795166
6822499840.0,-2.428333282470703
6823437312.0,-2.4094653129577637
6824374784.0,-2.3866772651672363
6825312256.0,-2.3617522716522217
6826250240.0,-2.334033250808716
6827187712.0,-2.3039753437042236
6828125184.0,-2.2698917388916016
6829062656.0,-2.234503746032715
6830000128.0,-2.1971349716186523
6830937600.0,-2.159111976623535
6831875072.0,-2.120110511779785
6832812544.0,-2.07989239692688
6833750016.0,-2.03829288482666
6834687488.0,-1.9960771799087524
6835624960.0,-1.9531315565109253
6836562432.0,-1.9096202850341797
6837499904.0,-1.8661069869995117
6838437376.0,-1.8235559463500977
6839374848.0,-1.7820947170257568
6840312320.0,-1.7423673868179321
6841249792.0,-1.70671808719635
6842187264.0,-1.6728678941726685
6843125248.0,-1.641300082206726
6844062720.0,-1.6129008531570435
6845000192.0,-1.5077016353607178
6845937664.0,-1.481756567955017
6846875136.0,-1.4570544958114624
6847812608.0,-1.4363882541656494
6848750080.0,-1.4182907342910767
6849687552.0,-1.4037374258041382
6850625024.0,-1.3905283212661743
6851562496.0,-1.3817007541656494
6852499968.0,-1.3749651908874512
6853437440.0,-1.3711450099945068
6854374912.0,-1.3702540397644043
6855312384.0,-1.3702930212020874
6856249856.0,-1.3748979568481445
6857187328.0,-1.3803542852401733
6858124800.0,-1.3888875246047974
6859062272.0,-1.3989540338516235
6860000256.0,-1.4119844436645508
6860937728.0,-1.4256634712219238
6861875200.0,-1.4420173168182373
6862812672.0,-1.4590187072753906
6863750144.0,-1.4789844751358032
6864687616.0,-1.498779296875
6865625088.0,-1.5203238725662231
6866562560.0,-1.5427162647247314
6867500032.0,-1.5625503063201904
6868437504.0,-1.58340585231781
6869374976.0,-1.6011924743652344
6870312448.0,-1.6168937683105469
6871249920.0,-1.6295419931411743
6872187392.0,-1.6410949230194092
6873124864.0,-1.650248408317566
6874062336.0,-1.6576908826828003
6874999808.0,-1.6624764204025269
6875937280.0,-1.6659109592437744
6876874752.0,-1.6659901142120361
6877812736.0,-1.6624480485916138
6878750208.0,-1.656466007232666
6879687680.0,-1.6477813720703125
6880625152.0,-1.6361006498336792
6881562624.0,-1.6214401721954346
6882500096.0,-1.6035059690475464
6883437568.0,-1.5828675031661987
6884375040.0,-1.558888554573059
6885312512.0,-1.5332696437835693
6886249984.0,-1.5040022134780884
6887187456.0,-1.474566102027893
6888124928.0,-1.442844271659851
6889062400.0,-1.4116270542144775
6889999872.0,-1.3792412281036377
6890937344.0,-1.3464945554733276
6891874816.0,-1.3140666484832764
6892812288.0,-1.282597303390503
6893749760.0,-1.2514734268188477
6894687744.0,-1.2212777137756348
6895625216.0,-1.1916797161102295
6896562688.0,-1.1627674102783203
6897500160.0,-1.1363921165466309
6898437632.0,-1.1102083921432495
6899375104.0,-1.086120367050171
6900312576.0,-1.064751148223877
6901250048.0,-1.044155478477478
6902187520.0,-1.0235008001327515
6903124992.0,-1.0058517456054688
6904062464.0,-0.9914760589599609
6904999936.0,-0.990928053855896
6905937408.0,-0.9867003560066223
6906874880.0,-0.9847102165222168
6907812352.0,-0.9846479892730713
6908749824.0,-0.9859100580215454
6909687296.0,-0.9892253279685974
6910624768.0,-0.9941138029098511
6911562752.0,-0.9990121722221375
6912500224.0,-1.004051685333252
6913437696.0,-1.0112850666046143
6914375168.0,-1.0173650979995728
6915312640.0,-1.0222455263137817
6916250112.0,-1.0272397994995117
6917187584.0,-1.0301856994628906
6918125056.0,-1.0319159030914307
6919062528.0,-1.0323703289031982
6920000000.0,-1.0298943519592285
6920937472.0,-1.027125358581543
6921874944.0,-1.022281289100647
6922812416.0,-1.0175771713256836
6923749888.0,-1.0087342262268066
6924687360.0,-0.9992339611053467
6925624832.0,-0.9868519306182861
6926562304.0,-0.9740353226661682
6927499776.0,-0.9578244090080261
6928437248.0,-0.9418379068374634
6929375232.0,-0.9238641262054443
6930312704.0,-0.90602707862854
6931250176.0,-0.8868645429611206
6932187648.0,-0.8652988076210022
6933125120.0,-0.8430655002593994
6934062592.0,-0.8211919069290161
6935000064.0,-0.7988412976264954
6935937536.0,-0.7757419943809509
6936875008.0,-0.7538485527038574
6937812480.0,-0.7316214442253113
6938749952.0,-0.7101855874061584
6939687424.0,-0.6896071434020996
6940624896.0,-0.668283224105835
6941562368.0,-0.6494261026382446
6942499840.0,-0.6300197243690491
6943437312.0,-0.6135205030441284
6944374784.0,-0.5976391434669495
6945312256.0,-0.5836778283119202
6946250240.0,-0.5691924095153809
6947187712.0,-0.5590096116065979
6948125184.0,-0.5508912801742554
6949062656.0,-0.541858434677124
6950000128.0,-0.5372519493103027
6950937600.0,-0.5344404578208923
6951875072.0,-0.5329054594039917
6952812544.0,-0.5331401228904724
6953750016.0,-0.5338016152381897
6954687488.0,-0.53631591796875
6955624960.0,-0.5410141944885254
6956562432.0,-0.5478760004043579
6957499904.0,-0.5573582053184509
6958437376.0,-0.5659069418907166
6959374848.0,-0.5771427154541016
6960312320.0,-0.5874439477920532
6961249792.0,-0.5971931219100952
6962187264.0,-0.6093273162841797
6963125248.0,-0.620181679725647
6964062720.0,-0.6308618783950806
6965000192.0,-0.5375521779060364
6965937664.0,-0.5461766719818115
6966875136.0,-0.5559071898460388
6967812608.0,-0.5653995871543884
6968750080.0,-0.575890064239502
6969687552.0,-0.5860466957092285
6970625024.0,-0.5963487029075623
6971562496.0,-0.6071670651435852
6972499968.0,-0.6188756227493286
6973437440.0,-0.6304349303245544
6974374912.0,-0.6411669850349426
6975312384.0,-0.6536877155303955
6976249856.0,-0.666195273399353
6977187328.0,-0.677026093006134
6978124800.0,-0.6885337233543396
6979062272.0,-0.7012907862663269
6979999744.0,-0.7126047015190125
6980937728.0,-0.7249322533607483
6981875200.0,-0.7352439165115356
6982812672.0,-0.7445625066757202
6983750144.0,-0.7542774081230164
6984687616.0,-0.7634882926940918
6985625088.0,-0.771514356136322
6986562560.0,-0.7784906625747681
6987500032.0,-0.7854213118553162
6988437504.0,-0.7912102937698364
6989374976.0,-0.7955611944198608
6990312448.0,-0.7985949516296387
6991249920.0,-0.7991846203804016
6992187392.0,-0.7986778616905212
6993124864.0,-0.7985023856163025
6994062336.0,-0.7952134013175964
6994999808.0,-0.7919332385063171
6995937280.0,-0.7868884801864624
6996874752.0,-0.7797891497612
6997812736.0,-0.7718412280082703
6998750208.0,-0.7630247473716736
6999687680.0,-0.7534295320510864
7000625152.0,-0.7420275211334229
7001562624.0,-0.7316339612007141
7002500096.0,-0.7195247411727905
7003437568.0,-0.7068780064582825
7004375040.0,-0.6939208507537842
7005312512.0,-0.6806901097297668
7006249984.0,-0.6674821972846985
7007187456.0,-0.6519184708595276
7008124928.0,-0.6347174644470215
7009062400.0,-0.6168040037155151
7009999872.0,-0.5986349582672119
7010937344.0,-0.5827122330665588
7011874816.0,-0.5655717849731445
7012812288.0,-0.5481988787651062
7013749760.0,-0.5319201946258545
7014687744.0,-0.5161532759666443
7015625216.0,-0.5004958510398865
7016562688.0,-0.48364269733428955
7017500160.0,-0.46873804926872253
7018437632.0,-0.4546559154987335
7019375104.0,-0.4402262270450592
7020312576.0,-0.42695683240890503
7021250048.0,-0.41443106532096863
7022187520.0,-0.40376541018486023
7023124992.0,-0.39284640550613403
7024062464.0,-0.38317611813545227
7024999936.0,-0.29611968994140625
7025937408.0,-0.2999184727668762
7026874880.0,-0.30443325638771057
7027812352.0,-0.30963650345802307
7028749824.0,-0.31667500734329224
7029687296.0,-0.324240505695343
7030624768.0,-0.33138394355773926
7031562752.0,-0.3402259051799774
7032500224.0,-0.35009676218032837
7033437696.0,-0.36032834649086
7034375168.0,-0.37234899401664734
7035312640.0,-0.3845446705818176
7036250112.0,-0.3983401954174042
7037187584.0,-0.4125182032585144
7038125056.0,-0.42608529329299927
7039062528.0,-0.4411545395851135
7040000000.0,-0.4544125199317932
7040937472.0,-0.46868082880973816
7041874944.0,-0.4822528660297394
7042812416.0,-0.49542611837387085
7043749888.0,-0.5090638995170593
7044687360.0,-0.5220199823379517
7045624832.0,-0.5341329574584961
7046562304.0,-0.5453310012817383
7047499776.0,-0.5568684339523315
7048437248.0,-0.5647017955780029
7049375232.0,-0.5733288526535034
7050312704.0,-0.5813177824020386
7051250176.0,-0.5881813168525696
7052187648.0,-0.5942539572715759
7053125120.0,-0.5987626910209656
7054062592.0,-0.6016681790351868
7055000064.0,-0.6028168201446533
7055937536.0,-0.6030518412590027
7056875008.0,-0.6026598215103149
7057812480.0,-0.6016438007354736
7058749952.0,-0.6004077196121216
7059687424.0,-0.6001009345054626
7060624896.0,-0.5981651544570923
7061562368.0,-0.5936210751533508
7062499840.0,-0.5903211236000061
7063437312.0,-0.5838594436645508
7064374784.0,-0.577994704246521
7065312256.0,-0.5688785314559937
7066250240.0,-0.559918224811554
7067187712.0,-0.549479067325592
7068125184.0,-0.5389853119850159
7069062656.0,-0.5273517966270447
7070000128.0,-0.5140701532363892
7070937600.0,-0.5029140710830688
7071875072.0,-0.4892996549606323
7072812544.0,-0.47675034403800964
7073750016.0,-0.46245530247688293
7074687488.0,-0.449895977973938
7075624960.0,-0.4350394010543823
7076562432.0,-0.4212619364261627
7077499904.0,-0.40585899353027344
7078437376.0,-0.3904174268245697
7079374848.0,-0.3747832179069519
7080312320.0,-0.3585759401321411
7081249792.0,-0.3421369791030884
7082187264.0,-0.32783013582229614
7083125248.0,-0.3115825057029724
7084062720.0,-0.29722627997398376
7085000192.0,-0.3604561388492584
7085937664.0,-0.34774428606033325
7086875136.0,-0.3380705714225769
7087812608.0,-0.32850170135498047
7088750080.0,-0.3180658221244812
7089687552.0,-0.30913034081459045
7090625024.0,-0.3009915351867676
7091562496.0,-0.293498694896698
7092499968.0,-0.28703150153160095
7093437440.0,-0.2827211320400238
7094374912.0,-0.27806004881858826
7095312384.0,-0.2747412621974945
7096249856.0,-0.27304700016975403
7097187328.0,-0.27103424072265625
7098124800.0,-0.27227428555488586
7099062272.0,-0.275020033121109
7100000256.0,-0.27835962176322937
7100937728.0,-0.2824456989765167
7101875200.0,-0.290950745344162
7102812672.0,-0.29887327551841736
7103750144.0,-0.3098253309726715
7104687616.0,-0.3210890591144562
7105625088.0,-0.3348604142665863
7106562560.0,-0.3493978977203369
7107500032.0,-0.36597439646720886
7108437504.0,-0.38291963934898376
7109374976.0,-0.4021250307559967
7110312448.0,-0.4231208562850952
7111249920.0,-0.44560930132865906
7112187392.0,-0.4686146080493927
7113124864.0,-0.49123045802116394
7114062336.0,-0.5136735439300537
7114999808.0,-0.5381609797477722
7115937280.0,-0.560861349105835
7116874752.0,-0.5837303996086121
7117812736.0,-0.6046233177185059
7118750208.0,-0.6259296536445618
7119687680.0,-0.644777238368988
7120625152.0,-0.6648540496826172
7121562624.0,-0.6813728213310242
7122500096.0,-0.6976016163825989
7123437568.0,-0.7111583948135376
7124375040.0,-0.7250040173530579
7125312512.0,-0.734471321105957
7126249984.0,-0.7440909743309021
7127187456.0,-0.7511637210845947
7128124928.0,-0.7553552389144897
7129062400.0,-0.7573660612106323
7129999872.0,-0.7580548524856567
7130937344.0,-0.7560566663742065
7131874816.0,-0.7521846294403076
7132812288.0,-0.7456127405166626
7133749760.0,-0.7361170053482056
7134687744.0,-0.7260077595710754
7135625216.0,-0.7142800092697144
7136562688.0,-0.7012825012207031
7137500160.0,-0.6873530149459839
7138437632.0,-0.6703904867172241
7139375104.0,-0.651516854763031
7140312576.0,-0.6320505142211914
7141250048.0,-0.6113393306732178
7142187520.0,-0.5913110971450806
7143124992.0,-0.5692971348762512
7144062464.0,-0.4395879805088043
7144999936.0,-0.4378509819507599
7145937408.0,-0.43550166487693787
7146874880.0,-0.4329891800880432
7147812352.0,-0.4301576316356659
7148749824.0,-0.42717820405960083
7149687296.0,-0.425240159034729
7150624768.0,-0.422791987657547
7151562752.0,-0.4220191538333893
7152500224.0,-0.420784056186676
7153437696.0,-0.4223654270172119
7154375168.0,-0.4236660599708557
7155312640.0,-0.42773258686065674
7156250112.0,-0.43268463015556335
7157187584.0,-0.438990980386734
7158125056.0,-0.44709864258766174
7159062528.0,-0.4547452926635742
7160000000.0,-0.46166151762008667
7160937472.0,-0.46931201219558716
7161874944.0,-0.4765895903110504
7162812416.0,-0.4841216504573822
7163749888.0,-0.49409040808677673
7164687360.0,-0.5040213465690613
7165624832.0,-0.5136576294898987
7166562304.0,-0.5237413644790649
7167499776.0,-0.5344016551971436
7168437248.0,-0.5445330739021301
7169375232.0,-0.5542891621589661
7170312704.0,-0.5634806752204895
7171250176.0,-0.5703004598617554
7172187648.0,-0.5764068365097046
7173125120.0,-0.5806650519371033
7174062592.0,-0.5845379829406738
7175000064.0,-0.5871302485466003
7175937536.0,-0.5881096720695496
7176875008.0,-0.5870947241783142
7177812480.0,-0.584760844707489
7178749952.0,-0.5793752074241638
7179687424.0,-0.5740928649902344
7180624896.0,-0.5671290159225464
7181562368.0,-0.5592471361160278
7182499840.0,-0.5488759875297546
7183437312.0,-0.5375633239746094
7184374784.0,-0.5261789560317993
7185312256.0,-0.5111732482910156
7186250240.0,-0.49366286396980286
7187187712.0,-0.4754100739955902
7188125184.0,-0.45757055282592773
7189062656.0,-0.43738099932670593
7190000128.0,-0.41688108444213867
7190937600.0,-0.3971165120601654
7191875072.0,-0.37631136178970337
7192812544.0,-0.35664814710617065
7193750016.0,-0.3361682891845703
7194687488.0,-0.31859683990478516
7195624960.0,-0.3013978600502014
7196562432.0,-0.2837158143520355
7197499904.0,-0.26799312233924866
7198437376.0,-0.253374308347702
7199374848.0,-0.24200111627578735
7200312320.0,-0.2313334196805954
7201249792.0,-0.22234517335891724
7202187264.0,-0.21676033735275269
7203125248.0,-0.21194350719451904
7204062720.0,-0.31787005066871643
7205000192.0,-0.33125850558280945
7205937664.0,-0.34715884923934937
7206875136.0,-0.36557599902153015
7207812608.0,-0.3864099979400635
7208750080.0,-0.4115932881832123
7209687552.0,-0.4374251663684845
7210625024.0,-0.46540868282318115
7211562496.0,-0.49708878993988037
7212499968.0,-0.5300602316856384
7213437440.0,-0.5636691451072693
7214374912.0,-0.5985124707221985
7215312384.0,-0.6319631338119507
7216249856.0,-0.6655960083007812
7217187328.0,-0.6993976831436157
7218124800.0,-0.7313563823699951
7219062272.0,-0.7610241770744324
7219999744.0,-0.7892448902130127
7220937728.0,-0.8154992461204529
7221875200.0,-0.8382337689399719
7222812672.0,-0.8570918440818787
7223750144.0,-0.8734515309333801
7224687616.0,-0.8844331502914429
7225625088.0,-0.8908437490463257
7226562560.0,-0.8941917419433594
7227500032.0,-0.8937690258026123
7228437504.0,-0.8861854672431946
7229374976.0,-0.8764703869819641
7230312448.0,-0.862072765827179
7231249920.0,-0.8435277342796326
7232187392.0,-0.8211230039596558
7233124864.0,-0.7930734157562256
7234062336.0,-0.7632949948310852
7234999808.0,-0.7303159832954407
7235937280.0,-0.6962419152259827
7236874752.0,-0.6609818935394287
7237812736.0,-0.6237945556640625
7238750208.0,-0.5845233798027039
7239687680.0,-0.5440427660942078
7240625152.0,-0.5023115277290344
7241562624.0,-0.45991039276123047
7242500096.0,-0.4180730879306793
7243437568.0,-0.3768782317638397
7244375040.0,-0.33384448289871216
7245312512.0,-0.2921854257583618
7246249984.0,-0.2519034147262573
7247187456.0,-0.21333357691764832
7248124928.0,-0.176970973610878
7249062400.0,-0.14303097128868103
7249999872.0,-0.11293821036815643
7250937344.0,-0.08451984822750092
7251874816.0,-0.05893883854150772
7252812288.0,-0.03623145446181297
7253749760.0,-0.018230853602290154
7254687744.0,-0.0029870630241930485
7255625216.0,0.009344921447336674
7256562688.0,0.017131119966506958
7257500160.0,0.021796047687530518
7258437632.0,0.022687960416078568
7259375104.0,0.017329495400190353
7260312576.0,0.00808043871074915
7261250048.0,-0.0050239465199410915
7262187520.0,-0.021859312430024147
7263124992.0,-0.045439429581165314
7264062464.0,-0.31513166427612305
7264999936.0,-0.3117396831512451
7265937408.0,-0.31102311611175537
7266874880.0,-0.31404176354408264
7267812352.0,-0.31712743639945984
7268749824.0,-0.3238242268562317
7269687296.0,-0.33237385749816895
7270624768.0,-0.34277498722076416
7271562752.0,-0.35467109084129333
7272500224.0,-0.36828020215034485
7273437696.0,-0.3834172487258911
7274375168.0,-0.399545818567276
7275312640.0,-0.41565802693367004
7276250112.0,-0.43276140093803406
7277187584.0,-0.44937992095947266
7278125056.0,-0.4650072455406189
7279062528.0,-0.4807100296020508
7280000000.0,-0.49503669142723083
7280937472.0,-0.5086917281150818
7281874944.0,-0.5198081135749817
7282812416.0,-0.5303661227226257
7283749888.0,-0.5370942950248718
7284687360.0,-0.5430365800857544
7285624832.0,-0.5457208752632141
7286562304.0,-0.5453144311904907
7287499776.0,-0.5449814796447754
7288437248.0,-0.5441310405731201
7289375232.0,-0.5405715107917786
7290312704.0,-0.534684956073761
7291250176.0,-0.5249699950218201
7292187648.0,-0.5151764750480652
7293125120.0,-0.5034990906715393
7294062592.0,-0.49001091718673706
7295000064.0,-0.4747418165206909
7295937536.0,-0.45980554819107056
7296875008.0,-0.44303658604621887
7297812480.0,-0.4250088930130005
7298749952.0,-0.40833744406700134
7299687424.0,-0.39071717858314514
7300624896.0,-0.3717707693576813
7301562368.0,-0.3536912202835083
7302499840.0,-0.33553069829940796
7303437312.0,-0.31962329149246216
7304374784.0,-0.3040923774242401
7305312256.0,-0.2896413207054138
7306250240.0,-0.2768535017967224
7307187712.0,-0.26440706849098206
7308125184.0,-0.2536502480506897
7309062656.0,-0.2461388260126114
7310000128.0,-0.23789432644844055
7310937600.0,-0.23111410439014435
7311875072.0,-0.2256665825843811
7312812544.0,-0.22373665869235992
7313750016.0,-0.22238437831401825
7314687488.0,-0.2214445173740387
7315624960.0,-0.22082430124282837
7316562432.0,-0.21990743279457092
7317499904.0,-0.2195231318473816
7318437376.0,-0.2182239294052124
7319374848.0,-0.21547363698482513
7320312320.0,-0.21229282021522522
7321249792.0,-0.20679225027561188
7322187264.0,-0.19978447258472443
7323125248.0,-0.19089850783348083
7324062720.0,-0.33464038372039795
7325000192.0,-0.3131779432296753
7325937664.0,-0.2900630831718445
7326875136.0,-0.2649335265159607
7327812608.0,-0.2380760759115219
7328750080.0,-0.21054619550704956
7329687552.0,-0.18362505733966827
7330625024.0,-0.15687954425811768
7331562496.0,-0.13140584528446198
7332499968.0,-0.10823332518339157
7333437440.0,-0.08814483880996704
7334374912.0,-0.070553719997406
7335312384.0,-0.0564022995531559
7336249856.0,-0.04839618131518364
7337187328.0,-0.045117877423763275
7338124800.0,-0.045478276908397675
7339062272.0,-0.047553010284900665
7340000256.0,-0.055462781339883804
7340937728.0,-0.0670260339975357
7341875200.0,-0.08316019177436829
7342812672.0,-0.10257763415575027
7343750144.0,-0.1252729594707489
7344687616.0,-0.14935727417469025
7345625088.0,-0.1752137988805771
7346562560.0,-0.2008592188358307
7347500032.0,-0.22643092274665833
7348437504.0,-0.2502780854701996
7349374976.0,-0.27305978536605835
7350312448.0,-0.29126617312431335
7351249920.0,-0.30606481432914734
7352187392.0,-0.31953492760658264
7353124864.0,-0.3265133798122406
7354062336.0,-0.32811275124549866
7354999808.0,-0.3255082070827484
7355937280.0,-0.3186646103858948
7356874752.0,-0.3056196868419647
7357812736.0,-0.29000982642173767
7358750208.0,-0.2698167860507965
7359687680.0,-0.2440638691186905
7360625152.0,-0.2165154665708542
7361562624.0,-0.18803037703037262
7362500096.0,-0.1566767692565918
7363437568.0,-0.12412243336439133
7364375040.0,-0.08895274251699448
7365312512.0,-0.0563046894967556
7366249984.0,-0.02371588535606861
7367187456.0,0.004818514455109835
7368124928.0,0.028861964121460915
7369062400.0,0.05159980058670044
7369999872.0,0.06816096603870392
7370937344.0,0.08109242469072342
7371874816.0,0.08944908529520035
7372812288.0,0.09614089876413345
7373749760.0,0.10147619247436523
7374687744.0,0.1030062809586525
7375625216.0,0.10501807183027267
7376562688.0,0.10504329949617386
7377500160.0,0.10495779663324356
7378437632.0,0.10341200232505798
7379375104.0,0.0998193621635437
7380312576.0,0.09469649940729141
7381250048.0,0.08909255266189575
7382187520.0,0.08202723413705826
7383124992.0,0.07319323718547821
7384062464.0,-0.23262932896614075
7384999936.0,-0.2487323135137558
7385937408.0,-0.2670774757862091
7386874880.0,-0.28403782844543457
7387812352.0,-0.30119022727012634
7388749824.0,-0.3157970905303955
7389687296.0,-0.32939183712005615
7390624768.0,-0.340705007314682
7391562752.0,-0.3499802350997925
7392500224.0,-0.35423406958580017
7393437696.0,-0.35814934968948364
7394375168.0,-0.35817939043045044
7395312640.0,-0.3536345064640045
7396250112.0,-0.34698739647865295
7397187584.0,-0.3359786868095398
7398125056.0,-0.3207255005836487
7399062528.0,-0.3027743697166443
7400000000.0,-0.28210264444351196
7400937472.0,-0.25689032673835754
7401874944.0,-0.2295456975698471
7402812416.0,-0.20033973455429077
7403749888.0,-0.1674000471830368
7404687360.0,-0.13288737833499908
7405624832.0,-0.097841776907444
7406562304.0,-0.06037845462560654
7407499776.0,-0.02462361752986908
7408437248.0,0.012365464121103287
7409375232.0,0.04967281594872475
7410312704.0,0.08481881022453308
7411250176.0,0.11985404044389725
7412187648.0,0.15242063999176025
7413125120.0,0.18383197486400604
7414062592.0,0.21101807057857513
7415000064.0,0.23665550351142883
7415937536.0,0.2585895359516144
7416875008.0,0.27927881479263306
7417812480.0,0.29464107751846313
7418749952.0,0.30715325474739075
7419687424.0,0.3159848749637604
7420624896.0,0.32076597213745117
7421562368.0,0.32157474756240845
7422499840.0,0.3188706338405609
7423437312.0,0.3120143711566925
7424374784.0,0.30269160866737366
7425312256.0,0.29008421301841736
7426250240.0,0.27539804577827454
7427187712.0,0.2554026246070862
7428125184.0,0.2346343845129013
7429062656.0,0.20998148620128632
7430000128.0,0.1844743937253952
7430937600.0,0.1559353768825531
7431875072.0,0.12660257518291473
7432812544.0,0.09555491805076599
7433750016.0,0.06471007317304611
7434687488.0,0.03253813460469246
7435624960.0,0.000728823128156364
7436562432.0,-0.030743708834052086
7437499904.0,-0.0628695860505104
7438437376.0,-0.09226333349943161
7439374848.0,-0.12169505655765533
7440312320.0,-0.15089362859725952
7441249792.0,-0.1797812432050705
7442187264.0,-0.2069333791732788
7443125248.0,-0.2322194129228592
7444062720.0,0.019465602934360504
7445000192.0,0.0037136843893676996
7445937664.0,-0.01268799975514412
7446875136.0,-0.03018077462911606
7447812608.0,-0.04640687257051468
7448750080.0,-0.062064021825790405
7449687552.0,-0.07910758256912231
7450625024.0,-0.09409991651773453
7451562496.0,-0.10732918232679367
7452499968.0,-0.11977404356002808
7453437440.0,-0.13011400401592255
7454374912.0,-0.13806386291980743
7455312384.0,-0.14276784658432007
7456249856.0,-0.14777742326259613
7457187328.0,-0.14894215762615204
7458124800.0,-0.1474679857492447
7459062272.0,-0.1457042247056961
7459999744.0,-0.1402871310710907
7460937728.0,-0.13351823389530182
7461875200.0,-0.12539896368980408
7462812672.0,-0.11698918789625168
7463750144.0,-0.10767831653356552
7464687616.0,-0.09533178806304932
7465625088.0,-0.08565901219844818
7466562560.0,-0.07757263630628586
7467500032.0,-0.06951694190502167
7468437504.0,-0.06022277846932411
7469374976.0,-0.054932475090026855
7470312448.0,-0.04780631884932518
7471249920.0,-0.04196907952427864
7472187392.0,-0.03725234419107437
7473124864.0,-0.03461199998855591
7474062336.0,-0.03270044922828674
7474999808.0,-0.03195248916745186
7475937280.0,-0.033272963017225266
7476874752.0,-0.03563223034143448
7477812736.0,-0.03928148001432419
7478750208.0,-0.04505125805735588
7479687680.0,-0.05287246033549309
7480625152.0,-0.06047102063894272
7481562624.0,-0.07076341658830643
7482500096.0,-0.08010593056678772
7483437568.0,-0.09071230888366699
7484375040.0,-0.10211300849914551
7485312512.0,-0.11316022276878357
7486249984.0,-0.12413010001182556
7487187456.0,-0.13465115427970886
7488124928.0,-0.14454896748065948
7489062400.0,-0.15384380519390106
7489999872.0,-0.16305768489837646
7490937344.0,-0.16924943029880524
7491874816.0,-0.1749548465013504
7492812288.0,-0.17790918052196503
7493749760.0,-0.179246723651886
7494687744.0,-0.1793387085199356
7495625216.0,-0.17700394988059998
7496562688.0,-0.17199385166168213
7497500160.0,-0.16662810742855072
7498437632.0,-0.1590108871459961
7499375104.0,-0.1511249542236328
7500312576.0,-0.1417960226535797
7501250048.0,-0.13119184970855713
7502187520.0,-0.12163229286670685
7503124992.0,-0.11091591417789459
7504062464.0,-0.09406565874814987
7504999936.0,-0.06944206357002258
7505937408.0,-0.046739932149648666
7506874880.0,-0.027494436129927635
7507812352.0,-0.011530966497957706
7508749824.0,-0.001280111726373434
7509687296.0,0.0073425075970590115
7510624768.0,0.010366279631853104
7511562752.0,0.011484348215162754
7512500224.0,0.006394911557435989
7513437696.0,0.0004794002161361277
7514375168.0,-0.009649829007685184
7515312640.0,-0.022504830732941628
7516250112.0,-0.0374419242143631
7517187584.0,-0.05178751051425934
7518125056.0,-0.06659549474716187
7519062528.0,-0.08149740844964981
7520000000.0,-0.09770538657903671
7520937472.0,-0.11165843158960342
7521874944.0,-0.12596364319324493
7522812416.0,-0.13655626773834229
7523749888.0,-0.14741913974285126
7524687360.0,-0.15489695966243744
7525624832.0,-0.1593918800354004
7526562304.0,-0.16198626160621643
7527499776.0,-0.16106852889060974
7528437248.0,-0.15860077738761902
7529375232.0,-0.15215538442134857
7530312704.0,-0.1435650885105133
7531250176.0,-0.1322515457868576
7532187648.0,-0.12008612602949142
7533125120.0,-0.10623996704816818
7534062592.0,-0.09237265586853027
7535000064.0,-0.07772912830114365
7535937536.0,-0.06421766430139542
7536875008.0,-0.05047016590833664
7537812480.0,-0.03932199254631996
7538749952.0,-0.0295422300696373
7539687424.0,-0.024002805352211
7540624896.0,-0.019595829769968987
7541562368.0,-0.020264267921447754
7542499840.0,-0.02458072081208229
7543437312.0,-0.030998224392533302
7544374784.0,-0.043316155672073364
7545312256.0,-0.05970821529626846
7546250240.0,-0.07920340448617935
7547187712.0,-0.10326404869556427
7548125184.0,-0.12896688282489777
7549062656.0,-0.15669381618499756
7550000128.0,-0.18669334053993225
7550937600.0,-0.2169337272644043
7551875072.0,-0.24735161662101746
7552812544.0,-0.2746749520301819
7553750016.0,-0.30055904388427734
7554687488.0,-0.3240908682346344
7555624960.0,-0.34461209177970886
7556562432.0,-0.3621675372123718
7557499904.0,-0.37785208225250244
7558437376.0,-0.3928193151950836
7559374848.0,-0.40672609210014343
7560312320.0,-0.4201422333717346
7561249792.0,-0.4314025342464447
7562187264.0,-0.4444778561592102
7563125248.0,-0.456182062625885
7564062720.0,-0.45334485173225403
7565000192.0,-0.4390422999858856
7565937664.0,-0.4221734404563904
7566875136.0,-0.403099924325943
7567812608.0,-0.3803463280200958
7568750080.0,-0.356174111366272
7569687552.0,-0.33130523562431335
7570625024.0,-0.3041812479496002
7571562496.0,-0.277307391166687
7572499968.0,-0.24891218543052673
7573437440.0,-0.22141802310943604
7574374912.0,-0.1938420534133911
7575312384.0,-0.16574284434318542
7576249856.0,-0.13912969827651978
7577187328.0,-0.11181079596281052
7578124800.0,-0.08594325929880142
7579062272.0,-0.062257423996925354
7580000256.0,-0.03926790878176689
7580937728.0,-0.01740846037864685
7581875200.0,0.0008206446073018014
7582812672.0,0.017633721232414246
7583750144.0,0.032546266913414
7584687616.0,0.04542446509003639
7585625088.0,0.055005993694067
7586562560.0,0.06140916422009468
7587500032.0,0.06771960109472275
7588437504.0,0.07091612368822098
7589374976.0,0.07081291079521179
7590312448.0,0.06898830085992813
7591249920.0,0.0650159940123558
7592187392.0,0.058274444192647934
7593124864.0,0.050927434116601944
7594062336.0,0.04185334965586662
7594999808.0,0.030566152185201645
7595937280.0,0.016827519983053207
7596874752.0,0.0038131591863930225
7597812736.0,-0.011369128711521626
7598750208.0,-0.027390236034989357
7599687680.0,-0.044946491718292236
7600625152.0,-0.06168968975543976
7601562624.0,-0.08000703901052475
7602500096.0,-0.09879710525274277
7603437568.0,-0.11778160184621811
7604375040.0,-0.1344885677099228
7605312512.0,-0.14983399212360382
7606249984.0,-0.1669892817735672
7607187456.0,-0.18163681030273438
7608124928.0,-0.1967473030090332
7609062400.0,-0.2086735963821411
7609999872.0,-0.2207854837179184
7610937344.0,-0.22995400428771973
7611874816.0,-0.23973576724529266
7612812288.0,-0.2476036101579666
7613749760.0,-0.25460007786750793
7614687744.0,-0.25980180501937866
7615625216.0,-0.26298508048057556
7616562688.0,-0.2652551233768463
7617500160.0,-0.26819103956222534
7618437632.0,-0.27183499932289124
7619375104.0,-0.2751522958278656
7620312576.0,-0.2791287899017334
7621250048.0,-0.2812134921550751
7622187520.0,-0.2838483452796936
7623124992.0,-0.2862662672996521
7624062464.0,-0.2831243574619293
7624999936.0,-0.2885688245296478
7625937408.0,-0.29194390773773193
7626874880.0,-0.2929990291595459
7627812352.0,-0.29288703203201294
7628749824.0,-0.2903202772140503
7629687296.0,-0.2865397334098816
7630624768.0,-0.2805299758911133
7631562752.0,-0.27341213822364807
7632500224.0,-0.2637554407119751
7633437696.0,-0.254585862159729
7634375168.0,-0.2432662546634674
7635312640.0,-0.2312852293252945
7636250112.0,-0.21892982721328735
7637187584.0,-0.20654886960983276
7638125056.0,-0.19325970113277435
7639062528.0,-0.1807556003332138
7640000000.0,-0.16907382011413574
7640937472.0,-0.1570124328136444
7641874944.0,-0.14564810693264008
7642812416.0,-0.13571015000343323
7643749888.0,-0.12713061273097992
7644687360.0,-0.1215248852968216
7645624832.0,-0.11763175576925278
7646562304.0,-0.11459184437990189
7647499776.0,-0.11303413659334183
7648437248.0,-0.11279619485139847
7649375232.0,-0.11350782215595245
7650312704.0,-0.11553981900215149
7651250176.0,-0.11914626508951187
7652187648.0,-0.12323959171772003
7653125120.0,-0.12870673835277557
7654062592.0,-0.13461923599243164
7655000064.0,-0.14271102845668793
7655937536.0,-0.14916342496871948
7656875008.0,-0.15773943066596985
7657812480.0,-0.16550521552562714
7658749952.0,-0.17486156523227692
7659687424.0,-0.18274518847465515
7660624896.0,-0.1920759528875351
7661562368.0,-0.19960381090641022
7662499840.0,-0.20725402235984802
7663437312.0,-0.21690188348293304
7664374784.0,-0.2227528840303421
7665312256.0,-0.22900280356407166
7666250240.0,-0.2361229658126831
7667187712.0,-0.24094118177890778
7668125184.0,-0.2444697469472885
7669062656.0,-0.24745017290115356
7670000128.0,-0.2492123395204544
7670937600.0,-0.24869781732559204
7671875072.0,-0.24706770479679108
7672812544.0,-0.24381166696548462
7673750016.0,-0.23977507650852203
7674687488.0,-0.2340015470981598
7675624960.0,-0.22882811725139618
7676562432.0,-0.22270211577415466
7677499904.0,-0.2147805541753769
7678437376.0,-0.2062283754348755
7679374848.0,-0.19876371324062347
7680312320.0,-0.1894521266222
7681249792.0,-0.18049360811710358
7682187264.0,-0.17147238552570343
7683125248.0,-0.161409392952919
7684062720.0,0.07236562669277191
7685000192.0,0.0862957015633583
7685937664.0,0.09590165317058563
7686875136.0,0.10469812899827957
7687812608.0,0.11188063770532608
7688750080.0,0.11468721181154251
7689687552.0,0.11514381319284439
7690625024.0,0.11387244611978531
7691562496.0,0.10869082063436508
7692499968.0,0.10117506235837936
7693437440.0,0.09283629059791565
7694374912.0,0.07950535416603088
7695312384.0,0.06455419212579727
7696249856.0,0.04780954867601395
7697187328.0,0.02882666327059269
7698124800.0,0.00772089883685112
7699062272.0,-0.015691367909312248
7699999744.0,-0.038866981863975525
7700937728.0,-0.06190022826194763
7701875200.0,-0.08637391030788422
7702812672.0,-0.11016736179590225
7703750144.0,-0.13483549654483795
7704687616.0,-0.15715058147907257
7705625088.0,-0.17968478798866272
7706562560.0,-0.20158934593200684
7707500032.0,-0.22102360427379608
7708437504.0,-0.23886461555957794
7709374976.0,-0.2548084557056427
7710312448.0,-0.2703649401664734
7711249920.0,-0.2832237780094147
7712187392.0,-0.29458969831466675
7713124864.0,-0.30397382378578186
7714062336.0,-0.3101333975791931
7714999808.0,-0.31558698415756226
7715937280.0,-0.3197568655014038
7716874752.0,-0.321700781583786
7717812736.0,-0.3226650059223175
7718750208.0,-0.32311370968818665
7719687680.0,-0.32020241022109985
7720625152.0,-0.31518983840942383
7721562624.0,-0.3095305562019348
7722500096.0,-0.3043305575847626
7723437568.0,-0.29567790031433105
7724375040.0,-0.29027825593948364
7725312512.0,-0.2817181944847107
7726249984.0,-0.2736298441886902
7727187456.0,-0.2664637863636017
7728124928.0,-0.2583552896976471
7729062400.0,-0.25193193554878235
7729999872.0,-0.24418289959430695
7730937344.0,-0.23787067830562592
7731874816.0,-0.23142537474632263
7732812288.0,-0.22639240324497223
7733749760.0,-0.2216278612613678
7734687744.0,-0.21730953454971313
7735625216.0,-0.2136332243680954
7736562688.0,-0.21062156558036804
7737500160.0,-0.208433136343956
7738437632.0,-0.20764826238155365
7739375104.0,-0.20869749784469604
7740312576.0,-0.20946890115737915
7741250048.0,-0.21258264780044556
7742187520.0,-0.21543394029140472
7743124992.0,-0.219556525349617
7744062464.0,-0.1963970810174942
7744999936.0,-0.1603609174489975
7745937408.0,-0.12130971252918243
7746874880.0,-0.07987111806869507
7747812352.0,-0.04148699715733528
7748749824.0,-0.003268366912379861
7749687296.0,0.033563096076250076
7750624768.0,0.06714268028736115
7751562752.0,0.09886231273412704
7752500224.0,0.12745262682437897
7753437696.0,0.15243732929229736
7754375168.0,0.17383380234241486
7755312640.0,0.1920776218175888
7756250112.0,0.20675323903560638
7757187584.0,0.21743012964725494
7758125056.0,0.2252027690410614
7759062528.0,0.228072851896286
7760000000.0,0.22799257934093475
7760937472.0,0.22493739426136017
7761874944.0,0.22040222585201263
7762812416.0,0.2119911015033722
7763749888.0,0.20065225660800934
7764687360.0,0.1890306919813156
7765624832.0,0.17302954196929932
7766562304.0,0.15653832256793976
7767499776.0,0.13892653584480286
7768437248.0,0.11980429291725159
7769375232.0,0.09938311576843262
7770312704.0,0.078737773001194
7771250176.0,0.058048736304044724
7772187648.0,0.037911877036094666
7773125120.0,0.01702052727341652
7774062592.0,-0.002975515089929104
7775000064.0,-0.02254224754869938
7775937536.0,-0.0419527068734169
7776875008.0,-0.06201358139514923
7777812480.0,-0.08022613078355789
7778749952.0,-0.09821119904518127
7779687424.0,-0.11564268916845322
7780624896.0,-0.13191300630569458
7781562368.0,-0.1467990130186081
7782499840.0,-0.1609654575586319
7783437312.0,-0.17470775544643402
7784374784.0,-0.18693137168884277
7785312256.0,-0.19836567342281342
7786250240.0,-0.20933495461940765
7787187712.0,-0.21908606588840485
7788125184.0,-0.22928383946418762
7789062656.0,-0.23653745651245117
7790000128.0,-0.24419932067394257
7790937600.0,-0.2524372935295105
7791875072.0,-0.2584722638130188
7792812544.0,-0.2638658285140991
7793750016.0,-0.2683809697628021
7794687488.0,-0.2725178003311157
7795624960.0,-0.27756887674331665
7796562432.0,-0.2826889157295227
7797499904.0,-0.28803497552871704
7798437376.0,-0.29388463497161865
7799374848.0,-0.29800742864608765
7800312320.0,-0.30092620849609375
7801249792.0,-0.30257904529571533
7802187264.0,-0.3020531237125397
7803125248.0,-0.3009708821773529
7804062720.0,-0.28237733244895935
7805000192.0,-0.2736436724662781
7805937664.0,-0.26405656337738037
7806875136.0,-0.2521663010120392
7807812608.0,-0.2413320243358612
7808750080.0,-0.22825656831264496
7809687552.0,-0.21471112966537476
7810625024.0,-0.2001679539680481
7811562496.0,-0.1847708821296692
7812499968.0,-0.1700146645307541
7813437440.0,-0.15349146723747253
7814374912.0,-0.13732658326625824
7815312384.0,-0.12034008651971817
7816249856.0,-0.10380702465772629
7817187328.0,-0.08822709321975708
7818124800.0,-0.07150136679410934
7819062272.0,-0.054653625935316086
7820000256.0,-0.03885142505168915
7820937728.0,-0.023440981283783913
7821875200.0,-0.008915036916732788
7822812672.0,0.0019615499768406153
7823750144.0,0.012076294049620628
7824687616.0,0.021667562425136566
7825625088.0,0.03166477009654045
7826562560.0,0.03894183784723282
7827500032.0,0.04621478542685509
7828437504.0,0.05290379375219345
7829374976.0,0.05911355838179588
7830312448.0,0.06334052979946136
7831249920.0,0.06865333020687103
7832187392.0,0.07262221723794937
7833124864.0,0.07546258717775345
7834062336.0,0.07810564339160919
7834999808.0,0.07991256564855576
7835937280.0,0.08352988958358765
7836874752.0,0.08438902348279953
7837812736.0,0.08495288342237473
7838750208.0,0.08529619872570038
7839687680.0,0.08592253178358078
7840625152.0,0.08597423881292343
7841562624.0,0.08485773205757141
7842500096.0,0.08401747047901154
7843437568.0,0.08444149792194366
7844375040.0,0.0836610272526741
7845312512.0,0.08212172240018845
7846249984.0,0.08012355864048004
7847187456.0,0.07747829705476761
7848124928.0,0.07396576553583145
7849062400.0,0.06950006633996964
7849999872.0,0.06409496814012527
7850937344.0,0.05960053950548172
7851874816.0,0.05432159826159477
7852812288.0,0.048025328665971756
7853749760.0,0.04099776968359947
7854687744.0,0.03368711844086647
7855625216.0,0.025893772020936012
7856562688.0,0.016314057633280754
7857500160.0,0.00732091348618269
7858437632.0,-0.002435439731925726
7859375104.0,-0.011256229132413864
7860312576.0,-0.022163210436701775
7861250048.0,-0.03314656391739845
7862187520.0,-0.044163163751363754
7863124992.0,-0.05485270544886589
7864062464.0,0.04438059404492378
7864999936.0,0.03464755415916443
7865937408.0,0.025172606110572815
7866874880.0,0.01786106824874878
7867812352.0,0.0105577502399683
7868749824.0,0.004425059538334608
7869687296.0,-0.0014672483084723353
7870624768.0,-0.0070898947305977345
7871562752.0,-0.011633070185780525
7872500224.0,-0.01604558527469635
7873437696.0,-0.021118106320500374
7874375168.0,-0.028160657733678818
7875312640.0,-0.03493712097406387
7876250112.0,-0.04058973863720894
7877187584.0,-0.047963690012693405
7878125056.0,-0.05511816218495369
7879062528.0,-0.06323406845331192
7880000000.0,-0.07300174236297607
7880937472.0,-0.08390523493289948
7881874944.0,-0.09475569427013397
7882812416.0,-0.10829464346170425
7883749888.0,-0.12386034429073334
7884687360.0,-0.14009620249271393
7885624832.0,-0.1579953134059906
7886562304.0,-0.17829011380672455
7887499776.0,-0.1997014731168747
7888437248.0,-0.2215968519449234
7889375232.0,-0.2445458024740219
7890312704.0,-0.26968327164649963
7891250176.0,-0.2937087118625641
7892187648.0,-0.32016804814338684
7893125120.0,-0.34495416283607483
7894062592.0,-0.36897432804107666
7895000064.0,-0.3947432041168213
7895937536.0,-0.4186835289001465
7896875008.0,-0.4408462345600128
7897812480.0,-0.46213018894195557
7898749952.0,-0.47983792424201965
7899687424.0,-0.49434036016464233
7900624896.0,-0.5075635313987732
7901562368.0,-0.5176495909690857
7902499840.0,-0.5250716805458069
7903437312.0,-0.5296271443367004
7904374784.0,-0.5311766266822815
7905312256.0,-0.5292611718177795
7906250240.0,-0.5244525671005249
7907187712.0,-0.5179262161254883
7908125184.0,-0.5072923302650452
7909062656.0,-0.49399441480636597
7910000128.0,-0.4785166084766388
7910937600.0,-0.4595382511615753
7911875072.0,-0.4396630823612213
7912812544.0,-0.417263388633728
7913750016.0,-0.3919200003147125
7914687488.0,-0.3649013936519623
7915624960.0,-0.33739179372787476
7916562432.0,-0.30856087803840637
7917499904.0,-0.27873310446739197
7918437376.0,-0.24762405455112457
7919374848.0,-0.21735034883022308
7920312320.0,-0.1872149109840393
7921249792.0,-0.1566043496131897
7922187264.0,-0.12849675118923187
7923125248.0,-0.1003439798951149
7924062720.0,0.0457521453499794
7925000192.0,0.06739164888858795
7925937664.0,0.08703652769327164
7926875136.0,0.10320218652486801
7927812608.0,0.11675170809030533
7928750080.0,0.12894213199615479
7929687552.0,0.13869771361351013
7930625024.0,0.14564482867717743
7931562496.0,0.15155349671840668
7932499968.0,0.1530863344669342
7933437440.0,0.15354672074317932
7934374912.0,0.14996133744716644
7935312384.0,0.14603254199028015
7936249856.0,0.1395350843667984
7937187328.0,0.1315334290266037
7938124800.0,0.12092084437608719
7939062272.0,0.10997756570577621
7939999744.0,0.09495000541210175
7940937728.0,0.08019739389419556
7941875200.0,0.0637497529387474
7942812672.0,0.047415029257535934
7943750144.0,0.028092510998249054
7944687616.0,0.00884544849395752
7945625088.0,-0.012653582729399204
7946562560.0,-0.03428977355360985
7947500032.0,-0.05534147471189499
7948437504.0,-0.07877042144536972
7949374976.0,-0.10151243209838867
7950312448.0,-0.12307211756706238
7951249920.0,-0.14489184319972992
7952187392.0,-0.1663551926612854
7953124864.0,-0.18912187218666077
7954062336.0,-0.2108757644891739
7954999808.0,-0.23213571310043335
7955937280.0,-0.25351831316947937
7956874752.0,-0.27459341287612915
7957812736.0,-0.29646381735801697
7958750208.0,-0.3175624907016754
7959687680.0,-0.33851924538612366
7960625152.0,-0.359088659286499
7961562624.0,-0.38001754879951477
7962500096.0,-0.3985569477081299
7963437568.0,-0.41742342710494995
7964375040.0,-0.4353410303592682
7965312512.0,-0.45169150829315186
7966249984.0,-0.46715247631073
7967187456.0,-0.4808143079280853
7968124928.0,-0.49334362149238586
7969062400.0,-0.5052410960197449
7969999872.0,-0.5154421925544739
7970937344.0,-0.5228987336158752
7971874816.0,-0.5297207832336426
7972812288.0,-0.5339760780334473
7973749760.0,-0.536041259765625
7974687744.0,-0.5365457534790039
7975625216.0,-0.537111759185791
7976562688.0,-0.5335841774940491
7977500160.0,-0.5273429751396179
7978437632.0,-0.5206446647644043
7979375104.0,-0.5095189809799194
7980312576.0,-0.49805107712745667
7981250048.0,-0.4831814467906952
7982187520.0,-0.4667769968509674
7983124992.0,-0.4482957422733307
7984062464.0,-0.4250006079673767
7984999936.0,-0.4107067286968231
7985937408.0,-0.3961418569087982
7986874880.0,-0.37898364663124084
7987812352.0,-0.36264970898628235
7988749824.0,-0.3430963456630707
7989687296.0,-0.3252429664134979
7990624768.0,-0.3048441410064697
7991562752.0,-0.28425389528274536
7992500224.0,-0.2638813555240631
7993437696.0,-0.24309031665325165
7994375168.0,-0.2223750799894333
7995312640.0,-0.20339278876781464
7996250112.0,-0.18214698135852814
7997187584.0,-0.16149692237377167
7998125056.0,-0.14228172600269318
7999062528.0,-0.12392077594995499
8000000000.0,-0.10596440732479095
