Frequency (Hz),Measurement
2000000000.0,0.14175964891910553
2000937472.0,0.1352391242980957
2001874944.0,0.13172492384910583
2002812544.0,0.12694771587848663
2003750016.0,0.12332970649003983
2004687488.0,0.11847686767578125
2005624960.0,0.11353020370006561
2006562560.0,0.10833403468132019
2007500032.0,0.1031968742609024
2008437504.0,0.09800746291875839
2009374976.0,0.0921163484454155
2010312448.0,0.08647727966308594
2011250048.0,0.08090900629758835
2012187520.0,0.07522314041852951
2013124992.0,0.06923826038837433
2014062464.0,0.06251958757638931
2015000064.0,0.05640300735831261
2015937536.0,0.051547788083553314
2016875008.0,0.0452599972486496
2017812480.0,0.03856205567717552
2018749952.0,0.03438061103224754
2019687552.0,0.028773613274097443
2020625024.0,0.024424947798252106
2021562496.0,0.020207755267620087
2022499968.0,0.01755356974899769
2023437440.0,0.013755309395492077
2024375040.0,0.011262708343565464
2025312512.0,0.009886440820991993
2026249984.0,0.009152770042419434
2027187456.0,0.008354517631232738
2028125056.0,0.009120654314756393
2029062528.0,0.010763089172542095
2030000000.0,0.012160933576524258
2030937472.0,0.015052062459290028
2031874944.0,0.019844161346554756
2032812544.0,0.024247365072369576
2033750016.0,0.029658770188689232
2034687488.0,0.035024747252464294
2035624960.0,0.04196106642484665
2036562560.0,0.049313951283693314
2037500032.0,0.05597774684429169
2038437504.0,0.06393592804670334
2039374976.0,0.07284925132989883
2040312448.0,0.0806288868188858
2041250048.0,0.08946898579597473
2042187520.0,0.09697601199150085
2043124992.0,0.10476352274417877
2044062464.0,0.11284585297107697
2044999936.0,0.11909881979227066
2045937536.0,0.12442976236343384
2046875008.0,0.13034215569496155
2047812480.0,0.13426806032657623
2048749952.0,0.1440720558166504
2049687552.0,0.13901212811470032
2050625024.0,0.13316607475280762
2051562496.0,0.12809470295906067
2052499968.0,0.12121257185935974
2053437440.0,0.11497874557971954
2054375040.0,0.10804706066846848
2055312512.0,0.10086023062467575
2056249984.0,0.09344612807035446
2057187456.0,0.08641446381807327
2058125056.0,0.07905472815036774
2059062528.0,0.07131531089544296
2060000000.0,0.06458863615989685
2060937472.0,0.057107072323560715
2061874944.0,0.050546277314424515
2062812544.0,0.04522384703159332
2063750016.0,0.03889225795865059
2064687488.0,0.033994127064943314
2065624960.0,0.028646131977438927
2066562560.0,0.024038702249526978
2067500032.0,0.018604163080453873
2068437504.0,0.01429593376815319
2069374976.0,0.010832341387867928
2070312448.0,0.007316547445952892
2071250048.0,0.004965434782207012
2072187520.0,0.0016852810513228178
2073124992.0,-0.0007847084780223668
2074062464.0,-0.0031472728587687016
2075000064.0,-0.00416762987151742
2075937536.0,-0.005933704320341349
2076875008.0,-0.006599216256290674
2077812480.0,-0.007268866989761591
2078749952.0,-0.007478790357708931
2079687552.0,-0.007341713644564152
2080625024.0,-0.00673254206776619
2081562496.0,-0.006439800374209881
2082499968.0,-0.004895688965916634
2083437440.0,-0.0032836920581758022
2084375040.0,-0.0007925539393909276
2085312512.0,0.002769556362181902
2086249984.0,0.005787611473351717
2087187456.0,0.009784847497940063
2088125056.0,0.014405086636543274
2089062528.0,0.019101206213235855
2090000000.0,0.025262536481022835
2090937472.0,0.031226804479956627
2091874944.0,0.03803287819027901
2092812544.0,0.046097494661808014
2093750016.0,0.053479403257369995
2094687488.0,0.06153494864702225
2095624960.0,0.07117944955825806
2096562560.0,0.0811094418168068
2097500032.0,0.09156323224306107
2098437504.0,0.1022893413901329
2099374976.0,0.11419405043125153
2100312448.0,0.12644627690315247
2101250048.0,0.13897354900836945
2102187520.0,0.15231971442699432
2103124992.0,0.165371373295784
2104062464.0,0.17884215712547302
2104999936.0,0.19166171550750732
2105937536.0,0.20568899810314178
2106875008.0,0.21839243173599243
2107812480.0,0.23148758709430695
2108749952.0,0.2712222635746002
2109687552.0,0.2788854241371155
2110625024.0,0.28655028343200684
2111562496.0,0.29390770196914673
2112499968.0,0.29995307326316833
2113437440.0,0.3043613135814667
2114375040.0,0.3070780336856842
2115312512.0,0.30738577246665955
2116249984.0,0.30564531683921814
2117187456.0,0.3021412789821625
2118125056.0,0.29571259021759033
2119062528.0,0.28543734550476074
2120000000.0,0.2734760344028473
2120937472.0,0.25689756870269775
2121874944.0,0.238443061709404
2122812544.0,0.21811026334762573
2123750016.0,0.19538043439388275
2124687488.0,0.1700446903705597
2125624960.0,0.14423386752605438
2126562560.0,0.11705464124679565
2127500032.0,0.09003924578428268
2128437504.0,0.062025535851716995
2129374976.0,0.03580543026328087
2130312448.0,0.010995869524776936
2131250048.0,-0.01376380492001772
2132187520.0,-0.035904377698898315
2133124992.0,-0.055532000958919525
2134062464.0,-0.07358117401599884
2135000064.0,-0.08921505510807037
2135937536.0,-0.1009548082947731
2136875008.0,-0.1106858104467392
2137812480.0,-0.11780674755573273
2138749952.0,-0.1208222433924675
2139687552.0,-0.12114255130290985
2140625024.0,-0.11992047727108002
2141562496.0,-0.11505050957202911
2142499968.0,-0.10909847915172577
2143437440.0,-0.09989519417285919
2144375040.0,-0.08992156386375427
2145312512.0,-0.07785158604383469
2146249984.0,-0.06479976326227188
2147187456.0,-0.05142771825194359
2148124928.0,-0.03664412349462509
2149062400.0,-0.022520331665873528
2150000128.0,-0.007978895679116249
2150937600.0,0.007359199225902557
2151875072.0,0.021711846813559532
2152812544.0,0.03497773036360741
2153750016.0,0.0489351786673069
2154687488.0,0.062102071940898895
2155624960.0,0.07424012571573257
2156562432.0,0.08584857732057571
2157499904.0,0.09651672095060349
2158437376.0,0.10718410462141037
2159375104.0,0.11713607609272003
2160312576.0,0.1261495053768158
2161250048.0,0.13552121818065643
2162187520.0,0.1436052769422531
2163124992.0,0.1526922732591629
2164062464.0,0.16163891553878784
2164999936.0,0.1699371337890625
2165937408.0,0.17853185534477234
2166874880.0,0.18661978840827942
2167812608.0,0.19481191039085388
2168750080.0,0.21994896233081818
2169687552.0,0.2313644289970398
2170625024.0,0.24275127053260803
2171562496.0,0.2534779906272888
2172499968.0,0.2635177969932556
2173437440.0,0.2735402584075928
2174374912.0,0.2820202112197876
2175312384.0,0.2899862825870514
2176250112.0,0.2968045771121979
2177187584.0,0.3021891415119171
2178125056.0,0.3054938316345215
2179062528.0,0.30773597955703735
2180000000.0,0.30794182419776917
2180937472.0,0.30485671758651733
2181874944.0,0.30113571882247925
2182812416.0,0.2948465049266815
2183749888.0,0.28547367453575134
2184687616.0,0.27550357580184937
2185625088.0,0.26281630992889404
2186562560.0,0.24887579679489136
2187500032.0,0.2319619506597519
2188437504.0,0.21524494886398315
2189374976.0,0.19712664186954498
2190312448.0,0.1767815500497818
2191249920.0,0.15709953010082245
2192187392.0,0.135667085647583
2193125120.0,0.11448632925748825
2194062592.0,0.09383636713027954
2195000064.0,0.07273180782794952
2195937536.0,0.05360313132405281
2196875008.0,0.0329626202583313
2197812480.0,0.015208295546472073
2198749952.0,-0.0008557636174373329
2199687424.0,-0.015709633007645607
2200624896.0,-0.02895556017756462
2201562624.0,-0.041290752589702606
2202500096.0,-0.04872508719563484
2203437568.0,-0.05654042959213257
2204375040.0,-0.06077178940176964
2205312512.0,-0.06214432418346405
2206249984.0,-0.06233443319797516
2207187456.0,-0.0594174824655056
2208124928.0,-0.05381978675723076
2209062400.0,-0.047547854483127594
2209999872.0,-0.0388278029859066
2210937600.0,-0.027789445593953133
2211875072.0,-0.016377069056034088
2212812544.0,-0.0029985702130943537
2213750016.0,0.012133334763348103
2214687488.0,0.027883682399988174
2215624960.0,0.04440266638994217
2216562432.0,0.06113390251994133
2217499904.0,0.07891526073217392
2218437376.0,0.09639828652143478
2219375104.0,0.11387605220079422
2220312576.0,0.13032419979572296
2221250048.0,0.14669938385486603
2222187520.0,0.16236163675785065
2223124992.0,0.17633511126041412
2224062464.0,0.19008594751358032
2224999936.0,0.20221629738807678
2225937408.0,0.21208450198173523
2226874880.0,0.22071710228919983
2227812608.0,0.22731831669807434
2228750080.0,0.19981886446475983
2229687552.0,0.20599177479743958
2230625024.0,0.21179282665252686
2231562496.0,0.21552102267742157
2232499968.0,0.21797801554203033
2233437440.0,0.21854043006896973
2234374912.0,0.21711699664592743
2235312384.0,0.21422873437404633
2236250112.0,0.2093832641839981
2237187584.0,0.2015768140554428
2238125056.0,0.19281397759914398
2239062528.0,0.180599182844162
2240000000.0,0.16790251433849335
2240937472.0,0.15358853340148926
2241874944.0,0.13654714822769165
2242812416.0,0.11836407333612442
2243749888.0,0.09938843548297882
2244687616.0,0.07938405126333237
2245625088.0,0.058352280408144
2246562560.0,0.037540968507528305
2247500032.0,0.01676933653652668
2248437504.0,-0.0034029074013233185
2249374976.0,-0.023341741412878036
2250312448.0,-0.04201175644993782
2251249920.0,-0.05846502631902695
2252187392.0,-0.07421296089887619
2253125120.0,-0.08693242818117142
2254062592.0,-0.09928621351718903
2255000064.0,-0.10770373046398163
2255937536.0,-0.1140703484416008
2256875008.0,-0.1174025610089302
2257812480.0,-0.11897871643304825
2258749952.0,-0.11795856058597565
2259687424.0,-0.11479535698890686
2260624896.0,-0.10929950326681137
2261562624.0,-0.10109366476535797
2262500096.0,-0.09108404070138931
2263437568.0,-0.08038648962974548
2264375040.0,-0.06738334894180298
2265312512.0,-0.05256969854235649
2266249984.0,-0.03721613809466362
2267187456.0,-0.021297818049788475
2268124928.0,-0.005192151293158531
2269062400.0,0.012377297505736351
2270000128.0,0.029771557077765465
2270937600.0,0.04693778604269028
2271875072.0,0.0642126128077507
2272812544.0,0.08174614608287811
2273750016.0,0.09818760305643082
2274687488.0,0.11409085243940353
2275624960.0,0.12927159667015076
2276562432.0,0.14447113871574402
2277499904.0,0.15758423507213593
2278437376.0,0.16949030756950378
2279375104.0,0.18194492161273956
2280312576.0,0.1919032484292984
2281250048.0,0.20195242762565613
2282187520.0,0.21036474406719208
2283124992.0,0.21822431683540344
2284062464.0,0.2247532308101654
2284999936.0,0.23103255033493042
2285937408.0,0.2359163463115692
2286874880.0,0.24103233218193054
2287812608.0,0.24512220919132233
2288750080.0,0.2569118142127991
2289687552.0,0.26481398940086365
2290625024.0,0.2727569341659546
2291562496.0,0.2803104817867279
2292499968.0,0.287695974111557
2293437440.0,0.2951272428035736
2294374912.0,0.30114030838012695
2295312384.0,0.3069590628147125
2296250112.0,0.3115232288837433
2297187584.0,0.31526556611061096
2298125056.0,0.3168852627277374
2299062528.0,0.31742098927497864
2300000000.0,0.3153344690799713
2300937472.0,0.3117579519748688
2301874944.0,0.305716872215271
2302812416.0,0.2974451184272766
2303749888.0,0.28577756881713867
2304687616.0,0.27204498648643494
2305625088.0,0.2555340826511383
2306562560.0,0.23618601262569427
2307500032.0,0.21543137729167938
2308437504.0,0.19082918763160706
2309374976.0,0.1666373908519745
2310312448.0,0.13905081152915955
2311249920.0,0.1110728308558464
2312187392.0,0.08255264908075333
2313125120.0,0.05239436775445938
2314062592.0,0.02330227568745613
2315000064.0,-0.005937380716204643
2315937536.0,-0.03316357359290123
2316875008.0,-0.05886883661150932
2317812480.0,-0.08191491663455963
2318749952.0,-0.10358010977506638
2319687424.0,-0.12315383553504944
2320624896.0,-0.1399250626564026
2321562624.0,-0.15576019883155823
2322500096.0,-0.16773229837417603
2323437568.0,-0.17746469378471375
2324375040.0,-0.18562950193881989
2325312512.0,-0.19168920814990997
2326249984.0,-0.19524385035037994
2327187456.0,-0.1963818073272705
2328124928.0,-0.19636300206184387
2329062400.0,-0.19522421061992645
2329999872.0,-0.19075524806976318
2330937600.0,-0.18619801104068756
2331875072.0,-0.1794700175523758
2332812544.0,-0.17207610607147217
2333750016.0,-0.16292370855808258
2334687488.0,-0.15230780839920044
2335624960.0,-0.14026707410812378
2336562432.0,-0.1259697824716568
2337499904.0,-0.11054665595293045
2338437376.0,-0.09302376210689545
2339375104.0,-0.07398641109466553
2340312576.0,-0.052973050624132156
2341250048.0,-0.031017644330859184
2342187520.0,-0.00830139871686697
2343124992.0,0.016827017068862915
2344062464.0,0.04105529189109802
2344999936.0,0.06655832380056381
2345937408.0,0.09237811714410782
2346874880.0,0.11946747452020645
2347812608.0,0.1453711837530136
2348750080.0,0.20110967755317688
2349687552.0,0.21617808938026428
2350625024.0,0.22837235033512115
2351562496.0,0.23855093121528625
2352499968.0,0.2440711110830307
2353437440.0,0.24690604209899902
2354374912.0,0.24607889354228973
2355312384.0,0.2418595552444458
2356250112.0,0.23394161462783813
2357187584.0,0.2226528525352478
2358125056.0,0.2083406150341034
2359062528.0,0.19097237288951874
2360000000.0,0.17071789503097534
2360937472.0,0.14854814112186432
2361874944.0,0.12395404279232025
2362812416.0,0.09785623103380203
2363749888.0,0.07100697606801987
2364687616.0,0.041304975748062134
2365625088.0,0.013450094498693943
2366562560.0,-0.01716434955596924
2367500032.0,-0.045744750648736954
2368437504.0,-0.07475756853818893
2369374976.0,-0.10224208980798721
2370312448.0,-0.12860195338726044
2371249920.0,-0.15345801413059235
2372187392.0,-0.17641481757164001
2373125120.0,-0.19583304226398468
2374062592.0,-0.21394477784633636
2375000064.0,-0.22982648015022278
2375937536.0,-0.24254164099693298
2376875008.0,-0.2529235780239105
2377812480.0,-0.2607598602771759
2378749952.0,-0.26510369777679443
2379687424.0,-0.267100065946579
2380624896.0,-0.2659148573875427
2381562624.0,-0.2616994082927704
2382500096.0,-0.2559712827205658
2383437568.0,-0.2471552938222885
2384375040.0,-0.23682540655136108
2385312512.0,-0.2246299535036087
2386249984.0,-0.21057315170764923
2387187456.0,-0.1955253630876541
2388124928.0,-0.1789688766002655
2389062400.0,-0.1613057255744934
2390000128.0,-0.14352697134017944
2390937600.0,-0.1254854053258896
2391875072.0,-0.1081942766904831
2392812544.0,-0.09134385734796524
2393750016.0,-0.07515466213226318
2394687488.0,-0.05975785478949547
2395624960.0,-0.04530594125390053
2396562432.0,-0.03154421225190163
2397499904.0,-0.02019789069890976
2398437376.0,-0.00881454348564148
2399375104.0,0.0005237493314780295
2400312576.0,0.008727694861590862
2401250048.0,0.01620289869606495
2402187520.0,0.021607596427202225
2403124992.0,0.025579145178198814
2404062464.0,0.027315650135278702
2404999936.0,0.0289798341691494
2405937408.0,0.029961789026856422
2406874880.0,0.028731293976306915
2407812608.0,0.02608165331184864
2408750080.0,0.02110903337597847
2409687552.0,0.027424031868577003
2410625024.0,0.030638964846730232
2411562496.0,0.031430259346961975
2412499968.0,0.02923659048974514
2413437440.0,0.026985593140125275
2414374912.0,0.02049516886472702
2415312384.0,0.012727757915854454
2416250112.0,0.0023087833542376757
2417187584.0,-0.011173797771334648
2418125056.0,-0.025476928800344467
2419062528.0,-0.04148082807660103
2420000000.0,-0.060111772269010544
2420937472.0,-0.07926347106695175
2421874944.0,-0.09964939951896667
2422812416.0,-0.1208408996462822
2423749888.0,-0.14287841320037842
2424687616.0,-0.16490937769412994
2425625088.0,-0.18670807778835297
2426562560.0,-0.20821358263492584
2427500032.0,-0.22999176383018494
2428437504.0,-0.25233525037765503
2429374976.0,-0.2728993892669678
2430312448.0,-0.29400983452796936
2431249920.0,-0.3136129081249237
2432187392.0,-0.3320898711681366
2433125120.0,-0.35028013586997986
2434062592.0,-0.3660038113594055
2435000064.0,-0.38010460138320923
2435937536.0,-0.393990159034729
2436875008.0,-0.40610456466674805
2437812480.0,-0.41598811745643616
2438749952.0,-0.4258977770805359
2439687424.0,-0.4338792562484741
2440624896.0,-0.44012555480003357
2441562624.0,-0.44509318470954895
2442500096.0,-0.4479392170906067
2443437568.0,-0.4504903256893158
2444375040.0,-0.45020392537117004
2445312512.0,-0.45035994052886963
2446249984.0,-0.4473462998867035
2447187456.0,-0.44413912296295166
2448124928.0,-0.4405826926231384
2449062400.0,-0.43599551916122437
2449999872.0,-0.43138206005096436
2450937600.0,-0.42590150237083435
2451875072.0,-0.4190938472747803
2452812544.0,-0.4127999246120453
2453750016.0,-0.40708357095718384
2454687488.0,-0.4018476605415344
2455624960.0,-0.3959745466709137
2456562432.0,-0.39066946506500244
2457499904.0,-0.38485974073410034
2458437376.0,-0.3795029819011688
2459375104.0,-0.3762589395046234
2460312576.0,-0.3717876970767975
2461250048.0,-0.369554340839386
2462187520.0,-0.36775124073028564
2463124992.0,-0.3675326704978943
2464062464.0,-0.3685140609741211
2464999936.0,-0.3711708188056946
2465937408.0,-0.37677353620529175
2466874880.0,-0.38405436277389526
2467812608.0,-0.3940117657184601
2468750080.0,-0.4795781970024109
2469687552.0,-0.5016976594924927
2470625024.0,-0.5259820222854614
2471562496.0,-0.5539684891700745
2472499968.0,-0.5855059623718262
2473437440.0,-0.6195211410522461
2474374912.0,-0.6557937264442444
2475312384.0,-0.6960996389389038
2476250112.0,-0.7388144135475159
2477187584.0,-0.7864570617675781
2478125056.0,-0.8351313471794128
2479062528.0,-0.8888499736785889
2480000000.0,-0.9453025460243225
2480937472.0,-1.0045479536056519
2481874944.0,-1.0668835639953613
2482812416.0,-1.133069634437561
2483749888.0,-1.2030940055847168
2484687616.0,-1.2768985033035278
2485625088.0,-1.3535943031311035
2486562560.0,-1.4344111680984497
2487500032.0,-1.5178436040878296
2488437504.0,-1.605359673500061
2489374976.0,-1.697113037109375
2490312448.0,-1.794391393661499
2491249920.0,-1.8938686847686768
2492187392.0,-1.9985603094100952
2493125120.0,-2.1064822673797607
2494062592.0,-2.2185513973236084
2495000064.0,-2.3380625247955322
2495937536.0,-2.4629716873168945
2496875008.0,-2.595815896987915
2497812480.0,-2.7364299297332764
2498749952.0,-2.8857319355010986
2499687424.0,-3.0452375411987305
2500624896.0,-3.2148070335388184
2501562624.0,-3.394601821899414
2502500096.0,-3.5861246585845947
2503437568.0,-3.7915594577789307
2504375040.0,-4.0100579261779785
2505312512.0,-4.244067668914795
2506249984.0,-4.495917320251465
2507187456.0,-4.764601707458496
2508124928.0,-5.050948619842529
2509062400.0,-5.355910778045654
2510000128.0,-5.678030490875244
2510937600.0,-6.013818740844727
2511875072.0,-6.356681823730469
2512812544.0,-6.69782018661499
2513750016.0,-7.021125316619873
2514687488.0,-7.3147711753845215
2515624960.0,-7.565966606140137
2516562432.0,-7.761373519897461
2517499904.0,-7.88401985168457
2518437376.0,-7.918572425842285
2519375104.0,-7.861668586730957
2520312576.0,-7.718649387359619
2521250048.0,-7.499313831329346
2522187520.0,-7.222888946533203
2523124992.0,-6.898916721343994
2524062464.0,-6.541774749755859
2524999936.0,-6.16722297668457
2525937408.0,-5.787138938903809
2526874880.0,-5.407890319824219
2527812608.0,-5.037206649780273
2528750080.0,-4.674893379211426
2529687552.0,-4.340940952301025
2530625024.0,-4.025264263153076
2531562496.0,-3.7306346893310547
2532499968.0,-3.4573683738708496
2533437440.0,-3.2042832374572754
2534374912.0,-2.9706428050994873
2535312384.0,-2.756678342819214
2536250112.0,-2.559979200363159
2537187584.0,-2.381429672241211
2538125056.0,-2.2170803546905518
2539062528.0,-2.0694825649261475
2540000000.0,-1.9344059228897095
2540937472.0,-1.8134452104568481
2541874944.0,-1.7023460865020752
2542812416.0,-1.6021349430084229
2543749888.0,-1.510753870010376
2544687616.0,-1.4276399612426758
2545625088.0,-1.353320837020874
2546562560.0,-1.2865630388259888
2547500032.0,-1.225828766822815
2548437504.0,-1.1712595224380493
2549374976.0,-1.1228361129760742
2550312448.0,-1.0779688358306885
2551249920.0,-1.0381662845611572
2552187392.0,-1.002545952796936
2553125120.0,-0.9693036675453186
2554062592.0,-0.9408770203590393
2555000064.0,-0.9142640233039856
2555937536.0,-0.8906237483024597
2556875008.0,-0.869102954864502
2557812480.0,-0.848177433013916
2558749952.0,-0.8284100890159607
2559687424.0,-0.8085519671440125
2560624896.0,-0.789533257484436
2561562624.0,-0.7695023417472839
2562500096.0,-0.7515613436698914
2563437568.0,-0.7321219444274902
2564375040.0,-0.7122550010681152
2565312512.0,-0.6931824088096619
2566249984.0,-0.6722965240478516
2567187456.0,-0.650672435760498
2568124928.0,-0.6293550133705139
2569062400.0,-0.6060580015182495
2569999872.0,-0.5823550820350647
2570937600.0,-0.5582191944122314
2571875072.0,-0.5331414341926575
2572812544.0,-0.5065943598747253
2573750016.0,-0.4799244701862335
2574687488.0,-0.45121824741363525
2575624960.0,-0.42207518219947815
2576562432.0,-0.39311540126800537
2577499904.0,-0.36371931433677673
2578437376.0,-0.33232155442237854
2579375104.0,-0.30223461985588074
2580312576.0,-0.2716621458530426
2581250048.0,-0.2417500615119934
2582187520.0,-0.21118344366550446
2583124992.0,-0.18215376138687134
2584062464.0,-0.15448594093322754
2584999936.0,-0.12712426483631134
2585937408.0,-0.100888192653656
2586874880.0,-0.07639848440885544
2587812608.0,-0.05397995933890343
2588750080.0,-0.029167942702770233
2589687552.0,-0.01506059616804123
2590625024.0,-0.0031173794995993376
2591562496.0,0.008164951577782631
2592499968.0,0.016410961747169495
2593437440.0,0.022433016449213028
2594374912.0,0.02697584219276905
2595312384.0,0.029257338494062424
2596250112.0,0.029162539169192314
2597187584.0,0.02771111950278282
2598125056.0,0.024808363988995552
2599062528.0,0.01995706558227539
2600000000.0,0.014802523888647556
2600937472.0,0.006539158523082733
2601874944.0,-0.0029230916406959295
2602812416.0,-0.012984763830900192
2603749888.0,-0.02430604211986065
2604687616.0,-0.03629712015390396
2605625088.0,-0.04977702721953392
2606562560.0,-0.06328960508108139
2607500032.0,-0.07600247859954834
2608437504.0,-0.08993731439113617
2609374976.0,-0.10399368405342102
2610312448.0,-0.11780361831188202
2611249920.0,-0.1312420517206192
2612187392.0,-0.14452369511127472
2613125120.0,-0.15533140301704407
2614062592.0,-0.16854244470596313
2615000064.0,-0.17957352101802826
2615937536.0,-0.18947267532348633
2616875008.0,-0.1983485072851181
2617812480.0,-0.20575256645679474
2618749952.0,-0.21300987899303436
2619687424.0,-0.21759560704231262
2620624896.0,-0.2223881483078003
2621562624.0,-0.22536085546016693
2622500096.0,-0.22534003853797913
2623437568.0,-0.22519566118717194
2624375040.0,-0.22306956350803375
2625312512.0,-0.22022387385368347
2626249984.0,-0.21492037177085876
2627187456.0,-0.20789235830307007
2628124928.0,-0.2001863718032837
2629062400.0,-0.19045168161392212
2630000128.0,-0.17885756492614746
2630937600.0,-0.16640713810920715
2631875072.0,-0.15291182696819305
2632812544.0,-0.13823239505290985
2633750016.0,-0.12280230969190598
2634687488.0,-0.10610704123973846
2635624960.0,-0.08866583555936813
2636562432.0,-0.07107675075531006
2637499904.0,-0.0518004447221756
2638437376.0,-0.03324269875884056
2639375104.0,-0.013834172859787941
2640312576.0,0.005725971423089504
2641250048.0,0.023905623704195023
2642187520.0,0.04285236820578575
2643124992.0,0.0613013431429863
2644062464.0,0.07866920530796051
2644999936.0,0.09549824893474579
2645937408.0,0.11166630685329437
2646874880.0,0.1272335946559906
2647812608.0,0.1524008959531784
2648750080.0,0.16686704754829407
2649687552.0,0.17958882451057434
2650625024.0,0.190179243683815
2651562496.0,0.19903439283370972
2652499968.0,0.20495560765266418
2653437440.0,0.20873302221298218
2654374912.0,0.20974993705749512
2655312384.0,0.2080986350774765
2656250112.0,0.2035968154668808
2657187584.0,0.19743198156356812
2658125056.0,0.18798570334911346
2659062528.0,0.17730695009231567
2660000000.0,0.1649983674287796
2660937472.0,0.1497618407011032
2661874944.0,0.13366223871707916
2662812416.0,0.11583956331014633
2663749888.0,0.09657447785139084
2664687616.0,0.0779876634478569
2665625088.0,0.0575951486825943
2666562560.0,0.036842379719018936
2667500032.0,0.015324754640460014
2668437504.0,-0.005198381375521421
2669374976.0,-0.025686029344797134
2670312448.0,-0.04566685110330582
2671249920.0,-0.06423936039209366
2672187392.0,-0.08253876864910126
2673125120.0,-0.0991193875670433
2674062592.0,-0.11344317346811295
2675000064.0,-0.12723584473133087
2675937536.0,-0.1401168555021286
2676875008.0,-0.15033851563930511
2677812480.0,-0.15793433785438538
2678749952.0,-0.1648716777563095
2679687424.0,-0.16814765334129333
2680624896.0,-0.17007793486118317
2681562624.0,-0.16985705494880676
2682500096.0,-0.1687256246805191
2683437568.0,-0.1647411733865738
2684375040.0,-0.15861603617668152
2685312512.0,-0.15039566159248352
2686249984.0,-0.1404939591884613
2687187456.0,-0.12982361018657684
2688124928.0,-0.11677417904138565
2689062400.0,-0.10204505920410156
2689999872.0,-0.08681859076023102
2690937600.0,-0.0710894837975502
2691875072.0,-0.05474569648504257
2692812544.0,-0.03687465190887451
2693750016.0,-0.018226269632577896
2694687488.0,-1.8814660506905057e-05
2695624960.0,0.018337011337280273
2696562432.0,0.03562558442354202
2697499904.0,0.054334644228219986
2698437376.0,0.07152031362056732
2699375104.0,0.08788763731718063
2700312576.0,0.10411576181650162
2701250048.0,0.11999744921922684
2702187520.0,0.1345425844192505
2703124992.0,0.14724604785442352
2704062464.0,0.15862391889095306
2704999936.0,0.17108239233493805
2705937408.0,0.18053670227527618
2706874880.0,0.18861493468284607
2707812608.0,0.20746272802352905
2708750080.0,0.21117015182971954
2709687552.0,0.21470552682876587
2710625024.0,0.2167464941740036
2711562496.0,0.2180846929550171
2712499968.0,0.21788710355758667
2713437440.0,0.21560335159301758
2714374912.0,0.2130236178636551
2715312384.0,0.20919938385486603
2716250112.0,0.20329822599887848
2717187584.0,0.19706124067306519
2718125056.0,0.1890304833650589
2719062528.0,0.17992864549160004
2720000000.0,0.16916149854660034
2720937472.0,0.1565190553665161
2721874944.0,0.14389696717262268
2722812416.0,0.12949171662330627
2723749888.0,0.11371753364801407
2724687616.0,0.09785031527280807
2725625088.0,0.08103707432746887
2726562560.0,0.06262637674808502
2727500032.0,0.04422535374760628
2728437504.0,0.025163471698760986
2729374976.0,0.005242308601737022
2730312448.0,-0.014439510181546211
2731249920.0,-0.033974386751651764
2732187392.0,-0.05419977754354477
2733125120.0,-0.07289673388004303
2734062592.0,-0.09112522006034851
2735000064.0,-0.10840025544166565
2735937536.0,-0.1246391162276268
2736875008.0,-0.14044056832790375
2737812480.0,-0.15374024212360382
2738749952.0,-0.16517120599746704
2739687424.0,-0.1758473813533783
2740624896.0,-0.1833636462688446
2741562624.0,-0.1897272765636444
2742500096.0,-0.19254717230796814
2743437568.0,-0.1945532113313675
2744375040.0,-0.19341620802879333
2745312512.0,-0.18963442742824554
2746249984.0,-0.1844867765903473
2747187456.0,-0.1769634336233139
2748124928.0,-0.16681012511253357
2749062400.0,-0.1541823148727417
2750000128.0,-0.14036044478416443
2750937600.0,-0.1240217313170433
2751875072.0,-0.10640450567007065
2752812544.0,-0.08693011105060577
2753750016.0,-0.06727293878793716
2754687488.0,-0.04574524983763695
2755624960.0,-0.023129906505346298
2756562432.0,4.538055873126723e-05
2757499904.0,0.02189679443836212
2758437376.0,0.04412461444735527
2759375104.0,0.06679970026016235
2760312576.0,0.08791598677635193
2761250048.0,0.10772235691547394
2762187520.0,0.1279522180557251
2763124992.0,0.1449483036994934
2764062464.0,0.16152608394622803
2764999936.0,0.17529775202274323
2765937408.0,0.18812519311904907
2766874880.0,0.19824190437793732
2767812608.0,0.23966091871261597
2768750080.0,0.24451035261154175
2769687552.0,0.2451951950788498
2770625024.0,0.2465181052684784
2771562496.0,0.24384033679962158
2772499968.0,0.24125826358795166
2773437440.0,0.23661044239997864
2774374912.0,0.23045560717582703
2775312384.0,0.22378148138523102
2776250112.0,0.2151724249124527
2777187584.0,0.20475760102272034
2778125056.0,0.19352491199970245
2779062528.0,0.18146276473999023
2780000000.0,0.16914641857147217
2780937472.0,0.15573696792125702
2781874944.0,0.1410088837146759
2782812416.0,0.1272250860929489
2783749888.0,0.11202066391706467
2784687616.0,0.09557590633630753
2785625088.0,0.08088754117488861
2786562560.0,0.0654483363032341
2787500032.0,0.0507364459335804
2788437504.0,0.034698858857154846
2789374976.0,0.01992180570960045
2790312448.0,0.005413494538515806
2791249920.0,-0.008902696892619133
2792187392.0,-0.021912841126322746
2793125120.0,-0.034471120685338974
2794062592.0,-0.04674356430768967
2795000064.0,-0.058164533227682114
2795937536.0,-0.0683465525507927
2796875008.0,-0.07641635835170746
2797812480.0,-0.08424028754234314
2798749952.0,-0.08973778784275055
2799687424.0,-0.09525290876626968
2800624896.0,-0.09921985119581223
2801562624.0,-0.10086628049612045
2802500096.0,-0.10120520740747452
2803437568.0,-0.10074598342180252
2804375040.0,-0.09838806837797165
2805312512.0,-0.09426751732826233
2806249984.0,-0.08867017179727554
2807187456.0,-0.08200662583112717
2808124928.0,-0.0739784687757492
2809062400.0,-0.06389208137989044
2809999872.0,-0.05263553932309151
2810937600.0,-0.04019791632890701
2811875072.0,-0.026830054819583893
2812812544.0,-0.013185916468501091
2813750016.0,0.0019195012282580137
2814687488.0,0.01808456890285015
2815624960.0,0.03488732501864433
2816562432.0,0.05205438286066055
2817499904.0,0.06898820400238037
2818437376.0,0.08668512105941772
2819375104.0,0.10343977063894272
2820312576.0,0.12095946073532104
2821250048.0,0.13724122941493988
2822187520.0,0.15308986604213715
2823124992.0,0.1680811494588852
2824062464.0,0.1818658411502838
2824999936.0,0.1938772052526474
2825937408.0,0.2058659791946411
2826874880.0,0.21586813032627106
2827812608.0,0.22974176704883575
2828750080.0,0.23543813824653625
2829687552.0,0.23869071900844574
2830625024.0,0.24063637852668762
2831562496.0,0.24000711739063263
2832499968.0,0.23750843107700348
2833437440.0,0.23407024145126343
2834374912.0,0.2273874133825302
2835312384.0,0.21975481510162354
2836250112.0,0.21105557680130005
2837187584.0,0.1988811045885086
2838125056.0,0.18871650099754333
2839062528.0,0.17467081546783447
2840000000.0,0.1608271598815918
2840937472.0,0.1444140076637268
2841874944.0,0.12864874303340912
2842812416.0,0.11230303347110748
2843749888.0,0.09550241380929947
2844687616.0,0.07710731029510498
2845625088.0,0.059637367725372314
2846562560.0,0.04218006879091263
2847500032.0,0.02474210225045681
2848437504.0,0.007535077165812254
2849374976.0,-0.009398075751960278
2850312448.0,-0.02488802745938301
2851249920.0,-0.03966008126735687
2852187392.0,-0.0532354898750782
2853125120.0,-0.06570421904325485
2854062592.0,-0.07730522751808167
2855000064.0,-0.08767035603523254
2855937536.0,-0.09542738646268845
2856875008.0,-0.10431411117315292
2857812480.0,-0.1096314862370491
2858749952.0,-0.11359526216983795
2859687424.0,-0.1155763640999794
2860624896.0,-0.11647330969572067
2861562624.0,-0.11436597257852554
2862500096.0,-0.1122472882270813
2863437568.0,-0.10681255906820297
2864375040.0,-0.10045463591814041
2865312512.0,-0.09276280552148819
2866249984.0,-0.08323414623737335
2867187456.0,-0.07277887314558029
2868124928.0,-0.06062109395861626
2869062400.0,-0.04682545363903046
2870000128.0,-0.032376524060964584
2870937600.0,-0.01702575944364071
2871875072.0,-0.0015649411361664534
2872812544.0,0.01435904297977686
2873750016.0,0.031129473820328712
2874687488.0,0.04890386387705803
2875624960.0,0.06688597798347473
2876562432.0,0.0836547464132309
2877499904.0,0.10032080113887787
2878437376.0,0.11709440499544144
2879375104.0,0.13318774104118347
2880312576.0,0.14935302734375
2881250048.0,0.1633252054452896
2882187520.0,0.17674404382705688
2883124992.0,0.18925315141677856
2884062464.0,0.20152220129966736
2884999936.0,0.21217966079711914
2885937408.0,0.2201375514268875
2886874880.0,0.22860577702522278
2887812608.0,0.2122211903333664
2888750080.0,0.21543942391872406
2889687552.0,0.21846289932727814
2890625024.0,0.22068223357200623
2891562496.0,0.22199611365795135
2892499968.0,0.2213132530450821
2893437440.0,0.21985140442848206
2894374912.0,0.21697290241718292
2895312384.0,0.2119986116886139
2896250112.0,0.20667807757854462
2897187584.0,0.20018114149570465
2898125056.0,0.1913308948278427
2899062528.0,0.1812378168106079
2900000000.0,0.17019037902355194
2900937472.0,0.15676991641521454
2901874944.0,0.14370286464691162
2902812416.0,0.12827904522418976
2903749888.0,0.11264357715845108
2904687616.0,0.09633419662714005
2905625088.0,0.07915570586919785
2906562560.0,0.06208634749054909
2907500032.0,0.04475894197821617
2908437504.0,0.02713191509246826
2909374976.0,0.008689912036061287
2910312448.0,-0.007519612088799477
2911249920.0,-0.02326016314327717
2912187392.0,-0.03817899152636528
2913125120.0,-0.05172797664999962
2914062592.0,-0.06432514637708664
2915000064.0,-0.07468073815107346
2915937536.0,-0.0837152749300003
2916875008.0,-0.09067460894584656
2917812480.0,-0.09605773538351059
2918749952.0,-0.09836871922016144
2919687424.0,-0.09907495975494385
2920624896.0,-0.09844560921192169
2921562624.0,-0.09520253539085388
2922500096.0,-0.08795902132987976
2923437568.0,-0.08109430223703384
2924375040.0,-0.07289470732212067
2925312512.0,-0.06011239439249039
2926249984.0,-0.047429654747247696
2927187456.0,-0.03342508524656296
2928124928.0,-0.017076639458537102
2929062400.0,-0.0008170822984538972
2929999872.0,0.01626964472234249
2930937600.0,0.03418378904461861
2931875072.0,0.051187172532081604
2932812544.0,0.07105711847543716
2933750016.0,0.08732179552316666
2934687488.0,0.10457087308168411
2935624960.0,0.12075384706258774
2936562432.0,0.13608036935329437
2937499904.0,0.15066614747047424
2938437376.0,0.1642255038022995
2939375104.0,0.1753765046596527
2940312576.0,0.1863824725151062
2941250048.0,0.19499841332435608
2942187520.0,0.2029111534357071
2943124992.0,0.20963943004608154
2944062464.0,0.21510089933872223
2944999936.0,0.21918407082557678
2945937408.0,0.22182828187942505
2946874880.0,0.22374825179576874
2947812608.0,0.20378337800502777
2948750080.0,0.20126762986183167
2949687552.0,0.19958463311195374
2950625024.0,0.19653263688087463
2951562496.0,0.1930573731660843
2952499968.0,0.18974745273590088
2953437440.0,0.18585540354251862
2954374912.0,0.1819332391023636
2955312384.0,0.17850926518440247
2956250112.0,0.17441503703594208
2957187584.0,0.1702060103416443
2958125056.0,0.16553550958633423
2959062528.0,0.1609354168176651
2960000000.0,0.15585853159427643
2960937472.0,0.1513722985982895
2961874944.0,0.14636683464050293
2962812416.0,0.14118541777133942
2963749888.0,0.13490524888038635
2964687616.0,0.13009479641914368
2965625088.0,0.1239483579993248
2966562560.0,0.11804775148630142
2967500032.0,0.11145646870136261
2968437504.0,0.10419058054685593
2969374976.0,0.09790999442338943
2970312448.0,0.091032013297081
2971249920.0,0.0842522457242012
2972187392.0,0.07666156440973282
2973125120.0,0.0697745829820633
2974062592.0,0.062398627400398254
2975000064.0,0.05491628125309944
2975937536.0,0.04798046499490738
2976875008.0,0.041353948414325714
2977812480.0,0.03474744036793709
2978749952.0,0.027734052389860153
2979687424.0,0.02233234979212284
2980624896.0,0.016677098348736763
2981562624.0,0.011716235429048538
2982500096.0,0.007792061194777489
2983437568.0,0.0032396768219769
2984375040.0,0.001156250131316483
2985312512.0,-0.0014944489812478423
2986249984.0,-0.0020690811797976494
2987187456.0,-0.00348327006213367
2988124928.0,-0.003634076099842787
2989062400.0,-0.0037588460836559534
2990000128.0,-0.002905100118368864
2990937600.0,-0.002301648026332259
2991875072.0,-0.0005050247418694198
2992812544.0,0.0013477359898388386
2993750016.0,0.003976418171077967
2994687488.0,0.0059639643877744675
2995624960.0,0.008778312243521214
2996562432.0,0.011294571682810783
2997499904.0,0.013853843323886395
2998437376.0,0.01696668192744255
2999375104.0,0.018361326307058334
3000312576.0,0.023899020627141
3001250048.0,0.026429563760757446
3002187520.0,0.02863030880689621
3003124992.0,0.03148388862609863
3004062464.0,0.033632416278123856
3004999936.0,0.0353960283100605
3005937408.0,0.03763822093605995
3006874880.0,0.038937315344810486
3007812608.0,0.13054323196411133
3008750080.0,0.12700526416301727
3009687552.0,0.12513959407806396
3010625024.0,0.12197180837392807
3011562496.0,0.11739292740821838
3012499968.0,0.11320795118808746
3013437440.0,0.10931329429149628
3014374912.0,0.10457959771156311
3015312384.0,0.09928064793348312
3016250112.0,0.09317862242460251
3017187584.0,0.08848097920417786
3018125056.0,0.08254075050354004
3019062528.0,0.07636056840419769
3020000000.0,0.07043416798114777
3020937472.0,0.06470619887113571
3021874944.0,0.058340393006801605
3022812416.0,0.052990347146987915
3023749888.0,0.04651282727718353
3024687616.0,0.04033699259161949
3025625088.0,0.034655988216400146
3026562560.0,0.028510283678770065
3027500032.0,0.021994788199663162
3028437504.0,0.016940580680966377
3029374976.0,0.010975513607263565
3030312448.0,0.005233394913375378
3031249920.0,-0.0003066128119826317
3032187392.0,-0.006522478070110083
3033125120.0,-0.01062946766614914
3034062592.0,-0.016794925555586815
3035000064.0,-0.02162931114435196
3035937536.0,-0.02606857381761074
3036875008.0,-0.03165579214692116
3037812480.0,-0.03643348440527916
3038749952.0,-0.041081503033638
3039687424.0,-0.04442586377263069
3040624896.0,-0.04895946383476257
3041562624.0,-0.05283106490969658
3042500096.0,-0.05610974133014679
3043437568.0,-0.058451149612665176
3044375040.0,-0.06164678558707237
3045312512.0,-0.0635189563035965
3046249984.0,-0.0647427886724472
3047187456.0,-0.06630638986825943
3048124928.0,-0.06666684150695801
3049062400.0,-0.06640289723873138
3049999872.0,-0.06557384878396988
3050937600.0,-0.06378884613513947
3051875072.0,-0.06137650087475777
3052812544.0,-0.058481913059949875
3053750016.0,-0.054706502705812454
3054687488.0,-0.05071079730987549
3055624960.0,-0.045472174882888794
3056562432.0,-0.039638906717300415
3057499904.0,-0.033327367156744
3058437376.0,-0.025392290204763412
3059375104.0,-0.017603376880288124
3060312576.0,-0.00798354484140873
3061250048.0,0.0022233030758798122
3062187520.0,0.012475932948291302
3063124992.0,0.023780912160873413
3064062464.0,0.03569062054157257
3064999936.0,0.047014184296131134
3065937408.0,0.06007377430796623
3066874880.0,0.07284259051084518
3067812608.0,0.1390000730752945
3068750080.0,0.14430761337280273
3069687552.0,0.14850854873657227
3070625024.0,0.15173912048339844
3071562496.0,0.1533898413181305
3072499968.0,0.15333808958530426
3073437440.0,0.15111657977104187
3074374912.0,0.14936234056949615
3075312384.0,0.1452621966600418
3076250112.0,0.1393352597951889
3077187584.0,0.13292865455150604
3078125056.0,0.12539862096309662
3079062528.0,0.11704390496015549
3080000000.0,0.10722661763429642
3080937472.0,0.09802387654781342
3081874944.0,0.08675803989171982
3082812416.0,0.07623818516731262
3083749888.0,0.06526326388120651
3084687616.0,0.054905541241168976
3085625088.0,0.044328853487968445
3086562560.0,0.03379656746983528
3087500032.0,0.023969370871782303
3088437504.0,0.014811918139457703
3089374976.0,0.006662268191576004
3090312448.0,-0.0020671417005360126
3091249920.0,-0.00822670478373766
3092187392.0,-0.014665381982922554
3093125120.0,-0.019674882292747498
3094062592.0,-0.023144861683249474
3095000064.0,-0.02719336748123169
3095937536.0,-0.02829872816801071
3096875008.0,-0.02803916111588478
3097812480.0,-0.028308991342782974
3098749952.0,-0.025895971804857254
3099687424.0,-0.02282164804637432
3100624896.0,-0.018519720062613487
3101562624.0,-0.013372275047004223
3102500096.0,-0.008414022624492645
3103437568.0,-0.0027044084854424
3104375040.0,0.0044757891446352005
3105312512.0,0.01233007200062275
3106249984.0,0.01983547769486904
3107187456.0,0.02750432677567005
3108124928.0,0.03589148074388504
3109062400.0,0.04320294409990311
3110000128.0,0.0514504611492157
3110937600.0,0.0604279600083828
3111875072.0,0.06643330305814743
3112812544.0,0.07364359498023987
3113750016.0,0.08187983185052872
3114687488.0,0.08821806311607361
3115624960.0,0.09473749995231628
3116562432.0,0.10060635954141617
3117499904.0,0.10563899576663971
3118437376.0,0.11087255924940109
3119375104.0,0.11509521305561066
3120312576.0,0.11977637559175491
3121250048.0,0.12240283936262131
3122187520.0,0.12561151385307312
3123124992.0,0.12801465392112732
3124062464.0,0.13136789202690125
3124999936.0,0.1333063393831253
3125937408.0,0.13537096977233887
3126874880.0,0.1382693499326706
3127812608.0,0.14412511885166168
3128750080.0,0.14322058856487274
3129687552.0,0.14291848242282867
3130625024.0,0.14137431979179382
3131562496.0,0.1404494196176529
3132499968.0,0.13753901422023773
3133437440.0,0.1344498097896576
3134374912.0,0.13208310306072235
3135312384.0,0.1290264129638672
3136250112.0,0.12644432485103607
3137187584.0,0.12390924990177155
3138125056.0,0.12067071348428726
3139062528.0,0.11997485160827637
3140000000.0,0.11889417469501495
3140937472.0,0.11912772804498672
3141874944.0,0.12095998227596283
3142812416.0,0.12287206947803497
3143749888.0,0.12743887305259705
3144687616.0,0.13202792406082153
3145625088.0,0.13762587308883667
3146562560.0,0.1429540067911148
3147500032.0,0.14850351214408875
3148437504.0,0.15205775201320648
3149374976.0,0.15507330000400543
3150312448.0,0.15572550892829895
3151249920.0,0.15542791783809662
3152187392.0,0.1525288075208664
3153125120.0,0.1474202275276184
3154062592.0,0.13957829773426056
3155000064.0,0.1308654099702835
3155937536.0,0.11906891316175461
3156875008.0,0.10680262744426727
3157812480.0,0.09283006936311722
3158749952.0,0.07831272482872009
3159687424.0,0.06352809816598892
3160624896.0,0.04655963554978371
3161562624.0,0.03149182349443436
3162500096.0,0.017682231962680817
3163437568.0,0.004346632398664951
3164375040.0,-0.007695117965340614
3165312512.0,-0.0167313814163208
3166249984.0,-0.02554955706000328
3167187456.0,-0.031237484887242317
3168124928.0,-0.03402099758386612
3169062400.0,-0.03520921617746353
3169999872.0,-0.03436534106731415
3170937600.0,-0.030370404943823814
3171875072.0,-0.02500799484550953
3172812544.0,-0.017430894076824188
3173750016.0,-0.00761589128524065
3174687488.0,0.003938778769224882
3175624960.0,0.015322702936828136
3176562432.0,0.02911032736301422
3177499904.0,0.044100482016801834
3178437376.0,0.05724012106657028
3179375104.0,0.07329971343278885
3180312576.0,0.08864805847406387
3181250048.0,0.10444651544094086
3182187520.0,0.11941248923540115
3183124992.0,0.13357219099998474
3184062464.0,0.1471308469772339
3184999936.0,0.16081446409225464
3185937408.0,0.17239950597286224
3186874880.0,0.1841641068458557
3187812608.0,0.15054398775100708
3188750080.0,0.14515043795108795
3189687552.0,0.14125190675258636
3190625024.0,0.13628606498241425
3191562496.0,0.12987427413463593
3192499968.0,0.12428174167871475
3193437440.0,0.11776052415370941
3194374912.0,0.1124960407614708
3195312384.0,0.10810816287994385
3196250112.0,0.1019960418343544
3197187584.0,0.09749244153499603
3198125056.0,0.0934210866689682
3199062528.0,0.08969143778085709
3200000000.0,0.08642897009849548
3200937472.0,0.08403753489255905
3201874944.0,0.08214592188596725
3202812416.0,0.08125469833612442
3203749888.0,0.08123558014631271
3204687616.0,0.08114252239465714
3205625088.0,0.08288837969303131
3206562560.0,0.08359015733003616
3207500032.0,0.08622239530086517
3208437504.0,0.08773978799581528
3209374976.0,0.09070005267858505
3210312448.0,0.09323739260435104
3211249920.0,0.09547202289104462
3212187392.0,0.09776641428470612
3213125120.0,0.10032781213521957
3214062592.0,0.1022571474313736
3215000064.0,0.10441362112760544
3215937536.0,0.10695241391658783
3216875008.0,0.1087203100323677
3217812480.0,0.11052852123975754
3218749952.0,0.11122196167707443
3219687424.0,0.11165257543325424
3220624896.0,0.11185195297002792
3221562624.0,0.11226458847522736
3222500096.0,0.11126213520765305
3223437568.0,0.11115002632141113
3224375040.0,0.10956591367721558
3225312512.0,0.10882887989282608
3226249984.0,0.10800398141145706
3227187456.0,0.10717224329710007
3228124928.0,0.106456458568573
3229062400.0,0.10651737451553345
3230000128.0,0.10589565336704254
3230937600.0,0.10558545589447021
3231875072.0,0.10691922903060913
3232812544.0,0.10759194195270538
3233750016.0,0.10988324880599976
3234687488.0,0.11213748902082443
3235624960.0,0.11460984498262405
3236562432.0,0.11866768449544907
3237499904.0,0.12322211265563965
3238437376.0,0.12750089168548584
3239375104.0,0.1328667551279068
3240312576.0,0.13864882290363312
3241250048.0,0.144090935587883
3242187520.0,0.1499609351158142
3243124992.0,0.15728417038917542
3244062464.0,0.16343776881694794
3244999936.0,0.16956423223018646
3245937408.0,0.1766277551651001
3246874880.0,0.18182845413684845
3247812608.0,0.09144646674394608
3248750080.0,0.08287926763296127
3249687552.0,0.0732433944940567
3250625024.0,0.06400790065526962
3251562496.0,0.0532836988568306
3252499968.0,0.044129081070423126
3253437440.0,0.034586045891046524
3254374912.0,0.026566291227936745
3255312384.0,0.020332884043455124
3256250112.0,0.015941543504595757
3257187584.0,0.013174734078347683
3258125056.0,0.012240130454301834
3259062528.0,0.012363209389150143
3260000000.0,0.01564980112016201
3260937472.0,0.018132882192730904
3261874944.0,0.02313745580613613
3262812416.0,0.025870246812701225
3263749888.0,0.03039235807955265
3264687616.0,0.03556213527917862
3265625088.0,0.03990432992577553
3266562560.0,0.04411952570080757
3267500032.0,0.047847166657447815
3268437504.0,0.05053601786494255
3269374976.0,0.05345097556710243
3270312448.0,0.05705863982439041
3271249920.0,0.059584151953458786
3272187392.0,0.06249179691076279
3273125120.0,0.063498355448246
3274062592.0,0.06600424647331238
3275000064.0,0.06757939606904984
3275937536.0,0.06926136463880539
3276875008.0,0.06982015073299408
3277812480.0,0.07172670215368271
3278749952.0,0.07256616652011871
3279687424.0,0.07380639016628265
3280624896.0,0.07382478564977646
3281562624.0,0.07544201612472534
3282500096.0,0.07556603848934174
3283437568.0,0.07534898817539215
3284375040.0,0.07648517191410065
3285312512.0,0.07657304406166077
3286249984.0,0.07566158473491669
3287187456.0,0.0752289816737175
3288124928.0,0.07582700997591019
3289062400.0,0.07530000060796738
3289999872.0,0.07466205954551697
3290937600.0,0.07404449582099915
3291875072.0,0.07458881288766861
3292812544.0,0.07458366453647614
3293750016.0,0.074832983314991
3294687488.0,0.07551441341638565
3295624960.0,0.07667570561170578
3296562432.0,0.07798324525356293
3297499904.0,0.07900109887123108
3298437376.0,0.08096055686473846
3299375104.0,0.08220149576663971
3300312576.0,0.08522732555866241
3301250048.0,0.08750878274440765
3302187520.0,0.09134573489427567
3303124992.0,0.09557090699672699
3304062464.0,0.09862876683473587
3304999936.0,0.10348337143659592
3305937408.0,0.10837545245885849
3306874880.0,0.11356442421674728
3307812608.0,0.12593775987625122
3308750080.0,0.13281197845935822
3309687552.0,0.14146389067173004
3310625024.0,0.1493120789527893
3311562496.0,0.1572575718164444
3312499968.0,0.16518370807170868
3313437440.0,0.17288117110729218
3314374912.0,0.18033671379089355
3315312384.0,0.18716873228549957
3316250112.0,0.1937081217765808
3317187584.0,0.19991643726825714
3318125056.0,0.20419813692569733
3319062528.0,0.20983166992664337
3320000000.0,0.21338120102882385
3320937472.0,0.21486632525920868
3321874944.0,0.21568094193935394
3322812416.0,0.21671798825263977
3323749888.0,0.21549364924430847
3324687616.0,0.21264603734016418
3325625088.0,0.20888610184192657
3326562560.0,0.20513632893562317
3327500032.0,0.19906358420848846
3328437504.0,0.19178378582000732
3329374976.0,0.18455585837364197
3330312448.0,0.17610515654087067
3331249920.0,0.1665848195552826
3332187392.0,0.15623754262924194
3333125120.0,0.14531007409095764
3334062592.0,0.13516439497470856
3335000064.0,0.12393786758184433
3335937536.0,0.11262281239032745
3336875008.0,0.10191037505865097
3337812480.0,0.09049765020608902
3338749952.0,0.08029971271753311
3339687424.0,0.0702778697013855
3340624896.0,0.05975750461220741
3341562624.0,0.05084843933582306
3342500096.0,0.04270520806312561
3343437568.0,0.03561186417937279
3344375040.0,0.02844102866947651
3345312512.0,0.024108801037073135
3346249984.0,0.01956114172935486
3347187456.0,0.016064930707216263
3348124928.0,0.014316605404019356
3349062400.0,0.01306474581360817
3350000128.0,0.013555857352912426
3350937600.0,0.015408361330628395
3351875072.0,0.019296856597065926
3352812544.0,0.022548621520400047
3353750016.0,0.02783024124801159
3354687488.0,0.033829934895038605
3355624960.0,0.03980134427547455
3356562432.0,0.048067595809698105
3357499904.0,0.056829214096069336
3358437376.0,0.0656924843788147
3359375104.0,0.0754779502749443
3360312576.0,0.08458006381988525
3361250048.0,0.09420139342546463
3362187520.0,0.10457839071750641
3363124992.0,0.11352114379405975
3364062464.0,0.12263941019773483
3364999936.0,0.13167259097099304
3365937408.0,0.14115022122859955
3366874880.0,0.14774970710277557
3367812608.0,0.030382340773940086
3368750080.0,0.03408527746796608
3369687552.0,0.036881186068058014
3370625024.0,0.0410596989095211
3371562496.0,0.04323424771428108
3372499968.0,0.04502956196665764
3373437440.0,0.04631084203720093
3374374912.0,0.04785587638616562
3375312384.0,0.04679155349731445
3376250112.0,0.04460115730762482
3377187584.0,0.041335541754961014
3378125056.0,0.038723185658454895
3379062528.0,0.033811721950769424
3380000000.0,0.027372783049941063
3380937472.0,0.021426202729344368
3381874944.0,0.013631682842969894
3382812416.0,0.005641771946102381
3383749888.0,-0.0032719834707677364
3384687616.0,-0.012560614384710789
3385625088.0,-0.023091165348887444
3386562560.0,-0.033808160573244095
3387500032.0,-0.04386214166879654
3388437504.0,-0.05562391132116318
3389374976.0,-0.06653488427400589
3390312448.0,-0.07634111493825912
3391249920.0,-0.08718909323215485
3392187392.0,-0.09744701534509659
3393125120.0,-0.10643245279788971
3394062592.0,-0.11555609107017517
3395000064.0,-0.12279915064573288
3395937536.0,-0.13103793561458588
3396875008.0,-0.13793246448040009
3397812480.0,-0.14377042651176453
3398749952.0,-0.14861613512039185
3399687424.0,-0.15265405178070068
3400624896.0,-0.15592873096466064
3401562624.0,-0.15800242125988007
3402500096.0,-0.1599276065826416
3403437568.0,-0.16057856380939484
3404375040.0,-0.16105268895626068
3405312512.0,-0.1605352908372879
3406249984.0,-0.1603645384311676
3407187456.0,-0.15893684327602386
3408124928.0,-0.15835526585578918
3409062400.0,-0.1585291028022766
3409999872.0,-0.1578395515680313
3410937600.0,-0.1585526168346405
3411875072.0,-0.1595284640789032
3412812544.0,-0.16120994091033936
3413750016.0,-0.16330325603485107
3414687488.0,-0.16743405163288116
3415624960.0,-0.1732819825410843
3416562432.0,-0.180422842502594
3417499904.0,-0.1890730857849121
3418437376.0,-0.2001267522573471
3419375104.0,-0.2125730961561203
3420312576.0,-0.22686804831027985
3421250048.0,-0.24391768872737885
3422187520.0,-0.26373565196990967
3423124992.0,-0.28453174233436584
3424062464.0,-0.3072277009487152
3424999936.0,-0.3329095244407654
3425937408.0,-0.35890626907348633
3426874880.0,-0.38757336139678955
3427812608.0,-0.4178185760974884
3428750080.0,-0.44634199142456055
3429687552.0,-0.4746178388595581
3430625024.0,-0.5026274919509888
3431562496.0,-0.5311534404754639
3432499968.0,-0.5586806535720825
3433437440.0,-0.5868282318115234
3434374912.0,-0.6140202879905701
3435312384.0,-0.6418017148971558
3436250112.0,-0.6689209342002869
3437187584.0,-0.6969523429870605
3438125056.0,-0.7243426442146301
3439062528.0,-0.7531598210334778
3440000000.0,-0.7823312282562256
3440937472.0,-0.8129016757011414
3441874944.0,-0.8456059694290161
3442812416.0,-0.880077600479126
3443749888.0,-0.9164339303970337
3444687616.0,-0.9564085602760315
3445625088.0,-0.9993647933006287
3446562560.0,-1.0438971519470215
3447500032.0,-1.0906370878219604
3448437504.0,-1.1408921480178833
3449374976.0,-1.1934781074523926
3450312448.0,-1.2478965520858765
3451249920.0,-1.3052942752838135
3452187392.0,-1.3653780221939087
3453125120.0,-1.425964593887329
3454062592.0,-1.486006736755371
3455000064.0,-1.5488837957382202
3455937536.0,-1.6091407537460327
3456875008.0,-1.6684149503707886
3457812480.0,-1.7237099409103394
3458749952.0,-1.7745991945266724
3459687424.0,-1.8187353610992432
3460624896.0,-1.8573507070541382
3461562624.0,-1.886770248413086
3462500096.0,-1.9103748798370361
3463437568.0,-1.927149772644043
3464375040.0,-1.937325358390808
3465312512.0,-1.9410191774368286
3466249984.0,-1.9368963241577148
3467187456.0,-1.9272547960281372
3468124928.0,-1.9092375040054321
3469062400.0,-1.8862690925598145
3470000128.0,-1.8578134775161743
3470937600.0,-1.8238922357559204
3471875072.0,-1.7860558032989502
3472812544.0,-1.742231845855713
3473750016.0,-1.695359468460083
3474687488.0,-1.6451735496520996
3475624960.0,-1.5953580141067505
3476562432.0,-1.5456444025039673
3477499904.0,-1.4937348365783691
3478437376.0,-1.4424293041229248
3479375104.0,-1.388814091682434
3480312576.0,-1.3395661115646362
3481250048.0,-1.2933366298675537
3482187520.0,-1.245969533920288
3483124992.0,-1.199596881866455
3484062464.0,-1.1525275707244873
3484999936.0,-1.108115553855896
3485937408.0,-1.0653407573699951
3486874880.0,-1.0232646465301514
3487812608.0,-1.017565369606018
3488750080.0,-0.9793009161949158
3489687552.0,-0.9424964785575867
3490625024.0,-0.9074282646179199
3491562496.0,-0.8747903108596802
3492499968.0,-0.8448696732521057
3493437440.0,-0.8171114921569824
3494374912.0,-0.7913941144943237
3495312384.0,-0.7690147757530212
3496250112.0,-0.7473430037498474
3497187584.0,-0.7288075685501099
3498125056.0,-0.7111697196960449
3499062528.0,-0.6947453022003174
3500000000.0,-0.6786295771598816
3500937472.0,-0.6637468934059143
3501874944.0,-0.6491783261299133
3502812416.0,-0.6344268321990967
3503749888.0,-0.6215032935142517
3504687616.0,-0.6092939972877502
3505625088.0,-0.5975172519683838
3506562560.0,-0.5859203338623047
3507500032.0,-0.5736426711082458
3508437504.0,-0.5621955990791321
3509374976.0,-0.5504862070083618
3510312448.0,-0.5387436747550964
3511249920.0,-0.5272859930992126
3512187392.0,-0.5157269239425659
3513125120.0,-0.5028004050254822
3514062592.0,-0.4901387095451355
3515000064.0,-0.47531890869140625
3515937536.0,-0.45948630571365356
3516875008.0,-0.4421965181827545
3517812480.0,-0.4244886040687561
3518749952.0,-0.4071189761161804
3519687424.0,-0.38758453726768494
3520624896.0,-0.3689366579055786
3521562624.0,-0.3492240607738495
3522500096.0,-0.32983332872390747
3523437568.0,-0.3109399676322937
3524375040.0,-0.2922295331954956
3525312512.0,-0.2742847502231598
3526249984.0,-0.2559415400028229
3527187456.0,-0.23846900463104248
3528124928.0,-0.2219349443912506
3529062400.0,-0.20555810630321503
3529999872.0,-0.1910877227783203
3530937600.0,-0.17783652245998383
3531875072.0,-0.16625860333442688
3532812544.0,-0.1555004119873047
3533750016.0,-0.14711056649684906
3534687488.0,-0.14027522504329681
3535624960.0,-0.13306306302547455
3536562432.0,-0.1287568062543869
3537499904.0,-0.12621895968914032
3538437376.0,-0.12468359619379044
3539375104.0,-0.12527447938919067
3540312576.0,-0.12657268345355988
3541250048.0,-0.1309059113264084
3542187520.0,-0.13507351279258728
3543124992.0,-0.1413901150226593
3544062464.0,-0.14884303510189056
3544999936.0,-0.1582036167383194
3545937408.0,-0.16833141446113586
3546874880.0,-0.17933987081050873
3547812608.0,-0.21257410943508148
3548750080.0,-0.20291045308113098
3549687552.0,-0.19343017041683197
3550625024.0,-0.1849237084388733
3551562496.0,-0.17757850885391235
3552499968.0,-0.17106038331985474
3553437440.0,-0.16398878395557404
3554374912.0,-0.15871816873550415
3555312384.0,-0.15435752272605896
3556250112.0,-0.14995871484279633
3557187584.0,-0.1463967114686966
3558125056.0,-0.14330680668354034
3559062528.0,-0.14028312265872955
3560000000.0,-0.13713067770004272
3560937472.0,-0.13463075459003448
3561874944.0,-0.1310533732175827
3562812416.0,-0.1283024251461029
3563749888.0,-0.12605109810829163
3564687616.0,-0.12242518365383148
3565625088.0,-0.1196509599685669
3566562560.0,-0.11615466326475143
3567500032.0,-0.11377134174108505
3568437504.0,-0.1123572513461113
3569374976.0,-0.10864267498254776
3570312448.0,-0.10687743872404099
3571249920.0,-0.10365234315395355
3572187392.0,-0.1014355942606926
3573125120.0,-0.09879440814256668
3574062592.0,-0.0958014652132988
3575000064.0,-0.09195977449417114
3575937536.0,-0.08812139928340912
3576875008.0,-0.08525939285755157
3577812480.0,-0.08078815788030624
3578749952.0,-0.07716317474842072
3579687424.0,-0.07297810912132263
3580624896.0,-0.0684463381767273
3581562624.0,-0.06549897789955139
3582500096.0,-0.062127940356731415
3583437568.0,-0.057558201253414154
3584375040.0,-0.05578982084989548
3585312512.0,-0.05369504913687706
3586249984.0,-0.05073414742946625
3587187456.0,-0.04911550134420395
3588124928.0,-0.04745308682322502
3589062400.0,-0.0466076135635376
3590000128.0,-0.04630342125892639
3590937600.0,-0.045705508440732956
3591875072.0,-0.04638104885816574
3592812544.0,-0.04734987020492554
3593750016.0,-0.04820859059691429
3594687488.0,-0.04928436875343323
3595624960.0,-0.0511014461517334
3596562432.0,-0.05315306410193443
3597499904.0,-0.05574021860957146
3598437376.0,-0.05936359241604805
3599375104.0,-0.06222357973456383
3600312576.0,-0.06537853926420212
3601250048.0,-0.06840895861387253
3602187520.0,-0.0720779299736023
3603124992.0,-0.07482199370861053
3604062464.0,-0.0784662514925003
3604999936.0,-0.08002728223800659
3605937408.0,-0.08238949626684189
3606874880.0,-0.08347921073436737
3607812608.0,-0.08838746696710587
3608750080.0,-0.08650372922420502
3609687552.0,-0.08551055938005447
3610625024.0,-0.08342675119638443
3611562496.0,-0.08284930139780045
3612499968.0,-0.08293766528367996
3613437440.0,-0.0822368860244751
3614374912.0,-0.08454185724258423
3615312384.0,-0.08596255630254745
3616250112.0,-0.08764667063951492
3617187584.0,-0.0910603404045105
3618125056.0,-0.09242825955152512
3619062528.0,-0.09506139159202576
3620000000.0,-0.09724195301532745
3620937472.0,-0.09906412661075592
3621874944.0,-0.10203446447849274
3622812416.0,-0.10486773401498795
3623749888.0,-0.10693550109863281
3624687616.0,-0.10837454348802567
3625625088.0,-0.1106325313448906
3626562560.0,-0.11308091878890991
3627500032.0,-0.11514458060264587
3628437504.0,-0.11737249046564102
3629374976.0,-0.11992039531469345
3630312448.0,-0.12117984890937805
3631249920.0,-0.12142198532819748
3632187392.0,-0.12088487297296524
3633125120.0,-0.11973703652620316
3634062592.0,-0.1177871897816658
3635000064.0,-0.11473292857408524
3635937536.0,-0.11074170470237732
3636875008.0,-0.10601615160703659
3637812480.0,-0.10047426074743271
3638749952.0,-0.09385574609041214
3639687424.0,-0.08711215853691101
3640624896.0,-0.08058899641036987
3641562624.0,-0.07319409400224686
3642500096.0,-0.06559920310974121
3643437568.0,-0.058074384927749634
3644375040.0,-0.04987465962767601
3645312512.0,-0.042289312928915024
3646249984.0,-0.03370542451739311
3647187456.0,-0.024021783843636513
3648124928.0,-0.016096847131848335
3649062400.0,-0.007905684411525726
3649999872.0,-0.00018850405467674136
3650937600.0,0.006943038199096918
3651875072.0,0.013339532539248466
3652812544.0,0.020068539306521416
3653750016.0,0.025772472843527794
3654687488.0,0.02997460775077343
3655624960.0,0.03572949767112732
3656562432.0,0.03853559121489525
3657499904.0,0.04138598218560219
3658437376.0,0.042367253452539444
3659375104.0,0.04434273764491081
3660312576.0,0.04423157870769501
3661250048.0,0.04278426989912987
3662187520.0,0.04172884672880173
3663124992.0,0.03872481733560562
3664062464.0,0.034369878470897675
3664999936.0,0.029867220669984818
3665937408.0,0.024938877671957016
3666874880.0,0.01912698894739151
3667812608.0,0.010595285333693027
3668750080.0,0.0056350864470005035
3669687552.0,0.0007763617904856801
3670625024.0,-0.003935245331376791
3671562496.0,-0.006227212958037853
3672499968.0,-0.010078420862555504
3673437440.0,-0.012937508523464203
3674374912.0,-0.014456926845014095
3675312384.0,-0.015573864802718163
3676250112.0,-0.016904274001717567
3677187584.0,-0.016713235527276993
3678125056.0,-0.01662120595574379
3679062528.0,-0.01642431505024433
3680000000.0,-0.01695045828819275
3680937472.0,-0.015353687107563019
3681874944.0,-0.0141915800049901
3682812416.0,-0.012393292970955372
3683749888.0,-0.010643953457474709
3684687616.0,-0.008343006484210491
3685625088.0,-0.006055933889001608
3686562560.0,-0.0032119739335030317
3687500032.0,-0.0002347385452594608
3688437504.0,0.0026189370546489954
3689374976.0,0.005640575662255287
3690312448.0,0.008916047401726246
3691249920.0,0.011890726163983345
3692187392.0,0.015257652848958969
3693125120.0,0.017085082828998566
3694062592.0,0.019929293543100357
3695000064.0,0.022808795794844627
3695937536.0,0.02445160411298275
3696875008.0,0.026925019919872284
3697812480.0,0.028388457372784615
3698749952.0,0.03007025644183159
3699687424.0,0.03113415651023388
3700624896.0,0.032125819474458694
3701562624.0,0.0318184457719326
3702500096.0,0.031570009887218475
3703437568.0,0.02916831709444523
3704375040.0,0.026221919804811478
3705312512.0,0.022782674059271812
3706249984.0,0.01719648391008377
3707187456.0,0.010291734710335732
3708124928.0,0.0022300665732473135
3709062400.0,-0.0066271619871258736
3710000128.0,-0.016507158055901527
3710937600.0,-0.0272752046585083
3711875072.0,-0.0412418507039547
3712812544.0,-0.05575427785515785
3713750016.0,-0.07247947156429291
3714687488.0,-0.08979780972003937
3715624960.0,-0.10851480066776276
3716562432.0,-0.12863615155220032
3717499904.0,-0.14824579656124115
3718437376.0,-0.16952329874038696
3719375104.0,-0.1909697949886322
3720312576.0,-0.2114095836877823
3721250048.0,-0.23304316401481628
3722187520.0,-0.2520069181919098
3723124992.0,-0.27139297127723694
3724062464.0,-0.29060250520706177
3724999936.0,-0.3069191873073578
3725937408.0,-0.3225962519645691
3726874880.0,-0.3373924195766449
3727812608.0,-0.023560654371976852
3728750080.0,-0.02333580143749714
3729687552.0,-0.024105791002511978
3730625024.0,-0.026356616988778114
3731562496.0,-0.02837946079671383
3732499968.0,-0.03220003470778465
3733437440.0,-0.03528420999646187
3734374912.0,-0.03798241913318634
3735312384.0,-0.040768276900053024
3736250112.0,-0.04361692816019058
3737187584.0,-0.04552138224244118
3738125056.0,-0.04691431671380997
3739062528.0,-0.048539359122514725
3740000000.0,-0.047623004764318466
3740937472.0,-0.04647095873951912
3741874944.0,-0.04500709846615791
3742812416.0,-0.04220866784453392
3743749888.0,-0.03967300429940224
3744687616.0,-0.035192880779504776
3745625088.0,-0.03018386848270893
3746562560.0,-0.023378612473607063
3747500032.0,-0.017302120104432106
3748437504.0,-0.00943595077842474
3749374976.0,-0.0006821557180956006
3750312448.0,0.007651927415281534
3751249920.0,0.01843811199069023
3752187392.0,0.02896248549222946
3753125120.0,0.04073372855782509
3754062592.0,0.050476908683776855
3755000064.0,0.06111956760287285
3755937536.0,0.07192914187908173
3756875008.0,0.08236787468194962
3757812480.0,0.09194610267877579
3758749952.0,0.09990860521793365
3759687424.0,0.10788269340991974
3760624896.0,0.11498640477657318
3761562624.0,0.1196240782737732
3762500096.0,0.12410492449998856
3763437568.0,0.12758789956569672
3764375040.0,0.12919649481773376
3765312512.0,0.12946346402168274
3766249984.0,0.1284162700176239
3767187456.0,0.12578558921813965
3768124928.0,0.12083205580711365
3769062400.0,0.1160397008061409
3769999872.0,0.10915031284093857
3770937600.0,0.10084604471921921
3771875072.0,0.09138429164886475
3772812544.0,0.08101576566696167
3773750016.0,0.07112809270620346
3774687488.0,0.05959753319621086
3775624960.0,0.04648563638329506
3776562432.0,0.03518841788172722
3777499904.0,0.023519519716501236
3778437376.0,0.011689369566738605
3779375104.0,-0.001084357500076294
3780312576.0,-0.014317292720079422
3781250048.0,-0.02678532898426056
3782187520.0,-0.03961652144789696
3783124992.0,-0.050575338304042816
3784062464.0,-0.06121710687875748
3784999936.0,-0.07166124135255814
3785937408.0,-0.08042921125888824
3786874880.0,-0.07103366404771805
3787812608.0,-0.07428277283906937
3788750080.0,-0.0772877186536789
3789687552.0,-0.0800958201289177
3790625024.0,-0.08403555303812027
3791562496.0,-0.0870002955198288
3792499968.0,-0.0912250429391861
3793437440.0,-0.09395678341388702
3794374912.0,-0.09562654048204422
3795312384.0,-0.09695841372013092
3796250112.0,-0.09788049757480621
3797187584.0,-0.0978192463517189
3798125056.0,-0.09718057513237
3799062528.0,-0.09456494450569153
3800000000.0,-0.0907755196094513
3800937472.0,-0.08669474720954895
3801874944.0,-0.08153384178876877
3802812416.0,-0.07545523345470428
3803749888.0,-0.06858758628368378
3804687616.0,-0.06023190915584564
3805625088.0,-0.051924992352724075
3806562560.0,-0.043252501636743546
3807500032.0,-0.03415350615978241
3808437504.0,-0.024651063606142998
3809374976.0,-0.015647968277335167
3810312448.0,-0.006953699979931116
3811249920.0,0.0019047611858695745
3812187392.0,0.010319026187062263
3813125120.0,0.01818760484457016
3814062592.0,0.026229532435536385
3815000064.0,0.03307569772005081
3815937536.0,0.039935287088155746
3816875008.0,0.04562508687376976
3817812480.0,0.05124426633119583
3818749952.0,0.05506833270192146
3819687424.0,0.057179294526576996
3820624896.0,0.05923064425587654
3821562624.0,0.05924956873059273
3822500096.0,0.05840107798576355
3823437568.0,0.05831025540828705
3824375040.0,0.05661487206816673
3825312512.0,0.05471481382846832
3826249984.0,0.05163402855396271
3827187456.0,0.049029961228370667
3828124928.0,0.0451611652970314
3829062400.0,0.04061860963702202
3830000128.0,0.036344412714242935
3830937600.0,0.03098965249955654
3831875072.0,0.02568287029862404
3832812544.0,0.020190589129924774
3833750016.0,0.013210125267505646
3834687488.0,0.006447008810937405
3835624960.0,0.0009321211837232113
3836562432.0,-0.004958896432071924
3837499904.0,-0.011072330176830292
3838437376.0,-0.016829410567879677
3839375104.0,-0.022590946406126022
3840312576.0,-0.02844659425318241
3841250048.0,-0.03363840654492378
3842187520.0,-0.038712650537490845
3843124992.0,-0.043411754071712494
3844062464.0,-0.04708702489733696
3844999936.0,-0.05009518563747406
3845937408.0,-0.05441179499030113
3846874880.0,-0.05141551420092583
3847812608.0,-0.054996997117996216
3848750080.0,-0.05656169354915619
3849687552.0,-0.05873844400048256
3850625024.0,-0.0605790838599205
3851562496.0,-0.06267961859703064
3852499968.0,-0.06413400918245316
3853437440.0,-0.06452172994613647
3854374912.0,-0.0651107132434845
3855312384.0,-0.06568469107151031
3856250112.0,-0.06440220028162003
3857187584.0,-0.06401723623275757
3858125056.0,-0.06392698734998703
3859062528.0,-0.061847347766160965
3860000000.0,-0.060098160058259964
3860937472.0,-0.05759919807314873
3861874944.0,-0.05476950854063034
3862812416.0,-0.05233585089445114
3863749888.0,-0.050914812833070755
3864687616.0,-0.05029404163360596
3865625088.0,-0.050120964646339417
3866562560.0,-0.05478212982416153
3867500032.0,-0.058394890278577805
3868437504.0,-0.0647369995713234
3869374976.0,-0.07193907350301743
3870312448.0,-0.08028469979763031
3871249920.0,-0.08992473781108856
3872187392.0,-0.10164235532283783
3873125120.0,-0.11234433203935623
3874062592.0,-0.12417053431272507
3875000064.0,-0.13539956510066986
3875937536.0,-0.14653407037258148
3876875008.0,-0.15622466802597046
3877812480.0,-0.16463272273540497
3878749952.0,-0.17171059548854828
3879687424.0,-0.1754533052444458
3880624896.0,-0.1785917431116104
3881562624.0,-0.17949073016643524
3882500096.0,-0.1774826943874359
3883437568.0,-0.1752796471118927
3884375040.0,-0.16968165338039398
3885312512.0,-0.16198976337909698
3886249984.0,-0.1542547345161438
3887187456.0,-0.14367283880710602
3888124928.0,-0.13165533542633057
3889062400.0,-0.11995600163936615
3889999872.0,-0.10781015455722809
3890937600.0,-0.09471972286701202
3891875072.0,-0.0822942703962326
3892812544.0,-0.07040669023990631
3893750016.0,-0.0599680170416832
3894687488.0,-0.050110429525375366
3895624960.0,-0.040711093693971634
3896562432.0,-0.03238602355122566
3897499904.0,-0.026320986449718475
3898437376.0,-0.021349219605326653
3899375104.0,-0.016045089811086655
3900312576.0,-0.013136365450918674
3901250048.0,-0.010774838738143444
3902187520.0,-0.00962489377707243
3903124992.0,-0.008649774827063084
3904062464.0,-0.008067243732511997
3904999936.0,-0.007056383416056633
3905937408.0,-0.006287577096372843
3906874880.0,-0.015770189464092255
3907812608.0,-0.024040518328547478
3908750080.0,-0.030630266293883324
3909687552.0,-0.03642957657575607
3910625024.0,-0.03955826908349991
3911562496.0,-0.04129141569137573
3912499968.0,-0.040466926991939545
3913437440.0,-0.03884982690215111
3914374912.0,-0.03469983488321304
3915312384.0,-0.028951916843652725
3916250112.0,-0.02213035523891449
3917187584.0,-0.012890325859189034
3918125056.0,-0.003814341500401497
3919062528.0,0.006602470763027668
3920000000.0,0.01714792475104332
3920937472.0,0.02748872898519039
3921874944.0,0.0384482741355896
3922812416.0,0.04827221482992172
3923749888.0,0.059241775423288345
3924687616.0,0.06875600665807724
3925625088.0,0.07795248180627823
3926562560.0,0.08600598573684692
3927500032.0,0.09275726974010468
3928437504.0,0.09799239784479141
3929374976.0,0.10289080440998077
3930312448.0,0.10532768070697784
3931249920.0,0.1072966530919075
3932187392.0,0.10730593651533127
3933125120.0,0.10505896061658859
3934062592.0,0.10305005311965942
3935000064.0,0.09891695529222488
3935937536.0,0.09296976029872894
3936875008.0,0.08556406199932098
3937812480.0,0.07695353776216507
3938749952.0,0.06784474104642868
3939687424.0,0.05807775259017944
3940624896.0,0.046197615563869476
3941562624.0,0.034841667860746384
3942500096.0,0.021590720862150192
3943437568.0,0.00835353322327137
3944375040.0,-0.0042839148081839085
3945312512.0,-0.018054630607366562
3946249984.0,-0.03228754177689552
3947187456.0,-0.04560340568423271
3948124928.0,-0.058664631098508835
3949062400.0,-0.0704348161816597
3950000128.0,-0.08209384977817535
3950937600.0,-0.09320799261331558
3951875072.0,-0.10336028784513474
3952812544.0,-0.11393369734287262
3953750016.0,-0.12325196713209152
3954687488.0,-0.13203556835651398
3955624960.0,-0.13883300125598907
3956562432.0,-0.1473032385110855
3957499904.0,-0.15459752082824707
3958437376.0,-0.16113026440143585
3959375104.0,-0.1680517941713333
3960312576.0,-0.17347553372383118
3961250048.0,-0.17907454073429108
3962187520.0,-0.18493962287902832
3963124992.0,-0.18991148471832275
3964062464.0,-0.19363321363925934
3964999936.0,-0.1979997456073761
3965937408.0,-0.20269156992435455
3966874880.0,-0.09335807710886002
3967812608.0,-0.09913814812898636
3968750080.0,-0.10585453361272812
3969687552.0,-0.11027117073535919
3970625024.0,-0.11333790421485901
3971562496.0,-0.11687970906496048
3972499968.0,-0.11941942572593689
3973437440.0,-0.11992175877094269
3974374912.0,-0.12004382908344269
3975312384.0,-0.11970750987529755
3976250112.0,-0.11824439465999603
3977187584.0,-0.11677936464548111
3978125056.0,-0.1130581945180893
3979062528.0,-0.11010941118001938
3980000000.0,-0.10534900426864624
3980937472.0,-0.10000775754451752
3981874944.0,-0.09468904137611389
3982812416.0,-0.08865396678447723
3983749888.0,-0.08324070274829865
3984687616.0,-0.07676228880882263
3985625088.0,-0.07034534215927124
3986562560.0,-0.06477261334657669
3987500032.0,-0.059653449803590775
3988437504.0,-0.05382092669606209
3989374976.0,-0.048058729618787766
3990312448.0,-0.04277222976088524
3991249920.0,-0.03760785609483719
3992187392.0,-0.032400842756032944
3993125120.0,-0.028746064752340317
3994062592.0,-0.024791985750198364
3995000064.0,-0.022217905148863792
3995937536.0,-0.020035021007061005
3996875008.0,-0.018896127119660378
3997812480.0,-0.019391290843486786
3998749952.0,-0.01978810876607895
3999687424.0,-0.019479909911751747
4000624896.0,-0.011978867463767529
4001562624.0,-0.016792528331279755
4002500096.0,-0.021325068548321724
4003437568.0,-0.02862842008471489
4004375040.0,-0.035980671644210815
4005312512.0,-0.042950134724378586
4006249984.0,-0.05226810276508331
4007187456.0,-0.05977850407361984
4008124928.0,-0.0696970671415329
4009062400.0,-0.0794980600476265
4009999872.0,-0.08867436647415161
4010937600.0,-0.0984763652086258
4011875072.0,-0.10756229609251022
4012812544.0,-0.11682919412851334
4013750016.0,-0.12522873282432556
4014687488.0,-0.1333170384168625
4015624960.0,-0.1414208561182022
4016562432.0,-0.14912667870521545
4017499904.0,-0.15682043135166168
4018437376.0,-0.16374161839485168
4019375104.0,-0.17063350975513458
4020312576.0,-0.17777222394943237
4021250048.0,-0.18412843346595764
4022187520.0,-0.1905459463596344
4023124992.0,-0.19497576355934143
4024062464.0,-0.20007050037384033
4024999936.0,-0.20308053493499756
4025937408.0,-0.20729376375675201
4026874880.0,-0.19950495660305023
4027812608.0,-0.20199231803417206
4028750080.0,-0.2043447494506836
4029687552.0,-0.20650339126586914
4030625024.0,-0.20772717893123627
4031562496.0,-0.20953722298145294
4032499968.0,-0.21135424077510834
4033437440.0,-0.21224890649318695
4034374912.0,-0.21388359367847443
4035312384.0,-0.21503177285194397
4036250112.0,-0.2160290628671646
4037187584.0,-0.21638859808444977
4038125056.0,-0.21650739014148712
4039062528.0,-0.2150566577911377
4040000000.0,-0.21411149203777313
4040937472.0,-0.2125488817691803
4041874944.0,-0.21045097708702087
4042812416.0,-0.2074471265077591
4043749888.0,-0.20357435941696167
4044687616.0,-0.20111194252967834
4045625088.0,-0.19655904173851013
4046562560.0,-0.19129016995429993
4047500032.0,-0.18412335216999054
4048437504.0,-0.1760939359664917
4049374976.0,-0.16678975522518158
4050312448.0,-0.15752260386943817
4051249920.0,-0.14729496836662292
4052187392.0,-0.1355201154947281
4053125120.0,-0.12410309165716171
4054062592.0,-0.11264688521623611
4055000064.0,-0.09989804029464722
4055937536.0,-0.0871238112449646
4056875008.0,-0.07516352087259293
4057812480.0,-0.062392380088567734
4058749952.0,-0.050159238278865814
4059687424.0,-0.03897177428007126
4060624896.0,-0.027269450947642326
4061562624.0,-0.015444498509168625
4062500096.0,-0.006298714317381382
4063437568.0,0.0035944273695349693
4064375040.0,0.012038299813866615
4065312512.0,0.01990572363138199
4066249984.0,0.025820892304182053
4067187456.0,0.03161070495843887
4068124928.0,0.03566408529877663
4069062400.0,0.039441581815481186
4070000128.0,0.04100889712572098
4070937600.0,0.042058609426021576
4071875072.0,0.042247164994478226
4072812544.0,0.040156930685043335
4073750016.0,0.03710678219795227
4074687488.0,0.03339609503746033
4075624960.0,0.029222583398222923
4076562432.0,0.022509736940264702
4077499904.0,0.015636764466762543
4078437376.0,0.007359158713370562
4079375104.0,-0.0008852157043293118
4080312576.0,-0.009628428146243095
4081250048.0,-0.019265877082943916
4082187520.0,-0.030108286067843437
4083124992.0,-0.04142053425312042
4084062464.0,-0.05155331641435623
4084999936.0,-0.061581823974847794
4085937408.0,-0.0721021294593811
4086874880.0,-0.09633498638868332
4087812608.0,-0.10249193757772446
4088750080.0,-0.10742684453725815
4089687552.0,-0.11086474359035492
4090625024.0,-0.11491033434867859
4091562496.0,-0.11692740023136139
4092499968.0,-0.12061072140932083
4093437440.0,-0.12199653685092926
4094374912.0,-0.12454178929328918
4095312384.0,-0.1256338208913803
4096250112.0,-0.12659305334091187
4097187584.0,-0.12807431817054749
4098125056.0,-0.12954047322273254
4099062528.0,-0.1301063597202301
4100000000.0,-0.1312015801668167
4100937472.0,-0.13295544683933258
4101874944.0,-0.134608194231987
4102812416.0,-0.1358977109193802
4103749888.0,-0.1373535841703415
4104687616.0,-0.1395835131406784
4105625088.0,-0.1410016119480133
4106562560.0,-0.14399804174900055
4107500032.0,-0.14495934545993805
4108437504.0,-0.14626401662826538
4109374976.0,-0.14715853333473206
4110312448.0,-0.147353395819664
4111249920.0,-0.14752665162086487
4112187392.0,-0.14790159463882446
4113125120.0,-0.14794233441352844
4114062592.0,-0.1474607288837433
4115000064.0,-0.14689858257770538
4115937536.0,-0.14617674052715302
4116875008.0,-0.14436723291873932
4117812480.0,-0.14232075214385986
4118749952.0,-0.14016149938106537
4119687424.0,-0.1369301825761795
4120624896.0,-0.13349774479866028
4121562624.0,-0.129302978515625
4122500096.0,-0.12594014406204224
4123437568.0,-0.1220756471157074
4124375040.0,-0.11792248487472534
4125312512.0,-0.11339519172906876
4126249984.0,-0.11018257588148117
4127187456.0,-0.10612531751394272
4128124928.0,-0.10189390927553177
4129062400.0,-0.09691501408815384
4129999872.0,-0.09258504956960678
4130937600.0,-0.08798272162675858
4131875072.0,-0.08312739431858063
4132812544.0,-0.08072182536125183
4133750016.0,-0.0763358473777771
4134687488.0,-0.0732332319021225
4135624960.0,-0.07134414464235306
4136562432.0,-0.06868042796850204
4137499904.0,-0.06706558167934418
4138437376.0,-0.06528531759977341
4139375104.0,-0.062425922602415085
4140312576.0,-0.06066085770726204
4141250048.0,-0.059468306601047516
4142187520.0,-0.058434244245290756
4143124992.0,-0.05651631951332092
4144062464.0,-0.05584513023495674
4144999936.0,-0.055065009742975235
4145937408.0,-0.05308016389608383
4146874880.0,-0.09329327195882797
4147812608.0,-0.09427234530448914
4148750080.0,-0.09639078378677368
4149687552.0,-0.0968322828412056
4150625024.0,-0.09585988521575928
4151562496.0,-0.09536340087652206
4152499968.0,-0.09279531985521317
4153437440.0,-0.09075821191072464
4154374912.0,-0.08805816620588303
4155312384.0,-0.08381151407957077
4156250112.0,-0.07960143685340881
4157187584.0,-0.07559385895729065
4158125056.0,-0.07048153877258301
4159062528.0,-0.06584181636571884
4160000000.0,-0.06112488731741905
4160937472.0,-0.055933818221092224
4161874944.0,-0.051265209913253784
4162812416.0,-0.0462871678173542
4163749888.0,-0.04256800562143326
4164687616.0,-0.03837073594331741
4165625088.0,-0.036541763693094254
4166562560.0,-0.03535284474492073
4167500032.0,-0.03322890028357506
4168437504.0,-0.03254944831132889
4169374976.0,-0.03210302069783211
4170312448.0,-0.03339137136936188
4171249920.0,-0.03423430398106575
4172187392.0,-0.035538386553525925
4173125120.0,-0.038186535239219666
4174062592.0,-0.04096154868602753
4175000064.0,-0.04402705281972885
4175937536.0,-0.04713982343673706
4176875008.0,-0.05184085667133331
4177812480.0,-0.057164762169122696
4178749952.0,-0.061241865158081055
4179687424.0,-0.06715712696313858
4180624896.0,-0.07156644016504288
4181562624.0,-0.07654471695423126
4182500096.0,-0.08145035803318024
4183437568.0,-0.08762521296739578
4184375040.0,-0.09153397381305695
4185312512.0,-0.09690321981906891
4186249984.0,-0.10122987627983093
4187187456.0,-0.10467876493930817
4188124928.0,-0.10904047638177872
4189062400.0,-0.11375101655721664
4190000128.0,-0.1168641597032547
4190937600.0,-0.12058645486831665
4191875072.0,-0.12309907376766205
4192812544.0,-0.12582530081272125
4193750016.0,-0.12966912984848022
4194687488.0,-0.1327652931213379
4195624960.0,-0.13487184047698975
4196562432.0,-0.13935649394989014
4197499904.0,-0.14335757493972778
4198437376.0,-0.14781410992145538
4199375104.0,-0.15134166181087494
4200312576.0,-0.15618406236171722
4201250048.0,-0.1616327166557312
4202187520.0,-0.16704215109348297
4203124992.0,-0.17091922461986542
4204062464.0,-0.17425282299518585
4204999936.0,-0.1788603961467743
4205937408.0,-0.1833682507276535
4206874880.0,-0.17382396757602692
4207812608.0,-0.18082775175571442
4208750080.0,-0.18601934611797333
4209687552.0,-0.19076192378997803
4210625024.0,-0.1945800632238388
4211562496.0,-0.19924448430538177
4212499968.0,-0.20123478770256042
4213437440.0,-0.20417837798595428
4214374912.0,-0.20503321290016174
4215312384.0,-0.20457912981510162
4216250112.0,-0.20268969237804413
4217187584.0,-0.20003145933151245
4218125056.0,-0.19456696510314941
4219062528.0,-0.18830056488513947
4220000000.0,-0.18080100417137146
4220937472.0,-0.16985507309436798
4221874944.0,-0.15964765846729279
4222812416.0,-0.14661690592765808
4223749888.0,-0.13340522348880768
4224687616.0,-0.11995876580476761
4225625088.0,-0.10505186766386032
4226562560.0,-0.09009800851345062
4227500032.0,-0.0733247622847557
4228437504.0,-0.0571051724255085
4229374976.0,-0.041667256504297256
4230312448.0,-0.02454683557152748
4231249920.0,-0.007172272074967623
4232187392.0,0.008729423396289349
4233125120.0,0.024962693452835083
4234062592.0,0.04149625077843666
4235000064.0,0.057068824768066406
4235937536.0,0.07097888737916946
4236875008.0,0.08458506315946579
4237812480.0,0.09625929594039917
4238749952.0,0.10751000046730042
4239687424.0,0.11805737018585205
4240624896.0,0.12576565146446228
4241562624.0,0.13266627490520477
4242500096.0,0.1389210820198059
4243437568.0,0.143011674284935
4244375040.0,0.14511363208293915
4245312512.0,0.14638788998126984
4246249984.0,0.145203098654747
4247187456.0,0.14211884140968323
4248124928.0,0.1382264941930771
4249062400.0,0.13227063417434692
4249999872.0,0.12469304352998734
4250937600.0,0.11523637920618057
4251875072.0,0.10399431735277176
4252812544.0,0.0911741703748703
4253750016.0,0.077114537358284
4254687488.0,0.06002475693821907
4255624960.0,0.04253420978784561
4256562432.0,0.023621520027518272
4257499904.0,0.004468581639230251
4258437376.0,-0.01624705083668232
4259375104.0,-0.037465643137693405
4260312576.0,-0.059273701161146164
4261250048.0,-0.08127658814191818
4262187520.0,-0.10248074680566788
4263124992.0,-0.12502793967723846
4264062464.0,-0.1471778005361557
4264999936.0,-0.16917423903942108
4265937408.0,-0.1912110149860382
4266874880.0,-0.20239806175231934
4267812608.0,-0.21211270987987518
4268750080.0,-0.2197691798210144
4269687552.0,-0.2277534008026123
4270625024.0,-0.2357049435377121
4271562496.0,-0.24229949712753296
4272499968.0,-0.24730214476585388
4273437440.0,-0.25128692388534546
4274374912.0,-0.2548755705356598
4275312384.0,-0.25689366459846497
4276250112.0,-0.25685256719589233
4277187584.0,-0.2541498839855194
4278125056.0,-0.24965757131576538
4279062528.0,-0.24244984984397888
4280000000.0,-0.23399363458156586
4280937472.0,-0.22230911254882812
4281874944.0,-0.20874200761318207
4282812416.0,-0.19465380907058716
4283749888.0,-0.17781977355480194
4284687616.0,-0.15877458453178406
4285625088.0,-0.138470858335495
4286562560.0,-0.11692571640014648
4287500032.0,-0.09453463554382324
4288437504.0,-0.07115282863378525
4289374976.0,-0.04715372249484062
4290312448.0,-0.022662464529275894
4291249920.0,0.0016896582674235106
4292187392.0,0.02545880153775215
4293125120.0,0.049008164554834366
4294062592.0,0.07112447917461395
4295000064.0,0.09162523597478867
4295937536.0,0.11027582734823227
4296875008.0,0.127471923828125
4297812480.0,0.14276587963104248
4298749952.0,0.15678717195987701
4299687424.0,0.16842088103294373
4300624896.0,0.1778670698404312
4301562368.0,0.18407094478607178
4302499840.0,0.1903877556324005
4303437312.0,0.1909789890050888
4304374784.0,0.1902412623167038
4305312256.0,0.18778444826602936
4306250240.0,0.18144828081130981
4307187712.0,0.1733517199754715
4308125184.0,0.16281497478485107
4309062656.0,0.1496657282114029
4310000128.0,0.13531817495822906
4310937600.0,0.11928524076938629
4311875072.0,0.10149986296892166
4312812544.0,0.08346497267484665
4313750016.0,0.06374578177928925
4314687488.0,0.04351050406694412
4315624960.0,0.02461087331175804
4316562432.0,0.0030755570624023676
4317499904.0,-0.01652671955525875
4318437376.0,-0.03730880841612816
4319374848.0,-0.0562397763133049
4320312320.0,-0.07501251250505447
4321249792.0,-0.092625193297863
4322187264.0,-0.10941843688488007
4323125248.0,-0.12466580420732498
4324062720.0,-0.13914935290813446
4325000192.0,-0.15259261429309845
4325937664.0,-0.164113387465477
4326875136.0,-0.22412776947021484
4327812608.0,-0.22466768324375153
4328750080.0,-0.22328005731105804
4329687552.0,-0.2196245789527893
4330625024.0,-0.21446113288402557
4331562496.0,-0.20792348682880402
4332499968.0,-0.2011309266090393
4333437440.0,-0.1931236982345581
4334374912.0,-0.1858324408531189
4335312384.0,-0.17572923004627228
4336249856.0,-0.16748173534870148
4337187328.0,-0.15790365636348724
4338124800.0,-0.14908942580223083
4339062272.0,-0.1404000073671341
4339999744.0,-0.13169199228286743
4340937728.0,-0.12312839180231094
4341875200.0,-0.11676071584224701
4342812672.0,-0.10969346016645432
4343750144.0,-0.1048486977815628
4344687616.0,-0.10040716826915741
4345625088.0,-0.09634696692228317
4346562560.0,-0.09435256570577621
4347500032.0,-0.09121887385845184
4348437504.0,-0.09048786759376526
4349374976.0,-0.08960312604904175
4350312448.0,-0.08805276453495026
4351249920.0,-0.08731655031442642
4352187392.0,-0.08778101205825806
4353124864.0,-0.08904293179512024
4354062336.0,-0.08983611315488815
4354999808.0,-0.09071949124336243
4355937280.0,-0.09282774478197098
4356874752.0,-0.09456588327884674
4357812736.0,-0.09722369909286499
4358750208.0,-0.09918162226676941
4359687680.0,-0.10293129831552505
4360625152.0,-0.1057586818933487
4361562624.0,-0.10935787856578827
4362500096.0,-0.11265336722135544
4363437568.0,-0.1164681538939476
4364375040.0,-0.12009047716856003
4365312512.0,-0.12325375527143478
4366249984.0,-0.1269293576478958
4367187456.0,-0.13117104768753052
4368124928.0,-0.13568250834941864
4369062400.0,-0.1401592344045639
4369999872.0,-0.14469486474990845
4370937344.0,-0.14882750809192657
4371874816.0,-0.15383511781692505
4372812288.0,-0.1592739373445511
4373749760.0,-0.16302108764648438
4374687744.0,-0.16663561761379242
4375625216.0,-0.17207735776901245
4376562688.0,-0.1767231523990631
4377500160.0,-0.1823093444108963
4378437632.0,-0.188007652759552
4379375104.0,-0.19495053589344025
4380312576.0,-0.2027187943458557
4381250048.0,-0.21040506660938263
4382187520.0,-0.22060541808605194
4383124992.0,-0.23130963742733002
4384062464.0,-0.24223190546035767
4384999936.0,-0.2529004216194153
4385937408.0,-0.2639997601509094
4386874880.0,-0.3351655602455139
4387812352.0,-0.34361451864242554
4388749824.0,-0.35067465901374817
4389687296.0,-0.3560425937175751
4390624768.0,-0.35888218879699707
4391562752.0,-0.3612962067127228
4392500224.0,-0.3604515790939331
4393437696.0,-0.3594590425491333
4394375168.0,-0.3553153872489929
4395312640.0,-0.3508579134941101
4396250112.0,-0.342167466878891
4397187584.0,-0.33340877294540405
4398125056.0,-0.32288089394569397
4399062528.0,-0.3116089403629303
4400000000.0,-0.29781004786491394
4400937472.0,-0.28316181898117065
4401874944.0,-0.268098920583725
4402812416.0,-0.2511294484138489
4403749888.0,-0.23397891223430634
4404687360.0,-0.2156400978565216
4405624832.0,-0.19776464998722076
4406562304.0,-0.17858518660068512
4407499776.0,-0.16053122282028198
4408437248.0,-0.1430586278438568
4409375232.0,-0.12666401267051697
4410312704.0,-0.11130732297897339
4411250176.0,-0.09740503132343292
4412187648.0,-0.08401035517454147
4413125120.0,-0.07278808206319809
4414062592.0,-0.06291140615940094
4415000064.0,-0.05406281724572182
4415937536.0,-0.04689411446452141
4416875008.0,-0.042370736598968506
4417812480.0,-0.04055476561188698
4418749952.0,-0.04167197272181511
4419687424.0,-0.04554767906665802
4420624896.0,-0.05079224705696106
4421562368.0,-0.05976591631770134
4422499840.0,-0.06989279389381409
4423437312.0,-0.08320806175470352
4424374784.0,-0.09698625653982162
4425312256.0,-0.11407803744077682
4426250240.0,-0.1309717446565628
4427187712.0,-0.15132057666778564
4428125184.0,-0.17214687168598175
4429062656.0,-0.1934175193309784
4430000128.0,-0.21548043191432953
4430937600.0,-0.23950140178203583
4431875072.0,-0.26306018233299255
4432812544.0,-0.287043958902359
4433750016.0,-0.3109617531299591
4434687488.0,-0.3342394530773163
4435624960.0,-0.35727816820144653
4436562432.0,-0.37938836216926575
4437499904.0,-0.4004893898963928
4438437376.0,-0.42203202843666077
4439374848.0,-0.44164350628852844
4440312320.0,-0.4591905474662781
4441249792.0,-0.47741368412971497
4442187264.0,-0.49287357926368713
4443125248.0,-0.5071535706520081
4444062720.0,-0.5199499726295471
4445000192.0,-0.5299773812294006
4445937664.0,-0.5398109555244446
4446875136.0,-0.5507727861404419
4447812608.0,-0.558334469795227
4448750080.0,-0.5623895525932312
4449687552.0,-0.5668041706085205
4450625024.0,-0.5681841969490051
4451562496.0,-0.5666415095329285
4452499968.0,-0.5637538433074951
4453437440.0,-0.5599743127822876
4454374912.0,-0.5525626540184021
4455312384.0,-0.5439777374267578
4456249856.0,-0.5338609218597412
4457187328.0,-0.5204175114631653
4458124800.0,-0.5052801966667175
4459062272.0,-0.4889352023601532
4460000256.0,-0.4710979461669922
4460937728.0,-0.4545536935329437
4461875200.0,-0.43646305799484253
4462812672.0,-0.4191570281982422
4463750144.0,-0.40165087580680847
4464687616.0,-0.3859269917011261
4465625088.0,-0.3692180812358856
4466562560.0,-0.35241520404815674
4467500032.0,-0.3378990888595581
4468437504.0,-0.32531869411468506
4469374976.0,-0.3123180568218231
4470312448.0,-0.29979148507118225
4471249920.0,-0.2893100380897522
4472187392.0,-0.2797662913799286
4473124864.0,-0.2715390920639038
4474062336.0,-0.26479777693748474
4474999808.0,-0.2603178024291992
4475937280.0,-0.2592989504337311
4476874752.0,-0.2588435709476471
4477812736.0,-0.26052090525627136
4478750208.0,-0.26367878913879395
4479687680.0,-0.2707379162311554
4480625152.0,-0.27772796154022217
4481562624.0,-0.2892056703567505
4482500096.0,-0.3018019497394562
4483437568.0,-0.31692931056022644
4484375040.0,-0.33501356840133667
4485312512.0,-0.35640600323677063
4486249984.0,-0.37984734773635864
4487187456.0,-0.40579724311828613
4488124928.0,-0.4341076612472534
4489062400.0,-0.4642544388771057
4489999872.0,-0.49577832221984863
4490937344.0,-0.5278499722480774
4491874816.0,-0.5594858527183533
4492812288.0,-0.5929878354072571
4493749760.0,-0.6256633996963501
4494687744.0,-0.6586655378341675
4495625216.0,-0.6919517517089844
4496562688.0,-0.7261093854904175
4497500160.0,-0.7582379579544067
4498437632.0,-0.7888283729553223
4499375104.0,-0.8181934952735901
4500312576.0,-0.8448742032051086
4501250048.0,-0.8696537017822266
4502187520.0,-0.8933523297309875
4503124992.0,-0.9139290452003479
4504062464.0,-0.9352471232414246
4504999936.0,-0.9540401101112366
4505937408.0,-0.9708367586135864
4506874880.0,-0.936499297618866
4507812352.0,-0.9504508376121521
4508749824.0,-0.9626566171646118
4509687296.0,-0.972394585609436
4510624768.0,-0.980248212814331
4511562752.0,-0.9831110239028931
4512500224.0,-0.9846676588058472
4513437696.0,-0.9825999736785889
4514375168.0,-0.9772788882255554
4515312640.0,-0.9699620604515076
4516250112.0,-0.9607665538787842
4517187584.0,-0.9513440132141113
4518125056.0,-0.9391823410987854
4519062528.0,-0.9253079891204834
4520000000.0,-0.911822497844696
4520937472.0,-0.8971250653266907
4521874944.0,-0.8811440467834473
4522812416.0,-0.8669764995574951
4523749888.0,-0.8521137833595276
4524687360.0,-0.8385119438171387
4525624832.0,-0.8267015218734741
4526562304.0,-0.8147610425949097
4527499776.0,-0.804064154624939
4528437248.0,-0.7943962812423706
4529375232.0,-0.7865755558013916
4530312704.0,-0.7827199101448059
4531250176.0,-0.7811525464057922
4532187648.0,-0.7829200625419617
4533125120.0,-0.785697877407074
4534062592.0,-0.7922447323799133
4535000064.0,-0.8012864589691162
4535937536.0,-0.8138990998268127
4536875008.0,-0.8299016356468201
4537812480.0,-0.8499075174331665
4538749952.0,-0.8738014698028564
4539687424.0,-0.9000337719917297
4540624896.0,-0.9289655685424805
4541562368.0,-0.9619084000587463
4542499840.0,-0.9970865845680237
4543437312.0,-1.0381138324737549
4544374784.0,-1.0827792882919312
4545312256.0,-1.1303941011428833
4546250240.0,-1.1809102296829224
4547187712.0,-1.2361103296279907
4548125184.0,-1.293331503868103
4549062656.0,-1.3506660461425781
4550000128.0,-1.4135420322418213
4550937600.0,-1.478318452835083
4551875072.0,-1.5450263023376465
4552812544.0,-1.614371657371521
4553750016.0,-1.6870968341827393
4554687488.0,-1.761154294013977
4555624960.0,-1.8344250917434692
4556562432.0,-1.9059141874313354
4557499904.0,-1.9768575429916382
4558437376.0,-2.048074960708618
4559374848.0,-2.1172847747802734
4560312320.0,-2.1848196983337402
4561249792.0,-2.2494237422943115
4562187264.0,-2.31365966796875
4563125248.0,-2.3762309551239014
4564062720.0,-2.4394803047180176
4565000192.0,-2.5002565383911133
4565937664.0,-2.561744451522827
4566875136.0,-2.438106060028076
4567812608.0,-2.4726438522338867
4568750080.0,-2.5069565773010254
4569687552.0,-2.539372444152832
4570625024.0,-2.572018623352051
4571562496.0,-2.6041131019592285
4572499968.0,-2.635507583618164
4573437440.0,-2.667724370956421
4574374912.0,-2.7005839347839355
4575312384.0,-2.7336487770080566
4576249856.0,-2.7674381732940674
4577187328.0,-2.803114652633667
4578124800.0,-2.84041690826416
4579062272.0,-2.87915301322937
4579999744.0,-2.9194753170013428
4580937728.0,-2.958127975463867
4581875200.0,-2.9954092502593994
4582812672.0,-3.031832695007324
4583750144.0,-3.0671274662017822
4584687616.0,-3.1012048721313477
4585625088.0,-3.1349782943725586
4586562560.0,-3.1687588691711426
4587500032.0,-3.2009270191192627
4588437504.0,-3.2354631423950195
4589374976.0,-3.2688941955566406
4590312448.0,-3.3035950660705566
4591249920.0,-3.342179536819458
4592187392.0,-3.3789639472961426
4593124864.0,-3.418363332748413
4594062336.0,-3.4569220542907715
4594999808.0,-3.4975666999816895
4595937280.0,-3.5375442504882812
4596874752.0,-3.5790011882781982
4597812736.0,-3.6220388412475586
4598750208.0,-3.6642184257507324
4599687680.0,-3.7094480991363525
4600625152.0,-3.7589540481567383
4601562624.0,-3.8098766803741455
4602500096.0,-3.860858201980591
4603437568.0,-3.9089715480804443
4604375040.0,-3.9532418251037598
4605312512.0,-3.9953794479370117
4606249984.0,-4.034999847412109
4607187456.0,-4.072907447814941
4608124928.0,-4.1131086349487305
4609062400.0,-4.153759002685547
4609999872.0,-4.197862148284912
4610937344.0,-4.243046760559082
4611874816.0,-4.284205436706543
4612812288.0,-4.324030876159668
4613749760.0,-4.357911109924316
4614687744.0,-4.386343479156494
4615625216.0,-4.411594867706299
4616562688.0,-4.434205532073975
4617500160.0,-4.451976776123047
4618437632.0,-4.462226390838623
4619375104.0,-4.468693733215332
4620312576.0,-4.467081069946289
4621250048.0,-4.461176872253418
4622187520.0,-4.452816009521484
4623124992.0,-4.44242525100708
4624062464.0,-4.431659698486328
4624999936.0,-4.417644500732422
4625937408.0,-4.399670600891113
4626874880.0,-4.557394027709961
4627812352.0,-4.50880765914917
4628749824.0,-4.451369762420654
4629687296.0,-4.388095855712891
4630624768.0,-4.321412563323975
4631562752.0,-4.252076625823975
4632500224.0,-4.180296421051025
4633437696.0,-4.1070356369018555
4634375168.0,-4.028620719909668
4635312640.0,-3.946296453475952
4636250112.0,-3.856904983520508
4637187584.0,-3.7627761363983154
4638125056.0,-3.663480043411255
4639062528.0,-3.5601110458374023
4640000000.0,-3.450878858566284
4640937472.0,-3.3420639038085938
4641874944.0,-3.2297303676605225
4642812416.0,-3.116206407546997
4643749888.0,-3.0035078525543213
4644687360.0,-2.8924560546875
4645624832.0,-2.786013126373291
4646562304.0,-2.6798739433288574
4647499776.0,-2.576437473297119
4648437248.0,-2.4766249656677246
4649375232.0,-2.379732131958008
4650312704.0,-2.287041187286377
4651250176.0,-2.198341131210327
4652187648.0,-2.114619731903076
4653125120.0,-2.0346786975860596
4654062592.0,-1.958457589149475
4655000064.0,-1.8859604597091675
4655937536.0,-1.8171625137329102
4656875008.0,-1.7513188123703003
4657812480.0,-1.6918835639953613
4658749952.0,-1.6362727880477905
4659687424.0,-1.5875940322875977
4660624896.0,-1.5429632663726807
4661562368.0,-1.5039056539535522
4662499840.0,-1.4696725606918335
4663437312.0,-1.4394447803497314
4664374784.0,-1.4125549793243408
4665312256.0,-1.389420509338379
4666250240.0,-1.3702975511550903
4667187712.0,-1.3529735803604126
4668125184.0,-1.3376911878585815
4669062656.0,-1.3245494365692139
4670000128.0,-1.3133540153503418
4670937600.0,-1.303906798362732
4671875072.0,-1.2966504096984863
4672812544.0,-1.2892379760742188
4673750016.0,-1.2819112539291382
4674687488.0,-1.2741413116455078
4675624960.0,-1.2660547494888306
4676562432.0,-1.2569081783294678
4677499904.0,-1.245909571647644
4678437376.0,-1.233341097831726
4679374848.0,-1.2202736139297485
4680312320.0,-1.2037937641143799
4681249792.0,-1.1864827871322632
4682187264.0,-1.16902756690979
4683125248.0,-1.1504319906234741
4684062720.0,-1.129534363746643
4685000192.0,-1.108614444732666
4685937664.0,-1.0875043869018555
4686875136.0,-1.088415265083313
4687812608.0,-1.0648022890090942
4688750080.0,-1.038886547088623
4689687552.0,-1.0122078657150269
4690625024.0,-0.9838842153549194
4691562496.0,-0.9563208222389221
4692499968.0,-0.9261258840560913
4693437440.0,-0.8947217464447021
4694374912.0,-0.8631107211112976
4695312384.0,-0.8298829793930054
4696249856.0,-0.7967652082443237
4697187328.0,-0.7634400725364685
4698124800.0,-0.7304927706718445
4699062272.0,-0.6979610323905945
4700000256.0,-0.664680004119873
4700937728.0,-0.632392942905426
4701875200.0,-0.5991355776786804
4702812672.0,-0.5668013691902161
4703750144.0,-0.5364537239074707
4704687616.0,-0.5053766369819641
4705625088.0,-0.47790178656578064
4706562560.0,-0.45045608282089233
4707500032.0,-0.4248562455177307
4708437504.0,-0.4007144570350647
4709374976.0,-0.3785950839519501
4710312448.0,-0.35738280415534973
4711249920.0,-0.3388490378856659
4712187392.0,-0.3207639455795288
4713124864.0,-0.306031733751297
4714062336.0,-0.2929995059967041
4714999808.0,-0.2803397476673126
4715937280.0,-0.27147459983825684
4716874752.0,-0.2638135850429535
4717812736.0,-0.2578403651714325
4718750208.0,-0.2546527683734894
4719687680.0,-0.253450870513916
4720625152.0,-0.254156231880188
4721562624.0,-0.25693562626838684
4722500096.0,-0.2618812024593353
4723437568.0,-0.2673601806163788
4724375040.0,-0.27479466795921326
4725312512.0,-0.2837192416191101
4726249984.0,-0.2941712439060211
4727187456.0,-0.30626386404037476
4728124928.0,-0.3191036283969879
4729062400.0,-0.3338998854160309
4729999872.0,-0.34974825382232666
4730937344.0,-0.36603355407714844
4731874816.0,-0.3836275339126587
4732812288.0,-0.4015219807624817
4733749760.0,-0.4203117787837982
4734687744.0,-0.4392046332359314
4735625216.0,-0.457466721534729
4736562688.0,-0.47568008303642273
4737500160.0,-0.49349653720855713
4738437632.0,-0.5105447769165039
4739375104.0,-0.527276337146759
4740312576.0,-0.5423873066902161
4741250048.0,-0.5565547943115234
4742187520.0,-0.5704891681671143
4743124992.0,-0.5822581052780151
4744062464.0,-0.5937777757644653
4744999936.0,-0.6042213439941406
4745937408.0,-0.6112565994262695
4746874880.0,-0.4291938245296478
4747812352.0,-0.4290081858634949
4748749824.0,-0.428417831659317
4749687296.0,-0.4273906946182251
4750624768.0,-0.42507681250572205
4751562752.0,-0.4225504398345947
4752500224.0,-0.4201618432998657
4753437696.0,-0.4167323708534241
4754375168.0,-0.4132886528968811
4755312640.0,-0.40926823019981384
4756250112.0,-0.40360522270202637
4757187584.0,-0.3988463878631592
4758125056.0,-0.3931215703487396
4759062528.0,-0.38733458518981934
4760000000.0,-0.3813871443271637
4760937472.0,-0.37402358651161194
4761874944.0,-0.366889089345932
4762812416.0,-0.3588733673095703
4763749888.0,-0.34976112842559814
4764687360.0,-0.3403014838695526
4765624832.0,-0.3285022974014282
4766562304.0,-0.3181195855140686
4767499776.0,-0.30781829357147217
4768437248.0,-0.2961152493953705
4769375232.0,-0.2837962508201599
4770312704.0,-0.27074968814849854
4771250176.0,-0.25632229447364807
4772187648.0,-0.241359144449234
4773125120.0,-0.22610625624656677
4774062592.0,-0.20872488617897034
4775000064.0,-0.19067934155464172
4775937536.0,-0.17215998470783234
4776875008.0,-0.1535988450050354
4777812480.0,-0.13481852412223816
4778749952.0,-0.11416105926036835
4779687424.0,-0.09368937462568283
4780624896.0,-0.0729987770318985
4781562368.0,-0.050912998616695404
4782499840.0,-0.029434140771627426
4783437312.0,-0.00911492295563221
4784374784.0,0.012413527816534042
4785312256.0,0.033773817121982574
4786250240.0,0.053669523447752
4787187712.0,0.07296131551265717
4788125184.0,0.09182993322610855
4789062656.0,0.10881762951612473
4790000128.0,0.12374752759933472
4790937600.0,0.14010454714298248
4791875072.0,0.15255263447761536
4792812544.0,0.16306090354919434
4793750016.0,0.17281365394592285
4794687488.0,0.17961885035037994
4795624960.0,0.18289801478385925
4796562432.0,0.1848936676979065
4797499904.0,0.18378229439258575
4798437376.0,0.18075880408287048
4799374848.0,0.17454233765602112
4800312320.0,0.16554658114910126
4801249792.0,0.15472106635570526
4802187264.0,0.14129263162612915
4803125248.0,0.12460272014141083
4804062720.0,0.10578098148107529
4805000192.0,0.08460360020399094
4805937664.0,0.061092738062143326
4806875136.0,-0.2172974795103073
4807812608.0,-0.22366304695606232
4808750080.0,-0.2302604466676712
4809687552.0,-0.2367197424173355
4810625024.0,-0.2421802580356598
4811562496.0,-0.2485228329896927
4812499968.0,-0.2538257837295532
4813437440.0,-0.25895586609840393
4814374912.0,-0.26360201835632324
4815312384.0,-0.26757851243019104
4816249856.0,-0.2709593176841736
4817187328.0,-0.27304506301879883
4818124800.0,-0.2745750844478607
4819062272.0,-0.2750449478626251
4819999744.0,-0.2739482522010803
4820937728.0,-0.27275988459587097
4821875200.0,-0.2706950008869171
4822812672.0,-0.26689743995666504
4823750144.0,-0.26290163397789
4824687616.0,-0.2570491135120392
4825625088.0,-0.25116947293281555
4826562560.0,-0.24339134991168976
4827500032.0,-0.23482230305671692
4828437504.0,-0.2263842076063156
4829374976.0,-0.21699127554893494
4830312448.0,-0.20688533782958984
4831249920.0,-0.19637395441532135
4832187392.0,-0.1860186606645584
4833124864.0,-0.17410919070243835
4834062336.0,-0.16329866647720337
4834999808.0,-0.15271669626235962
4835937280.0,-0.14186982810497284
4836874752.0,-0.13188554346561432
4837812736.0,-0.122078537940979
4838750208.0,-0.1135060042142868
4839687680.0,-0.10496988147497177
4840625152.0,-0.09894824773073196
4841562624.0,-0.0929657369852066
4842500096.0,-0.08959246426820755
4843437568.0,-0.08560057729482651
4844375040.0,-0.08474040776491165
4845312512.0,-0.08437909930944443
4846249984.0,-0.08560094982385635
4847187456.0,-0.08934285491704941
4848124928.0,-0.09342930465936661
4849062400.0,-0.09893457591533661
4849999872.0,-0.10645511001348495
4850937344.0,-0.11530790477991104
4851874816.0,-0.125396728515625
4852812288.0,-0.1366375982761383
4853749760.0,-0.14968006312847137
4854687744.0,-0.16279274225234985
4855625216.0,-0.17672818899154663
4856562688.0,-0.19150298833847046
4857500160.0,-0.2060699462890625
4858437632.0,-0.2203783094882965
4859375104.0,-0.23414520919322968
4860312576.0,-0.24849283695220947
4861250048.0,-0.26184985041618347
4862187520.0,-0.2744913101196289
4863124992.0,-0.2857677936553955
4864062464.0,-0.2965368926525116
4864999936.0,-0.3066015839576721
4865937408.0,-0.3143303394317627
4866874880.0,-0.2990146577358246
4867812352.0,-0.30564963817596436
4868749824.0,-0.3110455572605133
4869687296.0,-0.3167519271373749
4870624768.0,-0.3206874132156372
4871562752.0,-0.3225960433483124
4872500224.0,-0.3249061107635498
4873437696.0,-0.3271479904651642
4874375168.0,-0.32691076397895813
4875312640.0,-0.32681581377983093
4876250112.0,-0.32549524307250977
4877187584.0,-0.32245513796806335
4878125056.0,-0.3185778260231018
4879062528.0,-0.31444111466407776
4880000000.0,-0.30820903182029724
4880937472.0,-0.30174970626831055
4881874944.0,-0.29291045665740967
4882812416.0,-0.2848893702030182
4883749888.0,-0.27504962682724
4884687360.0,-0.2653559446334839
4885624832.0,-0.25581562519073486
4886562304.0,-0.24418285489082336
4887499776.0,-0.2319679856300354
4888437248.0,-0.21995793282985687
4889375232.0,-0.20661108195781708
4890312704.0,-0.19274239242076874
4891250176.0,-0.17914342880249023
4892187648.0,-0.16556881368160248
4893125120.0,-0.15211321413516998
4894062592.0,-0.13801702857017517
4895000064.0,-0.1244250163435936
4895937536.0,-0.1099495068192482
4896875008.0,-0.09662426263093948
4897812480.0,-0.08272475749254227
4898749952.0,-0.06994020938873291
4899687424.0,-0.05824722349643707
4900624896.0,-0.04616590589284897
4901562368.0,-0.03704478591680527
4902499840.0,-0.026693832129240036
4903437312.0,-0.01832251250743866
4904374784.0,-0.011063707992434502
4905312256.0,-0.004309127572923899
4906250240.0,0.0013720514252781868
4907187712.0,0.005280459299683571
4908125184.0,0.007802003063261509
4909062656.0,0.009217657148838043
4910000128.0,0.010148641653358936
4910937600.0,0.008767649531364441
4911875072.0,0.007105104625225067
4912812544.0,0.003194360760971904
4913750016.0,-0.0015025774482637644
4914687488.0,-0.008003750815987587
4915624960.0,-0.014436821453273296
4916562432.0,-0.022950515151023865
4917499904.0,-0.03190186619758606
4918437376.0,-0.04156225919723511
4919374848.0,-0.051432762295007706
4920312320.0,-0.06273383647203445
4921249792.0,-0.0736878290772438
4922187264.0,-0.08560514450073242
4923125248.0,-0.09803380817174911
4924062720.0,-0.11026015132665634
4925000192.0,-0.12195184081792831
4925937664.0,-0.18302902579307556
4926875136.0,-0.18430058658123016
4927812608.0,-0.1848009079694748
4928750080.0,-0.18539050221443176
4929687552.0,-0.185862198472023
4930625024.0,-0.1864975392818451
4931562496.0,-0.1870533525943756
4932499968.0,-0.18658532202243805
4933437440.0,-0.18555374443531036
4934374912.0,-0.18386678397655487
4935312384.0,-0.18185485899448395
4936249856.0,-0.17895850539207458
4937187328.0,-0.17489343881607056
4938124800.0,-0.1714877188205719
4939062272.0,-0.16686296463012695
4940000256.0,-0.1627107709646225
4940937728.0,-0.15629680454730988
4941875200.0,-0.1503906548023224
4942812672.0,-0.14385978877544403
4943750144.0,-0.13591361045837402
4944687616.0,-0.12770408391952515
4945625088.0,-0.11973118782043457
4946562560.0,-0.11016691476106644
4947500032.0,-0.10043615102767944
4948437504.0,-0.08978739380836487
4949374976.0,-0.07943223416805267
4950312448.0,-0.06888917833566666
4951249920.0,-0.058462273329496384
4952187392.0,-0.0480644665658474
4953124864.0,-0.03584073483943939
4954062336.0,-0.025820748880505562
4954999808.0,-0.015353943221271038
4955937280.0,-0.005203031934797764
4956874752.0,0.004170071333646774
4957812736.0,0.013035060837864876
4958750208.0,0.020329175516963005
4959687680.0,0.02786458097398281
4960625152.0,0.034454360604286194
4961562624.0,0.039142243564128876
4962500096.0,0.04404401406645775
4963437568.0,0.0476105622947216
4964375040.0,0.04874672740697861
4965312512.0,0.04942723363637924
4966249984.0,0.048855386674404144
4967187456.0,0.04733885079622269
4968124928.0,0.0446050800383091
4969062400.0,0.04202410951256752
4969999872.0,0.03709728643298149
4970937344.0,0.030481131747364998
4971874816.0,0.023332472890615463
4972812288.0,0.016367942094802856
4973749760.0,0.007556647527962923
4974687744.0,-0.0011213059769943357
4975625216.0,-0.011255179531872272
4976562688.0,-0.021339958533644676
4977500160.0,-0.03128170594573021
4978437632.0,-0.041287247091531754
4979375104.0,-0.05187145993113518
4980312576.0,-0.06292026489973068
4981250048.0,-0.07330339401960373
4982187520.0,-0.08321133255958557
4983124992.0,-0.09359945356845856
4984062464.0,-0.10246732831001282
4984999936.0,-0.11080886423587799
4985937408.0,-0.15441763401031494
4986874880.0,-0.16453051567077637
4987812352.0,-0.1747734248638153
4988749824.0,-0.1828417181968689
4989687296.0,-0.18984484672546387
4990624768.0,-0.19584643840789795
4991562752.0,-0.2000475376844406
4992500224.0,-0.20255079865455627
4993437696.0,-0.20450104773044586
4994375168.0,-0.20502938330173492
4995312640.0,-0.20350031554698944
4996250112.0,-0.20120647549629211
4997187584.0,-0.19764433801174164
4998125056.0,-0.1936642825603485
4999062528.0,-0.1867186725139618
5000000000.0,-0.18019703030586243
5000937472.0,-0.17168045043945312
5001874944.0,-0.16277363896369934
5002812416.0,-0.1527138203382492
5003749888.0,-0.14293847978115082
5004687360.0,-0.13196530938148499
5005624832.0,-0.1204828992486
5006562304.0,-0.1085515171289444
5007499776.0,-0.0963606983423233
5008437248.0,-0.08491872996091843
5009375232.0,-0.07117155194282532
5010312704.0,-0.05998701974749565
5011250176.0,-0.0482059083878994
5012187648.0,-0.035655759274959564
5013125120.0,-0.024315280839800835
5014062592.0,-0.013954679481685162
5015000064.0,-0.004067280329763889
5015937536.0,0.006164807826280594
5016875008.0,0.014724170789122581
5017812480.0,0.023229623213410378
5018749952.0,0.029579175636172295
5019687424.0,0.03635730966925621
5020624896.0,0.041326895356178284
5021562368.0,0.04530880227684975
5022499840.0,0.04899607226252556
5023437312.0,0.051198069006204605
5024374784.0,0.05271735042333603
5025312256.0,0.05332155525684357
5026250240.0,0.05232324078679085
5027187712.0,0.05103528872132301
5028125184.0,0.04871028661727905
5029062656.0,0.04551620036363602
5030000128.0,0.04114173352718353
5030937600.0,0.03589535132050514
5031875072.0,0.03116333857178688
5032812544.0,0.025535868480801582
5033750016.0,0.018042588606476784
5034687488.0,0.011613034643232822
5035624960.0,0.0037126499228179455
5036562432.0,-0.0038277958519756794
5037499904.0,-0.012487840838730335
5038437376.0,-0.02084582857787609
5039374848.0,-0.02841208130121231
5040312320.0,-0.03739011287689209
5041249792.0,-0.04641791805624962
5042187264.0,-0.05573081597685814
5043125248.0,-0.0634995847940445
5044062720.0,-0.07269564270973206
5045000192.0,-0.08055558055639267
5045937664.0,-0.09820804744958878
5046875136.0,-0.10754097253084183
5047812608.0,-0.11504530906677246
5048750080.0,-0.12380683422088623
5049687552.0,-0.13152307271957397
5050625024.0,-0.1372194141149521
5051562496.0,-0.14438031613826752
5052499968.0,-0.1500573307275772
5053437440.0,-0.1554950326681137
5054374912.0,-0.1605604737997055
5055312384.0,-0.16484397649765015
5056249856.0,-0.1675945520401001
5057187328.0,-0.1700628250837326
5058124800.0,-0.1724548190832138
5059062272.0,-0.17381328344345093
5059999744.0,-0.17406435310840607
5060937728.0,-0.1741420030593872
5061875200.0,-0.1739502102136612
5062812672.0,-0.1731579452753067
5063750144.0,-0.1702324002981186
5064687616.0,-0.16754189133644104
5065625088.0,-0.16443514823913574
5066562560.0,-0.15962541103363037
5067500032.0,-0.1538216471672058
5068437504.0,-0.14865124225616455
5069374976.0,-0.1416798233985901
5070312448.0,-0.13542447984218597
5071249920.0,-0.12858261168003082
5072187392.0,-0.12133563309907913
5073124864.0,-0.11450663208961487
5074062336.0,-0.1067776158452034
5074999808.0,-0.0994548499584198
5075937280.0,-0.09275267273187637
5076874752.0,-0.08517495542764664
5077812736.0,-0.07830532640218735
5078750208.0,-0.07157730311155319
5079687680.0,-0.06664609163999557
5080625152.0,-0.06017301604151726
5081562624.0,-0.05390668287873268
5082500096.0,-0.049474190920591354
5083437568.0,-0.04466388374567032
5084375040.0,-0.041178252547979355
5085312512.0,-0.0372309610247612
5086249984.0,-0.03415505215525627
5087187456.0,-0.03213832154870033
5088124928.0,-0.03031429834663868
5089062400.0,-0.029106231406331062
5089999872.0,-0.02743368223309517
5090937344.0,-0.026671800762414932
5091874816.0,-0.026506289839744568
5092812288.0,-0.025862345471978188
5093749760.0,-0.025869522243738174
5094687744.0,-0.026740938425064087
5095625216.0,-0.027273889631032944
5096562688.0,-0.02878687158226967
5097500160.0,-0.030586693435907364
5098437632.0,-0.033812958747148514
5099375104.0,-0.03606792539358139
5100312576.0,-0.039306748658418655
5101250048.0,-0.043265264481306076
5102187520.0,-0.046806223690509796
5103124992.0,-0.05064479261636734
5104062464.0,-0.05386068671941757
5104999936.0,-0.058894384652376175
5105937408.0,-0.13242174685001373
5106874880.0,-0.13796469569206238
5107812352.0,-0.14250963926315308
5108749824.0,-0.14721715450286865
5109687296.0,-0.150694340467453
5110624768.0,-0.15414272248744965
5111562752.0,-0.15549811720848083
5112500224.0,-0.15732821822166443
5113437696.0,-0.15718168020248413
5114375168.0,-0.15679623186588287
5115312640.0,-0.1559075117111206
5116250112.0,-0.15336346626281738
5117187584.0,-0.15017588436603546
5118125056.0,-0.14675357937812805
5119062528.0,-0.1431143879890442
5120000000.0,-0.13935810327529907
5120937472.0,-0.13407853245735168
5121874944.0,-0.12937936186790466
5122812416.0,-0.12449672818183899
5123749888.0,-0.1203402429819107
5124687360.0,-0.11607982218265533
5125624832.0,-0.11114483326673508
5126562304.0,-0.1069411113858223
5127499776.0,-0.10225579142570496
5128437248.0,-0.09834101796150208
5129375232.0,-0.09416619688272476
5130312704.0,-0.08986252546310425
5131250176.0,-0.0834847018122673
5132187648.0,-0.0789317861199379
5133125120.0,-0.07478802651166916
5134062592.0,-0.07121297717094421
5135000064.0,-0.06777432560920715
5135937536.0,-0.06538292020559311
5136875008.0,-0.06348694115877151
5137812480.0,-0.06200060993432999
5138749952.0,-0.06097337231040001
5139687424.0,-0.0609324686229229
5140624896.0,-0.06027901917695999
5141562368.0,-0.06079766899347305
5142499840.0,-0.06241930276155472
5143437312.0,-0.06289196759462357
5144374784.0,-0.06367179751396179
5145312256.0,-0.06632783263921738
5146250240.0,-0.0686909556388855
5147187712.0,-0.07185360044240952
5148125184.0,-0.07641835510730743
5149062656.0,-0.08002050220966339
5150000128.0,-0.08426365256309509
5150937600.0,-0.08937229216098785
5151875072.0,-0.09485448896884918
5152812544.0,-0.10064613819122314
5153750016.0,-0.10666842013597488
5154687488.0,-0.1132638081908226
5155624960.0,-0.11940711736679077
5156562432.0,-0.12713204324245453
5157499904.0,-0.13478004932403564
5158437376.0,-0.14236792922019958
5159374848.0,-0.1510576456785202
5160312320.0,-0.15930382907390594
5161249792.0,-0.1682412028312683
5162187264.0,-0.17688830196857452
5163125248.0,-0.18525315821170807
5164062720.0,-0.19364896416664124
5165000192.0,-0.20267418026924133
5165937664.0,-0.20277631282806396
5166875136.0,-0.2124168574810028
5167812608.0,-0.22301501035690308
5168750080.0,-0.23303402960300446
5169687552.0,-0.2415754646062851
5170625024.0,-0.24915187060832977
5171562496.0,-0.2536677420139313
5172499968.0,-0.2584867775440216
5173437440.0,-0.2615751028060913
5174374912.0,-0.26317882537841797
5175312384.0,-0.2634776830673218
5176249856.0,-0.26177701354026794
5177187328.0,-0.26008737087249756
5178124800.0,-0.25665226578712463
5179062272.0,-0.25185781717300415
5180000256.0,-0.24538131058216095
5180937728.0,-0.2399192750453949
5181875200.0,-0.23255987465381622
5182812672.0,-0.22348514199256897
5183750144.0,-0.21445994079113007
5184687616.0,-0.20446501672267914
5185625088.0,-0.19331255555152893
5186562560.0,-0.181309312582016
5187500032.0,-0.16889074444770813
5188437504.0,-0.15712788701057434
5189374976.0,-0.14474108815193176
5190312448.0,-0.1313965767621994
5191249920.0,-0.11868739128112793
5192187392.0,-0.10675016045570374
5193124864.0,-0.09318004548549652
5194062336.0,-0.08088307082653046
5194999808.0,-0.0694480836391449
5195937280.0,-0.05785473808646202
5196874752.0,-0.04643290862441063
5197812736.0,-0.03573214262723923
5198750208.0,-0.02701376937329769
5199687680.0,-0.01774371601641178
5200625152.0,-0.00936071015894413
5201562624.0,-0.002493007807061076
5202500096.0,0.0039978777058422565
5203437568.0,0.008243164978921413
5204375040.0,0.011768849566578865
5205312512.0,0.013616137206554413
5206249984.0,0.014208096079528332
5207187456.0,0.01440464612096548
5208124928.0,0.01287011243402958
5209062400.0,0.009612111374735832
5209999872.0,0.005508638918399811
5210937344.0,0.00020701995526906103
5211874816.0,-0.006227544508874416
5212812288.0,-0.014267252758145332
5213749760.0,-0.023664139211177826
5214687744.0,-0.0356646366417408
5215625216.0,-0.048012759536504745
5216562688.0,-0.06121538579463959
5217500160.0,-0.07509955763816833
5218437632.0,-0.09045939147472382
5219375104.0,-0.105850949883461
5220312576.0,-0.12199312448501587
5221250048.0,-0.1388348937034607
5222187520.0,-0.1553792506456375
5223124992.0,-0.17311197519302368
5224062464.0,-0.18981274962425232
5224999936.0,-0.20682691037654877
5225937408.0,-0.21678365767002106
5226874880.0,-0.23059162497520447
5227812352.0,-0.24477945268154144
5228749824.0,-0.25654855370521545
5229687296.0,-0.2671644687652588
5230624768.0,-0.2777143716812134
5231562752.0,-0.2871841490268707
5232500224.0,-0.2939380407333374
5233437696.0,-0.2982076108455658
5234375168.0,-0.30212315917015076
5235312640.0,-0.3045962154865265
5236250112.0,-0.3044656217098236
5237187584.0,-0.3034791052341461
5238125056.0,-0.2991366684436798
5239062528.0,-0.2924374043941498
5240000000.0,-0.28656116127967834
5240937472.0,-0.276322603225708
5241874944.0,-0.2639612555503845
5242812416.0,-0.2527529299259186
5243749888.0,-0.23907777667045593
5244687360.0,-0.22500735521316528
5245624832.0,-0.20897695422172546
5246562304.0,-0.1917830854654312
5247499776.0,-0.17475605010986328
5248437248.0,-0.15731582045555115
5249375232.0,-0.13877500593662262
5250312704.0,-0.12052689492702484
5251250176.0,-0.10204701870679855
5252187648.0,-0.08458830416202545
5253125120.0,-0.0673404186964035
5254062592.0,-0.04962453618645668
5255000064.0,-0.035939209163188934
5255937536.0,-0.021667230874300003
5256875008.0,-0.008188221603631973
5257812480.0,0.0037555641029030085
5258749952.0,0.014383447356522083
5259687424.0,0.023987559601664543
5260624896.0,0.031955745071172714
5261562368.0,0.03827759996056557
5262499840.0,0.04346403479576111
5263437312.0,0.04651828110218048
5264374784.0,0.048677124083042145
5265312256.0,0.04884577915072441
5266250240.0,0.04856033995747566
5267187712.0,0.04611066356301308
5268125184.0,0.042938943952322006
5269062656.0,0.03794853016734123
5270000128.0,0.03248142451047897
5270937600.0,0.023844808340072632
5271875072.0,0.015304592438042164
5272812544.0,0.005509014707058668
5273750016.0,-0.005842104554176331
5274687488.0,-0.01774531602859497
5275624960.0,-0.031130049377679825
5276562432.0,-0.043925754725933075
5277499904.0,-0.05726590007543564
5278437376.0,-0.07164610922336578
5279374848.0,-0.0859319195151329
5280312320.0,-0.10061827301979065
5281249792.0,-0.11600302904844284
5282187264.0,-0.1323406994342804
5283125248.0,-0.14757072925567627
5284062720.0,-0.16296836733818054
5285000192.0,-0.1773068606853485
5285937664.0,-0.20449411869049072
5286875136.0,-0.21956181526184082
5287812608.0,-0.2336631566286087
5288750080.0,-0.24737221002578735
5289687552.0,-0.2620747983455658
5290625024.0,-0.2763560712337494
5291562496.0,-0.28953951597213745
5292499968.0,-0.30340883135795593
5293437440.0,-0.31709033250808716
5294374912.0,-0.3303212821483612
5295312384.0,-0.34084412455558777
5296249856.0,-0.3506707549095154
5297187328.0,-0.35902437567710876
5298124800.0,-0.3664751350879669
5299062272.0,-0.3722130060195923
5299999744.0,-0.376730352640152
5300937728.0,-0.380422979593277
5301875200.0,-0.3822607696056366
5302812672.0,-0.38265663385391235
5303750144.0,-0.38035935163497925
5304687616.0,-0.37683457136154175
5305625088.0,-0.37201210856437683
5306562560.0,-0.3653147220611572
5307500032.0,-0.35749542713165283
5308437504.0,-0.34889698028564453
5309374976.0,-0.33712509274482727
5310312448.0,-0.3258642852306366
5311249920.0,-0.3131560981273651
5312187392.0,-0.29951873421669006
5313124864.0,-0.28387364745140076
5314062336.0,-0.26904645562171936
5314999808.0,-0.2533752918243408
5315937280.0,-0.23550112545490265
5316874752.0,-0.21900804340839386
5317812736.0,-0.20193134248256683
5318750208.0,-0.18442414700984955
5319687680.0,-0.16527464985847473
5320625152.0,-0.1476615071296692
5321562624.0,-0.12950293719768524
5322500096.0,-0.1108534038066864
5323437568.0,-0.09247509390115738
5324375040.0,-0.07578204572200775
5325312512.0,-0.05886507034301758
5326249984.0,-0.042762111872434616
5327187456.0,-0.026774000376462936
5328124928.0,-0.013612275011837482
5329062400.0,-0.0010765236802399158
5329999872.0,0.012342517264187336
5330937344.0,0.022410249337553978
5331874816.0,0.03336987644433975
5332812288.0,0.038527995347976685
5333749760.0,0.042472802102565765
5334687744.0,0.043651044368743896
5335625216.0,0.043963901698589325
5336562688.0,0.041414037346839905
5337500160.0,0.03752798214554787
5338437632.0,0.03176792711019516
5339375104.0,0.022799497470259666
5340312576.0,0.012828785926103592
5341250048.0,0.0012800138210877776
5342187520.0,-0.013494747690856457
5343124992.0,-0.02988971769809723
5344062464.0,-0.047821346670389175
5344999936.0,-0.06862492114305496
5345937408.0,-0.350346177816391
5346874880.0,-0.3635026812553406
5347812352.0,-0.3772486448287964
5348749824.0,-0.39081498980522156
5349687296.0,-0.404449462890625
5350624768.0,-0.41631436347961426
5351562752.0,-0.42764994502067566
5352500224.0,-0.4374491274356842
5353437696.0,-0.44629552960395813
5354375168.0,-0.4531654715538025
5355312640.0,-0.4598691463470459
5356250112.0,-0.46500086784362793
5357187584.0,-0.46844974160194397
5358125056.0,-0.46831434965133667
5359062528.0,-0.46739259362220764
5360000000.0,-0.46549737453460693
5360937472.0,-0.4620938003063202
5361874944.0,-0.45504871010780334
5362812416.0,-0.4480459690093994
5363749888.0,-0.439200758934021
5364687360.0,-0.42892128229141235
5365624832.0,-0.4170451760292053
5366562304.0,-0.40374916791915894
5367499776.0,-0.38987022638320923
5368437248.0,-0.374844491481781
5369375232.0,-0.35898396372795105
5370312704.0,-0.34266743063926697
5371250176.0,-0.32473325729370117
5372187648.0,-0.3067842125892639
5373125120.0,-0.28897231817245483
5374062592.0,-0.2701486051082611
5375000064.0,-0.2513636648654938
5375937536.0,-0.23281295597553253
5376875008.0,-0.214300736784935
5377812480.0,-0.1959833800792694
5378749952.0,-0.17788204550743103
5379687424.0,-0.1608678251504898
5380624896.0,-0.14469407498836517
5381562368.0,-0.13038644194602966
5382499840.0,-0.11539527028799057
5383437312.0,-0.10182945430278778
5384374784.0,-0.0887567549943924
5385312256.0,-0.07700435817241669
5386250240.0,-0.06804365664720535
5387187712.0,-0.061022255569696426
5388125184.0,-0.05667756497859955
5389062656.0,-0.05454535409808159
5390000128.0,-0.05427950993180275
5390937600.0,-0.05678226053714752
5391875072.0,-0.06076104938983917
5392812544.0,-0.0674356147646904
5393750016.0,-0.07650622725486755
5394687488.0,-0.08758115768432617
5395624960.0,-0.09947813302278519
5396562432.0,-0.11409813910722733
5397499904.0,-0.1297866255044937
5398437376.0,-0.14770734310150146
5399374848.0,-0.166814386844635
5400312320.0,-0.18568186461925507
5401249792.0,-0.2073604017496109
5402187264.0,-0.22887592017650604
5403125248.0,-0.2499377280473709
5404062720.0,-0.2720126211643219
5405000192.0,-0.29328453540802
5405937664.0,-0.3364323675632477
5406875136.0,-0.3511349558830261
5407812608.0,-0.3653548061847687
5408750080.0,-0.37698298692703247
5409687552.0,-0.38785824179649353
5410625024.0,-0.3967221677303314
5411562496.0,-0.40344586968421936
5412499968.0,-0.40749040246009827
5413437440.0,-0.409826397895813
5414374912.0,-0.4092589020729065
5415312384.0,-0.40605369210243225
5416249856.0,-0.4003831744194031
5417187328.0,-0.39174649119377136
5418124800.0,-0.38147327303886414
5419062272.0,-0.3682864010334015
5420000256.0,-0.3547748029232025
5420937728.0,-0.3371608257293701
5421875200.0,-0.31907227635383606
5422812672.0,-0.2991850674152374
5423750144.0,-0.27872997522354126
5424687616.0,-0.25816476345062256
5425625088.0,-0.23669929802417755
5426562560.0,-0.21491052210330963
5427500032.0,-0.19287674129009247
5428437504.0,-0.1720188707113266
5429374976.0,-0.1507101058959961
5430312448.0,-0.13122273981571198
5431249920.0,-0.11190727353096008
5432187392.0,-0.09389834851026535
5433124864.0,-0.0781245082616806
5434062336.0,-0.06283485889434814
5434999808.0,-0.05025571584701538
5435937280.0,-0.039519552141427994
5436874752.0,-0.0303269624710083
5437812736.0,-0.02491065487265587
5438750208.0,-0.020129138603806496
5439687680.0,-0.017687592655420303
5440625152.0,-0.017313579097390175
5441562624.0,-0.020025944337248802
5442500096.0,-0.025250444188714027
5443437568.0,-0.03231319040060043
5444375040.0,-0.0419350266456604
5445312512.0,-0.05427148565649986
5446249984.0,-0.06887739896774292
5447187456.0,-0.0858956128358841
5448124928.0,-0.1052379384636879
5449062400.0,-0.1265881210565567
5449999872.0,-0.14883694052696228
5450937344.0,-0.1736091822385788
5451874816.0,-0.19914647936820984
5452812288.0,-0.22647292912006378
5453749760.0,-0.2537602186203003
5454687744.0,-0.28229057788848877
5455625216.0,-0.31009185314178467
5456562688.0,-0.33795008063316345
5457500160.0,-0.36650311946868896
5458437632.0,-0.394847571849823
5459375104.0,-0.42209962010383606
5460312576.0,-0.44653674960136414
5461250048.0,-0.46886444091796875
5462187520.0,-0.491997092962265
5463124992.0,-0.5116016864776611
5464062464.0,-0.5287874937057495
5464999936.0,-0.5440089702606201
5465937408.0,-0.46665191650390625
5466874880.0,-0.4807877540588379
5467812352.0,-0.49359846115112305
5468749824.0,-0.5039937496185303
5469687296.0,-0.5122293829917908
5470624768.0,-0.5171366930007935
5471562752.0,-0.5205932855606079
5472500224.0,-0.5217158198356628
5473437696.0,-0.519768476486206
5474375168.0,-0.5152266621589661
5475312640.0,-0.5086289048194885
5476250112.0,-0.4974932372570038
5477187584.0,-0.48694494366645813
5478125056.0,-0.471574991941452
5479062528.0,-0.4549145996570587
5480000000.0,-0.43638068437576294
5480937472.0,-0.41710585355758667
5481874944.0,-0.39669984579086304
5482812416.0,-0.375134140253067
5483749888.0,-0.3531331419944763
5484687360.0,-0.3311253786087036
5485624832.0,-0.310027539730072
5486562304.0,-0.28999724984169006
5487499776.0,-0.268951952457428
5488437248.0,-0.24979977309703827
5489375232.0,-0.2315344512462616
5490312704.0,-0.21507501602172852
5491250176.0,-0.20026962459087372
5492187648.0,-0.1873222142457962
5493125120.0,-0.17663106322288513
5494062592.0,-0.1667913794517517
5495000064.0,-0.15912875533103943
5495937536.0,-0.1530589461326599
5496875008.0,-0.14966407418251038
5497812480.0,-0.1480199694633484
5498749952.0,-0.14946813881397247
5499687424.0,-0.15298639237880707
5500624896.0,-0.15963730216026306
5501562368.0,-0.16839958727359772
5502499840.0,-0.17923927307128906
5503437312.0,-0.1938190907239914
5504374784.0,-0.21024960279464722
5505312256.0,-0.22969815135002136
5506250240.0,-0.25096458196640015
5507187712.0,-0.274160772562027
5508125184.0,-0.3002121150493622
5509062656.0,-0.3270643353462219
5510000128.0,-0.3565472662448883
5510937600.0,-0.3877829909324646
5511875072.0,-0.41960421204566956
5512812544.0,-0.4531421363353729
5513750016.0,-0.48570123314857483
5514687488.0,-0.5195571184158325
5515624960.0,-0.5537458658218384
5516562432.0,-0.5869676470756531
5517499904.0,-0.6202542185783386
5518437376.0,-0.6532173752784729
5519374848.0,-0.6845293641090393
5520312320.0,-0.7161704897880554
5521249792.0,-0.7477133274078369
5522187264.0,-0.7786265015602112
5523125248.0,-0.807834804058075
5524062720.0,-0.8359967470169067
5525000192.0,-0.8657746911048889
5525937664.0,-0.7349790334701538
5526875136.0,-0.7493811249732971
5527812608.0,-0.763637900352478
5528750080.0,-0.7794046998023987
5529687552.0,-0.7953551411628723
5530625024.0,-0.8124954700469971
5531562496.0,-0.8333988189697266
5532499968.0,-0.8529664278030396
5533437440.0,-0.8743699789047241
5534374912.0,-0.8978591561317444
5535312384.0,-0.921289324760437
5536249856.0,-0.9438430070877075
5537187328.0,-0.9681233763694763
5538124800.0,-0.9908904433250427
5539062272.0,-1.0124636888504028
5539999744.0,-1.0321269035339355
5540937728.0,-1.0492750406265259
5541875200.0,-1.0636372566223145
5542812672.0,-1.073704481124878
5543750144.0,-1.0818060636520386
5544687616.0,-1.0865672826766968
5545625088.0,-1.0865310430526733
5546562560.0,-1.08388352394104
5547500032.0,-1.0767837762832642
5548437504.0,-1.0664544105529785
5549374976.0,-1.0509096384048462
5550312448.0,-1.0309293270111084
5551249920.0,-1.0088378190994263
5552187392.0,-0.984028160572052
5553124864.0,-0.9551522135734558
5554062336.0,-0.9252896904945374
5554999808.0,-0.8931976556777954
5555937280.0,-0.8602827787399292
5556874752.0,-0.827414333820343
5557812736.0,-0.7946311235427856
5558750208.0,-0.7630794644355774
5559687680.0,-0.7340447306632996
5560625152.0,-0.7047224640846252
5561562624.0,-0.6774044036865234
5562500096.0,-0.651951253414154
5563437568.0,-0.6290092468261719
5564375040.0,-0.6097115874290466
5565312512.0,-0.5927353501319885
5566249984.0,-0.5769882202148438
5567187456.0,-0.5640391111373901
5568124928.0,-0.5514630675315857
5569062400.0,-0.5400679707527161
5569999872.0,-0.527765691280365
5570937344.0,-0.5163166522979736
5571874816.0,-0.5049756169319153
5572812288.0,-0.493127703666687
5573749760.0,-0.4828408360481262
5574687744.0,-0.47444483637809753
5575625216.0,-0.466677725315094
5576562688.0,-0.460336297750473
5577500160.0,-0.45518141984939575
5578437632.0,-0.45177730917930603
5579375104.0,-0.4506506025791168
5580312576.0,-0.4488501250743866
5581250048.0,-0.4489299952983856
5582187520.0,-0.44936054944992065
5583124992.0,-0.4522222876548767
5584062464.0,-0.4535360038280487
5584999936.0,-0.4570007920265198
5585937408.0,-0.4320465624332428
5586874880.0,-0.42363861203193665
5587812352.0,-0.41132062673568726
5588749824.0,-0.3981093466281891
5589687296.0,-0.38525986671447754
5590624768.0,-0.36888235807418823
5591562752.0,-0.35285091400146484
5592500224.0,-0.3361526131629944
5593437696.0,-0.31897345185279846
5594375168.0,-0.2999514937400818
5595312640.0,-0.2810652554035187
5596250112.0,-0.26140689849853516
5597187584.0,-0.242562934756279
5598125056.0,-0.22296756505966187
5599062528.0,-0.20459246635437012
5600000000.0,-0.18521536886692047
5600937472.0,-0.16807641088962555
5601874944.0,-0.15083618462085724
5602812416.0,-0.13580939173698425
5603749888.0,-0.12046743184328079
5604687360.0,-0.10738053172826767
5605624832.0,-0.09555413573980331
5606562304.0,-0.0859001949429512
5607499776.0,-0.07775191962718964
5608437248.0,-0.07162602990865707
5609375232.0,-0.06622925400733948
5610312704.0,-0.06265716999769211
5611250176.0,-0.06132877618074417
5612187648.0,-0.06166953220963478
5613125120.0,-0.06336978077888489
5614062592.0,-0.066486656665802
5615000064.0,-0.07253387570381165
5615937536.0,-0.07899154722690582
5616875008.0,-0.08666909486055374
5617812480.0,-0.09748916327953339
5618749952.0,-0.10772474855184555
5619687424.0,-0.11902178823947906
5620624896.0,-0.13218940794467926
5621562368.0,-0.14511975646018982
5622499840.0,-0.1599891632795334
5623437312.0,-0.17449912428855896
5624374784.0,-0.188640296459198
5625312256.0,-0.2032698094844818
5626250240.0,-0.2179563343524933
5627187712.0,-0.2304246872663498
5628125184.0,-0.24372757971286774
5629062656.0,-0.2550327181816101
5630000128.0,-0.26589688658714294
5630937600.0,-0.2760108411312103
5631875072.0,-0.2844069302082062
5632812544.0,-0.29058837890625
5633750016.0,-0.29595285654067993
5634687488.0,-0.29984450340270996
5635624960.0,-0.30142492055892944
5636562432.0,-0.3016359508037567
5637499904.0,-0.30052945017814636
5638437376.0,-0.29594141244888306
5639374848.0,-0.2912103831768036
5640312320.0,-0.2843089997768402
5641249792.0,-0.2756201922893524
5642187264.0,-0.2665131390094757
5643125248.0,-0.25549590587615967
5644062720.0,-0.24421539902687073
5645000192.0,-0.23080837726593018
5645937664.0,-0.19936928153038025
5646875136.0,-0.20217204093933105
5647812608.0,-0.20405705273151398
5648750080.0,-0.20441298186779022
5649687552.0,-0.20290632545948029
5650625024.0,-0.1993529051542282
5651562496.0,-0.1961309313774109
5652499968.0,-0.19141986966133118
5653437440.0,-0.18543444573879242
5654374912.0,-0.17983317375183105
5655312384.0,-0.17230352759361267
5656249856.0,-0.16484418511390686
5657187328.0,-0.1566213220357895
5658124800.0,-0.14853186905384064
5659062272.0,-0.13996553421020508
5660000256.0,-0.13236258924007416
5660937728.0,-0.12487233430147171
5661875200.0,-0.11725743860006332
5662812672.0,-0.11191200464963913
5663750144.0,-0.1060284972190857
5664687616.0,-0.10226590186357498
5665625088.0,-0.09908328205347061
5666562560.0,-0.09641022235155106
5667500032.0,-0.09538067132234573
5668437504.0,-0.09596162289381027
5669374976.0,-0.09674723446369171
5670312448.0,-0.09967799484729767
5671249920.0,-0.1026114672422409
5672187392.0,-0.10644209384918213
5673124864.0,-0.11190757900476456
5674062336.0,-0.11861038953065872
5674999808.0,-0.12629389762878418
5675937280.0,-0.13393071293830872
5676874752.0,-0.14261016249656677
5677812736.0,-0.15016016364097595
5678750208.0,-0.15972992777824402
5679687680.0,-0.16952629387378693
5680625152.0,-0.17823781073093414
5681562624.0,-0.1890966296195984
5682500096.0,-0.19707557559013367
5683437568.0,-0.20566235482692719
5684375040.0,-0.21368546783924103
5685312512.0,-0.22211550176143646
5686249984.0,-0.22860465943813324
5687187456.0,-0.2354990392923355
5688124928.0,-0.24103865027427673
5689062400.0,-0.245322123169899
5689999872.0,-0.25057879090309143
5690937344.0,-0.2552398443222046
5691874816.0,-0.2581561207771301
5692812288.0,-0.26235806941986084
5693749760.0,-0.2651550769805908
5694687744.0,-0.26930472254753113
5695625216.0,-0.27152207493782043
5696562688.0,-0.27412882447242737
5697500160.0,-0.27806681394577026
5698437632.0,-0.28240537643432617
5699375104.0,-0.2868800461292267
5700312576.0,-0.2921121418476105
5701250048.0,-0.29921644926071167
5702187520.0,-0.3067070245742798
5703124992.0,-0.31570830941200256
5704062464.0,-0.3261100947856903
5704999936.0,-0.3363122344017029
5705937408.0,-0.2264212667942047
5706874880.0,-0.24577413499355316
5707812352.0,-0.265997052192688
5708749824.0,-0.28597065806388855
5709687296.0,-0.3066396713256836
5710624768.0,-0.3252582848072052
5711562752.0,-0.34255632758140564
5712500224.0,-0.3581802248954773
5713437696.0,-0.3701828718185425
5714375168.0,-0.3802606165409088
5715312640.0,-0.3859925866127014
5716250112.0,-0.38811033964157104
5717187584.0,-0.38575151562690735
5718125056.0,-0.37882986664772034
5719062528.0,-0.3690077066421509
5720000000.0,-0.3530537784099579
5720937472.0,-0.33256739377975464
5721874944.0,-0.3089688718318939
5722812416.0,-0.2817706763744354
5723749888.0,-0.24995079636573792
5724687360.0,-0.21634453535079956
5725624832.0,-0.1788913607597351
5726562304.0,-0.13931706547737122
5727499776.0,-0.09869945794343948
5728437248.0,-0.05753838270902634
5729375232.0,-0.017809730023145676
5730312704.0,0.02237085998058319
5731250176.0,0.06016552448272705
5732187648.0,0.09591079503297806
5733125120.0,0.1276749074459076
5734062592.0,0.15711531043052673
5735000064.0,0.18041245639324188
5735937536.0,0.2003161609172821
5736875008.0,0.21567216515541077
5737812480.0,0.2253522127866745
5738749952.0,0.2313518524169922
5739687424.0,0.2331114262342453
5740624896.0,0.23017561435699463
5741562368.0,0.22542841732501984
5742499840.0,0.21696661412715912
5743437312.0,0.2058064043521881
5744374784.0,0.19197462499141693
5745312256.0,0.1786901354789734
5746250240.0,0.16388332843780518
5747187712.0,0.14813388884067535
5748125184.0,0.13267476856708527
5749062656.0,0.11855839937925339
5750000128.0,0.10536038875579834
5750937600.0,0.09324436634778976
5751875072.0,0.08167142421007156
5752812544.0,0.07091617584228516
5753750016.0,0.06049397215247154
5754687488.0,0.05051238462328911
5755624960.0,0.03673732653260231
5756562432.0,0.016987266018986702
5757499904.0,-0.006312600336968899
5758437376.0,-0.031212203204631805
5759374848.0,-0.05932741239666939
5760312320.0,-0.08699764311313629
5761249792.0,-0.1183900237083435
5762187264.0,-0.14982640743255615
5763125248.0,-0.18286672234535217
5764062720.0,-0.21426966786384583
5765000192.0,-0.2435721606016159
5765937664.0,-0.1825723499059677
5766875136.0,-0.1897912472486496
5767812608.0,-0.19724975526332855
5768750080.0,-0.20484361052513123
5769687552.0,-0.21361489593982697
5770625024.0,-0.22238074243068695
5771562496.0,-0.23185810446739197
5772499968.0,-0.24179594218730927
5773437440.0,-0.25206080079078674
5774374912.0,-0.26285097002983093
5775312384.0,-0.2732141613960266
5776249856.0,-0.2843405604362488
5777187328.0,-0.2955644130706787
5778124800.0,-0.3063598573207855
5779062272.0,-0.31825193762779236
5779999744.0,-0.3287055492401123
5780937728.0,-0.3393111228942871
5781875200.0,-0.35144615173339844
5782812672.0,-0.36155349016189575
5783750144.0,-0.3720673620700836
5784687616.0,-0.38248324394226074
5785625088.0,-0.3924318850040436
5786562560.0,-0.4014361798763275
5787500032.0,-0.4095989763736725
5788437504.0,-0.41593021154403687
5789374976.0,-0.42209592461586
5790312448.0,-0.4271109700202942
5791249920.0,-0.42992091178894043
5792187392.0,-0.4319417476654053
5793124864.0,-0.43380242586135864
5794062336.0,-0.4334968030452728
5794999808.0,-0.43096962571144104
5795937280.0,-0.4282899796962738
5796874752.0,-0.4226573705673218
5797812736.0,-0.4173699617385864
5798750208.0,-0.40866583585739136
5799687680.0,-0.3991891145706177
5800625152.0,-0.3880282938480377
5801562624.0,-0.3754570484161377
5802500096.0,-0.3609476387500763
5803437568.0,-0.3470959961414337
5804375040.0,-0.3300575315952301
5805312512.0,-0.312825471162796
5806249984.0,-0.29507702589035034
5807187456.0,-0.2756255865097046
5808124928.0,-0.2571779489517212
5809062400.0,-0.23775993287563324
5809999872.0,-0.21774737536907196
5810937344.0,-0.19833920896053314
5811874816.0,-0.1781996488571167
5812812288.0,-0.1588294506072998
5813749760.0,-0.13954313099384308
5814687744.0,-0.12238673865795135
5815625216.0,-0.10659630596637726
5816562688.0,-0.09365113079547882
5817500160.0,-0.08048763126134872
5818437632.0,-0.06920190155506134
5819375104.0,-0.06060083582997322
5820312576.0,-0.0524153895676136
5821250048.0,-0.04715631902217865
5822187520.0,-0.04360080510377884
5823124992.0,-0.042340900748968124
5824062464.0,-0.04180420562624931
5824999936.0,-0.044031351804733276
5825937408.0,-0.23783613741397858
5826874880.0,-0.24016836285591125
5827812352.0,-0.2424282431602478
5828749824.0,-0.2452441155910492
5829687296.0,-0.24664495885372162
5830624768.0,-0.24863380193710327
5831562752.0,-0.25069108605384827
5832500224.0,-0.25267574191093445
5833437696.0,-0.25468140840530396
5834375168.0,-0.2570217549800873
5835312640.0,-0.25916174054145813
5836250112.0,-0.26213765144348145
5837187584.0,-0.26459968090057373
5838125056.0,-0.26720237731933594
5839062528.0,-0.2712191343307495
5840000000.0,-0.27696603536605835
5840937472.0,-0.28216445446014404
5841874944.0,-0.2890982925891876
5842812416.0,-0.29434293508529663
5843749888.0,-0.30094173550605774
5844687360.0,-0.30771175026893616
5845624832.0,-0.3140996992588043
5846562304.0,-0.32118260860443115
5847499776.0,-0.32629314064979553
5848437248.0,-0.3320072591304779
5849375232.0,-0.3380759358406067
5850312704.0,-0.34268254041671753
5851250176.0,-0.34747958183288574
5852187648.0,-0.35051730275154114
5853125120.0,-0.3541932702064514
5854062592.0,-0.3564436137676239
5855000064.0,-0.3575981855392456
5855937536.0,-0.3597164452075958
5856875008.0,-0.3614984154701233
5857812480.0,-0.36050304770469666
5858749952.0,-0.36045965552330017
5859687424.0,-0.35924825072288513
5860624896.0,-0.3585641086101532
5861562368.0,-0.35682645440101624
5862499840.0,-0.3552524745464325
5863437312.0,-0.3521905541419983
5864374784.0,-0.34878548979759216
5865312256.0,-0.3458055555820465
5866250240.0,-0.3439343273639679
5867187712.0,-0.34036722779273987
5868125184.0,-0.3378230631351471
5869062656.0,-0.33486005663871765
5870000128.0,-0.3316083252429962
5870937600.0,-0.3290906548500061
5871875072.0,-0.32699331641197205
5872812544.0,-0.32529890537261963
5873750016.0,-0.32474520802497864
5874687488.0,-0.3245260715484619
5875624960.0,-0.32401761412620544
5876562432.0,-0.32560011744499207
5877499904.0,-0.32762977480888367
5878437376.0,-0.33012351393699646
5879374848.0,-0.33244362473487854
5880312320.0,-0.3349418640136719
5881249792.0,-0.3385932445526123
5882187264.0,-0.342449814081192
5883125248.0,-0.3460812270641327
5884062720.0,-0.3511469066143036
5885000192.0,-0.3567228615283966
5885937664.0,-0.3713988959789276
5886875136.0,-0.3754299581050873
5887812608.0,-0.3800241947174072
5888750080.0,-0.3830835223197937
5889687552.0,-0.3858424723148346
5890625024.0,-0.38824462890625
5891562496.0,-0.38952550292015076
5892499968.0,-0.39168035984039307
5893437440.0,-0.39307594299316406
5894374912.0,-0.3942987024784088
5895312384.0,-0.39539697766304016
5896249856.0,-0.39491456747055054
5897187328.0,-0.39469677209854126
5898124800.0,-0.39460864663124084
5899062272.0,-0.39423704147338867
5900000256.0,-0.39226648211479187
5900937728.0,-0.39104416966438293
5901875200.0,-0.3902289867401123
5902812672.0,-0.38993871212005615
5903750144.0,-0.389538437128067
5904687616.0,-0.38812577724456787
5905625088.0,-0.3882414400577545
5906562560.0,-0.3870779871940613
5907500032.0,-0.3873455822467804
5908437504.0,-0.38785991072654724
5909374976.0,-0.3885422945022583
5910312448.0,-0.390019029378891
5911249920.0,-0.39081764221191406
5912187392.0,-0.39244434237480164
5913124864.0,-0.393309086561203
5914062336.0,-0.3965446650981903
5914999808.0,-0.39852678775787354
5915937280.0,-0.40212389826774597
5916874752.0,-0.4056267738342285
5917812736.0,-0.41142287850379944
5918750208.0,-0.41701993346214294
5919687680.0,-0.42287853360176086
5920625152.0,-0.4299551248550415
5921562624.0,-0.43861961364746094
5922500096.0,-0.4467547535896301
5923437568.0,-0.45749765634536743
5924375040.0,-0.4670919179916382
5925312512.0,-0.47744327783584595
5926249984.0,-0.4881516396999359
5927187456.0,-0.49834543466567993
5928124928.0,-0.5086376070976257
5929062400.0,-0.5200574994087219
5929999872.0,-0.5309567451477051
5930937344.0,-0.5410264134407043
5931874816.0,-0.5516964197158813
5932812288.0,-0.562510073184967
5933749760.0,-0.5725094676017761
5934687744.0,-0.5825647711753845
5935625216.0,-0.591364324092865
5936562688.0,-0.6006723046302795
5937500160.0,-0.6107189059257507
5938437632.0,-0.6185756325721741
5939375104.0,-0.6268604397773743
5940312576.0,-0.6327917575836182
5941250048.0,-0.638603150844574
5942187520.0,-0.6428297758102417
5943124992.0,-0.6451552510261536
5944062464.0,-0.6465293765068054
5944999936.0,-0.6468403935432434
5945937408.0,-0.42841315269470215
5946874880.0,-0.4445739984512329
5947812352.0,-0.46101975440979004
5948749824.0,-0.47744253277778625
5949687296.0,-0.4918424189090729
5950624768.0,-0.506450355052948
5951562752.0,-0.5194135308265686
5952500224.0,-0.5322112441062927
5953437696.0,-0.5430628061294556
5954375168.0,-0.5527955889701843
5955312640.0,-0.561739444732666
5956250112.0,-0.5692439079284668
5957187584.0,-0.5768114924430847
5958125056.0,-0.5804287791252136
5959062528.0,-0.583672821521759
5960000000.0,-0.5853026509284973
5960937472.0,-0.5860034823417664
5961874944.0,-0.5839022994041443
5962812416.0,-0.5802923440933228
5963749888.0,-0.5742811560630798
5964687360.0,-0.568192720413208
5965624832.0,-0.5597941279411316
5966562304.0,-0.5504042506217957
5967499776.0,-0.5401390790939331
5968437248.0,-0.5285102725028992
5969375232.0,-0.516413152217865
5970312704.0,-0.5048049688339233
5971250176.0,-0.4927850365638733
5972187648.0,-0.48165756464004517
5973125120.0,-0.4715752601623535
5974062592.0,-0.46076667308807373
5975000064.0,-0.4512861967086792
5975937536.0,-0.4430888891220093
5976875008.0,-0.43528008460998535
5977812480.0,-0.4293912947177887
5978749952.0,-0.4247950315475464
5979687424.0,-0.42059794068336487
5980624896.0,-0.41919830441474915
5981562368.0,-0.4180556535720825
5982499840.0,-0.41868656873703003
5983437312.0,-0.41848522424697876
5984374784.0,-0.4206743538379669
5985312256.0,-0.4225355088710785
5986250240.0,-0.4250418543815613
5987187712.0,-0.42826247215270996
5988125184.0,-0.4325322210788727
5989062656.0,-0.43600597977638245
5990000128.0,-0.44005781412124634
5990937600.0,-0.44429048895835876
5991875072.0,-0.44817861914634705
5992812544.0,-0.452374130487442
5993750016.0,-0.4553874433040619
5994687488.0,-0.45942625403404236
5995624960.0,-0.4633215367794037
5996562432.0,-0.4681570827960968
5997499904.0,-0.4721728563308716
5998437376.0,-0.4762251079082489
5999374848.0,-0.4798836410045624
6000312320.0,-0.483014851808548
6001249792.0,-0.48629650473594666
6002187264.0,-0.48883768916130066
6003125248.0,-0.4919911026954651
6004062720.0,-0.49515098333358765
6005000192.0,-0.39128613471984863
6005937664.0,-0.4007953703403473
6006875136.0,-0.41129446029663086
6007812608.0,-0.42349153757095337
6008750080.0,-0.4357120394706726
6009687552.0,-0.4503815770149231
6010625024.0,-0.46576622128486633
6011562496.0,-0.48068422079086304
6012499968.0,-0.4980328381061554
6013437440.0,-0.5145768523216248
6014374912.0,-0.531989336013794
6015312384.0,-0.5496323108673096
6016249856.0,-0.5674590468406677
6017187328.0,-0.5845906138420105
6018124800.0,-0.603513240814209
6019062272.0,-0.6210535168647766
6019999744.0,-0.6386364102363586
6020937728.0,-0.655906081199646
6021875200.0,-0.6720908284187317
6022812672.0,-0.6864070892333984
6023750144.0,-0.6993177533149719
6024687616.0,-0.7099074125289917
6025625088.0,-0.7200115919113159
6026562560.0,-0.7281252145767212
6027500032.0,-0.7348883152008057
6028437504.0,-0.738511323928833
6029374976.0,-0.7407015562057495
6030312448.0,-0.7392361164093018
6031249920.0,-0.7343952059745789
6032187392.0,-0.7290559411048889
6033124864.0,-0.7206416726112366
6034062336.0,-0.7111570239067078
6034999808.0,-0.6981699466705322
6035937280.0,-0.6858609914779663
6036874752.0,-0.67059725522995
6037812736.0,-0.6554288864135742
6038750208.0,-0.6381497979164124
6039687680.0,-0.6215150356292725
6040625152.0,-0.6040371656417847
6041562624.0,-0.5855731964111328
6042500096.0,-0.5678592920303345
6043437568.0,-0.5502293109893799
6044375040.0,-0.5329955816268921
6045312512.0,-0.516844630241394
6046249984.0,-0.5019019842147827
6047187456.0,-0.48700201511383057
6048124928.0,-0.47299227118492126
6049062400.0,-0.4597621262073517
6049999872.0,-0.44872117042541504
6050937344.0,-0.43711140751838684
6051874816.0,-0.4286499321460724
6052812288.0,-0.42007124423980713
6053749760.0,-0.4121934175491333
6054687744.0,-0.4064739942550659
6055625216.0,-0.4017060697078705
6056562688.0,-0.39931222796440125
6057500160.0,-0.3963742256164551
6058437632.0,-0.3963014781475067
6059375104.0,-0.3969472646713257
6060312576.0,-0.3983405828475952
6061250048.0,-0.4004967510700226
6062187520.0,-0.4046860933303833
6063124992.0,-0.4086959660053253
6064062464.0,-0.41292157769203186
6064999936.0,-0.4106946587562561
6065937408.0,-0.4162868857383728
6066874880.0,-0.42259520292282104
6067812352.0,-0.4296067953109741
6068749824.0,-0.43752098083496094
6069687296.0,-0.44574642181396484
6070624768.0,-0.4536432921886444
6071562752.0,-0.4629552364349365
6072500224.0,-0.4719352126121521
6073437696.0,-0.4806702435016632
6074375168.0,-0.49186089634895325
6075312640.0,-0.5016513466835022
6076250112.0,-0.512729823589325
6077187584.0,-0.5235527753829956
6078125056.0,-0.5335087776184082
6079062528.0,-0.5432275533676147
6080000000.0,-0.5537161231040955
6080937472.0,-0.5630530714988708
6081874944.0,-0.5705866813659668
6082812416.0,-0.5785320997238159
6083749888.0,-0.5857232213020325
6084687360.0,-0.5909222960472107
6085624832.0,-0.5963847637176514
6086562304.0,-0.600106418132782
6087499776.0,-0.6016587615013123
6088437248.0,-0.6039273738861084
6089375232.0,-0.6035082936286926
6090312704.0,-0.6031895279884338
6091250176.0,-0.6014763116836548
6092187648.0,-0.599298894405365
6093125120.0,-0.5946699380874634
6094062592.0,-0.5888863205909729
6095000064.0,-0.5809425115585327
6095937536.0,-0.5731325745582581
6096875008.0,-0.5638278722763062
6097812480.0,-0.5553171038627625
6098749952.0,-0.5456811189651489
6099687424.0,-0.5353302359580994
6100624896.0,-0.5243475437164307
6101562368.0,-0.5137747526168823
6102499840.0,-0.5033968091011047
6103437312.0,-0.49147936701774597
6104374784.0,-0.48229557275772095
6105312256.0,-0.47245097160339355
6106250240.0,-0.4640485346317291
6107187712.0,-0.4559513330459595
6108125184.0,-0.44879403710365295
6109062656.0,-0.44161972403526306
6110000128.0,-0.4339284896850586
6110937600.0,-0.4271773397922516
6111875072.0,-0.42173904180526733
6112812544.0,-0.41580936312675476
6113750016.0,-0.4104785919189453
6114687488.0,-0.4044857621192932
6115624960.0,-0.4005937874317169
6116562432.0,-0.3977504372596741
6117499904.0,-0.3944765329360962
6118437376.0,-0.39248645305633545
6119374848.0,-0.3901289105415344
6120312320.0,-0.38795924186706543
6121249792.0,-0.38670095801353455
6122187264.0,-0.38598012924194336
6123125248.0,-0.385599821805954
6124062720.0,-0.3862558603286743
6125000192.0,-0.5783827900886536
6125937664.0,-0.5900641679763794
6126875136.0,-0.6002531051635742
6127812608.0,-0.6105771660804749
6128750080.0,-0.6184453368186951
6129687552.0,-0.627210795879364
6130625024.0,-0.6352253556251526
6131562496.0,-0.6418254971504211
6132499968.0,-0.648197591304779
6133437440.0,-0.6529392600059509
6134374912.0,-0.6578860282897949
6135312384.0,-0.6618467569351196
6136249856.0,-0.6632548570632935
6137187328.0,-0.6652652025222778
6138124800.0,-0.6654043793678284
6139062272.0,-0.6659421920776367
6140000256.0,-0.6647855043411255
6140937728.0,-0.6643580198287964
6141875200.0,-0.6622461676597595
6142812672.0,-0.6605800986289978
6143750144.0,-0.6563717126846313
6144687616.0,-0.6537970900535583
6145625088.0,-0.6500289440155029
6146562560.0,-0.6459183096885681
6147500032.0,-0.6427616477012634
6148437504.0,-0.6398506760597229
6149374976.0,-0.6358241438865662
6150312448.0,-0.6328330039978027
6151249920.0,-0.6313921213150024
6152187392.0,-0.6294780373573303
6153124864.0,-0.6280219554901123
6154062336.0,-0.6274758577346802
6154999808.0,-0.6273980140686035
6155937280.0,-0.628043532371521
6156874752.0,-0.6281014680862427
6157812736.0,-0.6288517117500305
6158750208.0,-0.6319135427474976
6159687680.0,-0.6335944533348083
6160625152.0,-0.6359993815422058
6161562624.0,-0.6394293904304504
6162500096.0,-0.6421788334846497
6163437568.0,-0.6460081934928894
6164375040.0,-0.6502182483673096
6165312512.0,-0.6547458171844482
6166249984.0,-0.6601186990737915
6167187456.0,-0.6662471294403076
6168124928.0,-0.6714872717857361
6169062400.0,-0.6794312596321106
6169999872.0,-0.6860522627830505
6170937344.0,-0.6925614476203918
6171874816.0,-0.6991229057312012
6172812288.0,-0.7058693766593933
6173749760.0,-0.7123823165893555
6174687744.0,-0.7192572355270386
6175625216.0,-0.7252030968666077
6176562688.0,-0.7322704195976257
6177500160.0,-0.7404088973999023
6178437632.0,-0.7483084201812744
6179375104.0,-0.7548342347145081
6180312576.0,-0.7628302574157715
6181250048.0,-0.7717311382293701
6182187520.0,-0.7794033885002136
6183124992.0,-0.7860112190246582
6184062464.0,-0.7927246689796448
6184999936.0,-0.6319264769554138
6185937408.0,-0.6544759273529053
6186874880.0,-0.6747665405273438
6187812352.0,-0.6957882642745972
6188749824.0,-0.7142943143844604
6189687296.0,-0.732811689376831
6190624768.0,-0.7515591979026794
6191562752.0,-0.7677895426750183
6192500224.0,-0.7855230569839478
6193437696.0,-0.8012445569038391
6194375168.0,-0.816021203994751
6195312640.0,-0.8295691013336182
6196250112.0,-0.8435235023498535
6197187584.0,-0.8554508686065674
6198125056.0,-0.8683024644851685
6199062528.0,-0.8775354027748108
6200000000.0,-0.8851219415664673
6200937472.0,-0.8922194838523865
6201874944.0,-0.8958812355995178
6202812416.0,-0.8974921107292175
6203749888.0,-0.8991225361824036
6204687360.0,-0.8981422185897827
6205624832.0,-0.8950660824775696
6206562304.0,-0.890505850315094
6207499776.0,-0.8854811787605286
6208437248.0,-0.877730667591095
6209375232.0,-0.8680226802825928
6210312704.0,-0.8586559891700745
6211250176.0,-0.8465808033943176
6212187648.0,-0.8349332809448242
6213125120.0,-0.822119951248169
6214062592.0,-0.8078762292861938
6215000064.0,-0.7952749729156494
6215937536.0,-0.7801315188407898
6216875008.0,-0.7652632594108582
6217812480.0,-0.750093936920166
6218749952.0,-0.7351436018943787
6219687424.0,-0.7205593585968018
6220624896.0,-0.7066723704338074
6221562368.0,-0.6932461857795715
6222499840.0,-0.6796725988388062
6223437312.0,-0.6678056120872498
6224374784.0,-0.6561560034751892
6225312256.0,-0.6443564891815186
6226250240.0,-0.6344901323318481
6227187712.0,-0.6263847351074219
6228125184.0,-0.6190261244773865
6229062656.0,-0.612555205821991
6230000128.0,-0.6088826060295105
6230937600.0,-0.6064020991325378
6231875072.0,-0.6046109795570374
6232812544.0,-0.6048830151557922
6233750016.0,-0.6057348847389221
6234687488.0,-0.6081035137176514
6235624960.0,-0.6110687851905823
6236562432.0,-0.6173995733261108
6237499904.0,-0.6223220825195312
6238437376.0,-0.6301873326301575
6239374848.0,-0.6392078995704651
6240312320.0,-0.6485857367515564
6241249792.0,-0.6588481664657593
6242187264.0,-0.6681677103042603
6243125248.0,-0.678149938583374
6244062720.0,-0.6897752285003662
6245000192.0,-0.695712149143219
6245937664.0,-0.709494411945343
6246875136.0,-0.721709668636322
6247812608.0,-0.7370036244392395
6248750080.0,-0.7514212131500244
6249687552.0,-0.7667972445487976
6250625024.0,-0.7812284231185913
6251562496.0,-0.7959420084953308
6252499968.0,-0.8104792833328247
6253437440.0,-0.8230480551719666
6254374912.0,-0.8347821235656738
6255312384.0,-0.8453476428985596
6256249856.0,-0.8553023338317871
6257187328.0,-0.8637344837188721
6258124800.0,-0.8717456459999084
6259062272.0,-0.8800395131111145
6259999744.0,-0.8873712420463562
6260937728.0,-0.8946921229362488
6261875200.0,-0.899610698223114
6262812672.0,-0.9037156105041504
6263750144.0,-0.9063344597816467
6264687616.0,-0.9078638553619385
6265625088.0,-0.9079058766365051
6266562560.0,-0.9085930585861206
6267500032.0,-0.9080464839935303
6268437504.0,-0.9072250723838806
6269374976.0,-0.9057005643844604
6270312448.0,-0.9035799503326416
6271249920.0,-0.9008194208145142
6272187392.0,-0.896556556224823
6273124864.0,-0.8943167924880981
6274062336.0,-0.8903594613075256
6274999808.0,-0.8881171941757202
6275937280.0,-0.8841587901115417
6276874752.0,-0.8805519342422485
6277812736.0,-0.8766675591468811
6278750208.0,-0.8747835159301758
6279687680.0,-0.8699811697006226
6280625152.0,-0.8663216233253479
6281562624.0,-0.8630035519599915
6282500096.0,-0.8599401712417603
6283437568.0,-0.8575661778450012
6284375040.0,-0.8558231592178345
6285312512.0,-0.8551785349845886
6286249984.0,-0.8544648885726929
6287187456.0,-0.8563141226768494
6288124928.0,-0.858573317527771
6289062400.0,-0.8601409196853638
6289999872.0,-0.8628587126731873
6290937344.0,-0.865729570388794
6291874816.0,-0.8691208362579346
6292812288.0,-0.8720764517784119
6293749760.0,-0.875857949256897
6294687744.0,-0.8809762597084045
6295625216.0,-0.8850916624069214
6296562688.0,-0.8919060826301575
6297500160.0,-0.8972254395484924
6298437632.0,-0.9052405953407288
6299375104.0,-0.9144522547721863
6300312576.0,-0.9236663579940796
6301250048.0,-0.9340643882751465
6302187520.0,-0.9446680545806885
6303124992.0,-0.9549221992492676
6304062464.0,-0.9668833017349243
6304999936.0,-0.995219886302948
6305937408.0,-1.0057251453399658
6306874880.0,-1.01615571975708
6307812352.0,-1.0272201299667358
6308749824.0,-1.037428617477417
6309687296.0,-1.0467839241027832
6310624768.0,-1.0575352907180786
6311562752.0,-1.0667870044708252
6312500224.0,-1.0762320756912231
6313437696.0,-1.0850132703781128
6314375168.0,-1.092963457107544
6315312640.0,-1.102035641670227
6316250112.0,-1.112109899520874
6317187584.0,-1.1221452951431274
6318125056.0,-1.1327885389328003
6319062528.0,-1.1449384689331055
6320000000.0,-1.1576827764511108
6320937472.0,-1.169384479522705
6321874944.0,-1.1807401180267334
6322812416.0,-1.1933131217956543
6323749888.0,-1.2055035829544067
6324687360.0,-1.2164520025253296
6325624832.0,-1.2285807132720947
6326562304.0,-1.237738847732544
6327499776.0,-1.2481688261032104
6328437248.0,-1.2574201822280884
6329375232.0,-1.266289472579956
6330312704.0,-1.2731541395187378
6331250176.0,-1.2806838750839233
6332187648.0,-1.2866889238357544
6333125120.0,-1.2904301881790161
6334062592.0,-1.2946276664733887
6335000064.0,-1.2958459854125977
6335937536.0,-1.2978013753890991
6336875008.0,-1.2984583377838135
6337812480.0,-1.298511028289795
6338749952.0,-1.2958571910858154
6339687424.0,-1.2922272682189941
6340624896.0,-1.2878353595733643
6341562368.0,-1.2786437273025513
6342499840.0,-1.27128267288208
6343437312.0,-1.2616238594055176
6344374784.0,-1.25056791305542
6345312256.0,-1.2377851009368896
6346250240.0,-1.2265632152557373
6347187712.0,-1.2154905796051025
6348125184.0,-1.2029190063476562
6349062656.0,-1.1903104782104492
6350000128.0,-1.1782011985778809
6350937600.0,-1.1654582023620605
6351875072.0,-1.1536107063293457
6352812544.0,-1.1414380073547363
6353750016.0,-1.1298023462295532
6354687488.0,-1.1168370246887207
6355624960.0,-1.1045982837677002
6356562432.0,-1.091875672340393
6357499904.0,-1.0795561075210571
6358437376.0,-1.0674083232879639
6359374848.0,-1.056779384613037
6360312320.0,-1.0471343994140625
6361249792.0,-1.0379164218902588
6362187264.0,-1.0319230556488037
6363125248.0,-1.0266705751419067
6364062720.0,-1.024018406867981
6365000192.0,-1.3908846378326416
6365937664.0,-1.404828429222107
6366875136.0,-1.418441653251648
6367812608.0,-1.4322447776794434
6368750080.0,-1.4461313486099243
6369687552.0,-1.4609739780426025
6370625024.0,-1.4732036590576172
6371562496.0,-1.4863282442092896
6372499968.0,-1.4993704557418823
6373437440.0,-1.511839747428894
6374374912.0,-1.523362636566162
6375312384.0,-1.5345568656921387
6376249856.0,-1.544191837310791
6377187328.0,-1.5531929731369019
6378124800.0,-1.559686303138733
6379062272.0,-1.5656877756118774
6380000256.0,-1.5694736242294312
6380937728.0,-1.5727031230926514
6381875200.0,-1.5742290019989014
6382812672.0,-1.5758693218231201
6383750144.0,-1.576357126235962
6384687616.0,-1.5764975547790527
6385625088.0,-1.5757708549499512
6386562560.0,-1.5740582942962646
6387500032.0,-1.5715023279190063
6388437504.0,-1.5672138929367065
6389374976.0,-1.5637030601501465
6390312448.0,-1.5581542253494263
6391249920.0,-1.552457332611084
6392187392.0,-1.5460630655288696
6393124864.0,-1.539900779724121
6394062336.0,-1.5296003818511963
6394999808.0,-1.5194098949432373
6395937280.0,-1.509204387664795
6396874752.0,-1.4983086585998535
6397812736.0,-1.48666250705719
6398750208.0,-1.4770861864089966
6399687680.0,-1.4669697284698486
6400625152.0,-1.4584342241287231
6401562624.0,-1.45102858543396
6402500096.0,-1.445041298866272
6403437568.0,-1.4409544467926025
6404375040.0,-1.4389827251434326
6405312512.0,-1.4392971992492676
6406249984.0,-1.4427345991134644
6407187456.0,-1.4483575820922852
6408124928.0,-1.454744815826416
6409062400.0,-1.4632749557495117
6409999872.0,-1.4717013835906982
6410937344.0,-1.4800677299499512
6411874816.0,-1.4907512664794922
6412812288.0,-1.5042665004730225
6413749760.0,-1.5197933912277222
6414687744.0,-1.5365620851516724
6415625216.0,-1.554708480834961
6416562688.0,-1.5753793716430664
6417500160.0,-1.5974245071411133
6418437632.0,-1.6221388578414917
6419375104.0,-1.6477104425430298
6420312576.0,-1.673599362373352
6421250048.0,-1.700613260269165
6422187520.0,-1.7286906242370605
6423124992.0,-1.7580331563949585
6424062464.0,-1.7890986204147339
6424999936.0,-1.823140025138855
6425937408.0,-1.854567527770996
6426874880.0,-1.8868814706802368
6427812352.0,-1.918370246887207
6428749824.0,-1.9500788450241089
6429687296.0,-1.9813858270645142
6430624768.0,-2.0135557651519775
6431562752.0,-2.044623374938965
6432500224.0,-2.073998212814331
6433437696.0,-2.102587938308716
6434375168.0,-2.1300406455993652
6435312640.0,-2.1552252769470215
6436250112.0,-2.17968487739563
6437187584.0,-2.201521158218384
6438125056.0,-2.22316312789917
6439062528.0,-2.2446234226226807
6440000000.0,-2.2645680904388428
6440937472.0,-2.284130334854126
6441874944.0,-2.3037543296813965
6442812416.0,-2.3203024864196777
6443749888.0,-2.3358139991760254
6444687360.0,-2.3502233028411865
6445624832.0,-2.36286997795105
6446562304.0,-2.3726089000701904
6447499776.0,-2.3815836906433105
6448437248.0,-2.386708974838257
6449375232.0,-2.39007306098938
6450312704.0,-2.3918802738189697
6451250176.0,-2.3929758071899414
6452187648.0,-2.392601251602173
6453125120.0,-2.391221046447754
6454062592.0,-2.3881430625915527
6455000064.0,-2.383920192718506
6455937536.0,-2.3784890174865723
6456875008.0,-2.3729772567749023
6457812480.0,-2.367626667022705
6458749952.0,-2.36147141456604
6459687424.0,-2.356715440750122
6460624896.0,-2.3498857021331787
6461562368.0,-2.3447227478027344
6462499840.0,-2.3399581909179688
6463437312.0,-2.3349783420562744
6464374784.0,-2.333723545074463
6465312256.0,-2.331549882888794
6466250240.0,-2.332899570465088
6467187712.0,-2.334660768508911
6468125184.0,-2.3361411094665527
6469062656.0,-2.3411059379577637
6470000128.0,-2.3456342220306396
6470937600.0,-2.35198712348938
6471875072.0,-2.3611702919006348
6472812544.0,-2.371734619140625
6473750016.0,-2.383204221725464
6474687488.0,-2.394561290740967
6475624960.0,-2.4083099365234375
6476562432.0,-2.4251139163970947
6477499904.0,-2.4421141147613525
6478437376.0,-2.463542938232422
6479374848.0,-2.4872591495513916
6480312320.0,-2.5133397579193115
6481249792.0,-2.539525270462036
6482187264.0,-2.5700812339782715
6483125248.0,-2.60306978225708
6484062720.0,-2.6373376846313477
6485000192.0,-2.739424705505371
6485937664.0,-2.767610549926758
6486875136.0,-2.7955191135406494
6487812608.0,-2.823554515838623
6488750080.0,-2.8524224758148193
6489687552.0,-2.8803062438964844
6490625024.0,-2.9105541706085205
6491562496.0,-2.938706636428833
6492499968.0,-2.9674065113067627
6493437440.0,-2.9972405433654785
6494374912.0,-3.0265610218048096
6495312384.0,-3.056635618209839
6496249856.0,-3.0877938270568848
6497187328.0,-3.1174604892730713
6498124800.0,-3.1492204666137695
6499062272.0,-3.1807126998901367
6499999744.0,-3.2106704711914062
6500937728.0,-3.239640951156616
6501875200.0,-3.2664663791656494
6502812672.0,-3.292030096054077
6503750144.0,-3.3164422512054443
6504687616.0,-3.340604066848755
6505625088.0,-3.3626434803009033
6506562560.0,-3.3857762813568115
6507500032.0,-3.409637928009033
6508437504.0,-3.432983160018921
6509374976.0,-3.459188222885132
6510312448.0,-3.4862029552459717
6511249920.0,-3.5135536193847656
6512187392.0,-3.54396653175354
6513124864.0,-3.5763323307037354
6514062336.0,-3.6088650226593018
6514999808.0,-3.6428885459899902
6515937280.0,-3.6764743328094482
6516874752.0,-3.7110209465026855
6517812736.0,-3.743312358856201
6518750208.0,-3.776543140411377
6519687680.0,-3.807380437850952
6520625152.0,-3.8397057056427
6521562624.0,-3.8727035522460938
6522500096.0,-3.9059996604919434
6523437568.0,-3.9417920112609863
6524375040.0,-3.979724407196045
6525312512.0,-4.0204057693481445
6526249984.0,-4.0608320236206055
6527187456.0,-4.102367401123047
6528124928.0,-4.14500093460083
6529062400.0,-4.189937114715576
6529999872.0,-4.235110759735107
6530937344.0,-4.281213283538818
6531874816.0,-4.327822685241699
6532812288.0,-4.372808456420898
6533749760.0,-4.4168829917907715
6534687744.0,-4.461660861968994
6535625216.0,-4.507458686828613
6536562688.0,-4.555576801300049
6537500160.0,-4.605042457580566
6538437632.0,-4.654956340789795
6539375104.0,-4.70412015914917
6540312576.0,-4.7473883628845215
6541250048.0,-4.789102554321289
6542187520.0,-4.825231552124023
6543124992.0,-4.861668109893799
6544062464.0,-4.899418354034424
6544999936.0,-4.928557395935059
6545937408.0,-4.971083641052246
6546874880.0,-5.013739109039307
6547812352.0,-5.060210704803467
6548749824.0,-5.108710765838623
6549687296.0,-5.160693645477295
6550624768.0,-5.211185932159424
6551562752.0,-5.261374473571777
6552500224.0,-5.312362194061279
6553437696.0,-5.364590167999268
6554375168.0,-5.413364410400391
6555312640.0,-5.462924957275391
6556250112.0,-5.5135884284973145
6557187584.0,-5.566302299499512
6558125056.0,-5.619051933288574
6559062528.0,-5.674326419830322
6560000000.0,-5.731517791748047
6560937472.0,-5.78944730758667
6561874944.0,-5.846323013305664
6562812416.0,-5.904487609863281
6563749888.0,-5.966001033782959
6564687360.0,-6.0243659019470215
6565624832.0,-6.081795692443848
6566562304.0,-6.138663291931152
6567499776.0,-6.196296691894531
6568437248.0,-6.255195140838623
6569375232.0,-6.313518047332764
6570312704.0,-6.376689910888672
6571250176.0,-6.441958904266357
6572187648.0,-6.50709867477417
6573125120.0,-6.579198837280273
6574062592.0,-6.658440113067627
6575000064.0,-6.738401889801025
6575937536.0,-6.821640968322754
6576875008.0,-6.906881332397461
6577812480.0,-6.996581077575684
6578749952.0,-7.087549686431885
6579687424.0,-7.181096076965332
6580624896.0,-7.274349689483643
6581562368.0,-7.365602493286133
6582499840.0,-7.454293727874756
6583437312.0,-7.539160251617432
6584374784.0,-7.6224870681762695
6585312256.0,-7.706563472747803
6586250240.0,-7.7880730628967285
6587187712.0,-7.865196228027344
6588125184.0,-7.944090366363525
6589062656.0,-8.024300575256348
6590000128.0,-8.107131004333496
6590937600.0,-8.197922706604004
6591875072.0,-8.292800903320312
6592812544.0,-8.392419815063477
6593750016.0,-8.494378089904785
6594687488.0,-8.597843170166016
6595624960.0,-8.701695442199707
6596562432.0,-8.803827285766602
6597499904.0,-8.907241821289062
6598437376.0,-9.011427879333496
6599374848.0,-9.1170654296875
6600312320.0,-9.22553825378418
6601249792.0,-9.331735610961914
6602187264.0,-9.446727752685547
6603125248.0,-9.562427520751953
6604062720.0,-9.681327819824219
6605000192.0,-9.785795211791992
6605937664.0,-9.899284362792969
6606875136.0,-10.006489753723145
6607812608.0,-10.111796379089355
6608750080.0,-10.218379974365234
6609687552.0,-10.321211814880371
6610625024.0,-10.421485900878906
6611562496.0,-10.519574165344238
6612499968.0,-10.615875244140625
6613437440.0,-10.708065032958984
6614374912.0,-10.792652130126953
6615312384.0,-10.875748634338379
6616249856.0,-10.954547882080078
6617187328.0,-11.038033485412598
6618124800.0,-11.114182472229004
6619062272.0,-11.19503402709961
6620000256.0,-11.271978378295898
6620937728.0,-11.34713077545166
6621875200.0,-11.416009902954102
6622812672.0,-11.477731704711914
6623750144.0,-11.53256893157959
6624687616.0,-11.58051586151123
6625625088.0,-11.622481346130371
6626562560.0,-11.658404350280762
6627500032.0,-11.679718017578125
6628437504.0,-11.690979957580566
6629374976.0,-11.68946361541748
6630312448.0,-11.682823181152344
6631249920.0,-11.672470092773438
6632187392.0,-11.66408634185791
6633124864.0,-11.657090187072754
6634062336.0,-11.655146598815918
6634999808.0,-11.654205322265625
6635937280.0,-11.65266227722168
6636874752.0,-11.649870872497559
6637812736.0,-11.644378662109375
6638750208.0,-11.631284713745117
6639687680.0,-11.613530158996582
6640625152.0,-11.581398010253906
6641562624.0,-11.538291931152344
6642500096.0,-11.489341735839844
6643437568.0,-11.433992385864258
6644375040.0,-11.369053840637207
6645312512.0,-11.306299209594727
6646249984.0,-11.238920211791992
6647187456.0,-11.169652938842773
6648124928.0,-11.088687896728516
6649062400.0,-10.997502326965332
6649999872.0,-10.899581909179688
6650937344.0,-10.797901153564453
6651874816.0,-10.698939323425293
6652812288.0,-10.604569435119629
6653749760.0,-10.518572807312012
6654687744.0,-10.43471622467041
6655625216.0,-10.345257759094238
6656562688.0,-10.252901077270508
6657500160.0,-10.156411170959473
6658437632.0,-10.057134628295898
6659375104.0,-9.951396942138672
6660312576.0,-9.844599723815918
6661250048.0,-9.736515045166016
6662187520.0,-9.622088432312012
6663124992.0,-9.509263038635254
6664062464.0,-9.402856826782227
6664999936.0,-9.283265113830566
6665937408.0,-9.183809280395508
6666874880.0,-9.085724830627441
6667812352.0,-8.988279342651367
6668749824.0,-8.891157150268555
6669687296.0,-8.78945541381836
6670624768.0,-8.685138702392578
6671562752.0,-8.57962417602539
6672500224.0,-8.477354049682617
6673437696.0,-8.376627922058105
6674375168.0,-8.279489517211914
6675312640.0,-8.185258865356445
6676250112.0,-8.08910846710205
6677187584.0,-7.995337009429932
6678125056.0,-7.897175312042236
6679062528.0,-7.80094051361084
6680000000.0,-7.704927444458008
6680937472.0,-7.609011173248291
6681874944.0,-7.515401363372803
6682812416.0,-7.421367645263672
6683749888.0,-7.326170921325684
6684687360.0,-7.233115196228027
6685624832.0,-7.14276647567749
6686562304.0,-7.055449962615967
6687499776.0,-6.976438999176025
6688437248.0,-6.903623580932617
6689375232.0,-6.833737373352051
6690312704.0,-6.77056884765625
6691250176.0,-6.708617687225342
6692187648.0,-6.650459289550781
6693125120.0,-6.595274448394775
6694062592.0,-6.543267250061035
6695000064.0,-6.490241050720215
6695937536.0,-6.440750598907471
6696875008.0,-6.390188217163086
6697812480.0,-6.337512016296387
6698749952.0,-6.283353328704834
6699687424.0,-6.230036735534668
6700624896.0,-6.175732135772705
6701562368.0,-6.122276306152344
6702499840.0,-6.066737651824951
6703437312.0,-6.012065410614014
6704374784.0,-5.95649528503418
6705312256.0,-5.902171611785889
6706250240.0,-5.84842586517334
6707187712.0,-5.793872356414795
6708125184.0,-5.738872528076172
6709062656.0,-5.682982444763184
6710000128.0,-5.625561714172363
6710937600.0,-5.566838264465332
6711875072.0,-5.503759860992432
6712812544.0,-5.438673973083496
6713750016.0,-5.372610092163086
6714687488.0,-5.305506229400635
6715624960.0,-5.237243175506592
6716562432.0,-5.1683549880981445
6717499904.0,-5.099886417388916
6718437376.0,-5.030972003936768
6719374848.0,-4.964081764221191
6720312320.0,-4.898900985717773
6721249792.0,-4.833668231964111
6722187264.0,-4.770152568817139
6723125248.0,-4.7045464515686035
6724062720.0,-4.639674186706543
6725000192.0,-4.359792709350586
6725937664.0,-4.287721157073975
6726875136.0,-4.216411113739014
6727812608.0,-4.149341106414795
6728750080.0,-4.085622310638428
6729687552.0,-4.023167610168457
6730625024.0,-3.963853120803833
6731562496.0,-3.9068596363067627
6732499968.0,-3.852276563644409
6733437440.0,-3.7978968620300293
6734374912.0,-3.7453267574310303
6735312384.0,-3.6963443756103516
6736249856.0,-3.645719528198242
6737187328.0,-3.600224733352661
6738124800.0,-3.5568084716796875
6739062272.0,-3.51533842086792
6739999744.0,-3.4756665229797363
6740937728.0,-3.441058397293091
6741875200.0,-3.4081125259399414
6742812672.0,-3.3762359619140625
6743750144.0,-3.346109390258789
6744687616.0,-3.3191888332366943
6745625088.0,-3.294229745864868
6746562560.0,-3.27169132232666
6747500032.0,-3.2497975826263428
6748437504.0,-3.2290101051330566
6749374976.0,-3.208498001098633
6750312448.0,-3.186007499694824
6751249920.0,-3.1671080589294434
6752187392.0,-3.1450493335723877
6753124864.0,-3.12542724609375
6754062336.0,-3.1079204082489014
6754999808.0,-3.0880606174468994
6755937280.0,-3.0704801082611084
6756874752.0,-3.05208683013916
6757812736.0,-3.0339765548706055
6758750208.0,-3.0164144039154053
6759687680.0,-2.998481512069702
6760625152.0,-2.9783217906951904
6761562624.0,-2.9601521492004395
6762500096.0,-2.9390039443969727
6763437568.0,-2.9194812774658203
6764375040.0,-2.897052526473999
6765312512.0,-2.8744442462921143
6766249984.0,-2.8506579399108887
6767187456.0,-2.8264849185943604
6768124928.0,-2.7996106147766113
6769062400.0,-2.7729692459106445
6769999872.0,-2.743422031402588
6770937344.0,-2.7129344940185547
6771874816.0,-2.6834840774536133
6772812288.0,-2.651294469833374
6773749760.0,-2.6203441619873047
6774687744.0,-2.5891454219818115
6775625216.0,-2.558866262435913
6776562688.0,-2.5286388397216797
6777500160.0,-2.498293876647949
6778437632.0,-2.472506046295166
6779375104.0,-2.443789482116699
6780312576.0,-2.414734363555908
6781250048.0,-2.3856706619262695
6782187520.0,-2.356034278869629
6783124992.0,-2.3277995586395264
6784062464.0,-2.3001010417938232
6784999936.0,-2.277784824371338
6785937408.0,-2.244948387145996
6786874880.0,-2.2120306491851807
6787812352.0,-2.1813623905181885
6788749824.0,-2.1498520374298096
6789687296.0,-2.1204545497894287
6790624768.0,-2.092041492462158
6791562752.0,-2.063619613647461
6792500224.0,-2.0379798412323
6793437696.0,-2.0127992630004883
6794375168.0,-1.9885938167572021
6795312640.0,-1.966494083404541
6796250112.0,-1.9458740949630737
6797187584.0,-1.9251737594604492
6798125056.0,-1.905764102935791
6799062528.0,-1.8882781267166138
6800000000.0,-1.8709112405776978
6800937472.0,-1.855177402496338
6801874944.0,-1.83999764919281
6802812416.0,-1.8254084587097168
6803749888.0,-1.813117504119873
6804687360.0,-1.8018474578857422
6805624832.0,-1.7898706197738647
6806562304.0,-1.7784755229949951
6807499776.0,-1.7674686908721924
6808437248.0,-1.7566447257995605
6809375232.0,-1.7477713823318481
6810312704.0,-1.7361557483673096
6811250176.0,-1.7260981798171997
6812187648.0,-1.7132151126861572
6813125120.0,-1.7007544040679932
6814062592.0,-1.6873750686645508
6815000064.0,-1.6729379892349243
6815937536.0,-1.658643364906311
6816875008.0,-1.6430203914642334
6817812480.0,-1.627597451210022
6818749952.0,-1.6121209859848022
6819687424.0,-1.59717857837677
6820624896.0,-1.5806978940963745
6821562368.0,-1.564218521118164
6822499840.0,-1.546167016029358
6823437312.0,-1.5278898477554321
6824374784.0,-1.5072778463363647
6825312256.0,-1.486886978149414
6826250240.0,-1.4650896787643433
6827187712.0,-1.4436821937561035
6828125184.0,-1.423695683479309
6829062656.0,-1.4011471271514893
6830000128.0,-1.3782259225845337
6830937600.0,-1.3564084768295288
6831875072.0,-1.3331941366195679
6832812544.0,-1.3112550973892212
6833750016.0,-1.2887574434280396
6834687488.0,-1.2665373086929321
6835624960.0,-1.245652437210083
6836562432.0,-1.2243207693099976
6837499904.0,-1.2045294046401978
6838437376.0,-1.1849243640899658
6839374848.0,-1.1667014360427856
6840312320.0,-1.1496130228042603
6841249792.0,-1.1344736814498901
6842187264.0,-1.1187751293182373
6843125248.0,-1.105053186416626
6844062720.0,-1.0938762426376343
6845000192.0,-1.0570251941680908
6845937664.0,-1.0479755401611328
6846875136.0,-1.04056978225708
6847812608.0,-1.0338057279586792
6848750080.0,-1.0285980701446533
6849687552.0,-1.024684190750122
6850625024.0,-1.021490454673767
6851562496.0,-1.0207091569900513
6852499968.0,-1.0205563306808472
6853437440.0,-1.0211819410324097
6854374912.0,-1.0240956544876099
6855312384.0,-1.026289939880371
6856249856.0,-1.0303822755813599
6857187328.0,-1.0352421998977661
6858124800.0,-1.0410419702529907
6859062272.0,-1.0481992959976196
6860000256.0,-1.0558916330337524
6860937728.0,-1.0646474361419678
6861875200.0,-1.0738599300384521
6862812672.0,-1.0843042135238647
6863750144.0,-1.0944305658340454
6864687616.0,-1.1045732498168945
6865625088.0,-1.1163908243179321
6866562560.0,-1.1269793510437012
6867500032.0,-1.1383545398712158
6868437504.0,-1.1485984325408936
6869374976.0,-1.1580126285552979
6870312448.0,-1.1669756174087524
6871249920.0,-1.1758553981781006
6872187392.0,-1.1820666790008545
6873124864.0,-1.1879377365112305
6874062336.0,-1.1930240392684937
6874999808.0,-1.195336937904358
6875937280.0,-1.1967750787734985
6876874752.0,-1.1959278583526611
6877812736.0,-1.1925605535507202
6878750208.0,-1.1872754096984863
6879687680.0,-1.1790796518325806
6880625152.0,-1.1676697731018066
6881562624.0,-1.1541271209716797
6882500096.0,-1.1387560367584229
6883437568.0,-1.1212081909179688
6884375040.0,-1.1019136905670166
6885312512.0,-1.0814803838729858
6886249984.0,-1.0595749616622925
6887187456.0,-1.0348163843154907
6888124928.0,-1.008797526359558
6889062400.0,-0.9826680421829224
6889999872.0,-0.9533981680870056
6890937344.0,-0.9260424375534058
6891874816.0,-0.8950601816177368
6892812288.0,-0.8657425045967102
6893749760.0,-0.8345772624015808
6894687744.0,-0.8047506213188171
6895625216.0,-0.7743516564369202
6896562688.0,-0.744905412197113
6897500160.0,-0.7146021127700806
6898437632.0,-0.6859298944473267
6899375104.0,-0.658429741859436
6900312576.0,-0.6304330229759216
6901250048.0,-0.6035848259925842
6902187520.0,-0.5798302292823792
6903124992.0,-0.5548633337020874
6904062464.0,-0.5314170718193054
6904999936.0,-0.4937111437320709
6905937408.0,-0.4893929362297058
6906874880.0,-0.48714637756347656
6907812352.0,-0.4853741228580475
6908749824.0,-0.48473259806632996
6909687296.0,-0.4857814610004425
6910624768.0,-0.4869067370891571
6911562752.0,-0.49070632457733154
6912500224.0,-0.4946286082267761
6913437696.0,-0.5000707507133484
6914375168.0,-0.5052663683891296
6915312640.0,-0.5120218992233276
6916250112.0,-0.5190430879592896
6917187584.0,-0.5270580053329468
6918125056.0,-0.5349347591400146
6919062528.0,-0.5435733795166016
6920000000.0,-0.552884042263031
6920937472.0,-0.5619423985481262
6921874944.0,-0.5714724063873291
6922812416.0,-0.5804624557495117
6923749888.0,-0.5890432596206665
6924687360.0,-0.5980606079101562
6925624832.0,-0.6077300906181335
6926562304.0,-0.6151155233383179
6927499776.0,-0.6230433583259583
6928437248.0,-0.6301828622817993
6929375232.0,-0.6378630995750427
6930312704.0,-0.6440596580505371
6931250176.0,-0.653842568397522
6932187648.0,-0.6619518995285034
6933125120.0,-0.6699394583702087
6934062592.0,-0.6773479580879211
6935000064.0,-0.684014618396759
6935937536.0,-0.6880261301994324
6936875008.0,-0.6935376524925232
6937812480.0,-0.6972919702529907
6938749952.0,-0.7014614343643188
6939687424.0,-0.704064667224884
6940624896.0,-0.7057422399520874
6941562368.0,-0.7063718438148499
6942499840.0,-0.7053601741790771
6943437312.0,-0.7036629319190979
6944374784.0,-0.7024158835411072
6945312256.0,-0.6985675096511841
6946250240.0,-0.6947590708732605
6947187712.0,-0.6906355619430542
6948125184.0,-0.684473991394043
6949062656.0,-0.6780565977096558
6950000128.0,-0.6707348227500916
6950937600.0,-0.6628742218017578
6951875072.0,-0.6535082459449768
6952812544.0,-0.6437017917633057
6953750016.0,-0.6328873634338379
6954687488.0,-0.621298611164093
6955624960.0,-0.6091964244842529
6956562432.0,-0.5988270044326782
6957499904.0,-0.58772212266922
6958437376.0,-0.576262354850769
6959374848.0,-0.5622219443321228
6960312320.0,-0.5483635067939758
6961249792.0,-0.5327982902526855
6962187264.0,-0.5185754895210266
6963125248.0,-0.5025975704193115
6964062720.0,-0.48667389154434204
6965000192.0,-0.40770870447158813
6965937664.0,-0.4003991186618805
6966875136.0,-0.3930397629737854
6967812608.0,-0.38592949509620667
6968750080.0,-0.3780088722705841
6969687552.0,-0.3709081709384918
6970625024.0,-0.36504602432250977
6971562496.0,-0.35862135887145996
6972499968.0,-0.3522672951221466
6973437440.0,-0.34820130467414856
6974374912.0,-0.34344831109046936
6975312384.0,-0.3392632305622101
6976249856.0,-0.33783698081970215
6977187328.0,-0.33619943261146545
6978124800.0,-0.33535292744636536
6979062272.0,-0.3343489468097687
6979999744.0,-0.3352760970592499
6980937728.0,-0.338081955909729
6981875200.0,-0.339566171169281
6982812672.0,-0.34253308176994324
6983750144.0,-0.3471542000770569
6984687616.0,-0.3527083992958069
6985625088.0,-0.35979190468788147
6986562560.0,-0.36754110455513
6987500032.0,-0.3775499165058136
6988437504.0,-0.38679569959640503
6989374976.0,-0.3969496786594391
6990312448.0,-0.40805527567863464
6991249920.0,-0.42024943232536316
6992187392.0,-0.43209269642829895
6993124864.0,-0.44423356652259827
6994062336.0,-0.4576539397239685
6994999808.0,-0.4702647924423218
6995937280.0,-0.4825959801673889
6996874752.0,-0.4945310354232788
6997812736.0,-0.5071080327033997
6998750208.0,-0.5192047357559204
6999687680.0,-0.5301873683929443
7000625152.0,-0.5401479601860046
7001562624.0,-0.5480982661247253
7002500096.0,-0.5568044185638428
7003437568.0,-0.5636990070343018
7004375040.0,-0.5692150592803955
7005312512.0,-0.5739690661430359
7006249984.0,-0.5776657462120056
7007187456.0,-0.5802274942398071
7008124928.0,-0.5808866024017334
7009062400.0,-0.5799449682235718
7009999872.0,-0.5789194107055664
7010937344.0,-0.5759986042976379
7011874816.0,-0.5711792707443237
7012812288.0,-0.5655144453048706
7013749760.0,-0.5596554279327393
7014687744.0,-0.5517773628234863
7015625216.0,-0.5437339544296265
7016562688.0,-0.5366335511207581
7017500160.0,-0.526378870010376
7018437632.0,-0.5185118913650513
7019375104.0,-0.5088478922843933
7020312576.0,-0.5001130700111389
7021250048.0,-0.49049827456474304
7022187520.0,-0.48140960931777954
7023124992.0,-0.47094765305519104
7024062464.0,-0.46224552392959595
7024999936.0,-0.4343157112598419
7025937408.0,-0.4279390871524811
7026874880.0,-0.42119351029396057
7027812352.0,-0.41443413496017456
7028749824.0,-0.41077208518981934
7029687296.0,-0.4069429337978363
7030624768.0,-0.40415695309638977
7031562752.0,-0.4034005105495453
7032500224.0,-0.4038665294647217
7033437696.0,-0.4057864248752594
7034375168.0,-0.40839365124702454
7035312640.0,-0.4115987718105316
7036250112.0,-0.41785627603530884
7037187584.0,-0.4234974980354309
7038125056.0,-0.43126243352890015
7039062528.0,-0.440477579832077
7040000000.0,-0.4495876431465149
7040937472.0,-0.45827963948249817
7041874944.0,-0.46828529238700867
7042812416.0,-0.47833845019340515
7043749888.0,-0.4881352484226227
7044687360.0,-0.49731793999671936
7045624832.0,-0.5060219168663025
7046562304.0,-0.5136730074882507
7047499776.0,-0.5199471116065979
7048437248.0,-0.5257133841514587
7049375232.0,-0.5287918448448181
7050312704.0,-0.5318370461463928
7051250176.0,-0.5321741104125977
7052187648.0,-0.5319604873657227
7053125120.0,-0.5286552906036377
7054062592.0,-0.5238407850265503
7055000064.0,-0.5171521902084351
7055937536.0,-0.5084903240203857
7056875008.0,-0.4978998005390167
7057812480.0,-0.48662394285202026
7058749952.0,-0.4705612063407898
7059687424.0,-0.4538642168045044
7060624896.0,-0.4363335967063904
7061562368.0,-0.41718336939811707
7062499840.0,-0.3972768187522888
7063437312.0,-0.3757985830307007
7064374784.0,-0.35535746812820435
7065312256.0,-0.33316469192504883
7066250240.0,-0.3113166391849518
7067187712.0,-0.28971824049949646
7068125184.0,-0.2685587704181671
7069062656.0,-0.24666368961334229
7070000128.0,-0.2283327281475067
7070937600.0,-0.20893412828445435
7071875072.0,-0.1904122233390808
7072812544.0,-0.1738974004983902
7073750016.0,-0.15888404846191406
7074687488.0,-0.1449105441570282
7075624960.0,-0.13352827727794647
7076562432.0,-0.12356922030448914
7077499904.0,-0.11627008020877838
7078437376.0,-0.1106189489364624
7079374848.0,-0.10753878951072693
7080312320.0,-0.10747034102678299
7081249792.0,-0.10984224826097488
7082187264.0,-0.11359831690788269
7083125248.0,-0.12141407281160355
7084062720.0,-0.1293613612651825
7085000192.0,-0.28259965777397156
7085937664.0,-0.29605919122695923
7086875136.0,-0.30874019861221313
7087812608.0,-0.3246106207370758
7088750080.0,-0.3408913314342499
7089687552.0,-0.3598592281341553
7090625024.0,-0.3808742165565491
7091562496.0,-0.4033378064632416
7092499968.0,-0.42757076025009155
7093437440.0,-0.4552619159221649
7094374912.0,-0.4834960699081421
7095312384.0,-0.5129484534263611
7096249856.0,-0.5440242290496826
7097187328.0,-0.5771011114120483
7098124800.0,-0.6102472543716431
7099062272.0,-0.6445943117141724
7100000256.0,-0.6796442866325378
7100937728.0,-0.7137255072593689
7101875200.0,-0.7472624182701111
7102812672.0,-0.7789183855056763
7103750144.0,-0.8092809319496155
7104687616.0,-0.8376660346984863
7105625088.0,-0.86236172914505
7106562560.0,-0.8852571845054626
7107500032.0,-0.9053517580032349
7108437504.0,-0.9216722846031189
7109374976.0,-0.9343523979187012
7110312448.0,-0.9440169930458069
7111249920.0,-0.9488584995269775
7112187392.0,-0.9510743021965027
7113124864.0,-0.9484360218048096
7114062336.0,-0.9419450163841248
7114999808.0,-0.9323088526725769
7115937280.0,-0.9175942540168762
7116874752.0,-0.9004617929458618
7117812736.0,-0.8785694241523743
7118750208.0,-0.8553990125656128
7119687680.0,-0.8269259929656982
7120625152.0,-0.7974786758422852
7121562624.0,-0.7670130729675293
7122500096.0,-0.7330164313316345
7123437568.0,-0.6983333230018616
7124375040.0,-0.6622162461280823
7125312512.0,-0.6258759498596191
7126249984.0,-0.5892022848129272
7127187456.0,-0.5520336627960205
7128124928.0,-0.5156198143959045
7129062400.0,-0.47926321625709534
7129999872.0,-0.444282203912735
7130937344.0,-0.40967875719070435
7131874816.0,-0.3765377700328827
7132812288.0,-0.3443664312362671
7133749760.0,-0.3151687979698181
7134687744.0,-0.2877000868320465
7135625216.0,-0.2616960406303406
7136562688.0,-0.2390306144952774
7137500160.0,-0.21755622327327728
7138437632.0,-0.1980779469013214
7139375104.0,-0.1812429428100586
7140312576.0,-0.1649641990661621
7141250048.0,-0.15087257325649261
7142187520.0,-0.13896776735782623
7143124992.0,-0.1288710981607437
7144062464.0,-0.22133074700832367
7144999936.0,-0.22184306383132935
7145937408.0,-0.2223649024963379
7146874880.0,-0.22536338865756989
7147812352.0,-0.2283429056406021
7148749824.0,-0.23096707463264465
7149687296.0,-0.23623120784759521
7150624768.0,-0.24066326022148132
7151562752.0,-0.2472107857465744
7152500224.0,-0.2551783323287964
7153437696.0,-0.26517900824546814
7154375168.0,-0.27827462553977966
7155312640.0,-0.29166126251220703
7156250112.0,-0.30918657779693604
7157187584.0,-0.328335702419281
7158125056.0,-0.3519311249256134
7159062528.0,-0.3762974441051483
7160000000.0,-0.4035717844963074
7160937472.0,-0.4302777647972107
7161874944.0,-0.45471376180648804
7162812416.0,-0.475738525390625
7163749888.0,-0.4922167956829071
7164687360.0,-0.5063280463218689
7165624832.0,-0.5174587368965149
7166562304.0,-0.5255279541015625
7167499776.0,-0.5312899351119995
7168437248.0,-0.5355007648468018
7169375232.0,-0.5393019318580627
7170312704.0,-0.5405502319335938
7171250176.0,-0.5425967574119568
7172187648.0,-0.5446722507476807
7173125120.0,-0.5467491745948792
7174062592.0,-0.5528650283813477
7175000064.0,-0.5600704550743103
7175937536.0,-0.5704744458198547
7176875008.0,-0.582118570804596
7177812480.0,-0.5964941382408142
7178749952.0,-0.6145309209823608
7179687424.0,-0.6322278380393982
7180624896.0,-0.6521392464637756
7181562368.0,-0.6732807159423828
7182499840.0,-0.6943643689155579
7183437312.0,-0.7150667905807495
7184374784.0,-0.7348482012748718
7185312256.0,-0.7535160183906555
7186250240.0,-0.7690691351890564
7187187712.0,-0.7830504179000854
7188125184.0,-0.7933545112609863
7189062656.0,-0.80000239610672
7190000128.0,-0.8026720881462097
7190937600.0,-0.8020073175430298
7191875072.0,-0.796268105506897
7192812544.0,-0.7876509428024292
7193750016.0,-0.7756691575050354
7194687488.0,-0.7594833970069885
7195624960.0,-0.7404835224151611
7196562432.0,-0.7186179161071777
7197499904.0,-0.6948422789573669
7198437376.0,-0.6698994040489197
7199374848.0,-0.6428475379943848
7200312320.0,-0.6153311729431152
7201249792.0,-0.5893588662147522
7202187264.0,-0.5644081234931946
7203125248.0,-0.5397432446479797
7204062720.0,-0.6636850237846375
7205000192.0,-0.656611442565918
7205937664.0,-0.6510855555534363
7206875136.0,-0.6497028470039368
7207812608.0,-0.6488074064254761
7208750080.0,-0.6492840051651001
7209687552.0,-0.6535784006118774
7210625024.0,-0.6589632034301758
7211562496.0,-0.6712703704833984
7212499968.0,-0.6850736141204834
7213437440.0,-0.7013272047042847
7214374912.0,-0.7178295254707336
7215312384.0,-0.7384073138237
7216249856.0,-0.7567503452301025
7217187328.0,-0.7771267294883728
7218124800.0,-0.7979966402053833
7219062272.0,-0.8189350366592407
7219999744.0,-0.8400154113769531
7220937728.0,-0.8602057695388794
7221875200.0,-0.8787508606910706
7222812672.0,-0.8987038731575012
7223750144.0,-0.9141495227813721
7224687616.0,-0.9290305376052856
7225625088.0,-0.941318929195404
7226562560.0,-0.9531013369560242
7227500032.0,-0.961362898349762
7228437504.0,-0.968097984790802
7229374976.0,-0.974051833152771
7230312448.0,-0.9753001928329468
7231249920.0,-0.9764319658279419
7232187392.0,-0.9748773574829102
7233124864.0,-0.9741839170455933
7234062336.0,-0.9697896242141724
7234999808.0,-0.9665501713752747
7235937280.0,-0.9613605737686157
7236874752.0,-0.956681489944458
7237812736.0,-0.951332688331604
7238750208.0,-0.9443635940551758
7239687680.0,-0.9387474060058594
7240625152.0,-0.9322171807289124
7241562624.0,-0.9278017282485962
7242500096.0,-0.9235566854476929
7243437568.0,-0.9201879501342773
7244375040.0,-0.9191875457763672
7245312512.0,-0.9189212918281555
7246249984.0,-0.9216760993003845
7247187456.0,-0.924554705619812
7248124928.0,-0.9286659955978394
7249062400.0,-0.9353501200675964
7249999872.0,-0.9440883994102478
7250937344.0,-0.9517006874084473
7251874816.0,-0.9644293785095215
7252812288.0,-0.9758177995681763
7253749760.0,-0.9893167018890381
7254687744.0,-1.002305507659912
7255625216.0,-1.0172309875488281
7256562688.0,-1.0330427885055542
7257500160.0,-1.0482497215270996
7258437632.0,-1.0658111572265625
7259375104.0,-1.082788109779358
7260312576.0,-1.09873366355896
7261250048.0,-1.1159838438034058
7262187520.0,-1.1306887865066528
7263124992.0,-1.1456537246704102
7264062464.0,-1.175097942352295
7264999936.0,-1.1897910833358765
7265937408.0,-1.2039541006088257
7266874880.0,-1.2188541889190674
7267812352.0,-1.2328683137893677
7268749824.0,-1.2478636503219604
7269687296.0,-1.2607637643814087
7270624768.0,-1.273861050605774
7271562752.0,-1.2846434116363525
7272500224.0,-1.2956502437591553
7273437696.0,-1.3056210279464722
7274375168.0,-1.314172387123108
7275312640.0,-1.320974349975586
7276250112.0,-1.3271114826202393
7277187584.0,-1.3305991888046265
7278125056.0,-1.3323639631271362
7279062528.0,-1.330680251121521
7280000000.0,-1.3282318115234375
7280937472.0,-1.323353886604309
7281874944.0,-1.3154247999191284
7282812416.0,-1.3052655458450317
7283749888.0,-1.292359709739685
7284687360.0,-1.2767056226730347
7285624832.0,-1.2578774690628052
7286562304.0,-1.2355992794036865
7287499776.0,-1.213239073753357
7288437248.0,-1.189086675643921
7289375232.0,-1.1638145446777344
7290312704.0,-1.1350178718566895
7291250176.0,-1.1057778596878052
7292187648.0,-1.074056625366211
7293125120.0,-1.04237961769104
7294062592.0,-1.0089831352233887
7295000064.0,-0.9747095704078674
7295937536.0,-0.9402614831924438
7296875008.0,-0.9047190546989441
7297812480.0,-0.8681086301803589
7298749952.0,-0.8314726948738098
7299687424.0,-0.7948736548423767
7300624896.0,-0.7576733231544495
7301562368.0,-0.7228861451148987
7302499840.0,-0.6856741309165955
7303437312.0,-0.6502257585525513
7304374784.0,-0.6157385110855103
7305312256.0,-0.5818069577217102
7306250240.0,-0.5487640500068665
7307187712.0,-0.5175482034683228
7308125184.0,-0.48569220304489136
7309062656.0,-0.4567420184612274
7310000128.0,-0.4277164041996002
7310937600.0,-0.4018339216709137
7311875072.0,-0.37811899185180664
7312812544.0,-0.35537946224212646
7313750016.0,-0.33804208040237427
7314687488.0,-0.3217230439186096
7315624960.0,-0.3065534234046936
7316562432.0,-0.2932301461696625
7317499904.0,-0.2798900008201599
7318437376.0,-0.27080219984054565
7319374848.0,-0.2620721757411957
7320312320.0,-0.2557518780231476
7321249792.0,-0.25107133388519287
7322187264.0,-0.24850307404994965
7323125248.0,-0.24838052690029144
7324062720.0,-0.4085082411766052
7325000192.0,-0.40635672211647034
7325937664.0,-0.4066782295703888
7326875136.0,-0.40812763571739197
7327812608.0,-0.41127699613571167
7328750080.0,-0.41577890515327454
7329687552.0,-0.42053815722465515
7330625024.0,-0.4285973310470581
7331562496.0,-0.43603700399398804
7332499968.0,-0.44467148184776306
7333437440.0,-0.454865425825119
7334374912.0,-0.46527838706970215
7335312384.0,-0.4766482710838318
7336249856.0,-0.4878288805484772
7337187328.0,-0.4992252588272095
7338124800.0,-0.5110300183296204
7339062272.0,-0.5203908681869507
7340000256.0,-0.528702437877655
7340937728.0,-0.5375939011573792
7341875200.0,-0.5459456443786621
7342812672.0,-0.5519712567329407
7343750144.0,-0.5581902861595154
7344687616.0,-0.5612492561340332
7345625088.0,-0.5629420876502991
7346562560.0,-0.5656466484069824
7347500032.0,-0.5652194023132324
7348437504.0,-0.5634018182754517
7349374976.0,-0.5606150031089783
7350312448.0,-0.5553589463233948
7351249920.0,-0.55055171251297
7352187392.0,-0.543196976184845
7353124864.0,-0.5349537134170532
7354062336.0,-0.5251503586769104
7354999808.0,-0.515407919883728
7355937280.0,-0.504883885383606
7356874752.0,-0.49440065026283264
7357812736.0,-0.48140713572502136
7358750208.0,-0.46939653158187866
7359687680.0,-0.45524871349334717
7360625152.0,-0.4413527846336365
7361562624.0,-0.4274219870567322
7362500096.0,-0.412572979927063
7363437568.0,-0.3968370854854584
7364375040.0,-0.3783412277698517
7365312512.0,-0.3590880036354065
7366249984.0,-0.3417828679084778
7367187456.0,-0.3214578926563263
7368124928.0,-0.30393216013908386
7369062400.0,-0.28558871150016785
7369999872.0,-0.2672606110572815
7370937344.0,-0.24788369238376617
7371874816.0,-0.2283373773097992
7372812288.0,-0.20888103544712067
7373749760.0,-0.18940405547618866
7374687744.0,-0.1706833392381668
7375625216.0,-0.1500127762556076
7376562688.0,-0.12961068749427795
7377500160.0,-0.1081894040107727
7378437632.0,-0.08740333467721939
7379375104.0,-0.06668657809495926
7380312576.0,-0.04421667382121086
7381250048.0,-0.022292660549283028
7382187520.0,-0.0011643680045381188
7383124992.0,0.021860839799046516
7384062464.0,0.03573383390903473
7384999936.0,0.04255704954266548
7385937408.0,0.049772053956985474
7386874880.0,0.05660146474838257
7387812352.0,0.06149793788790703
7388749824.0,0.06663277000188828
7389687296.0,0.07210811972618103
7390624768.0,0.07755240052938461
7391562752.0,0.08246197551488876
7392500224.0,0.088935486972332
7393437696.0,0.09204941242933273
7394375168.0,0.09776894748210907
7395312640.0,0.10308878123760223
7396250112.0,0.1088002473115921
7397187584.0,0.11550883203744888
7398125056.0,0.1221100464463234
7399062528.0,0.12885789573192596
7400000000.0,0.13618651032447815
7400937472.0,0.14391499757766724
7401874944.0,0.1517346054315567
7402812416.0,0.15857619047164917
7403749888.0,0.1659838855266571
7404687360.0,0.17173944413661957
7405624832.0,0.177110493183136
7406562304.0,0.1806994378566742
7407499776.0,0.18428097665309906
7408437248.0,0.1832464039325714
7409375232.0,0.18224355578422546
7410312704.0,0.17909401655197144
7411250176.0,0.1726136952638626
7412187648.0,0.1649017333984375
7413125120.0,0.15370498597621918
7414062592.0,0.14091049134731293
7415000064.0,0.12469781190156937
7415937536.0,0.10653532296419144
7416875008.0,0.08651959896087646
7417812480.0,0.06412457674741745
7418749952.0,0.0412292517721653
7419687424.0,0.017125772312283516
7420624896.0,-0.008802210912108421
7421562368.0,-0.03473155200481415
7422499840.0,-0.06142886355519295
7423437312.0,-0.0863843709230423
7424374784.0,-0.11072378605604172
7425312256.0,-0.13614483177661896
7426250240.0,-0.15912875533103943
7427187712.0,-0.1805979162454605
7428125184.0,-0.20207037031650543
7429062656.0,-0.22183549404144287
7430000128.0,-0.23979391157627106
7430937600.0,-0.25589731335639954
7431875072.0,-0.2704422175884247
7432812544.0,-0.28470462560653687
7433750016.0,-0.29565420746803284
7434687488.0,-0.30683234333992004
7435624960.0,-0.31554940342903137
7436562432.0,-0.32403564453125
7437499904.0,-0.3304218053817749
7438437376.0,-0.33781227469444275
7439374848.0,-0.3428274393081665
7440312320.0,-0.34615078568458557
7441249792.0,-0.3474886119365692
7442187264.0,-0.34837451577186584
7443125248.0,-0.3480478525161743
7444062720.0,-0.13195690512657166
7445000192.0,-0.11330205947160721
7445937664.0,-0.09719501435756683
7446875136.0,-0.08524081110954285
7447812608.0,-0.07399404793977737
7448750080.0,-0.06506537646055222
7449687552.0,-0.05789664760231972
7450625024.0,-0.052502505481243134
7451562496.0,-0.04863377660512924
7452499968.0,-0.04580405727028847
7453437440.0,-0.04344237595796585
7454374912.0,-0.04147385060787201
7455312384.0,-0.038435086607933044
7456249856.0,-0.03706875815987587
7457187328.0,-0.03439799323678017
7458124800.0,-0.031138509511947632
7459062272.0,-0.02742106281220913
7459999744.0,-0.021759627386927605
7460937728.0,-0.016558561474084854
7461875200.0,-0.008570630103349686
7462812672.0,-4.096944849152351e-06
7463750144.0,0.008309121243655682
7464687616.0,0.017996272072196007
7465625088.0,0.028243210166692734
7466562560.0,0.03867568448185921
7467500032.0,0.04997021704912186
7468437504.0,0.06167203187942505
7469374976.0,0.07437881827354431
7470312448.0,0.08684004843235016
7471249920.0,0.0989103615283966
7472187392.0,0.11081084609031677
7473124864.0,0.12301624566316605
7474062336.0,0.13399992883205414
7474999808.0,0.1447642743587494
7475937280.0,0.15530097484588623
7476874752.0,0.1639537364244461
7477812736.0,0.17102904617786407
7478750208.0,0.17690326273441315
7479687680.0,0.18217168748378754
7480625152.0,0.18601705133914948
7481562624.0,0.1880182921886444
7482500096.0,0.18897688388824463
7483437568.0,0.18719792366027832
7484375040.0,0.1852993369102478
7485312512.0,0.18058378994464874
7486249984.0,0.17520560324192047
7487187456.0,0.16748344898223877
7488124928.0,0.1595379263162613
7489062400.0,0.15006375312805176
7489999872.0,0.13914521038532257
7490937344.0,0.1259869635105133
7491874816.0,0.10962876677513123
7492812288.0,0.09314760565757751
7493749760.0,0.07521757483482361
7494687744.0,0.05719517543911934
7495625216.0,0.038854099810123444
7496562688.0,0.019880404695868492
7497500160.0,1.1207645002286881e-05
7498437632.0,-0.018425580114126205
7499375104.0,-0.03743082657456398
7500312576.0,-0.05503733456134796
7501250048.0,-0.07245106250047684
7502187520.0,-0.08779817819595337
7503124992.0,-0.10370886325836182
7504062464.0,-0.08793240785598755
7504999936.0,-0.0981900542974472
7505937408.0,-0.10896845906972885
7506874880.0,-0.11999236047267914
7507812352.0,-0.12965616583824158
7508749824.0,-0.1386319100856781
7509687296.0,-0.14786331355571747
7510624768.0,-0.15649956464767456
7511562752.0,-0.1638661026954651
7512500224.0,-0.17107798159122467
7513437696.0,-0.17749255895614624
7514375168.0,-0.18336795270442963
7515312640.0,-0.18846511840820312
7516250112.0,-0.19237631559371948
7517187584.0,-0.19736158847808838
7518125056.0,-0.2001056969165802
7519062528.0,-0.20227831602096558
7520000000.0,-0.20299236476421356
7520937472.0,-0.203562393784523
7521874944.0,-0.20274272561073303
7522812416.0,-0.2013007253408432
7523749888.0,-0.19754056632518768
7524687360.0,-0.1944555938243866
7525624832.0,-0.18869447708129883
7526562304.0,-0.18311354517936707
7527499776.0,-0.17539307475090027
7528437248.0,-0.16638557612895966
7529375232.0,-0.1575644463300705
7530312704.0,-0.14758656919002533
7531250176.0,-0.1367502510547638
7532187648.0,-0.1253139227628708
7533125120.0,-0.11293726414442062
7534062592.0,-0.09956932812929153
7535000064.0,-0.08446551114320755
7535937536.0,-0.07060857862234116
7536875008.0,-0.054970379918813705
7537812480.0,-0.038626529276371
7538749952.0,-0.02138805389404297
7539687424.0,-0.0032301621977239847
7540624896.0,0.013568912632763386
7541562368.0,0.03221340849995613
7542499840.0,0.05206520855426788
7543437312.0,0.07217299193143845
7544374784.0,0.09215593338012695
7545312256.0,0.11343729496002197
7546250240.0,0.13460786640644073
7547187712.0,0.1563180834054947
7548125184.0,0.17613376677036285
7549062656.0,0.19723469018936157
7550000128.0,0.2178942710161209
7550937600.0,0.2377692461013794
7551875072.0,0.2566603720188141
7552812544.0,0.27591291069984436
7553750016.0,0.2938004732131958
7554687488.0,0.3110894560813904
7555624960.0,0.32756268978118896
7556562432.0,0.34235167503356934
7557499904.0,0.3569088876247406
7558437376.0,0.3686147630214691
7559374848.0,0.37945351004600525
7560312320.0,0.38835883140563965
7561249792.0,0.3963552415370941
7562187264.0,0.4013061225414276
7563125248.0,0.40402287244796753
7564062720.0,0.1852651685476303
7565000192.0,0.18445809185504913
7565937664.0,0.18344296514987946
7566875136.0,0.18116037547588348
7567812608.0,0.17899519205093384
7568750080.0,0.1763826608657837
7569687552.0,0.17401593923568726
7570625024.0,0.16894935071468353
7571562496.0,0.16255104541778564
7572499968.0,0.15665589272975922
7573437440.0,0.1486593782901764
7574374912.0,0.1396762728691101
7575312384.0,0.12869302928447723
7576249856.0,0.11761122941970825
7577187328.0,0.1052980124950409
7578124800.0,0.0913207158446312
7579062272.0,0.07792366296052933
7580000256.0,0.06180836632847786
7580937728.0,0.045487236231565475
7581875200.0,0.028902608901262283
7582812672.0,0.010282184928655624
7583750144.0,-0.008128209039568901
7584687616.0,-0.027460992336273193
7585625088.0,-0.04551968351006508
7586562560.0,-0.06504632532596588
7587500032.0,-0.08593401312828064
7588437504.0,-0.10541458427906036
7589374976.0,-0.12543617188930511
7590312448.0,-0.14564070105552673
7591249920.0,-0.16496415436267853
7592187392.0,-0.1841704547405243
7593124864.0,-0.2029537856578827
7594062336.0,-0.22081519663333893
7594999808.0,-0.23850813508033752
7595937280.0,-0.2538543939590454
7596874752.0,-0.26891258358955383
7597812736.0,-0.281636506319046
7598750208.0,-0.2946280241012573
7599687680.0,-0.3048674464225769
7600625152.0,-0.31467196345329285
7601562624.0,-0.3212425708770752
7602500096.0,-0.3273966312408447
7603437568.0,-0.3312590420246124
7604375040.0,-0.3335549235343933
7605312512.0,-0.3328009843826294
7606249984.0,-0.33249419927597046
7607187456.0,-0.3282340168952942
7608124928.0,-0.32098719477653503
7609062400.0,-0.3140908181667328
7609999872.0,-0.3037371039390564
7610937344.0,-0.29151368141174316
7611874816.0,-0.2770611345767975
7612812288.0,-0.2613265812397003
7613749760.0,-0.24288445711135864
7614687744.0,-0.22341126203536987
7615625216.0,-0.20181706547737122
7616562688.0,-0.17857155203819275
7617500160.0,-0.15521585941314697
7618437632.0,-0.12888269126415253
7619375104.0,-0.10319869965314865
7620312576.0,-0.07445476949214935
7621250048.0,-0.0463419109582901
7622187520.0,-0.019222835078835487
7623124992.0,0.010380510240793228
7624062464.0,0.03686800226569176
7624999936.0,0.0647834986448288
7625937408.0,0.09157204627990723
7626874880.0,0.11740318685770035
7627812352.0,0.14257431030273438
7628749824.0,0.16605281829833984
7629687296.0,0.18871796131134033
7630624768.0,0.209896981716156
7631562752.0,0.2291124314069748
7632500224.0,0.24693767726421356
7633437696.0,0.2634909749031067
7634375168.0,0.2776077389717102
7635312640.0,0.2904285490512848
7636250112.0,0.3014463186264038
7637187584.0,0.30980175733566284
7638125056.0,0.31642669439315796
7639062528.0,0.3204547166824341
7640000000.0,0.3230661451816559
7640937472.0,0.32349544763565063
7641874944.0,0.32231903076171875
7642812416.0,0.31823039054870605
7643749888.0,0.3131796419620514
7644687360.0,0.3071189224720001
7645624832.0,0.29791203141212463
7646562304.0,0.2882688045501709
7647499776.0,0.27600470185279846
7648437248.0,0.26334062218666077
7649375232.0,0.24803310632705688
7650312704.0,0.23181769251823425
7651250176.0,0.2138742357492447
7652187648.0,0.19449318945407867
7653125120.0,0.17419785261154175
7654062592.0,0.15378208458423615
7655000064.0,0.13139580190181732
7655937536.0,0.10776523500680923
7656875008.0,0.08314968645572662
7657812480.0,0.05786564201116562
7658749952.0,0.032891638576984406
7659687424.0,0.006589855533093214
7660624896.0,-0.02031084895133972
7661562368.0,-0.04600181430578232
7662499840.0,-0.07290501147508621
7663437312.0,-0.09969358146190643
7664374784.0,-0.12456031888723373
7665312256.0,-0.14927206933498383
7666250240.0,-0.17383641004562378
7667187712.0,-0.19707214832305908
7668125184.0,-0.21914207935333252
7669062656.0,-0.24002616107463837
7670000128.0,-0.25965410470962524
7670937600.0,-0.2783659100532532
7671875072.0,-0.29368337988853455
7672812544.0,-0.3075304329395294
7673750016.0,-0.31938180327415466
7674687488.0,-0.3293563425540924
7675624960.0,-0.33633431792259216
7676562432.0,-0.3409475088119507
7677499904.0,-0.34339439868927
7678437376.0,-0.3439404368400574
7679374848.0,-0.34122535586357117
7680312320.0,-0.33546534180641174
7681249792.0,-0.3273804485797882
7682187264.0,-0.3185444474220276
7683125248.0,-0.30680495500564575
7684062720.0,-0.2843267321586609
7685000192.0,-0.274973064661026
7685937664.0,-0.2638515532016754
7686875136.0,-0.2506507635116577
7687812608.0,-0.23671668767929077
7688750080.0,-0.22125478088855743
7689687552.0,-0.20321977138519287
7690625024.0,-0.18530815839767456
7691562496.0,-0.1663782149553299
7692499968.0,-0.14630579948425293
7693437440.0,-0.12649928033351898
7694374912.0,-0.10591163486242294
7695312384.0,-0.08820360153913498
7696249856.0,-0.07033640146255493
7697187328.0,-0.051516417413949966
7698124800.0,-0.034832391887903214
7699062272.0,-0.016962917521595955
7699999744.0,3.599439514800906e-05
7700937728.0,0.0166848786175251
7701875200.0,0.03283380717039108
7702812672.0,0.048022590577602386
7703750144.0,0.06208593398332596
7704687616.0,0.07697945088148117
7705625088.0,0.09002123028039932
7706562560.0,0.10263360291719437
7707500032.0,0.11421544849872589
7708437504.0,0.12570348381996155
7709374976.0,0.1359919011592865
7710312448.0,0.1452869027853012
7711249920.0,0.15504327416419983
7712187392.0,0.16382595896720886
7713124864.0,0.1709483414888382
7714062336.0,0.179457888007164
7714999808.0,0.18593846261501312
7715937280.0,0.19138219952583313
7716874752.0,0.19810236990451813
7717812736.0,0.20383577048778534
7718750208.0,0.20958033204078674
7719687680.0,0.21361702680587769
7720625152.0,0.21765120327472687
7721562624.0,0.22078007459640503
7722500096.0,0.22287999093532562
7723437568.0,0.22453173995018005
7724375040.0,0.2256443053483963
7725312512.0,0.2271326631307602
7726249984.0,0.22699381411075592
7727187456.0,0.22624380886554718
7728124928.0,0.22320318222045898
7729062400.0,0.22079981863498688
7729999872.0,0.21608945727348328
7730937344.0,0.20978569984436035
7731874816.0,0.20317049324512482
7732812288.0,0.19490963220596313
7733749760.0,0.18557247519493103
7734687744.0,0.17385508120059967
7735625216.0,0.15982401371002197
7736562688.0,0.14492973685264587
7737500160.0,0.1299176961183548
7738437632.0,0.11133019626140594
7739375104.0,0.09284459054470062
7740312576.0,0.07274575531482697
7741250048.0,0.050819721072912216
7742187520.0,0.027552466839551926
7743124992.0,0.00427795946598053
7744062464.0,-0.039928652346134186
7744999936.0,-0.04369935765862465
7745937408.0,-0.04825545474886894
7746874880.0,-0.05394372716546059
7747812352.0,-0.06248673424124718
7748749824.0,-0.07020719349384308
7749687296.0,-0.07892549782991409
7750624768.0,-0.09022291004657745
7751562752.0,-0.10140320658683777
7752500224.0,-0.11613505333662033
7753437696.0,-0.13069020211696625
7754375168.0,-0.1465039849281311
7755312640.0,-0.16265028715133667
7756250112.0,-0.18098916113376617
7757187584.0,-0.19913657009601593
7758125056.0,-0.2183794528245926
7759062528.0,-0.23784038424491882
7760000000.0,-0.2571571469306946
7760937472.0,-0.2756023705005646
7761874944.0,-0.2943207025527954
7762812416.0,-0.31274092197418213
7763749888.0,-0.33003851771354675
7764687360.0,-0.34733444452285767
7765624832.0,-0.3633350729942322
7766562304.0,-0.3779206871986389
7767499776.0,-0.3913946747779846
7768437248.0,-0.40229296684265137
7769375232.0,-0.41388246417045593
7770312704.0,-0.42264747619628906
7771250176.0,-0.4285455346107483
7772187648.0,-0.43580156564712524
7773125120.0,-0.4384237825870514
7774062592.0,-0.4397098422050476
7775000064.0,-0.4386945962905884
7775937536.0,-0.43491584062576294
7776875008.0,-0.4295632243156433
7777812480.0,-0.4203760623931885
7778749952.0,-0.40955397486686707
7779687424.0,-0.3963560163974762
7780624896.0,-0.3811710774898529
7781562368.0,-0.3623770773410797
7782499840.0,-0.3422619700431824
7783437312.0,-0.31878143548965454
7784374784.0,-0.29428714513778687
7785312256.0,-0.2684054374694824
7786250240.0,-0.24002809822559357
7787187712.0,-0.21127411723136902
7788125184.0,-0.1796351820230484
7789062656.0,-0.14812913537025452
7790000128.0,-0.11405280977487564
7790937600.0,-0.08148908615112305
7791875072.0,-0.047588128596544266
7792812544.0,-0.013195318169891834
7793750016.0,0.020433252677321434
7794687488.0,0.05502471700310707
7795624960.0,0.0877581462264061
7796562432.0,0.1198277473449707
7797499904.0,0.1506650745868683
7798437376.0,0.1806269735097885
7799374848.0,0.20900072157382965
7800312320.0,0.23506160080432892
7801249792.0,0.26007118821144104
7802187264.0,0.2823236286640167
7803125248.0,0.3021521270275116
7804062720.0,0.13407129049301147
7805000192.0,0.14559528231620789
7805937664.0,0.15761153399944305
7806875136.0,0.16615910828113556
7807812608.0,0.17310427129268646
7808750080.0,0.17904530465602875
7809687552.0,0.1825776994228363
7810625024.0,0.18405450880527496
7811562496.0,0.18403106927871704
7812499968.0,0.18094801902770996
7813437440.0,0.17588132619857788
7814374912.0,0.1681123822927475
7815312384.0,0.1581307053565979
7816249856.0,0.1462106853723526
7817187328.0,0.1320626586675644
7818124800.0,0.11512996256351471
7819062272.0,0.09662019461393356
7820000256.0,0.07548733055591583
7820937728.0,0.05411937087774277
7821875200.0,0.02861381322145462
7822812672.0,0.005161177832633257
7823750144.0,-0.01885984279215336
7824687616.0,-0.045403022319078445
7825625088.0,-0.07255192846059799
7826562560.0,-0.10015556216239929
7827500032.0,-0.12713298201560974
7828437504.0,-0.1552795022726059
7829374976.0,-0.1831977665424347
7830312448.0,-0.21033591032028198
7831249920.0,-0.23918011784553528
7832187392.0,-0.26585787534713745
7833124864.0,-0.2920243740081787
7834062336.0,-0.31739839911460876
7834999808.0,-0.34158170223236084
7835937280.0,-0.36442235112190247
7836874752.0,-0.3866766393184662
7837812736.0,-0.40680548548698425
7838750208.0,-0.4256649613380432
7839687680.0,-0.4420764148235321
7840625152.0,-0.4570406675338745
7841562624.0,-0.46991997957229614
7842500096.0,-0.48055315017700195
7843437568.0,-0.4883424937725067
7844375040.0,-0.4957507252693176
7845312512.0,-0.49958688020706177
7846249984.0,-0.5036789774894714
7847187456.0,-0.503599226474762
7848124928.0,-0.498809814453125
7849062400.0,-0.49292823672294617
7849999872.0,-0.48422688245773315
7850937344.0,-0.47571462392807007
7851874816.0,-0.46454620361328125
7852812288.0,-0.45204299688339233
7853749760.0,-0.438212126493454
7854687744.0,-0.42422279715538025
7855625216.0,-0.4089646637439728
7856562688.0,-0.392063707113266
7857500160.0,-0.3750462532043457
7858437632.0,-0.35871773958206177
7859375104.0,-0.34051597118377686
7860312576.0,-0.3219331204891205
7861250048.0,-0.30349308252334595
7862187520.0,-0.2861570715904236
7863124992.0,-0.26605114340782166
7864062464.0,-0.24924932420253754
7864999936.0,-0.23027685284614563
7865937408.0,-0.2124600112438202
7866874880.0,-0.1956196278333664
7867812352.0,-0.17663484811782837
7868749824.0,-0.15865206718444824
7869687296.0,-0.14180471003055573
7870624768.0,-0.12345366179943085
7871562752.0,-0.10661613196134567
7872500224.0,-0.08887386322021484
7873437696.0,-0.07225354760885239
7874375168.0,-0.054166968911886215
7875312640.0,-0.0393391028046608
7876250112.0,-0.024013211950659752
7877187584.0,-0.01012453343719244
7878125056.0,0.001952196005731821
7879062528.0,0.012220427393913269
7880000000.0,0.020411211997270584
7880937472.0,0.02708885259926319
7881874944.0,0.03188946843147278
7882812416.0,0.033463913947343826
7883749888.0,0.03266863897442818
7884687360.0,0.029455605894327164
7885624832.0,0.02329578623175621
7886562304.0,0.01529615931212902
7887499776.0,0.003967617638409138
7888437248.0,-0.010293060913681984
7889375232.0,-0.026656297966837883
7890312704.0,-0.04434289410710335
7891250176.0,-0.06490512937307358
7892187648.0,-0.08719266951084137
7893125120.0,-0.11103428900241852
7894062592.0,-0.1357477605342865
7895000064.0,-0.16166405379772186
7895937536.0,-0.18892285227775574
7896875008.0,-0.21643245220184326
7897812480.0,-0.2433546781539917
7898749952.0,-0.2719024419784546
7899687424.0,-0.30148494243621826
7900624896.0,-0.32959112524986267
7901562368.0,-0.35800492763519287
7902499840.0,-0.38427734375
7903437312.0,-0.4103811979293823
7904374784.0,-0.43473514914512634
7905312256.0,-0.4587533473968506
7906250240.0,-0.48100098967552185
7907187712.0,-0.5027734041213989
7908125184.0,-0.5227987766265869
7909062656.0,-0.5435365438461304
7910000128.0,-0.5620825886726379
7910937600.0,-0.5804634094238281
7911875072.0,-0.5985678434371948
7912812544.0,-0.6162958741188049
7913750016.0,-0.6328186392784119
7914687488.0,-0.6506742238998413
7915624960.0,-0.66752028465271
7916562432.0,-0.685197114944458
7917499904.0,-0.7039393782615662
7918437376.0,-0.7223901748657227
7919374848.0,-0.740058183670044
7920312320.0,-0.7607114911079407
7921249792.0,-0.7801806330680847
7922187264.0,-0.8002976775169373
7923125248.0,-0.8215470314025879
7924062720.0,-0.8640596270561218
7925000192.0,-0.8687199354171753
7925937664.0,-0.8732017278671265
7926875136.0,-0.8772954344749451
7927812608.0,-0.8829768300056458
7928750080.0,-0.8845102787017822
7929687552.0,-0.8893341422080994
7930625024.0,-0.8926143646240234
7931562496.0,-0.8955395221710205
7932499968.0,-0.897588312625885
7933437440.0,-0.8996901512145996
7934374912.0,-0.9012715220451355
7935312384.0,-0.9014925360679626
7936249856.0,-0.9014498591423035
7937187328.0,-0.8982957005500793
7938124800.0,-0.8961725234985352
7939062272.0,-0.8924641609191895
7939999744.0,-0.8858342170715332
7940937728.0,-0.8791993856430054
7941875200.0,-0.8714588284492493
7942812672.0,-0.8628308176994324
7943750144.0,-0.8506724238395691
7944687616.0,-0.8391920328140259
7945625088.0,-0.8263000249862671
7946562560.0,-0.8103216290473938
7947500032.0,-0.7927936911582947
7948437504.0,-0.7752562761306763
7949374976.0,-0.7547421455383301
7950312448.0,-0.7338441610336304
7951249920.0,-0.7116031050682068
7952187392.0,-0.6870036125183105
7953124864.0,-0.6638053059577942
7954062336.0,-0.6391680240631104
7954999808.0,-0.6127409338951111
7955937280.0,-0.586366593837738
7956874752.0,-0.5598651170730591
7957812736.0,-0.5310900211334229
7958750208.0,-0.5036944150924683
7959687680.0,-0.474793016910553
7960625152.0,-0.4466661810874939
7961562624.0,-0.41981199383735657
7962500096.0,-0.3913557231426239
7963437568.0,-0.36341601610183716
7964375040.0,-0.337322473526001
7965312512.0,-0.31032755970954895
7966249984.0,-0.28605154156684875
7967187456.0,-0.26243963837623596
7968124928.0,-0.23924340307712555
7969062400.0,-0.21809342503547668
7969999872.0,-0.19941526651382446
7970937344.0,-0.182265505194664
7971874816.0,-0.1663578748703003
7972812288.0,-0.15171219408512115
7973749760.0,-0.13987182080745697
7974687744.0,-0.13031966984272003
7975625216.0,-0.12312524020671844
7976562688.0,-0.11743492633104324
7977500160.0,-0.11414922028779984
7978437632.0,-0.1124531552195549
7979375104.0,-0.11150562763214111
7980312576.0,-0.11402330547571182
7981250048.0,-0.11946851760149002
7982187520.0,-0.12438343465328217
7983124992.0,-0.13092140853405
7984062464.0,-0.25364458560943604
7984999936.0,-0.2561422288417816
7985937408.0,-0.25784045457839966
7986874880.0,-0.2606479227542877
7987812352.0,-0.26468926668167114
7988749824.0,-0.26910021901130676
7989687296.0,-0.27336499094963074
7990624768.0,-0.2792212963104248
7991562752.0,-0.28578653931617737
7992500224.0,-0.2932426333427429
7993437696.0,-0.3012202978134155
7994375168.0,-0.31018805503845215
7995312640.0,-0.3192436397075653
7996250112.0,-0.3292074203491211
7997187584.0,-0.33921584486961365
7998125056.0,-0.3498266935348511
7999062528.0,-0.36004048585891724
8000000000.0,-0.3702699542045593
