Frequency (Hz),Measurement
2000000000.0,0.16173161566257477
2000937472.0,0.15342627465724945
2001874944.0,0.14921759068965912
2002812544.0,0.14426954090595245
2003750016.0,0.13983425498008728
2004687488.0,0.13445347547531128
2005624960.0,0.12847942113876343
2006562560.0,0.12278919667005539
2007500032.0,0.11638808995485306
2008437504.0,0.11056017130613327
2009374976.0,0.10408543795347214
2010312448.0,0.09708447754383087
2011250048.0,0.09095924347639084
2012187520.0,0.08395171165466309
2013124992.0,0.07778655737638474
2014062464.0,0.07116325199604034
2015000064.0,0.06426448374986649
2015937536.0,0.057477086782455444
2016875008.0,0.05068618431687355
2017812480.0,0.0444757305085659
2018749952.0,0.03891502693295479
2019687552.0,0.03430795297026634
2020625024.0,0.029201075434684753
2021562496.0,0.024693958461284637
2022499968.0,0.020899249240756035
2023437440.0,0.017973579466342926
2024375040.0,0.01550004631280899
2025312512.0,0.013709662482142448
2026249984.0,0.012586564756929874
2027187456.0,0.01266977097839117
2028125056.0,0.013093444518744946
2029062528.0,0.015209183096885681
2030000000.0,0.0179589856415987
2030937472.0,0.021249042823910713
2031874944.0,0.02516053058207035
2032812544.0,0.030395912006497383
2033750016.0,0.03678947314620018
2034687488.0,0.04243939742445946
2035624960.0,0.049091238528490067
2036562560.0,0.05766536295413971
2037500032.0,0.065827377140522
2038437504.0,0.07494614273309708
2039374976.0,0.0836944431066513
2040312448.0,0.092535600066185
2041250048.0,0.10095102339982986
2042187520.0,0.10964050889015198
2043124992.0,0.11838926374912262
2044062464.0,0.12596939504146576
2044999936.0,0.13290110230445862
2045937536.0,0.14012181758880615
2046875008.0,0.14610379934310913
2047812480.0,0.14953438937664032
2048749952.0,0.16000376641750336
2049687552.0,0.15447764098644257
2050625024.0,0.1505001187324524
2051562496.0,0.1443580985069275
2052499968.0,0.1382928043603897
2053437440.0,0.13135337829589844
2054375040.0,0.12520818412303925
2055312512.0,0.1168956458568573
2056249984.0,0.11034726351499557
2057187456.0,0.10270658880472183
2058125056.0,0.09497594088315964
2059062528.0,0.08859124034643173
2060000000.0,0.08143894374370575
2060937472.0,0.07492916285991669
2061874944.0,0.06862147897481918
2062812544.0,0.06175709888339043
2063750016.0,0.05567130446434021
2064687488.0,0.0502481684088707
2065624960.0,0.04486669600009918
2066562560.0,0.03965402767062187
2067500032.0,0.03489018976688385
2068437504.0,0.030831584706902504
2069374976.0,0.02705095335841179
2070312448.0,0.022943060845136642
2071250048.0,0.019317712634801865
2072187520.0,0.01630278304219246
2073124992.0,0.014166105538606644
2074062464.0,0.011647948995232582
2075000064.0,0.009319938719272614
2075937536.0,0.007626608479768038
2076875008.0,0.00586197292432189
2077812480.0,0.005786375142633915
2078749952.0,0.0057802447117865086
2079687552.0,0.005795003846287727
2080625024.0,0.005797234829515219
2081562496.0,0.006009031552821398
2082499968.0,0.006837201304733753
2083437440.0,0.008871614001691341
2084375040.0,0.011722167953848839
2085312512.0,0.014266849495470524
2086249984.0,0.017407957464456558
2087187456.0,0.022026745602488518
2088125056.0,0.025711622089147568
2089062528.0,0.030659392476081848
2090000000.0,0.03600293770432472
2090937472.0,0.04173639416694641
2091874944.0,0.04908065125346184
2092812544.0,0.056750375777482986
2093750016.0,0.06442072987556458
2094687488.0,0.07330378144979477
2095624960.0,0.08242560178041458
2096562560.0,0.0929718092083931
2097500032.0,0.10212070494890213
2098437504.0,0.11391710489988327
2099374976.0,0.12486302107572556
2100312448.0,0.13624674081802368
2101250048.0,0.14864253997802734
2102187520.0,0.16210152208805084
2103124992.0,0.17459525167942047
2104062464.0,0.18814481794834137
2104999936.0,0.20125967264175415
2105937536.0,0.21425482630729675
2106875008.0,0.2271713763475418
2107812480.0,0.2401241660118103
2108749952.0,0.2782013416290283
2109687552.0,0.2866005003452301
2110625024.0,0.2945481836795807
2111562496.0,0.30060434341430664
2112499968.0,0.30615395307540894
2113437440.0,0.31098198890686035
2114375040.0,0.3127005100250244
2115312512.0,0.3130406141281128
2116249984.0,0.3115944266319275
2117187456.0,0.3073435425758362
2118125056.0,0.3003045618534088
2119062528.0,0.29033124446868896
2120000000.0,0.2775672674179077
2120937472.0,0.262223482131958
2121874944.0,0.2436886727809906
2122812544.0,0.22273391485214233
2123750016.0,0.2000228315591812
2124687488.0,0.1755220592021942
2125624960.0,0.1491718739271164
2126562560.0,0.12313059717416763
2127500032.0,0.09579840302467346
2128437504.0,0.0689721629023552
2129374976.0,0.04304872453212738
2130312448.0,0.01792115345597267
2131250048.0,-0.006305613089352846
2132187520.0,-0.027722381055355072
2133124992.0,-0.047071244567632675
2134062464.0,-0.0639292299747467
2135000064.0,-0.07845912873744965
2135937536.0,-0.09018217772245407
2136875008.0,-0.0987417995929718
2137812480.0,-0.104176826775074
2138749952.0,-0.10759088397026062
2139687552.0,-0.10660579800605774
2140625024.0,-0.10408083349466324
2141562496.0,-0.09913726150989532
2142499968.0,-0.09064143896102905
2143437440.0,-0.08259434998035431
2144375040.0,-0.07031374424695969
2145312512.0,-0.05804726853966713
2146249984.0,-0.04463639855384827
2147187456.0,-0.02980409562587738
2148124928.0,-0.014967869035899639
2149062400.0,0.0008058809908106923
2150000128.0,0.01563597284257412
2150937600.0,0.03087231144309044
2151875072.0,0.0454770103096962
2152812544.0,0.05946532264351845
2153750016.0,0.0725921168923378
2154687488.0,0.08460576832294464
2155624960.0,0.09738269448280334
2156562432.0,0.10914990305900574
2157499904.0,0.11990413069725037
2158437376.0,0.1295752227306366
2159375104.0,0.1395500898361206
2160312576.0,0.14828801155090332
2161250048.0,0.15692177414894104
2162187520.0,0.1644807755947113
2163124992.0,0.17294099926948547
2164062464.0,0.18076872825622559
2164999936.0,0.18783287703990936
2165937408.0,0.19582819938659668
2166874880.0,0.20252998173236847
2167812608.0,0.20985911786556244
2168750080.0,0.232701376080513
2169687552.0,0.24377860128879547
2170625024.0,0.2540029287338257
2171562496.0,0.263992041349411
2172499968.0,0.27357250452041626
2173437440.0,0.28227418661117554
2174374912.0,0.29036030173301697
2175312384.0,0.2964032292366028
2176250112.0,0.3025070130825043
2177187584.0,0.30734896659851074
2178125056.0,0.3096690773963928
2179062528.0,0.3104666769504547
2180000000.0,0.30990543961524963
2180937472.0,0.3061824142932892
2181874944.0,0.30145910382270813
2182812416.0,0.2949065864086151
2183749888.0,0.2856340706348419
2184687616.0,0.2750311493873596
2185625088.0,0.2618015706539154
2186562560.0,0.24792802333831787
2187500032.0,0.2322041541337967
2188437504.0,0.21513208746910095
2189374976.0,0.19695347547531128
2190312448.0,0.1771022230386734
2191249920.0,0.1570264995098114
2192187392.0,0.13640096783638
2193125120.0,0.11598078161478043
2194062592.0,0.09559909254312515
2195000064.0,0.07527337968349457
2195937536.0,0.05603764206171036
2196875008.0,0.03779948875308037
2197812480.0,0.02104322984814644
2198749952.0,0.005917534697800875
2199687424.0,-0.009089753031730652
2200624896.0,-0.0199637021869421
2201562624.0,-0.03093184158205986
2202500096.0,-0.039152029901742935
2203437568.0,-0.04369674623012543
2204375040.0,-0.04717244580388069
2205312512.0,-0.04752635210752487
2206249984.0,-0.04699229821562767
2207187456.0,-0.04370560124516487
2208124928.0,-0.03736355900764465
2209062400.0,-0.029507789760828018
2209999872.0,-0.020582446828484535
2210937600.0,-0.008561640977859497
2211875072.0,0.004858762491494417
2212812544.0,0.018127230927348137
2213750016.0,0.03312401473522186
2214687488.0,0.049710359424352646
2215624960.0,0.06670226156711578
2216562432.0,0.08482560515403748
2217499904.0,0.10152986645698547
2218437376.0,0.11907783150672913
2219375104.0,0.13638120889663696
2220312576.0,0.15308928489685059
2221250048.0,0.16940230131149292
2222187520.0,0.1848038136959076
2223124992.0,0.19883699715137482
2224062464.0,0.2117486149072647
2224999936.0,0.22285811603069305
2225937408.0,0.2330796718597412
2226874880.0,0.24119552969932556
2227812608.0,0.24811424314975739
2228750080.0,0.21976907551288605
2229687552.0,0.22502021491527557
2230625024.0,0.22957731783390045
2231562496.0,0.2327464371919632
2232499968.0,0.23425596952438354
2233437440.0,0.23465652763843536
2234374912.0,0.23257823288440704
2235312384.0,0.2288593202829361
2236250112.0,0.22260355949401855
2237187584.0,0.21459448337554932
2238125056.0,0.20449979603290558
2239062528.0,0.19247210025787354
2240000000.0,0.17854000627994537
2240937472.0,0.1623651534318924
2241874944.0,0.14449268579483032
2242812416.0,0.12561804056167603
2243749888.0,0.10652726888656616
2244687616.0,0.08546395599842072
2245625088.0,0.064765565097332
2246562560.0,0.0441584438085556
2247500032.0,0.02287275716662407
2248437504.0,0.0022258460521698
2249374976.0,-0.017250603064894676
2250312448.0,-0.03638240322470665
2251249920.0,-0.051995109766721725
2252187392.0,-0.06784836202859879
2253125120.0,-0.08121997863054276
2254062592.0,-0.0919673964381218
2255000064.0,-0.10100065171718597
2255937536.0,-0.10730735957622528
2256875008.0,-0.11141879856586456
2257812480.0,-0.11191101372241974
2258749952.0,-0.11064191907644272
2259687424.0,-0.10730499774217606
2260624896.0,-0.1006443127989769
2261562624.0,-0.09308569878339767
2262500096.0,-0.0824938490986824
2263437568.0,-0.07057604938745499
2264375040.0,-0.056631553918123245
2265312512.0,-0.0431114062666893
2266249984.0,-0.02710014581680298
2267187456.0,-0.012380631640553474
2268124928.0,0.005904237274080515
2269062400.0,0.02336743287742138
2270000128.0,0.040728043764829636
2270937600.0,0.05905858427286148
2271875072.0,0.07577759772539139
2272812544.0,0.09303668141365051
2273750016.0,0.10932642966508865
2274687488.0,0.12545543909072876
2275624960.0,0.14121077954769135
2276562432.0,0.1550350934267044
2277499904.0,0.1688765287399292
2278437376.0,0.18123260140419006
2279375104.0,0.1923963576555252
2280312576.0,0.20231549441814423
2281250048.0,0.2133198231458664
2282187520.0,0.22115032374858856
2283124992.0,0.22926366329193115
2284062464.0,0.23587694764137268
2284999936.0,0.2428833693265915
2285937408.0,0.24766355752944946
2286874880.0,0.25191184878349304
2287812608.0,0.2567780315876007
2288750080.0,0.2686096727848053
2289687552.0,0.27707529067993164
2290625024.0,0.2852535843849182
2291562496.0,0.292596697807312
2292499968.0,0.30013343691825867
2293437440.0,0.30752983689308167
2294374912.0,0.31405311822891235
2295312384.0,0.31991660594940186
2296250112.0,0.32560619711875916
2297187584.0,0.3289375603199005
2298125056.0,0.33185315132141113
2299062528.0,0.3317013382911682
2300000000.0,0.33038759231567383
2300937472.0,0.3274686932563782
2301874944.0,0.3219740390777588
2302812416.0,0.31305867433547974
2303749888.0,0.3025026321411133
2304687616.0,0.2887418270111084
2305625088.0,0.2732314169406891
2306562560.0,0.25435924530029297
2307500032.0,0.23325762152671814
2308437504.0,0.20944249629974365
2309374976.0,0.1846819669008255
2310312448.0,0.15672694146633148
2311249920.0,0.12829115986824036
2312187392.0,0.10052994638681412
2313125120.0,0.07078179717063904
2314062592.0,0.04158138111233711
2315000064.0,0.012587543576955795
2315937536.0,-0.014951999299228191
2316875008.0,-0.040251731872558594
2317812480.0,-0.06439771503210068
2318749952.0,-0.08546328544616699
2319687424.0,-0.1057860404253006
2320624896.0,-0.12300678342580795
2321562624.0,-0.13923747837543488
2322500096.0,-0.1517125368118286
2323437568.0,-0.16305723786354065
2324375040.0,-0.1720912605524063
2325312512.0,-0.17954502999782562
2326249984.0,-0.18315525352954865
2327187456.0,-0.18657657504081726
2328124928.0,-0.18755944073200226
2329062400.0,-0.1870364099740982
2329999872.0,-0.18469253182411194
2330937600.0,-0.1798277199268341
2331875072.0,-0.1744828224182129
2332812544.0,-0.1677638292312622
2333750016.0,-0.15842236578464508
2334687488.0,-0.14854557812213898
2335624960.0,-0.13669918477535248
2336562432.0,-0.1229126900434494
2337499904.0,-0.10718560963869095
2338437376.0,-0.0893595740199089
2339375104.0,-0.07170950621366501
2340312576.0,-0.05171551555395126
2341250048.0,-0.029233496636152267
2342187520.0,-0.0057808696292340755
2343124992.0,0.01787654682993889
2344062464.0,0.04382855072617531
2344999936.0,0.06900974363088608
2345937408.0,0.09529366344213486
2346874880.0,0.1214231625199318
2347812608.0,0.147378608584404
2348750080.0,0.2028074413537979
2349687552.0,0.2183152437210083
2350625024.0,0.23071056604385376
2351562496.0,0.2402798980474472
2352499968.0,0.24667426943778992
2353437440.0,0.24990461766719818
2354374912.0,0.24951116740703583
2355312384.0,0.2460579127073288
2356250112.0,0.23843666911125183
2357187584.0,0.22861430048942566
2358125056.0,0.21528562903404236
2359062528.0,0.19800372421741486
2360000000.0,0.1790582239627838
2360937472.0,0.1572202742099762
2361874944.0,0.13313621282577515
2362812416.0,0.10787789523601532
2363749888.0,0.08121458441019058
2364687616.0,0.054784245789051056
2365625088.0,0.025560349225997925
2366562560.0,-0.0028624411206692457
2367500032.0,-0.030903754755854607
2368437504.0,-0.05853348225355148
2369374976.0,-0.08530108630657196
2370312448.0,-0.109316386282444
2371249920.0,-0.1326836794614792
2372187392.0,-0.15464259684085846
2373125120.0,-0.17414604127407074
2374062592.0,-0.19205594062805176
2375000064.0,-0.20682312548160553
2375937536.0,-0.21941128373146057
2376875008.0,-0.22719138860702515
2377812480.0,-0.23399235308170319
2378749952.0,-0.23820394277572632
2379687424.0,-0.2393932044506073
2380624896.0,-0.23835653066635132
2381562624.0,-0.23456762731075287
2382500096.0,-0.22888918220996857
2383437568.0,-0.21988388895988464
2384375040.0,-0.21011775732040405
2385312512.0,-0.19767004251480103
2386249984.0,-0.18435372412204742
2387187456.0,-0.16958822309970856
2388124928.0,-0.15446476638317108
2389062400.0,-0.13814429938793182
2390000128.0,-0.12075544148683548
2390937600.0,-0.10420870780944824
2391875072.0,-0.08832895755767822
2392812544.0,-0.07247667014598846
2393750016.0,-0.057609982788562775
2394687488.0,-0.04285765439271927
2395624960.0,-0.02933616004884243
2396562432.0,-0.01856122352182865
2397499904.0,-0.007005171850323677
2398437376.0,0.0032722880132496357
2399375104.0,0.01299255806952715
2400312576.0,0.02012314833700657
2401250048.0,0.025775428861379623
2402187520.0,0.030954262241721153
2403124992.0,0.035115767270326614
2404062464.0,0.0378745011985302
2404999936.0,0.03901020437479019
2405937408.0,0.039357781410217285
2406874880.0,0.03885890170931816
2407812608.0,0.03582609072327614
2408750080.0,0.031115863472223282
2409687552.0,0.0367138609290123
2410625024.0,0.03981868177652359
2411562496.0,0.04070231691002846
2412499968.0,0.03938174247741699
2413437440.0,0.03661324456334114
2414374912.0,0.029881510883569717
2415312384.0,0.02197507955133915
2416250112.0,0.01255706325173378
2417187584.0,0.0007299526478163898
2418125056.0,-0.013278935104608536
2419062528.0,-0.030046287924051285
2420000000.0,-0.04567126929759979
2420937472.0,-0.06513544172048569
2421874944.0,-0.0858369842171669
2422812416.0,-0.10548543930053711
2423749888.0,-0.1275266706943512
2424687616.0,-0.14975593984127045
2425625088.0,-0.17110025882720947
2426562560.0,-0.19308637082576752
2427500032.0,-0.21555650234222412
2428437504.0,-0.2364264875650406
2429374976.0,-0.25692325830459595
2430312448.0,-0.2763524055480957
2431249920.0,-0.2949657142162323
2432187392.0,-0.3137813210487366
2433125120.0,-0.329467236995697
2434062592.0,-0.34536027908325195
2435000064.0,-0.35910138487815857
2435937536.0,-0.37110981345176697
2436875008.0,-0.38271796703338623
2437812480.0,-0.39255785942077637
2438749952.0,-0.4010578989982605
2439687424.0,-0.408247709274292
2440624896.0,-0.4140714108943939
2441562624.0,-0.41831979155540466
2442500096.0,-0.4212402105331421
2443437568.0,-0.4217398762702942
2444375040.0,-0.4281228184700012
2445312512.0,-0.4219578504562378
2446249984.0,-0.4205613136291504
2447187456.0,-0.4168192148208618
2448124928.0,-0.41253942251205444
2449062400.0,-0.40697020292282104
2449999872.0,-0.40172457695007324
2450937600.0,-0.3943188488483429
2451875072.0,-0.3873239755630493
2452812544.0,-0.38047200441360474
2453750016.0,-0.3745329678058624
2454687488.0,-0.3673391044139862
2455624960.0,-0.36338385939598083
2456562432.0,-0.35618314146995544
2457499904.0,-0.34899207949638367
2458437376.0,-0.3437545895576477
2459375104.0,-0.338344007730484
2460312576.0,-0.33411872386932373
2461250048.0,-0.33224916458129883
2462187520.0,-0.3306853771209717
2463124992.0,-0.3296438157558441
2464062464.0,-0.330648273229599
2464999936.0,-0.33381056785583496
2465937408.0,-0.3384803235530853
2466874880.0,-0.34600526094436646
2467812608.0,-0.3544677495956421
2468750080.0,-0.4402342736721039
2469687552.0,-0.461233526468277
2470625024.0,-0.4831770360469818
2471562496.0,-0.5084075927734375
2472499968.0,-0.5372968912124634
2473437440.0,-0.5704943537712097
2474374912.0,-0.6066401600837708
2475312384.0,-0.6460065841674805
2476250112.0,-0.6884094476699829
2477187584.0,-0.7352191209793091
2478125056.0,-0.7850849628448486
2479062528.0,-0.838686466217041
2480000000.0,-0.8952193856239319
2480937472.0,-0.954644501209259
2481874944.0,-1.0153136253356934
2482812416.0,-1.0794286727905273
2483749888.0,-1.147605061531067
2484687616.0,-1.2194699048995972
2485625088.0,-1.2950339317321777
2486562560.0,-1.3744962215423584
2487500032.0,-1.4569153785705566
2488437504.0,-1.543419361114502
2489374976.0,-1.6344032287597656
2490312448.0,-1.7290462255477905
2491249920.0,-1.8264873027801514
2492187392.0,-1.9283828735351562
2493125120.0,-2.0350615978240967
2494062592.0,-2.145667791366577
2495000064.0,-2.26123046875
2495937536.0,-2.38350248336792
2496875008.0,-2.510800838470459
2497812480.0,-2.6457669734954834
2498749952.0,-2.7898805141448975
2499687424.0,-2.941497564315796
2500624896.0,-3.1025519371032715
2501562624.0,-3.2760908603668213
2502500096.0,-3.459782123565674
2503437568.0,-3.6578238010406494
2504375040.0,-3.869792938232422
2505312512.0,-4.098402976989746
2506249984.0,-4.3465447425842285
2507187456.0,-4.612542152404785
2508124928.0,-4.900299072265625
2509062400.0,-5.205659866333008
2510000128.0,-5.528622150421143
2510937600.0,-5.870753765106201
2511875072.0,-6.224562168121338
2512812544.0,-6.582635879516602
2513750016.0,-6.930676460266113
2514687488.0,-7.258085250854492
2515624960.0,-7.550021171569824
2516562432.0,-7.787106037139893
2517499904.0,-7.956107139587402
2518437376.0,-8.040562629699707
2519375104.0,-8.04056167602539
2520312576.0,-7.948227405548096
2521250048.0,-7.768836498260498
2522187520.0,-7.507297515869141
2523124992.0,-7.184694766998291
2524062464.0,-6.823572158813477
2524999936.0,-6.437663555145264
2525937408.0,-6.041510581970215
2526874880.0,-5.643739223480225
2527812608.0,-5.256715297698975
2528750080.0,-4.878580093383789
2529687552.0,-4.529134750366211
2530625024.0,-4.199667453765869
2531562496.0,-3.8910868167877197
2532499968.0,-3.600229263305664
2533437440.0,-3.3290302753448486
2534374912.0,-3.0813024044036865
2535312384.0,-2.8530430793762207
2536250112.0,-2.6455726623535156
2537187584.0,-2.455247402191162
2538125056.0,-2.2832558155059814
2539062528.0,-2.127164363861084
2540000000.0,-1.985275387763977
2540937472.0,-1.8551819324493408
2541874944.0,-1.7371550798416138
2542812416.0,-1.628388524055481
2543749888.0,-1.5305553674697876
2544687616.0,-1.4428153038024902
2545625088.0,-1.3635764122009277
2546562560.0,-1.2939544916152954
2547500032.0,-1.2294175624847412
2548437504.0,-1.1719996929168701
2549374976.0,-1.12115478515625
2550312448.0,-1.0756999254226685
2551249920.0,-1.0330160856246948
2552187392.0,-0.9955535531044006
2553125120.0,-0.9626911878585815
2554062592.0,-0.9327524304389954
2555000064.0,-0.9059661626815796
2555937536.0,-0.8815422058105469
2556875008.0,-0.8588271141052246
2557812480.0,-0.8379494547843933
2558749952.0,-0.8179319500923157
2559687424.0,-0.7987522482872009
2560624896.0,-0.7810944318771362
2561562624.0,-0.7635855078697205
2562500096.0,-0.7444614768028259
2563437568.0,-0.7256215214729309
2564375040.0,-0.7065664529800415
2565312512.0,-0.6875428557395935
2566249984.0,-0.6677136421203613
2567187456.0,-0.6473604440689087
2568124928.0,-0.6263415813446045
2569062400.0,-0.6034669876098633
2569999872.0,-0.5800851583480835
2570937600.0,-0.556210458278656
2571875072.0,-0.5304250717163086
2572812544.0,-0.5048124194145203
2573750016.0,-0.47773441672325134
2574687488.0,-0.44973647594451904
2575624960.0,-0.4203859269618988
2576562432.0,-0.39081260561943054
2577499904.0,-0.36076414585113525
2578437376.0,-0.32946598529815674
2579375104.0,-0.2984654903411865
2580312576.0,-0.2690557837486267
2581250048.0,-0.2378004789352417
2582187520.0,-0.20764686167240143
2583124992.0,-0.1772487461566925
2584062464.0,-0.14930182695388794
2584999936.0,-0.12236733734607697
2585937408.0,-0.09534771740436554
2586874880.0,-0.0704699456691742
2587812608.0,-0.047983936965465546
2588750080.0,-0.023158742114901543
2589687552.0,-0.009244910441339016
2590625024.0,0.0038636375684291124
2591562496.0,0.015183121897280216
2592499968.0,0.023433389142155647
2593437440.0,0.03045782446861267
2594374912.0,0.035249583423137665
2595312384.0,0.037990957498550415
2596250112.0,0.03893877565860748
2597187584.0,0.038244906812906265
2598125056.0,0.03469365835189819
2599062528.0,0.03137283772230148
2600000000.0,0.025084177032113075
2600937472.0,0.018023639917373657
2601874944.0,0.008495345711708069
2602812416.0,-0.0013782379683107138
2603749888.0,-0.012741247192025185
2604687616.0,-0.023816974833607674
2605625088.0,-0.03689614310860634
2606562560.0,-0.049715105444192886
2607500032.0,-0.06321177631616592
2608437504.0,-0.07659084349870682
2609374976.0,-0.0898553878068924
2610312448.0,-0.10355380922555923
2611249920.0,-0.11731000244617462
2612187392.0,-0.12921305000782013
2613125120.0,-0.14172835648059845
2614062592.0,-0.15336862206459045
2615000064.0,-0.16399933397769928
2615937536.0,-0.17293809354305267
2616875008.0,-0.18232105672359467
2617812480.0,-0.19031637907028198
2618749952.0,-0.1962384581565857
2619687424.0,-0.20150956511497498
2620624896.0,-0.20513255894184113
2621562624.0,-0.20766814053058624
2622500096.0,-0.20827892422676086
2623437568.0,-0.2076546996831894
2624375040.0,-0.2046923041343689
2625312512.0,-0.2009676694869995
2626249984.0,-0.19526071846485138
2627187456.0,-0.18916642665863037
2628124928.0,-0.1799267679452896
2629062400.0,-0.17017222940921783
2630000128.0,-0.15896689891815186
2630937600.0,-0.14675413072109222
2631875072.0,-0.13294222950935364
2632812544.0,-0.11814212799072266
2633750016.0,-0.1010945588350296
2634687488.0,-0.08550915867090225
2635624960.0,-0.06775058805942535
2636562432.0,-0.049990102648735046
2637499904.0,-0.03134075552225113
2638437376.0,-0.012753937393426895
2639375104.0,0.005916481837630272
2640312576.0,0.025047674775123596
2641250048.0,0.043636567890644073
2642187520.0,0.06194528192281723
2643124992.0,0.07965125888586044
2644062464.0,0.09825064241886139
2644999936.0,0.11383231729269028
2645937408.0,0.12989802658557892
2646874880.0,0.1439349204301834
2647812608.0,0.16856245696544647
2648750080.0,0.18303769826889038
2649687552.0,0.1942879557609558
2650625024.0,0.20411692559719086
2651562496.0,0.2120969146490097
2652499968.0,0.2170271873474121
2653437440.0,0.21982522308826447
2654374912.0,0.2185802161693573
2655312384.0,0.21678821742534637
2656250112.0,0.21181635558605194
2657187584.0,0.20393610000610352
2658125056.0,0.19416281580924988
2659062528.0,0.18278765678405762
2660000000.0,0.16993476450443268
2660937472.0,0.1539103239774704
2661874944.0,0.1371537446975708
2662812416.0,0.11850237846374512
2663749888.0,0.09932845085859299
2664687616.0,0.07860711961984634
2665625088.0,0.0583064965903759
2666562560.0,0.03690974414348602
2667500032.0,0.015745438635349274
2668437504.0,-0.005058659240603447
2669374976.0,-0.024878639727830887
2670312448.0,-0.044813793152570724
2671249920.0,-0.06348049640655518
2672187392.0,-0.08186016231775284
2673125120.0,-0.09763586521148682
2674062592.0,-0.11289196461439133
2675000064.0,-0.12552347779273987
2675937536.0,-0.1375177651643753
2676875008.0,-0.14767952263355255
2677812480.0,-0.15428276360034943
2678749952.0,-0.15944193303585052
2679687424.0,-0.16288867592811584
2680624896.0,-0.1640152633190155
2681562624.0,-0.1633339822292328
2682500096.0,-0.16024023294448853
2683437568.0,-0.15410754084587097
2684375040.0,-0.1479119211435318
2685312512.0,-0.1383715122938156
2686249984.0,-0.12730005383491516
2687187456.0,-0.1146397814154625
2688124928.0,-0.10015790164470673
2689062400.0,-0.08437298983335495
2689999872.0,-0.0682070404291153
2690937600.0,-0.04983142763376236
2691875072.0,-0.03219207376241684
2692812544.0,-0.01319329347461462
2693750016.0,0.005708490964025259
2694687488.0,0.025027282536029816
2695624960.0,0.04366302490234375
2696562432.0,0.06325086206197739
2697499904.0,0.08148887008428574
2698437376.0,0.10029128193855286
2699375104.0,0.11744768917560577
2700312576.0,0.13391129672527313
2701250048.0,0.14871828258037567
2702187520.0,0.16353343427181244
2703124992.0,0.17760321497917175
2704062464.0,0.18854501843452454
2704999936.0,0.2003626674413681
2705937408.0,0.20994932949543
2706874880.0,0.21684326231479645
2707812608.0,0.23513102531433105
2708750080.0,0.23956842720508575
2709687552.0,0.2413894236087799
2710625024.0,0.24298228323459625
2711562496.0,0.24239926040172577
2712499968.0,0.24125789105892181
2713437440.0,0.23819541931152344
2714374912.0,0.23486584424972534
2715312384.0,0.22914685308933258
2716250112.0,0.2221071869134903
2717187584.0,0.21465367078781128
2718125056.0,0.2052590548992157
2719062528.0,0.19417640566825867
2720000000.0,0.18278861045837402
2720937472.0,0.1685722917318344
2721874944.0,0.15490587055683136
2722812416.0,0.1383405327796936
2723749888.0,0.12124666571617126
2724687616.0,0.10331939905881882
2725625088.0,0.0846739187836647
2726562560.0,0.06565777212381363
2727500032.0,0.04603690281510353
2728437504.0,0.025438832119107246
2729374976.0,0.004990957211703062
2730312448.0,-0.015469646081328392
2731249920.0,-0.036310531198978424
2732187392.0,-0.05634736642241478
2733125120.0,-0.07501789927482605
2734062592.0,-0.09353460371494293
2735000064.0,-0.11168555915355682
2735937536.0,-0.1277356892824173
2736875008.0,-0.14328497648239136
2737812480.0,-0.15646877884864807
2738749952.0,-0.16880300641059875
2739687424.0,-0.1786455512046814
2740624896.0,-0.18651892244815826
2741562624.0,-0.19122669100761414
2742500096.0,-0.19424395263195038
2743437568.0,-0.19589059054851532
2744375040.0,-0.19372373819351196
2745312512.0,-0.18892218172550201
2746249984.0,-0.18282708525657654
2747187456.0,-0.17345364391803741
2748124928.0,-0.1621743142604828
2749062400.0,-0.14838159084320068
2750000128.0,-0.1326373815536499
2750937600.0,-0.11625088006258011
2751875072.0,-0.09658125042915344
2752812544.0,-0.07598765939474106
2753750016.0,-0.054673824459314346
2754687488.0,-0.03232879564166069
2755624960.0,-0.009018435142934322
2756562432.0,0.014770439825952053
2757499904.0,0.038165561854839325
2758437376.0,0.06092161312699318
2759375104.0,0.08453094959259033
2760312576.0,0.10626288503408432
2761250048.0,0.12698706984519958
2762187520.0,0.1476793736219406
2763124992.0,0.16540588438510895
2764062464.0,0.18300502002239227
2764999936.0,0.19752992689609528
2765937408.0,0.20998415350914001
2766874880.0,0.2195603847503662
2767812608.0,0.26078835129737854
2768750080.0,0.26436930894851685
2769687552.0,0.26539871096611023
2770625024.0,0.2662239670753479
2771562496.0,0.2646544873714447
2772499968.0,0.2610372006893158
2773437440.0,0.2568332552909851
2774374912.0,0.25063660740852356
2775312384.0,0.2429945170879364
2776250112.0,0.2337394654750824
2777187584.0,0.2221391201019287
2778125056.0,0.21154968440532684
2779062528.0,0.1995609849691391
2780000000.0,0.18591806292533875
2780937472.0,0.17197440564632416
2781874944.0,0.1574549674987793
2782812416.0,0.14260157942771912
2783749888.0,0.1271621435880661
2784687616.0,0.11120056360960007
2785625088.0,0.09475671499967575
2786562560.0,0.07944625616073608
2787500032.0,0.06389004737138748
2788437504.0,0.04826706647872925
2789374976.0,0.03282832354307175
2790312448.0,0.018161039799451828
2791249920.0,0.003366271033883095
2792187392.0,-0.009601600468158722
2793125120.0,-0.023187527433037758
2794062592.0,-0.035214707255363464
2795000064.0,-0.0457746721804142
2795937536.0,-0.05600366368889809
2796875008.0,-0.06449800729751587
2797812480.0,-0.07221833616495132
2798749952.0,-0.07890291512012482
2799687424.0,-0.08404294401407242
2800624896.0,-0.08756628632545471
2801562624.0,-0.09007664769887924
2802500096.0,-0.0897936150431633
2803437568.0,-0.09090182185173035
2804375040.0,-0.08796518296003342
2805312512.0,-0.08383738994598389
2806249984.0,-0.07849956303834915
2807187456.0,-0.07184766232967377
2808124928.0,-0.0633012130856514
2809062400.0,-0.05426373705267906
2809999872.0,-0.042546555399894714
2810937600.0,-0.03116709552705288
2811875072.0,-0.01732766255736351
2812812544.0,-0.003598876530304551
2813750016.0,0.011627980507910252
2814687488.0,0.02792135812342167
2815624960.0,0.04317943751811981
2816562432.0,0.06032615154981613
2817499904.0,0.07677105069160461
2818437376.0,0.09408855438232422
2819375104.0,0.11174936592578888
2820312576.0,0.12808333337306976
2821250048.0,0.14373622834682465
2822187520.0,0.15910504758358002
2823124992.0,0.17372573912143707
2824062464.0,0.18745552003383636
2824999936.0,0.19965781271457672
2825937408.0,0.21022635698318481
2826874880.0,0.22003935277462006
2827812608.0,0.23384633660316467
2828750080.0,0.23846593499183655
2829687552.0,0.24177080392837524
2830625024.0,0.24331951141357422
2831562496.0,0.24215883016586304
2832499968.0,0.24045433104038239
2833437440.0,0.23626436293125153
2834374912.0,0.2302318513393402
2835312384.0,0.2222137302160263
2836250112.0,0.21481765806674957
2837187584.0,0.20289455354213715
2838125056.0,0.19129404425621033
2839062528.0,0.1788032352924347
2840000000.0,0.16525959968566895
2840937472.0,0.15024828910827637
2841874944.0,0.13539661467075348
2842812416.0,0.1190342903137207
2843749888.0,0.10319025814533234
2844687616.0,0.08632439374923706
2845625088.0,0.06902313232421875
2846562560.0,0.052355892956256866
2847500032.0,0.03590421751141548
2848437504.0,0.019724883139133453
2849374976.0,0.005090082064270973
2850312448.0,-0.009845772758126259
2851249920.0,-0.023836515843868256
2852187392.0,-0.03623376414179802
2853125120.0,-0.04808899387717247
2854062592.0,-0.05889026075601578
2855000064.0,-0.06645318120718002
2855937536.0,-0.07424705475568771
2856875008.0,-0.08031655848026276
2857812480.0,-0.0848722830414772
2858749952.0,-0.08869240432977676
2859687424.0,-0.08951020985841751
2860624896.0,-0.08952004462480545
2861562624.0,-0.08729775249958038
2862500096.0,-0.08278930932283401
2863437568.0,-0.07872617989778519
2864375040.0,-0.0717347115278244
2865312512.0,-0.06338737905025482
2866249984.0,-0.05302896350622177
2867187456.0,-0.04253854230046272
2868124928.0,-0.030690444633364677
2869062400.0,-0.018260207027196884
2870000128.0,-0.004240246023982763
2870937600.0,0.01076100766658783
2871875072.0,0.02722991071641445
2872812544.0,0.04150306060910225
2873750016.0,0.05785385146737099
2874687488.0,0.07344630360603333
2875624960.0,0.09013119339942932
2876562432.0,0.10560603439807892
2877499904.0,0.12152859568595886
2878437376.0,0.13612662255764008
2879375104.0,0.15079347789287567
2880312576.0,0.1653808355331421
2881250048.0,0.17833243310451508
2882187520.0,0.1907067447900772
2883124992.0,0.2018044888973236
2884062464.0,0.21162807941436768
2884999936.0,0.2205502986907959
2885937408.0,0.22845326364040375
2886874880.0,0.23491151630878448
2887812608.0,0.21620044112205505
2888750080.0,0.2189805507659912
2889687552.0,0.2200692594051361
2890625024.0,0.22123034298419952
2891562496.0,0.22148366272449493
2892499968.0,0.22016452252864838
2893437440.0,0.2176888883113861
2894374912.0,0.2142370045185089
2895312384.0,0.2091444879770279
2896250112.0,0.20348666608333588
2897187584.0,0.19533003866672516
2898125056.0,0.18667851388454437
2899062528.0,0.17610642313957214
2900000000.0,0.16486017405986786
2900937472.0,0.15296953916549683
2901874944.0,0.13870975375175476
2902812416.0,0.12480256706476212
2903749888.0,0.10911732912063599
2904687616.0,0.09347335249185562
2905625088.0,0.07641344517469406
2906562560.0,0.060736652463674545
2907500032.0,0.04431962966918945
2908437504.0,0.027913421392440796
2909374976.0,0.011760135181248188
2910312448.0,-0.0031583092641085386
2911249920.0,-0.01777179352939129
2912187392.0,-0.031664323061704636
2913125120.0,-0.0440344363451004
2914062592.0,-0.05520779639482498
2915000064.0,-0.0640113428235054
2915937536.0,-0.07244560122489929
2916875008.0,-0.07720357924699783
2917812480.0,-0.08044230192899704
2918749952.0,-0.08168146759271622
2919687424.0,-0.08008243143558502
2920624896.0,-0.0771268904209137
2921562624.0,-0.07277365028858185
2922500096.0,-0.06587489694356918
2923437568.0,-0.057403527200222015
2924375040.0,-0.04593011364340782
2925312512.0,-0.03389165922999382
2926249984.0,-0.020395351573824883
2927187456.0,-0.005645259283483028
2928124928.0,0.011224817484617233
2929062400.0,0.027644099667668343
2929999872.0,0.04505443200469017
2930937600.0,0.06276939809322357
2931875072.0,0.0799727812409401
2932812544.0,0.09883581846952438
2933750016.0,0.1163734644651413
2934687488.0,0.13229764997959137
2935624960.0,0.14813931286334991
2936562432.0,0.16255497932434082
2937499904.0,0.1765296459197998
2938437376.0,0.18949632346630096
2939375104.0,0.2004581093788147
2940312576.0,0.2098860889673233
2941250048.0,0.21796748042106628
2942187520.0,0.22531142830848694
2943124992.0,0.23040400445461273
2944062464.0,0.23468005657196045
2944999936.0,0.23843500018119812
2945937408.0,0.23931880295276642
2946874880.0,0.24021068215370178
2947812608.0,0.21880368888378143
2948750080.0,0.21619658172130585
2949687552.0,0.21189552545547485
2950625024.0,0.20797033607959747
2951562496.0,0.20442336797714233
2952499968.0,0.19960139691829681
2953437440.0,0.19424666464328766
2954374912.0,0.1901782900094986
2955312384.0,0.185837060213089
2956250112.0,0.18059873580932617
2957187584.0,0.1755637377500534
2958125056.0,0.17135991156101227
2959062528.0,0.1660899668931961
2960000000.0,0.16105522215366364
2960937472.0,0.15553778409957886
2961874944.0,0.14959874749183655
2962812416.0,0.14506030082702637
2963749888.0,0.13801456987857819
2964687616.0,0.13247430324554443
2965625088.0,0.1264083832502365
2966562560.0,0.11990635842084885
2967500032.0,0.11379504948854446
2968437504.0,0.10695279389619827
2969374976.0,0.09997162222862244
2970312448.0,0.09342259913682938
2971249920.0,0.08494577556848526
2972187392.0,0.0773799866437912
2973125120.0,0.07088708877563477
2974062592.0,0.06381247192621231
2975000064.0,0.05666949599981308
2975937536.0,0.04953216388821602
2976875008.0,0.04284259304404259
2977812480.0,0.035801175981760025
2978749952.0,0.02959204465150833
2979687424.0,0.024092651903629303
2980624896.0,0.018976906314492226
2981562624.0,0.014642185531556606
2982500096.0,0.011020811274647713
2983437568.0,0.007135665975511074
2984375040.0,0.004975119139999151
2985312512.0,0.0028355512768030167
2986249984.0,0.0022365425247699022
2987187456.0,0.0011432026512920856
2988124928.0,0.0020696702413260937
2989062400.0,0.002084071049466729
2990000128.0,0.002501962473616004
2990937600.0,0.004369713366031647
2991875072.0,0.006233874708414078
2992812544.0,0.008003699593245983
2993750016.0,0.010608372278511524
2994687488.0,0.012706786394119263
2995624960.0,0.015510267578065395
2996562432.0,0.01873953826725483
2997499904.0,0.021360963582992554
2998437376.0,0.024500437080860138
2999375104.0,0.02754395827651024
3000312576.0,0.03309671953320503
3001250048.0,0.03577945753931999
3002187520.0,0.03815349191427231
3003124992.0,0.041248343884944916
3004062464.0,0.043896034359931946
3004999936.0,0.046062543988227844
3005937408.0,0.04846784844994545
3006874880.0,0.05063803493976593
3007812608.0,0.14348633587360382
3008750080.0,0.14103427529335022
3009687552.0,0.1380823254585266
3010625024.0,0.13599419593811035
3011562496.0,0.13282376527786255
3012499968.0,0.12851153314113617
3013437440.0,0.12341044098138809
3014374912.0,0.119493268430233
3015312384.0,0.11550335586071014
3016250112.0,0.11060691624879837
3017187584.0,0.1055765375494957
3018125056.0,0.10069754719734192
3019062528.0,0.09525307267904282
3020000000.0,0.08942361176013947
3020937472.0,0.08430642634630203
3021874944.0,0.07885704189538956
3022812416.0,0.07359731197357178
3023749888.0,0.06741141527891159
3024687616.0,0.06120489537715912
3025625088.0,0.05594685673713684
3026562560.0,0.049432579427957535
3027500032.0,0.04317670688033104
3028437504.0,0.037880681455135345
3029374976.0,0.03141290694475174
3030312448.0,0.02472013793885708
3031249920.0,0.018877210095524788
3032187392.0,0.013597225770354271
3033125120.0,0.007427751086652279
3034062592.0,0.0011715722503140569
3035000064.0,-0.004135597962886095
3035937536.0,-0.01033893134444952
3036875008.0,-0.016457611694931984
3037812480.0,-0.022288033738732338
3038749952.0,-0.027787677943706512
3039687424.0,-0.03284796327352524
3040624896.0,-0.03800201043486595
3041562624.0,-0.043000854551792145
3042500096.0,-0.0473596453666687
3043437568.0,-0.051294296979904175
3044375040.0,-0.05456892028450966
3045312512.0,-0.05798545107245445
3046249984.0,-0.060672927647829056
3047187456.0,-0.06275913119316101
3048124928.0,-0.06440417468547821
3049062400.0,-0.06488826870918274
3049999872.0,-0.06499481946229935
3050937600.0,-0.06442776322364807
3051875072.0,-0.06304575502872467
3052812544.0,-0.06117575243115425
3053750016.0,-0.0584457591176033
3054687488.0,-0.05454687029123306
3055624960.0,-0.04954840987920761
3056562432.0,-0.04445567727088928
3057499904.0,-0.037128861993551254
3058437376.0,-0.02970040589570999
3059375104.0,-0.02167191170156002
3060312576.0,-0.011848147958517075
3061250048.0,-0.0021993666887283325
3062187520.0,0.008359404280781746
3063124992.0,0.0195001270622015
3064062464.0,0.03225816786289215
3064999936.0,0.045127928256988525
3065937408.0,0.059058722108602524
3066874880.0,0.07243364304304123
3067812608.0,0.13835550844669342
3068750080.0,0.14473651349544525
3069687552.0,0.1492002308368683
3070625024.0,0.1525966078042984
3071562496.0,0.15619735419750214
3072499968.0,0.15697428584098816
3073437440.0,0.15647049248218536
3074374912.0,0.15533025562763214
3075312384.0,0.15164810419082642
3076250112.0,0.14789658784866333
3077187584.0,0.14206759631633759
3078125056.0,0.13656094670295715
3079062528.0,0.12906594574451447
3080000000.0,0.12073220312595367
3080937472.0,0.1131528913974762
3081874944.0,0.10330846160650253
3082812416.0,0.09373215585947037
3083749888.0,0.08430598676204681
3084687616.0,0.07474180310964584
3085625088.0,0.06488284468650818
3086562560.0,0.055970653891563416
3087500032.0,0.04717796668410301
3088437504.0,0.038548022508621216
3089374976.0,0.03053094632923603
3090312448.0,0.02355273999273777
3091249920.0,0.016423014923930168
3092187392.0,0.010644976980984211
3093125120.0,0.006129423622041941
3094062592.0,0.00290643866173923
3095000064.0,-6.338403181871399e-05
3095937536.0,-0.001553717302158475
3096875008.0,-0.0028298222459852695
3097812480.0,-0.0018681968795135617
3098749952.0,-0.0009585361694917083
3099687424.0,0.001654470106586814
3100624896.0,0.005071846768260002
3101562624.0,0.009413248859345913
3102500096.0,0.013264070264995098
3103437568.0,0.019243912771344185
3104375040.0,0.024864578619599342
3105312512.0,0.030867785215377808
3106249984.0,0.03851928934454918
3107187456.0,0.0443013459444046
3108124928.0,0.05071680620312691
3109062400.0,0.05845030024647713
3110000128.0,0.06510016322135925
3110937600.0,0.07185391336679459
3111875072.0,0.0783718079328537
3112812544.0,0.0846904069185257
3113750016.0,0.09060239046812057
3114687488.0,0.09581037610769272
3115624960.0,0.10107628256082535
3116562432.0,0.10694026947021484
3117499904.0,0.11055800318717957
3118437376.0,0.11405093222856522
3119375104.0,0.11775565892457962
3120312576.0,0.12123440951108932
3121250048.0,0.12367212772369385
3122187520.0,0.12626062333583832
3123124992.0,0.12969067692756653
3124062464.0,0.13043424487113953
3124999936.0,0.13260583579540253
3125937408.0,0.13414476811885834
3126874880.0,0.13547804951667786
3127812608.0,0.1413893848657608
3128750080.0,0.14124010503292084
3129687552.0,0.14172081649303436
3130625024.0,0.14028491079807281
3131562496.0,0.13908840715885162
3132499968.0,0.13598506152629852
3133437440.0,0.13386930525302887
3134374912.0,0.13091114163398743
3135312384.0,0.12854738533496857
3136250112.0,0.12593092024326324
3137187584.0,0.12388984113931656
3138125056.0,0.1218235194683075
3139062528.0,0.12082161754369736
3140000000.0,0.12052877247333527
3140937472.0,0.12152284383773804
3141874944.0,0.12336137145757675
3142812416.0,0.12650011479854584
3143749888.0,0.13156211376190186
3144687616.0,0.13696879148483276
3145625088.0,0.14319628477096558
3146562560.0,0.14912214875221252
3147500032.0,0.15477769076824188
3148437504.0,0.15921559929847717
3149374976.0,0.1617104411125183
3150312448.0,0.16387860476970673
3151249920.0,0.16322889924049377
3152187392.0,0.16048623621463776
3153125120.0,0.1549840122461319
3154062592.0,0.1483123004436493
3155000064.0,0.1399112343788147
3155937536.0,0.12875664234161377
3156875008.0,0.11562054604291916
3157812480.0,0.10266174376010895
3158749952.0,0.08773372322320938
3159687424.0,0.07262333482503891
3160624896.0,0.05834014713764191
3161562624.0,0.04328096657991409
3162500096.0,0.029954228550195694
3163437568.0,0.016865652054548264
3164375040.0,0.006479641422629356
3165312512.0,-0.0030622200574725866
3166249984.0,-0.010294221341609955
3167187456.0,-0.0152860963717103
3168124928.0,-0.01841052807867527
3169062400.0,-0.019263576716184616
3169999872.0,-0.01755102351307869
3170937600.0,-0.013743028976023197
3171875072.0,-0.00806486327201128
3172812544.0,1.6032796338549815e-05
3173750016.0,0.01046220026910305
3174687488.0,0.022093450650572777
3175624960.0,0.03440035134553909
3176562432.0,0.04817281290888786
3177499904.0,0.0627562403678894
3178437376.0,0.07774025201797485
3179375104.0,0.0934867113828659
3180312576.0,0.10919602960348129
3181250048.0,0.12441045790910721
3182187520.0,0.13932469487190247
3183124992.0,0.15388672053813934
3184062464.0,0.16719330847263336
3184999936.0,0.1799946427345276
3185937408.0,0.19188761711120605
3186874880.0,0.20306125283241272
3187812608.0,0.16813884675502777
3188750080.0,0.1640157550573349
3189687552.0,0.1578168421983719
3190625024.0,0.15224701166152954
3191562496.0,0.14577613770961761
3192499968.0,0.1394931524991989
3193437440.0,0.13216283917427063
3194374912.0,0.12611991167068481
3195312384.0,0.11951673775911331
3196250112.0,0.11351507157087326
3197187584.0,0.10805848985910416
3198125056.0,0.10342781245708466
3199062528.0,0.09841234982013702
3200000000.0,0.0942145586013794
3200937472.0,0.09104680269956589
3201874944.0,0.08899641036987305
3202812416.0,0.08707472681999207
3203749888.0,0.08587939292192459
3204687616.0,0.08489488810300827
3205625088.0,0.08541630953550339
3206562560.0,0.08590560406446457
3207500032.0,0.08767957240343094
3208437504.0,0.08831708878278732
3209374976.0,0.09018693119287491
3210312448.0,0.09226612001657486
3211249920.0,0.09410011023283005
3212187392.0,0.09737920016050339
3213125120.0,0.09958849102258682
3214062592.0,0.10152487456798553
3215000064.0,0.10352953523397446
3215937536.0,0.10506653040647507
3216875008.0,0.10677078366279602
3217812480.0,0.10732745379209518
3218749952.0,0.10847655683755875
3219687424.0,0.10951817780733109
3220624896.0,0.10983458906412125
3221562624.0,0.11005382239818573
3222500096.0,0.1103401705622673
3223437568.0,0.11040893942117691
3224375040.0,0.1103287786245346
3225312512.0,0.11027645319700241
3226249984.0,0.11045932024717331
3227187456.0,0.11059221625328064
3228124928.0,0.1113959401845932
3229062400.0,0.11190211772918701
3230000128.0,0.11313014477491379
3230937600.0,0.11348043382167816
3231875072.0,0.11597637832164764
3232812544.0,0.11877694725990295
3233750016.0,0.12217947095632553
3234687488.0,0.12563511729240417
3235624960.0,0.1299845576286316
3236562432.0,0.13504590094089508
3237499904.0,0.1402435600757599
3238437376.0,0.14718082547187805
3239375104.0,0.15287011861801147
3240312576.0,0.16027604043483734
3241250048.0,0.16716909408569336
3242187520.0,0.17500172555446625
3243124992.0,0.1829155832529068
3244062464.0,0.18984554708003998
3244999936.0,0.19744190573692322
3245937408.0,0.2047225385904312
3246874880.0,0.2107909768819809
3247812608.0,0.12030603736639023
3248750080.0,0.11343413591384888
3249687552.0,0.10428613424301147
3250625024.0,0.0946568101644516
3251562496.0,0.0848655104637146
3252499968.0,0.07497387379407883
3253437440.0,0.0654727965593338
3254374912.0,0.056568894535303116
3255312384.0,0.0488881953060627
3256250112.0,0.04157940670847893
3257187584.0,0.03727887570858002
3258125056.0,0.03429831564426422
3259062528.0,0.03276606649160385
3260000000.0,0.03479694575071335
3260937472.0,0.03642381355166435
3261874944.0,0.03920724242925644
3262812416.0,0.042768120765686035
3263749888.0,0.046631503850221634
3264687616.0,0.04945197328925133
3265625088.0,0.05318666622042656
3266562560.0,0.05636300891637802
3267500032.0,0.059562306851148605
3268437504.0,0.06115047261118889
3269374976.0,0.06405545771121979
3270312448.0,0.0650990903377533
3271249920.0,0.06641467660665512
3272187392.0,0.06812012195587158
3273125120.0,0.06888502091169357
3274062592.0,0.07003800570964813
3275000064.0,0.06994719058275223
3275937536.0,0.07097776234149933
3276875008.0,0.07088310271501541
3277812480.0,0.07190300524234772
3278749952.0,0.07163788378238678
3279687424.0,0.07181672006845474
3280624896.0,0.07220448553562164
3281562624.0,0.07234814763069153
3282500096.0,0.07231313735246658
3283437568.0,0.07121966779232025
3284375040.0,0.07188594341278076
3285312512.0,0.07266727089881897
3286249984.0,0.07202722132205963
3287187456.0,0.07333952933549881
3288124928.0,0.07306978851556778
3289062400.0,0.07373856008052826
3289999872.0,0.0728234201669693
3290937600.0,0.0737273246049881
3291875072.0,0.07352371513843536
3292812544.0,0.0745990127325058
3293750016.0,0.07556343823671341
3294687488.0,0.07699499279260635
3295624960.0,0.07872752100229263
3296562432.0,0.08002259582281113
3297499904.0,0.08171065896749496
3298437376.0,0.08480654656887054
3299375104.0,0.08876292407512665
3300312576.0,0.09178023040294647
3301250048.0,0.09512753039598465
3302187520.0,0.09956370294094086
3303124992.0,0.10404933243989944
3304062464.0,0.10907410085201263
3304999936.0,0.11437476426362991
3305937408.0,0.12036025524139404
3306874880.0,0.12632596492767334
3307812608.0,0.13921619951725006
3308750080.0,0.14732199907302856
3309687552.0,0.15655076503753662
3310625024.0,0.16458408534526825
3311562496.0,0.1736382246017456
3312499968.0,0.18258064985275269
3313437440.0,0.190301775932312
3314374912.0,0.19801369309425354
3315312384.0,0.20542654395103455
3316250112.0,0.2121330350637436
3317187584.0,0.21828322112560272
3318125056.0,0.22351449728012085
3319062528.0,0.22856055200099945
3320000000.0,0.23204556107521057
3320937472.0,0.23434750735759735
3321874944.0,0.23539122939109802
3322812416.0,0.23548871278762817
3323749888.0,0.2341528981924057
3324687616.0,0.23163151741027832
3325625088.0,0.2287118285894394
3326562560.0,0.2228945940732956
3327500032.0,0.2175058275461197
3328437504.0,0.20981431007385254
3329374976.0,0.2015567272901535
3330312448.0,0.19305691123008728
3331249920.0,0.18269310891628265
3332187392.0,0.1729142963886261
3333125120.0,0.16276483237743378
3334062592.0,0.15139468014240265
3335000064.0,0.1411781758069992
3335937536.0,0.12953363358974457
3336875008.0,0.11839567124843597
3337812480.0,0.10712730884552002
3338749952.0,0.09689030796289444
3339687424.0,0.08607551455497742
3340624896.0,0.07609259337186813
3341562624.0,0.06813903898000717
3342500096.0,0.059519942849874496
3343437568.0,0.05191854014992714
3344375040.0,0.04519933834671974
3345312512.0,0.04021259769797325
3346249984.0,0.03554871305823326
3347187456.0,0.033803075551986694
3348124928.0,0.030634669587016106
3349062400.0,0.02975902147591114
3350000128.0,0.030266370624303818
3350937600.0,0.03153349459171295
3351875072.0,0.03453727811574936
3352812544.0,0.038335803896188736
3353750016.0,0.043726250529289246
3354687488.0,0.04893374443054199
3355624960.0,0.05529952794313431
3356562432.0,0.06341243535280228
3357499904.0,0.07052348554134369
3358437376.0,0.07946249842643738
3359375104.0,0.08821411430835724
3360312576.0,0.09715159982442856
3361250048.0,0.10755711048841476
3362187520.0,0.11612982302904129
3363124992.0,0.12513767182826996
3364062464.0,0.13400883972644806
3364999936.0,0.14196163415908813
3365937408.0,0.1500234305858612
3366874880.0,0.15754210948944092
3367812608.0,0.03820757940411568
3368750080.0,0.04198684170842171
3369687552.0,0.04475848376750946
3370625024.0,0.047388575971126556
3371562496.0,0.050330329686403275
3372499968.0,0.051852963864803314
3373437440.0,0.05195475369691849
3374374912.0,0.052217449992895126
3375312384.0,0.05204113945364952
3376250112.0,0.0493144690990448
3377187584.0,0.04644157737493515
3378125056.0,0.042585622519254684
3379062528.0,0.03766249492764473
3380000000.0,0.0323379710316658
3380937472.0,0.025769364088773727
3381874944.0,0.018965117633342743
3382812416.0,0.011264625005424023
3383749888.0,0.0029531922191381454
3384687616.0,-0.006419697776436806
3385625088.0,-0.015441523864865303
3386562560.0,-0.024974951520562172
3387500032.0,-0.03487705439329147
3388437504.0,-0.04482885077595711
3389374976.0,-0.05442788451910019
3390312448.0,-0.06335079669952393
3391249920.0,-0.07205446064472198
3392187392.0,-0.08206646144390106
3393125120.0,-0.08996643871068954
3394062592.0,-0.09691722691059113
3395000064.0,-0.10342659801244736
3395937536.0,-0.1087653860449791
3396875008.0,-0.1134268119931221
3397812480.0,-0.11780524998903275
3398749952.0,-0.12142333388328552
3399687424.0,-0.1233745738863945
3400624896.0,-0.12549512088298798
3401562624.0,-0.12635120749473572
3402500096.0,-0.12658065557479858
3403437568.0,-0.12513290345668793
3404375040.0,-0.12470170110464096
3405312512.0,-0.12309610843658447
3406249984.0,-0.12150370329618454
3407187456.0,-0.11926533281803131
3408124928.0,-0.11734475940465927
3409062400.0,-0.11635767668485641
3409999872.0,-0.1145278662443161
3410937600.0,-0.11437399685382843
3411875072.0,-0.11447330564260483
3412812544.0,-0.11571348458528519
3413750016.0,-0.11859866231679916
3414687488.0,-0.12161263078451157
3415624960.0,-0.12614545226097107
3416562432.0,-0.13396115601062775
3417499904.0,-0.14267167448997498
3418437376.0,-0.1533355414867401
3419375104.0,-0.1664677858352661
3420312576.0,-0.18141373991966248
3421250048.0,-0.1981973946094513
3422187520.0,-0.21695630252361298
3423124992.0,-0.23800285160541534
3424062464.0,-0.2613576054573059
3424999936.0,-0.2877851724624634
3425937408.0,-0.31403979659080505
3426874880.0,-0.3434351980686188
3427812608.0,-0.37441155314445496
3428750080.0,-0.4030570089817047
3429687552.0,-0.43080636858940125
3430625024.0,-0.4593483805656433
3431562496.0,-0.48865923285484314
3432499968.0,-0.5162585973739624
3433437440.0,-0.5440232157707214
3434374912.0,-0.572006344795227
3435312384.0,-0.599505603313446
3436250112.0,-0.6268168091773987
3437187584.0,-0.6550291180610657
3438125056.0,-0.6828011274337769
3439062528.0,-0.711649477481842
3440000000.0,-0.7409676909446716
3440937472.0,-0.7731432914733887
3441874944.0,-0.8062998652458191
3442812416.0,-0.8412110209465027
3443749888.0,-0.8794733881950378
3444687616.0,-0.9187365174293518
3445625088.0,-0.9610752463340759
3446562560.0,-1.0066044330596924
3447500032.0,-1.0551542043685913
3448437504.0,-1.1071295738220215
3449374976.0,-1.1622282266616821
3450312448.0,-1.2195425033569336
3451249920.0,-1.2795567512512207
3452187392.0,-1.3420536518096924
3453125120.0,-1.4048726558685303
3454062592.0,-1.4694709777832031
3455000064.0,-1.533490777015686
3455937536.0,-1.5979769229888916
3456875008.0,-1.66021728515625
3457812480.0,-1.7199437618255615
3458749952.0,-1.7745033502578735
3459687424.0,-1.8243459463119507
3460624896.0,-1.867279291152954
3461562624.0,-1.9047346115112305
3462500096.0,-1.9368144273757935
3463437568.0,-1.9590208530426025
3464375040.0,-1.9722611904144287
3465312512.0,-1.9751901626586914
3466249984.0,-1.9725085496902466
3467187456.0,-1.9619256258010864
3468124928.0,-1.9471567869186401
3469062400.0,-1.9248900413513184
3470000128.0,-1.8989778757095337
3470937600.0,-1.8678185939788818
3471875072.0,-1.8320266008377075
3472812544.0,-1.7914766073226929
3473750016.0,-1.744179368019104
3474687488.0,-1.6932988166809082
3475624960.0,-1.6416239738464355
3476562432.0,-1.5892897844314575
3477499904.0,-1.5374526977539062
3478437376.0,-1.4844927787780762
3479375104.0,-1.4311071634292603
3480312576.0,-1.3800066709518433
3481250048.0,-1.330681324005127
3482187520.0,-1.2809878587722778
3483124992.0,-1.230782151222229
3484062464.0,-1.1819868087768555
3484999936.0,-1.1335289478302002
3485937408.0,-1.0882463455200195
3486874880.0,-1.045632004737854
3487812608.0,-1.0368802547454834
3488750080.0,-0.9984127879142761
3489687552.0,-0.9599176049232483
3490625024.0,-0.924168050289154
3491562496.0,-0.8920521140098572
3492499968.0,-0.8622158765792847
3493437440.0,-0.8334605693817139
3494374912.0,-0.8071940541267395
3495312384.0,-0.7811058163642883
3496250112.0,-0.759040355682373
3497187584.0,-0.7384830713272095
3498125056.0,-0.7195690870285034
3499062528.0,-0.701647162437439
3500000000.0,-0.6860710382461548
3500937472.0,-0.6694619059562683
3501874944.0,-0.6546124815940857
3502812416.0,-0.6401432156562805
3503749888.0,-0.626588761806488
3504687616.0,-0.614612877368927
3505625088.0,-0.60244220495224
3506562560.0,-0.5908352136611938
3507500032.0,-0.5793606042861938
3508437504.0,-0.5688905119895935
3509374976.0,-0.55670166015625
3510312448.0,-0.5448859333992004
3511249920.0,-0.5331737399101257
3512187392.0,-0.5208181142807007
3513125120.0,-0.5083273649215698
3514062592.0,-0.4941951632499695
3515000064.0,-0.47872233390808105
3515937536.0,-0.46328702569007874
3516875008.0,-0.44676676392555237
3517812480.0,-0.43031108379364014
3518749952.0,-0.4125763773918152
3519687424.0,-0.39584609866142273
3520624896.0,-0.3774542510509491
3521562624.0,-0.359245628118515
3522500096.0,-0.34097036719322205
3523437568.0,-0.3214361071586609
3524375040.0,-0.3033878207206726
3525312512.0,-0.2843957841396332
3526249984.0,-0.2653577923774719
3527187456.0,-0.247278094291687
3528124928.0,-0.2296527475118637
3529062400.0,-0.2133052796125412
3529999872.0,-0.1981833279132843
3530937600.0,-0.18434737622737885
3531875072.0,-0.1716788411140442
3532812544.0,-0.1606168895959854
3533750016.0,-0.15133357048034668
3534687488.0,-0.14277805387973785
3535624960.0,-0.13690361380577087
3536562432.0,-0.1322462409734726
3537499904.0,-0.12796622514724731
3538437376.0,-0.12704449892044067
3539375104.0,-0.12794731557369232
3540312576.0,-0.1300542950630188
3541250048.0,-0.1338789016008377
3542187520.0,-0.13896797597408295
3543124992.0,-0.14436820149421692
3544062464.0,-0.1514132022857666
3544999936.0,-0.1604517102241516
3545937408.0,-0.1704910695552826
3546874880.0,-0.18087369203567505
3547812608.0,-0.21179471909999847
3548750080.0,-0.20247472822666168
3549687552.0,-0.19373033940792084
3550625024.0,-0.18454161286354065
3551562496.0,-0.1755657196044922
3552499968.0,-0.1669074445962906
3553437440.0,-0.15878888964653015
3554374912.0,-0.15058831870555878
3555312384.0,-0.1446024775505066
3556250112.0,-0.13923360407352448
3557187584.0,-0.13457375764846802
3558125056.0,-0.13005642592906952
3559062528.0,-0.12541818618774414
3560000000.0,-0.12001806497573853
3560937472.0,-0.11571837216615677
3561874944.0,-0.11182186007499695
3562812416.0,-0.1085481122136116
3563749888.0,-0.10478139668703079
3564687616.0,-0.10141314566135406
3565625088.0,-0.09882455319166183
3566562560.0,-0.09553380310535431
3567500032.0,-0.09201163798570633
3568437504.0,-0.08893276005983353
3569374976.0,-0.08576823770999908
3570312448.0,-0.0836157277226448
3571249920.0,-0.07904960960149765
3572187392.0,-0.07579965144395828
3573125120.0,-0.07153274863958359
3574062592.0,-0.06767299771308899
3575000064.0,-0.06552211195230484
3575937536.0,-0.05994444340467453
3576875008.0,-0.05664961412549019
3577812480.0,-0.052878595888614655
3578749952.0,-0.04973042383790016
3579687424.0,-0.046844951808452606
3580624896.0,-0.041802726686000824
3581562624.0,-0.03979862481355667
3582500096.0,-0.03589897230267525
3583437568.0,-0.03368007764220238
3584375040.0,-0.031657226383686066
3585312512.0,-0.03072468191385269
3586249984.0,-0.030281268060207367
3587187456.0,-0.03020854853093624
3588124928.0,-0.029478302225470543
3589062400.0,-0.02920396625995636
3590000128.0,-0.02958960086107254
3590937600.0,-0.031208056956529617
3591875072.0,-0.033287473022937775
3592812544.0,-0.0359882153570652
3593750016.0,-0.03876040503382683
3594687488.0,-0.04186926409602165
3595624960.0,-0.045055851340293884
3596562432.0,-0.04903555288910866
3597499904.0,-0.05337772145867348
3598437376.0,-0.05801628530025482
3599375104.0,-0.06246430054306984
3600312576.0,-0.0667777806520462
3601250048.0,-0.07138015329837799
3602187520.0,-0.07565367966890335
3603124992.0,-0.07966209203004837
3604062464.0,-0.08330200612545013
3604999936.0,-0.08567285537719727
3605937408.0,-0.08880719542503357
3606874880.0,-0.09061343967914581
3607812608.0,-0.09659365564584732
3608750080.0,-0.09498388320207596
3609687552.0,-0.09298484027385712
3610625024.0,-0.09095553308725357
3611562496.0,-0.08994429558515549
3612499968.0,-0.08889005333185196
3613437440.0,-0.08861098438501358
3614374912.0,-0.08980395644903183
3615312384.0,-0.0898502841591835
3616250112.0,-0.09109240025281906
3617187584.0,-0.09217388182878494
3618125056.0,-0.09324903041124344
3619062528.0,-0.09481997042894363
3620000000.0,-0.09640184789896011
3620937472.0,-0.09797269105911255
3621874944.0,-0.09901296347379684
3622812416.0,-0.09951949119567871
3623749888.0,-0.10062474757432938
3624687616.0,-0.10010050237178802
3625625088.0,-0.10132389515638351
3626562560.0,-0.10282726585865021
3627500032.0,-0.10320249199867249
3628437504.0,-0.10356979072093964
3629374976.0,-0.10315912216901779
3630312448.0,-0.10164014250040054
3631249920.0,-0.10002294182777405
3632187392.0,-0.09770417958498001
3633125120.0,-0.09400695562362671
3634062592.0,-0.09167751669883728
3635000064.0,-0.08793461322784424
3635937536.0,-0.08325812965631485
3636875008.0,-0.07781531661748886
3637812480.0,-0.07305236905813217
3638749952.0,-0.06594084203243256
3639687424.0,-0.05853336676955223
3640624896.0,-0.051289912313222885
3641562624.0,-0.043204210698604584
3642500096.0,-0.035955190658569336
3643437568.0,-0.026738809421658516
3644375040.0,-0.018991339951753616
3645312512.0,-0.010828572325408459
3646249984.0,-0.0029292800463736057
3647187456.0,0.004177568014711142
3648124928.0,0.012445378117263317
3649062400.0,0.01949538290500641
3649999872.0,0.0245311688631773
3650937600.0,0.031555306166410446
3651875072.0,0.03625531122088432
3652812544.0,0.040963128209114075
3653750016.0,0.04602712392807007
3654687488.0,0.04908363148570061
3655624960.0,0.052888691425323486
3656562432.0,0.05582352727651596
3657499904.0,0.05740866810083389
3658437376.0,0.058044642210006714
3659375104.0,0.05849330127239227
3660312576.0,0.05726609006524086
3661250048.0,0.055179696530103683
3662187520.0,0.052367836236953735
3663124992.0,0.04848270118236542
3664062464.0,0.044561274349689484
3664999936.0,0.03830192983150482
3665937408.0,0.03189016133546829
3666874880.0,0.026103129610419273
3667812608.0,0.016164103522896767
3668750080.0,0.010447124019265175
3669687552.0,0.005887568462640047
3670625024.0,0.0009173260186798871
3671562496.0,-0.0034538551699370146
3672499968.0,-0.006452002562582493
3673437440.0,-0.009890337474644184
3674374912.0,-0.01190965622663498
3675312384.0,-0.013653536327183247
3676250112.0,-0.01496232021600008
3677187584.0,-0.016041629016399384
3678125056.0,-0.017023282125592232
3679062528.0,-0.016863154247403145
3680000000.0,-0.016389794647693634
3680937472.0,-0.015355546027421951
3681874944.0,-0.014587516896426678
3682812416.0,-0.012071317061781883
3683749888.0,-0.009646531194448471
3684687616.0,-0.007133144419640303
3685625088.0,-0.0042273602448403835
3686562560.0,-0.0024444758892059326
3687500032.0,0.001400236040353775
3688437504.0,0.004911502357572317
3689374976.0,0.008198654279112816
3690312448.0,0.010845178738236427
3691249920.0,0.013825862668454647
3692187392.0,0.017482075840234756
3693125120.0,0.021297495812177658
3694062592.0,0.024384411051869392
3695000064.0,0.027469424530863762
3695937536.0,0.031071025878190994
3696875008.0,0.03250901773571968
3697812480.0,0.03461006283760071
3698749952.0,0.03623730689287186
3699687424.0,0.03744899481534958
3700624896.0,0.038720495998859406
3701562624.0,0.03853597491979599
3702500096.0,0.03748283535242081
3703437568.0,0.036088015884160995
3704375040.0,0.033014051616191864
3705312512.0,0.029379749670624733
3706249984.0,0.024906473234295845
3707187456.0,0.0182053092867136
3708124928.0,0.010263049043715
3709062400.0,0.0017969552427530289
3710000128.0,-0.008102243766188622
3710937600.0,-0.020863942801952362
3711875072.0,-0.03281904011964798
3712812544.0,-0.047813210636377335
3713750016.0,-0.06289267539978027
3714687488.0,-0.08045220375061035
3715624960.0,-0.0985061526298523
3716562432.0,-0.11797443777322769
3717499904.0,-0.13713370263576508
3718437376.0,-0.15757296979427338
3719375104.0,-0.1782267689704895
3720312576.0,-0.19785377383232117
3721250048.0,-0.21761614084243774
3722187520.0,-0.2360563725233078
3723124992.0,-0.25561976432800293
3724062464.0,-0.2736014723777771
3724999936.0,-0.290768027305603
3725937408.0,-0.30649611353874207
3726874880.0,-0.31944382190704346
3727812608.0,-0.003835056908428669
3728750080.0,-0.0031428581569343805
3729687552.0,-0.0030452003702521324
3730625024.0,-0.004300669766962528
3731562496.0,-0.0072852917946875095
3732499968.0,-0.009603522717952728
3733437440.0,-0.013500204309821129
3734374912.0,-0.016366416588425636
3735312384.0,-0.018811022862792015
3736250112.0,-0.021550418809056282
3737187584.0,-0.022871335968375206
3738125056.0,-0.024154387414455414
3739062528.0,-0.024999575689435005
3740000000.0,-0.025632329285144806
3740937472.0,-0.024412162601947784
3741874944.0,-0.0231986865401268
3742812416.0,-0.02148624137043953
3743749888.0,-0.018770873546600342
3744687616.0,-0.015160325914621353
3745625088.0,-0.009947680868208408
3746562560.0,-0.0050399424508214
3747500032.0,0.0005965862073935568
3748437504.0,0.006695688236504793
3749374976.0,0.014375976286828518
3750312448.0,0.02225847728550434
3751249920.0,0.031777046620845795
3752187392.0,0.04029498249292374
3753125120.0,0.050251398235559464
3754062592.0,0.05959002301096916
3755000064.0,0.06855926662683487
3755937536.0,0.07779006659984589
3756875008.0,0.08671437203884125
3757812480.0,0.0952218547463417
3758749952.0,0.10206739604473114
3759687424.0,0.10880141705274582
3760624896.0,0.11511489003896713
3761562624.0,0.12057624012231827
3762500096.0,0.12417642027139664
3763437568.0,0.12621475756168365
3764375040.0,0.12785714864730835
3765312512.0,0.12745389342308044
3766249984.0,0.12595954537391663
3767187456.0,0.12307378649711609
3768124928.0,0.1179589107632637
3769062400.0,0.11204628646373749
3769999872.0,0.10383380204439163
3770937600.0,0.09629436582326889
3771875072.0,0.0866217240691185
3772812544.0,0.07622599601745605
3773750016.0,0.06569802761077881
3774687488.0,0.055477291345596313
3775624960.0,0.04485458508133888
3776562432.0,0.03453695401549339
3777499904.0,0.022638410329818726
3778437376.0,0.0118443937972188
3779375104.0,0.0006278862128965557
3780312576.0,-0.009382463991641998
3781250048.0,-0.022013476118445396
3782187520.0,-0.03199467435479164
3783124992.0,-0.04122922569513321
3784062464.0,-0.050962697714567184
3784999936.0,-0.059024177491664886
3785937408.0,-0.06734093278646469
3786874880.0,-0.05492734536528587
3787812608.0,-0.05704242363572121
3788750080.0,-0.06072065234184265
3789687552.0,-0.06280013173818588
3790625024.0,-0.06438294798135757
3791562496.0,-0.06716347485780716
3792499968.0,-0.06956350058317184
3793437440.0,-0.07142416387796402
3794374912.0,-0.0730663537979126
3795312384.0,-0.07404377311468124
3796250112.0,-0.07397373020648956
3797187584.0,-0.0734705701470375
3798125056.0,-0.07203991711139679
3799062528.0,-0.0681663379073143
3800000000.0,-0.0637463629245758
3800937472.0,-0.05977057293057442
3801874944.0,-0.05329019948840141
3802812416.0,-0.046726737171411514
3803749888.0,-0.039859917014837265
3804687616.0,-0.03156639263033867
3805625088.0,-0.02404359169304371
3806562560.0,-0.015430090017616749
3807500032.0,-0.006081856321543455
3808437504.0,0.0028570638969540596
3809374976.0,0.01108536683022976
3810312448.0,0.02005535177886486
3811249920.0,0.028658879920840263
3812187392.0,0.035880424082279205
3813125120.0,0.04271166771650314
3814062592.0,0.0498800165951252
3815000064.0,0.05518035963177681
3815937536.0,0.05983149632811546
3816875008.0,0.06399274617433548
3817812480.0,0.06681838631629944
3818749952.0,0.06934085488319397
3819687424.0,0.07006131112575531
3820624896.0,0.07042931765317917
3821562624.0,0.0698615163564682
3822500096.0,0.06819280982017517
3823437568.0,0.06497638672590256
3824375040.0,0.06196797639131546
3825312512.0,0.0584232471883297
3826249984.0,0.05426269769668579
3827187456.0,0.04939685016870499
3828124928.0,0.04374580457806587
3829062400.0,0.03896280750632286
3830000128.0,0.033062517642974854
3830937600.0,0.02725953236222267
3831875072.0,0.021782319992780685
3832812544.0,0.016031058505177498
3833750016.0,0.009869745932519436
3834687488.0,0.0035227728076279163
3835624960.0,-0.002574819140136242
3836562432.0,-0.0075555648654699326
3837499904.0,-0.013655763119459152
3838437376.0,-0.01897531747817993
3839375104.0,-0.02383698709309101
3840312576.0,-0.029495425522327423
3841250048.0,-0.03335253521800041
3842187520.0,-0.038059692829847336
3843124992.0,-0.04263244941830635
3844062464.0,-0.046831369400024414
3844999936.0,-0.049867965281009674
3845937408.0,-0.05396180972456932
3846874880.0,-0.051544975489377975
3847812608.0,-0.05349867045879364
3848750080.0,-0.054738033562898636
3849687552.0,-0.05635713413357735
3850625024.0,-0.05843310430645943
3851562496.0,-0.058551281690597534
3852499968.0,-0.06064881011843681
3853437440.0,-0.06028341129422188
3854374912.0,-0.06227542832493782
3855312384.0,-0.06258338689804077
3856250112.0,-0.06169995293021202
3857187584.0,-0.06066455692052841
3858125056.0,-0.06004885211586952
3859062528.0,-0.05785588175058365
3860000000.0,-0.05589795112609863
3860937472.0,-0.052773769944906235
3861874944.0,-0.05076885595917702
3862812416.0,-0.04796954244375229
3863749888.0,-0.04585709050297737
3864687616.0,-0.045161161571741104
3865625088.0,-0.045337699353694916
3866562560.0,-0.0464789979159832
3867500032.0,-0.04911817982792854
3868437504.0,-0.05410285294055939
3869374976.0,-0.06075428053736687
3870312448.0,-0.06854746490716934
3871249920.0,-0.0771731436252594
3872187392.0,-0.08751757442951202
3873125120.0,-0.09811445325613022
3874062592.0,-0.10903477668762207
3875000064.0,-0.11984550207853317
3875937536.0,-0.13098980486392975
3876875008.0,-0.1403137892484665
3877812480.0,-0.14839857816696167
3878749952.0,-0.15391330420970917
3879687424.0,-0.1579829901456833
3880624896.0,-0.16033659875392914
3881562624.0,-0.1599632352590561
3882500096.0,-0.15838637948036194
3883437568.0,-0.15413610637187958
3884375040.0,-0.14877410233020782
3885312512.0,-0.14141559600830078
3886249984.0,-0.13254335522651672
3887187456.0,-0.12258411198854446
3888124928.0,-0.11217962205410004
3889062400.0,-0.09879416227340698
3889999872.0,-0.08644374459981918
3890937600.0,-0.07525234669446945
3891875072.0,-0.06159922853112221
3892812544.0,-0.050939418375492096
3893750016.0,-0.03999067842960358
3894687488.0,-0.02861284837126732
3895624960.0,-0.020463865250349045
3896562432.0,-0.013335091061890125
3897499904.0,-0.007314023096114397
3898437376.0,-0.0022681138943880796
3899375104.0,0.0010806244099512696
3900312576.0,0.0030239915940910578
3901250048.0,0.0045426287688314915
3902187520.0,0.0057847765274345875
3903124992.0,0.007081818301230669
3904062464.0,0.006179266143590212
3904999936.0,0.0070933192037045956
3905937408.0,0.0070978980511426926
3906874880.0,-0.005522407125681639
3907812608.0,-0.014439066872000694
3908750080.0,-0.022515539079904556
3909687552.0,-0.02874365821480751
3910625024.0,-0.03311531990766525
3911562496.0,-0.03527366742491722
3912499968.0,-0.036549344658851624
3913437440.0,-0.03443613275885582
3914374912.0,-0.032720908522605896
3915312384.0,-0.027541140094399452
3916250112.0,-0.022222116589546204
3917187584.0,-0.015455818735063076
3918125056.0,-0.006586856208741665
3919062528.0,0.00379124004393816
3920000000.0,0.012912475503981113
3920937472.0,0.02334054559469223
3921874944.0,0.03298887982964516
3922812416.0,0.04420151561498642
3923749888.0,0.05353064462542534
3924687616.0,0.06301872432231903
3925625088.0,0.07077286392450333
3926562560.0,0.07928729802370071
3927500032.0,0.08580245822668076
3928437504.0,0.0904693603515625
3929374976.0,0.095132015645504
3930312448.0,0.09803487360477448
3931249920.0,0.09872723370790482
3932187392.0,0.09871131926774979
3933125120.0,0.09658244252204895
3934062592.0,0.09402910619974136
3935000064.0,0.09035361558198929
3935937536.0,0.08517691493034363
3936875008.0,0.07914123684167862
3937812480.0,0.07156113535165787
3938749952.0,0.06268447637557983
3939687424.0,0.05425357073545456
3940624896.0,0.04494241625070572
3941562624.0,0.03494206443428993
3942500096.0,0.023234402760863304
3943437568.0,0.012031588703393936
3944375040.0,-1.1981940133409807e-06
3945312512.0,-0.012181089259684086
3946249984.0,-0.02434275671839714
3947187456.0,-0.03611159324645996
3948124928.0,-0.04802103713154793
3949062400.0,-0.05825067684054375
3950000128.0,-0.06880956143140793
3950937600.0,-0.07840970903635025
3951875072.0,-0.08846651017665863
3952812544.0,-0.09605218470096588
3953750016.0,-0.10459373891353607
3954687488.0,-0.11264119297266006
3955624960.0,-0.12029557675123215
3956562432.0,-0.1274319291114807
3957499904.0,-0.1337614804506302
3958437376.0,-0.13964717090129852
3959375104.0,-0.14516563713550568
3960312576.0,-0.14994798600673676
3961250048.0,-0.15452049672603607
3962187520.0,-0.159593403339386
3963124992.0,-0.16435207426548004
3964062464.0,-0.16902995109558105
3964999936.0,-0.17343617975711823
3965937408.0,-0.17799997329711914
3966874880.0,-0.07043224573135376
3967812608.0,-0.07609604299068451
3968750080.0,-0.08295586705207825
3969687552.0,-0.08798473328351974
3970625024.0,-0.09271803498268127
3971562496.0,-0.09636657685041428
3972499968.0,-0.09862081706523895
3973437440.0,-0.10120220482349396
3974374912.0,-0.10358577966690063
3975312384.0,-0.10462453216314316
3976250112.0,-0.10462623834609985
3977187584.0,-0.10521569103002548
3978125056.0,-0.10218484699726105
3979062528.0,-0.10129033774137497
3980000000.0,-0.09730377048254013
3980937472.0,-0.09297654032707214
3981874944.0,-0.0888589397072792
3982812416.0,-0.08489643782377243
3983749888.0,-0.07918675988912582
3984687616.0,-0.07470961660146713
3985625088.0,-0.06920293718576431
3986562560.0,-0.06428781151771545
3987500032.0,-0.058867208659648895
3988437504.0,-0.0536842904984951
3989374976.0,-0.049423132091760635
3990312448.0,-0.044759735465049744
3991249920.0,-0.039488956332206726
3992187392.0,-0.035409048199653625
3993125120.0,-0.0318019837141037
3994062592.0,-0.03021000139415264
3995000064.0,-0.027374112978577614
3995937536.0,-0.027228636667132378
3996875008.0,-0.026253284886479378
3997812480.0,-0.026942718774080276
3998749952.0,-0.027467532083392143
3999687424.0,-0.026706187054514885
4000624896.0,-0.01931333914399147
4001562624.0,-0.022979559376835823
4002500096.0,-0.027673831209540367
4003437568.0,-0.03271234408020973
4004375040.0,-0.03774520382285118
4005312512.0,-0.04457202926278114
4006249984.0,-0.0511074997484684
4007187456.0,-0.0597379244863987
4008124928.0,-0.067410409450531
4009062400.0,-0.07672183960676193
4009999872.0,-0.08606299757957458
4010937600.0,-0.0950985997915268
4011875072.0,-0.10393854230642319
4012812544.0,-0.11206138879060745
4013750016.0,-0.11967895179986954
4014687488.0,-0.12781941890716553
4015624960.0,-0.13550837337970734
4016562432.0,-0.14206604659557343
4017499904.0,-0.15043887495994568
4018437376.0,-0.15662825107574463
4019375104.0,-0.16243991255760193
4020312576.0,-0.16909930109977722
4021250048.0,-0.17415858805179596
4022187520.0,-0.178111732006073
4023124992.0,-0.1831125020980835
4024062464.0,-0.18703655898571014
4024999936.0,-0.19132636487483978
4025937408.0,-0.1945459544658661
4026874880.0,-0.18684260547161102
4027812608.0,-0.1885899305343628
4028750080.0,-0.19083864986896515
4029687552.0,-0.19303598999977112
4030625024.0,-0.19469255208969116
4031562496.0,-0.1969406008720398
4032499968.0,-0.19727115333080292
4033437440.0,-0.19845324754714966
4034374912.0,-0.19932237267494202
4035312384.0,-0.20015175640583038
4036250112.0,-0.20046113431453705
4037187584.0,-0.19996996223926544
4038125056.0,-0.1991480439901352
4039062528.0,-0.1987600475549698
4040000000.0,-0.19683630764484406
4040937472.0,-0.19571031630039215
4041874944.0,-0.19313134253025055
4042812416.0,-0.18975499272346497
4043749888.0,-0.18598970770835876
4044687616.0,-0.18055565655231476
4045625088.0,-0.1745678186416626
4046562560.0,-0.16837549209594727
4047500032.0,-0.16093327105045319
4048437504.0,-0.15194103121757507
4049374976.0,-0.14316828548908234
4050312448.0,-0.1335638016462326
4051249920.0,-0.12332829087972641
4052187392.0,-0.1122492328286171
4053125120.0,-0.10066122561693192
4054062592.0,-0.08964964002370834
4055000064.0,-0.07818564027547836
4055937536.0,-0.06628191471099854
4056875008.0,-0.05462011694908142
4057812480.0,-0.043106187134981155
4058749952.0,-0.031010014936327934
4059687424.0,-0.020802393555641174
4060624896.0,-0.008697889745235443
4061562624.0,-0.00032695886329747736
4062500096.0,0.010159383527934551
4063437568.0,0.01727505773305893
4064375040.0,0.025361835956573486
4065312512.0,0.032674018293619156
4066249984.0,0.03828556463122368
4067187456.0,0.04363776370882988
4068124928.0,0.04778127744793892
4069062400.0,0.049179807305336
4070000128.0,0.049988724291324615
4070937600.0,0.0485515296459198
4071875072.0,0.04800337925553322
4072812544.0,0.04508811607956886
4073750016.0,0.04116849973797798
4074687488.0,0.0361897349357605
4075624960.0,0.030305245891213417
4076562432.0,0.02332928404211998
4077499904.0,0.015384879894554615
4078437376.0,0.007057464215904474
4079375104.0,-0.002589734271168709
4080312576.0,-0.013188991695642471
4081250048.0,-0.02377832680940628
4082187520.0,-0.03473806008696556
4083124992.0,-0.045636557042598724
4084062464.0,-0.056215740740299225
4084999936.0,-0.06552048027515411
4085937408.0,-0.07530073821544647
4086874880.0,-0.09893174469470978
4087812608.0,-0.10488501936197281
4088750080.0,-0.1093854308128357
4089687552.0,-0.11378469318151474
4090625024.0,-0.11715006083250046
4091562496.0,-0.11922623962163925
4092499968.0,-0.12070783972740173
4093437440.0,-0.12180358171463013
4094374912.0,-0.12389104813337326
4095312384.0,-0.12545865774154663
4096250112.0,-0.124773770570755
4097187584.0,-0.12552735209465027
4098125056.0,-0.12550659477710724
4099062528.0,-0.12582330405712128
4100000000.0,-0.12680990993976593
4100937472.0,-0.12615741789340973
4101874944.0,-0.12676244974136353
4102812416.0,-0.12669135630130768
4103749888.0,-0.12711849808692932
4104687616.0,-0.12714993953704834
4105625088.0,-0.12762953341007233
4106562560.0,-0.12722904980182648
4107500032.0,-0.1271321028470993
4108437504.0,-0.1270042210817337
4109374976.0,-0.1262349635362625
4110312448.0,-0.1250290423631668
4111249920.0,-0.12454582750797272
4112187392.0,-0.1242598220705986
4113125120.0,-0.12322388589382172
4114062592.0,-0.12177299708127975
4115000064.0,-0.12021597474813461
4115937536.0,-0.11828148365020752
4116875008.0,-0.11632783710956573
4117812480.0,-0.1140887662768364
4118749952.0,-0.1121523305773735
4119687424.0,-0.10837831348180771
4120624896.0,-0.10470922291278839
4121562624.0,-0.09939543902873993
4122500096.0,-0.0974675789475441
4123437568.0,-0.09246709942817688
4124375040.0,-0.08990324288606644
4125312512.0,-0.08589539676904678
4126249984.0,-0.08242199569940567
4127187456.0,-0.07863253355026245
4128124928.0,-0.07576753944158554
4129062400.0,-0.07207102328538895
4129999872.0,-0.06877955049276352
4130937600.0,-0.0657142922282219
4131875072.0,-0.06218720227479935
4132812544.0,-0.05977433919906616
4133750016.0,-0.0576741099357605
4134687488.0,-0.05659978836774826
4135624960.0,-0.05461454018950462
4136562432.0,-0.05463079735636711
4137499904.0,-0.05235605686903
4138437376.0,-0.052307117730379105
4139375104.0,-0.051178835332393646
4140312576.0,-0.050755057483911514
4141250048.0,-0.050742946565151215
4142187520.0,-0.0504583865404129
4143124992.0,-0.05044490471482277
4144062464.0,-0.05013864487409592
4144999936.0,-0.05018220096826553
4145937408.0,-0.049508385360240936
4146874880.0,-0.09125680476427078
4147812608.0,-0.09383529424667358
4148750080.0,-0.0948144793510437
4149687552.0,-0.09583301842212677
4150625024.0,-0.09549397975206375
4151562496.0,-0.0952107384800911
4152499968.0,-0.09371308982372284
4153437440.0,-0.09151801466941833
4154374912.0,-0.08811859041452408
4155312384.0,-0.08477375656366348
4156250112.0,-0.0810944214463234
4157187584.0,-0.07636708766222
4158125056.0,-0.07065452635288239
4159062528.0,-0.06542647629976273
4160000000.0,-0.060491688549518585
4160937472.0,-0.055835068225860596
4161874944.0,-0.05000844597816467
4162812416.0,-0.04473601654171944
4163749888.0,-0.04087670519948006
4164687616.0,-0.03579084202647209
4165625088.0,-0.03183935210108757
4166562560.0,-0.02881249040365219
4167500032.0,-0.026456324383616447
4168437504.0,-0.024176033213734627
4169374976.0,-0.02157564088702202
4170312448.0,-0.020113585516810417
4171249920.0,-0.02051360532641411
4172187392.0,-0.02139377035200596
4173125120.0,-0.021719271317124367
4174062592.0,-0.025509310886263847
4175000064.0,-0.027760060504078865
4175937536.0,-0.030896781012415886
4176875008.0,-0.03457625210285187
4177812480.0,-0.038483552634716034
4178749952.0,-0.04467308521270752
4179687424.0,-0.04847310855984688
4180624896.0,-0.0534362830221653
4181562624.0,-0.05662897601723671
4182500096.0,-0.062033265829086304
4183437568.0,-0.06616604328155518
4184375040.0,-0.07006869465112686
4185312512.0,-0.07509887963533401
4186249984.0,-0.07954125851392746
4187187456.0,-0.08374003320932388
4188124928.0,-0.08812400698661804
4189062400.0,-0.09177625179290771
4190000128.0,-0.09483712166547775
4190937600.0,-0.097247414290905
4191875072.0,-0.10064373165369034
4192812544.0,-0.10366210341453552
4193750016.0,-0.10654641687870026
4194687488.0,-0.11009994894266129
4195624960.0,-0.11487133055925369
4196562432.0,-0.11902115494012833
4197499904.0,-0.12258424609899521
4198437376.0,-0.12766188383102417
4199375104.0,-0.13297732174396515
4200312576.0,-0.138160839676857
4201250048.0,-0.14277353882789612
4202187520.0,-0.14847685396671295
4203124992.0,-0.1533210128545761
4204062464.0,-0.1591353565454483
4204999936.0,-0.16429077088832855
4205937408.0,-0.169830784201622
4206874880.0,-0.16095004975795746
4207812608.0,-0.16734679043293
4208750080.0,-0.17387273907661438
4209687552.0,-0.1795540452003479
4210625024.0,-0.18384242057800293
4211562496.0,-0.18640854954719543
4212499968.0,-0.18854287266731262
4213437440.0,-0.19051530957221985
4214374912.0,-0.1903400719165802
4215312384.0,-0.18911772966384888
4216250112.0,-0.18665722012519836
4217187584.0,-0.18384727835655212
4218125056.0,-0.179395392537117
4219062528.0,-0.17162024974822998
4220000000.0,-0.1639917492866516
4220937472.0,-0.15484082698822021
4221874944.0,-0.14498500525951385
4222812416.0,-0.1339021623134613
4223749888.0,-0.12084528803825378
4224687616.0,-0.1077631264925003
4225625088.0,-0.09220456331968307
4226562560.0,-0.07830553501844406
4227500032.0,-0.062480781227350235
4228437504.0,-0.04739116504788399
4229374976.0,-0.031044594943523407
4230312448.0,-0.01423049159348011
4231249920.0,0.002602200023829937
4232187392.0,0.01771598309278488
4233125120.0,0.033743247389793396
4234062592.0,0.04871317371726036
4235000064.0,0.06274767965078354
4235937536.0,0.07610978186130524
4236875008.0,0.08922161161899567
4237812480.0,0.10041824728250504
4238749952.0,0.11094137281179428
4239687424.0,0.12112314254045486
4240624896.0,0.1285603642463684
4241562624.0,0.13494479656219482
4242500096.0,0.1402282565832138
4243437568.0,0.1433771699666977
4244375040.0,0.14476633071899414
4245312512.0,0.1457345187664032
4246249984.0,0.1438201367855072
4247187456.0,0.14096929132938385
4248124928.0,0.13690823316574097
4249062400.0,0.13056419789791107
4249999872.0,0.1227620393037796
4250937600.0,0.11205685883760452
4251875072.0,0.10186752676963806
4252812544.0,0.08822303265333176
4253750016.0,0.07372782379388809
4254687488.0,0.05894529074430466
4255624960.0,0.04151885583996773
4256562432.0,0.023629121482372284
4257499904.0,0.00473507447168231
4258437376.0,-0.013799685053527355
4259375104.0,-0.034600142389535904
4260312576.0,-0.05641179904341698
4261250048.0,-0.07675731182098389
4262187520.0,-0.09864659607410431
4263124992.0,-0.12032554298639297
4264062464.0,-0.14198783040046692
4264999936.0,-0.16250145435333252
4265937408.0,-0.1822414994239807
4266874880.0,-0.1901317685842514
4267812608.0,-0.19717194139957428
4268750080.0,-0.20274947583675385
4269687552.0,-0.21056105196475983
4270625024.0,-0.21606194972991943
4271562496.0,-0.2189302295446396
4272499968.0,-0.2245180308818817
4273437440.0,-0.2276303619146347
4274374912.0,-0.22973071038722992
4275312384.0,-0.22955887019634247
4276250112.0,-0.2286176085472107
4277187584.0,-0.22642198204994202
4278125056.0,-0.22021669149398804
4279062528.0,-0.21390029788017273
4280000000.0,-0.20489485561847687
4280937472.0,-0.19332605600357056
4281874944.0,-0.17949646711349487
4282812416.0,-0.16369685530662537
4283749888.0,-0.14792269468307495
4284687616.0,-0.13087046146392822
4285625088.0,-0.11038842797279358
4286562560.0,-0.09048081189393997
4287500032.0,-0.06842383742332458
4288437504.0,-0.04593684524297714
4289374976.0,-0.02312566339969635
4290312448.0,0.0005420149536803365
4291249920.0,0.023086784407496452
4292187392.0,0.046241749078035355
4293125120.0,0.06751225888729095
4294062592.0,0.08822477608919144
4295000064.0,0.10742046684026718
4295937536.0,0.1250733584165573
4296875008.0,0.1409662663936615
4297812480.0,0.1538340151309967
4298749952.0,0.16648733615875244
4299687424.0,0.17619621753692627
4300624896.0,0.18359477818012238
4301562368.0,0.18895584344863892
4302499840.0,0.19071120023727417
4303437312.0,0.19100111722946167
4304374784.0,0.18968598544597626
4305312256.0,0.1852259635925293
4306250240.0,0.1783556342124939
4307187712.0,0.1696048378944397
4308125184.0,0.15836940705776215
4309062656.0,0.143910750746727
4310000128.0,0.1296926885843277
4310937600.0,0.11175063252449036
4311875072.0,0.09278687089681625
4312812544.0,0.07365942001342773
4313750016.0,0.053196508437395096
4314687488.0,0.03322700038552284
4315624960.0,0.011995214968919754
4316562432.0,-0.008063402958214283
4317499904.0,-0.028728274628520012
4318437376.0,-0.048664532601833344
4319374848.0,-0.06718408316373825
4320312320.0,-0.08574020862579346
4321249792.0,-0.10270708799362183
4322187264.0,-0.11932829767465591
4323125248.0,-0.13364867866039276
4324062720.0,-0.14833687245845795
4325000192.0,-0.1599467396736145
4325937664.0,-0.17103856801986694
4326875136.0,-0.2264351099729538
4327812608.0,-0.22513560950756073
4328750080.0,-0.22088296711444855
4329687552.0,-0.21551238000392914
4330625024.0,-0.20896361768245697
4331562496.0,-0.20109586417675018
4332499968.0,-0.19312389194965363
4333437440.0,-0.18212956190109253
4334374912.0,-0.17095400393009186
4335312384.0,-0.16073594987392426
4336249856.0,-0.15022142231464386
4337187328.0,-0.1396903097629547
4338124800.0,-0.1294352263212204
4339062272.0,-0.12071490287780762
4339999744.0,-0.1123596802353859
4340937728.0,-0.104428231716156
4341875200.0,-0.09763643890619278
4342812672.0,-0.0910780057311058
4343750144.0,-0.08361340314149857
4344687616.0,-0.07942985743284225
4345625088.0,-0.07265671342611313
4346562560.0,-0.06916417926549911
4347500032.0,-0.06653162837028503
4348437504.0,-0.06482229381799698
4349374976.0,-0.06370288133621216
4350312448.0,-0.06389345973730087
4351249920.0,-0.06532039493322372
4352187392.0,-0.06576015800237656
4353124864.0,-0.06735396385192871
4354062336.0,-0.06906986981630325
4354999808.0,-0.07168876379728317
4355937280.0,-0.07471279799938202
4356874752.0,-0.07758954167366028
4357812736.0,-0.08049149066209793
4358750208.0,-0.08329210430383682
4359687680.0,-0.08690768480300903
4360625152.0,-0.09027998149394989
4361562624.0,-0.09377837181091309
4362500096.0,-0.09828051179647446
4363437568.0,-0.10158581286668777
4364375040.0,-0.10665404051542282
4365312512.0,-0.10986802726984024
4366249984.0,-0.11480865627527237
4367187456.0,-0.11974591016769409
4368124928.0,-0.1237504854798317
4369062400.0,-0.1285926252603531
4369999872.0,-0.13342085480690002
4370937344.0,-0.1362634152173996
4371874816.0,-0.14100612699985504
4372812288.0,-0.1457468569278717
4373749760.0,-0.14933766424655914
4374687744.0,-0.15451569855213165
4375625216.0,-0.1608843356370926
4376562688.0,-0.16728338599205017
4377500160.0,-0.17429521679878235
4378437632.0,-0.18102608621120453
4379375104.0,-0.18816988170146942
4380312576.0,-0.19618593156337738
4381250048.0,-0.2042713165283203
4382187520.0,-0.2125331312417984
4383124992.0,-0.22164508700370789
4384062464.0,-0.2326902449131012
4384999936.0,-0.24346387386322021
4385937408.0,-0.2551254332065582
4386874880.0,-0.3236003816127777
4387812352.0,-0.3321392238140106
4388749824.0,-0.33863985538482666
4389687296.0,-0.34304362535476685
4390624768.0,-0.34616389870643616
4391562752.0,-0.34752851724624634
4392500224.0,-0.34620401263237
4393437696.0,-0.34334006905555725
4394375168.0,-0.3382260501384735
4395312640.0,-0.3317963778972626
4396250112.0,-0.32443034648895264
4397187584.0,-0.31462082266807556
4398125056.0,-0.3051021099090576
4399062528.0,-0.29147952795028687
4400000000.0,-0.2786383032798767
4400937472.0,-0.26374077796936035
4401874944.0,-0.24867598712444305
4402812416.0,-0.23225873708724976
4403749888.0,-0.21566322445869446
4404687360.0,-0.19716021418571472
4405624832.0,-0.17961184680461884
4406562304.0,-0.16244377195835114
4407499776.0,-0.14509974420070648
4408437248.0,-0.1280231773853302
4409375232.0,-0.11099959909915924
4410312704.0,-0.09497421979904175
4411250176.0,-0.08071918785572052
4412187648.0,-0.06675374507904053
4413125120.0,-0.05599135160446167
4414062592.0,-0.04415477067232132
4415000064.0,-0.03655407205224037
4415937536.0,-0.030512185767292976
4416875008.0,-0.026833465322852135
4417812480.0,-0.024442559108138084
4418749952.0,-0.025888727977871895
4419687424.0,-0.029067156836390495
4420624896.0,-0.03548170253634453
4421562368.0,-0.04419148713350296
4422499840.0,-0.05306236818432808
4423437312.0,-0.065463125705719
4424374784.0,-0.07887681573629379
4425312256.0,-0.09439413249492645
4426250240.0,-0.11146880686283112
4427187712.0,-0.1305023580789566
4428125184.0,-0.15070615708827972
4429062656.0,-0.17095939815044403
4430000128.0,-0.19291214644908905
4430937600.0,-0.2172410786151886
4431875072.0,-0.239959254860878
4432812544.0,-0.2647739350795746
4433750016.0,-0.28842297196388245
4434687488.0,-0.3121396005153656
4435624960.0,-0.33527207374572754
4436562432.0,-0.3586176931858063
4437499904.0,-0.3803127706050873
4438437376.0,-0.40043264627456665
4439374848.0,-0.4203711450099945
4440312320.0,-0.4381384253501892
4441249792.0,-0.4550741910934448
4442187264.0,-0.47074803709983826
4443125248.0,-0.4841165542602539
4444062720.0,-0.4953323304653168
4445000192.0,-0.5045843124389648
4445937664.0,-0.5116586089134216
4446875136.0,-0.5218976140022278
4447812608.0,-0.527435839176178
4448750080.0,-0.5324305891990662
4449687552.0,-0.5352357625961304
4450625024.0,-0.5367524027824402
4451562496.0,-0.5351636409759521
4452499968.0,-0.5328109264373779
4453437440.0,-0.5271939635276794
4454374912.0,-0.5202192664146423
4455312384.0,-0.5114184617996216
4456249856.0,-0.5014523267745972
4457187328.0,-0.48939406871795654
4458124800.0,-0.4767690598964691
4459062272.0,-0.4620751738548279
4460000256.0,-0.44681254029273987
4460937728.0,-0.43155375123023987
4461875200.0,-0.4142340123653412
4462812672.0,-0.39748185873031616
4463750144.0,-0.38067102432250977
4464687616.0,-0.3642480969429016
4465625088.0,-0.34895023703575134
4466562560.0,-0.3347572088241577
4467500032.0,-0.3210594952106476
4468437504.0,-0.30897292494773865
4469374976.0,-0.2969911992549896
4470312448.0,-0.28616854548454285
4471249920.0,-0.2759501338005066
4472187392.0,-0.26772427558898926
4473124864.0,-0.2614902853965759
4474062336.0,-0.25621503591537476
4474999808.0,-0.2534499764442444
4475937280.0,-0.2530931532382965
4476874752.0,-0.25400370359420776
4477812736.0,-0.2562548816204071
4478750208.0,-0.26062870025634766
4479687680.0,-0.2673102915287018
4480625152.0,-0.2757314443588257
4481562624.0,-0.2867696285247803
4482500096.0,-0.2998606860637665
4483437568.0,-0.3150032162666321
4484375040.0,-0.33304277062416077
4485312512.0,-0.3525972068309784
4486249984.0,-0.3753036856651306
4487187456.0,-0.39856573939323425
4488124928.0,-0.4233272969722748
4489062400.0,-0.4502962529659271
4489999872.0,-0.478349894285202
4490937344.0,-0.5073502063751221
4491874816.0,-0.5360603332519531
4492812288.0,-0.5660948157310486
4493749760.0,-0.5964818596839905
4494687744.0,-0.627766489982605
4495625216.0,-0.6596804857254028
4496562688.0,-0.6917641162872314
4497500160.0,-0.7218289375305176
4498437632.0,-0.753023624420166
4499375104.0,-0.7817847728729248
4500312576.0,-0.8103752136230469
4501250048.0,-0.8369207382202148
4502187520.0,-0.8614288568496704
4503124992.0,-0.8849114179611206
4504062464.0,-0.9060940742492676
4504999936.0,-0.9254279136657715
4505937408.0,-0.942912757396698
4506874880.0,-0.9061371088027954
4507812352.0,-0.9204280972480774
4508749824.0,-0.9317727088928223
4509687296.0,-0.9387189149856567
4510624768.0,-0.9436565041542053
4511562752.0,-0.9462896585464478
4512500224.0,-0.946617841720581
4513437696.0,-0.9430244565010071
4514375168.0,-0.936244785785675
4515312640.0,-0.9281869530677795
4516250112.0,-0.918096125125885
4517187584.0,-0.9059262275695801
4518125056.0,-0.8928607106208801
4519062528.0,-0.8788594007492065
4520000000.0,-0.8641011118888855
4520937472.0,-0.8495662808418274
4521874944.0,-0.834815502166748
4522812416.0,-0.8208569884300232
4523749888.0,-0.8069964051246643
4524687360.0,-0.7941648960113525
4525624832.0,-0.7829075455665588
4526562304.0,-0.7722487449645996
4527499776.0,-0.7623952627182007
4528437248.0,-0.7542569041252136
4529375232.0,-0.74834144115448
4530312704.0,-0.7441324591636658
4531250176.0,-0.7429941892623901
4532187648.0,-0.7439467310905457
4533125120.0,-0.7484520077705383
4534062592.0,-0.756191074848175
4535000064.0,-0.7659188508987427
4535937536.0,-0.7786857485771179
4536875008.0,-0.7949690818786621
4537812480.0,-0.8160799741744995
4538749952.0,-0.8403049111366272
4539687424.0,-0.8687976598739624
4540624896.0,-0.9021573066711426
4541562368.0,-0.9363851547241211
4542499840.0,-0.9766649007797241
4543437312.0,-1.0171927213668823
4544374784.0,-1.0628036260604858
4545312256.0,-1.1100999116897583
4546250240.0,-1.160367488861084
4547187712.0,-1.2125232219696045
4548125184.0,-1.2666881084442139
4549062656.0,-1.3254287242889404
4550000128.0,-1.3864036798477173
4550937600.0,-1.4505819082260132
4551875072.0,-1.5161638259887695
4552812544.0,-1.5830007791519165
4553750016.0,-1.6507188081741333
4554687488.0,-1.71998929977417
4555624960.0,-1.7884607315063477
4556562432.0,-1.8588541746139526
4557499904.0,-1.927274227142334
4558437376.0,-1.9948296546936035
4559374848.0,-2.062225818634033
4560312320.0,-2.129366159439087
4561249792.0,-2.1979806423187256
4562187264.0,-2.2634832859039307
4563125248.0,-2.3286962509155273
4564062720.0,-2.389526128768921
4565000192.0,-2.449647903442383
4565937664.0,-2.5086119174957275
4566875136.0,-2.374927282333374
4567812608.0,-2.406235933303833
4568750080.0,-2.438944101333618
4569687552.0,-2.4712023735046387
4570625024.0,-2.50341534614563
4571562496.0,-2.536114454269409
4572499968.0,-2.5659730434417725
4573437440.0,-2.593559741973877
4574374912.0,-2.619084358215332
4575312384.0,-2.6432840824127197
4576249856.0,-2.6687588691711426
4577187328.0,-2.697145700454712
4578124800.0,-2.7268216609954834
4579062272.0,-2.761235237121582
4579999744.0,-2.797166585922241
4580937728.0,-2.834287643432617
4581875200.0,-2.873382329940796
4582812672.0,-2.912071704864502
4583750144.0,-2.9507944583892822
4584687616.0,-2.9899046421051025
4585625088.0,-3.0322070121765137
4586562560.0,-3.0770528316497803
4587500032.0,-3.120107889175415
4588437504.0,-3.1609883308410645
4589374976.0,-3.199506998062134
4590312448.0,-3.2381601333618164
4591249920.0,-3.2752134799957275
4592187392.0,-3.3162405490875244
4593124864.0,-3.3588356971740723
4594062336.0,-3.405924081802368
4594999808.0,-3.457066774368286
4595937280.0,-3.5114831924438477
4596874752.0,-3.5650453567504883
4597812736.0,-3.6180338859558105
4598750208.0,-3.668609619140625
4599687680.0,-3.7202553749084473
4600625152.0,-3.772613048553467
4601562624.0,-3.827319622039795
4602500096.0,-3.88138484954834
4603437568.0,-3.93298602104187
4604375040.0,-3.9818594455718994
4605312512.0,-4.030658721923828
4606249984.0,-4.079338073730469
4607187456.0,-4.126460075378418
4608124928.0,-4.175213813781738
4609062400.0,-4.2242350578308105
4609999872.0,-4.2691426277160645
4610937344.0,-4.309011459350586
4611874816.0,-4.341724395751953
4612812288.0,-4.367297172546387
4613749760.0,-4.3880205154418945
4614687744.0,-4.407267093658447
4615625216.0,-4.4257121086120605
4616562688.0,-4.439706802368164
4617500160.0,-4.45214319229126
4618437632.0,-4.460662364959717
4619375104.0,-4.465989589691162
4620312576.0,-4.469541549682617
4621250048.0,-4.47480583190918
4622187520.0,-4.477820873260498
4623124992.0,-4.480761528015137
4624062464.0,-4.482990741729736
4624999936.0,-4.480726718902588
4625937408.0,-4.474821090698242
4626874880.0,-4.6388020515441895
4627812352.0,-4.605227470397949
4628749824.0,-4.560420036315918
4629687296.0,-4.50860071182251
4630624768.0,-4.4478373527526855
4631562752.0,-4.37876558303833
4632500224.0,-4.30100679397583
4633437696.0,-4.220251083374023
4634375168.0,-4.133527755737305
4635312640.0,-4.04388427734375
4636250112.0,-3.951443910598755
4637187584.0,-3.8540525436401367
4638125056.0,-3.75549578666687
4639062528.0,-3.6529064178466797
4640000000.0,-3.546025514602661
4640937472.0,-3.4356184005737305
4641874944.0,-3.3228933811187744
4642812416.0,-3.2069294452667236
4643749888.0,-3.091341018676758
4644687360.0,-2.9756081104278564
4645624832.0,-2.8615801334381104
4646562304.0,-2.748516798019409
4647499776.0,-2.6367292404174805
4648437248.0,-2.528599500656128
4649375232.0,-2.4247162342071533
4650312704.0,-2.3265984058380127
4651250176.0,-2.231734275817871
4652187648.0,-2.142442464828491
4653125120.0,-2.0567758083343506
4654062592.0,-1.9733169078826904
4655000064.0,-1.8961431980133057
4655937536.0,-1.8224823474884033
4656875008.0,-1.754124641418457
4657812480.0,-1.6917188167572021
4658749952.0,-1.6357505321502686
4659687424.0,-1.5859826803207397
4660624896.0,-1.5405594110488892
4661562368.0,-1.5007901191711426
4662499840.0,-1.4662373065948486
4663437312.0,-1.4362236261367798
4664374784.0,-1.4096086025238037
4665312256.0,-1.3844025135040283
4666250240.0,-1.3624954223632812
4667187712.0,-1.3423233032226562
4668125184.0,-1.3248738050460815
4669062656.0,-1.311413288116455
4670000128.0,-1.2985986471176147
4670937600.0,-1.287659764289856
4671875072.0,-1.278921365737915
4672812544.0,-1.2718573808670044
4673750016.0,-1.2647961378097534
4674687488.0,-1.2602487802505493
4675624960.0,-1.2529908418655396
4676562432.0,-1.245694875717163
4677499904.0,-1.2369641065597534
4678437376.0,-1.2279016971588135
4679374848.0,-1.2164701223373413
4680312320.0,-1.2023640871047974
4681249792.0,-1.1875678300857544
4682187264.0,-1.1714600324630737
4683125248.0,-1.154117465019226
4684062720.0,-1.1337368488311768
4685000192.0,-1.1114625930786133
4685937664.0,-1.0895538330078125
4686875136.0,-1.088662028312683
4687812608.0,-1.0631564855575562
4688750080.0,-1.0371031761169434
4689687552.0,-1.0099155902862549
4690625024.0,-0.9817695617675781
4691562496.0,-0.9531110525131226
4692499968.0,-0.9220102429389954
4693437440.0,-0.8908073902130127
4694374912.0,-0.8587777614593506
4695312384.0,-0.825764536857605
4696249856.0,-0.7913031578063965
4697187328.0,-0.7576993703842163
4698124800.0,-0.7241219282150269
4699062272.0,-0.6909676194190979
4700000256.0,-0.6571073532104492
4700937728.0,-0.6242303848266602
4701875200.0,-0.592472493648529
4702812672.0,-0.5607551336288452
4703750144.0,-0.5304701924324036
4704687616.0,-0.5013605356216431
4705625088.0,-0.47457438707351685
4706562560.0,-0.44872990250587463
4707500032.0,-0.4236481785774231
4708437504.0,-0.4001861810684204
4709374976.0,-0.37771686911582947
4710312448.0,-0.35784420371055603
4711249920.0,-0.3392568826675415
4712187392.0,-0.3224061131477356
4713124864.0,-0.30684414505958557
4714062336.0,-0.2925821542739868
4714999808.0,-0.2800931930541992
4715937280.0,-0.2700485587120056
4716874752.0,-0.26153573393821716
4717812736.0,-0.25681591033935547
4718750208.0,-0.2529120445251465
4719687680.0,-0.25165316462516785
4720625152.0,-0.2513027489185333
4721562624.0,-0.25324538350105286
4722500096.0,-0.25798436999320984
4723437568.0,-0.2642821669578552
4724375040.0,-0.27222496271133423
4725312512.0,-0.2798384428024292
4726249984.0,-0.2905431091785431
4727187456.0,-0.3017754554748535
4728124928.0,-0.3156408667564392
4729062400.0,-0.32977938652038574
4729999872.0,-0.34471559524536133
4730937344.0,-0.36089450120925903
4731874816.0,-0.3780205547809601
4732812288.0,-0.3948739171028137
4733749760.0,-0.4120247960090637
4734687744.0,-0.42965754866600037
4735625216.0,-0.4469035267829895
4736562688.0,-0.4647323787212372
4737500160.0,-0.48232486844062805
4738437632.0,-0.4988466203212738
4739375104.0,-0.5157612562179565
4740312576.0,-0.5315421223640442
4741250048.0,-0.5451698899269104
4742187520.0,-0.5582772493362427
4743124992.0,-0.570566713809967
4744062464.0,-0.5815703868865967
4744999936.0,-0.5902084112167358
4745937408.0,-0.597723126411438
4746874880.0,-0.41345587372779846
4747812352.0,-0.41232818365097046
4748749824.0,-0.40978068113327026
4749687296.0,-0.408651739358902
4750624768.0,-0.4052594304084778
4751562752.0,-0.40296775102615356
4752500224.0,-0.4002831280231476
4753437696.0,-0.39869406819343567
4754375168.0,-0.3948955833911896
4755312640.0,-0.3901168704032898
4756250112.0,-0.38472115993499756
4757187584.0,-0.37981072068214417
4758125056.0,-0.3736134469509125
4759062528.0,-0.3660108745098114
4760000000.0,-0.35803279280662537
4760937472.0,-0.3510790169239044
4761874944.0,-0.34304338693618774
4762812416.0,-0.3335074782371521
4763749888.0,-0.3246581554412842
4764687360.0,-0.31390902400016785
4765624832.0,-0.3036830425262451
4766562304.0,-0.29210156202316284
4767499776.0,-0.2820442020893097
4768437248.0,-0.2712476849555969
4769375232.0,-0.25952526926994324
4770312704.0,-0.24644197523593903
4771250176.0,-0.2330096811056137
4772187648.0,-0.21834519505500793
4773125120.0,-0.20207329094409943
4774062592.0,-0.1862010955810547
4775000064.0,-0.17029836773872375
4775937536.0,-0.15201212465763092
4776875008.0,-0.13335096836090088
4777812480.0,-0.11496590077877045
4778749952.0,-0.0951828733086586
4779687424.0,-0.07629235088825226
4780624896.0,-0.05631266161799431
4781562368.0,-0.03660349175333977
4782499840.0,-0.016552919521927834
4783437312.0,0.0024728577118366957
4784374784.0,0.023230383172631264
4785312256.0,0.042219094932079315
4786250240.0,0.06130877137184143
4787187712.0,0.07940077036619186
4788125184.0,0.09632671624422073
4789062656.0,0.1128416657447815
4790000128.0,0.12692362070083618
4790937600.0,0.14069589972496033
4791875072.0,0.15284359455108643
4792812544.0,0.16248151659965515
4793750016.0,0.1707935929298401
4794687488.0,0.17612691223621368
4795624960.0,0.17983639240264893
4796562432.0,0.18093891441822052
4797499904.0,0.17995303869247437
4798437376.0,0.1757643222808838
4799374848.0,0.16991457343101501
4800312320.0,0.16100512444972992
4801249792.0,0.1506337821483612
4802187264.0,0.13629399240016937
4803125248.0,0.12033158540725708
4804062720.0,0.10276230424642563
4805000192.0,0.08319564163684845
4805937664.0,0.06115172058343887
4806875136.0,-0.21057604253292084
4807812608.0,-0.2151213437318802
4808750080.0,-0.21946975588798523
4809687552.0,-0.22395221889019012
4810625024.0,-0.22890561819076538
4811562496.0,-0.2331196665763855
4812499968.0,-0.2356204092502594
4813437440.0,-0.23884987831115723
4814374912.0,-0.24172690510749817
4815312384.0,-0.2437734454870224
4816249856.0,-0.24515342712402344
4817187328.0,-0.2461121678352356
4818124800.0,-0.2456398904323578
4819062272.0,-0.2438952922821045
4819999744.0,-0.242597758769989
4820937728.0,-0.2407752424478531
4821875200.0,-0.23691284656524658
4822812672.0,-0.23257023096084595
4823750144.0,-0.2278890460729599
4824687616.0,-0.22125664353370667
4825625088.0,-0.21514156460762024
4826562560.0,-0.20690253376960754
4827500032.0,-0.19826240837574005
4828437504.0,-0.1901700496673584
4829374976.0,-0.17989490926265717
4830312448.0,-0.1699550896883011
4831249920.0,-0.1596413105726242
4832187392.0,-0.14984829723834991
4833124864.0,-0.13786807656288147
4834062336.0,-0.12699472904205322
4834999808.0,-0.11743380129337311
4835937280.0,-0.1069406196475029
4836874752.0,-0.09704839438199997
4837812736.0,-0.08955591171979904
4838750208.0,-0.0809648409485817
4839687680.0,-0.07355746626853943
4840625152.0,-0.06807916611433029
4841562624.0,-0.06392637640237808
4842500096.0,-0.059777263551950455
4843437568.0,-0.059495195746421814
4844375040.0,-0.058986958116292953
4845312512.0,-0.061033785343170166
4846249984.0,-0.06512553244829178
4847187456.0,-0.06978794187307358
4848124928.0,-0.0763852447271347
4849062400.0,-0.08316691219806671
4849999872.0,-0.09295397996902466
4850937344.0,-0.10286251455545425
4851874816.0,-0.11418815702199936
4852812288.0,-0.12706518173217773
4853749760.0,-0.14193901419639587
4854687744.0,-0.1554335057735443
4855625216.0,-0.1707787662744522
4856562688.0,-0.1855877935886383
4857500160.0,-0.20081225037574768
4858437632.0,-0.21671158075332642
4859375104.0,-0.23215369880199432
4860312576.0,-0.24635249376296997
4861250048.0,-0.25937753915786743
4862187520.0,-0.27253618836402893
4863124992.0,-0.28395041823387146
4864062464.0,-0.29456955194473267
4864999936.0,-0.3030205965042114
4865937408.0,-0.31124135851860046
4866874880.0,-0.294271320104599
4867812352.0,-0.30147361755371094
4868749824.0,-0.3082052767276764
4869687296.0,-0.3123156726360321
4870624768.0,-0.31706276535987854
4871562752.0,-0.31978556513786316
4872500224.0,-0.32257094979286194
4873437696.0,-0.3241284191608429
4874375168.0,-0.32373952865600586
4875312640.0,-0.3230660855770111
4876250112.0,-0.320383757352829
4877187584.0,-0.31646987795829773
4878125056.0,-0.3111836612224579
4879062528.0,-0.307006299495697
4880000000.0,-0.30003121495246887
4880937472.0,-0.29251348972320557
4881874944.0,-0.2849586308002472
4882812416.0,-0.2754726707935333
4883749888.0,-0.2662714719772339
4884687360.0,-0.2550765872001648
4885624832.0,-0.24302877485752106
4886562304.0,-0.2316054403781891
4887499776.0,-0.21840405464172363
4888437248.0,-0.20655758678913116
4889375232.0,-0.1920655369758606
4890312704.0,-0.1781100481748581
4891250176.0,-0.16332808136940002
4892187648.0,-0.14890410006046295
4893125120.0,-0.13491491973400116
4894062592.0,-0.120883047580719
4895000064.0,-0.10632167756557465
4895937536.0,-0.0919533222913742
4896875008.0,-0.0782247930765152
4897812480.0,-0.0651729479432106
4898749952.0,-0.051681503653526306
4899687424.0,-0.040082432329654694
4900624896.0,-0.02915346994996071
4901562368.0,-0.018461765721440315
4902499840.0,-0.007728921715170145
4903437312.0,0.0005836573545821011
4904374784.0,0.006937635596841574
4905312256.0,0.014274916611611843
4906250240.0,0.020577676594257355
4907187712.0,0.02279108390212059
4908125184.0,0.02506725862622261
4909062656.0,0.026735790073871613
4910000128.0,0.02561355009675026
4910937600.0,0.02323463000357151
4911875072.0,0.02171056531369686
4912812544.0,0.01711730659008026
4913750016.0,0.012021133676171303
4914687488.0,0.004835609812289476
4915624960.0,-0.00244774017482996
4916562432.0,-0.011430987156927586
4917499904.0,-0.020370004698634148
4918437376.0,-0.030545679852366447
4919374848.0,-0.04179510101675987
4920312320.0,-0.052625514566898346
4921249792.0,-0.06442655622959137
4922187264.0,-0.07703256607055664
4923125248.0,-0.08948884159326553
4924062720.0,-0.10195193439722061
4925000192.0,-0.11493387073278427
4925937664.0,-0.17279775440692902
4926875136.0,-0.17439542710781097
4927812608.0,-0.17493286728858948
4928750080.0,-0.17521344125270844
4929687552.0,-0.17628952860832214
4930625024.0,-0.17648132145404816
4931562496.0,-0.17586468160152435
4932499968.0,-0.17585523426532745
4933437440.0,-0.17642852663993835
4934374912.0,-0.17471827566623688
4935312384.0,-0.174398735165596
4936249856.0,-0.17123180627822876
4937187328.0,-0.16868610680103302
4938124800.0,-0.16509898006916046
4939062272.0,-0.16114602982997894
4940000256.0,-0.15586747229099274
4940937728.0,-0.15031030774116516
4941875200.0,-0.144367516040802
4942812672.0,-0.13746044039726257
4943750144.0,-0.13020473718643188
4944687616.0,-0.12215378135442734
4945625088.0,-0.11340726166963577
4946562560.0,-0.10408228635787964
4947500032.0,-0.09449917823076248
4948437504.0,-0.08444182574748993
4949374976.0,-0.07419351488351822
4950312448.0,-0.06380806118249893
4951249920.0,-0.05295026674866676
4952187392.0,-0.04251508414745331
4953124864.0,-0.031246421858668327
4954062336.0,-0.021237973123788834
4954999808.0,-0.011794333346188068
4955937280.0,-0.0017790704732760787
4956874752.0,0.007001591380685568
4957812736.0,0.015404838137328625
4958750208.0,0.024686429649591446
4959687680.0,0.03211813420057297
4960625152.0,0.03797637298703194
4961562624.0,0.04397644102573395
4962500096.0,0.049109287559986115
4963437568.0,0.053206995129585266
4964375040.0,0.05487582087516785
4965312512.0,0.0558682344853878
4966249984.0,0.05642930790781975
4967187456.0,0.05619869753718376
4968124928.0,0.05389334633946419
4969062400.0,0.05188267305493355
4969999872.0,0.047720860689878464
4970937344.0,0.04344325512647629
4971874816.0,0.03750242292881012
4972812288.0,0.030832165852189064
4973749760.0,0.02373489923775196
4974687744.0,0.01690525934100151
4975625216.0,0.008039688691496849
4976562688.0,-0.0008324361988343298
4977500160.0,-0.009867727756500244
4978437632.0,-0.019139086827635765
4979375104.0,-0.028967780992388725
4980312576.0,-0.03787307068705559
4981250048.0,-0.047181662172079086
4982187520.0,-0.057057470083236694
4983124992.0,-0.06584139168262482
4984062464.0,-0.07341321557760239
4984999936.0,-0.08218473196029663
4985937408.0,-0.12431970983743668
4986874880.0,-0.13364607095718384
4987812352.0,-0.14271602034568787
4988749824.0,-0.15063486993312836
4989687296.0,-0.15718019008636475
4990624768.0,-0.1619972288608551
4991562752.0,-0.1657891571521759
4992500224.0,-0.16835469007492065
4993437696.0,-0.16906262934207916
4994375168.0,-0.16980896890163422
4995312640.0,-0.16919828951358795
4996250112.0,-0.16677817702293396
4997187584.0,-0.1637028157711029
4998125056.0,-0.1602264940738678
4999062528.0,-0.15511152148246765
5000000000.0,-0.1488613337278366
5000937472.0,-0.1422400176525116
5001874944.0,-0.13347789645195007
5002812416.0,-0.12536948919296265
5003749888.0,-0.11671707034111023
5004687360.0,-0.10590619593858719
5005624832.0,-0.09586682170629501
5006562304.0,-0.08549264073371887
5007499776.0,-0.07422700524330139
5008437248.0,-0.0640520378947258
5009375232.0,-0.05281996354460716
5010312704.0,-0.042321689426898956
5011250176.0,-0.031777285039424896
5012187648.0,-0.02147649973630905
5013125120.0,-0.010936751961708069
5014062592.0,-0.001771929208189249
5015000064.0,0.007785793859511614
5015937536.0,0.016506871208548546
5016875008.0,0.024890771135687828
5017812480.0,0.031918562948703766
5018749952.0,0.03714175149798393
5019687424.0,0.043464675545692444
5020624896.0,0.048212699592113495
5021562368.0,0.05239889398217201
5022499840.0,0.05512465536594391
5023437312.0,0.05755246803164482
5024374784.0,0.05912809818983078
5025312256.0,0.05903497710824013
5026250240.0,0.05876863747835159
5027187712.0,0.05781933665275574
5028125184.0,0.05514883995056152
5029062656.0,0.05291189253330231
5030000128.0,0.04952063411474228
5030937600.0,0.04662473499774933
5031875072.0,0.041313908994197845
5032812544.0,0.036414191126823425
5033750016.0,0.030619751662015915
5034687488.0,0.023714704439044
5035624960.0,0.017699381336569786
5036562432.0,0.010428190231323242
5037499904.0,0.0027344333939254284
5038437376.0,-0.004466264508664608
5039374848.0,-0.011739138513803482
5040312320.0,-0.018748700618743896
5041249792.0,-0.02682817168533802
5042187264.0,-0.034071750938892365
5043125248.0,-0.042096346616744995
5044062720.0,-0.050068266689777374
5045000192.0,-0.05736348778009415
5045937664.0,-0.07470731437206268
5046875136.0,-0.08350761979818344
5047812608.0,-0.09161779284477234
5048750080.0,-0.09937258064746857
5049687552.0,-0.10528441518545151
5050625024.0,-0.11292994022369385
5051562496.0,-0.11960536986589432
5052499968.0,-0.12446708232164383
5053437440.0,-0.1295485496520996
5054374912.0,-0.13402004539966583
5055312384.0,-0.13766680657863617
5056249856.0,-0.14049507677555084
5057187328.0,-0.1427064836025238
5058124800.0,-0.1445803940296173
5059062272.0,-0.1469772756099701
5059999744.0,-0.14601729810237885
5060937728.0,-0.1453089863061905
5061875200.0,-0.14433065056800842
5062812672.0,-0.1425088346004486
5063750144.0,-0.14155855774879456
5064687616.0,-0.13717880845069885
5065625088.0,-0.1343652606010437
5066562560.0,-0.13025979697704315
5067500032.0,-0.12539182603359222
5068437504.0,-0.1207720935344696
5069374976.0,-0.11547058820724487
5070312448.0,-0.10909172892570496
5071249920.0,-0.10325408726930618
5072187392.0,-0.09721297025680542
5073124864.0,-0.09170019626617432
5074062336.0,-0.08494970947504044
5074999808.0,-0.07916450500488281
5075937280.0,-0.07314653694629669
5076874752.0,-0.06721271574497223
5077812736.0,-0.059679098427295685
5078750208.0,-0.05353550985455513
5079687680.0,-0.048542365431785583
5080625152.0,-0.042815081775188446
5081562624.0,-0.03723638132214546
5082500096.0,-0.03297634795308113
5083437568.0,-0.02913658134639263
5084375040.0,-0.0254682544618845
5085312512.0,-0.022307872772216797
5086249984.0,-0.01993437670171261
5087187456.0,-0.01833801530301571
5088124928.0,-0.016613423824310303
5089062400.0,-0.015320266596972942
5089999872.0,-0.014926432631909847
5090937344.0,-0.014854061417281628
5091874816.0,-0.01422271877527237
5092812288.0,-0.014390244148671627
5093749760.0,-0.015376337803900242
5094687744.0,-0.01722678169608116
5095625216.0,-0.019303884357213974
5096562688.0,-0.02171054109930992
5097500160.0,-0.024553490802645683
5098437632.0,-0.02733438089489937
5099375104.0,-0.031101278960704803
5100312576.0,-0.03559285029768944
5101250048.0,-0.038629233837127686
5102187520.0,-0.04249278083443642
5103124992.0,-0.047259096056222916
5104062464.0,-0.05155433714389801
5104999936.0,-0.05622043460607529
5105937408.0,-0.12996870279312134
5106874880.0,-0.1359923630952835
5107812352.0,-0.1401999443769455
5108749824.0,-0.1432923674583435
5109687296.0,-0.14654208719730377
5110624768.0,-0.14837445318698883
5111562752.0,-0.1482418030500412
5112500224.0,-0.14824238419532776
5113437696.0,-0.14869113266468048
5114375168.0,-0.14739248156547546
5115312640.0,-0.14491848647594452
5116250112.0,-0.14315904676914215
5117187584.0,-0.1401003748178482
5118125056.0,-0.13711489737033844
5119062528.0,-0.13310424983501434
5120000000.0,-0.12749184668064117
5120937472.0,-0.12252050638198853
5121874944.0,-0.11795439571142197
5122812416.0,-0.1131267100572586
5123749888.0,-0.10595281422138214
5124687360.0,-0.10154975950717926
5125624832.0,-0.09543594717979431
5126562304.0,-0.0901981070637703
5127499776.0,-0.08331569284200668
5128437248.0,-0.07868202775716782
5129375232.0,-0.07216896861791611
5130312704.0,-0.06635936349630356
5131250176.0,-0.06006448715925217
5132187648.0,-0.05488825589418411
5133125120.0,-0.049116820096969604
5134062592.0,-0.0447937436401844
5135000064.0,-0.0410182848572731
5135937536.0,-0.03723759204149246
5136875008.0,-0.03443131968379021
5137812480.0,-0.03190813586115837
5138749952.0,-0.03002202697098255
5139687424.0,-0.029870150610804558
5140624896.0,-0.02952708676457405
5141562368.0,-0.02951568365097046
5142499840.0,-0.029643140733242035
5143437312.0,-0.03195113316178322
5144374784.0,-0.033528100699186325
5145312256.0,-0.03540593013167381
5146250240.0,-0.03939169645309448
5147187712.0,-0.04225501790642738
5148125184.0,-0.046461738646030426
5149062656.0,-0.05126864090561867
5150000128.0,-0.05651481822133064
5150937600.0,-0.06184019148349762
5151875072.0,-0.06626689434051514
5152812544.0,-0.07258102297782898
5153750016.0,-0.07847367227077484
5154687488.0,-0.0866485983133316
5155624960.0,-0.09346436709165573
5156562432.0,-0.10053880512714386
5157499904.0,-0.10762897878885269
5158437376.0,-0.11626087874174118
5159374848.0,-0.1256108582019806
5160312320.0,-0.13332803547382355
5161249792.0,-0.1430189162492752
5162187264.0,-0.1510619819164276
5163125248.0,-0.1616143137216568
5164062720.0,-0.17128172516822815
5165000192.0,-0.18110135197639465
5165937664.0,-0.18126589059829712
5166875136.0,-0.1945149004459381
5167812608.0,-0.20494218170642853
5168750080.0,-0.2159646898508072
5169687552.0,-0.22518806159496307
5170625024.0,-0.23287075757980347
5171562496.0,-0.23890458047389984
5172499968.0,-0.24411050975322723
5173437440.0,-0.24686144292354584
5174374912.0,-0.2486068159341812
5175312384.0,-0.2485962063074112
5176249856.0,-0.24812786281108856
5177187328.0,-0.24628397822380066
5178124800.0,-0.24207836389541626
5179062272.0,-0.2373994141817093
5180000256.0,-0.23253990709781647
5180937728.0,-0.2255106419324875
5181875200.0,-0.21677207946777344
5182812672.0,-0.20722536742687225
5183750144.0,-0.19742131233215332
5184687616.0,-0.18646085262298584
5185625088.0,-0.1747097671031952
5186562560.0,-0.16350071132183075
5187500032.0,-0.15035638213157654
5188437504.0,-0.13769441843032837
5189374976.0,-0.12353023141622543
5190312448.0,-0.11046962440013885
5191249920.0,-0.09749376028776169
5192187392.0,-0.08372732251882553
5193124864.0,-0.07116018980741501
5194062336.0,-0.05813314765691757
5194999808.0,-0.045381098985672
5195937280.0,-0.033604707568883896
5196874752.0,-0.022173874080181122
5197812736.0,-0.010406195186078548
5198750208.0,0.00015985769277904183
5199687680.0,0.009182165376842022
5200625152.0,0.017046546563506126
5201562624.0,0.023337991908192635
5202500096.0,0.02984113059937954
5203437568.0,0.03389240428805351
5204375040.0,0.03771233931183815
5205312512.0,0.04043097794055939
5206249984.0,0.040724948048591614
5207187456.0,0.040220361202955246
5208124928.0,0.03853169083595276
5209062400.0,0.036287739872932434
5209999872.0,0.03316962346434593
5210937344.0,0.02706323377788067
5211874816.0,0.020630137994885445
5212812288.0,0.012258205562829971
5213749760.0,0.003828636137768626
5214687744.0,-0.00719809764996171
5215625216.0,-0.01860714517533779
5216562688.0,-0.030980849638581276
5217500160.0,-0.04533206298947334
5218437632.0,-0.06128094717860222
5219375104.0,-0.07721542567014694
5220312576.0,-0.09399176388978958
5221250048.0,-0.11095330864191055
5222187520.0,-0.1287177950143814
5223124992.0,-0.14621365070343018
5224062464.0,-0.16319283843040466
5224999936.0,-0.17999957501888275
5225937408.0,-0.19046913087368011
5226874880.0,-0.20532011985778809
5227812352.0,-0.21996143460273743
5228749824.0,-0.2313510626554489
5229687296.0,-0.2449808418750763
5230624768.0,-0.25445181131362915
5231562752.0,-0.2634445130825043
5232500224.0,-0.2711358070373535
5233437696.0,-0.27680400013923645
5234375168.0,-0.28174757957458496
5235312640.0,-0.28358131647109985
5236250112.0,-0.2830515205860138
5237187584.0,-0.2815108895301819
5238125056.0,-0.2768257260322571
5239062528.0,-0.27104243636131287
5240000000.0,-0.263226717710495
5240937472.0,-0.2537732422351837
5241874944.0,-0.2439398169517517
5242812416.0,-0.23124131560325623
5243749888.0,-0.21866101026535034
5244687360.0,-0.20353662967681885
5245624832.0,-0.18923069536685944
5246562304.0,-0.17370811104774475
5247499776.0,-0.15584374964237213
5248437248.0,-0.13896773755550385
5249375232.0,-0.12186519801616669
5250312704.0,-0.10370659083127975
5251250176.0,-0.0855073556303978
5252187648.0,-0.0679946169257164
5253125120.0,-0.05074950307607651
5254062592.0,-0.03392886742949486
5255000064.0,-0.017864296212792397
5255937536.0,-0.0035709727089852095
5256875008.0,0.009792710654437542
5257812480.0,0.02129906229674816
5258749952.0,0.032435521483421326
5259687424.0,0.04188224673271179
5260624896.0,0.050390828400850296
5261562368.0,0.05670783668756485
5262499840.0,0.060619305819272995
5263437312.0,0.06507933884859085
5264374784.0,0.06679478287696838
5265312256.0,0.0675937607884407
5266250240.0,0.06634818762540817
5267187712.0,0.06448983401060104
5268125184.0,0.06032814830541611
5269062656.0,0.05472452566027641
5270000128.0,0.047445423901081085
5270937600.0,0.03924849256873131
5271875072.0,0.030543752014636993
5272812544.0,0.020783210173249245
5273750016.0,0.00919995829463005
5274687488.0,-0.0022750382777303457
5275624960.0,-0.013985170051455498
5276562432.0,-0.028009992092847824
5277499904.0,-0.041009675711393356
5278437376.0,-0.05507446080446243
5279374848.0,-0.06969799846410751
5280312320.0,-0.08484795689582825
5281249792.0,-0.1002860888838768
5282187264.0,-0.11589784175157547
5283125248.0,-0.13124732673168182
5284062720.0,-0.1464073210954666
5285000192.0,-0.16180595755577087
5285937664.0,-0.18835875391960144
5286875136.0,-0.2022303342819214
5287812608.0,-0.21689385175704956
5288750080.0,-0.23096789419651031
5289687552.0,-0.24459999799728394
5290625024.0,-0.2564794421195984
5291562496.0,-0.2692911922931671
5292499968.0,-0.28229156136512756
5293437440.0,-0.29407691955566406
5294374912.0,-0.30559954047203064
5295312384.0,-0.3151785433292389
5296249856.0,-0.32380029559135437
5297187328.0,-0.33047255873680115
5298124800.0,-0.33712127804756165
5299062272.0,-0.34111469984054565
5299999744.0,-0.34536388516426086
5300937728.0,-0.3478851318359375
5301875200.0,-0.3493030071258545
5302812672.0,-0.34893468022346497
5303750144.0,-0.34641632437705994
5304687616.0,-0.3435729444026947
5305625088.0,-0.3379516005516052
5306562560.0,-0.3331928849220276
5307500032.0,-0.32455313205718994
5308437504.0,-0.3161188066005707
5309374976.0,-0.30576092004776
5310312448.0,-0.29514214396476746
5311249920.0,-0.28157004714012146
5312187392.0,-0.2683474123477936
5313124864.0,-0.25359103083610535
5314062336.0,-0.23822131752967834
5314999808.0,-0.22330093383789062
5315937280.0,-0.20630206167697906
5316874752.0,-0.18841981887817383
5317812736.0,-0.17105048894882202
5318750208.0,-0.1527712047100067
5319687680.0,-0.1351575255393982
5320625152.0,-0.11739900708198547
5321562624.0,-0.09889961034059525
5322500096.0,-0.08254452049732208
5323437568.0,-0.06510104984045029
5324375040.0,-0.04803721606731415
5325312512.0,-0.03319302573800087
5326249984.0,-0.018119918182492256
5327187456.0,-0.0037071858532726765
5328124928.0,0.008993654511868954
5329062400.0,0.021108275279402733
5329999872.0,0.03202612325549126
5330937344.0,0.04229801893234253
5331874816.0,0.0523911714553833
5332812288.0,0.05658577382564545
5333749760.0,0.06014758720993996
5334687744.0,0.061278894543647766
5335625216.0,0.06009291857481003
5336562688.0,0.057231683284044266
5337500160.0,0.05282403528690338
5338437632.0,0.046340759843587875
5339375104.0,0.03590620309114456
5340312576.0,0.025163786485791206
5341250048.0,0.011687666177749634
5342187520.0,-0.003965126816183329
5343124992.0,-0.021432287991046906
5344062464.0,-0.04160614311695099
5344999936.0,-0.06273707002401352
5345937408.0,-0.34164467453956604
5346874880.0,-0.3566092848777771
5347812352.0,-0.3688802421092987
5348749824.0,-0.3818245232105255
5349687296.0,-0.3939695656299591
5350624768.0,-0.4044460952281952
5351562752.0,-0.41413843631744385
5352500224.0,-0.42183759808540344
5353437696.0,-0.42973676323890686
5354375168.0,-0.4369910955429077
5355312640.0,-0.44114184379577637
5356250112.0,-0.44464680552482605
5357187584.0,-0.44597455859184265
5358125056.0,-0.4456856846809387
5359062528.0,-0.44335904717445374
5360000000.0,-0.43970271944999695
5360937472.0,-0.43414226174354553
5361874944.0,-0.4272139072418213
5362812416.0,-0.41885867714881897
5363749888.0,-0.40838858485221863
5364687360.0,-0.3963782787322998
5365624832.0,-0.38280609250068665
5366562304.0,-0.36900487542152405
5367499776.0,-0.353150337934494
5368437248.0,-0.33705633878707886
5369375232.0,-0.31947681307792664
5370312704.0,-0.3019043803215027
5371250176.0,-0.2830063998699188
5372187648.0,-0.2635800540447235
5373125120.0,-0.24470824003219604
5374062592.0,-0.22486843168735504
5375000064.0,-0.20666025578975677
5375937536.0,-0.18816214799880981
5376875008.0,-0.1693703532218933
5377812480.0,-0.15183082222938538
5378749952.0,-0.1358722299337387
5379687424.0,-0.11911869794130325
5380624896.0,-0.10418202728033066
5381562368.0,-0.0902027040719986
5382499840.0,-0.07717572897672653
5383437312.0,-0.06431765854358673
5384374784.0,-0.05146387964487076
5385312256.0,-0.041823938488960266
5386250240.0,-0.03288370370864868
5387187712.0,-0.02712705172598362
5388125184.0,-0.022701987996697426
5389062656.0,-0.020820999518036842
5390000128.0,-0.020480431616306305
5390937600.0,-0.024572592228651047
5391875072.0,-0.029659830033779144
5392812544.0,-0.03736216574907303
5393750016.0,-0.046971142292022705
5394687488.0,-0.05831195414066315
5395624960.0,-0.07306161522865295
5396562432.0,-0.088102325797081
5397499904.0,-0.10607337206602097
5398437376.0,-0.12616311013698578
5399374848.0,-0.14634153246879578
5400312320.0,-0.16719184815883636
5401249792.0,-0.18848638236522675
5402187264.0,-0.21167586743831635
5403125248.0,-0.23406612873077393
5404062720.0,-0.2561317980289459
5405000192.0,-0.2787114381790161
5405937664.0,-0.3192790150642395
5406875136.0,-0.3347087502479553
5407812608.0,-0.34831923246383667
5408750080.0,-0.36022743582725525
5409687552.0,-0.37001386284828186
5410625024.0,-0.3783840239048004
5411562496.0,-0.3841295540332794
5412499968.0,-0.38717421889305115
5413437440.0,-0.3879474103450775
5414374912.0,-0.3870302736759186
5415312384.0,-0.3837136924266815
5416249856.0,-0.37660709023475647
5417187328.0,-0.3681185841560364
5418124800.0,-0.3558978736400604
5419062272.0,-0.3431723415851593
5420000256.0,-0.3280138671398163
5420937728.0,-0.31092050671577454
5421875200.0,-0.29222390055656433
5422812672.0,-0.27221164107322693
5423750144.0,-0.25195449590682983
5424687616.0,-0.2301887422800064
5425625088.0,-0.208017036318779
5426562560.0,-0.1850254237651825
5427500032.0,-0.1628502607345581
5428437504.0,-0.13996069133281708
5429374976.0,-0.11815011501312256
5430312448.0,-0.09726439416408539
5431249920.0,-0.07778079062700272
5432187392.0,-0.05893770605325699
5433124864.0,-0.04141499102115631
5434062336.0,-0.02662244439125061
5434999808.0,-0.013369947671890259
5435937280.0,-0.0012507718056440353
5436874752.0,0.008855723775923252
5437812736.0,0.015015877783298492
5438750208.0,0.020953219383955002
5439687680.0,0.02237996645271778
5440625152.0,0.021955324336886406
5441562624.0,0.017631003633141518
5442500096.0,0.012730104848742485
5443437568.0,0.003936955705285072
5444375040.0,-0.006425836589187384
5445312512.0,-0.018769612535834312
5446249984.0,-0.03414196893572807
5447187456.0,-0.05256851390004158
5448124928.0,-0.07230972498655319
5449062400.0,-0.09389971196651459
5449999872.0,-0.1169632226228714
5450937344.0,-0.14206558465957642
5451874816.0,-0.16803136467933655
5452812288.0,-0.19494791328907013
5453749760.0,-0.22258137166500092
5454687744.0,-0.25117218494415283
5455625216.0,-0.2805134356021881
5456562688.0,-0.3096688985824585
5457500160.0,-0.33829689025878906
5458437632.0,-0.3661200702190399
5459375104.0,-0.39120006561279297
5460312576.0,-0.41478055715560913
5461250048.0,-0.4376923441886902
5462187520.0,-0.45777127146720886
5463124992.0,-0.47870588302612305
5464062464.0,-0.4944153130054474
5464999936.0,-0.5114441514015198
5465937408.0,-0.43259456753730774
5466874880.0,-0.4472399652004242
5467812352.0,-0.4595182538032532
5468749824.0,-0.47080036997795105
5469687296.0,-0.47792890667915344
5470624768.0,-0.4833984673023224
5471562752.0,-0.48696082830429077
5472500224.0,-0.4872039258480072
5473437696.0,-0.485110342502594
5474375168.0,-0.48118406534194946
5475312640.0,-0.47372597455978394
5476250112.0,-0.4639512002468109
5477187584.0,-0.452057808637619
5478125056.0,-0.4392150044441223
5479062528.0,-0.4237504303455353
5480000000.0,-0.4064997136592865
5480937472.0,-0.38869616389274597
5481874944.0,-0.368064284324646
5482812416.0,-0.34685593843460083
5483749888.0,-0.3259684443473816
5484687360.0,-0.3048282563686371
5485624832.0,-0.28287217020988464
5486562304.0,-0.2624991536140442
5487499776.0,-0.24217349290847778
5488437248.0,-0.22358721494674683
5489375232.0,-0.20614859461784363
5490312704.0,-0.1898626834154129
5491250176.0,-0.17427530884742737
5492187648.0,-0.1615586131811142
5493125120.0,-0.15005524456501007
5494062592.0,-0.1411309540271759
5495000064.0,-0.13518193364143372
5495937536.0,-0.1325329840183258
5496875008.0,-0.13123178482055664
5497812480.0,-0.13342003524303436
5498749952.0,-0.13807930052280426
5499687424.0,-0.14531701803207397
5500624896.0,-0.15390779078006744
5501562368.0,-0.16468439996242523
5502499840.0,-0.17885132133960724
5503437312.0,-0.1946505606174469
5504374784.0,-0.2132910043001175
5505312256.0,-0.23402628302574158
5506250240.0,-0.2557017505168915
5507187712.0,-0.27934935688972473
5508125184.0,-0.30545487999916077
5509062656.0,-0.33316975831985474
5510000128.0,-0.36322250962257385
5510937600.0,-0.39614376425743103
5511875072.0,-0.4281294047832489
5512812544.0,-0.4617467522621155
5513750016.0,-0.4932953715324402
5514687488.0,-0.5238736867904663
5515624960.0,-0.5552118420600891
5516562432.0,-0.5857120752334595
5517499904.0,-0.6147695183753967
5518437376.0,-0.6447633504867554
5519374848.0,-0.6731112599372864
5520312320.0,-0.7011653184890747
5521249792.0,-0.7294844388961792
5522187264.0,-0.758139967918396
5523125248.0,-0.7851744294166565
5524062720.0,-0.8148570656776428
5525000192.0,-0.8426477313041687
5525937664.0,-0.705416202545166
5526875136.0,-0.7181048393249512
5527812608.0,-0.7323247790336609
5528750080.0,-0.7467553019523621
5529687552.0,-0.762766420841217
5530625024.0,-0.7796993851661682
5531562496.0,-0.7970521450042725
5532499968.0,-0.815621554851532
5533437440.0,-0.8354296088218689
5534374912.0,-0.8567834496498108
5535312384.0,-0.8794227838516235
5536249856.0,-0.9014588594436646
5537187328.0,-0.9254971742630005
5538124800.0,-0.9489578604698181
5539062272.0,-0.970422089099884
5539999744.0,-0.9908427596092224
5540937728.0,-1.0096124410629272
5541875200.0,-1.0269067287445068
5542812672.0,-1.0414493083953857
5543750144.0,-1.050020694732666
5544687616.0,-1.0560144186019897
5545625088.0,-1.056598424911499
5546562560.0,-1.0546008348464966
5547500032.0,-1.046301245689392
5548437504.0,-1.034738302230835
5549374976.0,-1.019364833831787
5550312448.0,-0.9994990229606628
5551249920.0,-0.9776455760002136
5552187392.0,-0.9519400000572205
5553124864.0,-0.9250547885894775
5554062336.0,-0.8964977860450745
5554999808.0,-0.8652481436729431
5555937280.0,-0.8367464542388916
5556874752.0,-0.8059945702552795
5557812736.0,-0.7758219838142395
5558750208.0,-0.7463811635971069
5559687680.0,-0.7184284329414368
5560625152.0,-0.6908850073814392
5561562624.0,-0.6668016314506531
5562500096.0,-0.6439301371574402
5563437568.0,-0.62382972240448
5564375040.0,-0.6057606935501099
5565312512.0,-0.5891495943069458
5566249984.0,-0.5753073692321777
5567187456.0,-0.5621938109397888
5568124928.0,-0.549311101436615
5569062400.0,-0.5372077822685242
5569999872.0,-0.5245805382728577
5570937344.0,-0.5133969187736511
5571874816.0,-0.5029400587081909
5572812288.0,-0.4920033812522888
5573749760.0,-0.4805492162704468
5574687744.0,-0.47102585434913635
5575625216.0,-0.4621283710002899
5576562688.0,-0.4548589885234833
5577500160.0,-0.44945117831230164
5578437632.0,-0.44561582803726196
5579375104.0,-0.4434039890766144
5580312576.0,-0.44211792945861816
5581250048.0,-0.44166672229766846
5582187520.0,-0.4419359564781189
5583124992.0,-0.44259798526763916
5584062464.0,-0.44374263286590576
5584999936.0,-0.44528335332870483
5585937408.0,-0.4198557138442993
5586874880.0,-0.4091488718986511
5587812352.0,-0.3970456123352051
5588749824.0,-0.38359832763671875
5589687296.0,-0.3685654401779175
5590624768.0,-0.35242584347724915
5591562752.0,-0.33469358086586
5592500224.0,-0.31690797209739685
5593437696.0,-0.29921257495880127
5594375168.0,-0.2795429825782776
5595312640.0,-0.2595197260379791
5596250112.0,-0.23916292190551758
5597187584.0,-0.21878819167613983
5598125056.0,-0.1989784687757492
5599062528.0,-0.17897436022758484
5600000000.0,-0.15977664291858673
5600937472.0,-0.14099672436714172
5601874944.0,-0.12359444051980972
5602812416.0,-0.10822883248329163
5603749888.0,-0.09418101608753204
5604687360.0,-0.08094554394483566
5605624832.0,-0.06893186271190643
5606562304.0,-0.05940312147140503
5607499776.0,-0.051079850643873215
5608437248.0,-0.045994848012924194
5609375232.0,-0.040173061192035675
5610312704.0,-0.03699680417776108
5611250176.0,-0.03575994819402695
5612187648.0,-0.03558924421668053
5613125120.0,-0.03840522840619087
5614062592.0,-0.04095253348350525
5615000064.0,-0.046581413596868515
5615937536.0,-0.054048340767621994
5616875008.0,-0.06253969669342041
5617812480.0,-0.07171791791915894
5618749952.0,-0.08285647630691528
5619687424.0,-0.09496770054101944
5620624896.0,-0.10680495947599411
5621562368.0,-0.12027338892221451
5622499840.0,-0.1332121640443802
5623437312.0,-0.14741839468479156
5624374784.0,-0.16108514368534088
5625312256.0,-0.17438815534114838
5626250240.0,-0.1891903579235077
5627187712.0,-0.20037111639976501
5628125184.0,-0.2128191441297531
5629062656.0,-0.22356970608234406
5630000128.0,-0.2339734584093094
5630937600.0,-0.24285246431827545
5631875072.0,-0.2514076828956604
5632812544.0,-0.25790444016456604
5633750016.0,-0.26239073276519775
5634687488.0,-0.2647895812988281
5635624960.0,-0.26764050126075745
5636562432.0,-0.26682382822036743
5637499904.0,-0.26557648181915283
5638437376.0,-0.26244041323661804
5639374848.0,-0.25656333565711975
5640312320.0,-0.2505394518375397
5641249792.0,-0.24162288010120392
5642187264.0,-0.232118159532547
5643125248.0,-0.22229686379432678
5644062720.0,-0.21006335318088531
5645000192.0,-0.19741563498973846
5645937664.0,-0.17067159712314606
5646875136.0,-0.17472794651985168
5647812608.0,-0.17677825689315796
5648750080.0,-0.17835737764835358
5649687552.0,-0.1781606525182724
5650625024.0,-0.1769455373287201
5651562496.0,-0.17316995561122894
5652499968.0,-0.16928555071353912
5653437440.0,-0.163882315158844
5654374912.0,-0.15757440030574799
5655312384.0,-0.15164878964424133
5656249856.0,-0.14409351348876953
5657187328.0,-0.13647255301475525
5658124800.0,-0.1288992017507553
5659062272.0,-0.12038378417491913
5660000256.0,-0.11333118379116058
5660937728.0,-0.10623516887426376
5661875200.0,-0.09939152747392654
5662812672.0,-0.09374949336051941
5663750144.0,-0.08833973109722137
5664687616.0,-0.08566777408123016
5665625088.0,-0.08188290148973465
5666562560.0,-0.08024399727582932
5667500032.0,-0.07927582412958145
5668437504.0,-0.07928205281496048
5669374976.0,-0.08104994148015976
5670312448.0,-0.08283930271863937
5671249920.0,-0.08580678701400757
5672187392.0,-0.08930210024118423
5673124864.0,-0.0934443324804306
5674062336.0,-0.09866482764482498
5674999808.0,-0.1047152653336525
5675937280.0,-0.11125028133392334
5676874752.0,-0.11869654804468155
5677812736.0,-0.12546877562999725
5678750208.0,-0.13430768251419067
5679687680.0,-0.1412578672170639
5680625152.0,-0.1488674432039261
5681562624.0,-0.1583077311515808
5682500096.0,-0.16556808352470398
5683437568.0,-0.17236216366291046
5684375040.0,-0.1798289567232132
5685312512.0,-0.18536321818828583
5686249984.0,-0.19054777920246124
5687187456.0,-0.19476746022701263
5688124928.0,-0.19759567081928253
5689062400.0,-0.20234550535678864
5689999872.0,-0.20531390607357025
5690937344.0,-0.20749978721141815
5691874816.0,-0.2099386751651764
5692812288.0,-0.21298745274543762
5693749760.0,-0.2156454473733902
5694687744.0,-0.2177726924419403
5695625216.0,-0.22110183537006378
5696562688.0,-0.22550666332244873
5697500160.0,-0.22904355823993683
5698437632.0,-0.23409849405288696
5699375104.0,-0.23979131877422333
5700312576.0,-0.24526041746139526
5701250048.0,-0.2530626654624939
5702187520.0,-0.2625355124473572
5703124992.0,-0.2716813087463379
5704062464.0,-0.28359031677246094
5704999936.0,-0.2957973778247833
5705937408.0,-0.18852096796035767
5706874880.0,-0.20902583003044128
5707812352.0,-0.23139002919197083
5708749824.0,-0.2516922354698181
5709687296.0,-0.2726878523826599
5710624768.0,-0.29224857687950134
5711562752.0,-0.3108864426612854
5712500224.0,-0.32713595032691956
5713437696.0,-0.33924242854118347
5714375168.0,-0.3505353033542633
5715312640.0,-0.35659900307655334
5716250112.0,-0.35976216197013855
5717187584.0,-0.358349472284317
5718125056.0,-0.35261425375938416
5719062528.0,-0.341673344373703
5720000000.0,-0.32806310057640076
5720937472.0,-0.3088836371898651
5721874944.0,-0.28499916195869446
5722812416.0,-0.257474809885025
5723749888.0,-0.22713084518909454
5724687360.0,-0.19273966550827026
5725624832.0,-0.1555825024843216
5726562304.0,-0.11655445396900177
5727499776.0,-0.07684433460235596
5728437248.0,-0.036133065819740295
5729375232.0,0.0036392114125192165
5730312704.0,0.04322168976068497
5731250176.0,0.08018237352371216
5732187648.0,0.11572343856096268
5733125120.0,0.1470823884010315
5734062592.0,0.173725888133049
5735000064.0,0.1985078901052475
5735937536.0,0.21891319751739502
5736875008.0,0.2333229035139084
5737812480.0,0.2439873367547989
5738749952.0,0.251101553440094
5739687424.0,0.2528883218765259
5740624896.0,0.25010988116264343
5741562368.0,0.245125874876976
5742499840.0,0.2370923012495041
5743437312.0,0.22559605538845062
5744374784.0,0.21380241215229034
5745312256.0,0.20085981488227844
5746250240.0,0.1868818700313568
5747187712.0,0.1732063889503479
5748125184.0,0.1590719223022461
5749062656.0,0.1448010355234146
5750000128.0,0.13129281997680664
5750937600.0,0.1178569495677948
5751875072.0,0.10719910264015198
5752812544.0,0.09612444043159485
5753750016.0,0.08565957099199295
5754687488.0,0.07648488134145737
5755624960.0,0.06269484758377075
5756562432.0,0.04312237724661827
5757499904.0,0.020754558965563774
5758437376.0,-0.00496826134622097
5759374848.0,-0.0320383720099926
5760312320.0,-0.06183915212750435
5761249792.0,-0.09187483042478561
5762187264.0,-0.12263501435518265
5763125248.0,-0.1540648639202118
5764062720.0,-0.18418359756469727
5765000192.0,-0.21467676758766174
5765937664.0,-0.1455773264169693
5766875136.0,-0.15305230021476746
5767812608.0,-0.16163642704486847
5768750080.0,-0.17080993950366974
5769687552.0,-0.18089433014392853
5770625024.0,-0.19016262888908386
5771562496.0,-0.2005660980939865
5772499968.0,-0.21202710270881653
5773437440.0,-0.22190439701080322
5774374912.0,-0.23321926593780518
5775312384.0,-0.24423077702522278
5776249856.0,-0.25528964400291443
5777187328.0,-0.2659459114074707
5778124800.0,-0.2771374583244324
5779062272.0,-0.2890668213367462
5779999744.0,-0.3006035089492798
5780937728.0,-0.3128831684589386
5781875200.0,-0.3228181302547455
5782812672.0,-0.33541634678840637
5783750144.0,-0.34545740485191345
5784687616.0,-0.3566591441631317
5785625088.0,-0.365617573261261
5786562560.0,-0.375233918428421
5787500032.0,-0.38365691900253296
5788437504.0,-0.3915173411369324
5789374976.0,-0.3971102237701416
5790312448.0,-0.40224629640579224
5791249920.0,-0.40605610609054565
5792187392.0,-0.4092899262905121
5793124864.0,-0.41023018956184387
5794062336.0,-0.40978461503982544
5794999808.0,-0.40900498628616333
5795937280.0,-0.40573734045028687
5796874752.0,-0.4007514715194702
5797812736.0,-0.3955998718738556
5798750208.0,-0.38682112097740173
5799687680.0,-0.3781631588935852
5800625152.0,-0.36746731400489807
5801562624.0,-0.3539361357688904
5802500096.0,-0.33989405632019043
5803437568.0,-0.32425400614738464
5804375040.0,-0.3071707487106323
5805312512.0,-0.2890162169933319
5806249984.0,-0.2704516053199768
5807187456.0,-0.2513432800769806
5808124928.0,-0.23085197806358337
5809062400.0,-0.21202345192432404
5809999872.0,-0.19253915548324585
5810937344.0,-0.1728547215461731
5811874816.0,-0.1541144847869873
5812812288.0,-0.13483816385269165
5813749760.0,-0.11795233190059662
5814687744.0,-0.10119160264730453
5815625216.0,-0.08687862008810043
5816562688.0,-0.07250628620386124
5817500160.0,-0.061274200677871704
5818437632.0,-0.05079106613993645
5819375104.0,-0.04264466464519501
5820312576.0,-0.03525204211473465
5821250048.0,-0.0316908098757267
5822187520.0,-0.02881471998989582
5823124992.0,-0.0279645137488842
5824062464.0,-0.02898484095931053
5824999936.0,-0.030234018340706825
5825937408.0,-0.22514192759990692
5826874880.0,-0.22614282369613647
5827812352.0,-0.22913898527622223
5828749824.0,-0.22992372512817383
5829687296.0,-0.23241333663463593
5830624768.0,-0.23399131000041962
5831562752.0,-0.23518294095993042
5832500224.0,-0.23649050295352936
5833437696.0,-0.23827236890792847
5834375168.0,-0.23993663489818573
5835312640.0,-0.24180695414543152
5836250112.0,-0.24462559819221497
5837187584.0,-0.2473497837781906
5838125056.0,-0.24952332675457
5839062528.0,-0.2518729865550995
5840000000.0,-0.2563328444957733
5840937472.0,-0.26156163215637207
5841874944.0,-0.26645758748054504
5842812416.0,-0.27123546600341797
5843749888.0,-0.27686017751693726
5844687360.0,-0.2820766568183899
5845624832.0,-0.2881315052509308
5846562304.0,-0.2923659384250641
5847499776.0,-0.2962448298931122
5848437248.0,-0.30032047629356384
5849375232.0,-0.3049089014530182
5850312704.0,-0.30857253074645996
5851250176.0,-0.3108850419521332
5852187648.0,-0.3144022822380066
5853125120.0,-0.3161221444606781
5854062592.0,-0.3190273642539978
5855000064.0,-0.3210589289665222
5855937536.0,-0.3216111361980438
5856875008.0,-0.32274454832077026
5857812480.0,-0.32333752512931824
5858749952.0,-0.3230040669441223
5859687424.0,-0.32164478302001953
5860624896.0,-0.32066255807876587
5861562368.0,-0.31900811195373535
5862499840.0,-0.31597718596458435
5863437312.0,-0.3140571117401123
5864374784.0,-0.3104366660118103
5865312256.0,-0.3077285885810852
5866250240.0,-0.30467337369918823
5867187712.0,-0.3011983036994934
5868125184.0,-0.2995559871196747
5869062656.0,-0.2964038550853729
5870000128.0,-0.2947714924812317
5870937600.0,-0.29283663630485535
5871875072.0,-0.2928225100040436
5872812544.0,-0.2939029335975647
5873750016.0,-0.295298308134079
5874687488.0,-0.29788193106651306
5875624960.0,-0.29857543110847473
5876562432.0,-0.30293136835098267
5877499904.0,-0.3065634071826935
5878437376.0,-0.30943185091018677
5879374848.0,-0.3142673373222351
5880312320.0,-0.31886082887649536
5881249792.0,-0.32384923100471497
5882187264.0,-0.32842501997947693
5883125248.0,-0.33256128430366516
5884062720.0,-0.33835601806640625
5885000192.0,-0.3433212339878082
5885937664.0,-0.35847288370132446
5886875136.0,-0.3649407625198364
5887812608.0,-0.36970818042755127
5888750080.0,-0.3744044303894043
5889687552.0,-0.3789890706539154
5890625024.0,-0.38217639923095703
5891562496.0,-0.38537195324897766
5892499968.0,-0.3869718611240387
5893437440.0,-0.3890809714794159
5894374912.0,-0.3897750973701477
5895312384.0,-0.38948875665664673
5896249856.0,-0.38961637020111084
5897187328.0,-0.39002057909965515
5898124800.0,-0.3895810544490814
5899062272.0,-0.3883987069129944
5900000256.0,-0.3882323205471039
5900937728.0,-0.387127548456192
5901875200.0,-0.386033833026886
5902812672.0,-0.386411190032959
5903750144.0,-0.3848835825920105
5904687616.0,-0.38297683000564575
5905625088.0,-0.3801744282245636
5906562560.0,-0.37835216522216797
5907500032.0,-0.3770274221897125
5908437504.0,-0.37602323293685913
5909374976.0,-0.3744220435619354
5910312448.0,-0.3719541132450104
5911249920.0,-0.3709886968135834
5912187392.0,-0.3699129819869995
5913124864.0,-0.36918455362319946
5914062336.0,-0.3694527745246887
5914999808.0,-0.36952880024909973
5915937280.0,-0.37113797664642334
5916874752.0,-0.373719185590744
5917812736.0,-0.3761531412601471
5918750208.0,-0.3818638324737549
5919687680.0,-0.38652583956718445
5920625152.0,-0.39185428619384766
5921562624.0,-0.39950451254844666
5922500096.0,-0.40600287914276123
5923437568.0,-0.4150981903076172
5924375040.0,-0.4233314096927643
5925312512.0,-0.4338035583496094
5926249984.0,-0.4429281949996948
5927187456.0,-0.4551042914390564
5928124928.0,-0.4663352966308594
5929062400.0,-0.47932419180870056
5929999872.0,-0.49174800515174866
5930937344.0,-0.5045597553253174
5931874816.0,-0.5171419978141785
5932812288.0,-0.5286056995391846
5933749760.0,-0.5408481359481812
5934687744.0,-0.5520105957984924
5935625216.0,-0.5637051463127136
5936562688.0,-0.5732776522636414
5937500160.0,-0.5833362936973572
5938437632.0,-0.5914602875709534
5939375104.0,-0.599253237247467
5940312576.0,-0.6054843664169312
5941250048.0,-0.6113185882568359
5942187520.0,-0.6159875988960266
5943124992.0,-0.6176574230194092
5944062464.0,-0.6198441982269287
5944999936.0,-0.6202073097229004
5945937408.0,-0.4071485102176666
5946874880.0,-0.42418140172958374
5947812352.0,-0.44007056951522827
5948749824.0,-0.4577447175979614
5949687296.0,-0.47335562109947205
5950624768.0,-0.48935505747795105
5951562752.0,-0.5044193267822266
5952500224.0,-0.5188756585121155
5953437696.0,-0.5314134359359741
5954375168.0,-0.5437720417976379
5955312640.0,-0.554544985294342
5956250112.0,-0.5640089511871338
5957187584.0,-0.5719896554946899
5958125056.0,-0.5778318643569946
5959062528.0,-0.5822901725769043
5960000000.0,-0.5834484696388245
5960937472.0,-0.5827337503433228
5961874944.0,-0.580024242401123
5962812416.0,-0.5753440260887146
5963749888.0,-0.5678822994232178
5964687360.0,-0.5594216585159302
5965624832.0,-0.5499399304389954
5966562304.0,-0.5394686460494995
5967499776.0,-0.5268988013267517
5968437248.0,-0.5136555433273315
5969375232.0,-0.5016583800315857
5970312704.0,-0.48765695095062256
5971250176.0,-0.4743279814720154
5972187648.0,-0.461990624666214
5973125120.0,-0.4494290053844452
5974062592.0,-0.43885451555252075
5975000064.0,-0.4288466274738312
5975937536.0,-0.4200860261917114
5976875008.0,-0.41337355971336365
5977812480.0,-0.40652942657470703
5978749952.0,-0.40085354447364807
5979687424.0,-0.3983243405818939
5980624896.0,-0.39536648988723755
5981562368.0,-0.3940635621547699
5982499840.0,-0.3936961591243744
5983437312.0,-0.39431625604629517
5984374784.0,-0.39608126878738403
5985312256.0,-0.3983336091041565
5986250240.0,-0.4017055332660675
5987187712.0,-0.4055973291397095
5988125184.0,-0.4092002213001251
5989062656.0,-0.4128294587135315
5990000128.0,-0.416427344083786
5990937600.0,-0.421150803565979
5991875072.0,-0.4252137243747711
5992812544.0,-0.430067241191864
5993750016.0,-0.4343821108341217
5994687488.0,-0.4380122423171997
5995624960.0,-0.4423709511756897
5996562432.0,-0.4454427659511566
5997499904.0,-0.4485527575016022
5998437376.0,-0.4511101543903351
5999374848.0,-0.45286038517951965
6000312320.0,-0.45595163106918335
6001249792.0,-0.4588589668273926
6002187264.0,-0.46071362495422363
6003125248.0,-0.46478116512298584
6004062720.0,-0.4664578437805176
6005000192.0,-0.3638634979724884
6005937664.0,-0.37167009711265564
6006875136.0,-0.3820303678512573
6007812608.0,-0.3939535319805145
6008750080.0,-0.4058828055858612
6009687552.0,-0.41933807730674744
6010625024.0,-0.434007853269577
6011562496.0,-0.45050108432769775
6012499968.0,-0.4671463370323181
6013437440.0,-0.4837932884693146
6014374912.0,-0.5027989745140076
6015312384.0,-0.5204189419746399
6016249856.0,-0.538771390914917
6017187328.0,-0.5555443167686462
6018124800.0,-0.5744128823280334
6019062272.0,-0.5921223163604736
6019999744.0,-0.6086007952690125
6020937728.0,-0.6248533129692078
6021875200.0,-0.6390727162361145
6022812672.0,-0.6527740955352783
6023750144.0,-0.6651902794837952
6024687616.0,-0.675091028213501
6025625088.0,-0.6840140223503113
6026562560.0,-0.690343976020813
6027500032.0,-0.6955448389053345
6028437504.0,-0.6985181570053101
6029374976.0,-0.6986322999000549
6030312448.0,-0.6962632536888123
6031249920.0,-0.6925227046012878
6032187392.0,-0.686970591545105
6033124864.0,-0.6795758605003357
6034062336.0,-0.6702427864074707
6034999808.0,-0.660024106502533
6035937280.0,-0.6481757164001465
6036874752.0,-0.6360422372817993
6037812736.0,-0.6213713884353638
6038750208.0,-0.6060408353805542
6039687680.0,-0.5914213061332703
6040625152.0,-0.5747354030609131
6041562624.0,-0.5590997934341431
6042500096.0,-0.5419926047325134
6043437568.0,-0.5252594947814941
6044375040.0,-0.5097256302833557
6045312512.0,-0.4924478828907013
6046249984.0,-0.4775218963623047
6047187456.0,-0.46325254440307617
6048124928.0,-0.44838377833366394
6049062400.0,-0.435221791267395
6049999872.0,-0.422686904668808
6050937344.0,-0.4118804633617401
6051874816.0,-0.40099722146987915
6052812288.0,-0.3913295567035675
6053749760.0,-0.3840011954307556
6054687744.0,-0.37693095207214355
6055625216.0,-0.3714141547679901
6056562688.0,-0.3687986433506012
6057500160.0,-0.3658294677734375
6058437632.0,-0.36444148421287537
6059375104.0,-0.36384865641593933
6060312576.0,-0.3645801544189453
6061250048.0,-0.36570292711257935
6062187520.0,-0.367969274520874
6063124992.0,-0.3720574676990509
6064062464.0,-0.3755791485309601
6064999936.0,-0.3738132417201996
6065937408.0,-0.37910929322242737
6066874880.0,-0.38490375876426697
6067812352.0,-0.39129820466041565
6068749824.0,-0.39903783798217773
6069687296.0,-0.4069352447986603
6070624768.0,-0.41548657417297363
6071562752.0,-0.42515912652015686
6072500224.0,-0.43418002128601074
6073437696.0,-0.44471028447151184
6074375168.0,-0.45406028628349304
6075312640.0,-0.4633752405643463
6076250112.0,-0.4718858599662781
6077187584.0,-0.48091840744018555
6078125056.0,-0.48918938636779785
6079062528.0,-0.4983064830303192
6080000000.0,-0.5070938467979431
6080937472.0,-0.5145249366760254
6081874944.0,-0.5224764347076416
6082812416.0,-0.5281069278717041
6083749888.0,-0.534623384475708
6084687360.0,-0.5392040610313416
6085624832.0,-0.5444635152816772
6086562304.0,-0.5474892854690552
6087499776.0,-0.5487794280052185
6088437248.0,-0.5497840046882629
6089375232.0,-0.5500226616859436
6090312704.0,-0.5493883490562439
6091250176.0,-0.5479646325111389
6092187648.0,-0.544683575630188
6093125120.0,-0.5395619869232178
6094062592.0,-0.5331618189811707
6095000064.0,-0.5273411273956299
6095937536.0,-0.5189931392669678
6096875008.0,-0.5120178461074829
6097812480.0,-0.503489077091217
6098749952.0,-0.4941285252571106
6099687424.0,-0.4850209057331085
6100624896.0,-0.47787851095199585
6101562368.0,-0.4679213762283325
6102499840.0,-0.4589966833591461
6103437312.0,-0.4505518674850464
6104374784.0,-0.4421766400337219
6105312256.0,-0.4342498481273651
6106250240.0,-0.4258316159248352
6107187712.0,-0.4185034930706024
6108125184.0,-0.4110757112503052
6109062656.0,-0.4049198627471924
6110000128.0,-0.3969608247280121
6110937600.0,-0.39192524552345276
6111875072.0,-0.38545188307762146
6112812544.0,-0.3813363313674927
6113750016.0,-0.37628448009490967
6114687488.0,-0.37214359641075134
6115624960.0,-0.3683929145336151
6116562432.0,-0.3646792769432068
6117499904.0,-0.36134570837020874
6118437376.0,-0.35824325680732727
6119374848.0,-0.3574864864349365
6120312320.0,-0.35600993037223816
6121249792.0,-0.3558281660079956
6122187264.0,-0.3561929762363434
6123125248.0,-0.3583863377571106
6124062720.0,-0.3608624339103699
6125000192.0,-0.5554490089416504
6125937664.0,-0.5678726434707642
6126875136.0,-0.5791916847229004
6127812608.0,-0.5908992886543274
6128750080.0,-0.6004420518875122
6129687552.0,-0.6102753281593323
6130625024.0,-0.6168153882026672
6131562496.0,-0.6233962178230286
6132499968.0,-0.6286116242408752
6133437440.0,-0.6329455375671387
6134374912.0,-0.6353470087051392
6135312384.0,-0.6370644569396973
6136249856.0,-0.6384592056274414
6137187328.0,-0.6388146281242371
6138124800.0,-0.6389431357383728
6139062272.0,-0.638399064540863
6140000256.0,-0.6371069550514221
6140937728.0,-0.6345672011375427
6141875200.0,-0.6320876479148865
6142812672.0,-0.6293692588806152
6143750144.0,-0.6254216432571411
6144687616.0,-0.622971773147583
6145625088.0,-0.6193051338195801
6146562560.0,-0.615482747554779
6147500032.0,-0.6113356947898865
6148437504.0,-0.6080127358436584
6149374976.0,-0.6033956408500671
6150312448.0,-0.600789487361908
6151249920.0,-0.5980036854743958
6152187392.0,-0.5948116779327393
6153124864.0,-0.5929521918296814
6154062336.0,-0.5921348333358765
6154999808.0,-0.591084361076355
6155937280.0,-0.5905495285987854
6156874752.0,-0.5903920531272888
6157812736.0,-0.5912227034568787
6158750208.0,-0.5937937498092651
6159687680.0,-0.5953144431114197
6160625152.0,-0.5974652171134949
6161562624.0,-0.601504385471344
6162500096.0,-0.6044265031814575
6163437568.0,-0.6083512306213379
6164375040.0,-0.6124516129493713
6165312512.0,-0.61775141954422
6166249984.0,-0.6224653720855713
6167187456.0,-0.6286079287528992
6168124928.0,-0.6349977254867554
6169062400.0,-0.6416096091270447
6169999872.0,-0.6475337147712708
6170937344.0,-0.6556891202926636
6171874816.0,-0.6623876094818115
6172812288.0,-0.6679198145866394
6173749760.0,-0.6750010848045349
6174687744.0,-0.6829183101654053
6175625216.0,-0.6914121508598328
6176562688.0,-0.700011670589447
6177500160.0,-0.7083353400230408
6178437632.0,-0.7170186042785645
6179375104.0,-0.7253212928771973
6180312576.0,-0.7331100702285767
6181250048.0,-0.740715503692627
6182187520.0,-0.7485917806625366
6183124992.0,-0.7560110688209534
6184062464.0,-0.7617920637130737
6184999936.0,-0.6042090058326721
6185937408.0,-0.6246675848960876
6186874880.0,-0.6450597643852234
6187812352.0,-0.6655774116516113
6188749824.0,-0.6863394975662231
6189687296.0,-0.7056496739387512
6190624768.0,-0.7237474918365479
6191562752.0,-0.742776095867157
6192500224.0,-0.7590270042419434
6193437696.0,-0.776181697845459
6194375168.0,-0.79124516248703
6195312640.0,-0.80625319480896
6196250112.0,-0.8191704750061035
6197187584.0,-0.8318181037902832
6198125056.0,-0.84358149766922
6199062528.0,-0.8515419363975525
6200000000.0,-0.8605068325996399
6200937472.0,-0.8674372434616089
6201874944.0,-0.8723955154418945
6202812416.0,-0.8746182322502136
6203749888.0,-0.8770127892494202
6204687360.0,-0.8765466213226318
6205624832.0,-0.875450849533081
6206562304.0,-0.8729612231254578
6207499776.0,-0.8682385087013245
6208437248.0,-0.860910952091217
6209375232.0,-0.8531307578086853
6210312704.0,-0.8432504534721375
6211250176.0,-0.8330471515655518
6212187648.0,-0.8209107518196106
6213125120.0,-0.8071340918540955
6214062592.0,-0.7929710149765015
6215000064.0,-0.7776130437850952
6215937536.0,-0.7618215680122375
6216875008.0,-0.7460936307907104
6217812480.0,-0.7297978401184082
6218749952.0,-0.7132212519645691
6219687424.0,-0.6965942978858948
6220624896.0,-0.6829066276550293
6221562368.0,-0.6678488254547119
6222499840.0,-0.6520671248435974
6223437312.0,-0.6393969655036926
6224374784.0,-0.6257420182228088
6225312256.0,-0.6145725250244141
6226250240.0,-0.6039602160453796
6227187712.0,-0.5949970483779907
6228125184.0,-0.5879733562469482
6229062656.0,-0.5824730396270752
6230000128.0,-0.5786325931549072
6230937600.0,-0.5761478543281555
6231875072.0,-0.574089527130127
6232812544.0,-0.5742302536964417
6233750016.0,-0.5749441385269165
6234687488.0,-0.5775008201599121
6235624960.0,-0.579369068145752
6236562432.0,-0.5835674405097961
6237499904.0,-0.5896689891815186
6238437376.0,-0.5954911112785339
6239374848.0,-0.6027566194534302
6240312320.0,-0.6101784110069275
6241249792.0,-0.6171435117721558
6242187264.0,-0.626902163028717
6243125248.0,-0.6357125639915466
6244062720.0,-0.6460509300231934
6245000192.0,-0.6518294215202332
6245937664.0,-0.6645563244819641
6246875136.0,-0.6770069599151611
6247812608.0,-0.6904946565628052
6248750080.0,-0.7058271765708923
6249687552.0,-0.7209753394126892
6250625024.0,-0.7341302633285522
6251562496.0,-0.7478861808776855
6252499968.0,-0.762046217918396
6253437440.0,-0.7751015424728394
6254374912.0,-0.7865718007087708
6255312384.0,-0.7979397773742676
6256249856.0,-0.8104233741760254
6257187328.0,-0.8211173415184021
6258124800.0,-0.8323003649711609
6259062272.0,-0.8429883122444153
6259999744.0,-0.8519054651260376
6260937728.0,-0.8600266575813293
6261875200.0,-0.8669573068618774
6262812672.0,-0.8717877268791199
6263750144.0,-0.8758139610290527
6264687616.0,-0.8797063827514648
6265625088.0,-0.8845250010490417
6266562560.0,-0.8878872394561768
6267500032.0,-0.8908902406692505
6268437504.0,-0.8924009799957275
6269374976.0,-0.8925785422325134
6270312448.0,-0.892982542514801
6271249920.0,-0.8911790251731873
6272187392.0,-0.889162540435791
6273124864.0,-0.8856245279312134
6274062336.0,-0.8817481398582458
6274999808.0,-0.8793073296546936
6275937280.0,-0.8737754225730896
6276874752.0,-0.870777428150177
6277812736.0,-0.8665252923965454
6278750208.0,-0.8616295456886292
6279687680.0,-0.8579145073890686
6280625152.0,-0.8525785207748413
6281562624.0,-0.8487234711647034
6282500096.0,-0.8445578813552856
6283437568.0,-0.8416637778282166
6284375040.0,-0.840503454208374
6285312512.0,-0.8402346968650818
6286249984.0,-0.8416964411735535
6287187456.0,-0.8438639640808105
6288124928.0,-0.8474584817886353
6289062400.0,-0.8506282567977905
6289999872.0,-0.8535765409469604
6290937344.0,-0.8563324809074402
6291874816.0,-0.8588007688522339
6292812288.0,-0.8637789487838745
6293749760.0,-0.8665791153907776
6294687744.0,-0.8710432648658752
6295625216.0,-0.8760695457458496
6296562688.0,-0.8809294104576111
6297500160.0,-0.8865522742271423
6298437632.0,-0.8925436735153198
6299375104.0,-0.8985841870307922
6300312576.0,-0.9050403833389282
6301250048.0,-0.9122031331062317
6302187520.0,-0.9192107319831848
6303124992.0,-0.9279239177703857
6304062464.0,-0.9365475177764893
6304999936.0,-0.9625792503356934
6305937408.0,-0.9707953333854675
6306874880.0,-0.979738175868988
6307812352.0,-0.9893562197685242
6308749824.0,-0.9982668161392212
6309687296.0,-1.0080592632293701
6310624768.0,-1.0167264938354492
6311562752.0,-1.0264849662780762
6312500224.0,-1.0353840589523315
6313437696.0,-1.0450645685195923
6314375168.0,-1.0546135902404785
6315312640.0,-1.0629702806472778
6316250112.0,-1.0728427171707153
6317187584.0,-1.0827525854110718
6318125056.0,-1.0922616720199585
6319062528.0,-1.1034774780273438
6320000000.0,-1.1155487298965454
6320937472.0,-1.1275511980056763
6321874944.0,-1.141760230064392
6322812416.0,-1.1545889377593994
6323749888.0,-1.1679471731185913
6324687360.0,-1.1803170442581177
6325624832.0,-1.1901469230651855
6326562304.0,-1.199721336364746
6327499776.0,-1.2076935768127441
6328437248.0,-1.2155860662460327
6329375232.0,-1.223185420036316
6330312704.0,-1.2314058542251587
6331250176.0,-1.2378379106521606
6332187648.0,-1.242297649383545
6333125120.0,-1.246527910232544
6334062592.0,-1.249370813369751
6335000064.0,-1.2523531913757324
6335937536.0,-1.2520883083343506
6336875008.0,-1.2534675598144531
6337812480.0,-1.2524113655090332
6338749952.0,-1.250639796257019
6339687424.0,-1.2481881380081177
6340624896.0,-1.2444674968719482
6341562368.0,-1.2389954328536987
6342499840.0,-1.2319048643112183
6343437312.0,-1.222920536994934
6344374784.0,-1.215151071548462
6345312256.0,-1.2063987255096436
6346250240.0,-1.196731448173523
6347187712.0,-1.1875760555267334
6348125184.0,-1.1769981384277344
6349062656.0,-1.1671987771987915
6350000128.0,-1.1554449796676636
6350937600.0,-1.144460678100586
6351875072.0,-1.131903886795044
6352812544.0,-1.1178195476531982
6353750016.0,-1.1053500175476074
6354687488.0,-1.0904606580734253
6355624960.0,-1.078261375427246
6356562432.0,-1.065010905265808
6357499904.0,-1.0539664030075073
6358437376.0,-1.0424752235412598
6359374848.0,-1.0331424474716187
6360312320.0,-1.025320053100586
6361249792.0,-1.0178382396697998
6362187264.0,-1.010901689529419
6363125248.0,-1.0053421258926392
6364062720.0,-1.0036360025405884
6365000192.0,-1.3757561445236206
6365937664.0,-1.3899571895599365
6366875136.0,-1.4045668840408325
6367812608.0,-1.418643832206726
6368750080.0,-1.4328395128250122
6369687552.0,-1.4479014873504639
6370625024.0,-1.461504340171814
6371562496.0,-1.4747884273529053
6372499968.0,-1.4883571863174438
6373437440.0,-1.500025749206543
6374374912.0,-1.5103774070739746
6375312384.0,-1.5220011472702026
6376249856.0,-1.5323113203048706
6377187328.0,-1.5423957109451294
6378124800.0,-1.550815224647522
6379062272.0,-1.5552719831466675
6380000256.0,-1.561940312385559
6380937728.0,-1.5658724308013916
6381875200.0,-1.5672568082809448
6382812672.0,-1.5672322511672974
6383750144.0,-1.5662511587142944
6384687616.0,-1.564184546470642
6385625088.0,-1.5609437227249146
6386562560.0,-1.5560723543167114
6387500032.0,-1.5515202283859253
6388437504.0,-1.542945384979248
6389374976.0,-1.5356738567352295
6390312448.0,-1.527205228805542
6391249920.0,-1.518594741821289
6392187392.0,-1.5086312294006348
6393124864.0,-1.4976221323013306
6394062336.0,-1.4848308563232422
6394999808.0,-1.4737420082092285
6395937280.0,-1.462098240852356
6396874752.0,-1.4515135288238525
6397812736.0,-1.4417805671691895
6398750208.0,-1.433486819267273
6399687680.0,-1.4272117614746094
6400625152.0,-1.4223934412002563
6401562624.0,-1.4172309637069702
6402500096.0,-1.413316011428833
6403437568.0,-1.410913348197937
6404375040.0,-1.4109488725662231
6405312512.0,-1.4120581150054932
6406249984.0,-1.414526343345642
6407187456.0,-1.4184447526931763
6408124928.0,-1.424325704574585
6409062400.0,-1.4308971166610718
6409999872.0,-1.4393014907836914
6410937344.0,-1.4496254920959473
6411874816.0,-1.4600392580032349
6412812288.0,-1.4721308946609497
6413749760.0,-1.486096978187561
6414687744.0,-1.501634120941162
6415625216.0,-1.5195860862731934
6416562688.0,-1.539247751235962
6417500160.0,-1.561407446861267
6418437632.0,-1.5862029790878296
6419375104.0,-1.6118316650390625
6420312576.0,-1.6398687362670898
6421250048.0,-1.667545199394226
6422187520.0,-1.6966215372085571
6423124992.0,-1.7276456356048584
6424062464.0,-1.7586368322372437
6424999936.0,-1.794706106185913
6425937408.0,-1.831072211265564
6426874880.0,-1.8666576147079468
6427812352.0,-1.9026892185211182
6428749824.0,-1.9365378618240356
6429687296.0,-1.968643307685852
6430624768.0,-2.001237630844116
6431562752.0,-2.030240774154663
6432500224.0,-2.058248519897461
6433437696.0,-2.087477207183838
6434375168.0,-2.114358425140381
6435312640.0,-2.139781951904297
6436250112.0,-2.162393808364868
6437187584.0,-2.1852872371673584
6438125056.0,-2.2048585414886475
6439062528.0,-2.223808526992798
6440000000.0,-2.241945266723633
6440937472.0,-2.2580041885375977
6441874944.0,-2.273329257965088
6442812416.0,-2.288214921951294
6443749888.0,-2.3004002571105957
6444687360.0,-2.3106014728546143
6445624832.0,-2.3205273151397705
6446562304.0,-2.328659772872925
6447499776.0,-2.3351383209228516
6448437248.0,-2.339146375656128
6449375232.0,-2.341853380203247
6450312704.0,-2.3416082859039307
6451250176.0,-2.339597225189209
6452187648.0,-2.3373188972473145
6453125120.0,-2.3326430320739746
6454062592.0,-2.3281686305999756
6455000064.0,-2.3233108520507812
6455937536.0,-2.317711353302002
6456875008.0,-2.3109993934631348
6457812480.0,-2.305609703063965
6458749952.0,-2.2999303340911865
6459687424.0,-2.2945282459259033
6460624896.0,-2.289982557296753
6461562368.0,-2.2862143516540527
6462499840.0,-2.282588005065918
6463437312.0,-2.2797114849090576
6464374784.0,-2.277657985687256
6465312256.0,-2.2755203247070312
6466250240.0,-2.2747325897216797
6467187712.0,-2.271731376647949
6468125184.0,-2.2708468437194824
6469062656.0,-2.2706127166748047
6470000128.0,-2.2720398902893066
6470937600.0,-2.273776054382324
6471875072.0,-2.2786028385162354
6472812544.0,-2.2837042808532715
6473750016.0,-2.2895150184631348
6474687488.0,-2.2980449199676514
6475624960.0,-2.3094828128814697
6476562432.0,-2.324953556060791
6477499904.0,-2.343773365020752
6478437376.0,-2.366880416870117
6479374848.0,-2.3915224075317383
6480312320.0,-2.4226274490356445
6481249792.0,-2.456019878387451
6482187264.0,-2.4909565448760986
6483125248.0,-2.530513048171997
6484062720.0,-2.571284294128418
6485000192.0,-2.6771087646484375
6485937664.0,-2.709244966506958
6486875136.0,-2.7387301921844482
6487812608.0,-2.7689695358276367
6488750080.0,-2.7980053424835205
6489687552.0,-2.8237006664276123
6490625024.0,-2.8508622646331787
6491562496.0,-2.8767147064208984
6492499968.0,-2.9010674953460693
6493437440.0,-2.9254984855651855
6494374912.0,-2.949449062347412
6495312384.0,-2.9754393100738525
6496249856.0,-3.002394914627075
6497187328.0,-3.030416965484619
6498124800.0,-3.0615134239196777
6499062272.0,-3.0932178497314453
6499999744.0,-3.1252529621124268
6500937728.0,-3.1570651531219482
6501875200.0,-3.1880996227264404
6502812672.0,-3.219557285308838
6503750144.0,-3.2474167346954346
6504687616.0,-3.275336265563965
6505625088.0,-3.3020973205566406
6506562560.0,-3.328364610671997
6507500032.0,-3.3541712760925293
6508437504.0,-3.38077449798584
6509374976.0,-3.406749725341797
6510312448.0,-3.435110092163086
6511249920.0,-3.4630541801452637
6512187392.0,-3.4907243251800537
6513124864.0,-3.5182008743286133
6514062336.0,-3.546905040740967
6514999808.0,-3.5743277072906494
6515937280.0,-3.6020638942718506
6516874752.0,-3.629847288131714
6517812736.0,-3.6572465896606445
6518750208.0,-3.6849074363708496
6519687680.0,-3.7144787311553955
6520625152.0,-3.744493246078491
6521562624.0,-3.7740352153778076
6522500096.0,-3.808389902114868
6523437568.0,-3.8432555198669434
6524375040.0,-3.882354974746704
6525312512.0,-3.922835350036621
6526249984.0,-3.966146469116211
6527187456.0,-4.008793830871582
6528124928.0,-4.054231643676758
6529062400.0,-4.097940444946289
6529999872.0,-4.142404079437256
6530937344.0,-4.187746524810791
6531874816.0,-4.231707572937012
6532812288.0,-4.275529861450195
6533749760.0,-4.3169026374816895
6534687744.0,-4.3594841957092285
6535625216.0,-4.400747776031494
6536562688.0,-4.44155740737915
6537500160.0,-4.482037544250488
6538437632.0,-4.522763252258301
6539375104.0,-4.563474178314209
6540312576.0,-4.602500915527344
6541250048.0,-4.641822338104248
6542187520.0,-4.679596424102783
6543124992.0,-4.716487407684326
6544062464.0,-4.75592041015625
6544999936.0,-4.790335655212402
6545937408.0,-4.83870267868042
6546874880.0,-4.887808322906494
6547812352.0,-4.940001487731934
6548749824.0,-4.990780830383301
6549687296.0,-5.042689800262451
6550624768.0,-5.092641353607178
6551562752.0,-5.144911766052246
6552500224.0,-5.196975231170654
6553437696.0,-5.250299453735352
6554375168.0,-5.303450584411621
6555312640.0,-5.35798454284668
6556250112.0,-5.412046432495117
6557187584.0,-5.4660491943359375
6558125056.0,-5.521551609039307
6559062528.0,-5.578192710876465
6560000000.0,-5.635719299316406
6560937472.0,-5.6941704750061035
6561874944.0,-5.753732681274414
6562812416.0,-5.81254243850708
6563749888.0,-5.871527194976807
6564687360.0,-5.933896064758301
6565624832.0,-5.9949631690979
6566562304.0,-6.056427955627441
6567499776.0,-6.117132186889648
6568437248.0,-6.177342414855957
6569375232.0,-6.239551067352295
6570312704.0,-6.301174640655518
6571250176.0,-6.367507457733154
6572187648.0,-6.437136173248291
6573125120.0,-6.512572288513184
6574062592.0,-6.590078353881836
6575000064.0,-6.668838977813721
6575937536.0,-6.746485233306885
6576875008.0,-6.823812007904053
6577812480.0,-6.905553340911865
6578749952.0,-6.992321014404297
6579687424.0,-7.082540512084961
6580624896.0,-7.174631118774414
6581562368.0,-7.267123222351074
6582499840.0,-7.361361980438232
6583437312.0,-7.454656600952148
6584374784.0,-7.5465168952941895
6585312256.0,-7.638983726501465
6586250240.0,-7.7301344871521
6587187712.0,-7.822132110595703
6588125184.0,-7.917479991912842
6589062656.0,-8.015039443969727
6590000128.0,-8.116400718688965
6590937600.0,-8.218132972717285
6591875072.0,-8.319540977478027
6592812544.0,-8.422130584716797
6593750016.0,-8.52476978302002
6594687488.0,-8.624359130859375
6595624960.0,-8.725526809692383
6596562432.0,-8.828042030334473
6597499904.0,-8.931609153747559
6598437376.0,-9.036081314086914
6599374848.0,-9.143709182739258
6600312320.0,-9.245636940002441
6601249792.0,-9.348037719726562
6602187264.0,-9.445329666137695
6603125248.0,-9.54574203491211
6604062720.0,-9.6459379196167
6605000192.0,-9.73974895477295
6605937664.0,-9.843185424804688
6606875136.0,-9.941508293151855
6607812608.0,-10.041288375854492
6608750080.0,-10.141592979431152
6609687552.0,-10.236248016357422
6610625024.0,-10.323230743408203
6611562496.0,-10.402721405029297
6612499968.0,-10.480537414550781
6613437440.0,-10.5548677444458
6614374912.0,-10.633698463439941
6615312384.0,-10.711688041687012
6616249856.0,-10.788800239562988
6617187328.0,-10.858650207519531
6618124800.0,-10.934667587280273
6619062272.0,-11.007105827331543
6620000256.0,-11.07809066772461
6620937728.0,-11.153205871582031
6621875200.0,-11.22205638885498
6622812672.0,-11.290327072143555
6623750144.0,-11.348186492919922
6624687616.0,-11.405868530273438
6625625088.0,-11.451176643371582
6626562560.0,-11.501834869384766
6627500032.0,-11.542391777038574
6628437504.0,-11.578169822692871
6629374976.0,-11.607904434204102
6630312448.0,-11.631195068359375
6631249920.0,-11.648221969604492
6632187392.0,-11.658461570739746
6633124864.0,-11.667373657226562
6634062336.0,-11.668846130371094
6634999808.0,-11.664663314819336
6635937280.0,-11.661343574523926
6636874752.0,-11.64946460723877
6637812736.0,-11.636475563049316
6638750208.0,-11.61931037902832
6639687680.0,-11.600153923034668
6640625152.0,-11.57571792602539
6641562624.0,-11.54852294921875
6642500096.0,-11.515379905700684
6643437568.0,-11.473857879638672
6644375040.0,-11.423151969909668
6645312512.0,-11.358780860900879
6646249984.0,-11.288549423217773
6647187456.0,-11.20703125
6648124928.0,-11.12186050415039
6649062400.0,-11.029770851135254
6649999872.0,-10.93838119506836
6650937344.0,-10.851110458374023
6651874816.0,-10.76175308227539
6652812288.0,-10.675729751586914
6653749760.0,-10.59260082244873
6654687744.0,-10.51136302947998
6655625216.0,-10.426921844482422
6656562688.0,-10.334423065185547
6657500160.0,-10.2343168258667
6658437632.0,-10.12576675415039
6659375104.0,-10.015213012695312
6660312576.0,-9.904004096984863
6661250048.0,-9.799049377441406
6662187520.0,-9.696968078613281
6663124992.0,-9.593871116638184
6664062464.0,-9.493515968322754
6664999936.0,-9.37973690032959
6665937408.0,-9.285087585449219
6666874880.0,-9.188580513000488
6667812352.0,-9.096696853637695
6668749824.0,-9.008878707885742
6669687296.0,-8.917023658752441
6670624768.0,-8.820792198181152
6671562752.0,-8.720234870910645
6672500224.0,-8.6182222366333
6673437696.0,-8.517821311950684
6674375168.0,-8.414467811584473
6675312640.0,-8.313433647155762
6676250112.0,-8.214523315429688
6677187584.0,-8.11279296875
6678125056.0,-8.01440715789795
6679062528.0,-7.916652679443359
6680000000.0,-7.816644668579102
6680937472.0,-7.721391677856445
6681874944.0,-7.629108905792236
6682812416.0,-7.5355095863342285
6683749888.0,-7.4443745613098145
6684687360.0,-7.356752395629883
6685624832.0,-7.271597862243652
6686562304.0,-7.1930365562438965
6687499776.0,-7.120265007019043
6688437248.0,-7.049499988555908
6689375232.0,-6.982221603393555
6690312704.0,-6.918011665344238
6691250176.0,-6.854456424713135
6692187648.0,-6.795688629150391
6693125120.0,-6.733124732971191
6694062592.0,-6.671648025512695
6695000064.0,-6.608582496643066
6695937536.0,-6.545820713043213
6696875008.0,-6.48151159286499
6697812480.0,-6.417601108551025
6698749952.0,-6.353486061096191
6699687424.0,-6.2897047996521
6700624896.0,-6.2259368896484375
6701562368.0,-6.164135932922363
6702499840.0,-6.1006927490234375
6703437312.0,-6.037115097045898
6704374784.0,-5.974356651306152
6705312256.0,-5.910966873168945
6706250240.0,-5.850315093994141
6707187712.0,-5.791392803192139
6708125184.0,-5.733889102935791
6709062656.0,-5.678142547607422
6710000128.0,-5.621275901794434
6710937600.0,-5.562939167022705
6711875072.0,-5.503238201141357
6712812544.0,-5.440106391906738
6713750016.0,-5.375199794769287
6714687488.0,-5.3092875480651855
6715624960.0,-5.240503311157227
6716562432.0,-5.175406455993652
6717499904.0,-5.108657360076904
6718437376.0,-5.0427327156066895
6719374848.0,-4.977302551269531
6720312320.0,-4.912446022033691
6721249792.0,-4.849335670471191
6722187264.0,-4.784816741943359
6723125248.0,-4.719880104064941
6724062720.0,-4.655032157897949
6725000192.0,-4.368740558624268
6725937664.0,-4.2960052490234375
6726875136.0,-4.224270343780518
6727812608.0,-4.1557416915893555
6728750080.0,-4.089428901672363
6729687552.0,-4.026908874511719
6730625024.0,-3.966104745864868
6731562496.0,-3.9085371494293213
6732499968.0,-3.8516645431518555
6733437440.0,-3.7957897186279297
6734374912.0,-3.741288900375366
6735312384.0,-3.689006805419922
6736249856.0,-3.6371848583221436
6737187328.0,-3.590000629425049
6738124800.0,-3.5470070838928223
6739062272.0,-3.5060276985168457
6739999744.0,-3.4704456329345703
6740937728.0,-3.4371163845062256
6741875200.0,-3.4092743396759033
6742812672.0,-3.3820960521698
6743750144.0,-3.3570287227630615
6744687616.0,-3.332930326461792
6745625088.0,-3.3070292472839355
6746562560.0,-3.282752752304077
6747500032.0,-3.255265235900879
6748437504.0,-3.2318403720855713
6749374976.0,-3.208064079284668
6750312448.0,-3.186109781265259
6751249920.0,-3.1651549339294434
6752187392.0,-3.1423888206481934
6753124864.0,-3.1237339973449707
6754062336.0,-3.1061205863952637
6754999808.0,-3.08756422996521
6755937280.0,-3.069838762283325
6756874752.0,-3.0519285202026367
6757812736.0,-3.0359911918640137
6758750208.0,-3.017705202102661
6759687680.0,-2.9986014366149902
6760625152.0,-2.97887921333313
6761562624.0,-2.960170030593872
6762500096.0,-2.9395534992218018
6763437568.0,-2.91660213470459
6764375040.0,-2.8951282501220703
6765312512.0,-2.872316837310791
6766249984.0,-2.8485095500946045
6767187456.0,-2.8226702213287354
6768124928.0,-2.796128749847412
6769062400.0,-2.767472982406616
6769999872.0,-2.7378602027893066
6770937344.0,-2.7084693908691406
6771874816.0,-2.677826166152954
6772812288.0,-2.6470394134521484
6773749760.0,-2.6169838905334473
6774687744.0,-2.5858118534088135
6775625216.0,-2.5555121898651123
6776562688.0,-2.522027015686035
6777500160.0,-2.49127459526062
6778437632.0,-2.4625022411346436
6779375104.0,-2.4327392578125
6780312576.0,-2.404630661010742
6781250048.0,-2.3741819858551025
6782187520.0,-2.3443963527679443
6783124992.0,-2.315941095352173
6784062464.0,-2.2856149673461914
6784999936.0,-2.2616446018218994
6785937408.0,-2.2258682250976562
6786874880.0,-2.191617488861084
6787812352.0,-2.158445119857788
6788749824.0,-2.1257617473602295
6789687296.0,-2.0939786434173584
6790624768.0,-2.064016342163086
6791562752.0,-2.0355865955352783
6792500224.0,-2.009929895401001
6793437696.0,-1.9843671321868896
6794375168.0,-1.9610135555267334
6795312640.0,-1.9396342039108276
6796250112.0,-1.9200688600540161
6797187584.0,-1.9006876945495605
6798125056.0,-1.8822029829025269
6799062528.0,-1.8656567335128784
6800000000.0,-1.8500434160232544
6800937472.0,-1.8350905179977417
6801874944.0,-1.820380449295044
6802812416.0,-1.8075475692749023
6803749888.0,-1.7954689264297485
6804687360.0,-1.7853361368179321
6805624832.0,-1.7752163410186768
6806562304.0,-1.764947533607483
6807499776.0,-1.7542706727981567
6808437248.0,-1.7423654794692993
6809375232.0,-1.7310764789581299
6810312704.0,-1.7183725833892822
6811250176.0,-1.7074525356292725
6812187648.0,-1.6956887245178223
6813125120.0,-1.683415174484253
6814062592.0,-1.671850562095642
6815000064.0,-1.6586962938308716
6815937536.0,-1.6452488899230957
6816875008.0,-1.6321604251861572
6817812480.0,-1.6176552772521973
6818749952.0,-1.6006388664245605
6819687424.0,-1.5841970443725586
6820624896.0,-1.5671268701553345
6821562368.0,-1.5498695373535156
6822499840.0,-1.5296483039855957
6823437312.0,-1.510790228843689
6824374784.0,-1.4904630184173584
6825312256.0,-1.470546841621399
6826250240.0,-1.450847864151001
6827187712.0,-1.4302815198898315
6828125184.0,-1.4104090929031372
6829062656.0,-1.3895268440246582
6830000128.0,-1.3665553331375122
6830937600.0,-1.3429185152053833
6831875072.0,-1.318864107131958
6832812544.0,-1.2951068878173828
6833750016.0,-1.2726075649261475
6834687488.0,-1.2490062713623047
6835624960.0,-1.2276008129119873
6836562432.0,-1.2064625024795532
6837499904.0,-1.1870663166046143
6838437376.0,-1.1695008277893066
6839374848.0,-1.1517202854156494
6840312320.0,-1.1358420848846436
6841249792.0,-1.1203919649124146
6842187264.0,-1.1067460775375366
6843125248.0,-1.0934736728668213
6844062720.0,-1.0821928977966309
6845000192.0,-1.04628586769104
6845937664.0,-1.0367599725723267
6846875136.0,-1.0298744440078735
6847812608.0,-1.024205207824707
6848750080.0,-1.0178927183151245
6849687552.0,-1.0148632526397705
6850625024.0,-1.012250304222107
6851562496.0,-1.0106213092803955
6852499968.0,-1.0121667385101318
6853437440.0,-1.013566017150879
6854374912.0,-1.0158448219299316
6855312384.0,-1.017576813697815
6856249856.0,-1.0207387208938599
6857187328.0,-1.0249438285827637
6858124800.0,-1.0315872430801392
6859062272.0,-1.037041187286377
6860000256.0,-1.0448486804962158
6860937728.0,-1.054972767829895
6861875200.0,-1.0645482540130615
6862812672.0,-1.0759018659591675
6863750144.0,-1.087233543395996
6864687616.0,-1.0984138250350952
6865625088.0,-1.1103134155273438
6866562560.0,-1.120078206062317
6867500032.0,-1.1307570934295654
6868437504.0,-1.1400641202926636
6869374976.0,-1.147315263748169
6870312448.0,-1.155179500579834
6871249920.0,-1.1616517305374146
6872187392.0,-1.167710542678833
6873124864.0,-1.1719294786453247
6874062336.0,-1.1745396852493286
6874999808.0,-1.1754345893859863
6875937280.0,-1.1755146980285645
6876874752.0,-1.1709414720535278
6877812736.0,-1.1664799451828003
6878750208.0,-1.1589844226837158
6879687680.0,-1.1494293212890625
6880625152.0,-1.1353510618209839
6881562624.0,-1.1191715002059937
6882500096.0,-1.101004719734192
6883437568.0,-1.081392765045166
6884375040.0,-1.0603752136230469
6885312512.0,-1.0379359722137451
6886249984.0,-1.0117664337158203
6887187456.0,-0.9872081875801086
6888124928.0,-0.9594035744667053
6889062400.0,-0.9336799383163452
6889999872.0,-0.9052693843841553
6890937344.0,-0.8772353529930115
6891874816.0,-0.8472012281417847
6892812288.0,-0.8183285593986511
6893749760.0,-0.788686990737915
6894687744.0,-0.757960319519043
6895625216.0,-0.7291870713233948
6896562688.0,-0.700775682926178
6897500160.0,-0.6727444529533386
6898437632.0,-0.6444571614265442
6899375104.0,-0.6187325119972229
6900312576.0,-0.5913776159286499
6901250048.0,-0.5672891139984131
6902187520.0,-0.5424534678459167
6903124992.0,-0.518568217754364
6904062464.0,-0.49622637033462524
6904999936.0,-0.4621594250202179
6905937408.0,-0.4579295516014099
6906874880.0,-0.45568767189979553
6907812352.0,-0.4530453681945801
6908749824.0,-0.45369794964790344
6909687296.0,-0.45432570576667786
6910624768.0,-0.4557090997695923
6911562752.0,-0.45946580171585083
6912500224.0,-0.46429622173309326
6913437696.0,-0.4710741341114044
6914375168.0,-0.47841688990592957
6915312640.0,-0.4867648780345917
6916250112.0,-0.49603086709976196
6917187584.0,-0.5049561262130737
6918125056.0,-0.5141022205352783
6919062528.0,-0.5250030159950256
6920000000.0,-0.5356513261795044
6920937472.0,-0.545346200466156
6921874944.0,-0.5548865795135498
6922812416.0,-0.5650455951690674
6923749888.0,-0.5734046697616577
6924687360.0,-0.583402693271637
6925624832.0,-0.5926163196563721
6926562304.0,-0.6017176508903503
6927499776.0,-0.6098707318305969
6928437248.0,-0.6172463893890381
6929375232.0,-0.6241340637207031
6930312704.0,-0.6301002502441406
6931250176.0,-0.6390103697776794
6932187648.0,-0.6472532749176025
6933125120.0,-0.6542379260063171
6934062592.0,-0.6601520776748657
6935000064.0,-0.6639572978019714
6935937536.0,-0.6693052053451538
6936875008.0,-0.6737040877342224
6937812480.0,-0.6760427355766296
6938749952.0,-0.678123414516449
6939687424.0,-0.6795448064804077
6940624896.0,-0.679401695728302
6941562368.0,-0.6794462203979492
6942499840.0,-0.6769968867301941
6943437312.0,-0.6756638288497925
6944374784.0,-0.6718473434448242
6945312256.0,-0.6685287356376648
6946250240.0,-0.6644845604896545
6947187712.0,-0.658517062664032
6948125184.0,-0.6533792018890381
6949062656.0,-0.6464462876319885
6950000128.0,-0.6388097405433655
6950937600.0,-0.6305601000785828
6951875072.0,-0.6202278733253479
6952812544.0,-0.6097806692123413
6953750016.0,-0.5982978343963623
6954687488.0,-0.5846933722496033
6955624960.0,-0.5709732174873352
6956562432.0,-0.5593079328536987
6957499904.0,-0.5473079681396484
6958437376.0,-0.5345765352249146
6959374848.0,-0.5193817615509033
6960312320.0,-0.5051956176757812
6961249792.0,-0.49030405282974243
6962187264.0,-0.4754728078842163
6963125248.0,-0.46052753925323486
6964062720.0,-0.4447420835494995
6965000192.0,-0.3651048243045807
6965937664.0,-0.35777753591537476
6966875136.0,-0.34959694743156433
6967812608.0,-0.3419188857078552
6968750080.0,-0.3346417546272278
6969687552.0,-0.3275425434112549
6970625024.0,-0.32074931263923645
6971562496.0,-0.31529906392097473
6972499968.0,-0.3098180294036865
6973437440.0,-0.3059719204902649
6974374912.0,-0.3019382059574127
6975312384.0,-0.2986246943473816
6976249856.0,-0.29778093099594116
6977187328.0,-0.29624491930007935
6978124800.0,-0.29570555686950684
6979062272.0,-0.29721367359161377
6979999744.0,-0.29897090792655945
6980937728.0,-0.3012896180152893
6981875200.0,-0.30477482080459595
6982812672.0,-0.3096165060997009
6983750144.0,-0.31430041790008545
6984687616.0,-0.3215385973453522
6985625088.0,-0.3290993571281433
6986562560.0,-0.33775845170021057
6987500032.0,-0.3469487726688385
6988437504.0,-0.3579452335834503
6989374976.0,-0.36958926916122437
6990312448.0,-0.3811497390270233
6991249920.0,-0.3936360478401184
6992187392.0,-0.40679869055747986
6993124864.0,-0.4187551438808441
6994062336.0,-0.4324791431427002
6994999808.0,-0.4454629719257355
6995937280.0,-0.45962604880332947
6996874752.0,-0.4718954265117645
6997812736.0,-0.4842643141746521
6998750208.0,-0.49652785062789917
6999687680.0,-0.5074659585952759
7000625152.0,-0.5177385210990906
7001562624.0,-0.5283962488174438
7002500096.0,-0.5369932055473328
7003437568.0,-0.5440924167633057
7004375040.0,-0.5497428178787231
7005312512.0,-0.5544843673706055
7006249984.0,-0.5590969324111938
7007187456.0,-0.5613143444061279
7008124928.0,-0.5610774755477905
7009062400.0,-0.5598347783088684
7009999872.0,-0.5573866367340088
7010937344.0,-0.5535175204277039
7011874816.0,-0.5477325320243835
7012812288.0,-0.5427752733230591
7013749760.0,-0.5355413556098938
7014687744.0,-0.528537929058075
7015625216.0,-0.5202803015708923
7016562688.0,-0.5120271444320679
7017500160.0,-0.5025957822799683
7018437632.0,-0.493538498878479
7019375104.0,-0.4841337203979492
7020312576.0,-0.4740820527076721
7021250048.0,-0.46342042088508606
7022187520.0,-0.45425769686698914
7023124992.0,-0.44593486189842224
7024062464.0,-0.43662214279174805
7024999936.0,-0.41005730628967285
7025937408.0,-0.4015025794506073
7026874880.0,-0.39488694071769714
7027812352.0,-0.3885064721107483
7028749824.0,-0.3833155930042267
7029687296.0,-0.37995612621307373
7030624768.0,-0.3774837255477905
7031562752.0,-0.3760983347892761
7032500224.0,-0.3754599392414093
7033437696.0,-0.377158522605896
7034375168.0,-0.3815925717353821
7035312640.0,-0.38429883122444153
7036250112.0,-0.3906953036785126
7037187584.0,-0.3977282643318176
7038125056.0,-0.4048965871334076
7039062528.0,-0.4138087034225464
7040000000.0,-0.42302003502845764
7040937472.0,-0.4325433671474457
7041874944.0,-0.4430267810821533
7042812416.0,-0.45115378499031067
7043749888.0,-0.46112287044525146
7044687360.0,-0.4689686596393585
7045624832.0,-0.47630250453948975
7046562304.0,-0.48296135663986206
7047499776.0,-0.4886186122894287
7048437248.0,-0.49387696385383606
7049375232.0,-0.49738770723342896
7050312704.0,-0.49858805537223816
7051250176.0,-0.4983440041542053
7052187648.0,-0.49728941917419434
7053125120.0,-0.494032621383667
7054062592.0,-0.4883344769477844
7055000064.0,-0.48131346702575684
7055937536.0,-0.4729389548301697
7056875008.0,-0.46153658628463745
7057812480.0,-0.44904008507728577
7058749952.0,-0.4331170916557312
7059687424.0,-0.41553568840026855
7060624896.0,-0.397162526845932
7061562368.0,-0.3788996636867523
7062499840.0,-0.3578903079032898
7063437312.0,-0.33854177594184875
7064374784.0,-0.3163662850856781
7065312256.0,-0.29665324091911316
7066250240.0,-0.2747036814689636
7067187712.0,-0.2547585368156433
7068125184.0,-0.2340179979801178
7069062656.0,-0.2137846201658249
7070000128.0,-0.19640634953975677
7070937600.0,-0.17788410186767578
7071875072.0,-0.16042500734329224
7072812544.0,-0.14530766010284424
7073750016.0,-0.13018541038036346
7074687488.0,-0.11781242489814758
7075624960.0,-0.1069125309586525
7076562432.0,-0.09733832627534866
7077499904.0,-0.09049061685800552
7078437376.0,-0.08629389852285385
7079374848.0,-0.08321993798017502
7080312320.0,-0.08461697399616241
7081249792.0,-0.08638853579759598
7082187264.0,-0.09191415458917618
7083125248.0,-0.09908805787563324
7084062720.0,-0.10784085839986801
7085000192.0,-0.2633824050426483
7085937664.0,-0.27549275755882263
7086875136.0,-0.2900983691215515
7087812608.0,-0.30503323674201965
7088750080.0,-0.3221454918384552
7089687552.0,-0.3409411311149597
7090625024.0,-0.36184147000312805
7091562496.0,-0.38520461320877075
7092499968.0,-0.4098663330078125
7093437440.0,-0.43782472610473633
7094374912.0,-0.4666855037212372
7095312384.0,-0.4956575036048889
7096249856.0,-0.5275073051452637
7097187328.0,-0.5592851042747498
7098124800.0,-0.5919737219810486
7099062272.0,-0.6258546710014343
7100000256.0,-0.6581618785858154
7100937728.0,-0.6903778910636902
7101875200.0,-0.7214910387992859
7102812672.0,-0.7526075839996338
7103750144.0,-0.7811329960823059
7104687616.0,-0.8082537055015564
7105625088.0,-0.8314054012298584
7106562560.0,-0.8536377549171448
7107500032.0,-0.871084988117218
7108437504.0,-0.8855900168418884
7109374976.0,-0.8961456418037415
7110312448.0,-0.9045106172561646
7111249920.0,-0.9066779613494873
7112187392.0,-0.9066393971443176
7113124864.0,-0.9013910293579102
7114062336.0,-0.8938363790512085
7114999808.0,-0.8811283707618713
7115937280.0,-0.8652748465538025
7116874752.0,-0.8467382788658142
7117812736.0,-0.8231379389762878
7118750208.0,-0.7976192235946655
7119687680.0,-0.7694169282913208
7120625152.0,-0.7392429113388062
7121562624.0,-0.706678032875061
7122500096.0,-0.6734429597854614
7123437568.0,-0.6372478604316711
7124375040.0,-0.602351188659668
7125312512.0,-0.5658532977104187
7126249984.0,-0.5299183130264282
7127187456.0,-0.4933162033557892
7128124928.0,-0.45790615677833557
7129062400.0,-0.421328067779541
7129999872.0,-0.388052374124527
7130937344.0,-0.3550179600715637
7131874816.0,-0.3237071633338928
7132812288.0,-0.29290011525154114
7133749760.0,-0.26497817039489746
7134687744.0,-0.23992401361465454
7135625216.0,-0.2161644846200943
7136562688.0,-0.19354380667209625
7137500160.0,-0.1738649606704712
7138437632.0,-0.15665766596794128
7139375104.0,-0.14058002829551697
7140312576.0,-0.1270114630460739
7141250048.0,-0.11318480968475342
7142187520.0,-0.10277415066957474
7143124992.0,-0.09341782331466675
7144062464.0,-0.19061844050884247
7144999936.0,-0.1918560117483139
7145937408.0,-0.19326893985271454
7146874880.0,-0.1960671991109848
7147812352.0,-0.199028879404068
7148749824.0,-0.2042122632265091
7149687296.0,-0.20911501348018646
7150624768.0,-0.21711936593055725
7151562752.0,-0.22363215684890747
7152500224.0,-0.2331591248512268
7153437696.0,-0.2441806048154831
7154375168.0,-0.25752773880958557
7155312640.0,-0.27358299493789673
7156250112.0,-0.290785014629364
7157187584.0,-0.3106400966644287
7158125056.0,-0.33306336402893066
7159062528.0,-0.3587857186794281
7160000000.0,-0.3847070336341858
7160937472.0,-0.41086244583129883
7161874944.0,-0.43297138810157776
7162812416.0,-0.4528321325778961
7163749888.0,-0.46856164932250977
7164687360.0,-0.4809723198413849
7165624832.0,-0.49001193046569824
7166562304.0,-0.4978536069393158
7167499776.0,-0.5016718506813049
7168437248.0,-0.5047854781150818
7169375232.0,-0.5058479309082031
7170312704.0,-0.506271243095398
7171250176.0,-0.5078688263893127
7172187648.0,-0.5093285441398621
7173125120.0,-0.5116997361183167
7174062592.0,-0.5167456865310669
7175000064.0,-0.5249437093734741
7175937536.0,-0.5337367653846741
7176875008.0,-0.5463333129882812
7177812480.0,-0.5626688003540039
7178749952.0,-0.579331636428833
7179687424.0,-0.5975835919380188
7180624896.0,-0.617793083190918
7181562368.0,-0.6403216123580933
7182499840.0,-0.6618859767913818
7183437312.0,-0.6832695007324219
7184374784.0,-0.703195333480835
7185312256.0,-0.7214642763137817
7186250240.0,-0.7371444702148438
7187187712.0,-0.7501930594444275
7188125184.0,-0.7597591280937195
7189062656.0,-0.76523756980896
7190000128.0,-0.7686888575553894
7190937600.0,-0.7670682072639465
7191875072.0,-0.7632421851158142
7192812544.0,-0.7531213164329529
7193750016.0,-0.7400606274604797
7194687488.0,-0.7248360514640808
7195624960.0,-0.7065686583518982
7196562432.0,-0.6834622621536255
7197499904.0,-0.6596708297729492
7198437376.0,-0.6352402567863464
7199374848.0,-0.6085577607154846
7200312320.0,-0.5810174942016602
7201249792.0,-0.5541301965713501
7202187264.0,-0.5276686549186707
7203125248.0,-0.5031381249427795
7204062720.0,-0.6281916499137878
7205000192.0,-0.6202429533004761
7205937664.0,-0.6148617267608643
7206875136.0,-0.6118921637535095
7207812608.0,-0.6107651591300964
7208750080.0,-0.6128296852111816
7209687552.0,-0.6157391667366028
7210625024.0,-0.6225374341011047
7211562496.0,-0.6351931691169739
7212499968.0,-0.6492884159088135
7213437440.0,-0.6641363501548767
7214374912.0,-0.6824010610580444
7215312384.0,-0.7016080617904663
7216249856.0,-0.7219436168670654
7217187328.0,-0.7432937026023865
7218124800.0,-0.7626222372055054
7219062272.0,-0.7844774723052979
7219999744.0,-0.802846372127533
7220937728.0,-0.8207185864448547
7221875200.0,-0.8383583426475525
7222812672.0,-0.8546916246414185
7223750144.0,-0.8687335252761841
7224687616.0,-0.8826670050621033
7225625088.0,-0.8939353823661804
7226562560.0,-0.9053372740745544
7227500032.0,-0.9114515781402588
7228437504.0,-0.9168998003005981
7229374976.0,-0.92168790102005
7230312448.0,-0.9227241277694702
7231249920.0,-0.9238933324813843
7232187392.0,-0.9218844771385193
7233124864.0,-0.921174943447113
7234062336.0,-0.9187535047531128
7234999808.0,-0.9131779670715332
7235937280.0,-0.9095085859298706
7236874752.0,-0.9055579900741577
7237812736.0,-0.90199875831604
7238750208.0,-0.8972465395927429
7239687680.0,-0.8937290906906128
7240625152.0,-0.8904558420181274
7241562624.0,-0.8876737356185913
7242500096.0,-0.885890781879425
7243437568.0,-0.8853559494018555
7244375040.0,-0.8851678371429443
7245312512.0,-0.8850823044776917
7246249984.0,-0.887150764465332
7247187456.0,-0.8897104263305664
7248124928.0,-0.8944662809371948
7249062400.0,-0.9008649587631226
7249999872.0,-0.9103889465332031
7250937344.0,-0.9200382828712463
7251874816.0,-0.9314365386962891
7252812288.0,-0.9441518187522888
7253749760.0,-0.9586169123649597
7254687744.0,-0.9739827513694763
7255625216.0,-0.989874541759491
7256562688.0,-1.006490707397461
7257500160.0,-1.0234386920928955
7258437632.0,-1.0419756174087524
7259375104.0,-1.0602670907974243
7260312576.0,-1.077872633934021
7261250048.0,-1.0955991744995117
7262187520.0,-1.112697958946228
7263124992.0,-1.1281523704528809
7264062464.0,-1.1586538553237915
7264999936.0,-1.1737338304519653
7265937408.0,-1.1874123811721802
7266874880.0,-1.2035412788391113
7267812352.0,-1.2178159952163696
7268749824.0,-1.230937123298645
7269687296.0,-1.2438035011291504
7270624768.0,-1.2559517621994019
7271562752.0,-1.2675251960754395
7272500224.0,-1.2776179313659668
7273437696.0,-1.2869873046875
7274375168.0,-1.2938724756240845
7275312640.0,-1.2997565269470215
7276250112.0,-1.3039945363998413
7277187584.0,-1.3048866987228394
7278125056.0,-1.3051671981811523
7279062528.0,-1.3013898134231567
7280000000.0,-1.2954481840133667
7280937472.0,-1.2879527807235718
7281874944.0,-1.2792892456054688
7282812416.0,-1.2678297758102417
7283749888.0,-1.2543752193450928
7284687360.0,-1.2377071380615234
7285624832.0,-1.2185062170028687
7286562304.0,-1.1988633871078491
7287499776.0,-1.1781295537948608
7288437248.0,-1.1539084911346436
7289375232.0,-1.1287281513214111
7290312704.0,-1.1020227670669556
7291250176.0,-1.0724903345108032
7292187648.0,-1.0421290397644043
7293125120.0,-1.0119614601135254
7294062592.0,-0.9789361357688904
7295000064.0,-0.9443026185035706
7295937536.0,-0.9097778797149658
7296875008.0,-0.8738245368003845
7297812480.0,-0.8383337259292603
7298749952.0,-0.8017736077308655
7299687424.0,-0.7660581469535828
7300624896.0,-0.7294341921806335
7301562368.0,-0.693783164024353
7302499840.0,-0.6592709422111511
7303437312.0,-0.6236728429794312
7304374784.0,-0.5905849933624268
7305312256.0,-0.5573552250862122
7306250240.0,-0.5261794328689575
7307187712.0,-0.49516236782073975
7308125184.0,-0.46497854590415955
7309062656.0,-0.43704816699028015
7310000128.0,-0.40891170501708984
7310937600.0,-0.3823109567165375
7311875072.0,-0.35788264870643616
7312812544.0,-0.337520956993103
7313750016.0,-0.319088876247406
7314687488.0,-0.30287569761276245
7315624960.0,-0.2887405753135681
7316562432.0,-0.2758253514766693
7317499904.0,-0.2642643451690674
7318437376.0,-0.2551920413970947
7319374848.0,-0.247215136885643
7320312320.0,-0.24234655499458313
7321249792.0,-0.23857463896274567
7322187264.0,-0.23746401071548462
7323125248.0,-0.2381809502840042
7324062720.0,-0.39666008949279785
7325000192.0,-0.3952367901802063
7325937664.0,-0.3944353461265564
7326875136.0,-0.39563316106796265
7327812608.0,-0.3986923396587372
7328750080.0,-0.40196356177330017
7329687552.0,-0.4077862799167633
7330625024.0,-0.4147059917449951
7331562496.0,-0.42171743512153625
7332499968.0,-0.4297337532043457
7333437440.0,-0.43883460760116577
7334374912.0,-0.44744741916656494
7335312384.0,-0.4568822383880615
7336249856.0,-0.4673815965652466
7337187328.0,-0.47681427001953125
7338124800.0,-0.4853190779685974
7339062272.0,-0.4934867024421692
7340000256.0,-0.5015162229537964
7340937728.0,-0.5080858469009399
7341875200.0,-0.5153648853302002
7342812672.0,-0.5195500254631042
7343750144.0,-0.5253639817237854
7344687616.0,-0.5282846093177795
7345625088.0,-0.5299365520477295
7346562560.0,-0.530769407749176
7347500032.0,-0.530208945274353
7348437504.0,-0.5282223224639893
7349374976.0,-0.5249640345573425
7350312448.0,-0.519985020160675
7351249920.0,-0.5153665542602539
7352187392.0,-0.5073954463005066
7353124864.0,-0.4993908405303955
7354062336.0,-0.4906092882156372
7354999808.0,-0.4790934920310974
7355937280.0,-0.4681352376937866
7356874752.0,-0.4552815854549408
7357812736.0,-0.44237998127937317
7358750208.0,-0.42855674028396606
7359687680.0,-0.414786159992218
7360625152.0,-0.40030404925346375
7361562624.0,-0.38684287667274475
7362500096.0,-0.3715919554233551
7363437568.0,-0.3563595116138458
7364375040.0,-0.3391244113445282
7365312512.0,-0.32141250371932983
7366249984.0,-0.3028077483177185
7367187456.0,-0.28487634658813477
7368124928.0,-0.26641958951950073
7369062400.0,-0.24821658432483673
7369999872.0,-0.22908155620098114
7370937344.0,-0.21075686812400818
7371874816.0,-0.192355215549469
7372812288.0,-0.17324379086494446
7373749760.0,-0.15371748805046082
7374687744.0,-0.13555894792079926
7375625216.0,-0.11530989408493042
7376562688.0,-0.09486069530248642
7377500160.0,-0.07380551099777222
7378437632.0,-0.0542585551738739
7379375104.0,-0.031834185123443604
7380312576.0,-0.01101646013557911
7381250048.0,0.009330404922366142
7382187520.0,0.03178215026855469
7383124992.0,0.05248747020959854
7384062464.0,0.06386219710111618
7384999936.0,0.07068444043397903
7385937408.0,0.07702301442623138
7386874880.0,0.0820813924074173
7387812352.0,0.08784817904233932
7388749824.0,0.09304738789796829
7389687296.0,0.0984794944524765
7390624768.0,0.1037784293293953
7391562752.0,0.10881736129522324
7392500224.0,0.11489502340555191
7393437696.0,0.11943846195936203
7394375168.0,0.12598736584186554
7395312640.0,0.13178354501724243
7396250112.0,0.13728106021881104
7397187584.0,0.14299903810024261
7398125056.0,0.1505216509103775
7399062528.0,0.1573510617017746
7400000000.0,0.1642381250858307
7400937472.0,0.17177610099315643
7401874944.0,0.1791255623102188
7402812416.0,0.1864185780286789
7403749888.0,0.19332808256149292
7404687360.0,0.1996638923883438
7405624832.0,0.2033383846282959
7406562304.0,0.20758412778377533
7407499776.0,0.2105342149734497
7408437248.0,0.21018344163894653
7409375232.0,0.20804715156555176
7410312704.0,0.20328253507614136
7411250176.0,0.19677214324474335
7412187648.0,0.18750979006290436
7413125120.0,0.17528440058231354
7414062592.0,0.16153530776500702
7415000064.0,0.1444733738899231
7415937536.0,0.12675808370113373
7416875008.0,0.10542785376310349
7417812480.0,0.0827530100941658
7418749952.0,0.05842408537864685
7419687424.0,0.03323713317513466
7420624896.0,0.00816760677844286
7421562368.0,-0.01826688088476658
7422499840.0,-0.04402859881520271
7423437312.0,-0.07081292569637299
7424374784.0,-0.0970797911286354
7425312256.0,-0.12015900760889053
7426250240.0,-0.14474111795425415
7427187712.0,-0.16636382043361664
7428125184.0,-0.1878061592578888
7429062656.0,-0.20702363550662994
7430000128.0,-0.22457639873027802
7430937600.0,-0.24083095788955688
7431875072.0,-0.254586786031723
7432812544.0,-0.26729249954223633
7433750016.0,-0.2792448401451111
7434687488.0,-0.2896692454814911
7435624960.0,-0.29721543192863464
7436562432.0,-0.30468323826789856
7437499904.0,-0.3111346364021301
7438437376.0,-0.3172738254070282
7439374848.0,-0.32231953740119934
7440312320.0,-0.3231563866138458
7441249792.0,-0.32437601685523987
7442187264.0,-0.32356318831443787
7443125248.0,-0.32239001989364624
7444062720.0,-0.09981731325387955
7445000192.0,-0.0819668173789978
7445937664.0,-0.06567984074354172
7446875136.0,-0.05320194363594055
7447812608.0,-0.042479075491428375
7448750080.0,-0.03371642157435417
7449687552.0,-0.027234526351094246
7450625024.0,-0.022447660565376282
7451562496.0,-0.017823761329054832
7452499968.0,-0.015081005170941353
7453437440.0,-0.012506301514804363
7454374912.0,-0.009549306705594063
7455312384.0,-0.007865134626626968
7456249856.0,-0.005433197598904371
7457187328.0,-0.0022748943883925676
7458124800.0,0.0002753688604570925
7459062272.0,0.005146359093487263
7459999744.0,0.009676404297351837
7460937728.0,0.015802012756466866
7461875200.0,0.02257273904979229
7462812672.0,0.03180233761668205
7463750144.0,0.039973169565200806
7464687616.0,0.04952076077461243
7465625088.0,0.06018091365695
7466562560.0,0.07170796394348145
7467500032.0,0.08225691318511963
7468437504.0,0.09412288665771484
7469374976.0,0.10685370117425919
7470312448.0,0.11845093965530396
7471249920.0,0.13163571059703827
7472187392.0,0.14340169727802277
7473124864.0,0.1547277420759201
7474062336.0,0.16692087054252625
7474999808.0,0.17737072706222534
7475937280.0,0.18626274168491364
7476874752.0,0.19497190415859222
7477812736.0,0.2013176679611206
7478750208.0,0.2075151801109314
7479687680.0,0.21224944293498993
7480625152.0,0.21425800025463104
7481562624.0,0.215738907456398
7482500096.0,0.21527187526226044
7483437568.0,0.21372820436954498
7484375040.0,0.21107643842697144
7485312512.0,0.20522627234458923
7486249984.0,0.1999680995941162
7487187456.0,0.19139464199543
7488124928.0,0.18288621306419373
7489062400.0,0.1729913204908371
7489999872.0,0.1620587706565857
7490937344.0,0.14751413464546204
7491874816.0,0.13106422126293182
7492812288.0,0.11452026665210724
7493749760.0,0.0966733992099762
7494687744.0,0.07826551049947739
7495625216.0,0.0601741187274456
7496562688.0,0.04084772244095802
7497500160.0,0.02266247570514679
7498437632.0,0.003598711919039488
7499375104.0,-0.01458282396197319
7500312576.0,-0.0332103930413723
7501250048.0,-0.048730868846178055
7502187520.0,-0.0676826760172844
7503124992.0,-0.08118414878845215
7504062464.0,-0.06303955614566803
7504999936.0,-0.07319025695323944
7505937408.0,-0.0829232782125473
7506874880.0,-0.09198104590177536
7507812352.0,-0.1021837666630745
7508749824.0,-0.11127236485481262
7509687296.0,-0.12006285041570663
7510624768.0,-0.12724721431732178
7511562752.0,-0.1337626576423645
7512500224.0,-0.14075234532356262
7513437696.0,-0.14550471305847168
7514375168.0,-0.15150389075279236
7515312640.0,-0.15448719263076782
7516250112.0,-0.1586422324180603
7517187584.0,-0.16250041127204895
7518125056.0,-0.16552035510540009
7519062528.0,-0.16780878603458405
7520000000.0,-0.16905823349952698
7520937472.0,-0.16828039288520813
7521874944.0,-0.16807755827903748
7522812416.0,-0.16459602117538452
7523749888.0,-0.1613864302635193
7524687360.0,-0.15701980888843536
7525624832.0,-0.15051478147506714
7526562304.0,-0.14425602555274963
7527499776.0,-0.13669763505458832
7528437248.0,-0.1286078542470932
7529375232.0,-0.11911182850599289
7530312704.0,-0.10911876708269119
7531250176.0,-0.09775808453559875
7532187648.0,-0.0863766074180603
7533125120.0,-0.07332665473222733
7534062592.0,-0.06013390049338341
7535000064.0,-0.04439806193113327
7535937536.0,-0.030361559242010117
7536875008.0,-0.014185545034706593
7537812480.0,0.00042839423986151814
7538749952.0,0.017841964960098267
7539687424.0,0.035115424543619156
7540624896.0,0.053111255168914795
7541562368.0,0.0712309256196022
7542499840.0,0.09190908074378967
7543437312.0,0.11198607832193375
7544374784.0,0.13216666877269745
7545312256.0,0.15325401723384857
7546250240.0,0.1747138798236847
7547187712.0,0.1955740749835968
7548125184.0,0.2154558002948761
7549062656.0,0.23552767932415009
7550000128.0,0.25632205605506897
7550937600.0,0.275686651468277
7551875072.0,0.2955252230167389
7552812544.0,0.3140767216682434
7553750016.0,0.3314897418022156
7554687488.0,0.3491072356700897
7555624960.0,0.36415308713912964
7556562432.0,0.37962284684181213
7557499904.0,0.39277616143226624
7558437376.0,0.4038744866847992
7559374848.0,0.41425448656082153
7560312320.0,0.4230835437774658
7561249792.0,0.4296542704105377
7562187264.0,0.43370911478996277
7563125248.0,0.4358169734477997
7564062720.0,0.21736623346805573
7565000192.0,0.21615341305732727
7565937664.0,0.21394485235214233
7566875136.0,0.21131186187267303
7567812608.0,0.20884448289871216
7568750080.0,0.20522217452526093
7569687552.0,0.20167623460292816
7570625024.0,0.19670356810092926
7571562496.0,0.19060175120830536
7572499968.0,0.1823924034833908
7573437440.0,0.17461231350898743
7574374912.0,0.16560250520706177
7575312384.0,0.15553827583789825
7576249856.0,0.14305856823921204
7577187328.0,0.13041943311691284
7578124800.0,0.11608447879552841
7579062272.0,0.10167766362428665
7580000256.0,0.08629421889781952
7580937728.0,0.0706973522901535
7581875200.0,0.053188301622867584
7582812672.0,0.03437953069806099
7583750144.0,0.01686219684779644
7584687616.0,-0.003740041283890605
7585625088.0,-0.02303897961974144
7586562560.0,-0.04313763976097107
7587500032.0,-0.06245770305395126
7588437504.0,-0.08315601944923401
7589374976.0,-0.10294744372367859
7590312448.0,-0.12421306222677231
7591249920.0,-0.14262498915195465
7592187392.0,-0.16216552257537842
7593124864.0,-0.1809086948633194
7594062336.0,-0.19763286411762238
7594999808.0,-0.2144361287355423
7595937280.0,-0.23016415536403656
7596874752.0,-0.24393972754478455
7597812736.0,-0.25619807839393616
7598750208.0,-0.2683468461036682
7599687680.0,-0.27674052119255066
7600625152.0,-0.28551816940307617
7601562624.0,-0.2920803725719452
7602500096.0,-0.2955363690853119
7603437568.0,-0.29882892966270447
7604375040.0,-0.29970014095306396
7605312512.0,-0.2984413206577301
7606249984.0,-0.2954513132572174
7607187456.0,-0.29023927450180054
7608124928.0,-0.2835918068885803
7609062400.0,-0.27365896105766296
7609999872.0,-0.26330500841140747
7610937344.0,-0.25103408098220825
7611874816.0,-0.2364291101694107
7612812288.0,-0.21990792453289032
7613749760.0,-0.20068217813968658
7614687744.0,-0.1815110445022583
7615625216.0,-0.15971101820468903
7616562688.0,-0.13697972893714905
7617500160.0,-0.11288963258266449
7618437632.0,-0.08715168386697769
7619375104.0,-0.060967814177274704
7620312576.0,-0.034204013645648956
7621250048.0,-0.0063622333109378815
7622187520.0,0.02170146442949772
7623124992.0,0.048957355320453644
7624062464.0,0.07725369930267334
7624999936.0,0.10364088416099548
7625937408.0,0.13034610450267792
7626874880.0,0.15708354115486145
7627812352.0,0.18121297657489777
7628749824.0,0.2037828415632248
7629687296.0,0.225657120347023
7630624768.0,0.2457667887210846
7631562752.0,0.2661263942718506
7632500224.0,0.28228265047073364
7633437696.0,0.29882583022117615
7634375168.0,0.3111567199230194
7635312640.0,0.322748064994812
7636250112.0,0.33339568972587585
7637187584.0,0.3400772511959076
7638125056.0,0.3462769091129303
7639062528.0,0.3495052456855774
7640000000.0,0.351232647895813
7640937472.0,0.3493811786174774
7641874944.0,0.3457464575767517
7642812416.0,0.34157708287239075
7643749888.0,0.3350507915019989
7644687360.0,0.32847049832344055
7645624832.0,0.31840771436691284
7646562304.0,0.3082209825515747
7647499776.0,0.29563313722610474
7648437248.0,0.28230351209640503
7649375232.0,0.26686644554138184
7650312704.0,0.24962234497070312
7651250176.0,0.2321050763130188
7652187648.0,0.21237629652023315
7653125120.0,0.19204360246658325
7654062592.0,0.17013202607631683
7655000064.0,0.14822492003440857
7655937536.0,0.1247168630361557
7656875008.0,0.1000073030591011
7657812480.0,0.07551390677690506
7658749952.0,0.05036066472530365
7659687424.0,0.023756204172968864
7660624896.0,-0.0026065462734550238
7661562368.0,-0.02963893860578537
7662499840.0,-0.0552448146045208
7663437312.0,-0.08118291944265366
7664374784.0,-0.10709366947412491
7665312256.0,-0.131601020693779
7666250240.0,-0.15558944642543793
7667187712.0,-0.17911727726459503
7668125184.0,-0.20042137801647186
7669062656.0,-0.22124190628528595
7670000128.0,-0.2407989501953125
7670937600.0,-0.2577243447303772
7671875072.0,-0.2738683223724365
7672812544.0,-0.2876872420310974
7673750016.0,-0.29841604828834534
7674687488.0,-0.30702537298202515
7675624960.0,-0.3141653537750244
7676562432.0,-0.3180997669696808
7677499904.0,-0.32017409801483154
7678437376.0,-0.3188776969909668
7679374848.0,-0.315994530916214
7680312320.0,-0.3095344305038452
7681249792.0,-0.3019450306892395
7682187264.0,-0.2910228967666626
7683125248.0,-0.27855363488197327
7684062720.0,-0.25521278381347656
7685000192.0,-0.24521619081497192
7685937664.0,-0.23391704261302948
7686875136.0,-0.22049793601036072
7687812608.0,-0.20628449320793152
7688750080.0,-0.19110837578773499
7689687552.0,-0.17337793111801147
7690625024.0,-0.15545494854450226
7691562496.0,-0.1370481699705124
7692499968.0,-0.11713111400604248
7693437440.0,-0.0968170017004013
7694374912.0,-0.07691054046154022
7695312384.0,-0.0579412616789341
7696249856.0,-0.03955700621008873
7697187328.0,-0.021388428285717964
7698124800.0,-0.0034353286027908325
7699062272.0,0.014705090783536434
7699999744.0,0.03159742429852486
7700937728.0,0.04896574467420578
7701875200.0,0.06526827812194824
7702812672.0,0.0806226059794426
7703750144.0,0.09551110863685608
7704687616.0,0.1103777289390564
7705625088.0,0.12300172448158264
7706562560.0,0.1358729749917984
7707500032.0,0.14711882174015045
7708437504.0,0.15851356089115143
7709374976.0,0.16922317445278168
7710312448.0,0.17854125797748566
7711249920.0,0.18806014955043793
7712187392.0,0.19632163643836975
7713124864.0,0.20441143214702606
7714062336.0,0.21190720796585083
7714999808.0,0.21946367621421814
7715937280.0,0.22625422477722168
7716874752.0,0.23307429254055023
7717812736.0,0.23900926113128662
7718750208.0,0.2446061670780182
7719687680.0,0.24947454035282135
7720625152.0,0.25317323207855225
7721562624.0,0.2555132806301117
7722500096.0,0.25808221101760864
7723437568.0,0.260073721408844
7724375040.0,0.261555552482605
7725312512.0,0.2614356279373169
7726249984.0,0.2606666386127472
7727187456.0,0.2582172751426697
7728124928.0,0.2558591365814209
7729062400.0,0.251361608505249
7729999872.0,0.2460053265094757
7730937344.0,0.23977018892765045
7731874816.0,0.23044000566005707
7732812288.0,0.22078993916511536
7733749760.0,0.2092210054397583
7734687744.0,0.1971995085477829
7735625216.0,0.18311724066734314
7736562688.0,0.16799607872962952
7737500160.0,0.15146872401237488
7738437632.0,0.1324847936630249
7739375104.0,0.11350352317094803
7740312576.0,0.092757448554039
7741250048.0,0.0704607367515564
7742187520.0,0.047102537006139755
7743124992.0,0.02224693074822426
7744062464.0,-0.013948498293757439
7744999936.0,-0.018157942220568657
7745937408.0,-0.024262137711048126
7746874880.0,-0.03164321556687355
7747812352.0,-0.03904595598578453
7748749824.0,-0.0487917996942997
7749687296.0,-0.05970529466867447
7750624768.0,-0.07199051231145859
7751562752.0,-0.085848867893219
7752500224.0,-0.10040374845266342
7753437696.0,-0.11638302356004715
7754375168.0,-0.13126042485237122
7755312640.0,-0.14880217611789703
7756250112.0,-0.1671781688928604
7757187584.0,-0.1855495274066925
7758125056.0,-0.2041378617286682
7759062528.0,-0.22325880825519562
7760000000.0,-0.24134795367717743
7760937472.0,-0.2611692547798157
7761874944.0,-0.2795173227787018
7762812416.0,-0.297622412443161
7763749888.0,-0.3142223358154297
7764687360.0,-0.3303534686565399
7765624832.0,-0.34523487091064453
7766562304.0,-0.35942986607551575
7767499776.0,-0.37060755491256714
7768437248.0,-0.381632924079895
7769375232.0,-0.39111700654029846
7770312704.0,-0.3983464241027832
7771250176.0,-0.40338054299354553
7772187648.0,-0.40681546926498413
7773125120.0,-0.4088725745677948
7774062592.0,-0.4075576961040497
7775000064.0,-0.405598908662796
7775937536.0,-0.39930564165115356
7776875008.0,-0.3917098045349121
7777812480.0,-0.38076597452163696
7778749952.0,-0.3688611388206482
7779687424.0,-0.3539469242095947
7780624896.0,-0.3362204134464264
7781562368.0,-0.31586548686027527
7782499840.0,-0.2954145669937134
7783437312.0,-0.2707887291908264
7784374784.0,-0.2459348440170288
7785312256.0,-0.21894533932209015
7786250240.0,-0.19075533747673035
7787187712.0,-0.16052140295505524
7788125184.0,-0.12882378697395325
7789062656.0,-0.09764858335256577
7790000128.0,-0.06296838074922562
7790937600.0,-0.031388282775878906
7791875072.0,0.003986762370914221
7792812544.0,0.036384306848049164
7793750016.0,0.07030859589576721
7794687488.0,0.10404840111732483
7795624960.0,0.1364837884902954
7796562432.0,0.16716159880161285
7797499904.0,0.19792017340660095
7798437376.0,0.2269246131181717
7799374848.0,0.25383260846138
7800312320.0,0.2796483337879181
7801249792.0,0.30369293689727783
7802187264.0,0.32443538308143616
7803125248.0,0.3428536653518677
7804062720.0,0.1709587126970291
7805000192.0,0.181693896651268
7805937664.0,0.19264018535614014
7806875136.0,0.19975905120372772
7807812608.0,0.20606617629528046
7808750080.0,0.2101883590221405
7809687552.0,0.2133241593837738
7810625024.0,0.21434780955314636
7811562496.0,0.21207958459854126
7812499968.0,0.20844343304634094
7813437440.0,0.20264440774917603
7814374912.0,0.19411350786685944
7815312384.0,0.18375644087791443
7816249856.0,0.17088785767555237
7817187328.0,0.15585379302501678
7818124800.0,0.1380341649055481
7819062272.0,0.11937610059976578
7820000256.0,0.09847527742385864
7820937728.0,0.07508230209350586
7821875200.0,0.05142029747366905
7822812672.0,0.027058474719524384
7823750144.0,0.001165998401120305
7824687616.0,-0.024982411414384842
7825625088.0,-0.05183212086558342
7826562560.0,-0.07993507385253906
7827500032.0,-0.10779520124197006
7828437504.0,-0.13645054399967194
7829374976.0,-0.16548994183540344
7830312448.0,-0.1931537240743637
7831249920.0,-0.22012144327163696
7832187392.0,-0.24775396287441254
7833124864.0,-0.27446433901786804
7834062336.0,-0.2999923527240753
7834999808.0,-0.3243355453014374
7835937280.0,-0.3472517132759094
7836874752.0,-0.368306428194046
7837812736.0,-0.38761135935783386
7838750208.0,-0.4054795801639557
7839687680.0,-0.4215942621231079
7840625152.0,-0.43519482016563416
7841562624.0,-0.44645926356315613
7842500096.0,-0.45538488030433655
7843437568.0,-0.4637520909309387
7844375040.0,-0.4689437747001648
7845312512.0,-0.47197800874710083
7846249984.0,-0.4729476869106293
7847187456.0,-0.47162652015686035
7848124928.0,-0.46648794412612915
7849062400.0,-0.45882391929626465
7849999872.0,-0.4488610625267029
7850937344.0,-0.4385024905204773
7851874816.0,-0.4260528087615967
7852812288.0,-0.4133080542087555
7853749760.0,-0.3996160626411438
7854687744.0,-0.38516998291015625
7855625216.0,-0.36849460005760193
7856562688.0,-0.3520495593547821
7857500160.0,-0.3355651795864105
7858437632.0,-0.3171028792858124
7859375104.0,-0.29875025153160095
7860312576.0,-0.27995139360427856
7861250048.0,-0.2622744143009186
7862187520.0,-0.24344125390052795
7863124992.0,-0.22411172091960907
7864062464.0,-0.20562241971492767
7864999936.0,-0.18849045038223267
7865937408.0,-0.17027689516544342
7866874880.0,-0.15201348066329956
7867812352.0,-0.13428643345832825
7868749824.0,-0.11603094637393951
7869687296.0,-0.09728618711233139
7870624768.0,-0.08019296824932098
7871562752.0,-0.06317457556724548
7872500224.0,-0.04606708884239197
7873437696.0,-0.02942357398569584
7874375168.0,-0.011969218030571938
7875312640.0,0.003463050117716193
7876250112.0,0.018406881019473076
7877187584.0,0.03216886520385742
7878125056.0,0.04384017363190651
7879062528.0,0.05489320680499077
7880000000.0,0.06367208808660507
7880937472.0,0.0689280554652214
7881874944.0,0.07302974909543991
7882812416.0,0.07501226663589478
7883749888.0,0.07400797307491302
7884687360.0,0.07008610665798187
7885624832.0,0.063152976334095
7886562304.0,0.05378539115190506
7887499776.0,0.04138602688908577
7888437248.0,0.026465250179171562
7889375232.0,0.009038255549967289
7890312704.0,-0.010346490889787674
7891250176.0,-0.031135033816099167
7892187648.0,-0.05597936362028122
7893125120.0,-0.08073252439498901
7894062592.0,-0.10719446837902069
7895000064.0,-0.13393686711788177
7895937536.0,-0.1614299714565277
7896875008.0,-0.19008268415927887
7897812480.0,-0.21878878772258759
7898749952.0,-0.24695926904678345
7899687424.0,-0.2771497070789337
7900624896.0,-0.30635538697242737
7901562368.0,-0.333523690700531
7902499840.0,-0.36242011189460754
7903437312.0,-0.38983288407325745
7904374784.0,-0.41561514139175415
7905312256.0,-0.43914031982421875
7906250240.0,-0.4625203609466553
7907187712.0,-0.48523399233818054
7908125184.0,-0.5061600804328918
7909062656.0,-0.5271418690681458
7910000128.0,-0.5467426180839539
7910937600.0,-0.5660842657089233
7911875072.0,-0.5849279165267944
7912812544.0,-0.602565348148346
7913750016.0,-0.6207311749458313
7914687488.0,-0.6390631198883057
7915624960.0,-0.6573176980018616
7916562432.0,-0.6768748164176941
7917499904.0,-0.6945149302482605
7918437376.0,-0.7142276763916016
7919374848.0,-0.7330566048622131
7920312320.0,-0.7538710832595825
7921249792.0,-0.7747346758842468
7922187264.0,-0.7962354421615601
7923125248.0,-0.817755937576294
7924062720.0,-0.8550465106964111
7925000192.0,-0.8599328994750977
7925937664.0,-0.8645556569099426
7926875136.0,-0.8684545159339905
7927812608.0,-0.8712959289550781
7928750080.0,-0.8759702444076538
7929687552.0,-0.8792757987976074
7930625024.0,-0.8819524645805359
7931562496.0,-0.8841655850410461
7932499968.0,-0.8851196765899658
7933437440.0,-0.8862637281417847
7934374912.0,-0.8863303661346436
7935312384.0,-0.8854607343673706
7936249856.0,-0.8825136423110962
7937187328.0,-0.8802840709686279
7938124800.0,-0.8766993880271912
7939062272.0,-0.8714444041252136
7939999744.0,-0.8652581572532654
7940937728.0,-0.8577466607093811
7941875200.0,-0.8490095138549805
7942812672.0,-0.8388145565986633
7943750144.0,-0.827255368232727
7944687616.0,-0.8131335973739624
7945625088.0,-0.7987347841262817
7946562560.0,-0.7814319729804993
7947500032.0,-0.7637356519699097
7948437504.0,-0.7436268329620361
7949374976.0,-0.7217450141906738
7950312448.0,-0.6997313499450684
7951249920.0,-0.6763669848442078
7952187392.0,-0.6523306369781494
7953124864.0,-0.6275901198387146
7954062336.0,-0.6006582975387573
7954999808.0,-0.5743740200996399
7955937280.0,-0.546140193939209
7956874752.0,-0.5185021162033081
7957812736.0,-0.4900745451450348
7958750208.0,-0.4609394073486328
7959687680.0,-0.43242335319519043
7960625152.0,-0.40445560216903687
7961562624.0,-0.3756761848926544
7962500096.0,-0.34755754470825195
7963437568.0,-0.31998592615127563
7964375040.0,-0.293584942817688
7965312512.0,-0.2684943675994873
7966249984.0,-0.2449643611907959
7967187456.0,-0.22267375886440277
7968124928.0,-0.20057173073291779
7969062400.0,-0.18074747920036316
7969999872.0,-0.1626885086297989
7970937344.0,-0.14595793187618256
7971874816.0,-0.13167789578437805
7972812288.0,-0.11859095841646194
7973749760.0,-0.1084413230419159
7974687744.0,-0.09810949862003326
7975625216.0,-0.09390536695718765
7976562688.0,-0.08990299701690674
7977500160.0,-0.08830021321773529
7978437632.0,-0.08783464133739471
7979375104.0,-0.09030327945947647
7980312576.0,-0.09373423457145691
7981250048.0,-0.09808919578790665
7982187520.0,-0.10549882054328918
7983124992.0,-0.113365538418293
7984062464.0,-0.23280732333660126
7984999936.0,-0.23547019064426422
7985937408.0,-0.23819822072982788
7986874880.0,-0.2422519475221634
7987812352.0,-0.24688485264778137
7988749824.0,-0.2526514232158661
7989687296.0,-0.25874099135398865
7990624768.0,-0.2655947208404541
7991562752.0,-0.2723252773284912
7992500224.0,-0.2790951728820801
7993437696.0,-0.28806155920028687
7994375168.0,-0.29769331216812134
7995312640.0,-0.30647778511047363
7996250112.0,-0.31666100025177
7997187584.0,-0.3274752199649811
7998125056.0,-0.33879944682121277
7999062528.0,-0.3493073582649231
8000000000.0,-0.3578517735004425
