Frequency (Hz),Measurement
2000000000.0,0.1875571459531784
2000937472.0,0.1795155107975006
2001874944.0,0.17112179100513458
2002812544.0,0.16152898967266083
2003750016.0,0.15188315510749817
2004687488.0,0.14110958576202393
2005624960.0,0.12942098081111908
2006562560.0,0.11779267340898514
2007500032.0,0.1051388680934906
2008437504.0,0.09210449457168579
2009374976.0,0.07780642807483673
2010312448.0,0.06459926068782806
2011250048.0,0.05035053938627243
2012187520.0,0.03596263378858566
2013124992.0,0.021187983453273773
2014062464.0,0.006532784551382065
2015000064.0,-0.00739496061578393
2015937536.0,-0.020895645022392273
2016875008.0,-0.03512411564588547
2017812480.0,-0.04793929681181908
2018749952.0,-0.05990516394376755
2019687552.0,-0.07167666405439377
2020625024.0,-0.08275508135557175
2021562496.0,-0.09278134256601334
2022499968.0,-0.10116734355688095
2023437440.0,-0.10732428729534149
2024375040.0,-0.1131334975361824
2025312512.0,-0.11790506541728973
2026249984.0,-0.12066124379634857
2027187456.0,-0.1216994896531105
2028125056.0,-0.12154770642518997
2029062528.0,-0.1192055344581604
2030000000.0,-0.11638282239437103
2030937472.0,-0.1107572466135025
2031874944.0,-0.10406085848808289
2032812544.0,-0.09665799140930176
2033750016.0,-0.08713371306657791
2034687488.0,-0.07694676518440247
2035624960.0,-0.06588053703308105
2036562560.0,-0.053386639803647995
2037500032.0,-0.04049249365925789
2038437504.0,-0.02737686038017273
2039374976.0,-0.013446453958749771
2040312448.0,0.0013377680443227291
2041250048.0,0.015334594063460827
2042187520.0,0.030980650335550308
2043124992.0,0.0434291809797287
2044062464.0,0.05693565681576729
2044999936.0,0.07083549350500107
2045937536.0,0.08268865942955017
2046875008.0,0.0929606631398201
2047812480.0,0.10427094995975494
2048749952.0,0.1011323556303978
2049687552.0,0.11046622693538666
2050625024.0,0.11838676035404205
2051562496.0,0.12381240725517273
2052499968.0,0.12695583701133728
2053437440.0,0.12916728854179382
2054375040.0,0.1285034418106079
2055312512.0,0.12623795866966248
2056249984.0,0.12269795686006546
2057187456.0,0.11617936193943024
2058125056.0,0.10797984153032303
2059062528.0,0.09785910695791245
2060000000.0,0.08600043505430222
2060937472.0,0.07233644276857376
2061874944.0,0.05774172767996788
2062812544.0,0.041907742619514465
2063750016.0,0.026098692789673805
2064687488.0,0.008657069876790047
2065624960.0,-0.008579275570809841
2066562560.0,-0.026468662545084953
2067500032.0,-0.0433647558093071
2068437504.0,-0.0593208409845829
2069374976.0,-0.07455723732709885
2070312448.0,-0.08897915482521057
2071250048.0,-0.10160461813211441
2072187520.0,-0.11252029240131378
2073124992.0,-0.12132798880338669
2074062464.0,-0.12869097292423248
2075000064.0,-0.13429604470729828
2075937536.0,-0.13741013407707214
2076875008.0,-0.13772033154964447
2077812480.0,-0.13778510689735413
2078749952.0,-0.1349775493144989
2079687552.0,-0.13076530396938324
2080625024.0,-0.12373508512973785
2081562496.0,-0.1151101291179657
2082499968.0,-0.10615215450525284
2083437440.0,-0.09665298461914062
2084375040.0,-0.0849580243229866
2085312512.0,-0.07363465428352356
2086249984.0,-0.06117285043001175
2087187456.0,-0.04870095103979111
2088125056.0,-0.036911219358444214
2089062528.0,-0.024950550869107246
2090000000.0,-0.013302366249263287
2090937472.0,-0.002876465441659093
2091874944.0,0.007449260447174311
2092812544.0,0.016491366550326347
2093750016.0,0.025792788714170456
2094687488.0,0.03343942388892174
2095624960.0,0.04072415083646774
2096562560.0,0.04661945626139641
2097500032.0,0.05246952176094055
2098437504.0,0.057326626032590866
2099374976.0,0.061597004532814026
2100312448.0,0.06560317426919937
2101250048.0,0.06966604292392731
2102187520.0,0.07293988764286041
2103124992.0,0.0776115283370018
2104062464.0,0.08160810172557831
2104999936.0,0.08635721355676651
2105937536.0,0.0902283564209938
2106875008.0,0.09450161457061768
2107812480.0,0.09888681769371033
2108749952.0,0.1297290027141571
2109687552.0,0.13554489612579346
2110625024.0,0.14081761240959167
2111562496.0,0.14605167508125305
2112499968.0,0.1495099812746048
2113437440.0,0.1519080549478531
2114375040.0,0.15387876331806183
2115312512.0,0.1547253280878067
2116249984.0,0.15349751710891724
2117187456.0,0.1522722840309143
2118125056.0,0.14881528913974762
2119062528.0,0.14357559382915497
2120000000.0,0.13813191652297974
2120937472.0,0.13127602636814117
2121874944.0,0.1225532591342926
2122812544.0,0.11307302117347717
2123750016.0,0.10198862850666046
2124687488.0,0.09097974747419357
2125624960.0,0.07938534766435623
2126562560.0,0.0664481669664383
2127500032.0,0.05398410186171532
2128437504.0,0.04030739143490791
2129374976.0,0.028385445475578308
2130312448.0,0.013883083127439022
2131250048.0,0.0018174091819673777
2132187520.0,-0.010888884775340557
2133124992.0,-0.02196928672492504
2134062464.0,-0.03381873294711113
2135000064.0,-0.04297172278165817
2135937536.0,-0.05230613052845001
2136875008.0,-0.06046249344944954
2137812480.0,-0.06590371578931808
2138749952.0,-0.07154331356287003
2139687552.0,-0.07536628842353821
2140625024.0,-0.07753094285726547
2141562496.0,-0.07766645401716232
2142499968.0,-0.07642102986574173
2143437440.0,-0.07491710782051086
2144375040.0,-0.07168499380350113
2145312512.0,-0.0677773654460907
2146249984.0,-0.06251981109380722
2147187456.0,-0.0561392717063427
2148124928.0,-0.04752865806221962
2149062400.0,-0.04017158970236778
2150000128.0,-0.03112584725022316
2150937600.0,-0.022910011932253838
2151875072.0,-0.01401913445442915
2152812544.0,-0.003929386381059885
2153750016.0,0.005423504393547773
2154687488.0,0.014749400317668915
2155624960.0,0.023354673758149147
2156562432.0,0.03265415504574776
2157499904.0,0.0409773513674736
2158437376.0,0.0481422133743763
2159375104.0,0.05498597025871277
2160312576.0,0.06093558296561241
2161250048.0,0.06566260010004044
2162187520.0,0.07098926603794098
2163124992.0,0.07401750236749649
2164062464.0,0.0777835100889206
2164999936.0,0.08016713708639145
2165937408.0,0.0815669596195221
2166874880.0,0.08394130319356918
2167812608.0,0.08478053659200668
2168750080.0,0.15688884258270264
2169687552.0,0.15775780379772186
2170625024.0,0.15747785568237305
2171562496.0,0.15406262874603271
2172499968.0,0.15017852187156677
2173437440.0,0.14397867023944855
2174374912.0,0.13704082369804382
2175312384.0,0.1291770488023758
2176250112.0,0.11885035037994385
2177187584.0,0.10793475061655045
2178125056.0,0.09705819934606552
2179062528.0,0.08390489220619202
2180000000.0,0.07109057903289795
2180937472.0,0.05800553038716316
2181874944.0,0.04439091682434082
2182812416.0,0.03102070651948452
2183749888.0,0.016665177419781685
2184687616.0,0.003928689286112785
2185625088.0,-0.009550964459776878
2186562560.0,-0.022966159507632256
2187500032.0,-0.03589794784784317
2188437504.0,-0.04759544879198074
2189374976.0,-0.05840509012341499
2190312448.0,-0.06987126171588898
2191249920.0,-0.0792897492647171
2192187392.0,-0.08829102665185928
2193125120.0,-0.09558495879173279
2194062592.0,-0.10283296555280685
2195000064.0,-0.109620600938797
2195937536.0,-0.11410784721374512
2196875008.0,-0.11792632937431335
2197812480.0,-0.12081631273031235
2198749952.0,-0.12248393893241882
2199687424.0,-0.12330608814954758
2200624896.0,-0.12405142933130264
2201562624.0,-0.12408192455768585
2202500096.0,-0.12223593145608902
2203437568.0,-0.12060495465993881
2204375040.0,-0.11851579695940018
2205312512.0,-0.11519995331764221
2206249984.0,-0.11199729889631271
2207187456.0,-0.10808754712343216
2208124928.0,-0.103630430996418
2209062400.0,-0.09837653487920761
2209999872.0,-0.09261154383420944
2210937600.0,-0.08717271685600281
2211875072.0,-0.07984229922294617
2212812544.0,-0.07319694757461548
2213750016.0,-0.06682053208351135
2214687488.0,-0.05831094831228256
2215624960.0,-0.049797285348176956
2216562432.0,-0.04242609068751335
2217499904.0,-0.03278800845146179
2218437376.0,-0.02455328218638897
2219375104.0,-0.015284596011042595
2220312576.0,-0.005603162571787834
2221250048.0,0.004177291411906481
2222187520.0,0.013526870869100094
2223124992.0,0.02437463589012623
2224062464.0,0.033372923731803894
2224999936.0,0.04417375847697258
2225937408.0,0.05436921864748001
2226874880.0,0.0645017996430397
2227812608.0,0.07450145483016968
2228750080.0,0.08096786588430405
2229687552.0,0.08927154541015625
2230625024.0,0.09767945855855942
2231562496.0,0.10506746917963028
2232499968.0,0.11102624237537384
2233437440.0,0.11730504035949707
2234374912.0,0.12111856788396835
2235312384.0,0.12538428604602814
2236250112.0,0.12682923674583435
2237187584.0,0.12611867487430573
2238125056.0,0.12410192936658859
2239062528.0,0.11986897140741348
2240000000.0,0.11344373226165771
2240937472.0,0.1073702871799469
2241874944.0,0.0992574617266655
2242812416.0,0.08934912085533142
2243749888.0,0.07993117719888687
2244687616.0,0.06776641309261322
2245625088.0,0.054855309426784515
2246562560.0,0.04093596711754799
2247500032.0,0.026837708428502083
2248437504.0,0.011694882065057755
2249374976.0,-0.004350245464593172
2250312448.0,-0.02142823487520218
2251249920.0,-0.03890710696578026
2252187392.0,-0.05729164183139801
2253125120.0,-0.07667937129735947
2254062592.0,-0.09599311649799347
2255000064.0,-0.11519023030996323
2255937536.0,-0.13515152037143707
2256875008.0,-0.15516725182533264
2257812480.0,-0.17416828870773315
2258749952.0,-0.19431300461292267
2259687424.0,-0.21368703246116638
2260624896.0,-0.2327858954668045
2261562624.0,-0.25063556432724
2262500096.0,-0.2682443857192993
2263437568.0,-0.28556692600250244
2264375040.0,-0.30052298307418823
2265312512.0,-0.3147866129875183
2266249984.0,-0.32769399881362915
2267187456.0,-0.33977973461151123
2268124928.0,-0.34945547580718994
2269062400.0,-0.35822057723999023
2270000128.0,-0.36637255549430847
2270937600.0,-0.3723158538341522
2271875072.0,-0.37597528100013733
2272812544.0,-0.3785165846347809
2273750016.0,-0.37911856174468994
2274687488.0,-0.3790245056152344
2275624960.0,-0.37851792573928833
2276562432.0,-0.37518423795700073
2277499904.0,-0.3691195249557495
2278437376.0,-0.36434119939804077
2279375104.0,-0.3561718463897705
2280312576.0,-0.3478202521800995
2281250048.0,-0.3393387794494629
2282187520.0,-0.32924768328666687
2283124992.0,-0.31879499554634094
2284062464.0,-0.3080052435398102
2284999936.0,-0.2966616451740265
2285937408.0,-0.28599870204925537
2286874880.0,-0.27488210797309875
2287812608.0,-0.2664887309074402
2288750080.0,-0.28089645504951477
2289687552.0,-0.28329500555992126
2290625024.0,-0.2868523597717285
2291562496.0,-0.2889653444290161
2292499968.0,-0.29283714294433594
2293437440.0,-0.2969811260700226
2294374912.0,-0.3011772632598877
2295312384.0,-0.306121826171875
2296250112.0,-0.3137802183628082
2297187584.0,-0.3208078444004059
2298125056.0,-0.32979753613471985
2299062528.0,-0.3408861458301544
2300000000.0,-0.3531138002872467
2300937472.0,-0.3676750063896179
2301874944.0,-0.38431239128112793
2302812416.0,-0.4011933207511902
2303749888.0,-0.4228244125843048
2304687616.0,-0.4451233744621277
2305625088.0,-0.47114893794059753
2306562560.0,-0.49865013360977173
2307500032.0,-0.528285562992096
2308437504.0,-0.5619775652885437
2309374976.0,-0.5945212244987488
2310312448.0,-0.6217482089996338
2311249920.0,-0.6506356000900269
2312187392.0,-0.6800729632377625
2313125120.0,-0.711526095867157
2314062592.0,-0.7433968782424927
2315000064.0,-0.7761586904525757
2315937536.0,-0.8108992576599121
2316875008.0,-0.8449538946151733
2317812480.0,-0.879967451095581
2318749952.0,-0.9157774448394775
2319687424.0,-0.9508681297302246
2320624896.0,-0.9854511022567749
2321562624.0,-1.0180363655090332
2322500096.0,-1.051096796989441
2323437568.0,-1.0824270248413086
2324375040.0,-1.1113024950027466
2325312512.0,-1.13802170753479
2326249984.0,-1.1616731882095337
2327187456.0,-1.1843483448028564
2328124928.0,-1.2044644355773926
2329062400.0,-1.2221077680587769
2329999872.0,-1.2375142574310303
2330937600.0,-1.2506098747253418
2331875072.0,-1.2605102062225342
2332812544.0,-1.2688666582107544
2333750016.0,-1.274164080619812
2334687488.0,-1.2769514322280884
2335624960.0,-1.277018427848816
2336562432.0,-1.2739518880844116
2337499904.0,-1.2698721885681152
2338437376.0,-1.2629148960113525
2339375104.0,-1.2558276653289795
2340312576.0,-1.246242642402649
2341250048.0,-1.2343132495880127
2342187520.0,-1.2215169668197632
2343124992.0,-1.2075164318084717
2344062464.0,-1.1931010484695435
2344999936.0,-1.1777342557907104
2345937408.0,-1.1615748405456543
2346874880.0,-1.1464800834655762
2347812608.0,-1.1311665773391724
2348750080.0,-1.1004438400268555
2349687552.0,-1.0904308557510376
2350625024.0,-1.0797988176345825
2351562496.0,-1.0689436197280884
2352499968.0,-1.0593550205230713
2353437440.0,-1.0490764379501343
2354374912.0,-1.0402324199676514
2355312384.0,-1.0323896408081055
2356250112.0,-1.024691104888916
2357187584.0,-1.018990159034729
2358125056.0,-1.0146714448928833
2359062528.0,-1.012075662612915
2360000000.0,-1.010841965675354
2360937472.0,-1.0102710723876953
2361874944.0,-1.0117688179016113
2362812416.0,-1.0141719579696655
2363749888.0,-1.017455816268921
2364687616.0,-1.0237435102462769
2365625088.0,-1.0297660827636719
2366562560.0,-1.0375885963439941
2367500032.0,-1.0457948446273804
2368437504.0,-1.0555452108383179
2369374976.0,-1.064925193786621
2370312448.0,-1.0739092826843262
2371249920.0,-1.0834788084030151
2372187392.0,-1.0915814638137817
2373125120.0,-1.0984340906143188
2374062592.0,-1.103941798210144
2375000064.0,-1.1065335273742676
2375937536.0,-1.1082972288131714
2376875008.0,-1.104819893836975
2377812480.0,-1.0994131565093994
2378749952.0,-1.0918052196502686
2379687424.0,-1.0798523426055908
2380624896.0,-1.065189242362976
2381562624.0,-1.04661226272583
2382500096.0,-1.025267243385315
2383437568.0,-1.0006494522094727
2384375040.0,-0.9732656478881836
2385312512.0,-0.9433445334434509
2386249984.0,-0.911963164806366
2387187456.0,-0.8782227039337158
2388124928.0,-0.8433668613433838
2389062400.0,-0.8084551692008972
2390000128.0,-0.7722668051719666
2390937600.0,-0.735858142375946
2391875072.0,-0.700553834438324
2392812544.0,-0.665192186832428
2393750016.0,-0.6300806403160095
2394687488.0,-0.5962898135185242
2395624960.0,-0.5631210803985596
2396562432.0,-0.5308231711387634
2397499904.0,-0.49862346053123474
2398437376.0,-0.4686638116836548
2399375104.0,-0.43937063217163086
2400312576.0,-0.41105717420578003
2401250048.0,-0.38450193405151367
2402187520.0,-0.3570851981639862
2403124992.0,-0.3317347466945648
2404062464.0,-0.30630970001220703
2404999936.0,-0.2812676429748535
2405937408.0,-0.257877379655838
2406874880.0,-0.23404300212860107
2407812608.0,-0.21147505939006805
2408750080.0,-0.13793571293354034
2409687552.0,-0.11654262989759445
2410625024.0,-0.09576843678951263
2411562496.0,-0.07645409554243088
2412499968.0,-0.059589847922325134
2413437440.0,-0.04412134736776352
2414374912.0,-0.03133653849363327
2415312384.0,-0.021153708919882774
2416250112.0,-0.01315502543002367
2417187584.0,-0.009356874041259289
2418125056.0,-0.007439565844833851
2419062528.0,-0.009402898140251637
2420000000.0,-0.014923781156539917
2420937472.0,-0.02360055036842823
2421874944.0,-0.03553878143429756
2422812416.0,-0.05091150104999542
2423749888.0,-0.06772579997777939
2424687616.0,-0.08874108642339706
2425625088.0,-0.11222623288631439
2426562560.0,-0.13757538795471191
2427500032.0,-0.16478605568408966
2428437504.0,-0.19338911771774292
2429374976.0,-0.22344936430454254
2430312448.0,-0.25169527530670166
2431249920.0,-0.2820999324321747
2432187392.0,-0.3115997612476349
2433125120.0,-0.33893105387687683
2434062592.0,-0.3656597435474396
2435000064.0,-0.39021924138069153
2435937536.0,-0.4123210310935974
2436875008.0,-0.4314502477645874
2437812480.0,-0.4471193253993988
2438749952.0,-0.45986732840538025
2439687424.0,-0.46990537643432617
2440624896.0,-0.4750605523586273
2441562624.0,-0.478183776140213
2442500096.0,-0.47631967067718506
2443437568.0,-0.471141517162323
2444375040.0,-0.46199965476989746
2445312512.0,-0.449905127286911
2446249984.0,-0.4342602491378784
2447187456.0,-0.4146362245082855
2448124928.0,-0.3946663439273834
2449062400.0,-0.3701666295528412
2449999872.0,-0.3434157371520996
2450937600.0,-0.3146769106388092
2451875072.0,-0.2849966287612915
2452812544.0,-0.25275975465774536
2453750016.0,-0.2208598554134369
2454687488.0,-0.1873847395181656
2455624960.0,-0.15462014079093933
2456562432.0,-0.12099125981330872
2457499904.0,-0.08696135878562927
2458437376.0,-0.05429236218333244
2459375104.0,-0.02271425351500511
2460312576.0,0.0082118334248662
2461250048.0,0.039002373814582825
2462187520.0,0.06752128899097443
2463124992.0,0.09632882475852966
2464062464.0,0.1229134052991867
2464999936.0,0.14779767394065857
2465937408.0,0.17223379015922546
2466874880.0,0.1952657550573349
2467812608.0,0.21597836911678314
2468750080.0,0.12685351073741913
2469687552.0,0.14109651744365692
2470625024.0,0.15677230060100555
2471562496.0,0.1686822474002838
2472499968.0,0.17949727177619934
2473437440.0,0.18968738615512848
2474374912.0,0.19729334115982056
2475312384.0,0.20248404145240784
2476250112.0,0.20689569413661957
2477187584.0,0.2083406299352646
2478125056.0,0.20742395520210266
2479062528.0,0.20522694289684296
2480000000.0,0.20077429711818695
2480937472.0,0.19501705467700958
2481874944.0,0.1865888237953186
2482812416.0,0.17613758146762848
2483749888.0,0.1642519235610962
2484687616.0,0.15144720673561096
2485625088.0,0.1366979479789734
2486562560.0,0.11966712772846222
2487500032.0,0.10213784873485565
2488437504.0,0.08274976164102554
2489374976.0,0.06274669617414474
2490312448.0,0.04277624934911728
2491249920.0,0.021901000291109085
2492187392.0,0.0006496808491647243
2493125120.0,-0.019492782652378082
2494062592.0,-0.04001545533537865
2495000064.0,-0.06097773090004921
2495937536.0,-0.08086950331926346
2496875008.0,-0.0990602970123291
2497812480.0,-0.11697772890329361
2498749952.0,-0.13298943638801575
2499687424.0,-0.14792582392692566
2500624896.0,-0.16172367334365845
2501562624.0,-0.17415177822113037
2502500096.0,-0.18357524275779724
2503437568.0,-0.19186261296272278
2504375040.0,-0.19876283407211304
2505312512.0,-0.2021312266588211
2506249984.0,-0.2033667415380478
2507187456.0,-0.2038211077451706
2508124928.0,-0.2014860212802887
2509062400.0,-0.19806504249572754
2510000128.0,-0.19216866791248322
2510937600.0,-0.1846146583557129
2511875072.0,-0.1755843162536621
2512812544.0,-0.16331887245178223
2513750016.0,-0.15144847333431244
2514687488.0,-0.13663993775844574
2515624960.0,-0.12164220213890076
2516562432.0,-0.10447811335325241
2517499904.0,-0.08683677762746811
2518437376.0,-0.07000327110290527
2519375104.0,-0.05069924518465996
2520312576.0,-0.030142977833747864
2521250048.0,-0.011180196888744831
2522187520.0,0.008714857511222363
2523124992.0,0.027069903910160065
2524062464.0,0.046168360859155655
2524999936.0,0.06417512893676758
2525937408.0,0.08267617225646973
2526874880.0,0.09899178147315979
2527812608.0,0.11477793008089066
2528750080.0,0.16759656369686127
2529687552.0,0.1731152981519699
2530625024.0,0.17761901021003723
2531562496.0,0.18165980279445648
2532499968.0,0.18452568352222443
2533437440.0,0.1874285340309143
2534374912.0,0.1877625584602356
2535312384.0,0.18772214651107788
2536250112.0,0.18781626224517822
2537187584.0,0.18599356710910797
2538125056.0,0.18347740173339844
2539062528.0,0.180099755525589
2540000000.0,0.17568349838256836
2540937472.0,0.16906918585300446
2541874944.0,0.16195280849933624
2542812416.0,0.15483862161636353
2543749888.0,0.14609357714653015
2544687616.0,0.1358875334262848
2545625088.0,0.12482844293117523
2546562560.0,0.11316359788179398
2547500032.0,0.10101228952407837
2548437504.0,0.08657439798116684
2549374976.0,0.07121004164218903
2550312448.0,0.05570150911808014
2551249920.0,0.04145756736397743
2552187392.0,0.024684609845280647
2553125120.0,0.008907314389944077
2554062592.0,-0.00675836019217968
2555000064.0,-0.023610221222043037
2555937536.0,-0.03981637582182884
2556875008.0,-0.05539959669113159
2557812480.0,-0.06972510367631912
2558749952.0,-0.08333861827850342
2559687424.0,-0.09642123430967331
2560624896.0,-0.10817885398864746
2561562624.0,-0.11871667951345444
2562500096.0,-0.12631112337112427
2563437568.0,-0.13307419419288635
2564375040.0,-0.1393020898103714
2565312512.0,-0.14248442649841309
2566249984.0,-0.14351998269557953
2567187456.0,-0.1435556560754776
2568124928.0,-0.1405559629201889
2569062400.0,-0.13633529841899872
2569999872.0,-0.13014638423919678
2570937600.0,-0.12086571007966995
2571875072.0,-0.11097756773233414
2572812544.0,-0.09916999191045761
2573750016.0,-0.08639474958181381
2574687488.0,-0.07088906317949295
2575624960.0,-0.05413000285625458
2576562432.0,-0.0374438650906086
2577499904.0,-0.01909428834915161
2578437376.0,-3.4048157431243453e-06
2579375104.0,0.02007431909441948
2580312576.0,0.040060415863990784
2581250048.0,0.059544194489717484
2582187520.0,0.079734206199646
2583124992.0,0.09880037605762482
2584062464.0,0.11758869141340256
2584999936.0,0.13583336770534515
2585937408.0,0.15265288949012756
2586874880.0,0.168056920170784
2587812608.0,0.18073727190494537
2588750080.0,0.2046031951904297
2589687552.0,0.21271832287311554
2590625024.0,0.21849492192268372
2591562496.0,0.22123031318187714
2592499968.0,0.22239913046360016
2593437440.0,0.2205638289451599
2594374912.0,0.21635542809963226
2595312384.0,0.2097485363483429
2596250112.0,0.20288032293319702
2597187584.0,0.1930815875530243
2598125056.0,0.1808336079120636
2599062528.0,0.16779758036136627
2600000000.0,0.15437836945056915
2600937472.0,0.13824592530727386
2601874944.0,0.1229781061410904
2602812416.0,0.10714542120695114
2603749888.0,0.08982017636299133
2604687616.0,0.07332035154104233
2605625088.0,0.056868549436330795
2606562560.0,0.03996530920267105
2607500032.0,0.024295736104249954
2608437504.0,0.008659357205033302
2609374976.0,-0.005301114171743393
2610312448.0,-0.019076842814683914
2611249920.0,-0.032704006880521774
2612187392.0,-0.0444684736430645
2613125120.0,-0.05589151382446289
2614062592.0,-0.0650479793548584
2615000064.0,-0.0732404813170433
2615937536.0,-0.08059952408075333
2616875008.0,-0.08606890588998795
2617812480.0,-0.09287478029727936
2618749952.0,-0.09572310745716095
2619687424.0,-0.09875887632369995
2620624896.0,-0.10013981908559799
2621562624.0,-0.10010671615600586
2622500096.0,-0.1002173125743866
2623437568.0,-0.09919049590826035
2624375040.0,-0.09770509600639343
2625312512.0,-0.09439253807067871
2626249984.0,-0.09172429889440536
2627187456.0,-0.08877356350421906
2628124928.0,-0.08376189321279526
2629062400.0,-0.07884759455919266
2630000128.0,-0.07319210469722748
2630937600.0,-0.06641951948404312
2631875072.0,-0.059867605566978455
2632812544.0,-0.05162905156612396
2633750016.0,-0.04356830194592476
2634687488.0,-0.03520911931991577
2635624960.0,-0.025578485801815987
2636562432.0,-0.014991307631134987
2637499904.0,-0.003856357652693987
2638437376.0,0.00832827016711235
2639375104.0,0.02102869749069214
2640312576.0,0.03427358344197273
2641250048.0,0.04846370220184326
2642187520.0,0.06359618902206421
2643124992.0,0.07921195030212402
2644062464.0,0.09373895078897476
2644999936.0,0.1109207272529602
2645937408.0,0.12761451303958893
2646874880.0,0.14378871023654938
2647812608.0,0.21874994039535522
2648750080.0,0.23042914271354675
2649687552.0,0.2384352833032608
2650625024.0,0.24568259716033936
2651562496.0,0.25071313977241516
2652499968.0,0.25245437026023865
2653437440.0,0.25333985686302185
2654374912.0,0.2501264214515686
2655312384.0,0.24408255517482758
2656250112.0,0.23556113243103027
2657187584.0,0.19793574512004852
2658125056.0,0.18066094815731049
2659062528.0,0.16061197221279144
2660000000.0,0.13742375373840332
2660937472.0,0.11234681308269501
2661874944.0,0.08703508973121643
2662812416.0,0.058629799634218216
2663749888.0,0.030126111581921577
2664687616.0,0.0004954388714395463
2665625088.0,-0.02949979156255722
2666562560.0,-0.05811498314142227
2667500032.0,-0.08769285678863525
2668437504.0,-0.1138937920331955
2669374976.0,-0.13985393941402435
2670312448.0,-0.16418614983558655
2671249920.0,-0.1867721676826477
2672187392.0,-0.20623575150966644
2673125120.0,-0.22186121344566345
2674062592.0,-0.2351749688386917
2675000064.0,-0.24658751487731934
2675937536.0,-0.2539137005805969
2676875008.0,-0.2589501440525055
2677812480.0,-0.2601258158683777
2678749952.0,-0.25979769229888916
2679687424.0,-0.25656750798225403
2680624896.0,-0.24928195774555206
2681562624.0,-0.23997947573661804
2682500096.0,-0.22807204723358154
2683437568.0,-0.214950293302536
2684375040.0,-0.19995661079883575
2685312512.0,-0.1834930181503296
2686249984.0,-0.16467295587062836
2687187456.0,-0.14545919001102448
2688124928.0,-0.12554366886615753
2689062400.0,-0.1057170107960701
2689999872.0,-0.08527606725692749
2690937600.0,-0.0646267756819725
2691875072.0,-0.04484938830137253
2692812544.0,-0.024295274168252945
2693750016.0,-0.004210895858705044
2694687488.0,0.015037452802062035
2695624960.0,0.03453020378947258
2696562432.0,0.052745793014764786
2697499904.0,0.07125739753246307
2698437376.0,0.08904656022787094
2699375104.0,0.10726561397314072
2700312576.0,0.124362051486969
2701250048.0,0.14056527614593506
2702187520.0,0.15717357397079468
2703124992.0,0.17246702313423157
2704062464.0,0.18872401118278503
2704999936.0,0.2019878476858139
2705937408.0,0.21598267555236816
2706874880.0,0.22856344282627106
2707812608.0,0.2005327045917511
2708750080.0,0.2062801867723465
2709687552.0,0.21210935711860657
2710625024.0,0.21554242074489594
2711562496.0,0.2177150696516037
2712499968.0,0.2182171791791916
2713437440.0,0.2183326929807663
2714374912.0,0.2163999378681183
2715312384.0,0.21431811153888702
2716250112.0,0.2086511254310608
2717187584.0,0.20225031673908234
2718125056.0,0.19482678174972534
2719062528.0,0.18571282923221588
2720000000.0,0.17452137172222137
2720937472.0,0.16238562762737274
2721874944.0,0.14925989508628845
2722812416.0,0.13509339094161987
2723749888.0,0.11893672496080399
2724687616.0,0.10336672514677048
2725625088.0,0.08568655699491501
2726562560.0,0.06798232346773148
2727500032.0,0.04880034551024437
2728437504.0,0.03055712766945362
2729374976.0,0.010790443047881126
2730312448.0,-0.007800182793289423
2731249920.0,-0.02725137211382389
2732187392.0,-0.045868292450904846
2733125120.0,-0.06534184515476227
2734062592.0,-0.0831441581249237
2735000064.0,-0.09959801286458969
2735937536.0,-0.11524271219968796
2736875008.0,-0.1309257447719574
2737812480.0,-0.14478756487369537
2738749952.0,-0.15711747109889984
2739687424.0,-0.1686011552810669
2740624896.0,-0.17707134783267975
2741562624.0,-0.18411129713058472
2742500096.0,-0.190360888838768
2743437568.0,-0.1933661699295044
2744375040.0,-0.1961611658334732
2745312512.0,-0.19594857096672058
2746249984.0,-0.19386298954486847
2747187456.0,-0.19135920703411102
2748124928.0,-0.18532118201255798
2749062400.0,-0.17921052873134613
2750000128.0,-0.16979505121707916
2750937600.0,-0.15953609347343445
2751875072.0,-0.14719738066196442
2752812544.0,-0.1350315362215042
2753750016.0,-0.11950620263814926
2754687488.0,-0.10336635261774063
2755624960.0,-0.08530214428901672
2756562432.0,-0.06797973066568375
2757499904.0,-0.05028342083096504
2758437376.0,-0.030681107193231583
2759375104.0,-0.011275149881839752
2760312576.0,0.00880573969334364
2761250048.0,0.027615711092948914
2762187520.0,0.04675344377756119
2763124992.0,0.06639471650123596
2764062464.0,0.08415130525827408
2764999936.0,0.1005762442946434
2765937408.0,0.117245152592659
2766874880.0,0.13178211450576782
2767812608.0,0.18784432113170624
2768750080.0,0.18697142601013184
2769687552.0,0.18532851338386536
2770625024.0,0.18281151354312897
2771562496.0,0.178763285279274
2772499968.0,0.174589604139328
2773437440.0,0.1688959151506424
2774374912.0,0.16283869743347168
2775312384.0,0.15549010038375854
2776250112.0,0.14827066659927368
2777187584.0,0.13949988782405853
2778125056.0,0.1292775571346283
2779062528.0,0.12012630701065063
2780000000.0,0.10941147804260254
2780937472.0,0.09898218512535095
2781874944.0,0.0870027020573616
2782812416.0,0.07523451745510101
2783749888.0,0.06263496726751328
2784687616.0,0.050013404339551926
2785625088.0,0.037333909422159195
2786562560.0,0.02356143482029438
2787500032.0,0.010545442812144756
2788437504.0,-0.0015917501877993345
2789374976.0,-0.01510520838201046
2790312448.0,-0.02811902016401291
2791249920.0,-0.04081340134143829
2792187392.0,-0.0522451251745224
2793125120.0,-0.06331447511911392
2794062592.0,-0.07383113354444504
2795000064.0,-0.08376342803239822
2795937536.0,-0.09243840724229813
2796875008.0,-0.10001695156097412
2797812480.0,-0.106254942715168
2798749952.0,-0.11214924603700638
2799687424.0,-0.11523047834634781
2800624896.0,-0.11800583451986313
2801562624.0,-0.11832677572965622
2802500096.0,-0.1174117922782898
2803437568.0,-0.11575930565595627
2804375040.0,-0.11200296133756638
2805312512.0,-0.10741997510194778
2806249984.0,-0.1011529341340065
2807187456.0,-0.09287935495376587
2808124928.0,-0.08380459249019623
2809062400.0,-0.07270846515893936
2809999872.0,-0.06005816534161568
2810937600.0,-0.04648861661553383
2811875072.0,-0.032009053975343704
2812812544.0,-0.016606425866484642
2813750016.0,-0.0012141962070018053
2814687488.0,0.016040947288274765
2815624960.0,0.03295772150158882
2816562432.0,0.0500505268573761
2817499904.0,0.06760828197002411
2818437376.0,0.08454471081495285
2819375104.0,0.10095857828855515
2820312576.0,0.11804275214672089
2821250048.0,0.13246475160121918
2822187520.0,0.14705412089824677
2823124992.0,0.1602393537759781
2824062464.0,0.17229785025119781
2824999936.0,0.1816399246454239
2825937408.0,0.1896977424621582
2826874880.0,0.19636863470077515
2827812608.0,0.2102101445198059
2828750080.0,0.21162696182727814
2829687552.0,0.21117495000362396
2830625024.0,0.20730631053447723
2831562496.0,0.20149414241313934
2832499968.0,0.19347846508026123
2833437440.0,0.18306486308574677
2834374912.0,0.17089366912841797
2835312384.0,0.15530820190906525
2836250112.0,0.14047792553901672
2837187584.0,0.12393677234649658
2838125056.0,0.1055397018790245
2839062528.0,0.0862574428319931
2840000000.0,0.0664905235171318
2840937472.0,0.0470191091299057
2841874944.0,0.027288679033517838
2842812416.0,0.00816767942160368
2843749888.0,-0.010671598836779594
2844687616.0,-0.028072696179151535
2845625088.0,-0.045689232647418976
2846562560.0,-0.06035323813557625
2847500032.0,-0.07392943650484085
2848437504.0,-0.08682052046060562
2849374976.0,-0.09750442206859589
2850312448.0,-0.10589971393346786
2851249920.0,-0.11252708733081818
2852187392.0,-0.11837110668420792
2853125120.0,-0.12204771488904953
2854062592.0,-0.12337461113929749
2855000064.0,-0.12287568300962448
2855937536.0,-0.12096508592367172
2856875008.0,-0.11854863166809082
2857812480.0,-0.11343187838792801
2858749952.0,-0.10780110955238342
2859687424.0,-0.09946857392787933
2860624896.0,-0.09105260670185089
2861562624.0,-0.08176189661026001
2862500096.0,-0.07099443674087524
2863437568.0,-0.06071678176522255
2864375040.0,-0.04961457848548889
2865312512.0,-0.03687223047018051
2866249984.0,-0.024809395894408226
2867187456.0,-0.012239663861691952
2868124928.0,0.00027150462847203016
2869062400.0,0.014021889306604862
2870000128.0,0.026942243799567223
2870937600.0,0.039462462067604065
2871875072.0,0.05111214891076088
2872812544.0,0.06400957703590393
2873750016.0,0.07586192339658737
2874687488.0,0.08754581958055496
2875624960.0,0.09992561489343643
2876562432.0,0.11151626706123352
2877499904.0,0.12162300199270248
2878437376.0,0.13243883848190308
2879375104.0,0.14289212226867676
2880312576.0,0.15109769999980927
2881250048.0,0.1599195897579193
2882187520.0,0.16775086522102356
2883124992.0,0.1752660572528839
2884062464.0,0.18028254806995392
2884999936.0,0.1858799010515213
2885937408.0,0.1900075227022171
2886874880.0,0.19348956644535065
2887812608.0,0.19577234983444214
2888750080.0,0.19685587286949158
2889687552.0,0.1975337415933609
2890625024.0,0.19499057531356812
2891562496.0,0.19225336611270905
2892499968.0,0.18660226464271545
2893437440.0,0.17956985533237457
2894374912.0,0.17139840126037598
2895312384.0,0.16130706667900085
2896250112.0,0.14947262406349182
2897187584.0,0.1367855668067932
2898125056.0,0.12193309515714645
2899062528.0,0.10615421831607819
2900000000.0,0.08977369219064713
2900937472.0,0.07191602140665054
2901874944.0,0.05327720195055008
2902812416.0,0.03486539423465729
2903749888.0,0.01524377427995205
2904687616.0,-0.002987579209730029
2905625088.0,-0.02116709016263485
2906562560.0,-0.04070361703634262
2907500032.0,-0.0578887052834034
2908437504.0,-0.07438673079013824
2909374976.0,-0.09040714055299759
2910312448.0,-0.10427325963973999
2911249920.0,-0.11761115491390228
2912187392.0,-0.128118634223938
2913125120.0,-0.13792897760868073
2914062592.0,-0.14425602555274963
2915000064.0,-0.1501995176076889
2915937536.0,-0.15364308655261993
2916875008.0,-0.15531955659389496
2917812480.0,-0.15369340777397156
2918749952.0,-0.1503799855709076
2919687424.0,-0.14534035325050354
2920624896.0,-0.13798028230667114
2921562624.0,-0.12955963611602783
2922500096.0,-0.11793729662895203
2923437568.0,-0.10657016932964325
2924375040.0,-0.09385955333709717
2925312512.0,-0.07794514298439026
2926249984.0,-0.061357561498880386
2927187456.0,-0.04386966675519943
2928124928.0,-0.027187786996364594
2929062400.0,-0.008672354742884636
2929999872.0,0.008933335542678833
2930937600.0,0.026860646903514862
2931875072.0,0.04476253688335419
2932812544.0,0.061767321079969406
2933750016.0,0.07781004160642624
2934687488.0,0.0938936397433281
2935624960.0,0.10833887755870819
2936562432.0,0.12192946672439575
2937499904.0,0.13326485455036163
2938437376.0,0.1442643105983734
2939375104.0,0.15366549789905548
2940312576.0,0.16098661720752716
2941250048.0,0.16672548651695251
2942187520.0,0.1717791110277176
2943124992.0,0.17479588091373444
2944062464.0,0.1766851544380188
2944999936.0,0.17707468569278717
2945937408.0,0.1756594032049179
2946874880.0,0.1743280589580536
2947812608.0,0.17026370763778687
2948750080.0,0.16750948131084442
2949687552.0,0.16516609489917755
2950625024.0,0.16097533702850342
2951562496.0,0.15629170835018158
2952499968.0,0.1506960541009903
2953437440.0,0.14301103353500366
2954374912.0,0.13699249923229218
2955312384.0,0.1287764459848404
2956250112.0,0.11977222561836243
2957187584.0,0.11094982922077179
2958125056.0,0.1012447401881218
2959062528.0,0.09143627434968948
2960000000.0,0.08132823556661606
2960937472.0,0.06915192306041718
2961874944.0,0.05870704725384712
2962812416.0,0.04730219393968582
2963749888.0,0.03559962660074234
2964687616.0,0.023556960746645927
2965625088.0,0.011147912591695786
2966562560.0,0.0005771497962996364
2967500032.0,-0.010848886333405972
2968437504.0,-0.022367563098669052
2969374976.0,-0.03293178603053093
2970312448.0,-0.04424884170293808
2971249920.0,-0.054337017238140106
2972187392.0,-0.06327180564403534
2973125120.0,-0.07099943608045578
2974062592.0,-0.07900761067867279
2975000064.0,-0.08507990837097168
2975937536.0,-0.09074170142412186
2976875008.0,-0.09613719582557678
2977812480.0,-0.09977259486913681
2978749952.0,-0.10284840315580368
2979687424.0,-0.10385175794363022
2980624896.0,-0.10513847321271896
2981562624.0,-0.10514547675848007
2982500096.0,-0.10368607193231583
2983437568.0,-0.1014295220375061
2984375040.0,-0.09819462895393372
2985312512.0,-0.09326421469449997
2986249984.0,-0.08808834850788116
2987187456.0,-0.08119987696409225
2988124928.0,-0.07448950409889221
2989062400.0,-0.06702636182308197
2990000128.0,-0.05935892090201378
2990937600.0,-0.05012442171573639
2991875072.0,-0.04088720679283142
2992812544.0,-0.03161945566534996
2993750016.0,-0.022921280935406685
2994687488.0,-0.014064467512071133
2995624960.0,-0.005344855599105358
2996562432.0,0.002196176443248987
2997499904.0,0.009617628529667854
2998437376.0,0.017200741916894913
2999375104.0,0.022591738030314445
3000312576.0,0.025940444320440292
3001250048.0,0.030877675861120224
3002187520.0,0.03482784703373909
3003124992.0,0.037088483572006226
3004062464.0,0.03912501037120819
3004999936.0,0.039601340889930725
3005937408.0,0.039143774658441544
3006874880.0,0.038493309170007706
3007812608.0,0.03551444411277771
3008750080.0,0.03206499293446541
3009687552.0,0.02835908718407154
3010625024.0,0.023490246385335922
3011562496.0,0.019184235483407974
3012499968.0,0.013858458027243614
3013437440.0,0.009207361377775669
3014374912.0,0.004743706900626421
3015312384.0,-0.0011223708279430866
3016250112.0,-0.006098328158259392
3017187584.0,-0.010609690099954605
3018125056.0,-0.015517405234277248
3019062528.0,-0.021409373730421066
3020000000.0,-0.02542942948639393
3020937472.0,-0.03148476034402847
3021874944.0,-0.036277174949645996
3022812416.0,-0.04133697226643562
3023749888.0,-0.04615778475999832
3024687616.0,-0.050272565335035324
3025625088.0,-0.055052753537893295
3026562560.0,-0.05937080457806587
3027500032.0,-0.06383099406957626
3028437504.0,-0.06888729333877563
3029374976.0,-0.07265646755695343
3030312448.0,-0.07693424820899963
3031249920.0,-0.07954363524913788
3032187392.0,-0.08359728753566742
3033125120.0,-0.08686759322881699
3034062592.0,-0.08961853384971619
3035000064.0,-0.0931091383099556
3035937536.0,-0.09534171223640442
3036875008.0,-0.09691574424505234
3037812480.0,-0.09936249256134033
3038749952.0,-0.10045365989208221
3039687424.0,-0.10149171948432922
3040624896.0,-0.10185516625642776
3041562624.0,-0.10226361453533173
3042500096.0,-0.10006488859653473
3043437568.0,-0.09953633695840836
3044375040.0,-0.09736345708370209
3045312512.0,-0.09544350206851959
3046249984.0,-0.09199154376983643
3047187456.0,-0.08833825588226318
3048124928.0,-0.0856027826666832
3049062400.0,-0.08142273873090744
3049999872.0,-0.07694555073976517
3050937600.0,-0.07171455770730972
3051875072.0,-0.06702296435832977
3052812544.0,-0.06235837563872337
3053750016.0,-0.05607004836201668
3054687488.0,-0.05093574523925781
3055624960.0,-0.045711323618888855
3056562432.0,-0.040393754839897156
3057499904.0,-0.03470373898744583
3058437376.0,-0.0296297799795866
3059375104.0,-0.024972788989543915
3060312576.0,-0.020620964467525482
3061250048.0,-0.015941672027111053
3062187520.0,-0.012852462008595467
3063124992.0,-0.008979270234704018
3064062464.0,-0.006623178254812956
3064999936.0,-0.004364678170531988
3065937408.0,-0.0029793840367347
3066874880.0,-0.002343167085200548
3067812608.0,0.011845315806567669
3068750080.0,0.00530055770650506
3069687552.0,-0.0003915742563549429
3070625024.0,-0.008136667311191559
3071562496.0,-0.015611013397574425
3072499968.0,-0.02307288721203804
3073437440.0,-0.032537512481212616
3074374912.0,-0.040776800364255905
3075312384.0,-0.05033010244369507
3076250112.0,-0.05900133401155472
3077187584.0,-0.06707184761762619
3078125056.0,-0.07680290937423706
3079062528.0,-0.08482122421264648
3080000000.0,-0.09241913259029388
3080937472.0,-0.09925007075071335
3081874944.0,-0.10496531426906586
3082812416.0,-0.10904768109321594
3083749888.0,-0.1133473739027977
3084687616.0,-0.11587291210889816
3085625088.0,-0.11696946620941162
3086562560.0,-0.11733198910951614
3087500032.0,-0.11650301516056061
3088437504.0,-0.1142132431268692
3089374976.0,-0.11186306178569794
3090312448.0,-0.10770057141780853
3091249920.0,-0.1028764620423317
3092187392.0,-0.09630919992923737
3093125120.0,-0.08935712277889252
3094062592.0,-0.08132311701774597
3095000064.0,-0.0743001252412796
3095937536.0,-0.06541837006807327
3096875008.0,-0.05552900955080986
3097812480.0,-0.046483349055051804
3098749952.0,-0.03632418438792229
3099687424.0,-0.026486143469810486
3100624896.0,-0.01672450266778469
3101562624.0,-0.006774584297090769
3102500096.0,0.003980727866292
3103437568.0,0.013733895495533943
3104375040.0,0.022705521434545517
3105312512.0,0.03137286752462387
3106249984.0,0.0398448221385479
3107187456.0,0.048298921436071396
3108124928.0,0.056079741567373276
3109062400.0,0.0629182830452919
3110000128.0,0.06973878294229507
3110937600.0,0.07462166994810104
3111875072.0,0.08010012656450272
3112812544.0,0.08486685156822205
3113750016.0,0.08963052928447723
3114687488.0,0.0932852178812027
3115624960.0,0.09663020819425583
3116562432.0,0.09992845356464386
3117499904.0,0.10259442031383514
3118437376.0,0.10474120825529099
3119375104.0,0.10682632029056549
3120312576.0,0.10794565081596375
3121250048.0,0.10920628160238266
3122187520.0,0.11136262118816376
3123124992.0,0.11322914063930511
3124062464.0,0.11338088661432266
3124999936.0,0.11462603509426117
3125937408.0,0.11577413231134415
3126874880.0,0.11661168932914734
3127812608.0,0.13658283650875092
3128750080.0,0.13258548080921173
3129687552.0,0.13046523928642273
3130625024.0,0.12834616005420685
3131562496.0,0.126093789935112
3132499968.0,0.12418937683105469
3133437440.0,0.12255711108446121
3134374912.0,0.1210194081068039
3135312384.0,0.11898381263017654
3136250112.0,0.11808201670646667
3137187584.0,0.11643724888563156
3138125056.0,0.11630226671695709
3139062528.0,0.11603988707065582
3140000000.0,0.11512373387813568
3140937472.0,0.11491790413856506
3141874944.0,0.11369252949953079
3142812416.0,0.11257683485746384
3143749888.0,0.11203942447900772
3144687616.0,0.11136380583047867
3145625088.0,0.11022591590881348
3146562560.0,0.10927366465330124
3147500032.0,0.1059945747256279
3148437504.0,0.10478479415178299
3149374976.0,0.10128095746040344
3150312448.0,0.09743987023830414
3151249920.0,0.09334863722324371
3152187392.0,0.08895973116159439
3153125120.0,0.08325773477554321
3154062592.0,0.07811973989009857
3155000064.0,0.0712723433971405
3155937536.0,0.0640859380364418
3156875008.0,0.055954571813344955
3157812480.0,0.047132011502981186
3158749952.0,0.03841649368405342
3159687424.0,0.027765290811657906
3160624896.0,0.01807502470910549
3161562624.0,0.006289007607847452
3162500096.0,-0.00484720291569829
3163437568.0,-0.01620713621377945
3164375040.0,-0.027807848528027534
3165312512.0,-0.038882046937942505
3166249984.0,-0.050477512180805206
3167187456.0,-0.06174031272530556
3168124928.0,-0.0717451423406601
3169062400.0,-0.08160333335399628
3169999872.0,-0.09197816252708435
3170937600.0,-0.1003493145108223
3171875072.0,-0.10879827290773392
3172812544.0,-0.1149943470954895
3173750016.0,-0.12166431546211243
3174687488.0,-0.12612080574035645
3175624960.0,-0.12973032891750336
3176562432.0,-0.13224047422409058
3177499904.0,-0.13227231800556183
3178437376.0,-0.13202358782291412
3179375104.0,-0.12965276837348938
3180312576.0,-0.12566307187080383
3181250048.0,-0.1211751326918602
3182187520.0,-0.11288187652826309
3183124992.0,-0.10474400967359543
3184062464.0,-0.09482293576002121
3184999936.0,-0.08522041887044907
3185937408.0,-0.07215747237205505
3186874880.0,-0.058089543133974075
3187812608.0,0.06878386437892914
3188750080.0,0.06712864339351654
3189687552.0,0.0661831796169281
3190625024.0,0.06569293886423111
3191562496.0,0.06619291752576828
3192499968.0,0.06757598370313644
3193437440.0,0.06950607895851135
3194374912.0,0.07306087762117386
3195312384.0,0.07597087323665619
3196250112.0,0.08020803332328796
3197187584.0,0.08435177803039551
3198125056.0,0.08871857821941376
3199062528.0,0.09326926618814468
3200000000.0,0.09747134149074554
3200937472.0,0.10054616630077362
3201874944.0,0.10456665605306625
3202812416.0,0.10668543726205826
3203749888.0,0.10833919048309326
3204687616.0,0.10891058295965195
3205625088.0,0.10823803395032883
3206562560.0,0.10697641968727112
3207500032.0,0.10455376654863358
3208437504.0,0.1010494977235794
3209374976.0,0.09631284326314926
3210312448.0,0.09050393849611282
3211249920.0,0.08279210329055786
3212187392.0,0.0753658339381218
3213125120.0,0.06640124320983887
3214062592.0,0.05552665516734123
3215000064.0,0.04430675506591797
3215937536.0,0.033021584153175354
3216875008.0,0.020371736958622932
3217812480.0,0.007617021445184946
3218749952.0,-0.004386857617646456
3219687424.0,-0.017850149422883987
3220624896.0,-0.03030014969408512
3221562624.0,-0.04197566211223602
3222500096.0,-0.05385066196322441
3223437568.0,-0.06520378589630127
3224375040.0,-0.075578972697258
3225312512.0,-0.08421426266431808
3226249984.0,-0.09188330918550491
3227187456.0,-0.099012590944767
3228124928.0,-0.10428792983293533
3229062400.0,-0.10811945050954819
3230000128.0,-0.11042772978544235
3230937600.0,-0.11279040575027466
3231875072.0,-0.1128893718123436
3232812544.0,-0.11229857802391052
3233750016.0,-0.11040221899747849
3234687488.0,-0.10655154287815094
3235624960.0,-0.10246992856264114
3236562432.0,-0.09802930802106857
3237499904.0,-0.09293828904628754
3238437376.0,-0.08825424313545227
3239375104.0,-0.08262547850608826
3240312576.0,-0.07672438770532608
3241250048.0,-0.07164078205823898
3242187520.0,-0.06759711354970932
3243124992.0,-0.06262590736150742
3244062464.0,-0.05880246311426163
3244999936.0,-0.05713402479887009
3245937408.0,-0.05457752197980881
3246874880.0,-0.05411071702837944
3247812608.0,-0.046412814408540726
3248750080.0,-0.04988482967019081
3249687552.0,-0.05302342027425766
3250625024.0,-0.05706747993826866
3251562496.0,-0.06027212738990784
3252499968.0,-0.06356996297836304
3253437440.0,-0.06463948637247086
3254374912.0,-0.06561161577701569
3255312384.0,-0.06605089455842972
3256250112.0,-0.0639958530664444
3257187584.0,-0.061944205313920975
3258125056.0,-0.05879427492618561
3259062528.0,-0.055246006697416306
3260000000.0,-0.04954177141189575
3260937472.0,-0.04339814931154251
3261874944.0,-0.03602897748351097
3262812416.0,-0.028852349147200584
3263749888.0,-0.020637383684515953
3264687616.0,-0.012828299775719643
3265625088.0,-0.00539726996794343
3266562560.0,0.0020506486762315035
3267500032.0,0.010164429433643818
3268437504.0,0.015148571692407131
3269374976.0,0.020271306857466698
3270312448.0,0.024550871923565865
3271249920.0,0.028166189789772034
3272187392.0,0.029817648231983185
3273125120.0,0.028913818299770355
3274062592.0,0.02883145771920681
3275000064.0,0.027142547070980072
3275937536.0,0.024299580603837967
3276875008.0,0.02177366241812706
3277812480.0,0.02026554010808468
3278749952.0,0.01702064834535122
3279687424.0,0.014842645265161991
3280624896.0,0.014051171950995922
3281562624.0,0.013276392593979836
3282500096.0,0.012511484324932098
3283437568.0,0.012466349638998508
3284375040.0,0.013154557906091213
3285312512.0,0.014214342460036278
3286249984.0,0.015393754467368126
3287187456.0,0.017383184283971786
3288124928.0,0.019500242546200752
3289062400.0,0.019557664170861244
3289999872.0,0.020986167713999748
3290937600.0,0.02142827771604061
3291875072.0,0.020319178700447083
3292812544.0,0.01784093864262104
3293750016.0,0.014198298566043377
3294687488.0,0.009998741559684277
3295624960.0,0.004664442036300898
3296562432.0,-0.001964985392987728
3297499904.0,-0.008910580538213253
3298437376.0,-0.01701640523970127
3299375104.0,-0.025378895923495293
3300312576.0,-0.03405696526169777
3301250048.0,-0.04399999603629112
3302187520.0,-0.05329442769289017
3303124992.0,-0.062964528799057
3304062464.0,-0.07212937623262405
3304999936.0,-0.08102764934301376
3305937408.0,-0.0901184231042862
3306874880.0,-0.09869081526994705
3307812608.0,-0.06403157860040665
3308750080.0,-0.061472732573747635
3309687552.0,-0.060273103415966034
3310625024.0,-0.05724649876356125
3311562496.0,-0.05586627870798111
3312499968.0,-0.054155945777893066
3313437440.0,-0.05277473106980324
3314374912.0,-0.05186884477734566
3315312384.0,-0.05269930511713028
3316250112.0,-0.05423745885491371
3317187584.0,-0.056211985647678375
3318125056.0,-0.05860782042145729
3319062528.0,-0.06147730350494385
3320000000.0,-0.06422029435634613
3320937472.0,-0.06904138624668121
3321874944.0,-0.07307644188404083
3322812416.0,-0.0783168151974678
3323749888.0,-0.08465558290481567
3324687616.0,-0.08962569385766983
3325625088.0,-0.0962664857506752
3326562560.0,-0.10153697431087494
3327500032.0,-0.10791920125484467
3328437504.0,-0.11555834114551544
3329374976.0,-0.12135212123394012
3330312448.0,-0.12609131634235382
3331249920.0,-0.13146385550498962
3332187392.0,-0.13564004004001617
3333125120.0,-0.13968206942081451
3334062592.0,-0.14198999106884003
3335000064.0,-0.1437985748052597
3335937536.0,-0.14493608474731445
3336875008.0,-0.14512348175048828
3337812480.0,-0.14342184364795685
3338749952.0,-0.14158815145492554
3339687424.0,-0.137562558054924
3340624896.0,-0.13433247804641724
3341562624.0,-0.1288599669933319
3342500096.0,-0.12244287133216858
3343437568.0,-0.11359687894582748
3344375040.0,-0.10523243993520737
3345312512.0,-0.0982627347111702
3346249984.0,-0.08898201584815979
3347187456.0,-0.0804956927895546
3348124928.0,-0.07016478478908539
3349062400.0,-0.06093771755695343
3350000128.0,-0.05076103284955025
3350937600.0,-0.04095403850078583
3351875072.0,-0.031203465536236763
3352812544.0,-0.024307601153850555
3353750016.0,-0.015715552493929863
3354687488.0,-0.008157088421285152
3355624960.0,-0.0015159467002376914
3356562432.0,0.0037826017942279577
3357499904.0,0.00952962040901184
3358437376.0,0.014341468922793865
3359375104.0,0.01778358779847622
3360312576.0,0.020754165947437286
3361250048.0,0.023355955258011818
3362187520.0,0.02560301497578621
3363124992.0,0.02811884507536888
3364062464.0,0.029177119955420494
3364999936.0,0.030291058123111725
3365937408.0,0.031131193041801453
3366874880.0,0.033666860312223434
3367812608.0,0.042384300380945206
3368750080.0,0.04961857199668884
3369687552.0,0.056565847247838974
3370625024.0,0.062268782407045364
3371562496.0,0.06792230904102325
3372499968.0,0.07211606204509735
3373437440.0,0.07578746974468231
3374374912.0,0.07825363427400589
3375312384.0,0.07892832905054092
3376250112.0,0.07983805239200592
3377187584.0,0.07869726419448853
3378125056.0,0.07593394070863724
3379062528.0,0.07220298796892166
3380000000.0,0.06758251786231995
3380937472.0,0.061784494668245316
3381874944.0,0.055206358432769775
3382812416.0,0.04831618070602417
3383749888.0,0.03947475180029869
3384687616.0,0.03089628927409649
3385625088.0,0.022020820528268814
3386562560.0,0.01235512550920248
3387500032.0,0.0024205332156270742
3388437504.0,-0.0065405541099607944
3389374976.0,-0.015912648290395737
3390312448.0,-0.025894682854413986
3391249920.0,-0.03426237031817436
3392187392.0,-0.04363352432847023
3393125120.0,-0.051980938762426376
3394062592.0,-0.059470284730196
3395000064.0,-0.06653167307376862
3395937536.0,-0.07234359532594681
3396875008.0,-0.07852745801210403
3397812480.0,-0.08240871876478195
3398749952.0,-0.08692522346973419
3399687424.0,-0.08986029773950577
3400624896.0,-0.0928402692079544
3401562624.0,-0.09251473844051361
3402500096.0,-0.09339895099401474
3403437568.0,-0.09331982582807541
3404375040.0,-0.09249260276556015
3405312512.0,-0.09120732545852661
3406249984.0,-0.08837918192148209
3407187456.0,-0.08654823154211044
3408124928.0,-0.08342251926660538
3409062400.0,-0.07957432419061661
3409999872.0,-0.07544725388288498
3410937600.0,-0.07294774800539017
3411875072.0,-0.068211629986763
3412812544.0,-0.06501221656799316
3413750016.0,-0.060378991067409515
3414687488.0,-0.05644843727350235
3415624960.0,-0.05137889087200165
3416562432.0,-0.04682808741927147
3417499904.0,-0.04296441003680229
3418437376.0,-0.03982449322938919
3419375104.0,-0.035315800458192825
3420312576.0,-0.03183280676603317
3421250048.0,-0.028852714225649834
3422187520.0,-0.025882506743073463
3423124992.0,-0.022379953414201736
3424062464.0,-0.018172506242990494
3424999936.0,-0.015116189606487751
3425937408.0,-0.01213122345507145
3426874880.0,-0.010024648159742355
3427812608.0,-0.00655624084174633
3428750080.0,-0.003949514590203762
3429687552.0,-0.0018607628298923373
3430625024.0,0.001446991227567196
3431562496.0,0.004130600020289421
3432499968.0,0.007824726402759552
3433437440.0,0.012193694710731506
3434374912.0,0.016949402168393135
3435312384.0,0.023732181638479233
3436250112.0,0.03162451833486557
3437187584.0,0.039187293499708176
3438125056.0,0.048701271414756775
3439062528.0,0.05875706672668457
3440000000.0,0.07026565819978714
3440937472.0,0.08184976875782013
3441874944.0,0.09482835978269577
3442812416.0,0.10763251781463623
3443749888.0,0.12106700241565704
3444687616.0,0.13497012853622437
3445625088.0,0.14909331500530243
3446562560.0,0.16219697892665863
3447500032.0,0.17440417408943176
3448437504.0,0.18558625876903534
3449374976.0,0.19544343650341034
3450312448.0,0.20390640199184418
3451249920.0,0.21043796837329865
3452187392.0,0.21490463614463806
3453125120.0,0.21747347712516785
3454062592.0,0.2180127501487732
3455000064.0,0.21468445658683777
3455937536.0,0.20940867066383362
3456875008.0,0.2005005180835724
3457812480.0,0.1907704770565033
3458749952.0,0.17817485332489014
3459687424.0,0.16374105215072632
3460624896.0,0.14831757545471191
3461562624.0,0.13031063973903656
3462500096.0,0.11175204813480377
3463437568.0,0.09378479421138763
3464375040.0,0.07340110093355179
3465312512.0,0.053494613617658615
3466249984.0,0.03471994027495384
3467187456.0,0.016443101689219475
3468124928.0,-0.0009719409863464534
3469062400.0,-0.017491312697529793
3470000128.0,-0.03140781447291374
3470937600.0,-0.04414525255560875
3471875072.0,-0.055564869195222855
3472812544.0,-0.06357782334089279
3473750016.0,-0.07069774717092514
3474687488.0,-0.07505430281162262
3475624960.0,-0.0796680673956871
3476562432.0,-0.0809669941663742
3477499904.0,-0.07995615154504776
3478437376.0,-0.07765956968069077
3479375104.0,-0.07422298192977905
3480312576.0,-0.07047529518604279
3481250048.0,-0.06604012846946716
3482187520.0,-0.06065717339515686
3483124992.0,-0.05494603142142296
3484062464.0,-0.05018731206655502
3484999936.0,-0.044855084270238876
3485937408.0,-0.040622904896736145
3486874880.0,-0.035246483981609344
3487812608.0,-0.021368343383073807
3488750080.0,-0.023727532476186752
3489687552.0,-0.02744133584201336
3490625024.0,-0.031745392829179764
3491562496.0,-0.03676808252930641
3492499968.0,-0.04182932898402214
3493437440.0,-0.04763830825686455
3494374912.0,-0.051421452313661575
3495312384.0,-0.057413164526224136
3496250112.0,-0.06243012472987175
3497187584.0,-0.0662015974521637
3498125056.0,-0.06941124051809311
3499062528.0,-0.07311493903398514
3500000000.0,-0.07364829629659653
3500937472.0,-0.07299726456403732
3501874944.0,-0.072255939245224
3502812416.0,-0.0701778382062912
3503749888.0,-0.06591487675905228
3504687616.0,-0.06144753843545914
3505625088.0,-0.05684838443994522
3506562560.0,-0.04994792491197586
3507500032.0,-0.042937975376844406
3508437504.0,-0.03509648144245148
3509374976.0,-0.027467669919133186
3510312448.0,-0.018430879339575768
3511249920.0,-0.010439600795507431
3512187392.0,-0.0005820670048706234
3513125120.0,0.007082289084792137
3514062592.0,0.015325885266065598
3515000064.0,0.023360826075077057
3515937536.0,0.03131965920329094
3516875008.0,0.03788314014673233
3517812480.0,0.04502067342400551
3518749952.0,0.05074876546859741
3519687424.0,0.0539979450404644
3520624896.0,0.05696094036102295
3521562624.0,0.05925069376826286
3522500096.0,0.06005420908331871
3523437568.0,0.05898014083504677
3524375040.0,0.05666738003492355
3525312512.0,0.05456079915165901
3526249984.0,0.050308603793382645
3527187456.0,0.04593365266919136
3528124928.0,0.0412742905318737
3529062400.0,0.03632355481386185
3529999872.0,0.030185353010892868
3530937600.0,0.02400914952158928
3531875072.0,0.01794138364493847
3532812544.0,0.012917977757751942
3533750016.0,0.007568646688014269
3534687488.0,0.002924560336396098
3535624960.0,-0.0020663742907345295
3536562432.0,-0.005245674401521683
3537499904.0,-0.007882247678935528
3538437376.0,-0.009883779101073742
3539375104.0,-0.009986743330955505
3540312576.0,-0.010191529989242554
3541250048.0,-0.008963209576904774
3542187520.0,-0.006671905517578125
3543124992.0,-0.004099506419152021
3544062464.0,-0.001584341051056981
3544999936.0,0.0016234155045822263
3545937408.0,0.006454047281295061
3546874880.0,0.011093744076788425
3547812608.0,0.014622877351939678
3548750080.0,0.012708167545497417
3549687552.0,0.010723229497671127
3550625024.0,0.009087946265935898
3551562496.0,0.007791387848556042
3552499968.0,0.0060002366080880165
3553437440.0,0.0035979091189801693
3554374912.0,0.0017086961306631565
3555312384.0,-0.0006869930075481534
3556250112.0,-0.003481809049844742
3557187584.0,-0.008794867433607578
3558125056.0,-0.01092115230858326
3559062528.0,-0.014333018101751804
3560000000.0,-0.017034370452165604
3560937472.0,-0.01973678357899189
3561874944.0,-0.023275908082723618
3562812416.0,-0.02600923739373684
3563749888.0,-0.02927444875240326
3564687616.0,-0.031397495418787
3565625088.0,-0.033675651997327805
3566562560.0,-0.03499981388449669
3567500032.0,-0.036064691841602325
3568437504.0,-0.03712797164916992
3569374976.0,-0.037671081721782684
3570312448.0,-0.037335652858018875
3571249920.0,-0.03752190247178078
3572187392.0,-0.03711854666471481
3573125120.0,-0.03582635521888733
3574062592.0,-0.03495751693844795
3575000064.0,-0.03422382101416588
3575937536.0,-0.03240545094013214
3576875008.0,-0.032174576073884964
3577812480.0,-0.030572062358260155
3578749952.0,-0.029293972998857498
3579687424.0,-0.027021542191505432
3580624896.0,-0.02501033991575241
3581562624.0,-0.022779513150453568
3582500096.0,-0.02101970836520195
3583437568.0,-0.019221236929297447
3584375040.0,-0.01894080452620983
3585312512.0,-0.01876906305551529
3586249984.0,-0.0193603727966547
3587187456.0,-0.019012393429875374
3588124928.0,-0.01943032257258892
3589062400.0,-0.019566480070352554
3590000128.0,-0.019814398139715195
3590937600.0,-0.019891569390892982
3591875072.0,-0.02071375399827957
3592812544.0,-0.021053439006209373
3593750016.0,-0.020284133031964302
3594687488.0,-0.019654134288430214
3595624960.0,-0.018942782655358315
3596562432.0,-0.017322972416877747
3597499904.0,-0.016691474243998528
3598437376.0,-0.014485783874988556
3599375104.0,-0.012971840798854828
3600312576.0,-0.01017392985522747
3601250048.0,-0.007065723184496164
3602187520.0,-0.003447387833148241
3603124992.0,0.0006784755969420075
3604062464.0,0.005282847210764885
3604999936.0,0.010361853986978531
3605937408.0,0.016062965616583824
3606874880.0,0.023218704387545586
3607812608.0,0.046016521751880646
3608750080.0,0.055742885917425156
3609687552.0,0.06458389759063721
3610625024.0,0.07298702001571655
3611562496.0,0.08174395561218262
3612499968.0,0.08776410669088364
3613437440.0,0.09464356303215027
3614374912.0,0.10048693418502808
3615312384.0,0.10564570873975754
3616250112.0,0.10964944958686829
3617187584.0,0.11187349259853363
3618125056.0,0.1128789409995079
3619062528.0,0.11449448764324188
3620000000.0,0.11312562227249146
3620937472.0,0.11059503257274628
3621874944.0,0.10792893171310425
3622812416.0,0.10328603535890579
3623749888.0,0.09870867431163788
3624687616.0,0.09304023534059525
3625625088.0,0.08755088597536087
3626562560.0,0.08168087899684906
3627500032.0,0.07447726279497147
3628437504.0,0.06766106933355331
3629374976.0,0.05959002673625946
3630312448.0,0.05092831701040268
3631249920.0,0.04144677892327309
3632187392.0,0.032480865716934204
3633125120.0,0.022716058418154716
3634062592.0,0.013063807040452957
3635000064.0,0.0037514502182602882
3635937536.0,-0.005647814832627773
3636875008.0,-0.01475548930466175
3637812480.0,-0.02426903508603573
3638749952.0,-0.03256232663989067
3639687424.0,-0.042466241866350174
3640624896.0,-0.04973379895091057
3641562624.0,-0.05703700706362724
3642500096.0,-0.0651194229722023
3643437568.0,-0.0726381316781044
3644375040.0,-0.07916376739740372
3645312512.0,-0.08515819907188416
3646249984.0,-0.09022222459316254
3647187456.0,-0.09541337937116623
3648124928.0,-0.10080155730247498
3649062400.0,-0.10452874004840851
3649999872.0,-0.1086483970284462
3650937600.0,-0.10998567193746567
3651875072.0,-0.11270348727703094
3652812544.0,-0.11309868842363358
3653750016.0,-0.11420010775327682
3654687488.0,-0.11418626457452774
3655624960.0,-0.11476261913776398
3656562432.0,-0.11316853016614914
3657499904.0,-0.11138154566287994
3658437376.0,-0.11096727848052979
3659375104.0,-0.1095021516084671
3660312576.0,-0.10708818584680557
3661250048.0,-0.10310133546590805
3662187520.0,-0.10100606828927994
3663124992.0,-0.09731587022542953
3664062464.0,-0.09381424635648727
3664999936.0,-0.0900326669216156
3665937408.0,-0.08573289215564728
3666874880.0,-0.08160892874002457
3667812608.0,-0.06426333636045456
3668750080.0,-0.06558436155319214
3669687552.0,-0.06439854949712753
3670625024.0,-0.06240490823984146
3671562496.0,-0.061477698385715485
3672499968.0,-0.058011580258607864
3673437440.0,-0.05461961403489113
3674374912.0,-0.049559690058231354
3675312384.0,-0.04421629011631012
3676250112.0,-0.03927347809076309
3677187584.0,-0.032870903611183167
3678125056.0,-0.026553822681307793
3679062528.0,-0.019057070836424828
3680000000.0,-0.012061999179422855
3680937472.0,-0.003915728069841862
3681874944.0,0.0038828980177640915
3682812416.0,0.0128111457452178
3683749888.0,0.021650223061442375
3684687616.0,0.030504008755087852
3685625088.0,0.03882665932178497
3686562560.0,0.046500951051712036
3687500032.0,0.05471162870526314
3688437504.0,0.06123228371143341
3689374976.0,0.06848392635583878
3690312448.0,0.075818732380867
3691249920.0,0.08135614544153214
3692187392.0,0.08737999945878983
3693125120.0,0.09081554412841797
3694062592.0,0.09368084371089935
3695000064.0,0.09548570960760117
3695937536.0,0.09662441164255142
3696875008.0,0.09687197208404541
3697812480.0,0.09514200687408447
3698749952.0,0.09235045313835144
3699687424.0,0.08982690423727036
3700624896.0,0.08640216290950775
3701562624.0,0.08191000670194626
3702500096.0,0.07573240995407104
3703437568.0,0.07009022682905197
3704375040.0,0.06339488178491592
3705312512.0,0.05578029155731201
3706249984.0,0.048527538776397705
3707187456.0,0.041747186332941055
3708124928.0,0.03456006199121475
3709062400.0,0.025680407881736755
3710000128.0,0.016234923154115677
3710937600.0,0.00831370148807764
3711875072.0,0.00045495404629036784
3712812544.0,-0.0068862559273839
3713750016.0,-0.01350211538374424
3714687488.0,-0.019419098272919655
3715624960.0,-0.02499503642320633
3716562432.0,-0.0291273333132267
3717499904.0,-0.032230913639068604
3718437376.0,-0.03539160266518593
3719375104.0,-0.03792912885546684
3720312576.0,-0.03878434747457504
3721250048.0,-0.03930650278925896
3722187520.0,-0.0385795496404171
3723124992.0,-0.03738395497202873
3724062464.0,-0.0364886112511158
3724999936.0,-0.035013966262340546
3725937408.0,-0.03387882933020592
3726874880.0,-0.03191450238227844
3727812608.0,-0.034447912126779556
3728750080.0,-0.03430400788784027
3729687552.0,-0.03433794900774956
3730625024.0,-0.033925797790288925
3731562496.0,-0.032316479831933975
3732499968.0,-0.03300642967224121
3733437440.0,-0.03175511211156845
3734374912.0,-0.031423673033714294
3735312384.0,-0.03215460106730461
3736250112.0,-0.03353673219680786
3737187584.0,-0.03448181226849556
3738125056.0,-0.037869907915592194
3739062528.0,-0.041458021849393845
3740000000.0,-0.04435279592871666
3740937472.0,-0.047908660024404526
3741874944.0,-0.052362482994794846
3742812416.0,-0.05699925869703293
3743749888.0,-0.06253617256879807
3744687616.0,-0.0680113211274147
3745625088.0,-0.07380323857069016
3746562560.0,-0.08018864691257477
3747500032.0,-0.08521726727485657
3748437504.0,-0.09061159193515778
3749374976.0,-0.0964316800236702
3750312448.0,-0.10140497237443924
3751249920.0,-0.10761792957782745
3752187392.0,-0.11295343190431595
3753125120.0,-0.11701887845993042
3754062592.0,-0.12216544896364212
3755000064.0,-0.12576772272586823
3755937536.0,-0.12840062379837036
3756875008.0,-0.12994016706943512
3757812480.0,-0.1300976425409317
3758749952.0,-0.12761572003364563
3759687424.0,-0.125589519739151
3760624896.0,-0.1217581033706665
3761562624.0,-0.11682906746864319
3762500096.0,-0.1101803332567215
3763437568.0,-0.10324755311012268
3764375040.0,-0.09405478090047836
3765312512.0,-0.08457928895950317
3766249984.0,-0.07362603396177292
3767187456.0,-0.06344858556985855
3768124928.0,-0.05292455852031708
3769062400.0,-0.04163966700434685
3769999872.0,-0.0303348395973444
3770937600.0,-0.018707701936364174
3771875072.0,-0.008277487009763718
3772812544.0,0.0021674148738384247
3773750016.0,0.012895091436803341
3774687488.0,0.022125788033008575
3775624960.0,0.029886195436120033
3776562432.0,0.0365816205739975
3777499904.0,0.04211673513054848
3778437376.0,0.0453350655734539
3779375104.0,0.045625608414411545
3780312576.0,0.04578251391649246
3781250048.0,0.04344472289085388
3782187520.0,0.04022430256009102
3783124992.0,0.03523574769496918
3784062464.0,0.02864241786301136
3784999936.0,0.02067720890045166
3785937408.0,0.011609291657805443
3786874880.0,0.01362689584493637
3787812608.0,0.00472461199387908
3788750080.0,-0.00424231169745326
3789687552.0,-0.014590037055313587
3790625024.0,-0.026363186538219452
3791562496.0,-0.039404235780239105
3792499968.0,-0.050198912620544434
3793437440.0,-0.060890231281518936
3794374912.0,-0.07222907245159149
3795312384.0,-0.08274079859256744
3796250112.0,-0.09349741786718369
3797187584.0,-0.10326412320137024
3798125056.0,-0.11345907300710678
3799062528.0,-0.12149780243635178
3800000000.0,-0.1285872608423233
3800937472.0,-0.13551191985607147
3801874944.0,-0.140180304646492
3802812416.0,-0.14463958144187927
3803749888.0,-0.14781001210212708
3804687616.0,-0.15041470527648926
3805625088.0,-0.14975042641162872
3806562560.0,-0.14902779459953308
3807500032.0,-0.14709016680717468
3808437504.0,-0.1434798687696457
3809374976.0,-0.13878858089447021
3810312448.0,-0.13305045664310455
3811249920.0,-0.12547318637371063
3812187392.0,-0.11668746173381805
3813125120.0,-0.10915140062570572
3814062592.0,-0.1003873199224472
3815000064.0,-0.08940809965133667
3815937536.0,-0.08089087903499603
3816875008.0,-0.07130622863769531
3817812480.0,-0.05999987944960594
3818749952.0,-0.05029555410146713
3819687424.0,-0.04042937234044075
3820624896.0,-0.03206174075603485
3821562624.0,-0.02365224063396454
3822500096.0,-0.016440002247691154
3823437568.0,-0.009721239097416401
3824375040.0,-0.003751372452825308
3825312512.0,0.0012567420490086079
3826249984.0,0.004913542419672012
3827187456.0,0.008582532405853271
3828124928.0,0.009608021005988121
3829062400.0,0.010281073860824108
3830000128.0,0.009512810967862606
3830937600.0,0.007937275804579258
3831875072.0,0.006305709481239319
3832812544.0,0.002860137727111578
3833750016.0,-0.001817166106775403
3834687488.0,-0.005109148100018501
3835624960.0,-0.009982789866626263
3836562432.0,-0.01547161489725113
3837499904.0,-0.019795745611190796
3838437376.0,-0.024393172934651375
3839375104.0,-0.029723042622208595
3840312576.0,-0.03331994637846947
3841250048.0,-0.037086740136146545
3842187520.0,-0.041580118238925934
3843124992.0,-0.04507027566432953
3844062464.0,-0.04766317084431648
3844999936.0,-0.049622517079114914
3845937408.0,-0.05131261423230171
3846874880.0,-0.04382626712322235
3847812608.0,-0.039214201271533966
3848750080.0,-0.03606956824660301
3849687552.0,-0.0325290821492672
3850625024.0,-0.030142290517687798
3851562496.0,-0.027750330045819283
3852499968.0,-0.025082364678382874
3853437440.0,-0.023192135617136955
3854374912.0,-0.021695204079151154
3855312384.0,-0.021365351974964142
3856250112.0,-0.01972995512187481
3857187584.0,-0.020513644441962242
3858125056.0,-0.021630968898534775
3859062528.0,-0.022769194096326828
3860000000.0,-0.02416202239692211
3860937472.0,-0.025638407096266747
3861874944.0,-0.027513917535543442
3862812416.0,-0.02900502271950245
3863749888.0,-0.031022896990180016
3864687616.0,-0.03361006826162338
3865625088.0,-0.03578520566225052
3866562560.0,-0.03938528522849083
3867500032.0,-0.040495384484529495
3868437504.0,-0.042882632464170456
3869374976.0,-0.04481548070907593
3870312448.0,-0.04723230376839638
3871249920.0,-0.0485704205930233
3872187392.0,-0.05055277794599533
3873125120.0,-0.05168965458869934
3874062592.0,-0.05267065390944481
3875000064.0,-0.053502779453992844
3875937536.0,-0.05615471675992012
3876875008.0,-0.05807986482977867
3877812480.0,-0.0615394227206707
3878749952.0,-0.062264978885650635
3879687424.0,-0.06350889801979065
3880624896.0,-0.06423023343086243
3881562624.0,-0.06444167345762253
3882500096.0,-0.06504423171281815
3883437568.0,-0.0645986795425415
3884375040.0,-0.06424520164728165
3885312512.0,-0.06367821991443634
3886249984.0,-0.06344104558229446
3887187456.0,-0.06319275498390198
3888124928.0,-0.06284576654434204
3889062400.0,-0.06365977227687836
3889999872.0,-0.06342854350805283
3890937600.0,-0.06440269947052002
3891875072.0,-0.06371401995420456
3892812544.0,-0.06512319296598434
3893750016.0,-0.06678135693073273
3894687488.0,-0.06842416524887085
3895624960.0,-0.07098948210477829
3896562432.0,-0.07349808514118195
3897499904.0,-0.07602652907371521
3898437376.0,-0.07950523495674133
3899375104.0,-0.08283635973930359
3900312576.0,-0.08649957925081253
3901250048.0,-0.09120767563581467
3902187520.0,-0.09628690034151077
3903124992.0,-0.10081043094396591
3904062464.0,-0.10723922401666641
3904999936.0,-0.11085620522499084
3905937408.0,-0.11488880962133408
3906874880.0,-0.1328117698431015
3907812608.0,-0.1400221884250641
3908750080.0,-0.1473293900489807
3909687552.0,-0.15034979581832886
3910625024.0,-0.1531674861907959
3911562496.0,-0.15317516028881073
3912499968.0,-0.15014733374118805
3913437440.0,-0.1464163064956665
3914374912.0,-0.1405293196439743
3915312384.0,-0.13181152939796448
3916250112.0,-0.12195095419883728
3917187584.0,-0.11014872044324875
3918125056.0,-0.09745573252439499
3919062528.0,-0.08337868750095367
3920000000.0,-0.06787178665399551
3920937472.0,-0.051839180290699005
3921874944.0,-0.03582875803112984
3922812416.0,-0.018741048872470856
3923749888.0,-0.0017286055954173207
3924687616.0,0.013087441213428974
3925625088.0,0.028218606486916542
3926562560.0,0.04150296002626419
3927500032.0,0.053506962954998016
3928437504.0,0.06516982614994049
3929374976.0,0.0744323804974556
3930312448.0,0.08181293308734894
3931249920.0,0.08660174906253815
3932187392.0,0.08993639051914215
3933125120.0,0.09151411056518555
3934062592.0,0.09010094404220581
3935000064.0,0.08645915240049362
3935937536.0,0.08282940089702606
3936875008.0,0.0770418643951416
3937812480.0,0.07043329626321793
3938749952.0,0.06212529540061951
3939687424.0,0.05437881872057915
3940624896.0,0.04568304494023323
3941562624.0,0.036074064671993256
3942500096.0,0.026295214891433716
3943437568.0,0.01768181100487709
3944375040.0,0.009688369929790497
3945312512.0,0.00035984956775791943
3946249984.0,-0.006971313618123531
3947187456.0,-0.012854826636612415
3948124928.0,-0.018448609858751297
3949062400.0,-0.02279527112841606
3950000128.0,-0.02667156420648098
3950937600.0,-0.028008820489048958
3951875072.0,-0.0296260267496109
3952812544.0,-0.03177107498049736
3953750016.0,-0.033630404621362686
3954687488.0,-0.03468470275402069
3955624960.0,-0.03620043024420738
3956562432.0,-0.03820568695664406
3957499904.0,-0.039815641939640045
3958437376.0,-0.04188842698931694
3959375104.0,-0.041252702474594116
3960312576.0,-0.04381942376494408
3961250048.0,-0.04410211741924286
3962187520.0,-0.04579200968146324
3963124992.0,-0.04948562756180763
3964062464.0,-0.052510011941194534
3964999936.0,-0.057081885635852814
3965937408.0,-0.06236547604203224
3966874880.0,-0.07688041776418686
3967812608.0,-0.09032635390758514
3968750080.0,-0.10301902890205383
3969687552.0,-0.11635897308588028
3970625024.0,-0.13036943972110748
3971562496.0,-0.1430806815624237
3972499968.0,-0.15483522415161133
3973437440.0,-0.16529978811740875
3974374912.0,-0.1747901439666748
3975312384.0,-0.18245230615139008
3976250112.0,-0.18880242109298706
3977187584.0,-0.19372797012329102
3978125056.0,-0.1969251036643982
3979062528.0,-0.1986566036939621
3980000000.0,-0.1979447305202484
3980937472.0,-0.19691507518291473
3981874944.0,-0.1943720281124115
3982812416.0,-0.19044144451618195
3983749888.0,-0.18398495018482208
3984687616.0,-0.17758992314338684
3985625088.0,-0.16941167414188385
3986562560.0,-0.1605718433856964
3987500032.0,-0.14900249242782593
3988437504.0,-0.13797031342983246
3989374976.0,-0.12590746581554413
3990312448.0,-0.11428826302289963
3991249920.0,-0.10311291366815567
3992187392.0,-0.09114959836006165
3993125120.0,-0.0806507021188736
3994062592.0,-0.07009944319725037
3995000064.0,-0.06033787131309509
3995937536.0,-0.052292194217443466
3996875008.0,-0.04457138851284981
3997812480.0,-0.039395522326231
3998749952.0,-0.03462250903248787
3999687424.0,-0.029379094019532204
4000624896.0,-0.035480909049510956
4001562624.0,-0.03415369987487793
4002500096.0,-0.034374408423900604
4003437568.0,-0.03554345667362213
4004375040.0,-0.03782963752746582
4005312512.0,-0.0416804775595665
4006249984.0,-0.04540012404322624
4007187456.0,-0.050724826753139496
4008124928.0,-0.05692001432180405
4009062400.0,-0.06453414261341095
4009999872.0,-0.0710965022444725
4010937600.0,-0.0785277932882309
4011875072.0,-0.08607953786849976
4012812544.0,-0.09526848047971725
4013750016.0,-0.1027715727686882
4014687488.0,-0.11131977289915085
4015624960.0,-0.11937770247459412
4016562432.0,-0.12660759687423706
4017499904.0,-0.1331769973039627
4018437376.0,-0.13896434009075165
4019375104.0,-0.14469794929027557
4020312576.0,-0.15030431747436523
4021250048.0,-0.15503303706645966
4022187520.0,-0.15886372327804565
4023124992.0,-0.16278980672359467
4024062464.0,-0.1653333306312561
4024999936.0,-0.16843923926353455
4025937408.0,-0.17135508358478546
4026874880.0,-0.16214053332805634
4027812608.0,-0.16909265518188477
4028750080.0,-0.17521250247955322
4029687552.0,-0.1804274469614029
4030625024.0,-0.18473868072032928
4031562496.0,-0.1889602243900299
4032499968.0,-0.19253146648406982
4033437440.0,-0.19509394466876984
4034374912.0,-0.19684016704559326
4035312384.0,-0.1964203417301178
4036250112.0,-0.19577889144420624
4037187584.0,-0.19398446381092072
4038125056.0,-0.1907024085521698
4039062528.0,-0.18585436046123505
4040000000.0,-0.18010815978050232
4040937472.0,-0.1747591644525528
4041874944.0,-0.16822902858257294
4042812416.0,-0.16058430075645447
4043749888.0,-0.15226870775222778
4044687616.0,-0.1419822722673416
4045625088.0,-0.13137273490428925
4046562560.0,-0.1197589710354805
4047500032.0,-0.1070651188492775
4048437504.0,-0.09322673082351685
4049374976.0,-0.07940961420536041
4050312448.0,-0.065602146089077
4051249920.0,-0.0517837293446064
4052187392.0,-0.0368570014834404
4053125120.0,-0.02425350435078144
4054062592.0,-0.012221286073327065
4055000064.0,-0.00011938955867663026
4055937536.0,0.010296017862856388
4056875008.0,0.019385091960430145
4057812480.0,0.028259746730327606
4058749952.0,0.0338907390832901
4059687424.0,0.039740920066833496
4060624896.0,0.04364347085356712
4061562624.0,0.04506511986255646
4062500096.0,0.04511395841836929
4063437568.0,0.04412180930376053
4064375040.0,0.04064163565635681
4065312512.0,0.03552964702248573
4066249984.0,0.030811632052063942
4067187456.0,0.02304690331220627
4068124928.0,0.013897078111767769
4069062400.0,0.004657700192183256
4070000128.0,-0.006890373304486275
4070937600.0,-0.01873670518398285
4071875072.0,-0.031933244317770004
4072812544.0,-0.04443735629320145
4073750016.0,-0.05865589156746864
4074687488.0,-0.07195141911506653
4075624960.0,-0.0845998004078865
4076562432.0,-0.09733385592699051
4077499904.0,-0.109797902405262
4078437376.0,-0.1211419552564621
4079375104.0,-0.13130635023117065
4080312576.0,-0.14040514826774597
4081250048.0,-0.14852666854858398
4082187520.0,-0.1565481424331665
4083124992.0,-0.1623089462518692
4084062464.0,-0.16665524244308472
4084999936.0,-0.1698199063539505
4085937408.0,-0.17036773264408112
4086874880.0,-0.15284202992916107
4087812608.0,-0.15193414688110352
4088750080.0,-0.15020409226417542
4089687552.0,-0.1481790840625763
4090625024.0,-0.14486542344093323
4091562496.0,-0.1413687765598297
4092499968.0,-0.13625860214233398
4093437440.0,-0.13121189177036285
4094374912.0,-0.1265546977519989
4095312384.0,-0.12049330770969391
4096250112.0,-0.11380238085985184
4097187584.0,-0.10782104730606079
4098125056.0,-0.10063950717449188
4099062528.0,-0.09529192745685577
4100000000.0,-0.08785945177078247
4100937472.0,-0.0822933241724968
4101874944.0,-0.07583563774824142
4102812416.0,-0.06986859440803528
4103749888.0,-0.0634705200791359
4104687616.0,-0.05939406529068947
4105625088.0,-0.05504748597741127
4106562560.0,-0.04985881969332695
4107500032.0,-0.04582794010639191
4108437504.0,-0.04126150161027908
4109374976.0,-0.03755306079983711
4110312448.0,-0.03377687931060791
4111249920.0,-0.030660677701234818
4112187392.0,-0.027978114783763885
4113125120.0,-0.025953384116292
4114062592.0,-0.023896433413028717
4115000064.0,-0.02316649816930294
4115937536.0,-0.021895190700888634
4116875008.0,-0.020667796954512596
4117812480.0,-0.019879547879099846
4118749952.0,-0.018447445705533028
4119687424.0,-0.020044146105647087
4120624896.0,-0.020357785746455193
4121562624.0,-0.020791588351130486
4122500096.0,-0.021382950246334076
4123437568.0,-0.02197842113673687
4124375040.0,-0.02360421232879162
4125312512.0,-0.026045052334666252
4126249984.0,-0.02829132042825222
4127187456.0,-0.03161318600177765
4128124928.0,-0.034254517406225204
4129062400.0,-0.037834543734788895
4129999872.0,-0.04140593111515045
4130937600.0,-0.046231139451265335
4131875072.0,-0.04968596622347832
4132812544.0,-0.05634173005819321
4133750016.0,-0.06167178601026535
4134687488.0,-0.0675588995218277
4135624960.0,-0.07363097369670868
4136562432.0,-0.08100055158138275
4137499904.0,-0.08876793086528778
4138437376.0,-0.09741830080747604
4139375104.0,-0.10615991055965424
4140312576.0,-0.11503449827432632
4141250048.0,-0.12508568167686462
4142187520.0,-0.13345111906528473
4143124992.0,-0.14415398240089417
4144062464.0,-0.1527007520198822
4144999936.0,-0.16224093735218048
4145937408.0,-0.17100024223327637
4146874880.0,-0.19058239459991455
4147812608.0,-0.1981237530708313
4148750080.0,-0.2035394161939621
4149687552.0,-0.20593790709972382
4150625024.0,-0.2074698656797409
4151562496.0,-0.20530351996421814
4152499968.0,-0.20214982330799103
4153437440.0,-0.1978427916765213
4154374912.0,-0.19225627183914185
4155312384.0,-0.18446111679077148
4156250112.0,-0.17634981870651245
4157187584.0,-0.1664082556962967
4158125056.0,-0.15525154769420624
4159062528.0,-0.14333410561084747
4160000000.0,-0.13152728974819183
4160937472.0,-0.1198577806353569
4161874944.0,-0.10931641608476639
4162812416.0,-0.09619756788015366
4163749888.0,-0.08311986178159714
4164687616.0,-0.07167794555425644
4165625088.0,-0.06040264666080475
4166562560.0,-0.050440043210983276
4167500032.0,-0.03978094086050987
4168437504.0,-0.029697101563215256
4169374976.0,-0.021097328513860703
4170312448.0,-0.012681759893894196
4171249920.0,-0.005270741879940033
4172187392.0,0.001171650248579681
4173125120.0,0.007493962533771992
4174062592.0,0.012922676280140877
4175000064.0,0.0175324659794569
4175937536.0,0.02055172063410282
4176875008.0,0.02473129890859127
4177812480.0,0.026475293561816216
4178749952.0,0.028159046545624733
4179687424.0,0.029509080573916435
4180624896.0,0.03005649894475937
4181562624.0,0.029972460120916367
4182500096.0,0.03002023696899414
4183437568.0,0.028631236404180527
4184375040.0,0.02766513265669346
4185312512.0,0.02592611312866211
4186249984.0,0.02326846867799759
4187187456.0,0.020248983055353165
4188124928.0,0.017086656764149666
4189062400.0,0.013534483499825
4190000128.0,0.008699712343513966
4190937600.0,0.0016473815776407719
4191875072.0,-0.0041521391831338406
4192812544.0,-0.010756350122392178
4193750016.0,-0.017684856429696083
4194687488.0,-0.025587528944015503
4195624960.0,-0.03516973555088043
4196562432.0,-0.04456539824604988
4197499904.0,-0.05350475758314133
4198437376.0,-0.06420555710792542
4199375104.0,-0.07519587874412537
4200312576.0,-0.08773262053728104
4201250048.0,-0.0991029366850853
4202187520.0,-0.11263781785964966
4203124992.0,-0.12465699017047882
4204062464.0,-0.13801038265228271
4204999936.0,-0.15066030621528625
4205937408.0,-0.16277936100959778
4206874880.0,-0.16519445180892944
4207812608.0,-0.17773430049419403
4208750080.0,-0.19026756286621094
4209687552.0,-0.20051968097686768
4210625024.0,-0.21184352040290833
4211562496.0,-0.2215643972158432
4212499968.0,-0.22989462316036224
4213437440.0,-0.23634585738182068
4214374912.0,-0.24204786121845245
4215312384.0,-0.24439458549022675
4216250112.0,-0.2438672035932541
4217187584.0,-0.24209409952163696
4218125056.0,-0.23858314752578735
4219062528.0,-0.23203378915786743
4220000000.0,-0.2238132506608963
4220937472.0,-0.21264789998531342
4221874944.0,-0.2007194608449936
4222812416.0,-0.18699872493743896
4223749888.0,-0.17047913372516632
4224687616.0,-0.1525074988603592
4225625088.0,-0.13265593349933624
4226562560.0,-0.11208496987819672
4227500032.0,-0.0909242033958435
4228437504.0,-0.06872717291116714
4229374976.0,-0.04627954587340355
4230312448.0,-0.024532850831747055
4231249920.0,-0.0029584276489913464
4232187392.0,0.018529918044805527
4233125120.0,0.03967973589897156
4234062592.0,0.056425027549266815
4235000064.0,0.07528126984834671
4235937536.0,0.08958007395267487
4236875008.0,0.10280556231737137
4237812480.0,0.11412224918603897
4238749952.0,0.12221065908670425
4239687424.0,0.12874093651771545
4240624896.0,0.1324162632226944
4241562624.0,0.1331780105829239
4242500096.0,0.13154995441436768
4243437568.0,0.12878987193107605
4244375040.0,0.12322255223989487
4245312512.0,0.11392853409051895
4246249984.0,0.10331530123949051
4247187456.0,0.09204453229904175
4248124928.0,0.07807443290948868
4249062400.0,0.06359720975160599
4249999872.0,0.04665610194206238
4250937600.0,0.030217789113521576
4251875072.0,0.012940889224410057
4252812544.0,-0.005736044608056545
4253750016.0,-0.02444656752049923
4254687488.0,-0.04316750541329384
4255624960.0,-0.06090204417705536
4256562432.0,-0.07970692217350006
4257499904.0,-0.09705747663974762
4258437376.0,-0.11405559629201889
4259375104.0,-0.13078702986240387
4260312576.0,-0.14662401378154755
4261250048.0,-0.16190874576568604
4262187520.0,-0.17577408254146576
4263124992.0,-0.18968185782432556
4264062464.0,-0.20333313941955566
4264999936.0,-0.21623758971691132
4265937408.0,-0.2291857749223709
4266874880.0,-0.23700281977653503
4267812608.0,-0.24163071811199188
4268750080.0,-0.24593305587768555
4269687552.0,-0.2505306303501129
4270625024.0,-0.2550481855869293
4271562496.0,-0.2597581446170807
4272499968.0,-0.26384520530700684
4273437440.0,-0.26714837551116943
4274374912.0,-0.2684272229671478
4275312384.0,-0.26836949586868286
4276250112.0,-0.26856452226638794
4277187584.0,-0.266854852437973
4278125056.0,-0.26338183879852295
4279062528.0,-0.25793033838272095
4280000000.0,-0.2501995265483856
4280937472.0,-0.24144922196865082
4281874944.0,-0.2304723858833313
4282812416.0,-0.21809980273246765
4283749888.0,-0.20315483212471008
4284687616.0,-0.18779130280017853
4285625088.0,-0.17042666673660278
4286562560.0,-0.15193665027618408
4287500032.0,-0.13253594934940338
4288437504.0,-0.11080436408519745
4289374976.0,-0.08868188410997391
4290312448.0,-0.0653916522860527
4291249920.0,-0.0413406677544117
4292187392.0,-0.017600039020180702
4293125120.0,0.005621554795652628
4294062592.0,0.02850002609193325
4295000064.0,0.05019726604223251
4295937536.0,0.07089239358901978
4296875008.0,0.09050509333610535
4297812480.0,0.10761917382478714
4298749952.0,0.12398356199264526
4299687424.0,0.1382521539926529
4300624896.0,0.15043973922729492
4301562368.0,0.15984821319580078
4302499840.0,0.166889026761055
4303437312.0,0.17122040688991547
4304374784.0,0.172825425863266
4305312256.0,0.17072078585624695
4306250240.0,0.16680805385112762
4307187712.0,0.16094128787517548
4308125184.0,0.1511390209197998
4309062656.0,0.137538343667984
4310000128.0,0.12244094163179398
4310937600.0,0.10390258580446243
4311875072.0,0.08281923085451126
4312812544.0,0.06089336797595024
4313750016.0,0.035632483661174774
4314687488.0,0.009730754420161247
4315624960.0,-0.01818043738603592
4316562432.0,-0.04625410586595535
4317499904.0,-0.07701677829027176
4318437376.0,-0.10811010003089905
4319374848.0,-0.13950133323669434
4320312320.0,-0.1694546341896057
4321249792.0,-0.19859284162521362
4322187264.0,-0.2277907431125641
4323125248.0,-0.25347188115119934
4324062720.0,-0.2773882746696472
4325000192.0,-0.29925864934921265
4325937664.0,-0.3188783824443817
4326875136.0,-0.34394288063049316
4327812608.0,-0.33737045526504517
4328750080.0,-0.33086496591567993
4329687552.0,-0.3234292268753052
4330625024.0,-0.3135526478290558
4331562496.0,-0.30485713481903076
4332499968.0,-0.2954444885253906
4333437440.0,-0.2866291403770447
4334374912.0,-0.2772212326526642
4335312384.0,-0.2693116068840027
4336249856.0,-0.26040196418762207
4337187328.0,-0.25289639830589294
4338124800.0,-0.2472188025712967
4339062272.0,-0.2398739904165268
4339999744.0,-0.235667884349823
4340937728.0,-0.22955219447612762
4341875200.0,-0.22432631254196167
4342812672.0,-0.21891620755195618
4343750144.0,-0.2138490080833435
4344687616.0,-0.2075195163488388
4345625088.0,-0.20123089849948883
4346562560.0,-0.19359363615512848
4347500032.0,-0.18609729409217834
4348437504.0,-0.17780308425426483
4349374976.0,-0.16981294751167297
4350312448.0,-0.15992197394371033
4351249920.0,-0.1486942172050476
4352187392.0,-0.13604684174060822
4353124864.0,-0.12142311036586761
4354062336.0,-0.10583113133907318
4354999808.0,-0.08937133848667145
4355937280.0,-0.07315600663423538
4356874752.0,-0.05586462467908859
4357812736.0,-0.04044206067919731
4358750208.0,-0.025608209893107414
4359687680.0,-0.013964660465717316
4360625152.0,-0.007629444357007742
4361562624.0,-0.001527011627331376
4362500096.0,0.0007538065547123551
4363437568.0,0.0033057366963475943
4364375040.0,0.004215946886688471
4365312512.0,0.004409437533468008
4366249984.0,0.0032016660552471876
4367187456.0,0.0031693957280367613
4368124928.0,0.0005001362296752632
4369062400.0,-0.0013818219304084778
4369999872.0,-0.0035784135106951
4370937344.0,-0.006491062697023153
4371874816.0,-0.009906117804348469
4372812288.0,-0.01465913187712431
4373749760.0,-0.021267589181661606
4374687744.0,-0.02848488837480545
4375625216.0,-0.03791382536292076
4376562688.0,-0.04813985154032707
4377500160.0,-0.06025741249322891
4378437632.0,-0.07388651371002197
4379375104.0,-0.08947661519050598
4380312576.0,-0.1066259890794754
4381250048.0,-0.1256253570318222
4382187520.0,-0.14665012061595917
4383124992.0,-0.1692257672548294
4384062464.0,-0.1920490711927414
4384999936.0,-0.2162483036518097
4385937408.0,-0.23958660662174225
4386874880.0,-0.3275524079799652
4387812352.0,-0.3415485918521881
4388749824.0,-0.35415133833885193
4389687296.0,-0.3646294176578522
4390624768.0,-0.3726321756839752
4391562752.0,-0.37689444422721863
4392500224.0,-0.37965741753578186
4393437696.0,-0.3787041902542114
4394375168.0,-0.3734224736690521
4395312640.0,-0.36625272035598755
4396250112.0,-0.3553793728351593
4397187584.0,-0.3399363160133362
4398125056.0,-0.3225528299808502
4399062528.0,-0.30113092064857483
4400000000.0,-0.2785213887691498
4400937472.0,-0.25243493914604187
4401874944.0,-0.22445324063301086
4402812416.0,-0.1955908238887787
4403749888.0,-0.16507653892040253
4404687360.0,-0.13254208862781525
4405624832.0,-0.1011548861861229
4406562304.0,-0.0669458657503128
4407499776.0,-0.0363239049911499
4408437248.0,-0.004903777036815882
4409375232.0,0.025750938802957535
4410312704.0,0.05372308939695358
4411250176.0,0.08042579889297485
4412187648.0,0.10605665296316147
4413125120.0,0.12795069813728333
4414062592.0,0.14789150655269623
4415000064.0,0.16400784254074097
4415937536.0,0.17699070274829865
4416875008.0,0.1869167983531952
4417812480.0,0.19311058521270752
4418749952.0,0.19533367455005646
4419687424.0,0.1957656741142273
4420624896.0,0.1914851814508438
4421562368.0,0.1865711808204651
4422499840.0,0.17427821457386017
4423437312.0,0.16251546144485474
4424374784.0,0.14589102566242218
4425312256.0,0.1279151737689972
4426250240.0,0.10674268007278442
4427187712.0,0.08432981371879578
4428125184.0,0.06025529280304909
4429062656.0,0.034899111837148666
4430000128.0,0.008752217516303062
4430937600.0,-0.017433226108551025
4431875072.0,-0.043999265879392624
4432812544.0,-0.0696932002902031
4433750016.0,-0.09642831236124039
4434687488.0,-0.1208563894033432
4435624960.0,-0.1438772976398468
4436562432.0,-0.1662076860666275
4437499904.0,-0.18576613068580627
4438437376.0,-0.20295453071594238
4439374848.0,-0.2174578160047531
4440312320.0,-0.22945402562618256
4441249792.0,-0.23928745090961456
4442187264.0,-0.24609361588954926
4443125248.0,-0.25149744749069214
4444062720.0,-0.2529243528842926
4445000192.0,-0.2546520233154297
4445937664.0,-0.25367721915245056
4446875136.0,-0.19683966040611267
4447812608.0,-0.20116357505321503
4448750080.0,-0.20338742434978485
4449687552.0,-0.20287013053894043
4450625024.0,-0.19892297685146332
4451562496.0,-0.1926005482673645
4452499968.0,-0.18309526145458221
4453437440.0,-0.1716829389333725
4454374912.0,-0.15704068541526794
4455312384.0,-0.1415819525718689
4456249856.0,-0.12297720462083817
4457187328.0,-0.1037505567073822
4458124800.0,-0.08298585563898087
4459062272.0,-0.062242891639471054
4460000256.0,-0.0404561311006546
4460937728.0,-0.019604943692684174
4461875200.0,0.0014900063397362828
4462812672.0,0.022088030353188515
4463750144.0,0.04151473566889763
4464687616.0,0.05976388603448868
4465625088.0,0.07686890661716461
4466562560.0,0.09196483343839645
4467500032.0,0.1041635200381279
4468437504.0,0.11367729306221008
4469374976.0,0.12065208703279495
4470312448.0,0.12377404421567917
4471249920.0,0.12471296638250351
4472187392.0,0.1224900409579277
4473124864.0,0.11703918129205704
4474062336.0,0.10952702164649963
4474999808.0,0.09857955574989319
4475937280.0,0.08537614345550537
4476874752.0,0.06873854249715805
4477812736.0,0.049832236021757126
4478750208.0,0.028639301657676697
4479687680.0,0.005536490585654974
4480625152.0,-0.019271893426775932
4481562624.0,-0.04533280059695244
4482500096.0,-0.07251115888357162
4483437568.0,-0.09993670880794525
4484375040.0,-0.1282404065132141
4485312512.0,-0.15595513582229614
4486249984.0,-0.18364253640174866
4487187456.0,-0.21125273406505585
4488124928.0,-0.23750029504299164
4489062400.0,-0.2626257836818695
4489999872.0,-0.2862955629825592
4490937344.0,-0.3081396520137787
4491874816.0,-0.3282673954963684
4492812288.0,-0.34553518891334534
4493749760.0,-0.3607785701751709
4494687744.0,-0.37342995405197144
4495625216.0,-0.3839412033557892
4496562688.0,-0.39322105050086975
4497500160.0,-0.3984752893447876
4498437632.0,-0.401925265789032
4499375104.0,-0.40480124950408936
4500312576.0,-0.40675288438796997
4501250048.0,-0.40531593561172485
4502187520.0,-0.4031628966331482
4503124992.0,-0.3997901976108551
4504062464.0,-0.3952077329158783
4504999936.0,-0.39205560088157654
4505937408.0,-0.38631919026374817
4506874880.0,-0.2658401429653168
4507812352.0,-0.2628443241119385
4508749824.0,-0.26040253043174744
4509687296.0,-0.25840362906455994
4510624768.0,-0.2576022446155548
4511562752.0,-0.2578020989894867
4512500224.0,-0.2596617043018341
4513437696.0,-0.26190802454948425
4514375168.0,-0.2637721300125122
4515312640.0,-0.2671857476234436
4516250112.0,-0.2718748450279236
4517187584.0,-0.2789064645767212
4518125056.0,-0.28672319650650024
4519062528.0,-0.293468713760376
4520000000.0,-0.3012855052947998
4520937472.0,-0.31080275774002075
4521874944.0,-0.32020440697669983
4522812416.0,-0.33001527190208435
4523749888.0,-0.33918705582618713
4524687360.0,-0.3502045273780823
4525624832.0,-0.35967233777046204
4526562304.0,-0.3684563636779785
4527499776.0,-0.37695929408073425
4528437248.0,-0.3858080804347992
4529375232.0,-0.3943122923374176
4530312704.0,-0.40269240736961365
4531250176.0,-0.41137081384658813
4532187648.0,-0.4181678593158722
4533125120.0,-0.42522335052490234
4534062592.0,-0.43182072043418884
4535000064.0,-0.43763136863708496
4535937536.0,-0.442288339138031
4536875008.0,-0.44649332761764526
4537812480.0,-0.4498785436153412
4538749952.0,-0.4522114098072052
4539687424.0,-0.4539441764354706
4540624896.0,-0.45531901717185974
4541562368.0,-0.4559452533721924
4542499840.0,-0.4549691081047058
4543437312.0,-0.4531920254230499
4544374784.0,-0.45090779662132263
4545312256.0,-0.44835129380226135
4546250240.0,-0.44678667187690735
4547187712.0,-0.4434194564819336
4548125184.0,-0.4403994083404541
4549062656.0,-0.43812096118927
4550000128.0,-0.4346683621406555
4550937600.0,-0.43183568120002747
4551875072.0,-0.4293612837791443
4552812544.0,-0.4252096712589264
4553750016.0,-0.423778235912323
4554687488.0,-0.4206852614879608
4555624960.0,-0.4188336133956909
4556562432.0,-0.41789013147354126
4557499904.0,-0.4158038794994354
4558437376.0,-0.41491496562957764
4559374848.0,-0.4129737615585327
4560312320.0,-0.4118221700191498
4561249792.0,-0.41113659739494324
4562187264.0,-0.40962889790534973
4563125248.0,-0.40940001606941223
4564062720.0,-0.4081572890281677
4565000192.0,-0.40700358152389526
4565937664.0,-0.4047465920448303
4566875136.0,-0.3625517189502716
4567812608.0,-0.36853763461112976
4568750080.0,-0.37176692485809326
4569687552.0,-0.3731548488140106
4570625024.0,-0.3736734986305237
4571562496.0,-0.3716619610786438
4572499968.0,-0.36845099925994873
4573437440.0,-0.3614315986633301
4574374912.0,-0.3532414734363556
4575312384.0,-0.3429833650588989
4576249856.0,-0.3310081958770752
4577187328.0,-0.3170768916606903
4578124800.0,-0.30153730511665344
4579062272.0,-0.28449875116348267
4579999744.0,-0.26498061418533325
4580937728.0,-0.24520039558410645
4581875200.0,-0.22326532006263733
4582812672.0,-0.2012157291173935
4583750144.0,-0.17840053141117096
4584687616.0,-0.15528951585292816
4585625088.0,-0.1320253610610962
4586562560.0,-0.10862019658088684
4587500032.0,-0.0873350203037262
4588437504.0,-0.06562983989715576
4589374976.0,-0.04555496200919151
4590312448.0,-0.02748987451195717
4591249920.0,-0.010127167217433453
4592187392.0,0.004134962800890207
4593124864.0,0.01754193753004074
4594062336.0,0.027245504781603813
4594999808.0,0.035130444914102554
4595937280.0,0.04112231731414795
4596874752.0,0.04302319884300232
4597812736.0,0.042876794934272766
4598750208.0,0.03951767832040787
4599687680.0,0.033550914376974106
4600625152.0,0.025030609220266342
4601562624.0,0.01502339355647564
4602500096.0,0.0021482608281075954
4603437568.0,-0.01227397657930851
4604375040.0,-0.029006561264395714
4605312512.0,-0.04824758693575859
4606249984.0,-0.06950392574071884
4607187456.0,-0.0909670740365982
4608124928.0,-0.11282139271497726
4609062400.0,-0.13630583882331848
4609999872.0,-0.16008059680461884
4610937344.0,-0.18444256484508514
4611874816.0,-0.2060038149356842
4612812288.0,-0.2283165007829666
4613749760.0,-0.249760702252388
4614687744.0,-0.26977354288101196
4615625216.0,-0.2895302176475525
4616562688.0,-0.3085939586162567
4617500160.0,-0.325859397649765
4618437632.0,-0.3420978784561157
4619375104.0,-0.35594090819358826
4620312576.0,-0.36925721168518066
4621250048.0,-0.38221216201782227
4622187520.0,-0.39402103424072266
4623124992.0,-0.40449365973472595
4624062464.0,-0.41484251618385315
4624999936.0,-0.424998939037323
4625937408.0,-0.4322578012943268
4626874880.0,-0.44258594512939453
4627812352.0,-0.43775302171707153
4628749824.0,-0.4308352470397949
4629687296.0,-0.42470264434814453
4630624768.0,-0.4161145091056824
4631562752.0,-0.40689387917518616
4632500224.0,-0.39644795656204224
4633437696.0,-0.38777899742126465
4634375168.0,-0.3763991594314575
4635312640.0,-0.3662819564342499
4636250112.0,-0.3575189411640167
4637187584.0,-0.3481898903846741
4638125056.0,-0.3384128212928772
4639062528.0,-0.3302054703235626
4640000000.0,-0.32201531529426575
4640937472.0,-0.31450155377388
4641874944.0,-0.30910828709602356
4642812416.0,-0.30249151587486267
4643749888.0,-0.29914408922195435
4644687360.0,-0.29646214842796326
4645624832.0,-0.2955717146396637
4646562304.0,-0.29581135511398315
4647499776.0,-0.29653269052505493
4648437248.0,-0.2991041839122772
4649375232.0,-0.30346864461898804
4650312704.0,-0.307282030582428
4651250176.0,-0.3132016658782959
4652187648.0,-0.3189256191253662
4653125120.0,-0.32524582743644714
4654062592.0,-0.3324871063232422
4655000064.0,-0.3399956524372101
4655937536.0,-0.348842978477478
4656875008.0,-0.3585837483406067
4657812480.0,-0.3697049617767334
4658749952.0,-0.37945547699928284
4659687424.0,-0.3921414017677307
4660624896.0,-0.40393322706222534
4661562368.0,-0.4158869981765747
4662499840.0,-0.42941635847091675
4663437312.0,-0.4423610270023346
4664374784.0,-0.45689260959625244
4665312256.0,-0.4719870388507843
4666250240.0,-0.486052006483078
4667187712.0,-0.502916693687439
4668125184.0,-0.5170767307281494
4669062656.0,-0.5313819646835327
4670000128.0,-0.5450518727302551
4670937600.0,-0.560472309589386
4671875072.0,-0.5749772191047668
4672812544.0,-0.5877705812454224
4673750016.0,-0.6006931662559509
4674687488.0,-0.613426148891449
4675624960.0,-0.6248120069503784
4676562432.0,-0.6363916993141174
4677499904.0,-0.6466627717018127
4678437376.0,-0.6572386026382446
4679374848.0,-0.6667198538780212
4680312320.0,-0.6742650270462036
4681249792.0,-0.6814862489700317
4682187264.0,-0.6873961091041565
4683125248.0,-0.6912347078323364
4684062720.0,-0.6938604712486267
4685000192.0,-0.6938262581825256
4685937664.0,-0.6917208433151245
4686875136.0,-0.6698914766311646
4687812608.0,-0.6677562594413757
4688750080.0,-0.6644619703292847
4689687552.0,-0.657399594783783
4690625024.0,-0.6487529873847961
4691562496.0,-0.6366627216339111
4692499968.0,-0.6235833168029785
4693437440.0,-0.6081421375274658
4694374912.0,-0.5898962020874023
4695312384.0,-0.570742666721344
4696249856.0,-0.550177276134491
4697187328.0,-0.528175413608551
4698124800.0,-0.505259096622467
4699062272.0,-0.48331013321876526
4700000256.0,-0.46095237135887146
4700937728.0,-0.4386008381843567
4701875200.0,-0.41847455501556396
4702812672.0,-0.39973047375679016
4703750144.0,-0.3829677402973175
4704687616.0,-0.3697766363620758
4705625088.0,-0.3583019971847534
4706562560.0,-0.351274698972702
4707500032.0,-0.34875789284706116
4708437504.0,-0.34999921917915344
4709374976.0,-0.35545945167541504
4710312448.0,-0.36535772681236267
4711249920.0,-0.38129428029060364
4712187392.0,-0.40105968713760376
4713124864.0,-0.4254302680492401
4714062336.0,-0.4555695354938507
4714999808.0,-0.4887443482875824
4715937280.0,-0.5267425775527954
4716874752.0,-0.567824125289917
4717812736.0,-0.6118481755256653
4718750208.0,-0.658484697341919
4719687680.0,-0.7061378359794617
4720625152.0,-0.7549211978912354
4721562624.0,-0.8051473498344421
4722500096.0,-0.853820264339447
4723437568.0,-0.9010443687438965
4724375040.0,-0.9463770389556885
4725312512.0,-0.9894178509712219
4726249984.0,-1.0266629457473755
4727187456.0,-1.0616364479064941
4728124928.0,-1.0910029411315918
4729062400.0,-1.115885615348816
4729999872.0,-1.1353679895401
4730937344.0,-1.1499468088150024
4731874816.0,-1.1617883443832397
4732812288.0,-1.1696263551712036
4733749760.0,-1.1732723712921143
4734687744.0,-1.1735539436340332
4735625216.0,-1.1707494258880615
4736562688.0,-1.1650108098983765
4737500160.0,-1.1578751802444458
4738437632.0,-1.1483830213546753
4739375104.0,-1.1362817287445068
4740312576.0,-1.1247007846832275
4741250048.0,-1.109963297843933
4742187520.0,-1.0957621335983276
4743124992.0,-1.079423427581787
4744062464.0,-1.0646090507507324
4744999936.0,-1.0486629009246826
4745937408.0,-1.0314421653747559
4746874880.0,-0.8011727333068848
4747812352.0,-0.8078448176383972
4748749824.0,-0.815548300743103
4749687296.0,-0.8224687576293945
4750624768.0,-0.8284001350402832
4751562752.0,-0.8335903286933899
4752500224.0,-0.838861882686615
4753437696.0,-0.8442497253417969
4754375168.0,-0.8485029935836792
4755312640.0,-0.8517366647720337
4756250112.0,-0.8548595309257507
4757187584.0,-0.8561276793479919
4758125056.0,-0.8572054505348206
4759062528.0,-0.855802059173584
4760000000.0,-0.8552034497261047
4760937472.0,-0.8525684475898743
4761874944.0,-0.8494800329208374
4762812416.0,-0.8469914197921753
4763749888.0,-0.8426923155784607
4764687360.0,-0.8385891318321228
4765624832.0,-0.8343589901924133
4766562304.0,-0.8301399350166321
4767499776.0,-0.8243290781974792
4768437248.0,-0.8193527460098267
4769375232.0,-0.8130038976669312
4770312704.0,-0.8092141151428223
4771250176.0,-0.8048526048660278
4772187648.0,-0.8007875084877014
4773125120.0,-0.7985363006591797
4774062592.0,-0.7954216599464417
4775000064.0,-0.7922413945198059
4775937536.0,-0.792335033416748
4776875008.0,-0.7931875586509705
4777812480.0,-0.7961302399635315
4778749952.0,-0.8009166121482849
4779687424.0,-0.8067640066146851
4780624896.0,-0.8146820664405823
4781562368.0,-0.8246541023254395
4782499840.0,-0.8378103375434875
4783437312.0,-0.8512068390846252
4784374784.0,-0.8671877384185791
4785312256.0,-0.8852455019950867
4786250240.0,-0.9059756398200989
4787187712.0,-0.9281100034713745
4788125184.0,-0.9505221247673035
4789062656.0,-0.9752351641654968
4790000128.0,-1.000714659690857
4790937600.0,-1.027474284172058
4791875072.0,-1.0541552305221558
4792812544.0,-1.08272385597229
4793750016.0,-1.1099586486816406
4794687488.0,-1.1383503675460815
4795624960.0,-1.165603518486023
4796562432.0,-1.1918140649795532
4797499904.0,-1.2181271314620972
4798437376.0,-1.2425724267959595
4799374848.0,-1.26737380027771
4800312320.0,-1.2887204885482788
4801249792.0,-1.3085434436798096
4802187264.0,-1.3268972635269165
4803125248.0,-1.3427060842514038
4804062720.0,-1.356715202331543
4805000192.0,-1.3670152425765991
4805937664.0,-1.3762283325195312
4806875136.0,-1.230858564376831
4807812608.0,-1.2349560260772705
4808750080.0,-1.2373015880584717
4809687552.0,-1.2376991510391235
4810625024.0,-1.2375741004943848
4811562496.0,-1.2345962524414062
4812499968.0,-1.2297377586364746
4813437440.0,-1.2256776094436646
4814374912.0,-1.2198454141616821
4815312384.0,-1.2128517627716064
4816249856.0,-1.2061058282852173
4817187328.0,-1.197757363319397
4818124800.0,-1.1916354894638062
4819062272.0,-1.1861435174942017
4819999744.0,-1.1805773973464966
4820937728.0,-1.17603600025177
4821875200.0,-1.1723098754882812
4822812672.0,-1.168756365776062
4823750144.0,-1.166515827178955
4824687616.0,-1.1672176122665405
4825625088.0,-1.1677136421203613
4826562560.0,-1.1707954406738281
4827500032.0,-1.1756089925765991
4828437504.0,-1.1825562715530396
4829374976.0,-1.1917665004730225
4830312448.0,-1.2019976377487183
4831249920.0,-1.2151910066604614
4832187392.0,-1.229857087135315
4833124864.0,-1.2462354898452759
4834062336.0,-1.2640364170074463
4834999808.0,-1.2825766801834106
4835937280.0,-1.301278829574585
4836874752.0,-1.3212642669677734
4837812736.0,-1.3425140380859375
4838750208.0,-1.3654712438583374
4839687680.0,-1.38655686378479
4840625152.0,-1.4100306034088135
4841562624.0,-1.432404637336731
4842500096.0,-1.4537854194641113
4843437568.0,-1.4746487140655518
4844375040.0,-1.494325876235962
4845312512.0,-1.514033555984497
4846249984.0,-1.5327905416488647
4847187456.0,-1.5494754314422607
4848124928.0,-1.5662952661514282
4849062400.0,-1.5817763805389404
4849999872.0,-1.5949898958206177
4850937344.0,-1.6075832843780518
4851874816.0,-1.619452953338623
4852812288.0,-1.6295658349990845
4853749760.0,-1.6363664865493774
4854687744.0,-1.6427133083343506
4855625216.0,-1.6493366956710815
4856562688.0,-1.6543166637420654
4857500160.0,-1.6583819389343262
4858437632.0,-1.6615140438079834
4859375104.0,-1.6646974086761475
4860312576.0,-1.6687381267547607
4861250048.0,-1.6730660200119019
4862187520.0,-1.6775065660476685
4863124992.0,-1.6826696395874023
4864062464.0,-1.6862283945083618
4864999936.0,-1.68993079662323
4865937408.0,-1.6937559843063354
4866874880.0,-1.6749238967895508
4867812352.0,-1.6774994134902954
4868749824.0,-1.6815836429595947
4869687296.0,-1.6854231357574463
4870624768.0,-1.6892601251602173
4871562752.0,-1.69407057762146
4872500224.0,-1.7016448974609375
4873437696.0,-1.7089550495147705
4874375168.0,-1.7170209884643555
4875312640.0,-1.7266885042190552
4876250112.0,-1.7373884916305542
4877187584.0,-1.7474219799041748
4878125056.0,-1.7587724924087524
4879062528.0,-1.770491600036621
4880000000.0,-1.7821885347366333
4880937472.0,-1.7921843528747559
4881874944.0,-1.8046947717666626
4882812416.0,-1.8176289796829224
4883749888.0,-1.828269362449646
4884687360.0,-1.8413903713226318
4885624832.0,-1.852478265762329
4886562304.0,-1.8636667728424072
4887499776.0,-1.8746287822723389
4888437248.0,-1.8841465711593628
4889375232.0,-1.8908973932266235
4890312704.0,-1.89537513256073
4891250176.0,-1.8968642950057983
4892187648.0,-1.8975048065185547
4893125120.0,-1.8932433128356934
4894062592.0,-1.8887667655944824
4895000064.0,-1.8801295757293701
4895937536.0,-1.8685246706008911
4896875008.0,-1.8554480075836182
4897812480.0,-1.8385145664215088
4898749952.0,-1.8196420669555664
4899687424.0,-1.7987996339797974
4900624896.0,-1.7774043083190918
4901562368.0,-1.75132417678833
4902499840.0,-1.7252857685089111
4903437312.0,-1.6983413696289062
4904374784.0,-1.670372724533081
4905312256.0,-1.6417583227157593
4906250240.0,-1.6133880615234375
4907187712.0,-1.586466908454895
4908125184.0,-1.5593682527542114
4909062656.0,-1.53340482711792
4910000128.0,-1.510418176651001
4910937600.0,-1.487320065498352
4911875072.0,-1.4669370651245117
4912812544.0,-1.449358344078064
4913750016.0,-1.433685064315796
4914687488.0,-1.4204503297805786
4915624960.0,-1.4090391397476196
4916562432.0,-1.3995440006256104
4917499904.0,-1.3925814628601074
4918437376.0,-1.388332724571228
4919374848.0,-1.3862332105636597
4920312320.0,-1.3857996463775635
4921249792.0,-1.3871588706970215
4922187264.0,-1.3304146528244019
4923125248.0,-1.3186148405075073
4924062720.0,-1.3082337379455566
4925000192.0,-1.298869252204895
4925937664.0,-1.4094104766845703
4926875136.0,-1.417073369026184
4927812608.0,-1.422821044921875
4928750080.0,-1.4288307428359985
4929687552.0,-1.4331368207931519
4930625024.0,-1.435461401939392
4931562496.0,-1.4370653629302979
4932499968.0,-1.4355061054229736
4933437440.0,-1.4320170879364014
4934374912.0,-1.4263960123062134
4935312384.0,-1.418086290359497
4936249856.0,-1.4088414907455444
4937187328.0,-1.3960665464401245
4938124800.0,-1.3819636106491089
4939062272.0,-1.364485502243042
4940000256.0,-1.3456546068191528
4940937728.0,-1.3254883289337158
4941875200.0,-1.30322265625
4942812672.0,-1.2807950973510742
4943750144.0,-1.2561973333358765
4944687616.0,-1.2322206497192383
4945625088.0,-1.2095236778259277
4946562560.0,-1.1859370470046997
4947500032.0,-1.1645184755325317
4948437504.0,-1.144439697265625
4949374976.0,-1.1240875720977783
4950312448.0,-1.1066765785217285
4951249920.0,-1.091876745223999
4952187392.0,-1.0784989595413208
4953124864.0,-1.067426085472107
4954062336.0,-1.0582973957061768
4954999808.0,-1.0512065887451172
4955937280.0,-1.0457812547683716
4956874752.0,-1.0415276288986206
4957812736.0,-1.0373495817184448
4958750208.0,-1.0344654321670532
4959687680.0,-1.0314077138900757
4960625152.0,-1.03022038936615
4961562624.0,-1.0259102582931519
4962500096.0,-1.023175597190857
4963437568.0,-1.019598364830017
4964375040.0,-1.0137969255447388
4965312512.0,-1.007243037223816
4966249984.0,-0.999764621257782
4967187456.0,-0.9920152425765991
4968124928.0,-0.983094334602356
4969062400.0,-0.9737561345100403
4969999872.0,-0.9636039137840271
4970937344.0,-0.9541444778442383
4971874816.0,-0.9432068467140198
4972812288.0,-0.9327476024627686
4973749760.0,-0.9218242764472961
4974687744.0,-0.9127539396286011
4975625216.0,-0.9035207033157349
4976562688.0,-0.8950523734092712
4977500160.0,-0.8868340253829956
4978437632.0,-0.8792547583580017
4979375104.0,-0.8712636828422546
4980312576.0,-0.8626939654350281
4981250048.0,-0.8547530770301819
4982187520.0,-0.8459654450416565
4983124992.0,-0.8375619053840637
4984062464.0,-0.8282738327980042
4984999936.0,-0.8183498382568359
4985937408.0,-0.798448920249939
4986874880.0,-0.7893978953361511
4987812352.0,-0.7801788449287415
4988749824.0,-0.7732798457145691
4989687296.0,-0.7682002186775208
4990624768.0,-0.7633927464485168
4991562752.0,-0.7593727111816406
4992500224.0,-0.7582688331604004
4993437696.0,-0.7579803466796875
4994375168.0,-0.758806049823761
4995312640.0,-0.7617904543876648
4996250112.0,-0.7652508616447449
4997187584.0,-0.7704414129257202
4998125056.0,-0.7764609456062317
4999062528.0,-0.7839973568916321
5000000000.0,-0.7924008965492249
5000937472.0,-0.8004904985427856
5001874944.0,-0.8093301653862
5002812416.0,-0.8177007436752319
5003749888.0,-0.8249765038490295
5004687360.0,-0.83220374584198
5005624832.0,-0.8389109969139099
5006562304.0,-0.844582736492157
5007499776.0,-0.8484301567077637
5008437248.0,-0.8511980175971985
5009375232.0,-0.8505953550338745
5010312704.0,-0.8487103581428528
5011250176.0,-0.8457019925117493
5012187648.0,-0.8380348682403564
5013125120.0,-0.829291045665741
5014062592.0,-0.8169640302658081
5015000064.0,-0.8029656410217285
5015937536.0,-0.785523533821106
5016875008.0,-0.7666726112365723
5017812480.0,-0.7450839877128601
5018749952.0,-0.7207903861999512
5019687424.0,-0.6949759125709534
5020624896.0,-0.6667734980583191
5021562368.0,-0.6380176544189453
5022499840.0,-0.6069236993789673
5023437312.0,-0.5762029886245728
5024374784.0,-0.5437601804733276
5025312256.0,-0.5118626356124878
5026250240.0,-0.48086288571357727
5027187712.0,-0.44965165853500366
5028125184.0,-0.41988468170166016
5029062656.0,-0.3914107382297516
5030000128.0,-0.3657000958919525
5030937600.0,-0.34042614698410034
5031875072.0,-0.31924885511398315
5032812544.0,-0.2990114986896515
5033750016.0,-0.28255730867385864
5034687488.0,-0.2687532603740692
5035624960.0,-0.2579219341278076
5036562432.0,-0.24979324638843536
5037499904.0,-0.24433746933937073
5038437376.0,-0.24273408949375153
5039374848.0,-0.2439214587211609
5040312320.0,-0.24907413125038147
5041249792.0,-0.25668537616729736
5042187264.0,-0.2667403519153595
5043125248.0,-0.28038331866264343
5044062720.0,-0.29632315039634705
5045000192.0,-0.3131815493106842
5045937664.0,-0.5776473879814148
5046875136.0,-0.5869108438491821
5047812608.0,-0.5959686040878296
5048750080.0,-0.6054825782775879
5049687552.0,-0.6152998208999634
5050625024.0,-0.6232760548591614
5051562496.0,-0.6322664618492126
5052499968.0,-0.6404668688774109
5053437440.0,-0.649182915687561
5054374912.0,-0.6576855778694153
5055312384.0,-0.6651777029037476
5056249856.0,-0.6707736849784851
5057187328.0,-0.6771729588508606
5058124800.0,-0.6817677021026611
5059062272.0,-0.685392439365387
5059999744.0,-0.6878839731216431
5060937728.0,-0.6888137459754944
5061875200.0,-0.6875332593917847
5062812672.0,-0.685471773147583
5063750144.0,-0.6810051202774048
5064687616.0,-0.675519585609436
5065625088.0,-0.6688671112060547
5066562560.0,-0.6584354639053345
5067500032.0,-0.646882951259613
5068437504.0,-0.6338819861412048
5069374976.0,-0.6188977360725403
5070312448.0,-0.6038455963134766
5071249920.0,-0.5855008959770203
5072187392.0,-0.566687822341919
5073124864.0,-0.54627525806427
5074062336.0,-0.5239639282226562
5074999808.0,-0.5010034441947937
5075937280.0,-0.4778577387332916
5076874752.0,-0.45344892144203186
5077812736.0,-0.4294677972793579
5078750208.0,-0.40467289090156555
5079687680.0,-0.3803359270095825
5080625152.0,-0.35545554757118225
5081562624.0,-0.3323920667171478
5082500096.0,-0.3084976077079773
5083437568.0,-0.286730021238327
5084375040.0,-0.2660229802131653
5085312512.0,-0.24889883399009705
5086249984.0,-0.2328462302684784
5087187456.0,-0.22001563012599945
5088124928.0,-0.2084972858428955
5089062400.0,-0.1984023153781891
5089999872.0,-0.1928246021270752
5090937344.0,-0.18932566046714783
5091874816.0,-0.1882667988538742
5092812288.0,-0.18966136872768402
5093749760.0,-0.19476258754730225
5094687744.0,-0.20271271467208862
5095625216.0,-0.21204595267772675
5096562688.0,-0.2229110598564148
5097500160.0,-0.23768173158168793
5098437632.0,-0.2526669502258301
5099375104.0,-0.2712421119213104
5100312576.0,-0.29037827253341675
5101250048.0,-0.3113967180252075
5102187520.0,-0.3337208032608032
5103124992.0,-0.35752519965171814
5104062464.0,-0.38177305459976196
5104999936.0,-0.4060657322406769
5105937408.0,-0.500609278678894
5106874880.0,-0.5182967782020569
5107812352.0,-0.5333194136619568
5108749824.0,-0.5479403138160706
5109687296.0,-0.5616322755813599
5110624768.0,-0.5714814066886902
5111562752.0,-0.5809445977210999
5112500224.0,-0.5869299173355103
5113437696.0,-0.59107506275177
5114375168.0,-0.5935986638069153
5115312640.0,-0.5931727290153503
5116250112.0,-0.5918514728546143
5117187584.0,-0.5891804099082947
5118125056.0,-0.5851079225540161
5119062528.0,-0.5794054865837097
5120000000.0,-0.5724277496337891
5120937472.0,-0.5663994550704956
5121874944.0,-0.5598370432853699
5122812416.0,-0.5509350895881653
5123749888.0,-0.5427770614624023
5124687360.0,-0.5346550345420837
5125624832.0,-0.5256413817405701
5126562304.0,-0.5167017579078674
5127499776.0,-0.509119987487793
5128437248.0,-0.4992385506629944
5129375232.0,-0.48921504616737366
5130312704.0,-0.4784511625766754
5131250176.0,-0.46619361639022827
5132187648.0,-0.45378628373146057
5133125120.0,-0.4398024082183838
5134062592.0,-0.4250941276550293
5135000064.0,-0.40974998474121094
5135937536.0,-0.3914148509502411
5136875008.0,-0.3741200268268585
5137812480.0,-0.3562866747379303
5138749952.0,-0.3385016918182373
5139687424.0,-0.32027295231819153
5140624896.0,-0.30299675464630127
5141562368.0,-0.28821924328804016
5142499840.0,-0.2744468152523041
5143437312.0,-0.2629636526107788
5144374784.0,-0.2566450834274292
5145312256.0,-0.2555055320262909
5146250240.0,-0.26196008920669556
5147187712.0,-0.2737620174884796
5148125184.0,-0.2887548506259918
5149062656.0,-0.3073452413082123
5150000128.0,-0.3263283669948578
5150937600.0,-0.34823906421661377
5151875072.0,-0.3689720928668976
5152812544.0,-0.38947269320487976
5153750016.0,-0.4099133610725403
5154687488.0,-0.42889928817749023
5155624960.0,-0.44613412022590637
5156562432.0,-0.46151068806648254
5157499904.0,-0.47652554512023926
5158437376.0,-0.4890885055065155
5159374848.0,-0.5003260374069214
5160312320.0,-0.5099651217460632
5161249792.0,-0.5198469161987305
5162187264.0,-0.5279231667518616
5163125248.0,-0.5369337201118469
5164062720.0,-0.5451644062995911
5165000192.0,-0.553895115852356
5165937664.0,-0.5608170032501221
5166875136.0,-0.574958324432373
5167812608.0,-0.5907145738601685
5168750080.0,-0.6071991920471191
5169687552.0,-0.6237651705741882
5170625024.0,-0.6396256685256958
5171562496.0,-0.6574915051460266
5172499968.0,-0.6743050813674927
5173437440.0,-0.6898975968360901
5174374912.0,-0.7053410410881042
5175312384.0,-0.7179833650588989
5176249856.0,-0.7298402190208435
5177187328.0,-0.7402002811431885
5178124800.0,-0.7477922439575195
5179062272.0,-0.7525092959403992
5180000256.0,-0.7546698451042175
5180937728.0,-0.7546303868293762
5181875200.0,-0.752438485622406
5182812672.0,-0.7473127245903015
5183750144.0,-0.739012598991394
5184687616.0,-0.7292791604995728
5185625088.0,-0.7158128023147583
5186562560.0,-0.6998730897903442
5187500032.0,-0.6837588548660278
5188437504.0,-0.6647403240203857
5189374976.0,-0.6434637308120728
5190312448.0,-0.6219229102134705
5191249920.0,-0.5986423492431641
5192187392.0,-0.5760931372642517
5193124864.0,-0.5516173243522644
5194062336.0,-0.5280494093894958
5194999808.0,-0.504522442817688
5195937280.0,-0.4814078211784363
5196874752.0,-0.4594566524028778
5197812736.0,-0.43774932622909546
5198750208.0,-0.4178696572780609
5199687680.0,-0.40066900849342346
5200625152.0,-0.3843953609466553
5201562624.0,-0.3710172772407532
5202500096.0,-0.3600218892097473
5203437568.0,-0.3524903357028961
5204375040.0,-0.34756237268447876
5205312512.0,-0.3451293110847473
5206249984.0,-0.3452841341495514
5207187456.0,-0.34821778535842896
5208124928.0,-0.35526683926582336
5209062400.0,-0.36419475078582764
5209999872.0,-0.377057284116745
5210937344.0,-0.3918245732784271
5211874816.0,-0.4094836711883545
5212812288.0,-0.42905691266059875
5213749760.0,-0.45048847794532776
5214687744.0,-0.473315566778183
5215625216.0,-0.4982130527496338
5216562688.0,-0.5235270857810974
5217500160.0,-0.549636721611023
5218437632.0,-0.5776451230049133
5219375104.0,-0.6046966314315796
5220312576.0,-0.6326034069061279
5221250048.0,-0.6605358123779297
5222187520.0,-0.688888669013977
5223124992.0,-0.7176674008369446
5224062464.0,-0.7440145015716553
5224999936.0,-0.7700113654136658
5225937408.0,-0.8207187056541443
5226874880.0,-0.8447265625
5227812352.0,-0.8664970993995667
5228749824.0,-0.8874978423118591
5229687296.0,-0.9049697518348694
5230624768.0,-0.9211613535881042
5231562752.0,-0.9343016743659973
5232500224.0,-0.9443942904472351
5233437696.0,-0.9519302248954773
5234375168.0,-0.9577768445014954
5235312640.0,-0.9606116414070129
5236250112.0,-0.9605116844177246
5237187584.0,-0.9599049091339111
5238125056.0,-0.9562339186668396
5239062528.0,-0.9500635862350464
5240000000.0,-0.9417176842689514
5240937472.0,-0.9323877692222595
5241874944.0,-0.9209240674972534
5242812416.0,-0.9088473320007324
5243749888.0,-0.8952606320381165
5244687360.0,-0.8816240429878235
5245624832.0,-0.8675909042358398
5246562304.0,-0.8531219363212585
5247499776.0,-0.8399876356124878
5248437248.0,-0.825676679611206
5249375232.0,-0.813308596611023
5250312704.0,-0.7981564402580261
5251250176.0,-0.7858196496963501
5252187648.0,-0.7730854749679565
5253125120.0,-0.7600587606430054
5254062592.0,-0.7489542365074158
5255000064.0,-0.7382850050926208
5255937536.0,-0.7305474281311035
5256875008.0,-0.7230051159858704
5257812480.0,-0.7174251675605774
5258749952.0,-0.7138411998748779
5259687424.0,-0.7125774025917053
5260624896.0,-0.7135335206985474
5261562368.0,-0.7160515785217285
5262499840.0,-0.7196289300918579
5263437312.0,-0.7273803353309631
5264374784.0,-0.7358592748641968
5265312256.0,-0.7463537454605103
5266250240.0,-0.7584748268127441
5267187712.0,-0.7717931866645813
5268125184.0,-0.7883856296539307
5269062656.0,-0.8067017793655396
5270000128.0,-0.8267332315444946
5270937600.0,-0.8500282168388367
5271875072.0,-0.8740339279174805
5272812544.0,-0.9016642570495605
5273750016.0,-0.9302868247032166
5274687488.0,-0.9609217643737793
5275624960.0,-0.9928478598594666
5276562432.0,-1.0280497074127197
5277499904.0,-1.0634379386901855
5278437376.0,-1.101442575454712
5279374848.0,-1.1405768394470215
5280312320.0,-1.1801669597625732
5281249792.0,-1.2199366092681885
5282187264.0,-1.260775089263916
5283125248.0,-1.302442193031311
5284062720.0,-1.3419189453125
5285000192.0,-1.3813941478729248
5285937664.0,-1.4070608615875244
5286875136.0,-1.4389522075653076
5287812608.0,-1.4684196710586548
5288750080.0,-1.4976831674575806
5289687552.0,-1.5227106809616089
5290625024.0,-1.544881820678711
5291562496.0,-1.5626614093780518
5292499968.0,-1.579891562461853
5293437440.0,-1.5943336486816406
5294374912.0,-1.6063686609268188
5295312384.0,-1.615341067314148
5296249856.0,-1.6216703653335571
5297187328.0,-1.6239486932754517
5298124800.0,-1.6242369413375854
5299062272.0,-1.6211804151535034
5299999744.0,-1.6173189878463745
5300937728.0,-1.609349012374878
5301875200.0,-1.597740888595581
5302812672.0,-1.5851047039031982
5303750144.0,-1.5699498653411865
5304687616.0,-1.5540118217468262
5305625088.0,-1.5371917486190796
5306562560.0,-1.521389365196228
5307500032.0,-1.5037833452224731
5308437504.0,-1.4891011714935303
5309374976.0,-1.475280523300171
5310312448.0,-1.460229516029358
5311249920.0,-1.4475488662719727
5312187392.0,-1.4368913173675537
5313124864.0,-1.425842046737671
5314062336.0,-1.4162914752960205
5314999808.0,-1.4091500043869019
5315937280.0,-1.4028654098510742
5316874752.0,-1.4023544788360596
5317812736.0,-1.4033571481704712
5318750208.0,-1.4065399169921875
5319687680.0,-1.4121941328048706
5320625152.0,-1.420235276222229
5321562624.0,-1.430627703666687
5322500096.0,-1.4428507089614868
5323437568.0,-1.457653284072876
5324375040.0,-1.475919246673584
5325312512.0,-1.497326135635376
5326249984.0,-1.5211257934570312
5327187456.0,-1.5476019382476807
5328124928.0,-1.576539397239685
5329062400.0,-1.6102792024612427
5329999872.0,-1.6469806432724
5330937344.0,-1.6874138116836548
5331874816.0,-1.7256722450256348
5332812288.0,-1.796911597251892
5333749760.0,-1.8461639881134033
5334687744.0,-1.8965849876403809
5335625216.0,-1.9494656324386597
5336562688.0,-2.004340648651123
5337500160.0,-2.0603384971618652
5338437632.0,-2.1182591915130615
5339375104.0,-2.17594575881958
5340312576.0,-2.2336835861206055
5341250048.0,-2.2914235591888428
5342187520.0,-2.3506970405578613
5343124992.0,-2.4076857566833496
5344062464.0,-2.4634406566619873
5344999936.0,-2.517854928970337
5345937408.0,-2.4560437202453613
5346874880.0,-2.4868593215942383
5347812352.0,-2.5157501697540283
5348749824.0,-2.5412139892578125
5349687296.0,-2.563229560852051
5350624768.0,-2.580986261367798
5351562752.0,-2.596442461013794
5352500224.0,-2.6070468425750732
5353437696.0,-2.61372971534729
5354375168.0,-2.617513656616211
5355312640.0,-2.6166329383850098
5356250112.0,-2.611957550048828
5357187584.0,-2.604343891143799
5358125056.0,-2.593332529067993
5359062528.0,-2.5794873237609863
5360000000.0,-2.5630741119384766
5360937472.0,-2.545121669769287
5361874944.0,-2.524667739868164
5362812416.0,-2.502674102783203
5363749888.0,-2.4782865047454834
5364687360.0,-2.451739549636841
5365624832.0,-2.426931619644165
5366562304.0,-2.401041030883789
5367499776.0,-2.3745851516723633
5368437248.0,-2.3491344451904297
5369375232.0,-2.3220157623291016
5370312704.0,-2.2967581748962402
5371250176.0,-2.2730929851531982
5372187648.0,-2.2488558292388916
5373125120.0,-2.224029064178467
5374062592.0,-2.201780080795288
5375000064.0,-2.1806387901306152
5375937536.0,-2.1610500812530518
5376875008.0,-2.1423826217651367
5377812480.0,-2.1243035793304443
5378749952.0,-2.1090359687805176
5379687424.0,-2.0927531719207764
5380624896.0,-2.0793867111206055
5381562368.0,-2.0678553581237793
5382499840.0,-2.057856798171997
5383437312.0,-2.0492870807647705
5384374784.0,-2.043393611907959
5385312256.0,-2.038991928100586
5386250240.0,-2.0371811389923096
5387187712.0,-2.035922050476074
5388125184.0,-2.0359318256378174
5389062656.0,-2.0372250080108643
5390000128.0,-2.0375518798828125
5390937600.0,-2.041059732437134
5391875072.0,-2.043430805206299
5392812544.0,-2.0470173358917236
5393750016.0,-2.0519907474517822
5394687488.0,-2.0563607215881348
5395624960.0,-2.0614588260650635
5396562432.0,-2.0677194595336914
5397499904.0,-2.072770833969116
5398437376.0,-2.079038143157959
5399374848.0,-2.0842747688293457
5400312320.0,-2.089242696762085
5401249792.0,-2.091625452041626
5402187264.0,-2.093716621398926
5403125248.0,-2.095900058746338
5404062720.0,-2.0973615646362305
5405000192.0,-2.0990142822265625
5405937664.0,-2.2417001724243164
5406875136.0,-2.2377817630767822
5407812608.0,-2.231739044189453
5408750080.0,-2.221020460128784
5409687552.0,-2.21022891998291
5410625024.0,-2.195782423019409
5411562496.0,-2.178746223449707
5412499968.0,-2.160489082336426
5413437440.0,-2.137596845626831
5414374912.0,-2.1128170490264893
5415312384.0,-2.087200403213501
5416249856.0,-2.059417486190796
5417187328.0,-2.0306520462036133
5418124800.0,-2.0005125999450684
5419062272.0,-1.9676439762115479
5420000256.0,-1.9345741271972656
5420937728.0,-1.9001597166061401
5421875200.0,-1.866353154182434
5422812672.0,-1.832031488418579
5423750144.0,-1.7973259687423706
5424687616.0,-1.7637304067611694
5425625088.0,-1.7293955087661743
5426562560.0,-1.6977721452713013
5427500032.0,-1.6660270690917969
5428437504.0,-1.6353679895401
5429374976.0,-1.606689691543579
5430312448.0,-1.5793813467025757
5431249920.0,-1.5526481866836548
5432187392.0,-1.5269081592559814
5433124864.0,-1.5024712085723877
5434062336.0,-1.4797158241271973
5434999808.0,-1.4573404788970947
5435937280.0,-1.4366475343704224
5436874752.0,-1.417230248451233
5437812736.0,-1.3997198343276978
5438750208.0,-1.3833363056182861
5439687680.0,-1.367814302444458
5440625152.0,-1.3538177013397217
5441562624.0,-1.3418176174163818
5442500096.0,-1.3302457332611084
5443437568.0,-1.3203812837600708
5444375040.0,-1.3123283386230469
5445312512.0,-1.3058289289474487
5446249984.0,-1.3021152019500732
5447187456.0,-1.2994736433029175
5448124928.0,-1.299249529838562
5449062400.0,-1.30018150806427
5449999872.0,-1.3030985593795776
5450937344.0,-1.3058021068572998
5451874816.0,-1.309679388999939
5452812288.0,-1.31668221950531
5453749760.0,-1.3242192268371582
5454687744.0,-1.333389401435852
5455625216.0,-1.3424556255340576
5456562688.0,-1.3513182401657104
5457500160.0,-1.362984299659729
5458437632.0,-1.3743702173233032
5459375104.0,-1.3851484060287476
5460312576.0,-1.3960354328155518
5461250048.0,-1.4051355123519897
5462187520.0,-1.413499116897583
5463124992.0,-1.4225621223449707
5464062464.0,-1.428519368171692
5464999936.0,-1.4332859516143799
5465937408.0,-1.442055344581604
5466874880.0,-1.4424045085906982
5467812352.0,-1.4406180381774902
5468749824.0,-1.4367696046829224
5469687296.0,-1.4304782152175903
5470624768.0,-1.4211829900741577
5471562752.0,-1.4107024669647217
5472500224.0,-1.3976788520812988
5473437696.0,-1.3823610544204712
5474375168.0,-1.3649908304214478
5475312640.0,-1.3467758893966675
5476250112.0,-1.3269649744033813
5477187584.0,-1.3041605949401855
5478125056.0,-1.2815794944763184
5479062528.0,-1.256902813911438
5480000000.0,-1.2307100296020508
5480937472.0,-1.204893946647644
5481874944.0,-1.176790714263916
5482812416.0,-1.1495447158813477
5483749888.0,-1.1210920810699463
5484687360.0,-1.094153881072998
5485624832.0,-1.0672454833984375
5486562304.0,-1.0405970811843872
5487499776.0,-1.012729287147522
5488437248.0,-0.9864309430122375
5489375232.0,-0.9605613946914673
5490312704.0,-0.9359757900238037
5491250176.0,-0.9104621410369873
5492187648.0,-0.8891549706459045
5493125120.0,-0.8671343922615051
5494062592.0,-0.8473286032676697
5495000064.0,-0.8303297758102417
5495937536.0,-0.8146421909332275
5496875008.0,-0.8017678260803223
5497812480.0,-0.7901843190193176
5498749952.0,-0.7817133665084839
5499687424.0,-0.7764846682548523
5500624896.0,-0.7725188136100769
5501562368.0,-0.7712892889976501
5502499840.0,-0.7740142345428467
5503437312.0,-0.7782212495803833
5504374784.0,-0.7866742610931396
5505312256.0,-0.7961128354072571
5506250240.0,-0.8096213936805725
5507187712.0,-0.8249514698982239
5508125184.0,-0.8424432277679443
5509062656.0,-0.864600658416748
5510000128.0,-0.887764036655426
5510937600.0,-0.9126291871070862
5511875072.0,-0.940609872341156
5512812544.0,-0.9686703085899353
5513750016.0,-0.9982853531837463
5514687488.0,-1.0294939279556274
5515624960.0,-1.0615121126174927
5516562432.0,-1.0950385332107544
5517499904.0,-1.1268373727798462
5518437376.0,-1.1582567691802979
5519374848.0,-1.1881877183914185
5520312320.0,-1.2167747020721436
5521249792.0,-1.2431011199951172
5522187264.0,-1.2668437957763672
5523125248.0,-1.2873042821884155
5524062720.0,-1.3053767681121826
5525000192.0,-1.3180961608886719
5525937664.0,-1.1528702974319458
5526875136.0,-1.157047152519226
5527812608.0,-1.161009669303894
5528750080.0,-1.163218379020691
5529687552.0,-1.1624552011489868
5530625024.0,-1.1605894565582275
5531562496.0,-1.1566481590270996
5532499968.0,-1.1505314111709595
5533437440.0,-1.143790602684021
5534374912.0,-1.1349903345108032
5535312384.0,-1.1252304315567017
5536249856.0,-1.1129754781723022
5537187328.0,-1.1001014709472656
5538124800.0,-1.0863064527511597
5539062272.0,-1.0726656913757324
5539999744.0,-1.057578444480896
5540937728.0,-1.0421534776687622
5541875200.0,-1.026460886001587
5542812672.0,-1.0102163553237915
5543750144.0,-0.9954372048377991
5544687616.0,-0.9782186150550842
5545625088.0,-0.9628604650497437
5546562560.0,-0.9497702121734619
5547500032.0,-0.9345884919166565
5548437504.0,-0.9208405017852783
5549374976.0,-0.9101598858833313
5550312448.0,-0.8990961313247681
5551249920.0,-0.8886867761611938
5552187392.0,-0.8811379075050354
5553124864.0,-0.8743013739585876
5554062336.0,-0.8694384694099426
5554999808.0,-0.8654075264930725
5555937280.0,-0.8642295002937317
5556874752.0,-0.8651310801506042
5557812736.0,-0.8677482008934021
5558750208.0,-0.8733609914779663
5559687680.0,-0.8812817931175232
5560625152.0,-0.8916122317314148
5561562624.0,-0.9057902693748474
5562500096.0,-0.9230123162269592
5563437568.0,-0.9413090348243713
5564375040.0,-0.9640707969665527
5565312512.0,-0.986445963382721
5566249984.0,-1.013663411140442
5567187456.0,-1.0409600734710693
5568124928.0,-1.0702674388885498
5569062400.0,-1.1009652614593506
5569999872.0,-1.1314148902893066
5570937344.0,-1.1632604598999023
5571874816.0,-1.1946550607681274
5572812288.0,-1.2242811918258667
5573749760.0,-1.2538118362426758
5574687744.0,-1.2826288938522339
5575625216.0,-1.3084536790847778
5576562688.0,-1.332865834236145
5577500160.0,-1.3538141250610352
5578437632.0,-1.3732680082321167
5579375104.0,-1.3890892267227173
5580312576.0,-1.4023737907409668
5581250048.0,-1.4122501611709595
5582187520.0,-1.419621229171753
5583124992.0,-1.424229383468628
5584062464.0,-1.4266549348831177
5584999936.0,-1.4254134893417358
5585937408.0,-1.3500165939331055
5586874880.0,-1.356730580329895
5587812352.0,-1.3619887828826904
5588749824.0,-1.3670926094055176
5589687296.0,-1.3704451322555542
5590624768.0,-1.3730103969573975
5591562752.0,-1.3732647895812988
5592500224.0,-1.3733277320861816
5593437696.0,-1.3724511861801147
5594375168.0,-1.3714344501495361
5595312640.0,-1.3670804500579834
5596250112.0,-1.3621498346328735
5597187584.0,-1.357366919517517
5598125056.0,-1.3517402410507202
5599062528.0,-1.345306158065796
5600000000.0,-1.338112235069275
5600937472.0,-1.330436110496521
5601874944.0,-1.3246724605560303
5602812416.0,-1.3175439834594727
5603749888.0,-1.3097580671310425
5604687360.0,-1.302935004234314
5605624832.0,-1.2964133024215698
5606562304.0,-1.2897107601165771
5607499776.0,-1.2824338674545288
5608437248.0,-1.2733252048492432
5609375232.0,-1.2666501998901367
5610312704.0,-1.259835124015808
5611250176.0,-1.2541781663894653
5612187648.0,-1.2475390434265137
5613125120.0,-1.2418209314346313
5614062592.0,-1.2367026805877686
5615000064.0,-1.2319891452789307
5615937536.0,-1.2267214059829712
5616875008.0,-1.2227579355239868
5617812480.0,-1.2194206714630127
5618749952.0,-1.2139970064163208
5619687424.0,-1.2102497816085815
5620624896.0,-1.2059094905853271
5621562368.0,-1.202850103378296
5622499840.0,-1.2000912427902222
5623437312.0,-1.196503758430481
5624374784.0,-1.1940345764160156
5625312256.0,-1.191077709197998
5626250240.0,-1.1889933347702026
5627187712.0,-1.1855367422103882
5628125184.0,-1.1826924085617065
5629062656.0,-1.179582118988037
5630000128.0,-1.1771825551986694
5630937600.0,-1.1726435422897339
5631875072.0,-1.1695966720581055
5632812544.0,-1.1668791770935059
5633750016.0,-1.1625754833221436
5634687488.0,-1.1569751501083374
5635624960.0,-1.1520224809646606
5636562432.0,-1.1453969478607178
5637499904.0,-1.1377331018447876
5638437376.0,-1.129062533378601
5639374848.0,-1.1204869747161865
5640312320.0,-1.11200749874115
5641249792.0,-1.1019840240478516
5642187264.0,-1.0923519134521484
5643125248.0,-1.0782521963119507
5644062720.0,-1.0676898956298828
5645000192.0,-1.0549033880233765
5645937664.0,-1.0481816530227661
5646875136.0,-1.0331677198410034
5647812608.0,-1.0168565511703491
5648750080.0,-0.9999049305915833
5649687552.0,-0.9817971587181091
5650625024.0,-0.963495671749115
5651562496.0,-0.9442024827003479
5652499968.0,-0.9234482645988464
5653437440.0,-0.9028344750404358
5654374912.0,-0.8820448517799377
5655312384.0,-0.8612455725669861
5656249856.0,-0.8389115929603577
5657187328.0,-0.8166522979736328
5658124800.0,-0.7956917881965637
5659062272.0,-0.7741432785987854
5660000256.0,-0.7517086267471313
5660937728.0,-0.7300295233726501
5661875200.0,-0.7086144685745239
5662812672.0,-0.6871635913848877
5663750144.0,-0.6661902666091919
5664687616.0,-0.6474564075469971
5665625088.0,-0.6289457678794861
5666562560.0,-0.6117387413978577
5667500032.0,-0.5954722166061401
5668437504.0,-0.5809162855148315
5669374976.0,-0.5694573521614075
5670312448.0,-0.5579780340194702
5671249920.0,-0.5480471253395081
5672187392.0,-0.5410589575767517
5673124864.0,-0.5351061820983887
5674062336.0,-0.5308846235275269
5674999808.0,-0.5281543731689453
5675937280.0,-0.5261675715446472
5676874752.0,-0.5265836119651794
5677812736.0,-0.5279168486595154
5678750208.0,-0.5289101004600525
5679687680.0,-0.5326831936836243
5680625152.0,-0.5353924036026001
5681562624.0,-0.5397422909736633
5682500096.0,-0.5430361032485962
5683437568.0,-0.546255886554718
5684375040.0,-0.5499564409255981
5685312512.0,-0.5524901747703552
5686249984.0,-0.5552875399589539
5687187456.0,-0.5565095543861389
5688124928.0,-0.5586625337600708
5689062400.0,-0.5591922402381897
5689999872.0,-0.5584822297096252
5690937344.0,-0.5571213960647583
5691874816.0,-0.5541755557060242
5692812288.0,-0.5493366718292236
5693749760.0,-0.542847752571106
5694687744.0,-0.5334169268608093
5695625216.0,-0.5248873829841614
5696562688.0,-0.5144254565238953
5697500160.0,-0.5015473365783691
5698437632.0,-0.4894298017024994
5699375104.0,-0.4750743508338928
5700312576.0,-0.46165233850479126
5701250048.0,-0.4476882517337799
5702187520.0,-0.43443453311920166
5703124992.0,-0.4209097921848297
5704062464.0,-0.40790218114852905
5704999936.0,-0.39656946063041687
5705937408.0,-0.3653601109981537
5706874880.0,-0.36441802978515625
5707812352.0,-0.3630546033382416
5708749824.0,-0.36197981238365173
5709687296.0,-0.3607729375362396
5710624768.0,-0.35876399278640747
5711562752.0,-0.35651102662086487
5712500224.0,-0.35557252168655396
5713437696.0,-0.35393232107162476
5714375168.0,-0.3525015115737915
5715312640.0,-0.3504147231578827
5716250112.0,-0.34754857420921326
5717187584.0,-0.34424683451652527
5718125056.0,-0.34038683772087097
5719062528.0,-0.33539965748786926
5720000000.0,-0.3299236297607422
5720937472.0,-0.32340458035469055
5721874944.0,-0.31671762466430664
5722812416.0,-0.3093806505203247
5723749888.0,-0.3007303476333618
5724687360.0,-0.2938498556613922
5725624832.0,-0.2850416600704193
5726562304.0,-0.2774966061115265
5727499776.0,-0.26983439922332764
5728437248.0,-0.2617684304714203
5729375232.0,-0.25713852047920227
5730312704.0,-0.2531037926673889
5731250176.0,-0.24969005584716797
5732187648.0,-0.24823446571826935
5733125120.0,-0.24803675711154938
5734062592.0,-0.24975860118865967
5735000064.0,-0.25357335805892944
5735937536.0,-0.2596469521522522
5736875008.0,-0.26757386326789856
5737812480.0,-0.27663716673851013
5738749952.0,-0.28791138529777527
5739687424.0,-0.3002415597438812
5740624896.0,-0.31251052021980286
5741562368.0,-0.32658299803733826
5742499840.0,-0.33930468559265137
5743437312.0,-0.3513747453689575
5744374784.0,-0.36214393377304077
5745312256.0,-0.3724525570869446
5746250240.0,-0.3786618709564209
5747187712.0,-0.3851507902145386
5748125184.0,-0.38983988761901855
5749062656.0,-0.39119818806648254
5750000128.0,-0.39114120602607727
5750937600.0,-0.38758385181427
5751875072.0,-0.3836212158203125
5752812544.0,-0.3770793080329895
5753750016.0,-0.37012484669685364
5754687488.0,-0.36147844791412354
5755624960.0,-0.3528861105442047
5756562432.0,-0.3442928194999695
5757499904.0,-0.33584102988243103
5758437376.0,-0.3279995918273926
5759374848.0,-0.3196179270744324
5760312320.0,-0.3129197061061859
5761249792.0,-0.3078922927379608
5762187264.0,-0.3039143681526184
5763125248.0,-0.3001694977283478
5764062720.0,-0.29646480083465576
5765000192.0,-0.29289141297340393
5765937664.0,-0.22107931971549988
5766875136.0,-0.22403329610824585
5767812608.0,-0.2276957929134369
5768750080.0,-0.23213782906532288
5769687552.0,-0.23746098577976227
5770625024.0,-0.2431686669588089
5771562496.0,-0.25000378489494324
5772499968.0,-0.2566673755645752
5773437440.0,-0.2636559009552002
5774374912.0,-0.2705257833003998
5775312384.0,-0.279146671295166
5776249856.0,-0.2860390543937683
5777187328.0,-0.29424014687538147
5778124800.0,-0.30132025480270386
5779062272.0,-0.30829548835754395
5779999744.0,-0.3147135078907013
5780937728.0,-0.32150065898895264
5781875200.0,-0.3274780213832855
5782812672.0,-0.33279484510421753
5783750144.0,-0.33817213773727417
5784687616.0,-0.34300747513771057
5785625088.0,-0.34618157148361206
5786562560.0,-0.35032543540000916
5787500032.0,-0.3536422848701477
5788437504.0,-0.35624194145202637
5789374976.0,-0.35535526275634766
5790312448.0,-0.3537106215953827
5791249920.0,-0.3511166572570801
5792187392.0,-0.3488602936267853
5793124864.0,-0.34358546137809753
5794062336.0,-0.3393987715244293
5794999808.0,-0.33330225944519043
5795937280.0,-0.32659292221069336
5796874752.0,-0.31810078024864197
5797812736.0,-0.3093675374984741
5798750208.0,-0.29972365498542786
5799687680.0,-0.28851234912872314
5800625152.0,-0.2773140072822571
5801562624.0,-0.26409655809402466
5802500096.0,-0.2511381208896637
5803437568.0,-0.23767030239105225
5804375040.0,-0.22350525856018066
5805312512.0,-0.20925216376781464
5806249984.0,-0.19572675228118896
5807187456.0,-0.17996607720851898
5808124928.0,-0.16534943878650665
5809062400.0,-0.1488908976316452
5809999872.0,-0.13391830027103424
5810937344.0,-0.11874279379844666
5811874816.0,-0.10390622913837433
5812812288.0,-0.08851797133684158
5813749760.0,-0.07531856000423431
5814687744.0,-0.06212600693106651
5815625216.0,-0.04954345524311066
5816562688.0,-0.03648219257593155
5817500160.0,-0.02433805726468563
5818437632.0,-0.013980349525809288
5819375104.0,-0.0037126601673662663
5820312576.0,0.006875962484627962
5821250048.0,0.015386505983769894
5822187520.0,0.02468099631369114
5823124992.0,0.03258637711405754
5824062464.0,0.039154235273599625
5824999936.0,0.04575367644429207
5825937408.0,-0.14327502250671387
5826874880.0,-0.14800211787223816
5827812352.0,-0.15109752118587494
5828749824.0,-0.15274058282375336
5829687296.0,-0.15281550586223602
5830624768.0,-0.15242432057857513
5831562752.0,-0.15125170350074768
5832500224.0,-0.1485406905412674
5833437696.0,-0.14563310146331787
5834375168.0,-0.1429835855960846
5835312640.0,-0.13860061764717102
5836250112.0,-0.13608142733573914
5837187584.0,-0.13189704716205597
5838125056.0,-0.12776631116867065
5839062528.0,-0.12540580332279205
5840000000.0,-0.12399999797344208
5840937472.0,-0.12526355683803558
5841874944.0,-0.1269846260547638
5842812416.0,-0.1286672204732895
5843749888.0,-0.13115906715393066
5844687360.0,-0.13531546294689178
5845624832.0,-0.1418154537677765
5846562304.0,-0.14751067757606506
5847499776.0,-0.15368618071079254
5848437248.0,-0.16230690479278564
5849375232.0,-0.1711675375699997
5850312704.0,-0.17989395558834076
5851250176.0,-0.18865272402763367
5852187648.0,-0.1989840567111969
5853125120.0,-0.20945008099079132
5854062592.0,-0.21897874772548676
5855000064.0,-0.22868746519088745
5855937536.0,-0.23707574605941772
5856875008.0,-0.24550116062164307
5857812480.0,-0.25260820984840393
5858749952.0,-0.2567377984523773
5859687424.0,-0.26074540615081787
5860624896.0,-0.26174768805503845
5861562368.0,-0.26098740100860596
5862499840.0,-0.25899672508239746
5863437312.0,-0.25342869758605957
5864374784.0,-0.24743227660655975
5865312256.0,-0.2403697818517685
5866250240.0,-0.23064886033535004
5867187712.0,-0.2207316905260086
5868125184.0,-0.20930033922195435
5869062656.0,-0.1976073682308197
5870000128.0,-0.18511691689491272
5870937600.0,-0.17119817435741425
5871875072.0,-0.15772360563278198
5872812544.0,-0.14518123865127563
5873750016.0,-0.13376577198505402
5874687488.0,-0.122886061668396
5875624960.0,-0.11480443179607391
5876562432.0,-0.10735910385847092
5877499904.0,-0.10194501280784607
5878437376.0,-0.09846906363964081
5879374848.0,-0.09679152816534042
5880312320.0,-0.09750919789075851
5881249792.0,-0.0996503084897995
5882187264.0,-0.10396288335323334
5883125248.0,-0.10949350893497467
5884062720.0,-0.11714190989732742
5885000192.0,-0.12571877241134644
5885937664.0,-0.06535782665014267
5886875136.0,-0.07024728506803513
5887812608.0,-0.07722514867782593
5888750080.0,-0.08379937708377838
5889687552.0,-0.0906934142112732
5890625024.0,-0.09886663407087326
5891562496.0,-0.1068238690495491
5892499968.0,-0.11460333317518234
5893437440.0,-0.12294474244117737
5894374912.0,-0.13211689889431
5895312384.0,-0.14118143916130066
5896249856.0,-0.15094703435897827
5897187328.0,-0.15994523465633392
5898124800.0,-0.16984517872333527
5899062272.0,-0.17904852330684662
5900000256.0,-0.18774081766605377
5900937728.0,-0.19708628952503204
5901875200.0,-0.20613868534564972
5902812672.0,-0.21547335386276245
5903750144.0,-0.223809614777565
5904687616.0,-0.2325640618801117
5905625088.0,-0.24118554592132568
5906562560.0,-0.24905723333358765
5907500032.0,-0.2567746043205261
5908437504.0,-0.26402002573013306
5909374976.0,-0.2720206677913666
5910312448.0,-0.280163437128067
5911249920.0,-0.28696006536483765
5912187392.0,-0.2939847409725189
5913124864.0,-0.3009836971759796
5914062336.0,-0.30668848752975464
5914999808.0,-0.312433123588562
5915937280.0,-0.3160404860973358
5916874752.0,-0.32037654519081116
5917812736.0,-0.3228582739830017
5918750208.0,-0.3256343901157379
5919687680.0,-0.3268378674983978
5920625152.0,-0.3269820809364319
5921562624.0,-0.3274657726287842
5922500096.0,-0.3257722854614258
5923437568.0,-0.32284432649612427
5924375040.0,-0.3216803967952728
5925312512.0,-0.3168591558933258
5926249984.0,-0.3103317320346832
5927187456.0,-0.3041490316390991
5928124928.0,-0.2951667308807373
5929062400.0,-0.28630003333091736
5929999872.0,-0.2744421362876892
5930937344.0,-0.26076772809028625
5931874816.0,-0.24791407585144043
5932812288.0,-0.23278209567070007
5933749760.0,-0.21768520772457123
5934687744.0,-0.20046505331993103
5935625216.0,-0.18352669477462769
5936562688.0,-0.16568969190120697
5937500160.0,-0.1478024423122406
5938437632.0,-0.1291041076183319
5939375104.0,-0.11154965311288834
5940312576.0,-0.09474454820156097
5941250048.0,-0.07756755501031876
5942187520.0,-0.06059207022190094
5943124992.0,-0.04594280198216438
5944062464.0,-0.031170466914772987
5944999936.0,-0.01850031688809395
5945937408.0,-0.1251949965953827
5946874880.0,-0.13306894898414612
5947812352.0,-0.14372879266738892
5948749824.0,-0.15626850724220276
5949687296.0,-0.1696963906288147
5950624768.0,-0.18534605205059052
5951562752.0,-0.2015572041273117
5952500224.0,-0.219155415892601
5953437696.0,-0.23807604610919952
5954375168.0,-0.25820761919021606
5955312640.0,-0.2782875597476959
5956250112.0,-0.29874303936958313
5957187584.0,-0.3184563219547272
5958125056.0,-0.3383776843547821
5959062528.0,-0.35704755783081055
5960000000.0,-0.37468674778938293
5960937472.0,-0.3918682932853699
5961874944.0,-0.40677544474601746
5962812416.0,-0.42146939039230347
5963749888.0,-0.43322163820266724
5964687360.0,-0.442419171333313
5965624832.0,-0.4492141902446747
5966562304.0,-0.4518423080444336
5967499776.0,-0.451410174369812
5968437248.0,-0.4475937783718109
5969375232.0,-0.4405912756919861
5970312704.0,-0.4292113780975342
5971250176.0,-0.4179880619049072
5972187648.0,-0.4010934829711914
5973125120.0,-0.3819202482700348
5974062592.0,-0.361432820558548
5975000064.0,-0.3392513394355774
5975937536.0,-0.3154270350933075
5976875008.0,-0.29092690348625183
5977812480.0,-0.26635637879371643
5978749952.0,-0.2422146201133728
5979687424.0,-0.21773429214954376
5980624896.0,-0.19569073617458344
5981562368.0,-0.1738947033882141
5982499840.0,-0.15488967299461365
5983437312.0,-0.13695208728313446
5984374784.0,-0.12102824449539185
5985312256.0,-0.10726350545883179
5986250240.0,-0.09728299826383591
5987187712.0,-0.08902861922979355
5988125184.0,-0.08391077816486359
5989062656.0,-0.08099501579999924
5990000128.0,-0.0801614373922348
5990937600.0,-0.08167478442192078
5991875072.0,-0.08522200584411621
5992812544.0,-0.09135639667510986
5993750016.0,-0.09712348133325577
5994687488.0,-0.10542474687099457
5995624960.0,-0.11375594884157181
5996562432.0,-0.12107519060373306
5997499904.0,-0.1296599954366684
5998437376.0,-0.13816794753074646
5999374848.0,-0.14672432839870453
6000312320.0,-0.15548478066921234
6001249792.0,-0.16358508169651031
6002187264.0,-0.1699010282754898
6003125248.0,-0.17615075409412384
6004062720.0,-0.18199758231639862
6005000192.0,-0.14299005270004272
6005937664.0,-0.15040694177150726
6006875136.0,-0.15759103000164032
6007812608.0,-0.16642312705516815
6008750080.0,-0.17627592384815216
6009687552.0,-0.18703773617744446
6010625024.0,-0.19794462621212006
6011562496.0,-0.21073821187019348
6012499968.0,-0.22244292497634888
6013437440.0,-0.23615790903568268
6014374912.0,-0.24861350655555725
6015312384.0,-0.2617092728614807
6016249856.0,-0.2758176326751709
6017187328.0,-0.2894318699836731
6018124800.0,-0.3016953766345978
6019062272.0,-0.3134041726589203
6019999744.0,-0.32679620385169983
6020937728.0,-0.3389861583709717
6021875200.0,-0.3499029278755188
6022812672.0,-0.36000126600265503
6023750144.0,-0.36802300810813904
6024687616.0,-0.3752830922603607
6025625088.0,-0.3817405104637146
6026562560.0,-0.38538438081741333
6027500032.0,-0.3885478377342224
6028437504.0,-0.3895416259765625
6029374976.0,-0.3896321952342987
6030312448.0,-0.38732874393463135
6031249920.0,-0.3844476640224457
6032187392.0,-0.37903091311454773
6033124864.0,-0.37126535177230835
6034062336.0,-0.36452341079711914
6034999808.0,-0.3554544150829315
6035937280.0,-0.3450464904308319
6036874752.0,-0.3356093764305115
6037812736.0,-0.3256293833255768
6038750208.0,-0.31499090790748596
6039687680.0,-0.30451256036758423
6040625152.0,-0.2935165762901306
6041562624.0,-0.2823890447616577
6042500096.0,-0.2715521454811096
6043437568.0,-0.2621012330055237
6044375040.0,-0.25228193402290344
6045312512.0,-0.2436235100030899
6046249984.0,-0.23693552613258362
6047187456.0,-0.22970736026763916
6048124928.0,-0.22355535626411438
6049062400.0,-0.21902212500572205
6049999872.0,-0.215598002076149
6050937344.0,-0.2136114090681076
6051874816.0,-0.21072949469089508
6052812288.0,-0.20925097167491913
6053749760.0,-0.21016910672187805
6054687744.0,-0.21148207783699036
6055625216.0,-0.21298538148403168
6056562688.0,-0.21519848704338074
6057500160.0,-0.21882306039333344
6058437632.0,-0.22357632219791412
6059375104.0,-0.22704018652439117
6060312576.0,-0.23243166506290436
6061250048.0,-0.23726387321949005
6062187520.0,-0.24246975779533386
6063124992.0,-0.24849310517311096
6064062464.0,-0.2535354793071747
6064999936.0,-0.15706339478492737
6065937408.0,-0.17889198660850525
6066874880.0,-0.19967396557331085
6067812352.0,-0.22044096887111664
6068749824.0,-0.24042806029319763
6069687296.0,-0.25982019305229187
6070624768.0,-0.27848222851753235
6071562752.0,-0.29710084199905396
6072500224.0,-0.3152819871902466
6073437696.0,-0.3331977128982544
6074375168.0,-0.34961286187171936
6075312640.0,-0.36544567346572876
6076250112.0,-0.37902864813804626
6077187584.0,-0.392618864774704
6078125056.0,-0.40461528301239014
6079062528.0,-0.4147309362888336
6080000000.0,-0.4232841730117798
6080937472.0,-0.43045100569725037
6081874944.0,-0.4352632761001587
6082812416.0,-0.43986907601356506
6083749888.0,-0.44114020466804504
6084687360.0,-0.4421594738960266
6085624832.0,-0.4417494833469391
6086562304.0,-0.43924984335899353
6087499776.0,-0.4368072748184204
6088437248.0,-0.43359777331352234
6089375232.0,-0.4274299144744873
6090312704.0,-0.42169639468193054
6091250176.0,-0.41395917534828186
6092187648.0,-0.4051053524017334
6093125120.0,-0.39509910345077515
6094062592.0,-0.38341382145881653
6095000064.0,-0.3709338903427124
6095937536.0,-0.3591649532318115
6096875008.0,-0.34548816084861755
6097812480.0,-0.3320406377315521
6098749952.0,-0.318680077791214
6099687424.0,-0.3039262592792511
6100624896.0,-0.2895461916923523
6101562368.0,-0.27368175983428955
6102499840.0,-0.25964924693107605
6103437312.0,-0.24490989744663239
6104374784.0,-0.22998489439487457
6105312256.0,-0.2156907618045807
6106250240.0,-0.20098716020584106
6107187712.0,-0.18602019548416138
6108125184.0,-0.17327961325645447
6109062656.0,-0.1599445790052414
6110000128.0,-0.14827798306941986
6110937600.0,-0.1346684843301773
6111875072.0,-0.12440589815378189
6112812544.0,-0.11341771483421326
6113750016.0,-0.103158138692379
6114687488.0,-0.0931854322552681
6115624960.0,-0.08528633415699005
6116562432.0,-0.07824902981519699
6117499904.0,-0.07284414023160934
6118437376.0,-0.06964053213596344
6119374848.0,-0.06934741884469986
6120312320.0,-0.07059235125780106
6121249792.0,-0.07441769540309906
6122187264.0,-0.07894893735647202
6123125248.0,-0.0845286175608635
6124062720.0,-0.09265879541635513
6125000192.0,-0.1457507610321045
6125937664.0,-0.16052405536174774
6126875136.0,-0.17535950243473053
6127812608.0,-0.19162330031394958
6128750080.0,-0.20799897611141205
6129687552.0,-0.22409385442733765
6130625024.0,-0.24054694175720215
6131562496.0,-0.25845247507095337
6132499968.0,-0.2748079001903534
6133437440.0,-0.2913092374801636
6134374912.0,-0.3081054389476776
6135312384.0,-0.32400190830230713
6136249856.0,-0.33918753266334534
6137187328.0,-0.35399729013442993
6138124800.0,-0.36864814162254333
6139062272.0,-0.3831065893173218
6140000256.0,-0.39555320143699646
6140937728.0,-0.4073140025138855
6141875200.0,-0.41781601309776306
6142812672.0,-0.42728373408317566
6143750144.0,-0.4354757070541382
6144687616.0,-0.4448982775211334
6145625088.0,-0.4515361785888672
6146562560.0,-0.45728015899658203
6147500032.0,-0.4618724286556244
6148437504.0,-0.46414339542388916
6149374976.0,-0.46535131335258484
6150312448.0,-0.4630982577800751
6151249920.0,-0.46044594049453735
6152187392.0,-0.45619574189186096
6153124864.0,-0.4500889778137207
6154062336.0,-0.4425351619720459
6154999808.0,-0.4347943067550659
6155937280.0,-0.4245299994945526
6156874752.0,-0.4135487973690033
6157812736.0,-0.4015474319458008
6158750208.0,-0.3882829546928406
6159687680.0,-0.3745999336242676
6160625152.0,-0.3604731261730194
6161562624.0,-0.34591609239578247
6162500096.0,-0.33046865463256836
6163437568.0,-0.31535670161247253
6164375040.0,-0.29965323209762573
6165312512.0,-0.2850240468978882
6166249984.0,-0.2703976035118103
6167187456.0,-0.25693750381469727
6168124928.0,-0.2431420087814331
6169062400.0,-0.22963444888591766
6169999872.0,-0.21500252187252045
6170937344.0,-0.2016916275024414
6171874816.0,-0.18884265422821045
6172812288.0,-0.17701128125190735
6173749760.0,-0.16557572782039642
6174687744.0,-0.15573544800281525
6175625216.0,-0.14687103033065796
6176562688.0,-0.13813620805740356
6177500160.0,-0.1315402090549469
6178437632.0,-0.1258552223443985
6179375104.0,-0.12178821116685867
6180312576.0,-0.1184481680393219
6181250048.0,-0.11688720434904099
6182187520.0,-0.11757189780473709
6183124992.0,-0.11973674595355988
6184062464.0,-0.12356752157211304
6184999936.0,-0.2709055244922638
6185937408.0,-0.28649184107780457
6186874880.0,-0.30358314514160156
6187812352.0,-0.32081010937690735
6188749824.0,-0.33815261721611023
6189687296.0,-0.3549714684486389
6190624768.0,-0.37225645780563354
6191562752.0,-0.3878992795944214
6192500224.0,-0.40314096212387085
6193437696.0,-0.4186789095401764
6194375168.0,-0.43155357241630554
6195312640.0,-0.4424658715724945
6196250112.0,-0.4514222741127014
6197187584.0,-0.4584621787071228
6198125056.0,-0.46447402238845825
6199062528.0,-0.4686514139175415
6200000000.0,-0.47177648544311523
6200937472.0,-0.4739494025707245
6201874944.0,-0.4752139449119568
6202812416.0,-0.4771103262901306
6203749888.0,-0.4779307544231415
6204687360.0,-0.480325311422348
6205624832.0,-0.4820561408996582
6206562304.0,-0.4864845871925354
6207499776.0,-0.4907781183719635
6208437248.0,-0.49758803844451904
6209375232.0,-0.5054824352264404
6210312704.0,-0.513181746006012
6211250176.0,-0.5214261412620544
6212187648.0,-0.530596137046814
6213125120.0,-0.5368419289588928
6214062592.0,-0.5423782467842102
6215000064.0,-0.5423041582107544
6215937536.0,-0.5386380553245544
6216875008.0,-0.5320714116096497
6217812480.0,-0.5237148404121399
6218749952.0,-0.5137737989425659
6219687424.0,-0.5036589503288269
6220624896.0,-0.49101293087005615
6221562368.0,-0.4778302013874054
6222499840.0,-0.4639889895915985
6223437312.0,-0.45121705532073975
6224374784.0,-0.43728283047676086
6225312256.0,-0.4245007634162903
6226250240.0,-0.4125072658061981
6227187712.0,-0.4015652537345886
6228125184.0,-0.3912961781024933
6229062656.0,-0.38314104080200195
6230000128.0,-0.37454286217689514
6230937600.0,-0.36783158779144287
6231875072.0,-0.36031287908554077
6232812544.0,-0.35431742668151855
6233750016.0,-0.34802865982055664
6234687488.0,-0.3426336646080017
6235624960.0,-0.3369026780128479
6236562432.0,-0.33115631341934204
6237499904.0,-0.32490989565849304
6238437376.0,-0.31645750999450684
6239374848.0,-0.309958815574646
6240312320.0,-0.300860196352005
6241249792.0,-0.29422059655189514
6242187264.0,-0.28552761673927307
6243125248.0,-0.2790991961956024
6244062720.0,-0.271602064371109
6245000192.0,-0.4285483956336975
6245937664.0,-0.43089917302131653
6246875136.0,-0.4337863624095917
6247812608.0,-0.4390185475349426
6248750080.0,-0.44685760140419006
6249687552.0,-0.45546773076057434
6250625024.0,-0.466276079416275
6251562496.0,-0.4806676506996155
6252499968.0,-0.49704766273498535
6253437440.0,-0.5149011611938477
6254374912.0,-0.5353487730026245
6255312384.0,-0.5575898885726929
6256249856.0,-0.5814381837844849
6257187328.0,-0.6082720756530762
6258124800.0,-0.6352795958518982
6259062272.0,-0.6634789705276489
6259999744.0,-0.6923754811286926
6260937728.0,-0.7218085527420044
6261875200.0,-0.7480013966560364
6262812672.0,-0.7743357419967651
6263750144.0,-0.797941267490387
6264687616.0,-0.8202443718910217
6265625088.0,-0.8400536179542542
6266562560.0,-0.8566264510154724
6267500032.0,-0.8681893944740295
6268437504.0,-0.8768213391304016
6269374976.0,-0.8814162015914917
6270312448.0,-0.8825243711471558
6271249920.0,-0.8813847899436951
6272187392.0,-0.8762858510017395
6273124864.0,-0.868467390537262
6274062336.0,-0.8562837839126587
6274999808.0,-0.8429864048957825
6275937280.0,-0.824942946434021
6276874752.0,-0.8030899167060852
6277812736.0,-0.7795042991638184
6278750208.0,-0.7542964220046997
6279687680.0,-0.7280059456825256
6280625152.0,-0.6994288563728333
6281562624.0,-0.6702991127967834
6282500096.0,-0.6404932141304016
6283437568.0,-0.6104389429092407
6284375040.0,-0.5804128050804138
6285312512.0,-0.5496982336044312
6286249984.0,-0.5201332569122314
6287187456.0,-0.4921625852584839
6288124928.0,-0.464443564414978
6289062400.0,-0.4395701289176941
6289999872.0,-0.41683411598205566
6290937344.0,-0.3945746421813965
6291874816.0,-0.3765784800052643
6292812288.0,-0.35878193378448486
6293749760.0,-0.3438684940338135
6294687744.0,-0.33210355043411255
6295625216.0,-0.32238173484802246
6296562688.0,-0.32053419947624207
6297500160.0,-0.32108044624328613
6298437632.0,-0.3248803913593292
6299375104.0,-0.3323453962802887
6300312576.0,-0.3432185649871826
6301250048.0,-0.3563758432865143
6302187520.0,-0.37151938676834106
6303124992.0,-0.389900803565979
6304062464.0,-0.4114300310611725
6304999936.0,-0.5511698722839355
6305937408.0,-0.5716755390167236
6306874880.0,-0.5936117768287659
6307812352.0,-0.6167263984680176
6308749824.0,-0.6402777433395386
6309687296.0,-0.6655374765396118
6310624768.0,-0.6915467977523804
6311562752.0,-0.7171379327774048
6312500224.0,-0.7422109246253967
6313437696.0,-0.7683687806129456
6314375168.0,-0.7931227087974548
6315312640.0,-0.8181788325309753
6316250112.0,-0.8419825434684753
6317187584.0,-0.8662192821502686
6318125056.0,-0.8886098861694336
6319062528.0,-0.9086775183677673
6320000000.0,-0.9254544377326965
6320937472.0,-0.94124436378479
6321874944.0,-0.9552106857299805
6322812416.0,-0.9669128060340881
6323749888.0,-0.9763944149017334
6324687360.0,-0.9820940494537354
6325624832.0,-0.9861044883728027
6326562304.0,-0.9863967299461365
6327499776.0,-0.984456479549408
6328437248.0,-0.9797688722610474
6329375232.0,-0.9739267230033875
6330312704.0,-0.9645078182220459
6331250176.0,-0.9542459845542908
6332187648.0,-0.9393581748008728
6333125120.0,-0.9238705039024353
6334062592.0,-0.9074241518974304
6335000064.0,-0.888829231262207
6335937536.0,-0.8687946200370789
6336875008.0,-0.8482601642608643
6337812480.0,-0.8258576989173889
6338749952.0,-0.8035187721252441
6339687424.0,-0.7802744507789612
6340624896.0,-0.7569085955619812
6341562368.0,-0.7340789437294006
6342499840.0,-0.7110909223556519
6343437312.0,-0.6889285445213318
6344374784.0,-0.6676006317138672
6345312256.0,-0.646196186542511
6346250240.0,-0.6260608434677124
6347187712.0,-0.6051446199417114
6348125184.0,-0.5852680206298828
6349062656.0,-0.5680580139160156
6350000128.0,-0.5504542589187622
6350937600.0,-0.5364758968353271
6351875072.0,-0.523410439491272
6352812544.0,-0.5110843181610107
6353750016.0,-0.5019323229789734
6354687488.0,-0.4943181276321411
6355624960.0,-0.48983171582221985
6356562432.0,-0.4879198968410492
6357499904.0,-0.4872579574584961
6358437376.0,-0.4910775423049927
6359374848.0,-0.4974071979522705
6360312320.0,-0.5064722299575806
6361249792.0,-0.5171108245849609
6362187264.0,-0.5303624272346497
6363125248.0,-0.546034038066864
6364062720.0,-0.565395712852478
6365000192.0,-0.8349233865737915
6365937664.0,-0.8412643671035767
6366875136.0,-0.8487579822540283
6367812608.0,-0.8576949238777161
6368750080.0,-0.8654466271400452
6369687552.0,-0.8742480278015137
6370625024.0,-0.8846909403800964
6371562496.0,-0.8948178887367249
6372499968.0,-0.9041012525558472
6373437440.0,-0.9139935374259949
6374374912.0,-0.9234442710876465
6375312384.0,-0.9326006174087524
6376249856.0,-0.9424253106117249
6377187328.0,-0.9515424370765686
6378124800.0,-0.9593990445137024
6379062272.0,-0.9678995013237
6380000256.0,-0.9746888279914856
6380937728.0,-0.9816862344741821
6381875200.0,-0.9871492385864258
6382812672.0,-0.9922242760658264
6383750144.0,-0.9961999654769897
6384687616.0,-1.000237226486206
6385625088.0,-1.0027976036071777
6386562560.0,-1.0053023099899292
6387500032.0,-1.006740927696228
6388437504.0,-1.0079853534698486
6389374976.0,-1.0087571144104004
6390312448.0,-1.008224606513977
6391249920.0,-1.009044885635376
6392187392.0,-1.0092136859893799
6393124864.0,-1.008353352546692
6394062336.0,-1.0076311826705933
6394999808.0,-1.006373643875122
6395937280.0,-1.0034881830215454
6396874752.0,-1.0003981590270996
6397812736.0,-0.9978168606758118
6398750208.0,-0.9946939945220947
6399687680.0,-0.9921191334724426
6400625152.0,-0.9889078140258789
6401562624.0,-0.9867212772369385
6402500096.0,-0.9845941066741943
6403437568.0,-0.983458936214447
6404375040.0,-0.9833483695983887
6405312512.0,-0.9826174974441528
6406249984.0,-0.9835320711135864
6407187456.0,-0.983472466468811
6408124928.0,-0.9853194952011108
6409062400.0,-0.9882292747497559
6409999872.0,-0.9920544624328613
6410937344.0,-0.995919406414032
6411874816.0,-1.001315951347351
6412812288.0,-1.0080207586288452
6413749760.0,-1.0154677629470825
6414687744.0,-1.0224130153656006
6415625216.0,-1.0296159982681274
6416562688.0,-1.037015438079834
6417500160.0,-1.0433212518692017
6418437632.0,-1.0509259700775146
6419375104.0,-1.0597803592681885
6420312576.0,-1.0679142475128174
6421250048.0,-1.0760225057601929
6422187520.0,-1.0845891237258911
6423124992.0,-1.0895931720733643
6424062464.0,-1.0960125923156738
6424999936.0,-1.1122214794158936
6425937408.0,-1.1236587762832642
6426874880.0,-1.1346663236618042
6427812352.0,-1.1440470218658447
6428749824.0,-1.152666449546814
6429687296.0,-1.1582831144332886
6430624768.0,-1.1625099182128906
6431562752.0,-1.1652166843414307
6432500224.0,-1.1663411855697632
6433437696.0,-1.166205883026123
6434375168.0,-1.164270043373108
6435312640.0,-1.1617388725280762
6436250112.0,-1.1576824188232422
6437187584.0,-1.1519383192062378
6438125056.0,-1.145736813545227
6439062528.0,-1.13713538646698
6440000000.0,-1.1287058591842651
6440937472.0,-1.1183445453643799
6441874944.0,-1.105913758277893
6442812416.0,-1.095248818397522
6443749888.0,-1.0822187662124634
6444687360.0,-1.0689455270767212
6445624832.0,-1.0564916133880615
6446562304.0,-1.0437736511230469
6447499776.0,-1.0322818756103516
6448437248.0,-1.019065260887146
6449375232.0,-1.008278250694275
6450312704.0,-0.9969145059585571
6451250176.0,-0.9868889451026917
6452187648.0,-0.9774326086044312
6453125120.0,-0.9693281054496765
6454062592.0,-0.9614338278770447
6455000064.0,-0.9534225463867188
6455937536.0,-0.947595477104187
6456875008.0,-0.9427435994148254
6457812480.0,-0.9384413957595825
6458749952.0,-0.9344308972358704
6459687424.0,-0.9303569197654724
6460624896.0,-0.9280768036842346
6461562368.0,-0.9246120452880859
6462499840.0,-0.9210833311080933
6463437312.0,-0.918817400932312
6464374784.0,-0.9157040119171143
6465312256.0,-0.9121638536453247
6466250240.0,-0.9092507362365723
6467187712.0,-0.9068810939788818
6468125184.0,-0.9039843082427979
6469062656.0,-0.9006643295288086
6470000128.0,-0.8969210386276245
6470937600.0,-0.8917453289031982
6471875072.0,-0.8873517513275146
6472812544.0,-0.8830305337905884
6473750016.0,-0.8794327974319458
6474687488.0,-0.8774817585945129
6475624960.0,-0.8742533922195435
6476562432.0,-0.8717631697654724
6477499904.0,-0.8684673309326172
6478437376.0,-0.8650413751602173
6479374848.0,-0.8635320067405701
6480312320.0,-0.8606901168823242
6481249792.0,-0.8575147390365601
6482187264.0,-0.8570195436477661
6483125248.0,-0.8562750220298767
6484062720.0,-0.8543445467948914
6485000192.0,-0.9576849341392517
6485937664.0,-0.9651259183883667
6486875136.0,-0.9717313647270203
6487812608.0,-0.978975772857666
6488750080.0,-0.9860215187072754
6489687552.0,-0.9919687509536743
6490625024.0,-0.997681200504303
6491562496.0,-1.0019891262054443
6492499968.0,-1.0054733753204346
6493437440.0,-1.009765386581421
6494374912.0,-1.0137096643447876
6495312384.0,-1.0168615579605103
6496249856.0,-1.0196524858474731
6497187328.0,-1.0211923122406006
6498124800.0,-1.0219433307647705
6499062272.0,-1.0221196413040161
6499999744.0,-1.019963026046753
6500937728.0,-1.017206072807312
6501875200.0,-1.0129094123840332
6502812672.0,-1.0083435773849487
6503750144.0,-1.0029155015945435
6504687616.0,-0.9951140880584717
6505625088.0,-0.9893687963485718
6506562560.0,-0.980236828327179
6507500032.0,-0.9710472822189331
6508437504.0,-0.9618005752563477
6509374976.0,-0.9508659839630127
6510312448.0,-0.9407241344451904
6511249920.0,-0.9283009767532349
6512187392.0,-0.916285514831543
6513124864.0,-0.9045211672782898
6514062336.0,-0.8931394815444946
6514999808.0,-0.8820785880088806
6515937280.0,-0.8708916306495667
6516874752.0,-0.860900342464447
6517812736.0,-0.8506774306297302
6518750208.0,-0.8415083289146423
6519687680.0,-0.831789493560791
6520625152.0,-0.8235214352607727
6521562624.0,-0.816203773021698
6522500096.0,-0.8091417551040649
6523437568.0,-0.8032642602920532
6524375040.0,-0.7985017895698547
6525312512.0,-0.794036865234375
6526249984.0,-0.7907151579856873
6527187456.0,-0.7885516881942749
6528124928.0,-0.7868801951408386
6529062400.0,-0.7874881625175476
6529999872.0,-0.7872050404548645
6530937344.0,-0.7892464399337769
6531874816.0,-0.7902504205703735
6532812288.0,-0.7914628386497498
6533749760.0,-0.7934381365776062
6534687744.0,-0.7968898415565491
6535625216.0,-0.8015179634094238
6536562688.0,-0.8069299459457397
6537500160.0,-0.8141558766365051
6538437632.0,-0.8209539651870728
6539375104.0,-0.8295489549636841
6540312576.0,-0.8381146192550659
6541250048.0,-0.8454391956329346
6542187520.0,-0.8531418442726135
6543124992.0,-0.8607050776481628
6544062464.0,-0.8695562481880188
6544999936.0,-0.8650723695755005
6545937408.0,-0.8676591515541077
6546874880.0,-0.8700904250144958
6547812352.0,-0.8728610277175903
6548749824.0,-0.8756168484687805
6549687296.0,-0.8794375061988831
6550624768.0,-0.885216474533081
6551562752.0,-0.8904252648353577
6552500224.0,-0.8952727317810059
6553437696.0,-0.9021340608596802
6554375168.0,-0.9091253876686096
6555312640.0,-0.9156522154808044
6556250112.0,-0.9239856004714966
6557187584.0,-0.9326935410499573
6558125056.0,-0.942224383354187
6559062528.0,-0.9529066681861877
6560000000.0,-0.9630749821662903
6560937472.0,-0.9738218784332275
6561874944.0,-0.9859552383422852
6562812416.0,-0.9981814026832581
6563749888.0,-1.010759949684143
6564687360.0,-1.024788737297058
6565624832.0,-1.0379515886306763
6566562304.0,-1.052212119102478
6567499776.0,-1.0655889511108398
6568437248.0,-1.0786691904067993
6569375232.0,-1.0912280082702637
6570312704.0,-1.102465271949768
6571250176.0,-1.1138237714767456
6572187648.0,-1.1240679025650024
6573125120.0,-1.1359225511550903
6574062592.0,-1.1453641653060913
6575000064.0,-1.1535043716430664
6575937536.0,-1.1602293252944946
6576875008.0,-1.165525197982788
6577812480.0,-1.1705942153930664
6578749952.0,-1.1730433702468872
6579687424.0,-1.1754132509231567
6580624896.0,-1.1764421463012695
6581562368.0,-1.176364779472351
6582499840.0,-1.1755516529083252
6583437312.0,-1.1747047901153564
6584374784.0,-1.1740126609802246
6585312256.0,-1.170928716659546
6586250240.0,-1.1697382926940918
6587187712.0,-1.1671690940856934
6588125184.0,-1.1643428802490234
6589062656.0,-1.1600887775421143
6590000128.0,-1.1555068492889404
6590937600.0,-1.151656150817871
6591875072.0,-1.1475238800048828
6592812544.0,-1.1430974006652832
6593750016.0,-1.137768268585205
6594687488.0,-1.1324708461761475
6595624960.0,-1.1286358833312988
6596562432.0,-1.1260713338851929
6597499904.0,-1.1233958005905151
6598437376.0,-1.1210592985153198
6599374848.0,-1.1190662384033203
6600312320.0,-1.1191706657409668
6601249792.0,-1.1174675226211548
6602187264.0,-1.1172494888305664
6603125248.0,-1.1184955835342407
6604062720.0,-1.122085452079773
6605000192.0,-1.1214598417282104
6605937664.0,-1.1280311346054077
6606875136.0,-1.132331371307373
6607812608.0,-1.1381092071533203
6608750080.0,-1.1429582834243774
6609687552.0,-1.1470669507980347
6610625024.0,-1.1521474123001099
6611562496.0,-1.1571999788284302
6612499968.0,-1.1624174118041992
6613437440.0,-1.1684067249298096
6614374912.0,-1.1737595796585083
6615312384.0,-1.179825782775879
6616249856.0,-1.1853182315826416
6617187328.0,-1.1916890144348145
6618124800.0,-1.1990066766738892
6619062272.0,-1.2056562900543213
6620000256.0,-1.2134125232696533
6620937728.0,-1.2219964265823364
6621875200.0,-1.230806589126587
6622812672.0,-1.2403900623321533
6623750144.0,-1.2514315843582153
6624687616.0,-1.261776328086853
6625625088.0,-1.276329755783081
6626562560.0,-1.293267011642456
6627500032.0,-1.311723232269287
6628437504.0,-1.3303114175796509
6629374976.0,-1.3493781089782715
6630312448.0,-1.3694409132003784
6631249920.0,-1.390315055847168
6632187392.0,-1.4105225801467896
6633124864.0,-1.430249810218811
6634062336.0,-1.4493597745895386
6634999808.0,-1.4686428308486938
6635937280.0,-1.4881136417388916
6636874752.0,-1.5059565305709839
6637812736.0,-1.5249788761138916
6638750208.0,-1.5439159870147705
6639687680.0,-1.5613406896591187
6640625152.0,-1.5785000324249268
6641562624.0,-1.5932579040527344
6642500096.0,-1.6076256036758423
6643437568.0,-1.6219977140426636
6644375040.0,-1.6337374448776245
6645312512.0,-1.6440644264221191
6646249984.0,-1.6537309885025024
6647187456.0,-1.6604030132293701
6648124928.0,-1.6667354106903076
6649062400.0,-1.6707837581634521
6649999872.0,-1.674318790435791
6650937344.0,-1.6774336099624634
6651874816.0,-1.6801499128341675
6652812288.0,-1.68324875831604
6653749760.0,-1.6844837665557861
6654687744.0,-1.686010718345642
6655625216.0,-1.6904301643371582
6656562688.0,-1.691886067390442
6657500160.0,-1.694993257522583
6658437632.0,-1.7002983093261719
6659375104.0,-1.7053314447402954
6660312576.0,-1.7126574516296387
6661250048.0,-1.7209559679031372
6662187520.0,-1.731719732284546
6663124992.0,-1.7440420389175415
6664062464.0,-1.7573167085647583
6664999936.0,-1.7763221263885498
6665937408.0,-1.7891952991485596
6666874880.0,-1.8014672994613647
6667812352.0,-1.812785267829895
6668749824.0,-1.8242590427398682
6669687296.0,-1.8372917175292969
6670624768.0,-1.8491041660308838
6671562752.0,-1.8615363836288452
6672500224.0,-1.8722143173217773
6673437696.0,-1.8846194744110107
6674375168.0,-1.8961175680160522
6675312640.0,-1.9072716236114502
6676250112.0,-1.9173465967178345
6677187584.0,-1.9244023561477661
6678125056.0,-1.9320489168167114
6679062528.0,-1.9383798837661743
6680000000.0,-1.9440078735351562
6680937472.0,-1.948329210281372
6681874944.0,-1.9533705711364746
6682812416.0,-1.9565540552139282
6683749888.0,-1.9601305723190308
6684687360.0,-1.962707757949829
6685624832.0,-1.9668757915496826
6686562304.0,-1.9709413051605225
6687499776.0,-1.9751980304718018
6688437248.0,-1.979990005493164
6689375232.0,-1.9840620756149292
6690312704.0,-1.9876903295516968
6691250176.0,-1.9929066896438599
6692187648.0,-1.9973174333572388
6693125120.0,-2.0027661323547363
6694062592.0,-2.0109617710113525
6695000064.0,-2.0205202102661133
6695937536.0,-2.033061981201172
6696875008.0,-2.0483250617980957
6697812480.0,-2.0650553703308105
6698749952.0,-2.0856451988220215
6699687424.0,-2.107226848602295
6700624896.0,-2.1298842430114746
6701562368.0,-2.1538875102996826
6702499840.0,-2.17692232131958
6703437312.0,-2.200376510620117
6704374784.0,-2.226405143737793
6705312256.0,-2.251559019088745
6706250240.0,-2.276005983352661
6707187712.0,-2.299304723739624
6708125184.0,-2.3218393325805664
6709062656.0,-2.343949794769287
6710000128.0,-2.3645856380462646
6710937600.0,-2.3832757472991943
6711875072.0,-2.3999810218811035
6712812544.0,-2.4154093265533447
6713750016.0,-2.4289634227752686
6714687488.0,-2.4393436908721924
6715624960.0,-2.4478020668029785
6716562432.0,-2.4546148777008057
6717499904.0,-2.457869529724121
6718437376.0,-2.4592504501342773
6719374848.0,-2.459280014038086
6720312320.0,-2.455812454223633
6721249792.0,-2.4535067081451416
6722187264.0,-2.448107957839966
6723125248.0,-2.4447789192199707
6724062720.0,-2.442228317260742
6725000192.0,-2.4154365062713623
6725937664.0,-2.4158499240875244
6726875136.0,-2.4178707599639893
6727812608.0,-2.4214906692504883
6728750080.0,-2.4293620586395264
6729687552.0,-2.4381566047668457
6730625024.0,-2.4504029750823975
6731562496.0,-2.465399742126465
6732499968.0,-2.483217477798462
6733437440.0,-2.5018200874328613
6734374912.0,-2.5237178802490234
6735312384.0,-2.5488250255584717
6736249856.0,-2.574302911758423
6737187328.0,-2.6018567085266113
6738124800.0,-2.6325066089630127
6739062272.0,-2.6635072231292725
6739999744.0,-2.696948289871216
6740937728.0,-2.733596086502075
6741875200.0,-2.768456220626831
6742812672.0,-2.8035998344421387
6743750144.0,-2.8388187885284424
6744687616.0,-2.8730719089508057
6745625088.0,-2.905643939971924
6746562560.0,-2.937385320663452
6747500032.0,-2.968231439590454
6748437504.0,-2.996286153793335
6749374976.0,-3.021277666091919
6750312448.0,-3.0440621376037598
6751249920.0,-3.065035820007324
6752187392.0,-3.0845489501953125
6753124864.0,-3.09761381149292
6754062336.0,-3.10699462890625
6754999808.0,-3.113466262817383
6755937280.0,-3.1152217388153076
6756874752.0,-3.1115989685058594
6757812736.0,-3.104583501815796
6758750208.0,-3.092355966567993
6759687680.0,-3.076772928237915
6760625152.0,-3.053440809249878
6761562624.0,-3.0275912284851074
6762500096.0,-2.9984798431396484
6763437568.0,-2.9644925594329834
6764375040.0,-2.928072452545166
6765312512.0,-2.8872733116149902
6766249984.0,-2.8442471027374268
6767187456.0,-2.7964601516723633
6768124928.0,-2.7456765174865723
6769062400.0,-2.691354751586914
6769999872.0,-2.634732484817505
6770937344.0,-2.573629856109619
6771874816.0,-2.5110795497894287
6772812288.0,-2.4483773708343506
6773749760.0,-2.3847672939300537
6774687744.0,-2.3212761878967285
6775625216.0,-2.259546995162964
6776562688.0,-2.198913335800171
6777500160.0,-2.140667200088501
6778437632.0,-2.090181827545166
6779375104.0,-2.0428528785705566
6780312576.0,-1.99947190284729
6781250048.0,-1.9617993831634521
6782187520.0,-1.9264490604400635
6783124992.0,-1.8967982530593872
6784062464.0,-1.8713624477386475
6784999936.0,-2.3293542861938477
6785937408.0,-2.3140316009521484
6786874880.0,-2.298741340637207
6787812352.0,-2.2858901023864746
6788749824.0,-2.272085428237915
6789687296.0,-2.2593350410461426
6790624768.0,-2.247126579284668
6791562752.0,-2.237110137939453
6792500224.0,-2.229362726211548
6793437696.0,-2.2231080532073975
6794375168.0,-2.219568967819214
6795312640.0,-2.2162017822265625
6796250112.0,-2.2151005268096924
6797187584.0,-2.214510440826416
6798125056.0,-2.212948799133301
6799062528.0,-2.2128560543060303
6800000000.0,-2.216064691543579
6800937472.0,-2.21980881690979
6801874944.0,-2.2276830673217773
6802812416.0,-2.236929416656494
6803749888.0,-2.250931739807129
6804687360.0,-2.2669661045074463
6805624832.0,-2.285205364227295
6806562304.0,-2.302966594696045
6807499776.0,-2.320993423461914
6808437248.0,-2.336388111114502
6809375232.0,-2.3515965938568115
6810312704.0,-2.368243932723999
6811250176.0,-2.3829827308654785
6812187648.0,-2.3962299823760986
6813125120.0,-2.4077227115631104
6814062592.0,-2.4191529750823975
6815000064.0,-2.4288392066955566
6815937536.0,-2.438366413116455
6816875008.0,-2.445763349533081
6817812480.0,-2.448838472366333
6818749952.0,-2.450742483139038
6819687424.0,-2.4488868713378906
6820624896.0,-2.444000482559204
6821562368.0,-2.4339675903320312
6822499840.0,-2.419564962387085
6823437312.0,-2.3996994495391846
6824374784.0,-2.3772013187408447
6825312256.0,-2.350623369216919
6826250240.0,-2.3198511600494385
6827187712.0,-2.286151885986328
6828125184.0,-2.250209093093872
6829062656.0,-2.211237907409668
6830000128.0,-2.1720163822174072
6830937600.0,-2.1306746006011963
6831875072.0,-2.0888102054595947
6832812544.0,-2.046386480331421
6833750016.0,-2.0053329467773438
6834687488.0,-1.9637153148651123
6835624960.0,-1.9226512908935547
6836562432.0,-1.8822559118270874
6837499904.0,-1.8415446281433105
6838437376.0,-1.8025588989257812
6839374848.0,-1.7656010389328003
6840312320.0,-1.730252742767334
6841249792.0,-1.6979957818984985
6842187264.0,-1.6667040586471558
6843125248.0,-1.6383857727050781
6844062720.0,-1.6127957105636597
6845000192.0,-1.5096220970153809
6845937664.0,-1.4849209785461426
6846875136.0,-1.464009165763855
6847812608.0,-1.4433376789093018
6848750080.0,-1.4241631031036377
6849687552.0,-1.4080690145492554
6850625024.0,-1.395630121231079
6851562496.0,-1.3858181238174438
6852499968.0,-1.3805328607559204
6853437440.0,-1.377689003944397
6854374912.0,-1.3788471221923828
6855312384.0,-1.3815033435821533
6856249856.0,-1.3878082036972046
6857187328.0,-1.3959866762161255
6858124800.0,-1.4056299924850464
6859062272.0,-1.4173574447631836
6860000256.0,-1.4314192533493042
6860937728.0,-1.4456504583358765
6861875200.0,-1.461828589439392
6862812672.0,-1.4800195693969727
6863750144.0,-1.4988462924957275
6864687616.0,-1.5192687511444092
6865625088.0,-1.538181185722351
6866562560.0,-1.5561511516571045
6867500032.0,-1.5742160081863403
6868437504.0,-1.5909900665283203
6869374976.0,-1.6058229207992554
6870312448.0,-1.619114875793457
6871249920.0,-1.6318522691726685
6872187392.0,-1.6420592069625854
6873124864.0,-1.6485183238983154
6874062336.0,-1.6528799533843994
6874999808.0,-1.6548326015472412
6875937280.0,-1.6537752151489258
6876874752.0,-1.65193772315979
6877812736.0,-1.6460953950881958
6878750208.0,-1.6387640237808228
6879687680.0,-1.6290267705917358
6880625152.0,-1.6159533262252808
6881562624.0,-1.6020525693893433
6882500096.0,-1.585815191268921
6883437568.0,-1.5666897296905518
6884375040.0,-1.544158697128296
6885312512.0,-1.519663691520691
6886249984.0,-1.4924969673156738
6887187456.0,-1.4645047187805176
6888124928.0,-1.435103178024292
6889062400.0,-1.4039323329925537
6889999872.0,-1.3722777366638184
6890937344.0,-1.339882731437683
6891874816.0,-1.3070995807647705
6892812288.0,-1.2749691009521484
6893749760.0,-1.2430264949798584
6894687744.0,-1.211021900177002
6895625216.0,-1.1801518201828003
6896562688.0,-1.1508088111877441
6897500160.0,-1.122628927230835
6898437632.0,-1.0962306261062622
6899375104.0,-1.0719294548034668
6900312576.0,-1.0499353408813477
6901250048.0,-1.029120922088623
6902187520.0,-1.0120514631271362
6903124992.0,-0.9958241581916809
6904062464.0,-0.9826406836509705
6904999936.0,-0.9884342551231384
6905937408.0,-0.9858408570289612
6906874880.0,-0.9858987927436829
6907812352.0,-0.9857610464096069
6908749824.0,-0.9879311323165894
6909687296.0,-0.9901708364486694
6910624768.0,-0.9939329624176025
6911562752.0,-0.9974673390388489
6912500224.0,-1.0011389255523682
6913437696.0,-1.0056171417236328
6914375168.0,-1.0091739892959595
6915312640.0,-1.0132113695144653
6916250112.0,-1.0152677297592163
6917187584.0,-1.0187031030654907
6918125056.0,-1.0189340114593506
6919062528.0,-1.0189822912216187
6920000000.0,-1.0159927606582642
6920937472.0,-1.0121768712997437
6921874944.0,-1.0070922374725342
6922812416.0,-1.0002270936965942
6923749888.0,-0.9905990362167358
6924687360.0,-0.9805198311805725
6925624832.0,-0.9673101902008057
6926562304.0,-0.9518807530403137
6927499776.0,-0.9341213703155518
6928437248.0,-0.9156570434570312
6929375232.0,-0.8963763117790222
6930312704.0,-0.876287043094635
6931250176.0,-0.8554078340530396
6932187648.0,-0.8334141969680786
6933125120.0,-0.8112034797668457
6934062592.0,-0.7894072532653809
6935000064.0,-0.7675195932388306
6935937536.0,-0.7446951270103455
6936875008.0,-0.7214805483818054
6937812480.0,-0.699341356754303
6938749952.0,-0.678678572177887
6939687424.0,-0.6572416424751282
6940624896.0,-0.6378436088562012
6941562368.0,-0.6203857064247131
6942499840.0,-0.6039335131645203
6943437312.0,-0.5895217657089233
6944374784.0,-0.5753304362297058
6945312256.0,-0.5647364854812622
6946250240.0,-0.554760217666626
6947187712.0,-0.5467565655708313
6948125184.0,-0.5394148826599121
6949062656.0,-0.5337660908699036
6950000128.0,-0.5309511423110962
6950937600.0,-0.5285073518753052
6951875072.0,-0.5288709402084351
6952812544.0,-0.5301433801651001
6953750016.0,-0.532303512096405
6954687488.0,-0.5361698865890503
6955624960.0,-0.5400274395942688
6956562432.0,-0.5467149615287781
6957499904.0,-0.5552042722702026
6958437376.0,-0.563544750213623
6959374848.0,-0.5729557275772095
6960312320.0,-0.5810788869857788
6961249792.0,-0.589724600315094
6962187264.0,-0.6000054478645325
6963125248.0,-0.6104832887649536
6964062720.0,-0.6201457977294922
6965000192.0,-0.523367702960968
6965937664.0,-0.5325686931610107
6966875136.0,-0.5426614880561829
6967812608.0,-0.5525240302085876
6968750080.0,-0.5626689195632935
6969687552.0,-0.5730941295623779
6970625024.0,-0.5833126306533813
6971562496.0,-0.5935456156730652
6972499968.0,-0.6038166880607605
6973437440.0,-0.6160169839859009
6974374912.0,-0.6266844868659973
6975312384.0,-0.6382013559341431
6976249856.0,-0.6505921483039856
6977187328.0,-0.6612638831138611
6978124800.0,-0.6720101833343506
6979062272.0,-0.6845371723175049
6979999744.0,-0.6956667304039001
6980937728.0,-0.7066640257835388
6981875200.0,-0.7160630226135254
6982812672.0,-0.7254638671875
6983750144.0,-0.7327784895896912
6984687616.0,-0.7412617802619934
6985625088.0,-0.749517023563385
6986562560.0,-0.7571223378181458
6987500032.0,-0.7635837197303772
6988437504.0,-0.7705904841423035
6989374976.0,-0.7751922607421875
6990312448.0,-0.7783653736114502
6991249920.0,-0.7807217240333557
6992187392.0,-0.7819004058837891
6993124864.0,-0.7814039587974548
6994062336.0,-0.7800047397613525
6994999808.0,-0.7761200666427612
6995937280.0,-0.7712310552597046
6996874752.0,-0.7656416296958923
6997812736.0,-0.7576002478599548
6998750208.0,-0.7485044002532959
6999687680.0,-0.7386458516120911
7000625152.0,-0.7291457056999207
7001562624.0,-0.718643844127655
7002500096.0,-0.7059184312820435
7003437568.0,-0.6947707533836365
7004375040.0,-0.682487428188324
7005312512.0,-0.6699460744857788
7006249984.0,-0.6577488780021667
7007187456.0,-0.6431540846824646
7008124928.0,-0.6260759830474854
7009062400.0,-0.6096231937408447
7009999872.0,-0.592720627784729
7010937344.0,-0.5757423639297485
7011874816.0,-0.5585823655128479
7012812288.0,-0.5413497090339661
7013749760.0,-0.5252847671508789
7014687744.0,-0.5081906318664551
7015625216.0,-0.4930724501609802
7016562688.0,-0.47721603512763977
7017500160.0,-0.4627324044704437
7018437632.0,-0.44775453209877014
7019375104.0,-0.4344539940357208
7020312576.0,-0.42116695642471313
7021250048.0,-0.4092297852039337
7022187520.0,-0.3972236216068268
7023124992.0,-0.3866513967514038
7024062464.0,-0.3757149577140808
7024999936.0,-0.29228490591049194
7025937408.0,-0.2955010235309601
7026874880.0,-0.3004058003425598
7027812352.0,-0.30527856945991516
7028749824.0,-0.31183674931526184
7029687296.0,-0.31863805651664734
7030624768.0,-0.32609131932258606
7031562752.0,-0.33458882570266724
7032500224.0,-0.34495916962623596
7033437696.0,-0.3576635420322418
7034375168.0,-0.36980876326560974
7035312640.0,-0.3843308389186859
7036250112.0,-0.3976467549800873
7037187584.0,-0.41090095043182373
7038125056.0,-0.4256548285484314
7039062528.0,-0.4406525194644928
7040000000.0,-0.45608723163604736
7040937472.0,-0.4701535999774933
7041874944.0,-0.4845902919769287
7042812416.0,-0.5005654096603394
7043749888.0,-0.5137513279914856
7044687360.0,-0.5283182859420776
7045624832.0,-0.5408793091773987
7046562304.0,-0.5532845854759216
7047499776.0,-0.5645846724510193
7048437248.0,-0.5741825699806213
7049375232.0,-0.5845093131065369
7050312704.0,-0.5915085077285767
7051250176.0,-0.5979823470115662
7052187648.0,-0.6025828123092651
7053125120.0,-0.6058492660522461
7054062592.0,-0.6087787747383118
7055000064.0,-0.6102556586265564
7055937536.0,-0.6099781394004822
7056875008.0,-0.6077885031700134
7057812480.0,-0.6068644523620605
7058749952.0,-0.606826663017273
7059687424.0,-0.6043179035186768
7060624896.0,-0.6022716164588928
7061562368.0,-0.5971605777740479
7062499840.0,-0.591376006603241
7063437312.0,-0.584261953830719
7064374784.0,-0.5751163363456726
7065312256.0,-0.5659141540527344
7066250240.0,-0.5558500289916992
7067187712.0,-0.5447720289230347
7068125184.0,-0.5319035053253174
7069062656.0,-0.5193659663200378
7070000128.0,-0.5065685510635376
7070937600.0,-0.4924378991127014
7071875072.0,-0.4773538112640381
7072812544.0,-0.4640128016471863
7073750016.0,-0.449169784784317
7074687488.0,-0.43420854210853577
7075624960.0,-0.41890570521354675
7076562432.0,-0.4037177562713623
7077499904.0,-0.38737452030181885
7078437376.0,-0.3718830645084381
7079374848.0,-0.35582512617111206
7080312320.0,-0.3399372696876526
7081249792.0,-0.32498452067375183
7082187264.0,-0.3102601170539856
7083125248.0,-0.2959139049053192
7084062720.0,-0.2810914218425751
7085000192.0,-0.3444240987300873
7085937664.0,-0.3336232304573059
7086875136.0,-0.3218957185745239
7087812608.0,-0.31158894300460815
7088750080.0,-0.30055251717567444
7089687552.0,-0.2915973365306854
7090625024.0,-0.28347349166870117
7091562496.0,-0.27656853199005127
7092499968.0,-0.269667387008667
7093437440.0,-0.2653222382068634
7094374912.0,-0.26266953349113464
7095312384.0,-0.25960874557495117
7096249856.0,-0.2581157386302948
7097187328.0,-0.2589455842971802
7098124800.0,-0.25951695442199707
7099062272.0,-0.2632790505886078
7100000256.0,-0.2681102454662323
7100937728.0,-0.27468448877334595
7101875200.0,-0.2816790044307709
7102812672.0,-0.29232674837112427
7103750144.0,-0.3025979697704315
7104687616.0,-0.31604066491127014
7105625088.0,-0.329781174659729
7106562560.0,-0.3452213704586029
7107500032.0,-0.36162593960762024
7108437504.0,-0.3803821802139282
7109374976.0,-0.40104547142982483
7110312448.0,-0.42192283272743225
7111249920.0,-0.4448329508304596
7112187392.0,-0.46713685989379883
7113124864.0,-0.48923972249031067
7114062336.0,-0.511810839176178
7114999808.0,-0.535933792591095
7115937280.0,-0.5582303404808044
7116874752.0,-0.5799323320388794
7117812736.0,-0.6014060378074646
7118750208.0,-0.6218013167381287
7119687680.0,-0.6423363089561462
7120625152.0,-0.6605191826820374
7121562624.0,-0.6780450940132141
7122500096.0,-0.6931300759315491
7123437568.0,-0.7074193358421326
7124375040.0,-0.7209737300872803
7125312512.0,-0.7296446561813354
7126249984.0,-0.7384222745895386
7127187456.0,-0.7440563440322876
7128124928.0,-0.7494484186172485
7129062400.0,-0.7509623765945435
7129999872.0,-0.7500700950622559
7130937344.0,-0.7470830082893372
7131874816.0,-0.7433846592903137
7132812288.0,-0.7359496355056763
7133749760.0,-0.7278518676757812
7134687744.0,-0.7177829742431641
7135625216.0,-0.7051635384559631
7136562688.0,-0.6901748180389404
7137500160.0,-0.674100399017334
7138437632.0,-0.6577369570732117
7139375104.0,-0.6382410526275635
7140312576.0,-0.619476854801178
7141250048.0,-0.5979874134063721
7142187520.0,-0.5769791007041931
7143124992.0,-0.5557701587677002
7144062464.0,-0.432794451713562
7144999936.0,-0.4303496479988098
7145937408.0,-0.42608538269996643
7146874880.0,-0.4231489300727844
7147812352.0,-0.4208456575870514
7148749824.0,-0.4179930090904236
7149687296.0,-0.41485241055488586
7150624768.0,-0.4123072922229767
7151562752.0,-0.4094763398170471
7152500224.0,-0.4096452593803406
7153437696.0,-0.4097258448600769
7154375168.0,-0.41026604175567627
7155312640.0,-0.41321659088134766
7156250112.0,-0.4180324077606201
7157187584.0,-0.42387959361076355
7158125056.0,-0.4323577284812927
7159062528.0,-0.44056981801986694
7160000000.0,-0.448407918214798
7160937472.0,-0.4561929404735565
7161874944.0,-0.4650503098964691
7162812416.0,-0.473621666431427
7163749888.0,-0.4820442199707031
7164687360.0,-0.49347802996635437
7165624832.0,-0.5035914778709412
7166562304.0,-0.5138463377952576
7167499776.0,-0.5237699151039124
7168437248.0,-0.5329759120941162
7169375232.0,-0.5423136949539185
7170312704.0,-0.5499429106712341
7171250176.0,-0.5580938458442688
7172187648.0,-0.5629007816314697
7173125120.0,-0.5675363540649414
7174062592.0,-0.570114254951477
7175000064.0,-0.5711345672607422
7175937536.0,-0.5720658898353577
7176875008.0,-0.5702286958694458
7177812480.0,-0.5675780177116394
7178749952.0,-0.563470721244812
7179687424.0,-0.5578315258026123
7180624896.0,-0.5516781806945801
7181562368.0,-0.5425225496292114
7182499840.0,-0.5333218574523926
7183437312.0,-0.5225470662117004
7184374784.0,-0.5100080370903015
7185312256.0,-0.49619996547698975
7186250240.0,-0.478150874376297
7187187712.0,-0.4598255157470703
7188125184.0,-0.44201529026031494
7189062656.0,-0.4236471354961395
7190000128.0,-0.4049248993396759
7190937600.0,-0.3847990930080414
7191875072.0,-0.36595720052719116
7192812544.0,-0.34718313813209534
7193750016.0,-0.3293737769126892
7194687488.0,-0.3114752769470215
7195624960.0,-0.29433396458625793
7196562432.0,-0.2779962718486786
7197499904.0,-0.26409912109375
7198437376.0,-0.2507009208202362
7199374848.0,-0.23953820765018463
7200312320.0,-0.22899384796619415
7201249792.0,-0.222218319773674
7202187264.0,-0.21808931231498718
7203125248.0,-0.21493449807167053
7204062720.0,-0.32614782452583313
7205000192.0,-0.3400593101978302
7205937664.0,-0.35695597529411316
7206875136.0,-0.3759153187274933
7207812608.0,-0.3984453082084656
7208750080.0,-0.42260491847991943
7209687552.0,-0.4480307102203369
7210625024.0,-0.4772341549396515
7211562496.0,-0.5072207450866699
7212499968.0,-0.5397209525108337
7213437440.0,-0.5739856958389282
7214374912.0,-0.6083182692527771
7215312384.0,-0.6424059271812439
7216249856.0,-0.6745681166648865
7217187328.0,-0.7086008787155151
7218124800.0,-0.7403989434242249
7219062272.0,-0.7703114748001099
7219999744.0,-0.7987703084945679
7220937728.0,-0.8238241672515869
7221875200.0,-0.8458269834518433
7222812672.0,-0.8641206622123718
7223750144.0,-0.8774500489234924
7224687616.0,-0.8887279033660889
7225625088.0,-0.893893837928772
7226562560.0,-0.8958465456962585
7227500032.0,-0.8917720317840576
7228437504.0,-0.8841884732246399
7229374976.0,-0.8714808821678162
7230312448.0,-0.8549681305885315
7231249920.0,-0.8347070813179016
7232187392.0,-0.8097388744354248
7233124864.0,-0.7808568477630615
7234062336.0,-0.7507598996162415
7234999808.0,-0.7153069972991943
7235937280.0,-0.6786918640136719
7236874752.0,-0.6419463157653809
7237812736.0,-0.602901041507721
7238750208.0,-0.562926709651947
7239687680.0,-0.5217462182044983
7240625152.0,-0.478984534740448
7241562624.0,-0.435995489358902
7242500096.0,-0.3934079706668854
7243437568.0,-0.3521367609500885
7244375040.0,-0.31073251366615295
7245312512.0,-0.26982584595680237
7246249984.0,-0.23041658103466034
7247187456.0,-0.19197538495063782
7248124928.0,-0.15588319301605225
7249062400.0,-0.12225450575351715
7249999872.0,-0.09185460209846497
7250937344.0,-0.06411155313253403
7251874816.0,-0.03893173113465309
7252812288.0,-0.018020180985331535
7253749760.0,8.093832002487034e-05
7254687744.0,0.014527590945363045
7255625216.0,0.023078754544258118
7256562688.0,0.02924259938299656
7257500160.0,0.03117631934583187
7258437632.0,0.027674898505210876
7259375104.0,0.021881328895688057
7260312576.0,0.010251529514789581
7261250048.0,-0.004316593520343304
7262187520.0,-0.024324841797351837
7263124992.0,-0.047107987105846405
7264062464.0,-0.30665549635887146
7264999936.0,-0.3038051128387451
7265937408.0,-0.3040362000465393
7266874880.0,-0.30518925189971924
7267812352.0,-0.310147762298584
7268749824.0,-0.3166944682598114
7269687296.0,-0.3261009156703949
7270624768.0,-0.3370954692363739
7271562752.0,-0.34881943464279175
7272500224.0,-0.3641524314880371
7273437696.0,-0.379871666431427
7274375168.0,-0.3969746232032776
7275312640.0,-0.41487690806388855
7276250112.0,-0.43222060799598694
7277187584.0,-0.45063644647598267
7278125056.0,-0.466814786195755
7279062528.0,-0.48253995180130005
7280000000.0,-0.49591168761253357
7280937472.0,-0.5090031623840332
7281874944.0,-0.5203821063041687
7282812416.0,-0.5293639302253723
7283749888.0,-0.5358021259307861
7284687360.0,-0.5403856635093689
7285624832.0,-0.5422605276107788
7286562304.0,-0.5434331297874451
7287499776.0,-0.542376697063446
7288437248.0,-0.5414555668830872
7289375232.0,-0.5388873815536499
7290312704.0,-0.5322438478469849
7291250176.0,-0.5234912037849426
7292187648.0,-0.5138601660728455
7293125120.0,-0.501225471496582
7294062592.0,-0.4871734380722046
7295000064.0,-0.4724898934364319
7295937536.0,-0.45421531796455383
7296875008.0,-0.4375401735305786
7297812480.0,-0.4201357960700989
7298749952.0,-0.4014485776424408
7299687424.0,-0.38422268629074097
7300624896.0,-0.36485156416893005
7301562368.0,-0.34679827094078064
7302499840.0,-0.32959750294685364
7303437312.0,-0.3121492266654968
7304374784.0,-0.2971124053001404
7305312256.0,-0.2824786901473999
7306250240.0,-0.27005594968795776
7307187712.0,-0.2575228214263916
7308125184.0,-0.2478298842906952
7309062656.0,-0.23888157308101654
7310000128.0,-0.23106281459331512
7310937600.0,-0.22402092814445496
7311875072.0,-0.21912194788455963
7312812544.0,-0.2157849371433258
7313750016.0,-0.21457770466804504
7314687488.0,-0.21424418687820435
7315624960.0,-0.21236485242843628
7316562432.0,-0.21217602491378784
7317499904.0,-0.21111230552196503
7318437376.0,-0.209735706448555
7319374848.0,-0.20711302757263184
7320312320.0,-0.20239737629890442
7321249792.0,-0.19812361896038055
7322187264.0,-0.18947774171829224
7323125248.0,-0.18099986016750336
7324062720.0,-0.324738085269928
7325000192.0,-0.30292272567749023
7325937664.0,-0.2793079614639282
7326875136.0,-0.2533833384513855
7327812608.0,-0.2268432229757309
7328750080.0,-0.19902019202709198
7329687552.0,-0.1720985621213913
7330625024.0,-0.1444951891899109
7331562496.0,-0.11862776428461075
7332499968.0,-0.09490642696619034
7333437440.0,-0.07425122708082199
7334374912.0,-0.058495547622442245
7335312384.0,-0.04639957845211029
7336249856.0,-0.03867057338356972
7337187328.0,-0.03553789108991623
7338124800.0,-0.036254458129405975
7339062272.0,-0.03962128236889839
7340000256.0,-0.04815061017870903
7340937728.0,-0.060241714119911194
7341875200.0,-0.07724284380674362
7342812672.0,-0.09698771685361862
7343750144.0,-0.11987116187810898
7344687616.0,-0.14518138766288757
7345625088.0,-0.1710357517004013
7346562560.0,-0.19791702926158905
7347500032.0,-0.22369442880153656
7348437504.0,-0.2485530972480774
7349374976.0,-0.27032023668289185
7350312448.0,-0.2892497777938843
7351249920.0,-0.30351823568344116
7352187392.0,-0.3142283260822296
7353124864.0,-0.3208467662334442
7354062336.0,-0.32229867577552795
7354999808.0,-0.3198978304862976
7355937280.0,-0.3108442425727844
7356874752.0,-0.29844826459884644
7357812736.0,-0.28196433186531067
7358750208.0,-0.2608566880226135
7359687680.0,-0.2355334609746933
7360625152.0,-0.2080325037240982
7361562624.0,-0.1778046190738678
7362500096.0,-0.1473504900932312
7363437568.0,-0.11465931683778763
7364375040.0,-0.0803113803267479
7365312512.0,-0.04784880951046944
7366249984.0,-0.016834884881973267
7367187456.0,0.011160769499838352
7368124928.0,0.035596445202827454
7369062400.0,0.05473742634057999
7369999872.0,0.07091446220874786
7370937344.0,0.08349746465682983
7371874816.0,0.09226726740598679
7372812288.0,0.09832415729761124
7373749760.0,0.10188638418912888
7374687744.0,0.10480013489723206
7375625216.0,0.10523410886526108
7376562688.0,0.1052713617682457
7377500160.0,0.10315622389316559
7378437632.0,0.10073158144950867
7379375104.0,0.09659427404403687
7380312576.0,0.09167776256799698
7381250048.0,0.0861891508102417
7382187520.0,0.07781597971916199
7383124992.0,0.06894810497760773
7384062464.0,-0.23301798105239868
7384999936.0,-0.24938708543777466
7385937408.0,-0.266245573759079
7386874880.0,-0.28257128596305847
7387812352.0,-0.2980433702468872
7388749824.0,-0.31230446696281433
7389687296.0,-0.3254442811012268
7390624768.0,-0.3340626060962677
7391562752.0,-0.34115785360336304
7392500224.0,-0.34503844380378723
7393437696.0,-0.347452312707901
7394375168.0,-0.34606194496154785
7395312640.0,-0.34023889899253845
7396250112.0,-0.3328084647655487
7397187584.0,-0.32012873888015747
7398125056.0,-0.30307385325431824
7399062528.0,-0.2837754786014557
7400000000.0,-0.2613312304019928
7400937472.0,-0.23493121564388275
7401874944.0,-0.2062458097934723
7402812416.0,-0.17563657462596893
7403749888.0,-0.14287494122982025
7404687360.0,-0.10889861732721329
7405624832.0,-0.07430355250835419
7406562304.0,-0.037764158099889755
7407499776.0,-0.0017336806049570441
7408437248.0,0.03416362777352333
7409375232.0,0.06916405260562897
7410312704.0,0.10391495376825333
7411250176.0,0.13820010423660278
7412187648.0,0.16987423598766327
7413125120.0,0.19847509264945984
7414062592.0,0.22700652480125427
7415000064.0,0.2515925168991089
7415937536.0,0.27278369665145874
7416875008.0,0.2908885180950165
7417812480.0,0.3060070276260376
7418749952.0,0.31678539514541626
7419687424.0,0.32455122470855713
7420624896.0,0.3279167115688324
7421562368.0,0.3284602463245392
7422499840.0,0.32423654198646545
7423437312.0,0.3179153800010681
7424374784.0,0.30669206380844116
7425312256.0,0.2925998270511627
7426250240.0,0.2762269079685211
7427187712.0,0.25586873292922974
7428125184.0,0.23319649696350098
7429062656.0,0.2081986963748932
7430000128.0,0.18022280931472778
7430937600.0,0.15117217600345612
7431875072.0,0.12062737345695496
7432812544.0,0.08853018283843994
7433750016.0,0.05617447569966316
7434687488.0,0.023873357102274895
7435624960.0,-0.007909689098596573
7436562432.0,-0.04036135599017143
7437499904.0,-0.0719914436340332
7438437376.0,-0.10165978223085403
7439374848.0,-0.13026949763298035
7440312320.0,-0.1590924710035324
7441249792.0,-0.18694086372852325
7442187264.0,-0.2146797925233841
7443125248.0,-0.23745304346084595
7444062720.0,0.01985866390168667
7445000192.0,0.004417995922267437
7445937664.0,-0.01346640009433031
7446875136.0,-0.029591867700219154
7447812608.0,-0.046381037682294846
7448750080.0,-0.06337844580411911
7449687552.0,-0.07745584100484848
7450625024.0,-0.09407715499401093
7451562496.0,-0.10684573650360107
7452499968.0,-0.11851975321769714
7453437440.0,-0.1278243362903595
7454374912.0,-0.1361187845468521
7455312384.0,-0.14154349267482758
7456249856.0,-0.14567831158638
7457187328.0,-0.14639374613761902
7458124800.0,-0.14472320675849915
7459062272.0,-0.14372506737709045
7459999744.0,-0.138636976480484
7460937728.0,-0.1324785202741623
7461875200.0,-0.1239447146654129
7462812672.0,-0.11476653069257736
7463750144.0,-0.10366743057966232
7464687616.0,-0.09243109077215195
7465625088.0,-0.08310699462890625
7466562560.0,-0.07467950880527496
7467500032.0,-0.06556869298219681
7468437504.0,-0.057410355657339096
7469374976.0,-0.051287680864334106
7470312448.0,-0.043123647570610046
7471249920.0,-0.03774378448724747
7472187392.0,-0.033329077064991
7473124864.0,-0.030150484293699265
7474062336.0,-0.028828145936131477
7474999808.0,-0.029308393597602844
7475937280.0,-0.03005269169807434
7476874752.0,-0.032911304384469986
7477812736.0,-0.038604918867349625
7478750208.0,-0.04451887309551239
7479687680.0,-0.05198558419942856
7480625152.0,-0.06087604910135269
7481562624.0,-0.0704353004693985
7482500096.0,-0.08135780692100525
7483437568.0,-0.09224618971347809
7484375040.0,-0.10451605916023254
7485312512.0,-0.11726891249418259
7486249984.0,-0.12833751738071442
7487187456.0,-0.13992613554000854
7488124928.0,-0.15169347822666168
7489062400.0,-0.1613014042377472
7489999872.0,-0.16942808032035828
7490937344.0,-0.17652004957199097
7491874816.0,-0.18116392195224762
7492812288.0,-0.18343140184879303
7493749760.0,-0.18418103456497192
7494687744.0,-0.18394775688648224
7495625216.0,-0.18123158812522888
7496562688.0,-0.17627489566802979
7497500160.0,-0.17133964598178864
7498437632.0,-0.16377410292625427
7499375104.0,-0.15405680239200592
7500312576.0,-0.1441192775964737
7501250048.0,-0.13489606976509094
7502187520.0,-0.12440568953752518
7503124992.0,-0.11247803270816803
7504062464.0,-0.08295154571533203
7504999936.0,-0.05640348419547081
7505937408.0,-0.03596913814544678
7506874880.0,-0.017298053950071335
7507812352.0,-0.0029800133779644966
7508749824.0,0.008228668011724949
7509687296.0,0.014537920244038105
7510624768.0,0.018245089799165726
7511562752.0,0.017034316435456276
7512500224.0,0.011886656284332275
7513437696.0,0.0046813166700303555
7514375168.0,-0.006629958748817444
7515312640.0,-0.02001103013753891
7516250112.0,-0.03550826013088226
7517187584.0,-0.04917345941066742
7518125056.0,-0.06384467333555222
7519062528.0,-0.08008717000484467
7520000000.0,-0.0951518565416336
7520937472.0,-0.11103463172912598
7521874944.0,-0.12382428348064423
7522812416.0,-0.1359044909477234
7523749888.0,-0.14541353285312653
7524687360.0,-0.1524772047996521
7525624832.0,-0.1570747047662735
7526562304.0,-0.15778198838233948
7527499776.0,-0.15690454840660095
7528437248.0,-0.1539623737335205
7529375232.0,-0.14692004024982452
7530312704.0,-0.13801634311676025
7531250176.0,-0.12664321064949036
7532187648.0,-0.11370212584733963
7533125120.0,-0.10011239349842072
7534062592.0,-0.0866718590259552
7535000064.0,-0.07297574728727341
7535937536.0,-0.05946611985564232
7536875008.0,-0.04606800153851509
7537812480.0,-0.036097072064876556
7538749952.0,-0.027294358238577843
7539687424.0,-0.021499838680028915
7540624896.0,-0.018802396953105927
7541562368.0,-0.021536733955144882
7542499840.0,-0.02488105185329914
7543437312.0,-0.03285902738571167
7544374784.0,-0.04438358172774315
7545312256.0,-0.06142568588256836
7546250240.0,-0.08198053389787674
7547187712.0,-0.10520830005407333
7548125184.0,-0.1315576583147049
7549062656.0,-0.16098076105117798
7550000128.0,-0.19114196300506592
7550937600.0,-0.22150351107120514
7551875072.0,-0.25141119956970215
7552812544.0,-0.27811184525489807
7553750016.0,-0.3040902316570282
7554687488.0,-0.32655027508735657
7555624960.0,-0.3455886244773865
7556562432.0,-0.3635893166065216
7557499904.0,-0.3785820007324219
7558437376.0,-0.3925738036632538
7559374848.0,-0.40516749024391174
7560312320.0,-0.41708511114120483
7561249792.0,-0.42889124155044556
7562187264.0,-0.4394644796848297
7563125248.0,-0.4515223205089569
7564062720.0,-0.4334397315979004
7565000192.0,-0.4189784824848175
7565937664.0,-0.4008963704109192
7566875136.0,-0.38169145584106445
7567812608.0,-0.35921943187713623
7568750080.0,-0.33415859937667847
7569687552.0,-0.3079240918159485
7570625024.0,-0.28066524863243103
7571562496.0,-0.2537122964859009
7572499968.0,-0.2255672812461853
7573437440.0,-0.19810698926448822
7574374912.0,-0.1689409762620926
7575312384.0,-0.14156630635261536
7576249856.0,-0.11439678817987442
7577187328.0,-0.08731839805841446
7578124800.0,-0.06309830397367477
7579062272.0,-0.038974352180957794
7580000256.0,-0.017002470791339874
7580937728.0,0.003074831794947386
7581875200.0,0.020691903308033943
7582812672.0,0.036826811730861664
7583750144.0,0.05018741637468338
7584687616.0,0.06126982718706131
7585625088.0,0.07022297382354736
7586562560.0,0.07753515988588333
7587500032.0,0.08015298843383789
7588437504.0,0.08279046416282654
7589374976.0,0.08147381991147995
7590312448.0,0.07755997776985168
7591249920.0,0.07244985550642014
7592187392.0,0.06529095768928528
7593124864.0,0.05695844069123268
7594062336.0,0.04705337435007095
7594999808.0,0.03489108011126518
7595937280.0,0.021984541788697243
7596874752.0,0.008281570859253407
7597812736.0,-0.008405858650803566
7598750208.0,-0.025380661711096764
7599687680.0,-0.04148734733462334
7600625152.0,-0.06096622720360756
7601562624.0,-0.0784209668636322
7602500096.0,-0.09780194610357285
7603437568.0,-0.11598864197731018
7604375040.0,-0.13293348252773285
7605312512.0,-0.15055985748767853
7606249984.0,-0.16717113554477692
7607187456.0,-0.18248029053211212
7608124928.0,-0.19687674939632416
7609062400.0,-0.21043945848941803
7609999872.0,-0.22178730368614197
7610937344.0,-0.23213310539722443
7611874816.0,-0.241069495677948
7612812288.0,-0.2493745982646942
7613749760.0,-0.255808025598526
7614687744.0,-0.2601494789123535
7615625216.0,-0.2641178071498871
7616562688.0,-0.2661740183830261
7617500160.0,-0.26748016476631165
7618437632.0,-0.27034488320350647
7619375104.0,-0.2746085822582245
7620312576.0,-0.27789753675460815
7621250048.0,-0.2813388407230377
7622187520.0,-0.28393369913101196
7623124992.0,-0.2860497832298279
7624062464.0,-0.28363582491874695
7624999936.0,-0.2896864712238312
7625937408.0,-0.29259029030799866
7626874880.0,-0.2931811511516571
7627812352.0,-0.29210978746414185
7628749824.0,-0.28834983706474304
7629687296.0,-0.28465983271598816
7630624768.0,-0.2775097191333771
7631562752.0,-0.2705313563346863
7632500224.0,-0.2606639862060547
7633437696.0,-0.24863307178020477
7634375168.0,-0.23770985007286072
7635312640.0,-0.22556465864181519
7636250112.0,-0.21265585720539093
7637187584.0,-0.1996559202671051
7638125056.0,-0.1864238828420639
7639062528.0,-0.17381180822849274
7640000000.0,-0.16173794865608215
7640937472.0,-0.1493225246667862
7641874944.0,-0.1388702094554901
7642812416.0,-0.12844295799732208
7643749888.0,-0.12041614204645157
7644687360.0,-0.11619296669960022
7645624832.0,-0.11296427994966507
7646562304.0,-0.11028353869915009
7647499776.0,-0.11063263565301895
7648437248.0,-0.10907737165689468
7649375232.0,-0.1101524606347084
7650312704.0,-0.1127382144331932
7651250176.0,-0.11568678170442581
7652187648.0,-0.12035004794597626
7653125120.0,-0.12686344981193542
7654062592.0,-0.13319367170333862
7655000064.0,-0.1403418928384781
7655937536.0,-0.14685308933258057
7656875008.0,-0.15565256774425507
7657812480.0,-0.1635848730802536
7658749952.0,-0.17161190509796143
7659687424.0,-0.18065324425697327
7660624896.0,-0.18939344584941864
7661562368.0,-0.1981135755777359
7662499840.0,-0.20475424826145172
7663437312.0,-0.21346206963062286
7664374784.0,-0.21969151496887207
7665312256.0,-0.2258337140083313
7666250240.0,-0.23132973909378052
7667187712.0,-0.236498162150383
7668125184.0,-0.24037310481071472
7669062656.0,-0.24234625697135925
7670000128.0,-0.24320724606513977
7670937600.0,-0.24357916414737701
7671875072.0,-0.24179548025131226
7672812544.0,-0.24074949324131012
7673750016.0,-0.23661468923091888
7674687488.0,-0.23186491429805756
7675624960.0,-0.2267451286315918
7676562432.0,-0.21951238811016083
7677499904.0,-0.21335291862487793
7678437376.0,-0.20534968376159668
7679374848.0,-0.19696074724197388
7680312320.0,-0.18874132633209229
7681249792.0,-0.17918190360069275
7682187264.0,-0.16943980753421783
7683125248.0,-0.1610591858625412
7684062720.0,0.07695280760526657
7685000192.0,0.08959738165140152
7685937664.0,0.09953465312719345
7686875136.0,0.10749537497758865
7687812608.0,0.11271286755800247
7688750080.0,0.11525098979473114
7689687552.0,0.11482532322406769
7690625024.0,0.11125008016824722
7691562496.0,0.10671945661306381
7692499968.0,0.0981992706656456
7693437440.0,0.08801312744617462
7694374912.0,0.0756208673119545
7695312384.0,0.060933299362659454
7696249856.0,0.04300956055521965
7697187328.0,0.023184332996606827
7698124800.0,0.0012728400761261582
7699062272.0,-0.021062904968857765
7699999744.0,-0.045407410711050034
7700937728.0,-0.06915096193552017
7701875200.0,-0.09333410859107971
7702812672.0,-0.11767157167196274
7703750144.0,-0.1411459594964981
7704687616.0,-0.16449561715126038
7705625088.0,-0.1864209920167923
7706562560.0,-0.2060198336839676
7707500032.0,-0.2260739803314209
7708437504.0,-0.24196749925613403
7709374976.0,-0.25791534781455994
7710312448.0,-0.27121344208717346
7711249920.0,-0.2839513421058655
7712187392.0,-0.2931262254714966
7713124864.0,-0.30066168308258057
7714062336.0,-0.30762651562690735
7714999808.0,-0.3128540813922882
7715937280.0,-0.31594452261924744
7716874752.0,-0.31684795022010803
7717812736.0,-0.31730949878692627
7718750208.0,-0.31568798422813416
7719687680.0,-0.3123287260532379
7720625152.0,-0.30738651752471924
7721562624.0,-0.3008093535900116
7722500096.0,-0.2942495346069336
7723437568.0,-0.28591516613960266
7724375040.0,-0.2788928151130676
7725312512.0,-0.27027544379234314
7726249984.0,-0.2622411251068115
7727187456.0,-0.2545884847640991
7728124928.0,-0.24639102816581726
7729062400.0,-0.23984970152378082
7729999872.0,-0.2328263223171234
7730937344.0,-0.22655539214611053
7731874816.0,-0.2200402319431305
7732812288.0,-0.21490409970283508
7733749760.0,-0.21064211428165436
7734687744.0,-0.20617565512657166
7735625216.0,-0.20435978472232819
7736562688.0,-0.20152007043361664
7737500160.0,-0.1994027942419052
7738437632.0,-0.20004159212112427
7739375104.0,-0.2000800371170044
7740312576.0,-0.2019370198249817
7741250048.0,-0.2050183117389679
7742187520.0,-0.20876547694206238
7743124992.0,-0.21426410973072052
7744062464.0,-0.17514970898628235
7744999936.0,-0.13909541070461273
7745937408.0,-0.10022883862257004
7746874880.0,-0.05953840911388397
7747812352.0,-0.020460989326238632
7748749824.0,0.01658540777862072
7749687296.0,0.05134529620409012
7750624768.0,0.08447384089231491
7751562752.0,0.11500551551580429
7752500224.0,0.14148089289665222
7753437696.0,0.16577887535095215
7754375168.0,0.18609602749347687
7755312640.0,0.20249681174755096
7756250112.0,0.21485300362110138
7757187584.0,0.22408844530582428
7758125056.0,0.23168811202049255
7759062528.0,0.2332189679145813
7760000000.0,0.23266486823558807
7760937472.0,0.23054639995098114
7761874944.0,0.22338168323040009
7762812416.0,0.21405640244483948
7763749888.0,0.20246213674545288
7764687360.0,0.18880197405815125
7765624832.0,0.1721063256263733
7766562304.0,0.15652111172676086
7767499776.0,0.13718773424625397
7768437248.0,0.11692051589488983
7769375232.0,0.09613984823226929
7770312704.0,0.07518509775400162
7771250176.0,0.05368411913514137
7772187648.0,0.03253333270549774
7773125120.0,0.012607242912054062
7774062592.0,-0.00841551274061203
7775000064.0,-0.028754577040672302
7775937536.0,-0.048617761582136154
7776875008.0,-0.06763400882482529
7777812480.0,-0.08650347590446472
7778749952.0,-0.10370201617479324
7779687424.0,-0.1198783665895462
7780624896.0,-0.13697470724582672
7781562368.0,-0.1514451950788498
7782499840.0,-0.16547414660453796
7783437312.0,-0.17839182913303375
7784374784.0,-0.19003595411777496
7785312256.0,-0.20020386576652527
7786250240.0,-0.20964768528938293
7787187712.0,-0.2191847413778305
7788125184.0,-0.22935646772384644
7789062656.0,-0.23501335084438324
7790000128.0,-0.24181769788265228
7790937600.0,-0.24884049594402313
7791875072.0,-0.25399065017700195
7792812544.0,-0.2595267593860626
7793750016.0,-0.2641591727733612
7794687488.0,-0.26739048957824707
7795624960.0,-0.2695350646972656
7796562432.0,-0.27400442957878113
7797499904.0,-0.2785543203353882
7798437376.0,-0.28350600600242615
7799374848.0,-0.28638026118278503
7800312320.0,-0.28831222653388977
7801249792.0,-0.288855642080307
7802187264.0,-0.2877451181411743
7803125248.0,-0.28344741463661194
7804062720.0,-0.2643735408782959
7805000192.0,-0.25450295209884644
7805937664.0,-0.2431667447090149
7806875136.0,-0.23096661269664764
7807812608.0,-0.2190900295972824
7808750080.0,-0.2056436687707901
7809687552.0,-0.19227567315101624
7810625024.0,-0.1777285784482956
7811562496.0,-0.16340948641300201
7812499968.0,-0.1483849585056305
7813437440.0,-0.13264016807079315
7814374912.0,-0.11648605018854141
7815312384.0,-0.09992136806249619
7816249856.0,-0.08399075269699097
7817187328.0,-0.06705593317747116
7818124800.0,-0.05172913521528244
7819062272.0,-0.03550976514816284
7820000256.0,-0.019493617117404938
7820937728.0,-0.004300575237721205
7821875200.0,0.010161071084439754
7822812672.0,0.019007880240678787
7823750144.0,0.029092947021126747
7824687616.0,0.0383143275976181
7825625088.0,0.046818364411592484
7826562560.0,0.0545930452644825
7827500032.0,0.06055091321468353
7828437504.0,0.06646285951137543
7829374976.0,0.07079671323299408
7830312448.0,0.07582242041826248
7831249920.0,0.07831472903490067
7832187392.0,0.08170358091592789
7833124864.0,0.08462464809417725
7834062336.0,0.08589490503072739
7834999808.0,0.08778193593025208
7835937280.0,0.08826801925897598
7836874752.0,0.0887453630566597
7837812736.0,0.08928974717855453
7838750208.0,0.08981039375066757
7839687680.0,0.08986052125692368
7840625152.0,0.08909905701875687
7841562624.0,0.08876903355121613
7842500096.0,0.0883004292845726
7843437568.0,0.08726919442415237
7844375040.0,0.0866953581571579
7845312512.0,0.08555411547422409
7846249984.0,0.08398115634918213
7847187456.0,0.08188308775424957
7848124928.0,0.07816183567047119
7849062400.0,0.07271213829517365
7849999872.0,0.06801213324069977
7850937344.0,0.06245722249150276
7851874816.0,0.05666801705956459
7852812288.0,0.04982888326048851
7853749760.0,0.042242683470249176
7854687744.0,0.034452397376298904
7855625216.0,0.026153260841965675
7856562688.0,0.016225315630435944
7857500160.0,0.007509618066251278
7858437632.0,-0.001581322867423296
7859375104.0,-0.011648956686258316
7860312576.0,-0.02153758332133293
7861250048.0,-0.03301633149385452
7862187520.0,-0.04341396689414978
7863124992.0,-0.054238997399806976
7864062464.0,0.048148322850465775
7864999936.0,0.03857849910855293
7865937408.0,0.031236805021762848
7866874880.0,0.02248326875269413
7867812352.0,0.015216766856610775
7868749824.0,0.00872595515102148
7869687296.0,0.003043700708076358
7870624768.0,-0.0007935047033242881
7871562752.0,-0.005722447764128447
7872500224.0,-0.00915764831006527
7873437696.0,-0.015785571187734604
7874375168.0,-0.021393345668911934
7875312640.0,-0.028088010847568512
7876250112.0,-0.03613116592168808
7877187584.0,-0.04357336461544037
7878125056.0,-0.05095655471086502
7879062528.0,-0.060498885810375214
7880000000.0,-0.07028502225875854
7880937472.0,-0.08101289719343185
7881874944.0,-0.09375184029340744
7882812416.0,-0.10643161088228226
7883749888.0,-0.12261845916509628
7884687360.0,-0.1377079337835312
7885624832.0,-0.15556380152702332
7886562304.0,-0.17576885223388672
7887499776.0,-0.1960505247116089
7888437248.0,-0.2183777391910553
7889375232.0,-0.24219655990600586
7890312704.0,-0.26579007506370544
7891250176.0,-0.2909398376941681
7892187648.0,-0.3155653476715088
7893125120.0,-0.34072571992874146
7894062592.0,-0.3658060133457184
7895000064.0,-0.39014846086502075
7895937536.0,-0.41322997212409973
7896875008.0,-0.43503516912460327
7897812480.0,-0.4553207755088806
7898749952.0,-0.47351711988449097
7899687424.0,-0.48718881607055664
7900624896.0,-0.4993917942047119
7901562368.0,-0.5098139643669128
7902499840.0,-0.5158886313438416
7903437312.0,-0.5184209942817688
7904374784.0,-0.5195280909538269
7905312256.0,-0.5174877643585205
7906250240.0,-0.5119253993034363
7907187712.0,-0.5033817887306213
7908125184.0,-0.4917324185371399
7909062656.0,-0.4782131612300873
7910000128.0,-0.4612395763397217
7910937600.0,-0.44270238280296326
7911875072.0,-0.4216154217720032
7912812544.0,-0.39773106575012207
7913750016.0,-0.37350860238075256
7914687488.0,-0.34576618671417236
7915624960.0,-0.3176417350769043
7916562432.0,-0.28786689043045044
7917499904.0,-0.2577057182788849
7918437376.0,-0.2258848398923874
7919374848.0,-0.19630929827690125
7920312320.0,-0.16568435728549957
7921249792.0,-0.13452525436878204
7922187264.0,-0.10552705824375153
7923125248.0,-0.07704834640026093
7924062720.0,0.06226847320795059
7925000192.0,0.08246198296546936
7925937664.0,0.10179390758275986
7926875136.0,0.11785849928855896
7927812608.0,0.13262677192687988
7928750080.0,0.1442187875509262
7929687552.0,0.15261945128440857
7930625024.0,0.15882441401481628
7931562496.0,0.1620710790157318
7932499968.0,0.16468094289302826
7933437440.0,0.16398797929286957
7934374912.0,0.16039101779460907
7935312384.0,0.1545591652393341
7936249856.0,0.1479661464691162
7937187328.0,0.13828594982624054
7938124800.0,0.12775668501853943
7939062272.0,0.11575654149055481
7939999744.0,0.10082253813743591
7940937728.0,0.08578214794397354
7941875200.0,0.06883887201547623
7942812672.0,0.05158243328332901
7943750144.0,0.033271364867687225
7944687616.0,0.012388069182634354
7945625088.0,-0.007553057745099068
7946562560.0,-0.029788855463266373
7947500032.0,-0.05188654363155365
7948437504.0,-0.07555415481328964
7949374976.0,-0.0970589891076088
7950312448.0,-0.1187402755022049
7951249920.0,-0.140067458152771
7952187392.0,-0.16165320575237274
7953124864.0,-0.18498478829860687
7954062336.0,-0.20641711354255676
7954999808.0,-0.22861239314079285
7955937280.0,-0.24993327260017395
7956874752.0,-0.2717802822589874
7957812736.0,-0.2932404577732086
7958750208.0,-0.3136235475540161
7959687680.0,-0.33471646904945374
7960625152.0,-0.35433587431907654
7961562624.0,-0.3742806613445282
7962500096.0,-0.39212316274642944
7963437568.0,-0.4102334976196289
7964375040.0,-0.4260454773902893
7965312512.0,-0.4429837465286255
7966249984.0,-0.4574238359928131
7967187456.0,-0.4718601107597351
7968124928.0,-0.48473483324050903
7969062400.0,-0.49465155601501465
7969999872.0,-0.504085898399353
7970937344.0,-0.5112578272819519
7971874816.0,-0.5181186199188232
7972812288.0,-0.5216587781906128
7973749760.0,-0.522925853729248
7974687744.0,-0.5228736400604248
7975625216.0,-0.521345853805542
7976562688.0,-0.5183783173561096
7977500160.0,-0.5124179720878601
7978437632.0,-0.5036145448684692
7979375104.0,-0.49387380480766296
7980312576.0,-0.48151370882987976
7981250048.0,-0.4663545787334442
7982187520.0,-0.44964686036109924
7983124992.0,-0.4309275448322296
7984062464.0,-0.4089156687259674
7984999936.0,-0.3940204381942749
7985937408.0,-0.3773938715457916
7986874880.0,-0.36229944229125977
7987812352.0,-0.34452253580093384
7988749824.0,-0.3259694278240204
7989687296.0,-0.3063949942588806
7990624768.0,-0.2870035767555237
7991562752.0,-0.2659275531768799
7992500224.0,-0.2450333833694458
7993437696.0,-0.2248317301273346
7994375168.0,-0.20385731756687164
7995312640.0,-0.1852925568819046
7996250112.0,-0.16485269367694855
7997187584.0,-0.14522762596607208
7998125056.0,-0.12564292550086975
7999062528.0,-0.10775033384561539
8000000000.0,-0.08971099555492401
