Frequency (Hz),Measurement
2000000000.0,0.19183596968650818
2000937472.0,0.18424855172634125
2001874944.0,0.1757897138595581
2002812544.0,0.16721826791763306
2003750016.0,0.1575131118297577
2004687488.0,0.1471909135580063
2005624960.0,0.13638935983181
2006562560.0,0.12401299923658371
2007500032.0,0.11210697144269943
2008437504.0,0.09924551844596863
2009374976.0,0.08712513744831085
2010312448.0,0.07365916669368744
2011250048.0,0.05990033969283104
2012187520.0,0.04506558179855347
2013124992.0,0.03011384792625904
2014062464.0,0.01652318239212036
2015000064.0,0.0024858724791556597
2015937536.0,-0.012020282447338104
2016875008.0,-0.025019336491823196
2017812480.0,-0.03833490610122681
2018749952.0,-0.05016986280679703
2019687552.0,-0.06076376885175705
2020625024.0,-0.07281804829835892
2021562496.0,-0.08130242675542831
2022499968.0,-0.0899365246295929
2023437440.0,-0.09679771214723587
2024375040.0,-0.10235676914453506
2025312512.0,-0.10737394541501999
2026249984.0,-0.1094871312379837
2027187456.0,-0.11090528219938278
2028125056.0,-0.11096270382404327
2029062528.0,-0.10905643552541733
2030000000.0,-0.10509706288576126
2030937472.0,-0.10045354068279266
2031874944.0,-0.0944599062204361
2032812544.0,-0.0865553766489029
2033750016.0,-0.07715312391519547
2034687488.0,-0.06740643084049225
2035624960.0,-0.05675305798649788
2036562560.0,-0.04458637908101082
2037500032.0,-0.03202313929796219
2038437504.0,-0.0183862317353487
2039374976.0,-0.0043231165036559105
2040312448.0,0.01003651600331068
2041250048.0,0.023583317175507545
2042187520.0,0.038176070898771286
2043124992.0,0.052180465310811996
2044062464.0,0.06494881212711334
2044999936.0,0.07841122895479202
2045937536.0,0.09040769189596176
2046875008.0,0.10151223838329315
2047812480.0,0.11137161403894424
2048749952.0,0.11011231690645218
2049687552.0,0.11802560091018677
2050625024.0,0.1242893859744072
2051562496.0,0.13050180673599243
2052499968.0,0.13438324630260468
2053437440.0,0.13617563247680664
2054375040.0,0.13600461184978485
2055312512.0,0.13400810956954956
2056249984.0,0.1289006620645523
2057187456.0,0.12314677983522415
2058125056.0,0.11472250521183014
2059062528.0,0.10418538004159927
2060000000.0,0.09221787750720978
2060937472.0,0.07786155492067337
2061874944.0,0.06431923061609268
2062812544.0,0.048130642622709274
2063750016.0,0.030737202614545822
2064687488.0,0.013455133885145187
2065624960.0,-0.004743973724544048
2066562560.0,-0.02155839093029499
2067500032.0,-0.03877668455243111
2068437504.0,-0.05593021214008331
2069374976.0,-0.07160519063472748
2070312448.0,-0.08651486784219742
2071250048.0,-0.09916707873344421
2072187520.0,-0.1106225922703743
2073124992.0,-0.12056457996368408
2074062464.0,-0.12889644503593445
2075000064.0,-0.13429200649261475
2075937536.0,-0.13756878674030304
2076875008.0,-0.13955095410346985
2077812480.0,-0.13852643966674805
2078749952.0,-0.1363547444343567
2079687552.0,-0.13173852860927582
2080625024.0,-0.12551265954971313
2081562496.0,-0.11796721071004868
2082499968.0,-0.10888316482305527
2083437440.0,-0.09941139817237854
2084375040.0,-0.08757355809211731
2085312512.0,-0.07462244480848312
2086249984.0,-0.06359139084815979
2087187456.0,-0.04983038827776909
2088125056.0,-0.037953995168209076
2089062528.0,-0.025523699820041656
2090000000.0,-0.01336950808763504
2090937472.0,-0.002023991895839572
2091874944.0,0.00813482329249382
2092812544.0,0.018699856474995613
2093750016.0,0.028309127315878868
2094687488.0,0.036747485399246216
2095624960.0,0.044285740703344345
2096562560.0,0.051060751080513
2097500032.0,0.05710020288825035
2098437504.0,0.061907362192869186
2099374976.0,0.0677616223692894
2100312448.0,0.07241560518741608
2101250048.0,0.0771486833691597
2102187520.0,0.08133465051651001
2103124992.0,0.08677048981189728
2104062464.0,0.09079794585704803
2104999936.0,0.09604460000991821
2105937536.0,0.10059712827205658
2106875008.0,0.10569745302200317
2107812480.0,0.10963137447834015
2108749952.0,0.14020216464996338
2109687552.0,0.14730750024318695
2110625024.0,0.1528802365064621
2111562496.0,0.1585942953824997
2112499968.0,0.16219240427017212
2113437440.0,0.16539284586906433
2114375040.0,0.16738402843475342
2115312512.0,0.1679724007844925
2116249984.0,0.16721484065055847
2117187456.0,0.16485613584518433
2118125056.0,0.1610364317893982
2119062528.0,0.1564398556947708
2120000000.0,0.15139956772327423
2120937472.0,0.14372263848781586
2121874944.0,0.13446718454360962
2122812544.0,0.12580375373363495
2123750016.0,0.1145002543926239
2124687488.0,0.10319723188877106
2125624960.0,0.09133254736661911
2126562560.0,0.07805588841438293
2127500032.0,0.06521128118038177
2128437504.0,0.051804929971694946
2129374976.0,0.03699728846549988
2130312448.0,0.02403087355196476
2131250048.0,0.009776376187801361
2132187520.0,-0.0032509963493794203
2133124992.0,-0.014886569231748581
2134062464.0,-0.026764504611492157
2135000064.0,-0.03761264309287071
2135937536.0,-0.047468431293964386
2136875008.0,-0.05451805889606476
2137812480.0,-0.06159739941358566
2138749952.0,-0.06813060492277145
2139687552.0,-0.07168468832969666
2140625024.0,-0.07446463406085968
2141562496.0,-0.07577704638242722
2142499968.0,-0.07640523463487625
2143437440.0,-0.07498461753129959
2144375040.0,-0.07197214663028717
2145312512.0,-0.06869940459728241
2146249984.0,-0.06303352117538452
2147187456.0,-0.05670451372861862
2148124928.0,-0.04893820732831955
2149062400.0,-0.04204702377319336
2150000128.0,-0.033855877816677094
2150937600.0,-0.02463407628238201
2151875072.0,-0.015965238213539124
2152812544.0,-0.006348228082060814
2153750016.0,0.0029763788916170597
2154687488.0,0.01230478286743164
2155624960.0,0.021126296371221542
2156562432.0,0.028962422162294388
2157499904.0,0.038746245205402374
2158437376.0,0.04580378532409668
2159375104.0,0.05316006392240524
2160312576.0,0.058871299028396606
2161250048.0,0.06380422413349152
2162187520.0,0.06896974891424179
2163124992.0,0.0725623071193695
2164062464.0,0.07598166167736053
2164999936.0,0.07906889915466309
2165937408.0,0.08250556141138077
2166874880.0,0.08364192396402359
2167812608.0,0.08514832705259323
2168750080.0,0.1573111116886139
2169687552.0,0.15867893397808075
2170625024.0,0.15856494009494781
2171562496.0,0.15685507655143738
2172499968.0,0.15266336500644684
2173437440.0,0.1474866420030594
2174374912.0,0.1411096155643463
2175312384.0,0.13274410367012024
2176250112.0,0.12393830716609955
2177187584.0,0.11381784826517105
2178125056.0,0.10243700444698334
2179062528.0,0.09049010276794434
2180000000.0,0.07790518552064896
2180937472.0,0.06483161449432373
2181874944.0,0.05148034915328026
2182812416.0,0.03826142102479935
2183749888.0,0.024972543120384216
2184687616.0,0.011613229289650917
2185625088.0,-0.0022246181033551693
2186562560.0,-0.014841006137430668
2187500032.0,-0.0277127455919981
2188437504.0,-0.03816031292080879
2189374976.0,-0.04906294867396355
2190312448.0,-0.059847768396139145
2191249920.0,-0.06915894895792007
2192187392.0,-0.07850510627031326
2193125120.0,-0.08667803555727005
2194062592.0,-0.09382861852645874
2195000064.0,-0.09987567365169525
2195937536.0,-0.10491056740283966
2196875008.0,-0.1091434434056282
2197812480.0,-0.11213845759630203
2198749952.0,-0.11411590129137039
2199687424.0,-0.11526419222354889
2200624896.0,-0.11617407202720642
2201562624.0,-0.11548320949077606
2202500096.0,-0.11422397941350937
2203437568.0,-0.11356082558631897
2204375040.0,-0.11071844398975372
2205312512.0,-0.10808977484703064
2206249984.0,-0.10523993521928787
2207187456.0,-0.10130881518125534
2208124928.0,-0.09609097242355347
2209062400.0,-0.09351981431245804
2209999872.0,-0.08875449001789093
2210937600.0,-0.08362378925085068
2211875072.0,-0.07770216464996338
2212812544.0,-0.07118576020002365
2213750016.0,-0.06386878341436386
2214687488.0,-0.05694083869457245
2215624960.0,-0.04997905716300011
2216562432.0,-0.042230118066072464
2217499904.0,-0.03450067713856697
2218437376.0,-0.026052532717585564
2219375104.0,-0.017110271379351616
2220312576.0,-0.007531249895691872
2221250048.0,0.0006767390295863152
2222187520.0,0.01059388555586338
2223124992.0,0.02090182714164257
2224062464.0,0.02995363250374794
2224999936.0,0.039993077516555786
2225937408.0,0.04971877485513687
2226874880.0,0.05949762091040611
2227812608.0,0.06920051574707031
2228750080.0,0.07609402388334274
2229687552.0,0.08467542380094528
2230625024.0,0.09254850447177887
2231562496.0,0.1005811095237732
2232499968.0,0.10640274733304977
2233437440.0,0.11190950125455856
2234374912.0,0.11683635413646698
2235312384.0,0.11981835961341858
2236250112.0,0.12187023460865021
2237187584.0,0.12151403725147247
2238125056.0,0.11887446790933609
2239062528.0,0.11577838659286499
2240000000.0,0.1090378537774086
2240937472.0,0.10335518419742584
2241874944.0,0.09590529650449753
2242812416.0,0.08661530166864395
2243749888.0,0.07751055806875229
2244687616.0,0.06552073359489441
2245625088.0,0.053563788533210754
2246562560.0,0.041070446372032166
2247500032.0,0.028546858578920364
2248437504.0,0.013281254097819328
2249374976.0,-0.002100347075611353
2250312448.0,-0.018491830676794052
2251249920.0,-0.0352238193154335
2252187392.0,-0.05275970324873924
2253125120.0,-0.07121285796165466
2254062592.0,-0.08973857015371323
2255000064.0,-0.10874716192483902
2255937536.0,-0.12828826904296875
2256875008.0,-0.14738215506076813
2257812480.0,-0.16561105847358704
2258749952.0,-0.18480418622493744
2259687424.0,-0.20398615300655365
2260624896.0,-0.222630113363266
2261562624.0,-0.24083614349365234
2262500096.0,-0.25794947147369385
2263437568.0,-0.2744939625263214
2264375040.0,-0.290006160736084
2265312512.0,-0.3041336238384247
2266249984.0,-0.3182709217071533
2267187456.0,-0.3307618200778961
2268124928.0,-0.34159204363822937
2269062400.0,-0.35030680894851685
2270000128.0,-0.3579922616481781
2270937600.0,-0.364331990480423
2271875072.0,-0.36899450421333313
2272812544.0,-0.372676819562912
2273750016.0,-0.3729654550552368
2274687488.0,-0.3737231194972992
2275624960.0,-0.372096449136734
2276562432.0,-0.3696986436843872
2277499904.0,-0.3665561079978943
2278437376.0,-0.3605489730834961
2279375104.0,-0.3539997935295105
2280312576.0,-0.3459931015968323
2281250048.0,-0.3373022675514221
2282187520.0,-0.3282366991043091
2283124992.0,-0.3193420171737671
2284062464.0,-0.3092012405395508
2284999936.0,-0.29837530851364136
2285937408.0,-0.28703051805496216
2286874880.0,-0.2776744067668915
2287812608.0,-0.2683155834674835
2288750080.0,-0.28268131613731384
2289687552.0,-0.28486353158950806
2290625024.0,-0.2880181074142456
2291562496.0,-0.2919928729534149
2292499968.0,-0.2949862480163574
2293437440.0,-0.2995220720767975
2294374912.0,-0.30369123816490173
2295312384.0,-0.31019285321235657
2296250112.0,-0.3144806921482086
2297187584.0,-0.3226270377635956
2298125056.0,-0.3313753008842468
2299062528.0,-0.3425274193286896
2300000000.0,-0.3543536961078644
2300937472.0,-0.3677869141101837
2301874944.0,-0.38368603587150574
2302812416.0,-0.40087443590164185
2303749888.0,-0.420784592628479
2304687616.0,-0.4440663456916809
2305625088.0,-0.4680396020412445
2306562560.0,-0.4950709044933319
2307500032.0,-0.5257684588432312
2308437504.0,-0.5582219958305359
2309374976.0,-0.5894660353660583
2310312448.0,-0.6165657043457031
2311249920.0,-0.6434621810913086
2312187392.0,-0.6734164357185364
2313125120.0,-0.7036095857620239
2314062592.0,-0.7348665595054626
2315000064.0,-0.7670733332633972
2315937536.0,-0.8002485036849976
2316875008.0,-0.8348574638366699
2317812480.0,-0.8696656227111816
2318749952.0,-0.9036841988563538
2319687424.0,-0.9378401637077332
2320624896.0,-0.9713901877403259
2321562624.0,-1.0047465562820435
2322500096.0,-1.0355548858642578
2323437568.0,-1.0663831233978271
2324375040.0,-1.094586730003357
2325312512.0,-1.1210898160934448
2326249984.0,-1.1448523998260498
2327187456.0,-1.166589617729187
2328124928.0,-1.186157464981079
2329062400.0,-1.203401803970337
2329999872.0,-1.2180719375610352
2330937600.0,-1.2301660776138306
2331875072.0,-1.240373134613037
2332812544.0,-1.2476633787155151
2333750016.0,-1.2523202896118164
2334687488.0,-1.2547141313552856
2335624960.0,-1.2535730600357056
2336562432.0,-1.2513941526412964
2337499904.0,-1.2457858324050903
2338437376.0,-1.2400684356689453
2339375104.0,-1.2303556203842163
2340312576.0,-1.2198927402496338
2341250048.0,-1.2080752849578857
2342187520.0,-1.19525945186615
2343124992.0,-1.1814684867858887
2344062464.0,-1.1666669845581055
2344999936.0,-1.1507905721664429
2345937408.0,-1.134304165840149
2346874880.0,-1.118494987487793
2347812608.0,-1.1022714376449585
2348750080.0,-1.0718739032745361
2349687552.0,-1.060381531715393
2350625024.0,-1.0500224828720093
2351562496.0,-1.038864016532898
2352499968.0,-1.0293140411376953
2353437440.0,-1.019776701927185
2354374912.0,-1.0101234912872314
2355312384.0,-1.0029634237289429
2356250112.0,-0.9954439997673035
2357187584.0,-0.9905772805213928
2358125056.0,-0.9852444529533386
2359062528.0,-0.9831322431564331
2360000000.0,-0.9812401533126831
2360937472.0,-0.98188716173172
2361874944.0,-0.9831812977790833
2362812416.0,-0.9865784049034119
2363749888.0,-0.9899272918701172
2364687616.0,-0.9960027933120728
2365625088.0,-1.0026218891143799
2366562560.0,-1.011199712753296
2367500032.0,-1.0216835737228394
2368437504.0,-1.0314158201217651
2369374976.0,-1.041168212890625
2370312448.0,-1.0513601303100586
2371249920.0,-1.0617667436599731
2372187392.0,-1.0702061653137207
2373125120.0,-1.079347848892212
2374062592.0,-1.085675835609436
2375000064.0,-1.0893701314926147
2375937536.0,-1.092025876045227
2376875008.0,-1.0910890102386475
2377812480.0,-1.0867691040039062
2378749952.0,-1.0796761512756348
2379687424.0,-1.070261836051941
2380624896.0,-1.0559619665145874
2381562624.0,-1.0377837419509888
2382500096.0,-1.017774224281311
2383437568.0,-0.9936699271202087
2384375040.0,-0.9679827094078064
2385312512.0,-0.9390077590942383
2386249984.0,-0.9080867767333984
2387187456.0,-0.8748254179954529
2388124928.0,-0.8418862223625183
2389062400.0,-0.8064508438110352
2390000128.0,-0.7710263133049011
2390937600.0,-0.734973669052124
2391875072.0,-0.6992471814155579
2392812544.0,-0.6640034914016724
2393750016.0,-0.6280828714370728
2394687488.0,-0.5943683981895447
2395624960.0,-0.5605508685112
2396562432.0,-0.5284674763679504
2397499904.0,-0.4973578453063965
2398437376.0,-0.4660979211330414
2399375104.0,-0.43689483404159546
2400312576.0,-0.40814751386642456
2401250048.0,-0.37998446822166443
2402187520.0,-0.35318952798843384
2403124992.0,-0.3270036280155182
2404062464.0,-0.301722913980484
2404999936.0,-0.27652692794799805
2405937408.0,-0.25148269534111023
2406874880.0,-0.22794592380523682
2407812608.0,-0.20421084761619568
2408750080.0,-0.1306477040052414
2409687552.0,-0.10798925161361694
2410625024.0,-0.08621137589216232
2411562496.0,-0.06666925549507141
2412499968.0,-0.04816320165991783
2413437440.0,-0.03303389623761177
2414374912.0,-0.018747953698039055
2415312384.0,-0.007658061105757952
2416250112.0,0.0014667714713141322
2417187584.0,0.006400097627192736
2418125056.0,0.008567688055336475
2419062528.0,0.007452578749507666
2420000000.0,0.0027310133446007967
2420937472.0,-0.004681794438511133
2421874944.0,-0.014969753101468086
2422812416.0,-0.029552441090345383
2423749888.0,-0.04752201959490776
2424687616.0,-0.06746449321508408
2425625088.0,-0.0898083746433258
2426562560.0,-0.1145484521985054
2427500032.0,-0.1421348601579666
2428437504.0,-0.17052023112773895
2429374976.0,-0.20000998675823212
2430312448.0,-0.2303323596715927
2431249920.0,-0.25974947214126587
2432187392.0,-0.28887131810188293
2433125120.0,-0.3174596130847931
2434062592.0,-0.3449609875679016
2435000064.0,-0.36961278319358826
2435937536.0,-0.3925113081932068
2436875008.0,-0.41259750723838806
2437812480.0,-0.4292490780353546
2438749952.0,-0.4435722529888153
2439687424.0,-0.453967809677124
2440624896.0,-0.4613797068595886
2441562624.0,-0.46424996852874756
2442500096.0,-0.46439579129219055
2443437568.0,-0.4604250192642212
2444375040.0,-0.4525447487831116
2445312512.0,-0.44101881980895996
2446249984.0,-0.42753902077674866
2447187456.0,-0.4103051722049713
2448124928.0,-0.3897106349468231
2449062400.0,-0.3666544258594513
2449999872.0,-0.34167465567588806
2450937600.0,-0.3141382038593292
2451875072.0,-0.28467363119125366
2452812544.0,-0.2546977698802948
2453750016.0,-0.22229722142219543
2454687488.0,-0.1902650147676468
2455624960.0,-0.15692679584026337
2456562432.0,-0.1238643154501915
2457499904.0,-0.089879110455513
2458437376.0,-0.05737605690956116
2459375104.0,-0.02641083300113678
2460312576.0,0.006034683436155319
2461250048.0,0.03636009991168976
2462187520.0,0.06589721888303757
2463124992.0,0.09412548691034317
2464062464.0,0.1207176074385643
2464999936.0,0.14606747031211853
2465937408.0,0.17021462321281433
2466874880.0,0.19338297843933105
2467812608.0,0.2154611498117447
2468750080.0,0.12780770659446716
2469687552.0,0.14172443747520447
2470625024.0,0.15758168697357178
2471562496.0,0.17133894562721252
2472499968.0,0.18304961919784546
2473437440.0,0.192828968167305
2474374912.0,0.20081913471221924
2475312384.0,0.20701566338539124
2476250112.0,0.21130289137363434
2477187584.0,0.21322521567344666
2478125056.0,0.2134399712085724
2479062528.0,0.2117391973733902
2480000000.0,0.2094624638557434
2480937472.0,0.20366929471492767
2481874944.0,0.19564267992973328
2482812416.0,0.18598201870918274
2483749888.0,0.17468690872192383
2484687616.0,0.1616821438074112
2485625088.0,0.14771437644958496
2486562560.0,0.13129906356334686
2487500032.0,0.11445555835962296
2488437504.0,0.09611475467681885
2489374976.0,0.07693284749984741
2490312448.0,0.05754964053630829
2491249920.0,0.036055658012628555
2492187392.0,0.015974512323737144
2493125120.0,-0.004471214488148689
2494062592.0,-0.026660224422812462
2495000064.0,-0.047138385474681854
2495937536.0,-0.06609136611223221
2496875008.0,-0.08470030128955841
2497812480.0,-0.10199221223592758
2498749952.0,-0.11944516003131866
2499687424.0,-0.1345241814851761
2500624896.0,-0.14929239451885223
2501562624.0,-0.16108116507530212
2502500096.0,-0.17119745910167694
2503437568.0,-0.17910796403884888
2504375040.0,-0.18570023775100708
2505312512.0,-0.190085768699646
2506249984.0,-0.19314296543598175
2507187456.0,-0.19370760023593903
2508124928.0,-0.19323503971099854
2509062400.0,-0.1884290874004364
2510000128.0,-0.18306699395179749
2510937600.0,-0.17634683847427368
2511875072.0,-0.16644833981990814
2512812544.0,-0.1551859974861145
2513750016.0,-0.14372503757476807
2514687488.0,-0.1294863224029541
2515624960.0,-0.11413492262363434
2516562432.0,-0.09791680425405502
2517499904.0,-0.08178335428237915
2518437376.0,-0.06283697485923767
2519375104.0,-0.04458274319767952
2520312576.0,-0.02553080953657627
2521250048.0,-0.0065218000672757626
2522187520.0,0.01310934778302908
2523124992.0,0.03177415579557419
2524062464.0,0.05092482641339302
2524999936.0,0.06864906847476959
2525937408.0,0.08607632666826248
2526874880.0,0.1029333844780922
2527812608.0,0.11911012977361679
2528750080.0,0.17173312604427338
2529687552.0,0.177940234541893
2530625024.0,0.18196223676204681
2531562496.0,0.18628309667110443
2532499968.0,0.18852829933166504
2533437440.0,0.19065481424331665
2534374912.0,0.19244150817394257
2535312384.0,0.19292078912258148
2536250112.0,0.1915917992591858
2537187584.0,0.190225288271904
2538125056.0,0.18753476440906525
2539062528.0,0.18412946164608002
2540000000.0,0.1795891374349594
2540937472.0,0.17417603731155396
2541874944.0,0.1665017008781433
2542812416.0,0.1585937738418579
2543749888.0,0.1497625708580017
2544687616.0,0.1400427669286728
2545625088.0,0.12816089391708374
2546562560.0,0.11597063392400742
2547500032.0,0.10348165035247803
2548437504.0,0.08866798132658005
2549374976.0,0.0738888829946518
2550312448.0,0.05918704345822334
2551249920.0,0.04368523135781288
2552187392.0,0.026881957426667213
2553125120.0,0.011048197746276855
2554062592.0,-0.005551660433411598
2555000064.0,-0.020873982459306717
2555937536.0,-0.037386730313301086
2556875008.0,-0.052038609981536865
2557812480.0,-0.06762484461069107
2558749952.0,-0.080637626349926
2559687424.0,-0.09328615665435791
2560624896.0,-0.10532370209693909
2561562624.0,-0.11526799947023392
2562500096.0,-0.12332147359848022
2563437568.0,-0.12896759808063507
2564375040.0,-0.13386964797973633
2565312512.0,-0.13752534985542297
2566249984.0,-0.1389983594417572
2567187456.0,-0.13797181844711304
2568124928.0,-0.13516923785209656
2569062400.0,-0.12971770763397217
2569999872.0,-0.12404298782348633
2570937600.0,-0.11522215604782104
2571875072.0,-0.10546005517244339
2572812544.0,-0.09345322847366333
2573750016.0,-0.07962662726640701
2574687488.0,-0.06451962888240814
2575624960.0,-0.0479883998632431
2576562432.0,-0.031177110970020294
2577499904.0,-0.012345845811069012
2578437376.0,0.00705442950129509
2579375104.0,0.02692200429737568
2580312576.0,0.04758710414171219
2581250048.0,0.06838735193014145
2582187520.0,0.08772917836904526
2583124992.0,0.10723403096199036
2584062464.0,0.12654106318950653
2584999936.0,0.14489971101284027
2585937408.0,0.16167987883090973
2586874880.0,0.17771172523498535
2587812608.0,0.1912415474653244
2588750080.0,0.2159508317708969
2589687552.0,0.22398145496845245
2590625024.0,0.22992286086082458
2591562496.0,0.23339271545410156
2592499968.0,0.23346690833568573
2593437440.0,0.23255707323551178
2594374912.0,0.2287629395723343
2595312384.0,0.22310341894626617
2596250112.0,0.2151304930448532
2597187584.0,0.20575280487537384
2598125056.0,0.19321569800376892
2599062528.0,0.1805492490530014
2600000000.0,0.16609448194503784
2600937472.0,0.15012232959270477
2601874944.0,0.1345721185207367
2602812416.0,0.11741820722818375
2603749888.0,0.10075134038925171
2604687616.0,0.08223644644021988
2605625088.0,0.06515483558177948
2606562560.0,0.047569260001182556
2607500032.0,0.03147386386990547
2608437504.0,0.014929111115634441
2609374976.0,-0.0002555126848164946
2610312448.0,-0.015232563018798828
2611249920.0,-0.029437929391860962
2612187392.0,-0.041174400597810745
2613125120.0,-0.052762359380722046
2614062592.0,-0.06247108057141304
2615000064.0,-0.07080397754907608
2615937536.0,-0.078857421875
2616875008.0,-0.08558599650859833
2617812480.0,-0.09104210883378983
2618749952.0,-0.09439808130264282
2619687424.0,-0.0981183797121048
2620624896.0,-0.09951545298099518
2621562624.0,-0.10053092986345291
2622500096.0,-0.10163158923387527
2623437568.0,-0.1001066267490387
2624375040.0,-0.09831424057483673
2625312512.0,-0.09575439244508743
2626249984.0,-0.09251239150762558
2627187456.0,-0.08915406465530396
2628124928.0,-0.08456269651651382
2629062400.0,-0.07899127155542374
2630000128.0,-0.07303078472614288
2630937600.0,-0.06699100136756897
2631875072.0,-0.05973926559090614
2632812544.0,-0.052057188004255295
2633750016.0,-0.04261022061109543
2634687488.0,-0.0347868986427784
2635624960.0,-0.02458820678293705
2636562432.0,-0.013979709707200527
2637499904.0,-0.0020647095516324043
2638437376.0,0.010352774523198605
2639375104.0,0.022605938836932182
2640312576.0,0.03753463178873062
2641250048.0,0.05131235346198082
2642187520.0,0.06659658253192902
2643124992.0,0.08313525468111038
2644062464.0,0.09982385486364365
2644999936.0,0.11496854573488235
2645937408.0,0.13223223388195038
2646874880.0,0.1499616652727127
2647812608.0,0.22628861665725708
2648750080.0,0.23750968277454376
2649687552.0,0.2473926544189453
2650625024.0,0.2554360330104828
2651562496.0,0.26112401485443115
2652499968.0,0.2641889750957489
2653437440.0,0.264682799577713
2654374912.0,0.26337647438049316
2655312384.0,0.2584553360939026
2656250112.0,0.25041326880455017
2657187584.0,0.2134917825460434
2658125056.0,0.195941761136055
2659062528.0,0.17638492584228516
2660000000.0,0.15448695421218872
2660937472.0,0.13083666563034058
2661874944.0,0.10437703877687454
2662812416.0,0.07656373083591461
2663749888.0,0.04764226824045181
2664687616.0,0.018672553822398186
2665625088.0,-0.011563693173229694
2666562560.0,-0.0414506271481514
2667500032.0,-0.07000739127397537
2668437504.0,-0.09775340557098389
2669374976.0,-0.12458877265453339
2670312448.0,-0.1489158272743225
2671249920.0,-0.17085210978984833
2672187392.0,-0.19167432188987732
2673125120.0,-0.20864318311214447
2674062592.0,-0.2229647934436798
2675000064.0,-0.23460868000984192
2675937536.0,-0.24382735788822174
2676875008.0,-0.24985061585903168
2677812480.0,-0.25258398056030273
2678749952.0,-0.25195497274398804
2679687424.0,-0.24858322739601135
2680624896.0,-0.24307341873645782
2681562624.0,-0.23581525683403015
2682500096.0,-0.2252393513917923
2683437568.0,-0.21208572387695312
2684375040.0,-0.19759632647037506
2685312512.0,-0.1814725399017334
2686249984.0,-0.16426445543766022
2687187456.0,-0.14728803932666779
2688124928.0,-0.12847183644771576
2689062400.0,-0.10926955193281174
2689999872.0,-0.08898191899061203
2690937600.0,-0.0695963129401207
2691875072.0,-0.049914825707674026
2692812544.0,-0.02964233048260212
2693750016.0,-0.010350422002375126
2694687488.0,0.008489505387842655
2695624960.0,0.027745872735977173
2696562432.0,0.04577178880572319
2697499904.0,0.06421004235744476
2698437376.0,0.08171722292900085
2699375104.0,0.09902796149253845
2700312576.0,0.11635634303092957
2701250048.0,0.13235104084014893
2702187520.0,0.14843066036701202
2703124992.0,0.16324537992477417
2704062464.0,0.17976002395153046
2704999936.0,0.1941336691379547
2705937408.0,0.2080136239528656
2706874880.0,0.2218412160873413
2707812608.0,0.194325789809227
2708750080.0,0.2007674127817154
2709687552.0,0.20639455318450928
2710625024.0,0.2107003629207611
2711562496.0,0.21348221600055695
2712499968.0,0.2151893973350525
2713437440.0,0.2157692015171051
2714374912.0,0.21432116627693176
2715312384.0,0.21205388009548187
2716250112.0,0.2083667665719986
2717187584.0,0.20309019088745117
2718125056.0,0.19631533324718475
2719062528.0,0.18725678324699402
2720000000.0,0.17796412110328674
2720937472.0,0.1671060472726822
2721874944.0,0.1551855057477951
2722812416.0,0.1412208378314972
2723749888.0,0.12652669847011566
2724687616.0,0.11103039979934692
2725625088.0,0.09363950043916702
2726562560.0,0.07699374854564667
2727500032.0,0.05853940173983574
2728437504.0,0.04161131754517555
2729374976.0,0.022686459124088287
2730312448.0,0.0047720642760396
2731249920.0,-0.014331454411149025
2732187392.0,-0.03249549865722656
2733125120.0,-0.05037574842572212
2734062592.0,-0.06803540885448456
2735000064.0,-0.08474650979042053
2735937536.0,-0.10024730116128922
2736875008.0,-0.11510185152292252
2737812480.0,-0.12859176099300385
2738749952.0,-0.1409544050693512
2739687424.0,-0.15203197300434113
2740624896.0,-0.16142228245735168
2741562624.0,-0.17003174126148224
2742500096.0,-0.17539480328559875
2743437568.0,-0.17958015203475952
2744375040.0,-0.182591512799263
2745312512.0,-0.18364249169826508
2746249984.0,-0.18197448551654816
2747187456.0,-0.1798829436302185
2748124928.0,-0.1754990816116333
2749062400.0,-0.1686573475599289
2750000128.0,-0.1611679345369339
2750937600.0,-0.15183153748512268
2751875072.0,-0.14024798572063446
2752812544.0,-0.12772300839424133
2753750016.0,-0.11268221586942673
2754687488.0,-0.09764506667852402
2755624960.0,-0.08129406720399857
2756562432.0,-0.06473126262426376
2757499904.0,-0.0469365194439888
2758437376.0,-0.028887949883937836
2759375104.0,-0.009759697131812572
2760312576.0,0.009162466041743755
2761250048.0,0.02814417891204357
2762187520.0,0.04597006365656853
2763124992.0,0.06546784937381744
2764062464.0,0.08227730542421341
2764999936.0,0.09847646951675415
2765937408.0,0.11389873176813126
2766874880.0,0.1278264969587326
2767812608.0,0.18528687953948975
2768750080.0,0.18395359814167023
2769687552.0,0.18313272297382355
2770625024.0,0.17991603910923004
2771562496.0,0.17687156796455383
2772499968.0,0.1716778725385666
2773437440.0,0.1663934886455536
2774374912.0,0.15977515280246735
2775312384.0,0.15265220403671265
2776250112.0,0.14518490433692932
2777187584.0,0.13734003901481628
2778125056.0,0.1281212717294693
2779062528.0,0.11825617402791977
2780000000.0,0.1079508364200592
2780937472.0,0.09704204648733139
2781874944.0,0.08609893172979355
2782812416.0,0.07402467727661133
2783749888.0,0.06171392276883125
2784687616.0,0.04888046160340309
2785625088.0,0.037633828818798065
2786562560.0,0.02500014752149582
2787500032.0,0.011491183191537857
2788437504.0,-0.0010232747299596667
2789374976.0,-0.014184702187776566
2790312448.0,-0.025515951216220856
2791249920.0,-0.038061778992414474
2792187392.0,-0.04882970079779625
2793125120.0,-0.06072735786437988
2794062592.0,-0.06949470192193985
2795000064.0,-0.079213947057724
2795937536.0,-0.08768337219953537
2796875008.0,-0.09461802244186401
2797812480.0,-0.10061970353126526
2798749952.0,-0.10484851896762848
2799687424.0,-0.1086856797337532
2800624896.0,-0.11066998541355133
2801562624.0,-0.1121671199798584
2802500096.0,-0.111538365483284
2803437568.0,-0.10984919220209122
2804375040.0,-0.10598688572645187
2805312512.0,-0.10006901621818542
2806249984.0,-0.0938020646572113
2807187456.0,-0.08556342869997025
2808124928.0,-0.07522394508123398
2809062400.0,-0.06449345499277115
2809999872.0,-0.05188042297959328
2810937600.0,-0.03942380100488663
2811875072.0,-0.025487979874014854
2812812544.0,-0.010331577621400356
2813750016.0,0.005902086850255728
2814687488.0,0.023050004616379738
2815624960.0,0.04028518497943878
2816562432.0,0.056970298290252686
2817499904.0,0.07522119581699371
2818437376.0,0.09262483566999435
2819375104.0,0.10903393477201462
2820312576.0,0.124969482421875
2821250048.0,0.14106795191764832
2822187520.0,0.15453478693962097
2823124992.0,0.16798904538154602
2824062464.0,0.18096481263637543
2824999936.0,0.19091454148292542
2825937408.0,0.19956210255622864
2826874880.0,0.20639218389987946
2827812608.0,0.2186182290315628
2828750080.0,0.22111517190933228
2829687552.0,0.2210364192724228
2830625024.0,0.21753957867622375
2831562496.0,0.2113688588142395
2832499968.0,0.20395100116729736
2833437440.0,0.19386228919029236
2834374912.0,0.18055351078510284
2835312384.0,0.16620077192783356
2836250112.0,0.15042975544929504
2837187584.0,0.1331898421049118
2838125056.0,0.1149120181798935
2839062528.0,0.09564535319805145
2840000000.0,0.07568269968032837
2840937472.0,0.0554928295314312
2841874944.0,0.03505437821149826
2842812416.0,0.015772193670272827
2843749888.0,-0.0035115713253617287
2844687616.0,-0.022103745490312576
2845625088.0,-0.03878291696310043
2846562560.0,-0.05557091161608696
2847500032.0,-0.06946441531181335
2848437504.0,-0.08270543068647385
2849374976.0,-0.09428809583187103
2850312448.0,-0.10458509624004364
2851249920.0,-0.11284596472978592
2852187392.0,-0.11900419741868973
2853125120.0,-0.12251176685094833
2854062592.0,-0.12537215650081635
2855000064.0,-0.12632307410240173
2855937536.0,-0.12514160573482513
2856875008.0,-0.12216995656490326
2857812480.0,-0.11812320351600647
2858749952.0,-0.1118350625038147
2859687424.0,-0.10547000169754028
2860624896.0,-0.09687508642673492
2861562624.0,-0.08861055225133896
2862500096.0,-0.07835408300161362
2863437568.0,-0.06721402704715729
2864375040.0,-0.05653918534517288
2865312512.0,-0.04338746890425682
2866249984.0,-0.031297583132982254
2867187456.0,-0.01858060248196125
2868124928.0,-0.006111026741564274
2869062400.0,0.007225510198622942
2870000128.0,0.019750189036130905
2870937600.0,0.03350779786705971
2871875072.0,0.046839550137519836
2872812544.0,0.05991750210523605
2873750016.0,0.07213406264781952
2874687488.0,0.08454597741365433
2875624960.0,0.09745179116725922
2876562432.0,0.1087692603468895
2877499904.0,0.12004955112934113
2878437376.0,0.13225707411766052
2879375104.0,0.1425315886735916
2880312576.0,0.15263304114341736
2881250048.0,0.16243122518062592
2882187520.0,0.17157401144504547
2883124992.0,0.1788220852613449
2884062464.0,0.18617460131645203
2884999936.0,0.19195201992988586
2885937408.0,0.19740913808345795
2886874880.0,0.20052848756313324
2887812608.0,0.20442324876785278
2888750080.0,0.2063479721546173
2889687552.0,0.2068134993314743
2890625024.0,0.20605430006980896
2891562496.0,0.20285609364509583
2892499968.0,0.19913090765476227
2893437440.0,0.1934543251991272
2894374912.0,0.18624243140220642
2895312384.0,0.17673660814762115
2896250112.0,0.16583208739757538
2897187584.0,0.15291494131088257
2898125056.0,0.13878165185451508
2899062528.0,0.12376204878091812
2900000000.0,0.10734406113624573
2900937472.0,0.08926208317279816
2901874944.0,0.07074693590402603
2902812416.0,0.052150193601846695
2903749888.0,0.03256750479340553
2904687616.0,0.01347948145121336
2905625088.0,-0.005099785979837179
2906562560.0,-0.02502620965242386
2907500032.0,-0.043673306703567505
2908437504.0,-0.060562778264284134
2909374976.0,-0.07773448526859283
2910312448.0,-0.091706283390522
2911249920.0,-0.10581513494253159
2912187392.0,-0.11770936101675034
2913125120.0,-0.12835413217544556
2914062592.0,-0.13724949955940247
2915000064.0,-0.14390036463737488
2915937536.0,-0.14778631925582886
2916875008.0,-0.1507960855960846
2917812480.0,-0.15013387799263
2918749952.0,-0.1481771320104599
2919687424.0,-0.14355480670928955
2920624896.0,-0.1381634920835495
2921562624.0,-0.13072893023490906
2922500096.0,-0.12074724584817886
2923437568.0,-0.11002334207296371
2924375040.0,-0.09602569788694382
2925312512.0,-0.08118123561143875
2926249984.0,-0.06567220389842987
2927187456.0,-0.050193704664707184
2928124928.0,-0.03391942009329796
2929062400.0,-0.016537655144929886
2929999872.0,0.001439985353499651
2930937600.0,0.01876271702349186
2931875072.0,0.03549768775701523
2932812544.0,0.052797023206949234
2933750016.0,0.06971891224384308
2934687488.0,0.08530265837907791
2935624960.0,0.10038484632968903
2936562432.0,0.11363854259252548
2937499904.0,0.12656645476818085
2938437376.0,0.13650737702846527
2939375104.0,0.1461223065853119
2940312576.0,0.1544630229473114
2941250048.0,0.1602884829044342
2942187520.0,0.165191650390625
2943124992.0,0.16892288625240326
2944062464.0,0.1714196354150772
2944999936.0,0.17192834615707397
2945937408.0,0.17213518917560577
2946874880.0,0.1709626019001007
2947812608.0,0.16636641323566437
2948750080.0,0.1650334596633911
2949687552.0,0.16358661651611328
2950625024.0,0.16035693883895874
2951562496.0,0.1560896635055542
2952499968.0,0.1515713930130005
2953437440.0,0.14589844644069672
2954374912.0,0.1394651234149933
2955312384.0,0.1324617862701416
2956250112.0,0.12393750995397568
2957187584.0,0.11577998846769333
2958125056.0,0.1078425869345665
2959062528.0,0.09756743162870407
2960000000.0,0.08760960400104523
2960937472.0,0.07728535681962967
2961874944.0,0.06690085679292679
2962812416.0,0.05481425300240517
2963749888.0,0.04442853108048439
2964687616.0,0.033818457275629044
2965625088.0,0.021796129643917084
2966562560.0,0.010285030119121075
2967500032.0,-0.0003847150655928999
2968437504.0,-0.01045730896294117
2969374976.0,-0.021197382360696793
2970312448.0,-0.031614743173122406
2971249920.0,-0.04211938753724098
2972187392.0,-0.05106665566563606
2973125120.0,-0.05834026262164116
2974062592.0,-0.06768558919429779
2975000064.0,-0.07301203161478043
2975937536.0,-0.07886843383312225
2976875008.0,-0.0838954821228981
2977812480.0,-0.08893260359764099
2978749952.0,-0.0922413244843483
2979687424.0,-0.09394893050193787
2980624896.0,-0.09429726004600525
2981562624.0,-0.09411966800689697
2982500096.0,-0.092997707426548
2983437568.0,-0.09068050235509872
2984375040.0,-0.08724360167980194
2985312512.0,-0.08319596201181412
2986249984.0,-0.07755614072084427
2987187456.0,-0.07281394302845001
2988124928.0,-0.06675349175930023
2989062400.0,-0.059704918414354324
2990000128.0,-0.05215020850300789
2990937600.0,-0.0437665730714798
2991875072.0,-0.035169538110494614
2992812544.0,-0.02675892785191536
2993750016.0,-0.017994694411754608
2994687488.0,-0.009651563130319118
2995624960.0,-0.0024201860651373863
2996562432.0,0.005326786544173956
2997499904.0,0.013121554628014565
2998437376.0,0.01850757747888565
2999375104.0,0.024307964369654655
3000312576.0,0.028452914208173752
3001250048.0,0.03210746869444847
3002187520.0,0.035636719316244125
3003124992.0,0.03743342310190201
3004062464.0,0.03901005536317825
3004999936.0,0.038959942758083344
3005937408.0,0.03871199116110802
3006874880.0,0.03608814254403114
3007812608.0,0.03309985250234604
3008750080.0,0.027677781879901886
3009687552.0,0.024321042001247406
3010625024.0,0.019131433218717575
3011562496.0,0.014642705209553242
3012499968.0,0.009368044324219227
3013437440.0,0.003776860423386097
3014374912.0,-0.0008430447778664529
3015312384.0,-0.006758375093340874
3016250112.0,-0.012187650427222252
3017187584.0,-0.01763773150742054
3018125056.0,-0.022605784237384796
3019062528.0,-0.028241636231541634
3020000000.0,-0.03324783220887184
3020937472.0,-0.038595050573349
3021874944.0,-0.043410878628492355
3022812416.0,-0.048297833651304245
3023749888.0,-0.05301538109779358
3024687616.0,-0.05783994495868683
3025625088.0,-0.06305696815252304
3026562560.0,-0.06713081151247025
3027500032.0,-0.0706775113940239
3028437504.0,-0.07433409988880157
3029374976.0,-0.07895870506763458
3030312448.0,-0.08158255368471146
3031249920.0,-0.08556566387414932
3032187392.0,-0.08883786201477051
3033125120.0,-0.09117022156715393
3034062592.0,-0.0937100276350975
3035000064.0,-0.09625646471977234
3035937536.0,-0.0973665714263916
3036875008.0,-0.09892214089632034
3037812480.0,-0.1010441780090332
3038749952.0,-0.10201471298933029
3039687424.0,-0.10041672736406326
3040624896.0,-0.10066778212785721
3041562624.0,-0.09995373338460922
3042500096.0,-0.09881028532981873
3043437568.0,-0.09694105386734009
3044375040.0,-0.09310803562402725
3045312512.0,-0.08981506526470184
3046249984.0,-0.08572912216186523
3047187456.0,-0.0820443257689476
3048124928.0,-0.07856978476047516
3049062400.0,-0.07270151376724243
3049999872.0,-0.06813758611679077
3050937600.0,-0.06260976195335388
3051875072.0,-0.058133918792009354
3052812544.0,-0.052712615579366684
3053750016.0,-0.04640385881066322
3054687488.0,-0.0405057929456234
3055624960.0,-0.03522776439785957
3056562432.0,-0.029232989996671677
3057499904.0,-0.02359514683485031
3058437376.0,-0.01763857714831829
3059375104.0,-0.012270240113139153
3060312576.0,-0.00787283293902874
3061250048.0,-0.004194669425487518
3062187520.0,0.0005276026204228401
3063124992.0,0.0034393835812807083
3064062464.0,0.005119331646710634
3064999936.0,0.007580915000289679
3065937408.0,0.00801907479763031
3066874880.0,0.00788654014468193
3067812608.0,0.021220257505774498
3068750080.0,0.014872279949486256
3069687552.0,0.008692782372236252
3070625024.0,0.0012441559229046106
3071562496.0,-0.007437022402882576
3072499968.0,-0.016939084976911545
3073437440.0,-0.02672569826245308
3074374912.0,-0.03577059507369995
3075312384.0,-0.04610569775104523
3076250112.0,-0.05572953447699547
3077187584.0,-0.06623116880655289
3078125056.0,-0.07586676627397537
3079062528.0,-0.08431496471166611
3080000000.0,-0.09303943067789078
3080937472.0,-0.09984856843948364
3081874944.0,-0.10684007406234741
3082812416.0,-0.11280694603919983
3083749888.0,-0.11797965317964554
3084687616.0,-0.12136539071798325
3085625088.0,-0.1232546791434288
3086562560.0,-0.12426090240478516
3087500032.0,-0.1248268336057663
3088437504.0,-0.12303519994020462
3089374976.0,-0.1213185042142868
3090312448.0,-0.11693843454122543
3091249920.0,-0.11276820302009583
3092187392.0,-0.10797765851020813
3093125120.0,-0.10095825791358948
3094062592.0,-0.09336807578802109
3095000064.0,-0.08592351526021957
3095937536.0,-0.07662814855575562
3096875008.0,-0.06720296293497086
3097812480.0,-0.05829278752207756
3098749952.0,-0.04787356033921242
3099687424.0,-0.03729252144694328
3100624896.0,-0.02734915353357792
3101562624.0,-0.017358951270580292
3102500096.0,-0.007249943446367979
3103437568.0,0.003554508788511157
3104375040.0,0.013470612466335297
3105312512.0,0.022798752412199974
3106249984.0,0.03257600963115692
3107187456.0,0.04088838770985603
3108124928.0,0.049605585634708405
3109062400.0,0.05738546699285507
3110000128.0,0.06415427476167679
3110937600.0,0.07080986350774765
3111875072.0,0.0762852281332016
3112812544.0,0.08219702541828156
3113750016.0,0.08668050169944763
3114687488.0,0.0929979532957077
3115624960.0,0.09584276378154755
3116562432.0,0.10055617988109589
3117499904.0,0.10291540622711182
3118437376.0,0.10667027533054352
3119375104.0,0.10958260297775269
3120312576.0,0.11343730986118317
3121250048.0,0.1156347468495369
3122187520.0,0.11712174862623215
3123124992.0,0.11922260373830795
3124062464.0,0.12059251219034195
3124999936.0,0.12186102569103241
3125937408.0,0.1224689707159996
3126874880.0,0.12415823340415955
3127812608.0,0.14458277821540833
3128750080.0,0.1406126767396927
3129687552.0,0.1394217312335968
3130625024.0,0.1374622881412506
3131562496.0,0.13495172560214996
3132499968.0,0.13441725075244904
3133437440.0,0.13152076303958893
3134374912.0,0.1297702193260193
3135312384.0,0.1284022182226181
3136250112.0,0.12782879173755646
3137187584.0,0.12709079682826996
3138125056.0,0.12623648345470428
3139062528.0,0.12587721645832062
3140000000.0,0.12492542713880539
3140937472.0,0.12419972568750381
3141874944.0,0.12285196036100388
3142812416.0,0.1221613958477974
3143749888.0,0.1205778643488884
3144687616.0,0.11999134719371796
3145625088.0,0.11877245455980301
3146562560.0,0.11615558713674545
3147500032.0,0.1139078289270401
3148437504.0,0.1113109141588211
3149374976.0,0.10850479453802109
3150312448.0,0.10420065373182297
3151249920.0,0.09963259845972061
3152187392.0,0.09488056600093842
3153125120.0,0.08888351917266846
3154062592.0,0.08193389326334
3155000064.0,0.07587001472711563
3155937536.0,0.06777375191450119
3156875008.0,0.05970098823308945
3157812480.0,0.05010941997170448
3158749952.0,0.03986935690045357
3159687424.0,0.029360270127654076
3160624896.0,0.01893290877342224
3161562624.0,0.006822553463280201
3162500096.0,-0.004622380714863539
3163437568.0,-0.01685381680727005
3164375040.0,-0.02959507331252098
3165312512.0,-0.04141078144311905
3166249984.0,-0.05424390733242035
3167187456.0,-0.06642473489046097
3168124928.0,-0.07677906006574631
3169062400.0,-0.08786856383085251
3169999872.0,-0.09828665107488632
3170937600.0,-0.10760000348091125
3171875072.0,-0.11617662012577057
3172812544.0,-0.12408386915922165
3173750016.0,-0.13197825849056244
3174687488.0,-0.13614627718925476
3175624960.0,-0.14007657766342163
3176562432.0,-0.14231230318546295
3177499904.0,-0.14397238194942474
3178437376.0,-0.14337275922298431
3179375104.0,-0.14083833992481232
3180312576.0,-0.13852854073047638
3181250048.0,-0.13175611197948456
3182187520.0,-0.12515167891979218
3183124992.0,-0.11709395051002502
3184062464.0,-0.10749167948961258
3184999936.0,-0.09602565318346024
3185937408.0,-0.08361923694610596
3186874880.0,-0.06919953227043152
3187812608.0,0.05924992635846138
3188750080.0,0.05880281329154968
3189687552.0,0.0574963241815567
3190625024.0,0.05865493044257164
3191562496.0,0.059715636074543
3192499968.0,0.061740610748529434
3193437440.0,0.06466446071863174
3194374912.0,0.06805890798568726
3195312384.0,0.07202509045600891
3196250112.0,0.0775681659579277
3197187584.0,0.08185283094644547
3198125056.0,0.0876898318529129
3199062528.0,0.09179534763097763
3200000000.0,0.09785465896129608
3200937472.0,0.10275617986917496
3201874944.0,0.10665835440158844
3202812416.0,0.11018243432044983
3203749888.0,0.11322713643312454
3204687616.0,0.11447634547948837
3205625088.0,0.11468040943145752
3206562560.0,0.11447560787200928
3207500032.0,0.1127566397190094
3208437504.0,0.11024872958660126
3209374976.0,0.10573934763669968
3210312448.0,0.1012686938047409
3211249920.0,0.09435700625181198
3212187392.0,0.0868237093091011
3213125120.0,0.07825573533773422
3214062592.0,0.06857295334339142
3215000064.0,0.057612404227256775
3215937536.0,0.045655861496925354
3216875008.0,0.033737197518348694
3217812480.0,0.02082761935889721
3218749952.0,0.007970338687300682
3219687424.0,-0.0043691531755030155
3220624896.0,-0.017507364973425865
3221562624.0,-0.029713209718465805
3222500096.0,-0.04168427735567093
3223437568.0,-0.053870394825935364
3224375040.0,-0.06423281133174896
3225312512.0,-0.07441984117031097
3226249984.0,-0.08266901969909668
3227187456.0,-0.09096617251634598
3228124928.0,-0.09645343571901321
3229062400.0,-0.10153595358133316
3230000128.0,-0.10541050136089325
3230937600.0,-0.10880468040704727
3231875072.0,-0.11039915680885315
3232812544.0,-0.10968993604183197
3233750016.0,-0.10955607146024704
3234687488.0,-0.10647311806678772
3235624960.0,-0.10372187942266464
3236562432.0,-0.10056155920028687
3237499904.0,-0.09553569555282593
3238437376.0,-0.09094785898923874
3239375104.0,-0.08572898060083389
3240312576.0,-0.08203999698162079
3241250048.0,-0.07774478197097778
3242187520.0,-0.07330957055091858
3243124992.0,-0.0693393349647522
3244062464.0,-0.06675855070352554
3244999936.0,-0.06417530030012131
3245937408.0,-0.06280388683080673
3246874880.0,-0.062413834035396576
3247812608.0,-0.05506759509444237
3248750080.0,-0.05982689931988716
3249687552.0,-0.06426824629306793
3250625024.0,-0.06760399043560028
3251562496.0,-0.07097582519054413
3252499968.0,-0.07373019307851791
3253437440.0,-0.07623187452554703
3254374912.0,-0.07694573700428009
3255312384.0,-0.07685185968875885
3256250112.0,-0.07617592811584473
3257187584.0,-0.07316293567419052
3258125056.0,-0.07025380432605743
3259062528.0,-0.06620557606220245
3260000000.0,-0.060161057859659195
3260937472.0,-0.05380873382091522
3261874944.0,-0.04682033881545067
3262812416.0,-0.037947289645671844
3263749888.0,-0.029539087787270546
3264687616.0,-0.020731307566165924
3265625088.0,-0.012301585637032986
3266562560.0,-0.0036849984899163246
3267500032.0,0.0031698821112513542
3268437504.0,0.009617547504603863
3269374976.0,0.016226503998041153
3270312448.0,0.021655140444636345
3271249920.0,0.024139665067195892
3272187392.0,0.025876685976982117
3273125120.0,0.02743573673069477
3274062592.0,0.027553167194128036
3275000064.0,0.026295950636267662
3275937536.0,0.025217078626155853
3276875008.0,0.02307521365582943
3277812480.0,0.02166936546564102
3278749952.0,0.019583409652113914
3279687424.0,0.017774228006601334
3280624896.0,0.017098214477300644
3281562624.0,0.016414819285273552
3282500096.0,0.01672825589776039
3283437568.0,0.017395922914147377
3284375040.0,0.018828878179192543
3285312512.0,0.019773472100496292
3286249984.0,0.021427536383271217
3287187456.0,0.023489318788051605
3288124928.0,0.025992166250944138
3289062400.0,0.026685234159231186
3289999872.0,0.028132189065217972
3290937600.0,0.028653506189584732
3291875072.0,0.028747981414198875
3292812544.0,0.02566668391227722
3293750016.0,0.023593340069055557
3294687488.0,0.018976787105202675
3295624960.0,0.01350830402225256
3296562432.0,0.007136843632906675
3297499904.0,0.00034574122400954366
3298437376.0,-0.007390970829874277
3299375104.0,-0.016229670494794846
3300312576.0,-0.02481665648519993
3301250048.0,-0.03465883433818817
3302187520.0,-0.04414255917072296
3303124992.0,-0.05343405902385712
3304062464.0,-0.06301601976156235
3304999936.0,-0.07168783992528915
3305937408.0,-0.08070782572031021
3306874880.0,-0.08905954658985138
3307812608.0,-0.05683911219239235
3308750080.0,-0.05459541454911232
3309687552.0,-0.0521429106593132
3310625024.0,-0.05009637400507927
3311562496.0,-0.04911751672625542
3312499968.0,-0.04811035096645355
3313437440.0,-0.04709331691265106
3314374912.0,-0.04734748601913452
3315312384.0,-0.047446027398109436
3316250112.0,-0.04982974752783775
3317187584.0,-0.051721155643463135
3318125056.0,-0.054232895374298096
3319062528.0,-0.05798245966434479
3320000000.0,-0.06198711320757866
3320937472.0,-0.06660977751016617
3321874944.0,-0.07114908844232559
3322812416.0,-0.0771854966878891
3323749888.0,-0.08363310992717743
3324687616.0,-0.08984055370092392
3325625088.0,-0.09749735891819
3326562560.0,-0.10418392717838287
3327500032.0,-0.11079560220241547
3328437504.0,-0.11770132184028625
3329374976.0,-0.12458059936761856
3330312448.0,-0.13080468773841858
3331249920.0,-0.13663361966609955
3332187392.0,-0.14025148749351501
3333125120.0,-0.14407718181610107
3334062592.0,-0.14754921197891235
3335000064.0,-0.15040908753871918
3335937536.0,-0.15246614813804626
3336875008.0,-0.15211167931556702
3337812480.0,-0.1503138691186905
3338749952.0,-0.14854155480861664
3339687424.0,-0.14517436921596527
3340624896.0,-0.14005617797374725
3341562624.0,-0.13503243029117584
3342500096.0,-0.1293548047542572
3343437568.0,-0.12133781611919403
3344375040.0,-0.1147584617137909
3345312512.0,-0.1054871678352356
3346249984.0,-0.09629735350608826
3347187456.0,-0.08708512037992477
3348124928.0,-0.07718312740325928
3349062400.0,-0.06729580461978912
3350000128.0,-0.057558100670576096
3350937600.0,-0.04740199074149132
3351875072.0,-0.037837907671928406
3352812544.0,-0.028477918356657028
3353750016.0,-0.019488219171762466
3354687488.0,-0.01176757924258709
3355624960.0,-0.004511727020144463
3356562432.0,0.002340158214792609
3357499904.0,0.008875776082277298
3358437376.0,0.01458187960088253
3359375104.0,0.018946126103401184
3360312576.0,0.022423030808568
3361250048.0,0.026199882850050926
3362187520.0,0.028514625504612923
3363124992.0,0.03150125592947006
3364062464.0,0.03417174890637398
3364999936.0,0.03541383519768715
3365937408.0,0.038258545100688934
3366874880.0,0.040890924632549286
3367812608.0,0.04949795827269554
3368750080.0,0.05747795104980469
3369687552.0,0.06558048725128174
3370625024.0,0.07255874574184418
3371562496.0,0.07849998027086258
3372499968.0,0.08259570598602295
3373437440.0,0.08623949438333511
3374374912.0,0.08941188454627991
3375312384.0,0.0910721868276596
3376250112.0,0.09172919392585754
3377187584.0,0.09103859215974808
3378125056.0,0.0889916643500328
3379062528.0,0.08461692184209824
3380000000.0,0.08089259266853333
3380937472.0,0.07464847713708878
3381874944.0,0.06763022392988205
3382812416.0,0.059983428567647934
3383749888.0,0.05153140425682068
3384687616.0,0.04249896481633186
3385625088.0,0.03276681527495384
3386562560.0,0.024235624819993973
3387500032.0,0.013207081705331802
3388437504.0,0.0026172292418777943
3389374976.0,-0.008054894395172596
3390312448.0,-0.017440039664506912
3391249920.0,-0.027233118191361427
3392187392.0,-0.037723928689956665
3393125120.0,-0.04665482044219971
3394062592.0,-0.05574275925755501
3395000064.0,-0.06358573585748672
3395937536.0,-0.07052500545978546
3396875008.0,-0.0766119658946991
3397812480.0,-0.08225509524345398
3398749952.0,-0.08664929121732712
3399687424.0,-0.09164983779191971
3400624896.0,-0.09469171613454819
3401562624.0,-0.09579643607139587
3402500096.0,-0.09671366214752197
3403437568.0,-0.09804300218820572
3404375040.0,-0.09764651209115982
3405312512.0,-0.09746456146240234
3406249984.0,-0.0954531580209732
3407187456.0,-0.09288951009511948
3408124928.0,-0.08999208360910416
3409062400.0,-0.08724220842123032
3409999872.0,-0.08391287922859192
3410937600.0,-0.07997135072946548
3411875072.0,-0.07659076899290085
3412812544.0,-0.07368430495262146
3413750016.0,-0.06877164542675018
3414687488.0,-0.0642368271946907
3415624960.0,-0.05963476374745369
3416562432.0,-0.05479926988482475
3417499904.0,-0.05155959725379944
3418437376.0,-0.04745893552899361
3419375104.0,-0.04293893277645111
3420312576.0,-0.03981633111834526
3421250048.0,-0.036048825830221176
3422187520.0,-0.03173866495490074
3423124992.0,-0.028263842687010765
3424062464.0,-0.02432515285909176
3424999936.0,-0.02072140946984291
3425937408.0,-0.016712209209799767
3426874880.0,-0.014499535784125328
3427812608.0,-0.01081845536828041
3428750080.0,-0.0076265400275588036
3429687552.0,-0.004887223243713379
3430625024.0,-0.0022475479636341333
3431562496.0,0.001417508814483881
3432499968.0,0.006122886203229427
3433437440.0,0.01003939751535654
3434374912.0,0.016306204721331596
3435312384.0,0.022027168422937393
3436250112.0,0.02923634462058544
3437187584.0,0.03870256245136261
3438125056.0,0.047671157866716385
3439062528.0,0.058829378336668015
3440000000.0,0.0701013058423996
3440937472.0,0.08202072232961655
3441874944.0,0.09582347422838211
3442812416.0,0.10899349302053452
3443749888.0,0.12326721847057343
3444687616.0,0.13726462423801422
3445625088.0,0.15180501341819763
3446562560.0,0.1647017002105713
3447500032.0,0.1775563359260559
3448437504.0,0.1899222582578659
3449374976.0,0.2009906768798828
3450312448.0,0.21061156690120697
3451249920.0,0.21747542917728424
3452187392.0,0.22358115017414093
3453125120.0,0.22588424384593964
3454062592.0,0.22510051727294922
3455000064.0,0.22339817881584167
3455937536.0,0.21907198429107666
3456875008.0,0.21138450503349304
3457812480.0,0.20081068575382233
3458749952.0,0.18976490199565887
3459687424.0,0.1767546385526657
3460624896.0,0.15915003418922424
3461562624.0,0.14154432713985443
3462500096.0,0.12324521690607071
3463437568.0,0.10353628545999527
3464375040.0,0.08397319912910461
3465312512.0,0.0643019899725914
3466249984.0,0.045429639518260956
3467187456.0,0.02651231177151203
3468124928.0,0.008496158756315708
3469062400.0,-0.008521784096956253
3470000128.0,-0.022828437387943268
3470937600.0,-0.03583703935146332
3471875072.0,-0.04872165992856026
3472812544.0,-0.05769633501768112
3473750016.0,-0.06591638922691345
3474687488.0,-0.07187200337648392
3475624960.0,-0.07565361261367798
3476562432.0,-0.0780632421374321
3477499904.0,-0.07773885130882263
3478437376.0,-0.07732165604829788
3479375104.0,-0.0757075846195221
3480312576.0,-0.07314306497573853
3481250048.0,-0.06887929141521454
3482187520.0,-0.06477848440408707
3483124992.0,-0.059790708124637604
3484062464.0,-0.05437210947275162
3484999936.0,-0.05009181797504425
3485937408.0,-0.0450071357190609
3486874880.0,-0.04099476337432861
3487812608.0,-0.027244029566645622
3488750080.0,-0.031026652082800865
3489687552.0,-0.03416622430086136
3490625024.0,-0.04046567901968956
3491562496.0,-0.046401623636484146
3492499968.0,-0.05307167023420334
3493437440.0,-0.05875438079237938
3494374912.0,-0.06432414054870605
3495312384.0,-0.0701240822672844
3496250112.0,-0.07455646991729736
3497187584.0,-0.0792233943939209
3498125056.0,-0.08160490542650223
3499062528.0,-0.0841912254691124
3500000000.0,-0.08582264930009842
3500937472.0,-0.08628440648317337
3501874944.0,-0.0845557153224945
3502812416.0,-0.08251264691352844
3503749888.0,-0.07801800966262817
3504687616.0,-0.0728658139705658
3505625088.0,-0.06711367517709732
3506562560.0,-0.06128370761871338
3507500032.0,-0.05369533225893974
3508437504.0,-0.046291567385196686
3509374976.0,-0.038229577243328094
3510312448.0,-0.02902192994952202
3511249920.0,-0.020121656358242035
3512187392.0,-0.009721756912767887
3513125120.0,-0.0003690433513838798
3514062592.0,0.009815460070967674
3515000064.0,0.01942540891468525
3515937536.0,0.02912120893597603
3516875008.0,0.03712295740842819
3517812480.0,0.04444916173815727
3518749952.0,0.049941495060920715
3519687424.0,0.05520286038517952
3520624896.0,0.05925621837377548
3521562624.0,0.06224437430500984
3522500096.0,0.06370053440332413
3523437568.0,0.06382538378238678
3524375040.0,0.06320048868656158
3525312512.0,0.06174212694168091
3526249984.0,0.0588945597410202
3527187456.0,0.05587802827358246
3528124928.0,0.05131695047020912
3529062400.0,0.046434175223112106
3529999872.0,0.04175671935081482
3530937600.0,0.035223282873630524
3531875072.0,0.02992367371916771
3532812544.0,0.02468903176486492
3533750016.0,0.019014837220311165
3534687488.0,0.01336745172739029
3535624960.0,0.008679437451064587
3536562432.0,0.005357188172638416
3537499904.0,0.0022322358563542366
3538437376.0,0.00048375132610090077
3539375104.0,-0.000998328672721982
3540312576.0,-0.0007379037560895085
3541250048.0,0.0004455132584553212
3542187520.0,0.0015592114068567753
3543124992.0,0.002390193985775113
3544062464.0,0.005429750774055719
3544999936.0,0.009610427543520927
3545937408.0,0.01316904742270708
3546874880.0,0.017645828425884247
3547812608.0,0.019104288890957832
3548750080.0,0.0169649850577116
3549687552.0,0.014678560197353363
3550625024.0,0.012403302825987339
3551562496.0,0.009055768139660358
3552499968.0,0.005622688680887222
3553437440.0,0.0029287822544574738
3554374912.0,-0.000382302503567189
3555312384.0,-0.004002614878118038
3556250112.0,-0.007751017808914185
3557187584.0,-0.011370803229510784
3558125056.0,-0.015044841915369034
3559062528.0,-0.018734343349933624
3560000000.0,-0.0225710216909647
3560937472.0,-0.026403678581118584
3561874944.0,-0.03010115958750248
3562812416.0,-0.03347834572196007
3563749888.0,-0.03745725378394127
3564687616.0,-0.04019744694232941
3565625088.0,-0.04165346920490265
3566562560.0,-0.044450487941503525
3567500032.0,-0.046309977769851685
3568437504.0,-0.04761309176683426
3569374976.0,-0.04892801120877266
3570312448.0,-0.047848571091890335
3571249920.0,-0.0477973073720932
3572187392.0,-0.047285016626119614
3573125120.0,-0.04663742333650589
3574062592.0,-0.04614989832043648
3575000064.0,-0.04434677213430405
3575937536.0,-0.04340234771370888
3576875008.0,-0.0414188951253891
3577812480.0,-0.03873833268880844
3578749952.0,-0.03739839792251587
3579687424.0,-0.03425336256623268
3580624896.0,-0.031306397169828415
3581562624.0,-0.029114441946148872
3582500096.0,-0.025875166058540344
3583437568.0,-0.02300858683884144
3584375040.0,-0.02318793348968029
3585312512.0,-0.02164449542760849
3586249984.0,-0.021422207355499268
3587187456.0,-0.020626110956072807
3588124928.0,-0.020264698192477226
3589062400.0,-0.01956406608223915
3590000128.0,-0.01913462020456791
3590937600.0,-0.018080411478877068
3591875072.0,-0.018222413957118988
3592812544.0,-0.01770547777414322
3593750016.0,-0.017183244228363037
3594687488.0,-0.016485147178173065
3595624960.0,-0.015324143692851067
3596562432.0,-0.014572148211300373
3597499904.0,-0.013036391697824001
3598437376.0,-0.010679573751986027
3599375104.0,-0.007531195878982544
3600312576.0,-0.005122319329530001
3601250048.0,-0.00044136011274531484
3602187520.0,0.0024572124239057302
3603124992.0,0.006634425837546587
3604062464.0,0.011119754984974861
3604999936.0,0.01785675808787346
3605937408.0,0.02315612882375717
3606874880.0,0.02975510247051716
3607812608.0,0.053431011736392975
3608750080.0,0.062325235456228256
3609687552.0,0.07088365405797958
3610625024.0,0.08029330521821976
3611562496.0,0.08755049109458923
3612499968.0,0.09569668024778366
3613437440.0,0.10255443304777145
3614374912.0,0.10760544240474701
3615312384.0,0.11198997497558594
3616250112.0,0.11585858464241028
3617187584.0,0.1187545657157898
3618125056.0,0.1201515942811966
3619062528.0,0.12028378993272781
3620000000.0,0.1195802316069603
3620937472.0,0.1181439533829689
3621874944.0,0.11514416337013245
3622812416.0,0.11081694066524506
3623749888.0,0.10584677755832672
3624687616.0,0.09952446073293686
3625625088.0,0.09342389553785324
3626562560.0,0.08679525554180145
3627500032.0,0.07855304330587387
3628437504.0,0.07105415314435959
3629374976.0,0.0634315237402916
3630312448.0,0.05422728881239891
3631249920.0,0.04490151256322861
3632187392.0,0.03530091419816017
3633125120.0,0.02547500841319561
3634062592.0,0.015116955153644085
3635000064.0,0.00538595812395215
3635937536.0,-0.004087590612471104
3636875008.0,-0.013928561471402645
3637812480.0,-0.024058150127530098
3638749952.0,-0.0327330157160759
3639687424.0,-0.0430598109960556
3640624896.0,-0.05208972841501236
3641562624.0,-0.06087733432650566
3642500096.0,-0.06884262710809708
3643437568.0,-0.07742548733949661
3644375040.0,-0.08440122753381729
3645312512.0,-0.09100973606109619
3646249984.0,-0.09710291773080826
3647187456.0,-0.10248846560716629
3648124928.0,-0.1083211898803711
3649062400.0,-0.11290343105792999
3649999872.0,-0.11655405908823013
3650937600.0,-0.1189589872956276
3651875072.0,-0.12071900069713593
3652812544.0,-0.12136010825634003
3653750016.0,-0.12217777222394943
3654687488.0,-0.12387840449810028
3655624960.0,-0.12360526621341705
3656562432.0,-0.12376920133829117
3657499904.0,-0.12198004126548767
3658437376.0,-0.12010055780410767
3659375104.0,-0.11837206035852432
3660312576.0,-0.11624433845281601
3661250048.0,-0.11214917153120041
3662187520.0,-0.10739098489284515
3663124992.0,-0.10342409461736679
3664062464.0,-0.09897295385599136
3664999936.0,-0.09524298459291458
3665937408.0,-0.09078226238489151
3666874880.0,-0.08647772669792175
3667812608.0,-0.06955784559249878
3668750080.0,-0.06839511543512344
3669687552.0,-0.0681631863117218
3670625024.0,-0.06610893458127975
3671562496.0,-0.06346938759088516
3672499968.0,-0.060156144201755524
3673437440.0,-0.0561172217130661
3674374912.0,-0.051106713712215424
3675312384.0,-0.04501534625887871
3676250112.0,-0.03917677327990532
3677187584.0,-0.03197081759572029
3678125056.0,-0.025391146540641785
3679062528.0,-0.017391378059983253
3680000000.0,-0.008895285427570343
3680937472.0,-0.00046566801029257476
3681874944.0,0.008563656359910965
3682812416.0,0.016972867771983147
3683749888.0,0.026383114978671074
3684687616.0,0.0360945388674736
3685625088.0,0.04513649269938469
3686562560.0,0.053086962550878525
3687500032.0,0.06191848963499069
3688437504.0,0.06903183460235596
3689374976.0,0.07646069675683975
3690312448.0,0.08306446671485901
3691249920.0,0.08961443603038788
3692187392.0,0.09400539845228195
3693125120.0,0.09800942987203598
3694062592.0,0.1004377231001854
3695000064.0,0.10232916474342346
3695937536.0,0.10231079906225204
3696875008.0,0.10237978398799896
3697812480.0,0.1014513224363327
3698749952.0,0.0990215465426445
3699687424.0,0.09596729278564453
3700624896.0,0.09175101667642593
3701562624.0,0.08749262988567352
3702500096.0,0.0808248519897461
3703437568.0,0.07463161647319794
3704375040.0,0.0672704353928566
3705312512.0,0.060284871608018875
3706249984.0,0.05226493999361992
3707187456.0,0.04433107003569603
3708124928.0,0.03642696142196655
3709062400.0,0.0270894356071949
3710000128.0,0.017092598602175713
3710937600.0,0.00714101642370224
3711875072.0,-0.0017782888608053327
3712812544.0,-0.009303109720349312
3713750016.0,-0.017052246257662773
3714687488.0,-0.022694407030940056
3715624960.0,-0.028786564245820045
3716562432.0,-0.03349226713180542
3717499904.0,-0.038326214998960495
3718437376.0,-0.04111068695783615
3719375104.0,-0.04401133581995964
3720312576.0,-0.04546993225812912
3721250048.0,-0.04635881260037422
3722187520.0,-0.046012286096811295
3723124992.0,-0.04511401802301407
3724062464.0,-0.043510422110557556
3724999936.0,-0.04280393570661545
3725937408.0,-0.04058253392577171
3726874880.0,-0.038075271993875504
3727812608.0,-0.041191816329956055
3728750080.0,-0.040543533861637115
3729687552.0,-0.039858173578977585
3730625024.0,-0.0393657460808754
3731562496.0,-0.03815092518925667
3732499968.0,-0.037301138043403625
3733437440.0,-0.03755844011902809
3734374912.0,-0.036387696862220764
3735312384.0,-0.036578886210918427
3736250112.0,-0.03701258823275566
3737187584.0,-0.038466814905405045
3738125056.0,-0.04106743633747101
3739062528.0,-0.04387481138110161
3740000000.0,-0.046765781939029694
3740937472.0,-0.04978092014789581
3741874944.0,-0.05330511927604675
3742812416.0,-0.05626857653260231
3743749888.0,-0.06152430921792984
3744687616.0,-0.06588371098041534
3745625088.0,-0.0712767243385315
3746562560.0,-0.07783032953739166
3747500032.0,-0.08192193508148193
3748437504.0,-0.08757200837135315
3749374976.0,-0.09276498854160309
3750312448.0,-0.09788122028112411
3751249920.0,-0.10314058512449265
3752187392.0,-0.10857588052749634
3753125120.0,-0.11367946118116379
3754062592.0,-0.11849715560674667
3755000064.0,-0.12200650572776794
3755937536.0,-0.1244688406586647
3756875008.0,-0.12595587968826294
3757812480.0,-0.1255161464214325
3758749952.0,-0.12487434595823288
3759687424.0,-0.12271255254745483
3760624896.0,-0.11859817802906036
3761562624.0,-0.11444547772407532
3762500096.0,-0.10816413164138794
3763437568.0,-0.10033367574214935
3764375040.0,-0.09253983944654465
3765312512.0,-0.08259092271327972
3766249984.0,-0.07267981022596359
3767187456.0,-0.06154584139585495
3768124928.0,-0.050412870943546295
3769062400.0,-0.04030391573905945
3769999872.0,-0.028556551784276962
3770937600.0,-0.01740710437297821
3771875072.0,-0.005862041376531124
3772812544.0,0.004302439745515585
3773750016.0,0.013071753084659576
3774687488.0,0.02200893871486187
3775624960.0,0.030844280496239662
3776562432.0,0.03789156302809715
3777499904.0,0.04287807270884514
3778437376.0,0.04622117429971695
3779375104.0,0.04793352633714676
3780312576.0,0.0466817282140255
3781250048.0,0.044504158198833466
3782187520.0,0.04005560651421547
3783124992.0,0.03482622280716896
3784062464.0,0.028226956725120544
3784999936.0,0.022306861355900764
3785937408.0,0.012909743934869766
3786874880.0,0.01386952307075262
3787812608.0,0.005940444767475128
3788750080.0,-0.0034765175078064203
3789687552.0,-0.014813252724707127
3790625024.0,-0.025740018114447594
3791562496.0,-0.037095215171575546
3792499968.0,-0.04793552681803703
3793437440.0,-0.059999529272317886
3794374912.0,-0.07224137336015701
3795312384.0,-0.08200941234827042
3796250112.0,-0.09363704174757004
3797187584.0,-0.10461680591106415
3798125056.0,-0.1140466034412384
3799062528.0,-0.12388790398836136
3800000000.0,-0.13189220428466797
3800937472.0,-0.13956283032894135
3801874944.0,-0.14452989399433136
3802812416.0,-0.14890173077583313
3803749888.0,-0.15242654085159302
3804687616.0,-0.15493296086788177
3805625088.0,-0.1565553992986679
3806562560.0,-0.15687689185142517
3807500032.0,-0.15429779887199402
3808437504.0,-0.1513529121875763
3809374976.0,-0.14759932458400726
3810312448.0,-0.14170993864536285
3811249920.0,-0.1336635798215866
3812187392.0,-0.12626895308494568
3813125120.0,-0.11774338036775589
3814062592.0,-0.10731353610754013
3815000064.0,-0.09907390922307968
3815937536.0,-0.08903998881578445
3816875008.0,-0.07972069084644318
3817812480.0,-0.06869718432426453
3818749952.0,-0.05880645662546158
3819687424.0,-0.04883064329624176
3820624896.0,-0.04009469971060753
3821562624.0,-0.031480614095926285
3822500096.0,-0.02494114264845848
3823437568.0,-0.016192862764000893
3824375040.0,-0.00985506922006607
3825312512.0,-0.005317275412380695
3826249984.0,-4.5174951083026826e-05
3827187456.0,0.003210579277947545
3828124928.0,0.005576598923653364
3829062400.0,0.007793826516717672
3830000128.0,0.008044123649597168
3830937600.0,0.007406014017760754
3831875072.0,0.005701936781406403
3832812544.0,0.002848123200237751
3833750016.0,-0.0003732939076144248
3834687488.0,-0.0038440069183707237
3835624960.0,-0.008638237603008747
3836562432.0,-0.012263660319149494
3837499904.0,-0.016421925276517868
3838437376.0,-0.020371627062559128
3839375104.0,-0.02524377778172493
3840312576.0,-0.02860053814947605
3841250048.0,-0.0326525941491127
3842187520.0,-0.03573999181389809
3843124992.0,-0.039765410125255585
3844062464.0,-0.042162470519542694
3844999936.0,-0.044303812086582184
3845937408.0,-0.04572788253426552
3846874880.0,-0.037592966109514236
3847812608.0,-0.033103037625551224
3848750080.0,-0.029536180198192596
3849687552.0,-0.026171818375587463
3850625024.0,-0.02361573651432991
3851562496.0,-0.021457349881529808
3852499968.0,-0.018947472795844078
3853437440.0,-0.01763835921883583
3854374912.0,-0.017020557075738907
3855312384.0,-0.015950117260217667
3856250112.0,-0.016062218695878983
3857187584.0,-0.016474498435854912
3858125056.0,-0.017010699957609177
3859062528.0,-0.018745873123407364
3860000000.0,-0.019644659012556076
3860937472.0,-0.02221454493701458
3861874944.0,-0.024478329345583916
3862812416.0,-0.02651100978255272
3863749888.0,-0.027896462008357048
3864687616.0,-0.03128169849514961
3865625088.0,-0.03548816218972206
3866562560.0,-0.038258858025074005
3867500032.0,-0.04132147878408432
3868437504.0,-0.043950583785772324
3869374976.0,-0.04660946875810623
3870312448.0,-0.048743102699518204
3871249920.0,-0.05065171420574188
3872187392.0,-0.052211642265319824
3873125120.0,-0.053617335855960846
3874062592.0,-0.05563671141862869
3875000064.0,-0.056392353028059006
3875937536.0,-0.06009221076965332
3876875008.0,-0.06269700080156326
3877812480.0,-0.06519781053066254
3878749952.0,-0.06712505966424942
3879687424.0,-0.06965291500091553
3880624896.0,-0.07011861354112625
3881562624.0,-0.0703420490026474
3882500096.0,-0.07203759998083115
3883437568.0,-0.07216722518205643
3884375040.0,-0.07170587033033371
3885312512.0,-0.0718303695321083
3886249984.0,-0.07158622145652771
3887187456.0,-0.07073099911212921
3888124928.0,-0.07082429528236389
3889062400.0,-0.07114539295434952
3889999872.0,-0.07072997093200684
3890937600.0,-0.0703497976064682
3891875072.0,-0.07042663544416428
3892812544.0,-0.07086619734764099
3893750016.0,-0.07148360460996628
3894687488.0,-0.07258079200983047
3895624960.0,-0.07531139999628067
3896562432.0,-0.07734847068786621
3897499904.0,-0.07920234650373459
3898437376.0,-0.08261094242334366
3899375104.0,-0.08556333929300308
3900312576.0,-0.08900097012519836
3901250048.0,-0.09314362704753876
3902187520.0,-0.0961148589849472
3903124992.0,-0.10130717605352402
3904062464.0,-0.1067327931523323
3904999936.0,-0.11065687984228134
3905937408.0,-0.11558935791254044
3906874880.0,-0.1318274885416031
3907812608.0,-0.1387823075056076
3908750080.0,-0.14502635598182678
3909687552.0,-0.14801368117332458
3910625024.0,-0.15006259083747864
3911562496.0,-0.1499081552028656
3912499968.0,-0.1486557424068451
3913437440.0,-0.14492225646972656
3914374912.0,-0.13889943063259125
3915312384.0,-0.13113293051719666
3916250112.0,-0.12081378698348999
3917187584.0,-0.10840553045272827
3918125056.0,-0.09617182612419128
3919062528.0,-0.08147089183330536
3920000000.0,-0.0659736916422844
3920937472.0,-0.0494966097176075
3921874944.0,-0.03342132642865181
3922812416.0,-0.017541605979204178
3923749888.0,-0.0015473286621272564
3924687616.0,0.014104466885328293
3925625088.0,0.02942791022360325
3926562560.0,0.04310547560453415
3927500032.0,0.0561230294406414
3928437504.0,0.06705223023891449
3929374976.0,0.07670262455940247
3930312448.0,0.08496756106615067
3931249920.0,0.08923596143722534
3932187392.0,0.09290065616369247
3933125120.0,0.09470756351947784
3934062592.0,0.09447290748357773
3935000064.0,0.09234108775854111
3935937536.0,0.0884607806801796
3936875008.0,0.08342619240283966
3937812480.0,0.07596536725759506
3938749952.0,0.06869116425514221
3939687424.0,0.060440368950366974
3940624896.0,0.05108997970819473
3941562624.0,0.04189571738243103
3942500096.0,0.032300952821969986
3943437568.0,0.022953154519200325
3944375040.0,0.013895077630877495
3945312512.0,0.0056851753033697605
3946249984.0,-0.0016480423510074615
3947187456.0,-0.008795498870313168
3948124928.0,-0.014937225729227066
3949062400.0,-0.0194904413074255
3950000128.0,-0.022923002019524574
3950937600.0,-0.02644956298172474
3951875072.0,-0.028659841045737267
3952812544.0,-0.03145420551300049
3953750016.0,-0.03403325006365776
3954687488.0,-0.036085646599531174
3955624960.0,-0.03836424648761749
3956562432.0,-0.04003462567925453
3957499904.0,-0.04255649819970131
3958437376.0,-0.045883581042289734
3959375104.0,-0.046196628361940384
3960312576.0,-0.04721767455339432
3961250048.0,-0.049339234828948975
3962187520.0,-0.05289405584335327
3963124992.0,-0.05525704100728035
3964062464.0,-0.05935770645737648
3964999936.0,-0.0643458440899849
3965937408.0,-0.06996484845876694
3966874880.0,-0.08433140814304352
3967812608.0,-0.09786507487297058
3968750080.0,-0.11244767159223557
3969687552.0,-0.126139298081398
3970625024.0,-0.1398879438638687
3971562496.0,-0.15258920192718506
3972499968.0,-0.16438139975070953
3973437440.0,-0.1737765520811081
3974374912.0,-0.18327780067920685
3975312384.0,-0.19154667854309082
3976250112.0,-0.19699902832508087
3977187584.0,-0.2030307501554489
3978125056.0,-0.20531640946865082
3979062528.0,-0.20658740401268005
3980000000.0,-0.20726867020130157
3980937472.0,-0.20484071969985962
3981874944.0,-0.20305009186267853
3982812416.0,-0.19771231710910797
3983749888.0,-0.19169341027736664
3984687616.0,-0.18392841517925262
3985625088.0,-0.17476347088813782
3986562560.0,-0.16479559242725372
3987500032.0,-0.15396243333816528
3988437504.0,-0.1419358253479004
3989374976.0,-0.13043014705181122
3990312448.0,-0.11779754608869553
3991249920.0,-0.10469473898410797
3992187392.0,-0.09210068732500076
3993125120.0,-0.08056937903165817
3994062592.0,-0.06874634325504303
3995000064.0,-0.05849280208349228
3995937536.0,-0.04950210452079773
3996875008.0,-0.041501693427562714
3997812480.0,-0.0355503186583519
3998749952.0,-0.029677269980311394
3999687424.0,-0.023778880015015602
4000624896.0,-0.03022097982466221
4001562624.0,-0.027836021035909653
4002500096.0,-0.02669650688767433
4003437568.0,-0.027261650189757347
4004375040.0,-0.028246214613318443
4005312512.0,-0.031503159552812576
4006249984.0,-0.03602612391114235
4007187456.0,-0.04069002345204353
4008124928.0,-0.04635922610759735
4009062400.0,-0.05338128283619881
4009999872.0,-0.06102435290813446
4010937600.0,-0.06931191682815552
4011875072.0,-0.07713373750448227
4012812544.0,-0.08541115373373032
4013750016.0,-0.0941842719912529
4014687488.0,-0.10233616828918457
4015624960.0,-0.1108417958021164
4016562432.0,-0.11757747828960419
4017499904.0,-0.12659770250320435
4018437376.0,-0.1332540065050125
4019375104.0,-0.14027146995067596
4020312576.0,-0.1460433453321457
4021250048.0,-0.15192940831184387
4022187520.0,-0.157084658741951
4023124992.0,-0.1615806668996811
4024062464.0,-0.1648203432559967
4024999936.0,-0.16901004314422607
4025937408.0,-0.1728406846523285
4026874880.0,-0.16557443141937256
4027812608.0,-0.17217573523521423
4028750080.0,-0.1786302626132965
4029687552.0,-0.18443883955478668
4030625024.0,-0.19042174518108368
4031562496.0,-0.19572408497333527
4032499968.0,-0.20048794150352478
4033437440.0,-0.20391668379306793
4034374912.0,-0.20530284941196442
4035312384.0,-0.2066498100757599
4036250112.0,-0.20723804831504822
4037187584.0,-0.20638300478458405
4038125056.0,-0.20293058454990387
4039062528.0,-0.199651837348938
4040000000.0,-0.1956396996974945
4040937472.0,-0.1896718442440033
4041874944.0,-0.18438681960105896
4042812416.0,-0.17744681239128113
4043749888.0,-0.1684543341398239
4044687616.0,-0.1589256227016449
4045625088.0,-0.14838160574436188
4046562560.0,-0.1357579082250595
4047500032.0,-0.12268725037574768
4048437504.0,-0.10974178463220596
4049374976.0,-0.09454837441444397
4050312448.0,-0.08007387816905975
4051249920.0,-0.06580757349729538
4052187392.0,-0.05199228599667549
4053125120.0,-0.037654343992471695
4054062592.0,-0.024454662576317787
4055000064.0,-0.01213744841516018
4055937536.0,0.0008799469214864075
4056875008.0,0.011571728624403477
4057812480.0,0.01913386955857277
4058749952.0,0.027171513065695763
4059687424.0,0.03394830599427223
4060624896.0,0.03946042060852051
4061562624.0,0.041295576840639114
4062500096.0,0.042396485805511475
4063437568.0,0.0422392413020134
4064375040.0,0.04222174733877182
4065312512.0,0.03779139369726181
4066249984.0,0.031907349824905396
4067187456.0,0.025832049548625946
4068124928.0,0.01801273413002491
4069062400.0,0.007635898422449827
4070000128.0,-0.002970054978504777
4070937600.0,-0.01456072274595499
4071875072.0,-0.02521311119198799
4072812544.0,-0.03765697404742241
4073750016.0,-0.0507984533905983
4074687488.0,-0.06474310159683228
4075624960.0,-0.07696818560361862
4076562432.0,-0.0898568257689476
4077499904.0,-0.10171830654144287
4078437376.0,-0.11268625408411026
4079375104.0,-0.12280619144439697
4080312576.0,-0.13200533390045166
4081250048.0,-0.140061154961586
4082187520.0,-0.14811868965625763
4083124992.0,-0.15359267592430115
4084062464.0,-0.15820834040641785
4084999936.0,-0.16165800392627716
4085937408.0,-0.16315145790576935
4086874880.0,-0.14523205161094666
4087812608.0,-0.1447277069091797
4088750080.0,-0.1442776918411255
4089687552.0,-0.14234411716461182
4090625024.0,-0.13974983990192413
4091562496.0,-0.13678203523159027
4092499968.0,-0.1322675496339798
4093437440.0,-0.12827177345752716
4094374912.0,-0.1233600303530693
4095312384.0,-0.11803634464740753
4096250112.0,-0.11187171190977097
4097187584.0,-0.1063012108206749
4098125056.0,-0.0998719334602356
4099062528.0,-0.09419094771146774
4100000000.0,-0.08733496069908142
4100937472.0,-0.08185281604528427
4101874944.0,-0.07621457427740097
4102812416.0,-0.07003060728311539
4103749888.0,-0.0644819512963295
4104687616.0,-0.05952295660972595
4105625088.0,-0.054796893149614334
4106562560.0,-0.0502929612994194
4107500032.0,-0.0473158024251461
4108437504.0,-0.041655708104372025
4109374976.0,-0.039619408547878265
4110312448.0,-0.03596333786845207
4111249920.0,-0.03352651000022888
4112187392.0,-0.030946509912610054
4113125120.0,-0.029544124379754066
4114062592.0,-0.028228282928466797
4115000064.0,-0.026240531355142593
4115937536.0,-0.026073966175317764
4116875008.0,-0.025496263056993484
4117812480.0,-0.024276163429021835
4118749952.0,-0.024860212579369545
4119687424.0,-0.024745645001530647
4120624896.0,-0.0256594717502594
4121562624.0,-0.025438522920012474
4122500096.0,-0.026163561269640923
4123437568.0,-0.028193166479468346
4124375040.0,-0.029408447444438934
4125312512.0,-0.03165585175156593
4126249984.0,-0.033314142376184464
4127187456.0,-0.03602838143706322
4128124928.0,-0.038506194949150085
4129062400.0,-0.04248421639204025
4129999872.0,-0.04565506428480148
4130937600.0,-0.049729615449905396
4131875072.0,-0.05337151139974594
4132812544.0,-0.05941828712821007
4133750016.0,-0.06403494626283646
4134687488.0,-0.07077685743570328
4135624960.0,-0.07680647820234299
4136562432.0,-0.0832175612449646
4137499904.0,-0.09202685207128525
4138437376.0,-0.09964252263307571
4139375104.0,-0.10877299308776855
4140312576.0,-0.11766340583562851
4141250048.0,-0.12544995546340942
4142187520.0,-0.13410095870494843
4143124992.0,-0.14290188252925873
4144062464.0,-0.15188826620578766
4144999936.0,-0.15927809476852417
4145937408.0,-0.1683201640844345
4146874880.0,-0.18871529400348663
4147812608.0,-0.1957595944404602
4148750080.0,-0.20021742582321167
4149687552.0,-0.20457202196121216
4150625024.0,-0.2050989866256714
4151562496.0,-0.20342926681041718
4152499968.0,-0.2012433409690857
4153437440.0,-0.19620347023010254
4154374912.0,-0.19005949795246124
4155312384.0,-0.18252550065517426
4156250112.0,-0.17330612242221832
4157187584.0,-0.16302619874477386
4158125056.0,-0.15185564756393433
4159062528.0,-0.1405169814825058
4160000000.0,-0.12844492495059967
4160937472.0,-0.11632788181304932
4161874944.0,-0.1043085902929306
4162812416.0,-0.09171157330274582
4163749888.0,-0.079461969435215
4164687616.0,-0.06758584827184677
4165625088.0,-0.05581986904144287
4166562560.0,-0.0453827902674675
4167500032.0,-0.03433402627706528
4168437504.0,-0.025672728195786476
4169374976.0,-0.01796242594718933
4170312448.0,-0.009881456382572651
4171249920.0,-0.0024700509384274483
4172187392.0,0.003348036902025342
4173125120.0,0.00923126470297575
4174062592.0,0.013850382529199123
4175000064.0,0.017606059089303017
4175937536.0,0.02191941998898983
4176875008.0,0.02497311681509018
4177812480.0,0.026066528633236885
4178749952.0,0.026211632415652275
4179687424.0,0.02718356065452099
4180624896.0,0.02679487317800522
4181562624.0,0.027223199605941772
4182500096.0,0.026898371055722237
4183437568.0,0.025753796100616455
4184375040.0,0.024474788457155228
4185312512.0,0.022158965468406677
4186249984.0,0.019597548991441727
4187187456.0,0.01590326800942421
4188124928.0,0.012162069790065289
4189062400.0,0.007866849191486835
4190000128.0,0.0033007655292749405
4190937600.0,-0.0032666127663105726
4191875072.0,-0.009103726595640182
4192812544.0,-0.015846891328692436
4193750016.0,-0.024013545364141464
4194687488.0,-0.03277274966239929
4195624960.0,-0.04138672724366188
4196562432.0,-0.05127173662185669
4197499904.0,-0.06068289652466774
4198437376.0,-0.0709315687417984
4199375104.0,-0.08295337110757828
4200312576.0,-0.09476487338542938
4201250048.0,-0.10763874650001526
4202187520.0,-0.12082083523273468
4203124992.0,-0.13339656591415405
4204062464.0,-0.14597681164741516
4204999936.0,-0.1584455370903015
4205937408.0,-0.1697635054588318
4206874880.0,-0.17227841913700104
4207812608.0,-0.18458259105682373
4208750080.0,-0.1966569870710373
4209687552.0,-0.2072480469942093
4210625024.0,-0.2185291349887848
4211562496.0,-0.22810140252113342
4212499968.0,-0.23732121288776398
4213437440.0,-0.24305738508701324
4214374912.0,-0.24890609085559845
4215312384.0,-0.2513824701309204
4216250112.0,-0.2522816061973572
4217187584.0,-0.25119316577911377
4218125056.0,-0.24699990451335907
4219062528.0,-0.2404637485742569
4220000000.0,-0.2322426736354828
4220937472.0,-0.22220298647880554
4221874944.0,-0.20948061347007751
4222812416.0,-0.1945217251777649
4223749888.0,-0.17873886227607727
4224687616.0,-0.16160091757774353
4225625088.0,-0.14134833216667175
4226562560.0,-0.11992944031953812
4227500032.0,-0.0983261689543724
4228437504.0,-0.07547701150178909
4229374976.0,-0.05235183984041214
4230312448.0,-0.03050174005329609
4231249920.0,-0.008575106039643288
4232187392.0,0.013616644777357578
4233125120.0,0.03476594015955925
4234062592.0,0.0541134774684906
4235000064.0,0.07237312197685242
4235937536.0,0.08883894979953766
4236875008.0,0.10307393968105316
4237812480.0,0.11527204513549805
4238749952.0,0.1242755576968193
4239687424.0,0.13114546239376068
4240624896.0,0.13445207476615906
4241562624.0,0.13625574111938477
4242500096.0,0.1354922652244568
4243437568.0,0.13159924745559692
4244375040.0,0.1267329305410385
4245312512.0,0.11817257851362228
4246249984.0,0.10785764455795288
4247187456.0,0.09659737348556519
4248124928.0,0.08230843394994736
4249062400.0,0.06705537438392639
4249999872.0,0.051312945783138275
4250937600.0,0.034730225801467896
4251875072.0,0.016620026901364326
4252812544.0,-0.000920575053896755
4253750016.0,-0.020145723596215248
4254687488.0,-0.03935877978801727
4255624960.0,-0.05832497030496597
4256562432.0,-0.07643073052167892
4257499904.0,-0.09511115401983261
4258437376.0,-0.11143777519464493
4259375104.0,-0.12757284939289093
4260312576.0,-0.14432373642921448
4261250048.0,-0.16021107137203217
4262187520.0,-0.17572566866874695
4263124992.0,-0.18946623802185059
4264062464.0,-0.20373114943504333
4264999936.0,-0.21772043406963348
4265937408.0,-0.22982122004032135
4266874880.0,-0.24174831807613373
4267812608.0,-0.2472802996635437
4268750080.0,-0.2522558867931366
4269687552.0,-0.2578299045562744
4270625024.0,-0.2631974220275879
4271562496.0,-0.26811137795448303
4272499968.0,-0.2731509804725647
4273437440.0,-0.276716411113739
4274374912.0,-0.2797531485557556
4275312384.0,-0.2813560366630554
4276250112.0,-0.282432496547699
4277187584.0,-0.2800275385379791
4278125056.0,-0.277618408203125
4279062528.0,-0.2735215425491333
4280000000.0,-0.2664588987827301
4280937472.0,-0.2573249340057373
4281874944.0,-0.246921569108963
4282812416.0,-0.23522745072841644
4283749888.0,-0.22131478786468506
4284687616.0,-0.2062615305185318
4285625088.0,-0.18965548276901245
4286562560.0,-0.16977332532405853
4287500032.0,-0.14922472834587097
4288437504.0,-0.1277586668729782
4289374976.0,-0.10479230433702469
4290312448.0,-0.08110292255878448
4291249920.0,-0.05795293301343918
4292187392.0,-0.034030161798000336
4293125120.0,-0.009091246873140335
4294062592.0,0.014081034809350967
4295000064.0,0.03678267076611519
4295937536.0,0.05797309800982475
4296875008.0,0.07931899279356003
4297812480.0,0.09945987910032272
4298749952.0,0.11595713347196579
4299687424.0,0.13127680122852325
4300624896.0,0.14493069052696228
4301562368.0,0.156090646982193
4302499840.0,0.16473791003227234
4303437312.0,0.17076309025287628
4304374784.0,0.17429475486278534
4305312256.0,0.1739405244588852
4306250240.0,0.17273463308811188
4307187712.0,0.16735029220581055
4308125184.0,0.15896105766296387
4309062656.0,0.1479247808456421
4310000128.0,0.1328423023223877
4310937600.0,0.11566940695047379
4311875072.0,0.0965832769870758
4312812544.0,0.07385710626840591
4313750016.0,0.05001084506511688
4314687488.0,0.02510930970311165
4315624960.0,-0.002558355452492833
4316562432.0,-0.03107130527496338
4317499904.0,-0.06067410856485367
4318437376.0,-0.0914091020822525
4319374848.0,-0.12101098150014877
4320312320.0,-0.15125849843025208
4321249792.0,-0.18093366920948029
4322187264.0,-0.2095201313495636
4323125248.0,-0.23600824177265167
4324062720.0,-0.25983452796936035
4325000192.0,-0.28291022777557373
4325937664.0,-0.303816020488739
4326875136.0,-0.3395092189311981
4327812608.0,-0.33458876609802246
4328750080.0,-0.32784855365753174
4329687552.0,-0.32067710161209106
4330625024.0,-0.3134578764438629
4331562496.0,-0.30485963821411133
4332499968.0,-0.2959849238395691
4333437440.0,-0.28783002495765686
4334374912.0,-0.28004714846611023
4335312384.0,-0.2735615670681
4336249856.0,-0.2661655843257904
4337187328.0,-0.26059117913246155
4338124800.0,-0.254871666431427
4339062272.0,-0.24820159375667572
4339999744.0,-0.2433025985956192
4340937728.0,-0.23850522935390472
4341875200.0,-0.23430821299552917
4342812672.0,-0.22855478525161743
4343750144.0,-0.22467301785945892
4344687616.0,-0.21862870454788208
4345625088.0,-0.21276037395000458
4346562560.0,-0.20729444921016693
4347500032.0,-0.1999705284833908
4348437504.0,-0.19226433336734772
4349374976.0,-0.18331289291381836
4350312448.0,-0.17428630590438843
4351249920.0,-0.16363373398780823
4352187392.0,-0.1520969569683075
4353124864.0,-0.13764791190624237
4354062336.0,-0.1227305456995964
4354999808.0,-0.10667682439088821
4355937280.0,-0.09025292098522186
4356874752.0,-0.07299114018678665
4357812736.0,-0.056896936148405075
4358750208.0,-0.041797373443841934
4359687680.0,-0.030331924557685852
4360625152.0,-0.022863313555717468
4361562624.0,-0.016881149262189865
4362500096.0,-0.01259691920131445
4363437568.0,-0.00978735089302063
4364375040.0,-0.009190495125949383
4365312512.0,-0.00768706202507019
4366249984.0,-0.007174821104854345
4367187456.0,-0.007173748221248388
4368124928.0,-0.0078068929724395275
4369062400.0,-0.00977872870862484
4369999872.0,-0.011245070025324821
4370937344.0,-0.01402743998914957
4371874816.0,-0.01707480661571026
4372812288.0,-0.02155422419309616
4373749760.0,-0.02764604613184929
4374687744.0,-0.0338253378868103
4375625216.0,-0.041230201721191406
4376562688.0,-0.05090905725955963
4377500160.0,-0.0623319037258625
4378437632.0,-0.07507847249507904
4379375104.0,-0.08962202817201614
4380312576.0,-0.10607291758060455
4381250048.0,-0.12580712139606476
4382187520.0,-0.1445668488740921
4383124992.0,-0.16733230650424957
4384062464.0,-0.19071254134178162
4384999936.0,-0.21421854197978973
4385937408.0,-0.23711827397346497
4386874880.0,-0.3300856351852417
4387812352.0,-0.3444187045097351
4388749824.0,-0.35811686515808105
4389687296.0,-0.36939331889152527
4390624768.0,-0.3771301805973053
4391562752.0,-0.38187479972839355
4392500224.0,-0.38527339696884155
4393437696.0,-0.38530394434928894
4394375168.0,-0.3818953037261963
4395312640.0,-0.37383928894996643
4396250112.0,-0.36299070715904236
4397187584.0,-0.3496972322463989
4398125056.0,-0.33172351121902466
4399062528.0,-0.3106395900249481
4400000000.0,-0.288496196269989
4400937472.0,-0.2631264328956604
4401874944.0,-0.23562829196453094
4402812416.0,-0.20670348405838013
4403749888.0,-0.1768592894077301
4404687360.0,-0.14476576447486877
4405624832.0,-0.11169140040874481
4406562304.0,-0.07954812049865723
4407499776.0,-0.04634810984134674
4408437248.0,-0.015450198203325272
4409375232.0,0.01542427483946085
4410312704.0,0.04479745775461197
4411250176.0,0.07164940237998962
4412187648.0,0.09699725359678268
4413125120.0,0.11949136108160019
4414062592.0,0.13972526788711548
4415000064.0,0.1567886471748352
4415937536.0,0.17054907977581024
4416875008.0,0.18088755011558533
4417812480.0,0.1882135570049286
4418749952.0,0.19189989566802979
4419687424.0,0.19203457236289978
4420624896.0,0.18957239389419556
4421562368.0,0.18270888924598694
4422499840.0,0.17371124029159546
4423437312.0,0.1595534235239029
4424374784.0,0.144227534532547
4425312256.0,0.1267157793045044
4426250240.0,0.1062438040971756
4427187712.0,0.08415713906288147
4428125184.0,0.059816550463438034
4429062656.0,0.03436121344566345
4430000128.0,0.008770869113504887
4430937600.0,-0.019039489328861237
4431875072.0,-0.04677040874958038
4432812544.0,-0.07240933179855347
4433750016.0,-0.0991700142621994
4434687488.0,-0.12594231963157654
4435624960.0,-0.14926059544086456
4436562432.0,-0.17148303985595703
4437499904.0,-0.19248339533805847
4438437376.0,-0.20975588262081146
4439374848.0,-0.22557803988456726
4440312320.0,-0.2389666587114334
4441249792.0,-0.2502748966217041
4442187264.0,-0.25817474722862244
4443125248.0,-0.26305142045021057
4444062720.0,-0.26729997992515564
4445000192.0,-0.26913031935691833
4445937664.0,-0.2692008912563324
4446875136.0,-0.2113703191280365
4447812608.0,-0.21682745218276978
4448750080.0,-0.21919390559196472
4449687552.0,-0.21896909177303314
4450625024.0,-0.215042844414711
4451562496.0,-0.20828406512737274
4452499968.0,-0.20033785700798035
4453437440.0,-0.18844091892242432
4454374912.0,-0.17372848093509674
4455312384.0,-0.15727746486663818
4456249856.0,-0.13922826945781708
4457187328.0,-0.11817721277475357
4458124800.0,-0.0973728746175766
4459062272.0,-0.07602567970752716
4460000256.0,-0.054401248693466187
4460937728.0,-0.03165806457400322
4461875200.0,-0.008945443667471409
4462812672.0,0.012518578208982944
4463750144.0,0.0329694040119648
4464687616.0,0.052088312804698944
4465625088.0,0.07009010761976242
4466562560.0,0.08544357120990753
4467500032.0,0.09886419028043747
4468437504.0,0.11017495393753052
4469374976.0,0.11738649010658264
4470312448.0,0.1230551227927208
4471249920.0,0.12504029273986816
4472187392.0,0.1243748813867569
4473124864.0,0.12077246606349945
4474062336.0,0.11431336402893066
4474999808.0,0.10420916229486465
4475937280.0,0.09149140864610672
4476874752.0,0.07580575346946716
4477812736.0,0.058398663997650146
4478750208.0,0.03874650225043297
4479687680.0,0.016240427270531654
4480625152.0,-0.007962198927998543
4481562624.0,-0.03272213786840439
4482500096.0,-0.05993374437093735
4483437568.0,-0.08721072971820831
4484375040.0,-0.11576415598392487
4485312512.0,-0.14389583468437195
4486249984.0,-0.17080441117286682
4487187456.0,-0.1984437108039856
4488124928.0,-0.22631950676441193
4489062400.0,-0.2525373101234436
4489999872.0,-0.27602773904800415
4490937344.0,-0.29811057448387146
4491874816.0,-0.3189409673213959
4492812288.0,-0.33822712302207947
4493749760.0,-0.35394591093063354
4494687744.0,-0.36875078082084656
4495625216.0,-0.38029468059539795
4496562688.0,-0.3912365436553955
4497500160.0,-0.3989455997943878
4498437632.0,-0.40404650568962097
4499375104.0,-0.40743115544319153
4500312576.0,-0.4092772603034973
4501250048.0,-0.4101373255252838
4502187520.0,-0.40866339206695557
4503124992.0,-0.40705451369285583
4504062464.0,-0.4039817452430725
4504999936.0,-0.40057334303855896
4505937408.0,-0.3969038426876068
4506874880.0,-0.2772061824798584
4507812352.0,-0.27513155341148376
4508749824.0,-0.27342379093170166
4509687296.0,-0.27100086212158203
4510624768.0,-0.2709468901157379
4511562752.0,-0.2708704173564911
4512500224.0,-0.2719736397266388
4513437696.0,-0.27352669835090637
4514375168.0,-0.27789148688316345
4515312640.0,-0.2812648117542267
4516250112.0,-0.28685662150382996
4517187584.0,-0.2923453450202942
4518125056.0,-0.298440545797348
4519062528.0,-0.30511629581451416
4520000000.0,-0.3129306435585022
4520937472.0,-0.32217609882354736
4521874944.0,-0.3303331434726715
4522812416.0,-0.34115076065063477
4523749888.0,-0.3503877520561218
4524687360.0,-0.3602003753185272
4525624832.0,-0.369041383266449
4526562304.0,-0.37795543670654297
4527499776.0,-0.3872772753238678
4528437248.0,-0.3951837122440338
4529375232.0,-0.40248358249664307
4530312704.0,-0.4107694923877716
4531250176.0,-0.41927096247673035
4532187648.0,-0.42568111419677734
4533125120.0,-0.4327380061149597
4534062592.0,-0.4380285143852234
4535000064.0,-0.443256139755249
4535937536.0,-0.44822633266448975
4536875008.0,-0.45201319456100464
4537812480.0,-0.45462194085121155
4538749952.0,-0.4583612084388733
4539687424.0,-0.4588417708873749
4540624896.0,-0.4603399336338043
4541562368.0,-0.4609106183052063
4542499840.0,-0.45900845527648926
4543437312.0,-0.458632230758667
4544374784.0,-0.45705950260162354
4545312256.0,-0.45469358563423157
4546250240.0,-0.4516379237174988
4547187712.0,-0.44986972212791443
4548125184.0,-0.4457717835903168
4549062656.0,-0.4428935945034027
4550000128.0,-0.43940913677215576
4550937600.0,-0.4370685815811157
4551875072.0,-0.43374544382095337
4552812544.0,-0.430176705121994
4553750016.0,-0.4275704026222229
4554687488.0,-0.4256494343280792
4555624960.0,-0.4251711070537567
4556562432.0,-0.4226134419441223
4557499904.0,-0.42150619626045227
4558437376.0,-0.4199313521385193
4559374848.0,-0.4186772108078003
4560312320.0,-0.4182455539703369
4561249792.0,-0.4177553057670593
4562187264.0,-0.41631999611854553
4563125248.0,-0.4160280227661133
4564062720.0,-0.4147767424583435
4565000192.0,-0.4136265218257904
4565937664.0,-0.4109276235103607
4566875136.0,-0.3650575876235962
4567812608.0,-0.37090250849723816
4568750080.0,-0.3762567937374115
4569687552.0,-0.37896332144737244
4570625024.0,-0.3808191418647766
4571562496.0,-0.3803776204586029
4572499968.0,-0.3767673075199127
4573437440.0,-0.37127408385276794
4574374912.0,-0.364698588848114
4575312384.0,-0.35509613156318665
4576249856.0,-0.34441351890563965
4577187328.0,-0.33110833168029785
4578124800.0,-0.3167625963687897
4579062272.0,-0.29977697134017944
4579999744.0,-0.2813494801521301
4580937728.0,-0.26152074337005615
4581875200.0,-0.2410431206226349
4582812672.0,-0.21837253868579865
4583750144.0,-0.1962827891111374
4584687616.0,-0.17355667054653168
4585625088.0,-0.15029169619083405
4586562560.0,-0.1283378303050995
4587500032.0,-0.10518795996904373
4588437504.0,-0.08344613015651703
4589374976.0,-0.0641351118683815
4590312448.0,-0.045897334814071655
4591249920.0,-0.028420154005289078
4592187392.0,-0.013773580081760883
4593124864.0,-9.47445587371476e-05
4594062336.0,0.01137176901102066
4594999808.0,0.01958361454308033
4595937280.0,0.026215892285108566
4596874752.0,0.02896720916032791
4597812736.0,0.02914539724588394
4598750208.0,0.026572048664093018
4599687680.0,0.021126573905348778
4600625152.0,0.015091469511389732
4601562624.0,0.004644309636205435
4602500096.0,-0.006852081976830959
4603437568.0,-0.02123340032994747
4604375040.0,-0.03750137239694595
4605312512.0,-0.05489979311823845
4606249984.0,-0.07528529316186905
4607187456.0,-0.09654542803764343
4608124928.0,-0.11879130452871323
4609062400.0,-0.14072231948375702
4609999872.0,-0.16376709938049316
4610937344.0,-0.1868577003479004
4611874816.0,-0.208231583237648
4612812288.0,-0.23075687885284424
4613749760.0,-0.25246548652648926
4614687744.0,-0.27140453457832336
4615625216.0,-0.2915654182434082
4616562688.0,-0.3090800344944
4617500160.0,-0.32525190711021423
4618437632.0,-0.340448796749115
4619375104.0,-0.35565298795700073
4620312576.0,-0.36834222078323364
4621250048.0,-0.380828320980072
4622187520.0,-0.39294424653053284
4623124992.0,-0.4030531644821167
4624062464.0,-0.4118507206439972
4624999936.0,-0.42180299758911133
4625937408.0,-0.4296282231807709
4626874880.0,-0.4436696767807007
4627812352.0,-0.438638836145401
4628749824.0,-0.43241724371910095
4629687296.0,-0.4250456392765045
4630624768.0,-0.4165257215499878
4631562752.0,-0.40712347626686096
4632500224.0,-0.39690858125686646
4633437696.0,-0.38805779814720154
4634375168.0,-0.3784313499927521
4635312640.0,-0.3694038391113281
4636250112.0,-0.358950138092041
4637187584.0,-0.349276602268219
4638125056.0,-0.3413572907447815
4639062528.0,-0.3334229290485382
4640000000.0,-0.32518303394317627
4640937472.0,-0.3170519173145294
4641874944.0,-0.3116763234138489
4642812416.0,-0.30585041642189026
4643749888.0,-0.3019754886627197
4644687360.0,-0.29977262020111084
4645624832.0,-0.29775428771972656
4646562304.0,-0.29808083176612854
4647499776.0,-0.3000050187110901
4648437248.0,-0.3030971884727478
4649375232.0,-0.3066629469394684
4650312704.0,-0.30964189767837524
4651250176.0,-0.3142760396003723
4652187648.0,-0.31958621740341187
4653125120.0,-0.32637420296669006
4654062592.0,-0.33394959568977356
4655000064.0,-0.34200942516326904
4655937536.0,-0.3520735204219818
4656875008.0,-0.36059626936912537
4657812480.0,-0.37235116958618164
4658749952.0,-0.3831142783164978
4659687424.0,-0.3942933976650238
4660624896.0,-0.4067186713218689
4661562368.0,-0.4194234013557434
4662499840.0,-0.433066189289093
4663437312.0,-0.4461236298084259
4664374784.0,-0.46128469705581665
4665312256.0,-0.47498247027397156
4666250240.0,-0.489877313375473
4667187712.0,-0.5054965615272522
4668125184.0,-0.5215013027191162
4669062656.0,-0.5372098684310913
4670000128.0,-0.5521825551986694
4670937600.0,-0.5669215321540833
4671875072.0,-0.5820912718772888
4672812544.0,-0.5952222347259521
4673750016.0,-0.6091963648796082
4674687488.0,-0.6218924522399902
4675624960.0,-0.6327246427536011
4676562432.0,-0.644571840763092
4677499904.0,-0.6553922891616821
4678437376.0,-0.6671963334083557
4679374848.0,-0.6753578782081604
4680312320.0,-0.6844918727874756
4681249792.0,-0.6912275552749634
4682187264.0,-0.697104811668396
4683125248.0,-0.7022386193275452
4684062720.0,-0.7042766213417053
4685000192.0,-0.7050424218177795
4685937664.0,-0.7036228179931641
4686875136.0,-0.6792377829551697
4687812608.0,-0.6780224442481995
4688750080.0,-0.6740129590034485
4689687552.0,-0.6672499179840088
4690625024.0,-0.6583574414253235
4691562496.0,-0.6473575830459595
4692499968.0,-0.6341310143470764
4693437440.0,-0.6175436973571777
4694374912.0,-0.5998368859291077
4695312384.0,-0.5800260305404663
4696249856.0,-0.5582022070884705
4697187328.0,-0.5366935729980469
4698124800.0,-0.5125850439071655
4699062272.0,-0.48990797996520996
4700000256.0,-0.46663564443588257
4700937728.0,-0.44434863328933716
4701875200.0,-0.4233566224575043
4702812672.0,-0.4040084183216095
4703750144.0,-0.386066734790802
4704687616.0,-0.37050893902778625
4705625088.0,-0.35826000571250916
4706562560.0,-0.35067257285118103
4707500032.0,-0.34578263759613037
4708437504.0,-0.344777911901474
4709374976.0,-0.34978237748146057
4710312448.0,-0.3588936924934387
4711249920.0,-0.37349528074264526
4712187392.0,-0.39215561747550964
4713124864.0,-0.4163253903388977
4714062336.0,-0.4441680908203125
4714999808.0,-0.47644704580307007
4715937280.0,-0.5133219361305237
4716874752.0,-0.5524784326553345
4717812736.0,-0.5955633521080017
4718750208.0,-0.6418765783309937
4719687680.0,-0.6902439594268799
4720625152.0,-0.7393900752067566
4721562624.0,-0.7888806462287903
4722500096.0,-0.8393514156341553
4723437568.0,-0.8867643475532532
4724375040.0,-0.9331310987472534
4725312512.0,-0.9766778945922852
4726249984.0,-1.0155441761016846
4727187456.0,-1.0524719953536987
4728124928.0,-1.0835185050964355
4729062400.0,-1.1102323532104492
4729999872.0,-1.132615089416504
4730937344.0,-1.1506630182266235
4731874816.0,-1.1630666255950928
4732812288.0,-1.1726354360580444
4733749760.0,-1.1785095930099487
4734687744.0,-1.1804232597351074
4735625216.0,-1.1800072193145752
4736562688.0,-1.176430344581604
4737500160.0,-1.1712486743927002
4738437632.0,-1.1635711193084717
4739375104.0,-1.154482126235962
4740312576.0,-1.1427785158157349
4741250048.0,-1.1304551362991333
4742187520.0,-1.1167819499969482
4743124992.0,-1.1033451557159424
4744062464.0,-1.0878489017486572
4744999936.0,-1.0729478597640991
4745937408.0,-1.0569730997085571
4746874880.0,-0.8119931817054749
4747812352.0,-0.8191666007041931
4748749824.0,-0.8261141180992126
4749687296.0,-0.8333173990249634
4750624768.0,-0.8406460285186768
4751562752.0,-0.8463342189788818
4752500224.0,-0.8519461154937744
4753437696.0,-0.8572632670402527
4754375168.0,-0.8617553114891052
4755312640.0,-0.8648701310157776
4756250112.0,-0.8671942353248596
4757187584.0,-0.8698698878288269
4758125056.0,-0.8706901669502258
4759062528.0,-0.8714959621429443
4760000000.0,-0.8699474930763245
4760937472.0,-0.8660873770713806
4761874944.0,-0.8647759556770325
4762812416.0,-0.8615842461585999
4763749888.0,-0.8570663928985596
4764687360.0,-0.8516871929168701
4765624832.0,-0.8470471501350403
4766562304.0,-0.8416177034378052
4767499776.0,-0.8361223340034485
4768437248.0,-0.830719530582428
4769375232.0,-0.8251521587371826
4770312704.0,-0.8201565146446228
4771250176.0,-0.8144335150718689
4772187648.0,-0.809593915939331
4773125120.0,-0.805417537689209
4774062592.0,-0.8023293018341064
4775000064.0,-0.7995445132255554
4775937536.0,-0.7982518672943115
4776875008.0,-0.7975341081619263
4777812480.0,-0.7996176481246948
4778749952.0,-0.8034175634384155
4779687424.0,-0.8091246485710144
4780624896.0,-0.8148362636566162
4781562368.0,-0.8237324357032776
4782499840.0,-0.8345080614089966
4783437312.0,-0.847792387008667
4784374784.0,-0.8613952994346619
4785312256.0,-0.8777269124984741
4786250240.0,-0.8977991342544556
4787187712.0,-0.917805552482605
4788125184.0,-0.9405148029327393
4789062656.0,-0.9641233086585999
4790000128.0,-0.9893433451652527
4790937600.0,-1.015946626663208
4791875072.0,-1.0428035259246826
4792812544.0,-1.070154070854187
4793750016.0,-1.0980393886566162
4794687488.0,-1.1252806186676025
4795624960.0,-1.1528230905532837
4796562432.0,-1.1810574531555176
4797499904.0,-1.207009196281433
4798437376.0,-1.2320990562438965
4799374848.0,-1.2568919658660889
4800312320.0,-1.2806792259216309
4801249792.0,-1.3009425401687622
4802187264.0,-1.3206658363342285
4803125248.0,-1.338800072669983
4804062720.0,-1.353256344795227
4805000192.0,-1.366695761680603
4805937664.0,-1.3784031867980957
4806875136.0,-1.2363173961639404
4807812608.0,-1.2426204681396484
4808750080.0,-1.2459847927093506
4809687552.0,-1.246935486793518
4810625024.0,-1.2471033334732056
4811562496.0,-1.2450634241104126
4812499968.0,-1.2407954931259155
4813437440.0,-1.236887812614441
4814374912.0,-1.231189489364624
4815312384.0,-1.2247685194015503
4816249856.0,-1.2185816764831543
4817187328.0,-1.2116434574127197
4818124800.0,-1.2043935060501099
4819062272.0,-1.197259545326233
4819999744.0,-1.1920115947723389
4820937728.0,-1.1861166954040527
4821875200.0,-1.1815327405929565
4822812672.0,-1.1788371801376343
4823750144.0,-1.1767624616622925
4824687616.0,-1.176634430885315
4825625088.0,-1.1771516799926758
4826562560.0,-1.1786161661148071
4827500032.0,-1.1820238828659058
4828437504.0,-1.1885123252868652
4829374976.0,-1.1960248947143555
4830312448.0,-1.2054054737091064
4831249920.0,-1.2176399230957031
4832187392.0,-1.2307771444320679
4833124864.0,-1.245562195777893
4834062336.0,-1.2625068426132202
4834999808.0,-1.280489206314087
4835937280.0,-1.2988938093185425
4836874752.0,-1.3183032274246216
4837812736.0,-1.338823914527893
4838750208.0,-1.3606823682785034
4839687680.0,-1.3828277587890625
4840625152.0,-1.4044724702835083
4841562624.0,-1.4248930215835571
4842500096.0,-1.4462316036224365
4843437568.0,-1.4658976793289185
4844375040.0,-1.4844847917556763
4845312512.0,-1.5018138885498047
4846249984.0,-1.5221192836761475
4847187456.0,-1.5387587547302246
4848124928.0,-1.5545403957366943
4849062400.0,-1.56992769241333
4849999872.0,-1.5835235118865967
4850937344.0,-1.5947431325912476
4851874816.0,-1.6064003705978394
4852812288.0,-1.6147032976150513
4853749760.0,-1.622348427772522
4854687744.0,-1.629138469696045
4855625216.0,-1.634137511253357
4856562688.0,-1.6384928226470947
4857500160.0,-1.6421995162963867
4858437632.0,-1.6458741426467896
4859375104.0,-1.6496186256408691
4860312576.0,-1.653346300125122
4861250048.0,-1.6575266122817993
4862187520.0,-1.6623785495758057
4863124992.0,-1.6667348146438599
4864062464.0,-1.6714072227478027
4864999936.0,-1.6748464107513428
4865937408.0,-1.677614688873291
4866874880.0,-1.6592854261398315
4867812352.0,-1.6629843711853027
4868749824.0,-1.6662195920944214
4869687296.0,-1.6696354150772095
4870624768.0,-1.674843668937683
4871562752.0,-1.679819107055664
4872500224.0,-1.6848191022872925
4873437696.0,-1.6926629543304443
4874375168.0,-1.7005817890167236
4875312640.0,-1.7099193334579468
4876250112.0,-1.7185581922531128
4877187584.0,-1.7282350063323975
4878125056.0,-1.7385673522949219
4879062528.0,-1.7492204904556274
4880000000.0,-1.7611773014068604
4880937472.0,-1.7725187540054321
4881874944.0,-1.7846227884292603
4882812416.0,-1.7974084615707397
4883749888.0,-1.810655951499939
4884687360.0,-1.8233102560043335
4885624832.0,-1.8364512920379639
4886562304.0,-1.8489608764648438
4887499776.0,-1.8599668741226196
4888437248.0,-1.8704391717910767
4889375232.0,-1.8790849447250366
4890312704.0,-1.885715126991272
4891250176.0,-1.8894706964492798
4892187648.0,-1.890501618385315
4893125120.0,-1.8884148597717285
4894062592.0,-1.8837769031524658
4895000064.0,-1.8755415678024292
4895937536.0,-1.8664402961730957
4896875008.0,-1.8525736331939697
4897812480.0,-1.8371397256851196
4898749952.0,-1.8203856945037842
4899687424.0,-1.8013412952423096
4900624896.0,-1.7788139581680298
4901562368.0,-1.7557728290557861
4902499840.0,-1.7311575412750244
4903437312.0,-1.7051732540130615
4904374784.0,-1.6777403354644775
4905312256.0,-1.64974045753479
4906250240.0,-1.620794415473938
4907187712.0,-1.593167781829834
4908125184.0,-1.5661407709121704
4909062656.0,-1.5413298606872559
4910000128.0,-1.5175870656967163
4910937600.0,-1.494002342224121
4911875072.0,-1.4739042520523071
4912812544.0,-1.4548866748809814
4913750016.0,-1.4375972747802734
4914687488.0,-1.4219800233840942
4915624960.0,-1.4096473455429077
4916562432.0,-1.3981798887252808
4917499904.0,-1.3908662796020508
4918437376.0,-1.3849025964736938
4919374848.0,-1.3819762468338013
4920312320.0,-1.3800499439239502
4921249792.0,-1.3813077211380005
4922187264.0,-1.330373764038086
4923125248.0,-1.3192459344863892
4924062720.0,-1.3085124492645264
4925000192.0,-1.299011468887329
4925937664.0,-1.402726650238037
4926875136.0,-1.4091229438781738
4927812608.0,-1.4148156642913818
4928750080.0,-1.4199599027633667
4929687552.0,-1.4241008758544922
4930625024.0,-1.4268319606781006
4931562496.0,-1.4275932312011719
4932499968.0,-1.4249459505081177
4933437440.0,-1.4220435619354248
4934374912.0,-1.4158101081848145
4935312384.0,-1.4076929092407227
4936249856.0,-1.3970128297805786
4937187328.0,-1.3857614994049072
4938124800.0,-1.3698664903640747
4939062272.0,-1.3528785705566406
4940000256.0,-1.3331799507141113
4940937728.0,-1.3134156465530396
4941875200.0,-1.2910069227218628
4942812672.0,-1.2675145864486694
4943750144.0,-1.2451092004776
4944687616.0,-1.2216516733169556
4945625088.0,-1.1975581645965576
4946562560.0,-1.175430178642273
4947500032.0,-1.1550694704055786
4948437504.0,-1.1328585147857666
4949374976.0,-1.1142418384552002
4950312448.0,-1.0966535806655884
4951249920.0,-1.080331802368164
4952187392.0,-1.0681931972503662
4953124864.0,-1.0570629835128784
4954062336.0,-1.0489792823791504
4954999808.0,-1.0409191846847534
4955937280.0,-1.036797285079956
4956874752.0,-1.0316065549850464
4957812736.0,-1.0290521383285522
4958750208.0,-1.0263433456420898
4959687680.0,-1.0258623361587524
4960625152.0,-1.0237499475479126
4961562624.0,-1.0225937366485596
4962500096.0,-1.020554542541504
4963437568.0,-1.0165399312973022
4964375040.0,-1.0130343437194824
4965312512.0,-1.0071676969528198
4966249984.0,-0.9990161061286926
4967187456.0,-0.9922625422477722
4968124928.0,-0.9840171337127686
4969062400.0,-0.9758466482162476
4969999872.0,-0.9666584134101868
4970937344.0,-0.9569253325462341
4971874816.0,-0.9469436407089233
4972812288.0,-0.9366065263748169
4973749760.0,-0.9274088144302368
4974687744.0,-0.9181859493255615
4975625216.0,-0.9086824655532837
4976562688.0,-0.9020283222198486
4977500160.0,-0.8944823741912842
4978437632.0,-0.8870183229446411
4979375104.0,-0.8791044354438782
4980312576.0,-0.8713861107826233
4981250048.0,-0.8632843494415283
4982187520.0,-0.8560744524002075
4983124992.0,-0.8480591177940369
4984062464.0,-0.8376819491386414
4984999936.0,-0.8281752467155457
4985937408.0,-0.805109441280365
4986874880.0,-0.7949731945991516
4987812352.0,-0.7861519455909729
4988749824.0,-0.7786091566085815
4989687296.0,-0.7725024223327637
4990624768.0,-0.7669830322265625
4991562752.0,-0.7630131244659424
4992500224.0,-0.7592849135398865
4993437696.0,-0.75815749168396
4994375168.0,-0.7583978176116943
4995312640.0,-0.7598684430122375
4996250112.0,-0.7631524205207825
4997187584.0,-0.7680386304855347
4998125056.0,-0.7726351022720337
4999062528.0,-0.7809253334999084
5000000000.0,-0.7885452508926392
5000937472.0,-0.7965222597122192
5001874944.0,-0.8045837879180908
5002812416.0,-0.8137774467468262
5003749888.0,-0.821584165096283
5004687360.0,-0.8286545872688293
5005624832.0,-0.8343961238861084
5006562304.0,-0.840246319770813
5007499776.0,-0.8435415029525757
5008437248.0,-0.8462168574333191
5009375232.0,-0.8456509113311768
5010312704.0,-0.8437135815620422
5011250176.0,-0.840420126914978
5012187648.0,-0.8338978290557861
5013125120.0,-0.8250473141670227
5014062592.0,-0.8145745396614075
5015000064.0,-0.8004025816917419
5015937536.0,-0.784800112247467
5016875008.0,-0.7671177983283997
5017812480.0,-0.7455678582191467
5018749952.0,-0.7231228947639465
5019687424.0,-0.6971738338470459
5020624896.0,-0.6703916788101196
5021562368.0,-0.6414914131164551
5022499840.0,-0.6105488538742065
5023437312.0,-0.57878178358078
5024374784.0,-0.5484323501586914
5025312256.0,-0.5160245895385742
5026250240.0,-0.4840000569820404
5027187712.0,-0.4532829821109772
5028125184.0,-0.42452725768089294
5029062656.0,-0.39471662044525146
5030000128.0,-0.3690940737724304
5030937600.0,-0.34393638372421265
5031875072.0,-0.3224540054798126
5032812544.0,-0.30136075615882874
5033750016.0,-0.2839285731315613
5034687488.0,-0.26920443773269653
5035624960.0,-0.25721144676208496
5036562432.0,-0.2486354410648346
5037499904.0,-0.24278399348258972
5038437376.0,-0.24097076058387756
5039374848.0,-0.24124714732170105
5040312320.0,-0.2441648691892624
5041249792.0,-0.25145861506462097
5042187264.0,-0.26083317399024963
5043125248.0,-0.2736959159374237
5044062720.0,-0.2884058654308319
5045000192.0,-0.30607107281684875
5045937664.0,-0.5758092403411865
5046875136.0,-0.5851149559020996
5047812608.0,-0.5944506525993347
5048750080.0,-0.6043294668197632
5049687552.0,-0.6149706244468689
5050625024.0,-0.6244288086891174
5051562496.0,-0.6345093846321106
5052499968.0,-0.6440863013267517
5053437440.0,-0.653866171836853
5054374912.0,-0.663117527961731
5055312384.0,-0.670666515827179
5056249856.0,-0.6783573031425476
5057187328.0,-0.6847987771034241
5058124800.0,-0.6908766031265259
5059062272.0,-0.6957153081893921
5059999744.0,-0.6993323564529419
5060937728.0,-0.6997798085212708
5061875200.0,-0.6996452808380127
5062812672.0,-0.6987842321395874
5063750144.0,-0.6959981322288513
5064687616.0,-0.6911803483963013
5065625088.0,-0.6841418147087097
5066562560.0,-0.6753146648406982
5067500032.0,-0.6644513607025146
5068437504.0,-0.651854932308197
5069374976.0,-0.6367868781089783
5070312448.0,-0.6212381720542908
5071249920.0,-0.6036141514778137
5072187392.0,-0.5837451815605164
5073124864.0,-0.5631595253944397
5074062336.0,-0.5412145256996155
5074999808.0,-0.5189028978347778
5075937280.0,-0.49415385723114014
5076874752.0,-0.46980583667755127
5077812736.0,-0.44515979290008545
5078750208.0,-0.41908469796180725
5079687680.0,-0.39372697472572327
5080625152.0,-0.3675422668457031
5081562624.0,-0.34316813945770264
5082500096.0,-0.32000428438186646
5083437568.0,-0.2978861331939697
5084375040.0,-0.27649247646331787
5085312512.0,-0.2575068175792694
5086249984.0,-0.24048809707164764
5087187456.0,-0.2247837781906128
5088124928.0,-0.2124975025653839
5089062400.0,-0.20210763812065125
5089999872.0,-0.19455645978450775
5090937344.0,-0.19062210619449615
5091874816.0,-0.18836219608783722
5092812288.0,-0.18946176767349243
5093749760.0,-0.19226644933223724
5094687744.0,-0.19870808720588684
5095625216.0,-0.20615869760513306
5096562688.0,-0.21672162413597107
5097500160.0,-0.22949588298797607
5098437632.0,-0.2439432293176651
5099375104.0,-0.2611859440803528
5100312576.0,-0.2802370488643646
5101250048.0,-0.3012497127056122
5102187520.0,-0.32352662086486816
5103124992.0,-0.3468017280101776
5104062464.0,-0.3703139126300812
5104999936.0,-0.3951748013496399
5105937408.0,-0.4906720817089081
5106874880.0,-0.5087372064590454
5107812352.0,-0.5266414880752563
5108749824.0,-0.5406259894371033
5109687296.0,-0.5546392202377319
5110624768.0,-0.5675535798072815
5111562752.0,-0.5770158767700195
5112500224.0,-0.5847815871238708
5113437696.0,-0.5901599526405334
5114375168.0,-0.5936859846115112
5115312640.0,-0.5960359573364258
5116250112.0,-0.5960590839385986
5117187584.0,-0.5939490795135498
5118125056.0,-0.5908294916152954
5119062528.0,-0.586236298084259
5120000000.0,-0.581761360168457
5120937472.0,-0.5772051215171814
5121874944.0,-0.5703405141830444
5122812416.0,-0.5651363134384155
5123749888.0,-0.5575993657112122
5124687360.0,-0.5513156056404114
5125624832.0,-0.5430428981781006
5126562304.0,-0.5352081060409546
5127499776.0,-0.5267919301986694
5128437248.0,-0.5187971591949463
5129375232.0,-0.507462739944458
5130312704.0,-0.49874767661094666
5131250176.0,-0.486478328704834
5132187648.0,-0.47403645515441895
5133125120.0,-0.4606739282608032
5134062592.0,-0.444485068321228
5135000064.0,-0.4288738965988159
5135937536.0,-0.41192176938056946
5136875008.0,-0.3942495584487915
5137812480.0,-0.37548068165779114
5138749952.0,-0.3572646677494049
5139687424.0,-0.3385530710220337
5140624896.0,-0.32058480381965637
5141562368.0,-0.3045044541358948
5142499840.0,-0.2901323139667511
5143437312.0,-0.2791462540626526
5144374784.0,-0.2709266245365143
5145312256.0,-0.268837571144104
5146250240.0,-0.27281713485717773
5147187712.0,-0.28392571210861206
5148125184.0,-0.2981875240802765
5149062656.0,-0.3164632022380829
5150000128.0,-0.33434057235717773
5150937600.0,-0.35389336943626404
5151875072.0,-0.3740748167037964
5152812544.0,-0.39392802119255066
5153750016.0,-0.413621723651886
5154687488.0,-0.4319470524787903
5155624960.0,-0.4494866728782654
5156562432.0,-0.4653957784175873
5157499904.0,-0.479654997587204
5158437376.0,-0.4922877848148346
5159374848.0,-0.502465546131134
5160312320.0,-0.5124655365943909
5161249792.0,-0.5213411450386047
5162187264.0,-0.5297116637229919
5163125248.0,-0.5376904606819153
5164062720.0,-0.5451749563217163
5165000192.0,-0.5535587072372437
5165937664.0,-0.558520495891571
5166875136.0,-0.5719642043113708
5167812608.0,-0.5872839093208313
5168750080.0,-0.602776288986206
5169687552.0,-0.6195738315582275
5170625024.0,-0.6362236738204956
5171562496.0,-0.652944803237915
5172499968.0,-0.670545220375061
5173437440.0,-0.6875684261322021
5174374912.0,-0.7036966681480408
5175312384.0,-0.7171554565429688
5176249856.0,-0.7296212315559387
5177187328.0,-0.7406984567642212
5178124800.0,-0.7487796545028687
5179062272.0,-0.7557357549667358
5180000256.0,-0.7596852779388428
5180937728.0,-0.7605798840522766
5181875200.0,-0.7588894367218018
5182812672.0,-0.7543023228645325
5183750144.0,-0.7462218403816223
5184687616.0,-0.7362356781959534
5185625088.0,-0.7247328758239746
5186562560.0,-0.7096851468086243
5187500032.0,-0.6938436627388
5188437504.0,-0.6765510439872742
5189374976.0,-0.655838131904602
5190312448.0,-0.634545624256134
5191249920.0,-0.6136339902877808
5192187392.0,-0.5899614095687866
5193124864.0,-0.5668734908103943
5194062336.0,-0.5440205931663513
5194999808.0,-0.5209504961967468
5195937280.0,-0.4984550178050995
5196874752.0,-0.4759981632232666
5197812736.0,-0.4553724229335785
5198750208.0,-0.436145156621933
5199687680.0,-0.4184621572494507
5200625152.0,-0.4025323688983917
5201562624.0,-0.3895334303379059
5202500096.0,-0.377762109041214
5203437568.0,-0.36784788966178894
5204375040.0,-0.3630085289478302
5205312512.0,-0.360773503780365
5206249984.0,-0.35945752263069153
5207187456.0,-0.36192095279693604
5208124928.0,-0.3661794662475586
5209062400.0,-0.3750620484352112
5209999872.0,-0.3874843120574951
5210937344.0,-0.40183350443840027
5211874816.0,-0.4186377227306366
5212812288.0,-0.4374203383922577
5213749760.0,-0.45926618576049805
5214687744.0,-0.4820696711540222
5215625216.0,-0.5058416724205017
5216562688.0,-0.5318564176559448
5217500160.0,-0.5586543679237366
5218437632.0,-0.5849287509918213
5219375104.0,-0.61281818151474
5220312576.0,-0.6394100189208984
5221250048.0,-0.6677875518798828
5222187520.0,-0.6964913010597229
5223124992.0,-0.7238202095031738
5224062464.0,-0.7506197094917297
5224999936.0,-0.7767525315284729
5225937408.0,-0.8283501267433167
5226874880.0,-0.8535171747207642
5227812352.0,-0.8761973977088928
5228749824.0,-0.897813081741333
5229687296.0,-0.9157024621963501
5230624768.0,-0.9319385290145874
5231562752.0,-0.9463465213775635
5232500224.0,-0.9567086100578308
5233437696.0,-0.9660484194755554
5234375168.0,-0.9714831113815308
5235312640.0,-0.97511887550354
5236250112.0,-0.9768602252006531
5237187584.0,-0.973374605178833
5238125056.0,-0.9715820550918579
5239062528.0,-0.964253842830658
5240000000.0,-0.9567468762397766
5240937472.0,-0.9468569755554199
5241874944.0,-0.9363284111022949
5242812416.0,-0.9230389595031738
5243749888.0,-0.909399151802063
5244687360.0,-0.896070122718811
5245624832.0,-0.8804585337638855
5246562304.0,-0.865273654460907
5247499776.0,-0.8499600291252136
5248437248.0,-0.8346986770629883
5249375232.0,-0.8189989924430847
5250312704.0,-0.8045393228530884
5251250176.0,-0.7912644147872925
5252187648.0,-0.7767069339752197
5253125120.0,-0.7640808820724487
5254062592.0,-0.7520322203636169
5255000064.0,-0.7414506077766418
5255937536.0,-0.7323853373527527
5256875008.0,-0.7257519364356995
5257812480.0,-0.7190992832183838
5258749952.0,-0.7153937220573425
5259687424.0,-0.712952733039856
5260624896.0,-0.7120781540870667
5261562368.0,-0.7131603956222534
5262499840.0,-0.7146119475364685
5263437312.0,-0.7189648747444153
5264374784.0,-0.7252932190895081
5265312256.0,-0.7348543405532837
5266250240.0,-0.7468240261077881
5267187712.0,-0.7602885961532593
5268125184.0,-0.7767734527587891
5269062656.0,-0.7942473292350769
5270000128.0,-0.8150309324264526
5270937600.0,-0.8365828394889832
5271875072.0,-0.8607563376426697
5272812544.0,-0.8879160284996033
5273750016.0,-0.9158204793930054
5274687488.0,-0.9456221461296082
5275624960.0,-0.977893054485321
5276562432.0,-1.0119870901107788
5277499904.0,-1.048132061958313
5278437376.0,-1.0872533321380615
5279374848.0,-1.1261563301086426
5280312320.0,-1.1669063568115234
5281249792.0,-1.2088497877120972
5282187264.0,-1.2509799003601074
5283125248.0,-1.2917696237564087
5284062720.0,-1.3333481550216675
5285000192.0,-1.3728150129318237
5285937664.0,-1.401886224746704
5286875136.0,-1.436227560043335
5287812608.0,-1.4697567224502563
5288750080.0,-1.4985697269439697
5289687552.0,-1.5263348817825317
5290625024.0,-1.549285650253296
5291562496.0,-1.570565104484558
5292499968.0,-1.589914083480835
5293437440.0,-1.6051957607269287
5294374912.0,-1.6174447536468506
5295312384.0,-1.6264045238494873
5296249856.0,-1.6322593688964844
5297187328.0,-1.6350600719451904
5298124800.0,-1.6362273693084717
5299062272.0,-1.6345385313034058
5299999744.0,-1.6295835971832275
5300937728.0,-1.6225029230117798
5301875200.0,-1.6122163534164429
5302812672.0,-1.6000553369522095
5303750144.0,-1.584774136543274
5304687616.0,-1.568440318107605
5305625088.0,-1.5520297288894653
5306562560.0,-1.5349173545837402
5307500032.0,-1.518674612045288
5308437504.0,-1.5028822422027588
5309374976.0,-1.4876254796981812
5310312448.0,-1.4722477197647095
5311249920.0,-1.458113193511963
5312187392.0,-1.443830966949463
5313124864.0,-1.4318164587020874
5314062336.0,-1.4214670658111572
5314999808.0,-1.4117785692214966
5315937280.0,-1.4055678844451904
5316874752.0,-1.4018962383270264
5317812736.0,-1.401392936706543
5318750208.0,-1.4032256603240967
5319687680.0,-1.4062604904174805
5320625152.0,-1.4114267826080322
5321562624.0,-1.418833613395691
5322500096.0,-1.4283159971237183
5323437568.0,-1.4400653839111328
5324375040.0,-1.454890489578247
5325312512.0,-1.4730018377304077
5326249984.0,-1.4944987297058105
5327187456.0,-1.5176029205322266
5328124928.0,-1.5452159643173218
5329062400.0,-1.5747939348220825
5329999872.0,-1.6090126037597656
5330937344.0,-1.645456075668335
5331874816.0,-1.6827287673950195
5332812288.0,-1.7500016689300537
5333749760.0,-1.797183871269226
5334687744.0,-1.847024917602539
5335625216.0,-1.898598313331604
5336562688.0,-1.9508659839630127
5337500160.0,-2.0055441856384277
5338437632.0,-2.0616939067840576
5339375104.0,-2.118793249130249
5340312576.0,-2.176624298095703
5341250048.0,-2.2337708473205566
5342187520.0,-2.2915873527526855
5343124992.0,-2.3500468730926514
5344062464.0,-2.405850887298584
5344999936.0,-2.4601333141326904
5345937408.0,-2.40492582321167
5346874880.0,-2.4365744590759277
5347812352.0,-2.46516752243042
5348749824.0,-2.4916000366210938
5349687296.0,-2.514726400375366
5350624768.0,-2.5338146686553955
5351562752.0,-2.5501046180725098
5352500224.0,-2.563350200653076
5353437696.0,-2.5721840858459473
5354375168.0,-2.5771353244781494
5355312640.0,-2.5785751342773438
5356250112.0,-2.5780885219573975
5357187584.0,-2.5724503993988037
5358125056.0,-2.5629734992980957
5359062528.0,-2.550853967666626
5360000000.0,-2.5350441932678223
5360937472.0,-2.5196213722229004
5361874944.0,-2.501117706298828
5362812416.0,-2.4795925617218018
5363749888.0,-2.4591379165649414
5364687360.0,-2.4347496032714844
5365624832.0,-2.4104182720184326
5366562304.0,-2.3861196041107178
5367499776.0,-2.3619728088378906
5368437248.0,-2.335667610168457
5369375232.0,-2.3108034133911133
5370312704.0,-2.288050889968872
5371250176.0,-2.2631964683532715
5372187648.0,-2.2388346195220947
5373125120.0,-2.2144877910614014
5374062592.0,-2.190641164779663
5375000064.0,-2.1667592525482178
5375937536.0,-2.1452207565307617
5376875008.0,-2.1236252784729004
5377812480.0,-2.104142665863037
5378749952.0,-2.086027145385742
5379687424.0,-2.06906795501709
5380624896.0,-2.0554144382476807
5381562368.0,-2.04213285446167
5382499840.0,-2.0319273471832275
5383437312.0,-2.0230588912963867
5384374784.0,-2.0160951614379883
5385312256.0,-2.010657548904419
5386250240.0,-2.007044792175293
5387187712.0,-2.005638599395752
5388125184.0,-2.004377841949463
5389062656.0,-2.0050861835479736
5390000128.0,-2.005420446395874
5390937600.0,-2.0072178840637207
5391875072.0,-2.009920120239258
5392812544.0,-2.013667106628418
5393750016.0,-2.0171048641204834
5394687488.0,-2.021723747253418
5395624960.0,-2.026132106781006
5396562432.0,-2.0311858654022217
5397499904.0,-2.036038398742676
5398437376.0,-2.0400145053863525
5399374848.0,-2.043175220489502
5400312320.0,-2.046875476837158
5401249792.0,-2.050568103790283
5402187264.0,-2.052447557449341
5403125248.0,-2.0540969371795654
5404062720.0,-2.0551207065582275
5405000192.0,-2.054950714111328
5405937664.0,-2.195108413696289
5406875136.0,-2.1922452449798584
5407812608.0,-2.1856651306152344
5408750080.0,-2.177201271057129
5409687552.0,-2.1662449836730957
5410625024.0,-2.1534297466278076
5411562496.0,-2.1375973224639893
5412499968.0,-2.1193759441375732
5413437440.0,-2.098494291305542
5414374912.0,-2.0766165256500244
5415312384.0,-2.0504817962646484
5416249856.0,-2.0247390270233154
5417187328.0,-1.9958128929138184
5418124800.0,-1.965791940689087
5419062272.0,-1.933510661125183
5420000256.0,-1.9010456800460815
5420937728.0,-1.8682301044464111
5421875200.0,-1.8336093425750732
5422812672.0,-1.7996878623962402
5423750144.0,-1.7663885354995728
5424687616.0,-1.7316443920135498
5425625088.0,-1.698478102684021
5426562560.0,-1.6670446395874023
5427500032.0,-1.6361199617385864
5428437504.0,-1.6054530143737793
5429374976.0,-1.5777817964553833
5430312448.0,-1.5504432916641235
5431249920.0,-1.5238476991653442
5432187392.0,-1.4992868900299072
5433124864.0,-1.4751315116882324
5434062336.0,-1.452994704246521
5434999808.0,-1.4314885139465332
5435937280.0,-1.4104052782058716
5436874752.0,-1.392548680305481
5437812736.0,-1.3758461475372314
5438750208.0,-1.3594001531600952
5439687680.0,-1.3461583852767944
5440625152.0,-1.3337047100067139
5441562624.0,-1.321429967880249
5442500096.0,-1.31059992313385
5443437568.0,-1.3013471364974976
5444375040.0,-1.2933316230773926
5445312512.0,-1.2867035865783691
5446249984.0,-1.282854676246643
5447187456.0,-1.2800263166427612
5448124928.0,-1.27961003780365
5449062400.0,-1.2801978588104248
5449999872.0,-1.2826179265975952
5450937344.0,-1.285733938217163
5451874816.0,-1.2913262844085693
5452812288.0,-1.296444058418274
5453749760.0,-1.3037452697753906
5454687744.0,-1.3123893737792969
5455625216.0,-1.3219243288040161
5456562688.0,-1.332758903503418
5457500160.0,-1.3446335792541504
5458437632.0,-1.354295253753662
5459375104.0,-1.3659073114395142
5460312576.0,-1.3767653703689575
5461250048.0,-1.3872284889221191
5462187520.0,-1.395798921585083
5463124992.0,-1.404107928276062
5464062464.0,-1.410920262336731
5464999936.0,-1.4152344465255737
5465937408.0,-1.4239367246627808
5466874880.0,-1.4242000579833984
5467812352.0,-1.4239041805267334
5468749824.0,-1.4192614555358887
5469687296.0,-1.413310170173645
5470624768.0,-1.4054782390594482
5471562752.0,-1.3959746360778809
5472500224.0,-1.3821312189102173
5473437696.0,-1.3688451051712036
5474375168.0,-1.3522964715957642
5475312640.0,-1.3343902826309204
5476250112.0,-1.3140912055969238
5477187584.0,-1.2922108173370361
5478125056.0,-1.267978310585022
5479062528.0,-1.2440165281295776
5480000000.0,-1.2188305854797363
5480937472.0,-1.1910810470581055
5481874944.0,-1.1634283065795898
5482812416.0,-1.1351460218429565
5483749888.0,-1.10660982131958
5484687360.0,-1.0795888900756836
5485624832.0,-1.0521185398101807
5486562304.0,-1.0248827934265137
5487499776.0,-0.997498631477356
5488437248.0,-0.9708306789398193
5489375232.0,-0.944457471370697
5490312704.0,-0.9197935461997986
5491250176.0,-0.8947193026542664
5492187648.0,-0.872090756893158
5493125120.0,-0.8501121401786804
5494062592.0,-0.8312965035438538
5495000064.0,-0.8130226135253906
5495937536.0,-0.7961694598197937
5496875008.0,-0.7806828022003174
5497812480.0,-0.7692064046859741
5498749952.0,-0.7593140006065369
5499687424.0,-0.7523010969161987
5500624896.0,-0.7481757998466492
5501562368.0,-0.7466545104980469
5502499840.0,-0.7472272515296936
5503437312.0,-0.7507952451705933
5504374784.0,-0.7568447589874268
5505312256.0,-0.7663527131080627
5506250240.0,-0.7782832384109497
5507187712.0,-0.7935744524002075
5508125184.0,-0.8097646832466125
5509062656.0,-0.8305755257606506
5510000128.0,-0.8529041409492493
5510937600.0,-0.8774049282073975
5511875072.0,-0.9034900069236755
5512812544.0,-0.9331162571907043
5513750016.0,-0.9616976380348206
5514687488.0,-0.9928004145622253
5515624960.0,-1.0244218111038208
5516562432.0,-1.0578224658966064
5517499904.0,-1.0889428853988647
5518437376.0,-1.12107515335083
5519374848.0,-1.1522834300994873
5520312320.0,-1.181850552558899
5521249792.0,-1.2089096307754517
5522187264.0,-1.2339943647384644
5523125248.0,-1.2555201053619385
5524062720.0,-1.2753775119781494
5525000192.0,-1.291603922843933
5525937664.0,-1.1295744180679321
5526875136.0,-1.1348142623901367
5527812608.0,-1.1402801275253296
5528750080.0,-1.1430968046188354
5529687552.0,-1.1439688205718994
5530625024.0,-1.1442395448684692
5531562496.0,-1.1415008306503296
5532499968.0,-1.136156439781189
5533437440.0,-1.1301844120025635
5534374912.0,-1.122219204902649
5535312384.0,-1.1113593578338623
5536249856.0,-1.10177743434906
5537187328.0,-1.089958667755127
5538124800.0,-1.0776680707931519
5539062272.0,-1.0636236667633057
5539999744.0,-1.048641562461853
5540937728.0,-1.0336967706680298
5541875200.0,-1.0186655521392822
5542812672.0,-1.0019701719284058
5543750144.0,-0.9861674308776855
5544687616.0,-0.9703657031059265
5545625088.0,-0.9539503455162048
5546562560.0,-0.9381964802742004
5547500032.0,-0.9243579506874084
5548437504.0,-0.9105018973350525
5549374976.0,-0.8969279527664185
5550312448.0,-0.8857457637786865
5551249920.0,-0.8756840825080872
5552187392.0,-0.8660632967948914
5553124864.0,-0.8585231900215149
5554062336.0,-0.8517054915428162
5554999808.0,-0.8469821810722351
5555937280.0,-0.84372878074646
5556874752.0,-0.8427358865737915
5557812736.0,-0.8437232971191406
5558750208.0,-0.8466523885726929
5559687680.0,-0.8535150289535522
5560625152.0,-0.8618886470794678
5561562624.0,-0.8745551705360413
5562500096.0,-0.8878610134124756
5563437568.0,-0.9041823744773865
5564375040.0,-0.9235319495201111
5565312512.0,-0.9457048773765564
5566249984.0,-0.9686043858528137
5567187456.0,-0.9945557117462158
5568124928.0,-1.0210596323013306
5569062400.0,-1.049710988998413
5569999872.0,-1.0785175561904907
5570937344.0,-1.1087770462036133
5571874816.0,-1.1379345655441284
5572812288.0,-1.1664505004882812
5573749760.0,-1.195062279701233
5574687744.0,-1.2225069999694824
5575625216.0,-1.2480580806732178
5576562688.0,-1.270867109298706
5577500160.0,-1.2928088903427124
5578437632.0,-1.3118762969970703
5579375104.0,-1.3283671140670776
5580312576.0,-1.3412227630615234
5581250048.0,-1.3504877090454102
5582187520.0,-1.3590366840362549
5583124992.0,-1.3633275032043457
5584062464.0,-1.366101622581482
5584999936.0,-1.3670222759246826
5585937408.0,-1.2890416383743286
5586874880.0,-1.294764757156372
5587812352.0,-1.3014016151428223
5588749824.0,-1.3054388761520386
5589687296.0,-1.3100264072418213
5590624768.0,-1.3129019737243652
5591562752.0,-1.3136471509933472
5592500224.0,-1.3144986629486084
5593437696.0,-1.313105583190918
5594375168.0,-1.3115484714508057
5595312640.0,-1.3099937438964844
5596250112.0,-1.3064013719558716
5597187584.0,-1.3028024435043335
5598125056.0,-1.297577142715454
5599062528.0,-1.2926511764526367
5600000000.0,-1.2876980304718018
5600937472.0,-1.281909465789795
5601874944.0,-1.2759548425674438
5602812416.0,-1.2700750827789307
5603749888.0,-1.2641277313232422
5604687360.0,-1.2586954832077026
5605624832.0,-1.2519230842590332
5606562304.0,-1.246285319328308
5607499776.0,-1.239446759223938
5608437248.0,-1.2325130701065063
5609375232.0,-1.225919485092163
5610312704.0,-1.2199106216430664
5611250176.0,-1.2139369249343872
5612187648.0,-1.2078310251235962
5613125120.0,-1.2032915353775024
5614062592.0,-1.1983389854431152
5615000064.0,-1.1942566633224487
5615937536.0,-1.1908104419708252
5616875008.0,-1.188232183456421
5617812480.0,-1.1843615770339966
5618749952.0,-1.1822433471679688
5619687424.0,-1.1786549091339111
5620624896.0,-1.1755579710006714
5621562368.0,-1.1741448640823364
5622499840.0,-1.1706695556640625
5623437312.0,-1.1691762208938599
5624374784.0,-1.1669209003448486
5625312256.0,-1.1642465591430664
5626250240.0,-1.1614009141921997
5627187712.0,-1.159651279449463
5628125184.0,-1.1577677726745605
5629062656.0,-1.155860185623169
5630000128.0,-1.1532995700836182
5630937600.0,-1.1523617506027222
5631875072.0,-1.150766372680664
5632812544.0,-1.148652195930481
5633750016.0,-1.1448416709899902
5634687488.0,-1.1418393850326538
5635624960.0,-1.137634038925171
5636562432.0,-1.1322263479232788
5637499904.0,-1.1254551410675049
5638437376.0,-1.1177570819854736
5639374848.0,-1.1098037958145142
5640312320.0,-1.1012111902236938
5641249792.0,-1.0934338569641113
5642187264.0,-1.083019733428955
5643125248.0,-1.073809027671814
5644062720.0,-1.062129259109497
5645000192.0,-1.0522009134292603
5645937664.0,-1.0489158630371094
5646875136.0,-1.0353291034698486
5647812608.0,-1.0187698602676392
5648750080.0,-1.0016814470291138
5649687552.0,-0.9845646619796753
5650625024.0,-0.966370701789856
5651562496.0,-0.9470610618591309
5652499968.0,-0.9279330372810364
5653437440.0,-0.9076472520828247
5654374912.0,-0.8876560926437378
5655312384.0,-0.8663680553436279
5656249856.0,-0.8451977968215942
5657187328.0,-0.8243252635002136
5658124800.0,-0.8024951219558716
5659062272.0,-0.7803853750228882
5660000256.0,-0.7594319581985474
5660937728.0,-0.7366170883178711
5661875200.0,-0.7152860164642334
5662812672.0,-0.6940200924873352
5663750144.0,-0.6735857129096985
5664687616.0,-0.6539563536643982
5665625088.0,-0.6354408860206604
5666562560.0,-0.6181226372718811
5667500032.0,-0.6032238006591797
5668437504.0,-0.5877162218093872
5669374976.0,-0.5755507349967957
5670312448.0,-0.5642315149307251
5671249920.0,-0.5542039275169373
5672187392.0,-0.5455300807952881
5673124864.0,-0.5397717356681824
5674062336.0,-0.5348489880561829
5674999808.0,-0.5312769412994385
5675937280.0,-0.530002772808075
5676874752.0,-0.529899537563324
5677812736.0,-0.5304860472679138
5678750208.0,-0.5327163934707642
5679687680.0,-0.5359575748443604
5680625152.0,-0.5391528010368347
5681562624.0,-0.5426073670387268
5682500096.0,-0.546733558177948
5683437568.0,-0.5509305000305176
5684375040.0,-0.5547364950180054
5685312512.0,-0.5570876002311707
5686249984.0,-0.5602357387542725
5687187456.0,-0.5629408359527588
5688124928.0,-0.5642926692962646
5689062400.0,-0.5660958886146545
5689999872.0,-0.5662091374397278
5690937344.0,-0.5641914010047913
5691874816.0,-0.5609897375106812
5692812288.0,-0.557908296585083
5693749760.0,-0.5531005263328552
5694687744.0,-0.5442777872085571
5695625216.0,-0.5370733737945557
5696562688.0,-0.5279557108879089
5697500160.0,-0.5155279040336609
5698437632.0,-0.5031614899635315
5699375104.0,-0.49088168144226074
5700312576.0,-0.47678932547569275
5701250048.0,-0.4654342830181122
5702187520.0,-0.4514067769050598
5703124992.0,-0.43790456652641296
5704062464.0,-0.42596083879470825
5704999936.0,-0.41230061650276184
5705937408.0,-0.3804227113723755
5706874880.0,-0.3786972761154175
5707812352.0,-0.3773653507232666
5708749824.0,-0.3744402229785919
5709687296.0,-0.37218934297561646
5710624768.0,-0.37103697657585144
5711562752.0,-0.3697482943534851
5712500224.0,-0.3668023347854614
5713437696.0,-0.3653641641139984
5714375168.0,-0.36341914534568787
5715312640.0,-0.36078789830207825
5716250112.0,-0.35754528641700745
5717187584.0,-0.3522403836250305
5718125056.0,-0.3486354947090149
5719062528.0,-0.34323588013648987
5720000000.0,-0.3372204899787903
5720937472.0,-0.3304484188556671
5721874944.0,-0.3233695328235626
5722812416.0,-0.31568989157676697
5723749888.0,-0.30736449360847473
5724687360.0,-0.29881763458251953
5725624832.0,-0.29023703932762146
5726562304.0,-0.2805437743663788
5727499776.0,-0.2728041112422943
5728437248.0,-0.265157014131546
5729375232.0,-0.2586941421031952
5730312704.0,-0.2541143596172333
5731250176.0,-0.25040143728256226
5732187648.0,-0.24721693992614746
5733125120.0,-0.2454543560743332
5734062592.0,-0.24677179753780365
5735000064.0,-0.24991798400878906
5735937536.0,-0.25350555777549744
5736875008.0,-0.2604871690273285
5737812480.0,-0.2688177227973938
5738749952.0,-0.2792932391166687
5739687424.0,-0.29104721546173096
5740624896.0,-0.3028552234172821
5741562368.0,-0.31542643904685974
5742499840.0,-0.32797107100486755
5743437312.0,-0.3401017487049103
5744374784.0,-0.35254764556884766
5745312256.0,-0.3615477383136749
5746250240.0,-0.3706502318382263
5747187712.0,-0.37802621722221375
5748125184.0,-0.382969468832016
5749062656.0,-0.3859001696109772
5750000128.0,-0.3858816921710968
5750937600.0,-0.3838097155094147
5751875072.0,-0.3805820345878601
5752812544.0,-0.37576672434806824
5753750016.0,-0.36836835741996765
5754687488.0,-0.3615449070930481
5755624960.0,-0.35548341274261475
5756562432.0,-0.3463858366012573
5757499904.0,-0.33847126364707947
5758437376.0,-0.33030661940574646
5759374848.0,-0.3249657452106476
5760312320.0,-0.31786662340164185
5761249792.0,-0.3139515817165375
5762187264.0,-0.3092088997364044
5763125248.0,-0.30670830607414246
5764062720.0,-0.3033531904220581
5765000192.0,-0.3011642098426819
5765937664.0,-0.22281613945960999
5766875136.0,-0.22715617716312408
5767812608.0,-0.2312445342540741
5768750080.0,-0.23657943308353424
5769687552.0,-0.24171271920204163
5770625024.0,-0.24800004065036774
5771562496.0,-0.25579598546028137
5772499968.0,-0.2618740200996399
5773437440.0,-0.26892024278640747
5774374912.0,-0.2766101658344269
5775312384.0,-0.2843382954597473
5776249856.0,-0.2909967601299286
5777187328.0,-0.2986387014389038
5778124800.0,-0.30565497279167175
5779062272.0,-0.3128584027290344
5779999744.0,-0.32018330693244934
5780937728.0,-0.3269392251968384
5781875200.0,-0.3339329957962036
5782812672.0,-0.34001851081848145
5783750144.0,-0.3453546166419983
5784687616.0,-0.35056358575820923
5785625088.0,-0.3552089333534241
5786562560.0,-0.35860270261764526
5787500032.0,-0.3625973165035248
5788437504.0,-0.36587440967559814
5789374976.0,-0.36399340629577637
5790312448.0,-0.3619912564754486
5791249920.0,-0.36056169867515564
5792187392.0,-0.35681894421577454
5793124864.0,-0.3532373011112213
5794062336.0,-0.34762030839920044
5794999808.0,-0.34140804409980774
5795937280.0,-0.33463943004608154
5796874752.0,-0.3273426294326782
5797812736.0,-0.3182827830314636
5798750208.0,-0.30925658345222473
5799687680.0,-0.2983599603176117
5800625152.0,-0.2868461310863495
5801562624.0,-0.27377545833587646
5802500096.0,-0.2608543038368225
5803437568.0,-0.24590596556663513
5804375040.0,-0.23238009214401245
5805312512.0,-0.2176937311887741
5806249984.0,-0.2014182060956955
5807187456.0,-0.18556742370128632
5808124928.0,-0.1707606017589569
5809062400.0,-0.15649473667144775
5809999872.0,-0.13976554572582245
5810937344.0,-0.12436360865831375
5811874816.0,-0.10961725562810898
5812812288.0,-0.0935412272810936
5813749760.0,-0.0793275237083435
5814687744.0,-0.06558981537818909
5815625216.0,-0.05203752592206001
5816562688.0,-0.03856058418750763
5817500160.0,-0.026130979880690575
5818437632.0,-0.014636330306529999
5819375104.0,-0.003369999583810568
5820312576.0,0.006877683103084564
5821250048.0,0.016613567247986794
5822187520.0,0.02648739702999592
5823124992.0,0.03413954749703407
5824062464.0,0.042566634714603424
5824999936.0,0.04882868006825447
5825937408.0,-0.13429830968379974
5826874880.0,-0.13709136843681335
5827812352.0,-0.1417965292930603
5828749824.0,-0.14427916705608368
5829687296.0,-0.14551059901714325
5830624768.0,-0.1450575888156891
5831562752.0,-0.14419279992580414
5832500224.0,-0.14225053787231445
5833437696.0,-0.1400003731250763
5834375168.0,-0.13697877526283264
5835312640.0,-0.13316991925239563
5836250112.0,-0.12966085970401764
5837187584.0,-0.12526793777942657
5838125056.0,-0.12200208753347397
5839062528.0,-0.11986295133829117
5840000000.0,-0.11995691806077957
5840937472.0,-0.12058218568563461
5841874944.0,-0.12191301584243774
5842812416.0,-0.12499149143695831
5843749888.0,-0.12848003208637238
5844687360.0,-0.13355359435081482
5845624832.0,-0.13931776583194733
5846562304.0,-0.14705634117126465
5847499776.0,-0.15454785525798798
5848437248.0,-0.1617242395877838
5849375232.0,-0.17194628715515137
5850312704.0,-0.181454136967659
5851250176.0,-0.19147707521915436
5852187648.0,-0.20140954852104187
5853125120.0,-0.2120589017868042
5854062592.0,-0.22228114306926727
5855000064.0,-0.23213781416416168
5855937536.0,-0.24125269055366516
5856875008.0,-0.250275582075119
5857812480.0,-0.2576030492782593
5858749952.0,-0.26381438970565796
5859687424.0,-0.26785555481910706
5860624896.0,-0.26988109946250916
5861562368.0,-0.2706153392791748
5862499840.0,-0.2699732184410095
5863437312.0,-0.2661776542663574
5864374784.0,-0.2603437602519989
5865312256.0,-0.2532309889793396
5866250240.0,-0.24567458033561707
5867187712.0,-0.23471195995807648
5868125184.0,-0.2234068214893341
5869062656.0,-0.21216294169425964
5870000128.0,-0.19806374609470367
5870937600.0,-0.18486140668392181
5871875072.0,-0.17118105292320251
5872812544.0,-0.158097505569458
5873750016.0,-0.145939439535141
5874687488.0,-0.13330107927322388
5875624960.0,-0.1231769248843193
5876562432.0,-0.11488253623247147
5877499904.0,-0.10813747346401215
5878437376.0,-0.10232798010110855
5879374848.0,-0.09939081221818924
5880312320.0,-0.0977768525481224
5881249792.0,-0.09878421574831009
5882187264.0,-0.10138030350208282
5883125248.0,-0.10481732338666916
5884062720.0,-0.1114194318652153
5885000192.0,-0.11771122366189957
5885937664.0,-0.05843225121498108
5886875136.0,-0.0630529448390007
5887812608.0,-0.06910590827465057
5888750080.0,-0.07297870516777039
5889687552.0,-0.08020289987325668
5890625024.0,-0.08643496781587601
5891562496.0,-0.0933431014418602
5892499968.0,-0.10222256183624268
5893437440.0,-0.10945598036050797
5894374912.0,-0.11754503101110458
5895312384.0,-0.12591683864593506
5896249856.0,-0.13580909371376038
5897187328.0,-0.14483527839183807
5898124800.0,-0.15386229753494263
5899062272.0,-0.1628706008195877
5900000256.0,-0.17260406911373138
5900937728.0,-0.18146082758903503
5901875200.0,-0.189171701669693
5902812672.0,-0.19941291213035583
5903750144.0,-0.20863325893878937
5904687616.0,-0.218528151512146
5905625088.0,-0.22632381319999695
5906562560.0,-0.23560939729213715
5907500032.0,-0.2433006316423416
5908437504.0,-0.2516140341758728
5909374976.0,-0.2601148188114166
5910312448.0,-0.26803508400917053
5911249920.0,-0.27581143379211426
5912187392.0,-0.28229132294654846
5913124864.0,-0.29090815782546997
5914062336.0,-0.29806041717529297
5914999808.0,-0.30387476086616516
5915937280.0,-0.30946776270866394
5916874752.0,-0.3142920136451721
5917812736.0,-0.3178454339504242
5918750208.0,-0.3222413957118988
5919687680.0,-0.32533761858940125
5920625152.0,-0.32777905464172363
5921562624.0,-0.33001089096069336
5922500096.0,-0.33117881417274475
5923437568.0,-0.331089586019516
5924375040.0,-0.32863855361938477
5925312512.0,-0.32473498582839966
5926249984.0,-0.32053864002227783
5927187456.0,-0.3145093023777008
5928124928.0,-0.30772221088409424
5929062400.0,-0.2971539795398712
5929999872.0,-0.28732192516326904
5930937344.0,-0.27621889114379883
5931874816.0,-0.2619971036911011
5932812288.0,-0.24786822497844696
5933749760.0,-0.23261010646820068
5934687744.0,-0.21555468440055847
5935625216.0,-0.1983470469713211
5936562688.0,-0.17999295890331268
5937500160.0,-0.16207626461982727
5938437632.0,-0.14343413710594177
5939375104.0,-0.12608827650547028
5940312576.0,-0.10699359327554703
5941250048.0,-0.08885885030031204
5942187520.0,-0.07127421349287033
5943124992.0,-0.05414056032896042
5944062464.0,-0.0391116663813591
5944999936.0,-0.025304565206170082
5945937408.0,-0.12557107210159302
5946874880.0,-0.13404062390327454
5947812352.0,-0.14311853051185608
5948749824.0,-0.15499286353588104
5949687296.0,-0.16839724779129028
5950624768.0,-0.18278005719184875
5951562752.0,-0.19800816476345062
5952500224.0,-0.21547667682170868
5953437696.0,-0.23398825526237488
5954375168.0,-0.25295668840408325
5955312640.0,-0.2721731960773468
5956250112.0,-0.29174306988716125
5957187584.0,-0.31134217977523804
5958125056.0,-0.3311915695667267
5959062528.0,-0.3497137427330017
5960000000.0,-0.3684435188770294
5960937472.0,-0.38547518849372864
5961874944.0,-0.3993646204471588
5962812416.0,-0.4134693443775177
5963749888.0,-0.4263705313205719
5964687360.0,-0.4361576735973358
5965624832.0,-0.44379106163978577
5966562304.0,-0.44689279794692993
5967499776.0,-0.44779127836227417
5968437248.0,-0.44443464279174805
5969375232.0,-0.43811312317848206
5970312704.0,-0.42907199263572693
5971250176.0,-0.4168260395526886
5972187648.0,-0.40199902653694153
5973125120.0,-0.38372305035591125
5974062592.0,-0.36374354362487793
5975000064.0,-0.34373387694358826
5975937536.0,-0.3195146322250366
5976875008.0,-0.295658677816391
5977812480.0,-0.2708832323551178
5978749952.0,-0.24630463123321533
5979687424.0,-0.2224157154560089
5980624896.0,-0.1998206228017807
5981562368.0,-0.17710720002651215
5982499840.0,-0.15866872668266296
5983437312.0,-0.13973619043827057
5984374784.0,-0.12287496775388718
5985312256.0,-0.11008863151073456
5986250240.0,-0.0982537642121315
5987187712.0,-0.08964578062295914
5988125184.0,-0.0832102820277214
5989062656.0,-0.0792449340224266
5990000128.0,-0.07833841443061829
5990937600.0,-0.07900453358888626
5991875072.0,-0.08309393376111984
5992812544.0,-0.08717362582683563
5993750016.0,-0.09368710964918137
5994687488.0,-0.10140940546989441
5995624960.0,-0.1096019297838211
5996562432.0,-0.11803841590881348
5997499904.0,-0.12703973054885864
5998437376.0,-0.13513995707035065
5999374848.0,-0.14488846063613892
6000312320.0,-0.1534527838230133
6001249792.0,-0.1620919406414032
6002187264.0,-0.1692560464143753
6003125248.0,-0.17534220218658447
6004062720.0,-0.18195217847824097
6005000192.0,-0.14246869087219238
6005937664.0,-0.1488640457391739
6006875136.0,-0.1576707661151886
6007812608.0,-0.1658029407262802
6008750080.0,-0.17628176510334015
6009687552.0,-0.18770809471607208
6010625024.0,-0.19870561361312866
6011562496.0,-0.21075953543186188
6012499968.0,-0.22262264788150787
6013437440.0,-0.23516380786895752
6014374912.0,-0.24762597680091858
6015312384.0,-0.2614600360393524
6016249856.0,-0.275658518075943
6017187328.0,-0.2900718152523041
6018124800.0,-0.30187976360321045
6019062272.0,-0.31525591015815735
6019999744.0,-0.3284471035003662
6020937728.0,-0.34071749448776245
6021875200.0,-0.35165947675704956
6022812672.0,-0.3621818721294403
6023750144.0,-0.3710574209690094
6024687616.0,-0.37892618775367737
6025625088.0,-0.3854576349258423
6026562560.0,-0.3911193907260895
6027500032.0,-0.3932526409626007
6028437504.0,-0.3956470191478729
6029374976.0,-0.3960428535938263
6030312448.0,-0.39483264088630676
6031249920.0,-0.3909473121166229
6032187392.0,-0.385966956615448
6033124864.0,-0.3793267607688904
6034062336.0,-0.3717016577720642
6034999808.0,-0.3624451160430908
6035937280.0,-0.3523147702217102
6036874752.0,-0.34217968583106995
6037812736.0,-0.3316739797592163
6038750208.0,-0.31868091225624084
6039687680.0,-0.3072136640548706
6040625152.0,-0.2946089506149292
6041562624.0,-0.2843017578125
6042500096.0,-0.2722989320755005
6043437568.0,-0.2604764699935913
6044375040.0,-0.25019294023513794
6045312512.0,-0.23929910361766815
6046249984.0,-0.2317526489496231
6047187456.0,-0.22492600977420807
6048124928.0,-0.21798820793628693
6049062400.0,-0.21268223226070404
6049999872.0,-0.2084084004163742
6050937344.0,-0.20519813895225525
6051874816.0,-0.20210373401641846
6052812288.0,-0.20193590223789215
6053749760.0,-0.2012917846441269
6054687744.0,-0.202969491481781
6055625216.0,-0.20523522794246674
6056562688.0,-0.20770104229450226
6057500160.0,-0.2105485200881958
6058437632.0,-0.21454498171806335
6059375104.0,-0.21866610646247864
6060312576.0,-0.22312286496162415
6061250048.0,-0.22888435423374176
6062187520.0,-0.23420047760009766
6063124992.0,-0.23993490636348724
6064062464.0,-0.24636127054691315
6064999936.0,-0.14559940993785858
6065937408.0,-0.16589617729187012
6066874880.0,-0.1864439696073532
6067812352.0,-0.20626908540725708
6068749824.0,-0.22654075920581818
6069687296.0,-0.24581195414066315
6070624768.0,-0.26563018560409546
6071562752.0,-0.2844865322113037
6072500224.0,-0.3044344186782837
6073437696.0,-0.32153481245040894
6074375168.0,-0.3395734131336212
6075312640.0,-0.35639289021492004
6076250112.0,-0.37205496430397034
6077187584.0,-0.3858959674835205
6078125056.0,-0.39831799268722534
6079062528.0,-0.4095804989337921
6080000000.0,-0.4206601083278656
6080937472.0,-0.42890655994415283
6081874944.0,-0.4356369078159332
6082812416.0,-0.4407435655593872
6083749888.0,-0.444172739982605
6084687360.0,-0.44611042737960815
6085624832.0,-0.4456479549407959
6086562304.0,-0.4448695182800293
6087499776.0,-0.44280117750167847
6088437248.0,-0.43928372859954834
6089375232.0,-0.43431225419044495
6090312704.0,-0.42983973026275635
6091250176.0,-0.42143651843070984
6092187648.0,-0.41317301988601685
6093125120.0,-0.4019792377948761
6094062592.0,-0.3922370374202728
6095000064.0,-0.3799375593662262
6095937536.0,-0.3674229085445404
6096875008.0,-0.3547825515270233
6097812480.0,-0.34108808636665344
6098749952.0,-0.32745876908302307
6099687424.0,-0.31231260299682617
6100624896.0,-0.29841312766075134
6101562368.0,-0.28310564160346985
6102499840.0,-0.26773202419281006
6103437312.0,-0.2525017559528351
6104374784.0,-0.2371947318315506
6105312256.0,-0.22147364914417267
6106250240.0,-0.20775623619556427
6107187712.0,-0.19304180145263672
6108125184.0,-0.17914478480815887
6109062656.0,-0.16529306769371033
6110000128.0,-0.15060116350650787
6110937600.0,-0.13847213983535767
6111875072.0,-0.12633682787418365
6112812544.0,-0.11448284983634949
6113750016.0,-0.10457979887723923
6114687488.0,-0.09355561435222626
6115624960.0,-0.08485358953475952
6116562432.0,-0.07733239233493805
6117499904.0,-0.06931935995817184
6118437376.0,-0.06641166657209396
6119374848.0,-0.06611743569374084
6120312320.0,-0.06643165647983551
6121249792.0,-0.06878803670406342
6122187264.0,-0.07241025567054749
6123125248.0,-0.07788131386041641
6124062720.0,-0.08525890111923218
6125000192.0,-0.13863740861415863
6125937664.0,-0.15230441093444824
6126875136.0,-0.16772210597991943
6127812608.0,-0.18224340677261353
6128750080.0,-0.1977347731590271
6129687552.0,-0.21436770260334015
6130625024.0,-0.23044951260089874
6131562496.0,-0.24624395370483398
6132499968.0,-0.26230642199516296
6133437440.0,-0.27892816066741943
6134374912.0,-0.29469746351242065
6135312384.0,-0.3096550703048706
6136249856.0,-0.325488805770874
6137187328.0,-0.3408028483390808
6138124800.0,-0.35489171743392944
6139062272.0,-0.36945340037345886
6140000256.0,-0.3822174072265625
6140937728.0,-0.39330920577049255
6141875200.0,-0.40492427349090576
6142812672.0,-0.415363609790802
6143750144.0,-0.42498600482940674
6144687616.0,-0.43499383330345154
6145625088.0,-0.44230470061302185
6146562560.0,-0.4491080045700073
6147500032.0,-0.4536837041378021
6148437504.0,-0.4579333961009979
6149374976.0,-0.4592973589897156
6150312448.0,-0.45912617444992065
6151249920.0,-0.4554540514945984
6152187392.0,-0.4526683986186981
6153124864.0,-0.4487614333629608
6154062336.0,-0.44169262051582336
6154999808.0,-0.43418169021606445
6155937280.0,-0.4245542585849762
6156874752.0,-0.41483357548713684
6157812736.0,-0.40386128425598145
6158750208.0,-0.391502320766449
6159687680.0,-0.378728985786438
6160625152.0,-0.36492228507995605
6161562624.0,-0.3510708808898926
6162500096.0,-0.33578041195869446
6163437568.0,-0.3218178153038025
6164375040.0,-0.30697888135910034
6165312512.0,-0.2930878698825836
6166249984.0,-0.27948877215385437
6167187456.0,-0.2657105624675751
6168124928.0,-0.2528572678565979
6169062400.0,-0.24029484391212463
6169999872.0,-0.2254101037979126
6170937344.0,-0.21235445141792297
6171874816.0,-0.19942720234394073
6172812288.0,-0.18842217326164246
6173749760.0,-0.17784440517425537
6174687744.0,-0.1669626533985138
6175625216.0,-0.1571396291255951
6176562688.0,-0.14846590161323547
6177500160.0,-0.13986936211585999
6178437632.0,-0.13350354135036469
6179375104.0,-0.1285281777381897
6180312576.0,-0.12450773268938065
6181250048.0,-0.12255899608135223
6182187520.0,-0.12252185493707657
6183124992.0,-0.12401498854160309
6184062464.0,-0.12781931459903717
6184999936.0,-0.2724110186100006
6185937408.0,-0.2882223427295685
6186874880.0,-0.30418455600738525
6187812352.0,-0.32071930170059204
6188749824.0,-0.337862104177475
6189687296.0,-0.3553125262260437
6190624768.0,-0.3714449405670166
6191562752.0,-0.38725337386131287
6192500224.0,-0.4035564064979553
6193437696.0,-0.41801121830940247
6194375168.0,-0.43032073974609375
6195312640.0,-0.441421240568161
6196250112.0,-0.45123928785324097
6197187584.0,-0.4570123553276062
6198125056.0,-0.4637077748775482
6199062528.0,-0.4683108925819397
6200000000.0,-0.4706989824771881
6200937472.0,-0.4731515944004059
6201874944.0,-0.4736221134662628
6202812416.0,-0.47409477829933167
6203749888.0,-0.4752323627471924
6204687360.0,-0.4765923321247101
6205624832.0,-0.47887083888053894
6206562304.0,-0.48201027512550354
6207499776.0,-0.48707839846611023
6208437248.0,-0.49328938126564026
6209375232.0,-0.5006168484687805
6210312704.0,-0.5092357993125916
6211250176.0,-0.5182404518127441
6212187648.0,-0.5267246961593628
6213125120.0,-0.5336380004882812
6214062592.0,-0.5392354130744934
6215000064.0,-0.5400212407112122
6215937536.0,-0.5353412628173828
6216875008.0,-0.5292381048202515
6217812480.0,-0.5213149785995483
6218749952.0,-0.5114296674728394
6219687424.0,-0.5010738372802734
6220624896.0,-0.4885237216949463
6221562368.0,-0.47611409425735474
6222499840.0,-0.4623805284500122
6223437312.0,-0.4497423768043518
6224374784.0,-0.43755149841308594
6225312256.0,-0.4255935847759247
6226250240.0,-0.4138122797012329
6227187712.0,-0.403603732585907
6228125184.0,-0.39421582221984863
6229062656.0,-0.38542166352272034
6230000128.0,-0.37812143564224243
6230937600.0,-0.3703600764274597
6231875072.0,-0.3642948269844055
6232812544.0,-0.35838258266448975
6233750016.0,-0.3523099422454834
6234687488.0,-0.34676826000213623
6235624960.0,-0.3412345349788666
6236562432.0,-0.3359500467777252
6237499904.0,-0.33012405037879944
6238437376.0,-0.32272982597351074
6239374848.0,-0.31521013379096985
6240312320.0,-0.30690985918045044
6241249792.0,-0.29939135909080505
6242187264.0,-0.2912442088127136
6243125248.0,-0.28377118706703186
6244062720.0,-0.27649086713790894
6245000192.0,-0.42387884855270386
6245937664.0,-0.4255794286727905
6246875136.0,-0.42957544326782227
6247812608.0,-0.4339352548122406
6248750080.0,-0.4409477114677429
6249687552.0,-0.45073628425598145
6250625024.0,-0.46216487884521484
6251562496.0,-0.47620758414268494
6252499968.0,-0.49230891466140747
6253437440.0,-0.5095548629760742
6254374912.0,-0.5302224159240723
6255312384.0,-0.5531825423240662
6256249856.0,-0.5763664841651917
6257187328.0,-0.6017903685569763
6258124800.0,-0.6289710998535156
6259062272.0,-0.6574106812477112
6259999744.0,-0.6861326694488525
6260937728.0,-0.7146698236465454
6261875200.0,-0.7426515817642212
6262812672.0,-0.7702288627624512
6263750144.0,-0.7951546311378479
6264687616.0,-0.8173577189445496
6265625088.0,-0.8374984860420227
6266562560.0,-0.8543459177017212
6267500032.0,-0.8691451549530029
6268437504.0,-0.8782153129577637
6269374976.0,-0.884061872959137
6270312448.0,-0.8864668607711792
6271249920.0,-0.8867514729499817
6272187392.0,-0.8831689953804016
6273124864.0,-0.87603360414505
6274062336.0,-0.8655693531036377
6274999808.0,-0.8521896004676819
6275937280.0,-0.8342940807342529
6276874752.0,-0.8147169947624207
6277812736.0,-0.7921395301818848
6278750208.0,-0.7678843140602112
6279687680.0,-0.7405762672424316
6280625152.0,-0.7136531472206116
6281562624.0,-0.6843360662460327
6282500096.0,-0.6536970734596252
6283437568.0,-0.6232730746269226
6284375040.0,-0.5937396287918091
6285312512.0,-0.5638681054115295
6286249984.0,-0.534396767616272
6287187456.0,-0.5049822330474854
6288124928.0,-0.4769362509250641
6289062400.0,-0.45065587759017944
6289999872.0,-0.4264609217643738
6290937344.0,-0.403844952583313
6291874816.0,-0.3827160596847534
6292812288.0,-0.3639275133609772
6293749760.0,-0.3480685353279114
6294687744.0,-0.33486491441726685
6295625216.0,-0.3239438235759735
6296562688.0,-0.3200504183769226
6297500160.0,-0.31940174102783203
6298437632.0,-0.3219972252845764
6299375104.0,-0.32763028144836426
6300312576.0,-0.3364937901496887
6301250048.0,-0.3483368158340454
6302187520.0,-0.3633747398853302
6303124992.0,-0.37966302037239075
6304062464.0,-0.40010154247283936
6304999936.0,-0.5387397408485413
6305937408.0,-0.5583016872406006
6306874880.0,-0.5793092846870422
6307812352.0,-0.602135181427002
6308749824.0,-0.62621009349823
6309687296.0,-0.6503114700317383
6310624768.0,-0.6758093237876892
6311562752.0,-0.7043149471282959
6312500224.0,-0.7295030951499939
6313437696.0,-0.7566723823547363
6314375168.0,-0.7828946709632874
6315312640.0,-0.8080629110336304
6316250112.0,-0.8348811268806458
6317187584.0,-0.8595249056816101
6318125056.0,-0.8827729821205139
6319062528.0,-0.903699517250061
6320000000.0,-0.9231218695640564
6320937472.0,-0.9404988884925842
6321874944.0,-0.9561373591423035
6322812416.0,-0.9688328504562378
6323749888.0,-0.978924572467804
6324687360.0,-0.9877831339836121
6325624832.0,-0.9923001527786255
6326562304.0,-0.9949201941490173
6327499776.0,-0.9933304786682129
6328437248.0,-0.9908494353294373
6329375232.0,-0.9858531355857849
6330312704.0,-0.9784835577011108
6331250176.0,-0.9681848883628845
6332187648.0,-0.9557226300239563
6333125120.0,-0.9424347877502441
6334062592.0,-0.9259489178657532
6335000064.0,-0.9097108840942383
6335937536.0,-0.8905700445175171
6336875008.0,-0.8701572418212891
6337812480.0,-0.8490343689918518
6338749952.0,-0.8259549140930176
6339687424.0,-0.8041561841964722
6340624896.0,-0.7810628414154053
6341562368.0,-0.7572270631790161
6342499840.0,-0.7334200143814087
6343437312.0,-0.7109185457229614
6344374784.0,-0.6883625984191895
6345312256.0,-0.6666766405105591
6346250240.0,-0.645596981048584
6347187712.0,-0.6244664788246155
6348125184.0,-0.6049439907073975
6349062656.0,-0.5852746963500977
6350000128.0,-0.5673923492431641
6350937600.0,-0.5498570203781128
6351875072.0,-0.5349725484848022
6352812544.0,-0.5224619507789612
6353750016.0,-0.5107614398002625
6354687488.0,-0.5015406012535095
6355624960.0,-0.49516963958740234
6356562432.0,-0.49131277203559875
6357499904.0,-0.48946690559387207
6358437376.0,-0.49101710319519043
6359374848.0,-0.4954269528388977
6360312320.0,-0.5010629892349243
6361249792.0,-0.5107843279838562
6362187264.0,-0.5227797627449036
6363125248.0,-0.5366261601448059
6364062720.0,-0.5526803731918335
6365000192.0,-0.827978789806366
6365937664.0,-0.8341790437698364
6366875136.0,-0.8403212428092957
6367812608.0,-0.8474864959716797
6368750080.0,-0.8552340269088745
6369687552.0,-0.8643220663070679
6370625024.0,-0.8718284964561462
6371562496.0,-0.882412314414978
6372499968.0,-0.8922570943832397
6373437440.0,-0.9014482498168945
6374374912.0,-0.9108833074569702
6375312384.0,-0.9211512207984924
6376249856.0,-0.9300097823143005
6377187328.0,-0.9389829635620117
6378124800.0,-0.9461917281150818
6379062272.0,-0.953625500202179
6380000256.0,-0.9609461426734924
6380937728.0,-0.9664686322212219
6381875200.0,-0.9731756448745728
6382812672.0,-0.9773150682449341
6383750144.0,-0.982817530632019
6384687616.0,-0.9859732389450073
6385625088.0,-0.9896294474601746
6386562560.0,-0.9908662438392639
6387500032.0,-0.9934498071670532
6388437504.0,-0.9956278800964355
6389374976.0,-0.9983568787574768
6390312448.0,-1.000007152557373
6391249920.0,-1.0010144710540771
6392187392.0,-1.000758409500122
6393124864.0,-1.001357078552246
6394062336.0,-1.0009549856185913
6394999808.0,-0.9993572235107422
6395937280.0,-0.9977044463157654
6396874752.0,-0.9959831833839417
6397812736.0,-0.9933913946151733
6398750208.0,-0.99017333984375
6399687680.0,-0.9873301982879639
6400625152.0,-0.9853430986404419
6401562624.0,-0.9820704460144043
6402500096.0,-0.9804621934890747
6403437568.0,-0.9792189598083496
6404375040.0,-0.9782318472862244
6405312512.0,-0.9782065153121948
6406249984.0,-0.9796136617660522
6407187456.0,-0.9808119535446167
6408124928.0,-0.9824947118759155
6409062400.0,-0.986407995223999
6409999872.0,-0.9892414808273315
6410937344.0,-0.9936268925666809
6411874816.0,-0.9983200430870056
6412812288.0,-1.0048547983169556
6413749760.0,-1.0113245248794556
6414687744.0,-1.0179795026779175
6415625216.0,-1.0251250267028809
6416562688.0,-1.0328292846679688
6417500160.0,-1.0403341054916382
6418437632.0,-1.0483266115188599
6419375104.0,-1.0564346313476562
6420312576.0,-1.0646926164627075
6421250048.0,-1.0732097625732422
6422187520.0,-1.0799716711044312
6423124992.0,-1.0862139463424683
6424062464.0,-1.0893442630767822
6424999936.0,-1.106471300125122
6425937408.0,-1.1186838150024414
6426874880.0,-1.1297365427017212
6427812352.0,-1.1398146152496338
6428749824.0,-1.1475586891174316
6429687296.0,-1.153854250907898
6430624768.0,-1.1593254804611206
6431562752.0,-1.1632401943206787
6432500224.0,-1.1651777029037476
6433437696.0,-1.166216492652893
6434375168.0,-1.1664825677871704
6435312640.0,-1.163368582725525
6436250112.0,-1.1599767208099365
6437187584.0,-1.1549361944198608
6438125056.0,-1.1480731964111328
6439062528.0,-1.1397587060928345
6440000000.0,-1.1308581829071045
6440937472.0,-1.1205761432647705
6441874944.0,-1.1095761060714722
6442812416.0,-1.0979690551757812
6443749888.0,-1.0853641033172607
6444687360.0,-1.0722419023513794
6445624832.0,-1.0603677034378052
6446562304.0,-1.0450940132141113
6447499776.0,-1.0328692197799683
6448437248.0,-1.0192723274230957
6449375232.0,-1.007483720779419
6450312704.0,-0.997301459312439
6451250176.0,-0.9865424633026123
6452187648.0,-0.9770388007164001
6453125120.0,-0.9674113988876343
6454062592.0,-0.9589961171150208
6455000064.0,-0.9510751366615295
6455937536.0,-0.943310558795929
6456875008.0,-0.9378733038902283
6457812480.0,-0.9322682619094849
6458749952.0,-0.926598846912384
6459687424.0,-0.9225965738296509
6460624896.0,-0.9184219837188721
6461562368.0,-0.9147459864616394
6462499840.0,-0.9124318957328796
6463437312.0,-0.9086716175079346
6464374784.0,-0.9046792387962341
6465312256.0,-0.9019652605056763
6466250240.0,-0.8995859026908875
6467187712.0,-0.8952035903930664
6468125184.0,-0.8918930888175964
6469062656.0,-0.8881889581680298
6470000128.0,-0.8831166625022888
6470937600.0,-0.8782514929771423
6471875072.0,-0.8732084631919861
6472812544.0,-0.868112325668335
6473750016.0,-0.8655564188957214
6474687488.0,-0.8627788424491882
6475624960.0,-0.8597755432128906
6476562432.0,-0.8559938073158264
6477499904.0,-0.8529890775680542
6478437376.0,-0.8505564332008362
6479374848.0,-0.8477894067764282
6480312320.0,-0.8467254042625427
6481249792.0,-0.844840943813324
6482187264.0,-0.8434925675392151
6483125248.0,-0.8423856496810913
6484062720.0,-0.8423327803611755
6485000192.0,-0.9440885782241821
6485937664.0,-0.9514937996864319
6486875136.0,-0.9601466655731201
6487812608.0,-0.9672516584396362
6488750080.0,-0.9747609496116638
6489687552.0,-0.9836046099662781
6490625024.0,-0.9899613857269287
6491562496.0,-0.997589111328125
6492499968.0,-1.0022178888320923
6493437440.0,-1.008433222770691
6494374912.0,-1.01369047164917
6495312384.0,-1.0182098150253296
6496249856.0,-1.0210028886795044
6497187328.0,-1.0243051052093506
6498124800.0,-1.0254439115524292
6499062272.0,-1.0259215831756592
6499999744.0,-1.0250123739242554
6500937728.0,-1.023037314414978
6501875200.0,-1.0193220376968384
6502812672.0,-1.0152287483215332
6503750144.0,-1.0087612867355347
6504687616.0,-1.0025014877319336
6505625088.0,-0.994406521320343
6506562560.0,-0.9850869178771973
6507500032.0,-0.9767077565193176
6508437504.0,-0.9667545557022095
6509374976.0,-0.9557203054428101
6510312448.0,-0.9454911351203918
6511249920.0,-0.933366060256958
6512187392.0,-0.9214047789573669
6513124864.0,-0.910341739654541
6514062336.0,-0.8983896970748901
6514999808.0,-0.8879573941230774
6515937280.0,-0.8771260976791382
6516874752.0,-0.8656443953514099
6517812736.0,-0.8545495271682739
6518750208.0,-0.8447496294975281
6519687680.0,-0.8354407548904419
6520625152.0,-0.8254194259643555
6521562624.0,-0.8161810040473938
6522500096.0,-0.8090786337852478
6523437568.0,-0.8022817373275757
6524375040.0,-0.7959542870521545
6525312512.0,-0.7910681962966919
6526249984.0,-0.7879230976104736
6527187456.0,-0.7848138213157654
6528124928.0,-0.7822230458259583
6529062400.0,-0.7821500897407532
6529999872.0,-0.7814236879348755
6530937344.0,-0.7831844091415405
6531874816.0,-0.7831230759620667
6532812288.0,-0.7845608592033386
6533749760.0,-0.7871341705322266
6534687744.0,-0.7902184128761292
6535625216.0,-0.7951648831367493
6536562688.0,-0.8016035556793213
6537500160.0,-0.8082389831542969
6538437632.0,-0.8153114914894104
6539375104.0,-0.8248324990272522
6540312576.0,-0.8329212665557861
6541250048.0,-0.8422352075576782
6542187520.0,-0.8502222299575806
6543124992.0,-0.8581745028495789
6544062464.0,-0.8662076592445374
6544999936.0,-0.8623363375663757
6545937408.0,-0.8645261526107788
6546874880.0,-0.8669283986091614
6547812352.0,-0.8703151345252991
6548749824.0,-0.8738114833831787
6549687296.0,-0.8774351477622986
6550624768.0,-0.8815792202949524
6551562752.0,-0.8869200944900513
6552500224.0,-0.8924401998519897
6553437696.0,-0.8980458974838257
6554375168.0,-0.9040214419364929
6555312640.0,-0.9119341373443604
6556250112.0,-0.9203579425811768
6557187584.0,-0.9307647347450256
6558125056.0,-0.9397966861724854
6559062528.0,-0.949242353439331
6560000000.0,-0.9611408710479736
6560937472.0,-0.9712715744972229
6561874944.0,-0.9824144840240479
6562812416.0,-0.9944620132446289
6563749888.0,-1.0083407163619995
6564687360.0,-1.0201678276062012
6565624832.0,-1.034061312675476
6566562304.0,-1.0485193729400635
6567499776.0,-1.061862826347351
6568437248.0,-1.0749709606170654
6569375232.0,-1.087654709815979
6570312704.0,-1.099971890449524
6571250176.0,-1.1124863624572754
6572187648.0,-1.123383641242981
6573125120.0,-1.1347997188568115
6574062592.0,-1.1459507942199707
6575000064.0,-1.153871774673462
6575937536.0,-1.1618081331253052
6576875008.0,-1.167044997215271
6577812480.0,-1.173075556755066
6578749952.0,-1.1763052940368652
6579687424.0,-1.1799569129943848
6580624896.0,-1.1815003156661987
6581562368.0,-1.1821364164352417
6582499840.0,-1.1828060150146484
6583437312.0,-1.1817907094955444
6584374784.0,-1.1811352968215942
6585312256.0,-1.179813265800476
6586250240.0,-1.177151083946228
6587187712.0,-1.1754356622695923
6588125184.0,-1.1710339784622192
6589062656.0,-1.1660336256027222
6590000128.0,-1.1626989841461182
6590937600.0,-1.1575223207473755
6591875072.0,-1.1517696380615234
6592812544.0,-1.1464800834655762
6593750016.0,-1.1420084238052368
6594687488.0,-1.137025237083435
6595624960.0,-1.1318209171295166
6596562432.0,-1.1280468702316284
6597499904.0,-1.125169277191162
6598437376.0,-1.1236088275909424
6599374848.0,-1.1214559078216553
6600312320.0,-1.1194727420806885
6601249792.0,-1.119644284248352
6602187264.0,-1.118646502494812
6603125248.0,-1.1194286346435547
6604062720.0,-1.1219525337219238
6605000192.0,-1.120090365409851
6605937664.0,-1.1258749961853027
6606875136.0,-1.1299940347671509
6607812608.0,-1.135076642036438
6608750080.0,-1.1412287950515747
6609687552.0,-1.1451960802078247
6610625024.0,-1.1498243808746338
6611562496.0,-1.1546356678009033
6612499968.0,-1.1590907573699951
6613437440.0,-1.1642749309539795
6614374912.0,-1.1687061786651611
6615312384.0,-1.1734319925308228
6616249856.0,-1.1782222986221313
6617187328.0,-1.1842153072357178
6618124800.0,-1.1885814666748047
6619062272.0,-1.1944212913513184
6620000256.0,-1.2000393867492676
6620937728.0,-1.2078427076339722
6621875200.0,-1.215123176574707
6622812672.0,-1.224173665046692
6623750144.0,-1.2335587739944458
6624687616.0,-1.2444955110549927
6625625088.0,-1.259163498878479
6626562560.0,-1.2775460481643677
6627500032.0,-1.2972326278686523
6628437504.0,-1.316596269607544
6629374976.0,-1.3365033864974976
6630312448.0,-1.3557322025299072
6631249920.0,-1.3764514923095703
6632187392.0,-1.3961864709854126
6633124864.0,-1.4160383939743042
6634062336.0,-1.435063362121582
6634999808.0,-1.4537090063095093
6635937280.0,-1.4731104373931885
6636874752.0,-1.4912662506103516
6637812736.0,-1.511021614074707
6638750208.0,-1.5286277532577515
6639687680.0,-1.5460368394851685
6640625152.0,-1.5648530721664429
6641562624.0,-1.5822173357009888
6642500096.0,-1.5974349975585938
6643437568.0,-1.6115808486938477
6644375040.0,-1.625277042388916
6645312512.0,-1.6366420984268188
6646249984.0,-1.6458830833435059
6647187456.0,-1.6538138389587402
6648124928.0,-1.6606314182281494
6649062400.0,-1.666147232055664
6649999872.0,-1.6723026037216187
6650937344.0,-1.6781485080718994
6651874816.0,-1.68423330783844
6652812288.0,-1.6898815631866455
6653749760.0,-1.695530891418457
6654687744.0,-1.699305772781372
6655625216.0,-1.7023800611495972
6656562688.0,-1.7057113647460938
6657500160.0,-1.7095069885253906
6658437632.0,-1.713703989982605
6659375104.0,-1.7178430557250977
6660312576.0,-1.7238476276397705
6661250048.0,-1.7303094863891602
6662187520.0,-1.7401355504989624
6663124992.0,-1.7496647834777832
6664062464.0,-1.761371374130249
6664999936.0,-1.7829687595367432
6665937408.0,-1.7950681447982788
6666874880.0,-1.8044285774230957
6667812352.0,-1.8164523839950562
6668749824.0,-1.8297584056854248
6669687296.0,-1.8419513702392578
6670624768.0,-1.8545418977737427
6671562752.0,-1.8685764074325562
6672500224.0,-1.8830721378326416
6673437696.0,-1.895828366279602
6674375168.0,-1.9078174829483032
6675312640.0,-1.917694091796875
6676250112.0,-1.9265104532241821
6677187584.0,-1.9335992336273193
6678125056.0,-1.9390041828155518
6679062528.0,-1.9444078207015991
6680000000.0,-1.9505343437194824
6680937472.0,-1.956276774406433
6681874944.0,-1.9612770080566406
6682812416.0,-1.9668512344360352
6683749888.0,-1.9708322286605835
6684687360.0,-1.973215103149414
6685624832.0,-1.9757225513458252
6686562304.0,-1.9775104522705078
6687499776.0,-1.9786152839660645
6688437248.0,-1.9815356731414795
6689375232.0,-1.984344482421875
6690312704.0,-1.9877779483795166
6691250176.0,-1.9937736988067627
6692187648.0,-1.998740553855896
6693125120.0,-2.0072357654571533
6694062592.0,-2.014294147491455
6695000064.0,-2.0231595039367676
6695937536.0,-2.0350284576416016
6696875008.0,-2.0486502647399902
6697812480.0,-2.065311908721924
6698749952.0,-2.0847115516662598
6699687424.0,-2.104964256286621
6700624896.0,-2.126295804977417
6701562368.0,-2.1487133502960205
6702499840.0,-2.1712074279785156
6703437312.0,-2.194206476211548
6704374784.0,-2.2163519859313965
6705312256.0,-2.2408101558685303
6706250240.0,-2.26503586769104
6707187712.0,-2.289879322052002
6708125184.0,-2.3132643699645996
6709062656.0,-2.3370392322540283
6710000128.0,-2.358846426010132
6710937600.0,-2.3795011043548584
6711875072.0,-2.3978681564331055
6712812544.0,-2.4123988151550293
6713750016.0,-2.424913167953491
6714687488.0,-2.435197353363037
6715624960.0,-2.443596124649048
6716562432.0,-2.449842929840088
6717499904.0,-2.4551429748535156
6718437376.0,-2.4593074321746826
6719374848.0,-2.458188772201538
6720312320.0,-2.456329584121704
6721249792.0,-2.4536173343658447
6722187264.0,-2.451373815536499
6723125248.0,-2.4505772590637207
6724062720.0,-2.450791120529175
6725000192.0,-2.428473949432373
6725937664.0,-2.4327001571655273
6726875136.0,-2.4355387687683105
6727812608.0,-2.440434217453003
6728750080.0,-2.4480035305023193
6729687552.0,-2.4569060802459717
6730625024.0,-2.468078851699829
6731562496.0,-2.4804611206054688
6732499968.0,-2.4959218502044678
6733437440.0,-2.513533592224121
6734374912.0,-2.5357296466827393
6735312384.0,-2.556892156600952
6736249856.0,-2.5820722579956055
6737187328.0,-2.6093521118164062
6738124800.0,-2.6392276287078857
6739062272.0,-2.6715242862701416
6739999744.0,-2.7044870853424072
6740937728.0,-2.739335298538208
6741875200.0,-2.775015354156494
6742812672.0,-2.8075084686279297
6743750144.0,-2.840874195098877
6744687616.0,-2.8728010654449463
6745625088.0,-2.9048469066619873
6746562560.0,-2.9356915950775146
6747500032.0,-2.9631359577178955
6748437504.0,-2.9919443130493164
6749374976.0,-3.017829418182373
6750312448.0,-3.0410096645355225
6751249920.0,-3.06076979637146
6752187392.0,-3.082674741744995
6753124864.0,-3.0970804691314697
6754062336.0,-3.106724500656128
6754999808.0,-3.1121981143951416
6755937280.0,-3.1152615547180176
6756874752.0,-3.11342191696167
6757812736.0,-3.10683274269104
6758750208.0,-3.096935510635376
6759687680.0,-3.0825371742248535
6760625152.0,-3.0633859634399414
6761562624.0,-3.0391640663146973
6762500096.0,-3.0111865997314453
6763437568.0,-2.979933977127075
6764375040.0,-2.9436771869659424
6765312512.0,-2.903494358062744
6766249984.0,-2.860844373703003
6767187456.0,-2.812955617904663
6768124928.0,-2.7611327171325684
6769062400.0,-2.705357074737549
6769999872.0,-2.6439006328582764
6770937344.0,-2.5829286575317383
6771874816.0,-2.5199124813079834
6772812288.0,-2.4566571712493896
6773749760.0,-2.393946409225464
6774687744.0,-2.3300042152404785
6775625216.0,-2.267987012863159
6776562688.0,-2.206366777420044
6777500160.0,-2.1467275619506836
6778437632.0,-2.0935161113739014
6779375104.0,-2.043773889541626
6780312576.0,-1.9976917505264282
6781250048.0,-1.9558032751083374
6782187520.0,-1.9177794456481934
6783124992.0,-1.8827307224273682
6784062464.0,-1.8522013425827026
6784999936.0,-2.3051774501800537
6785937408.0,-2.2869937419891357
6786874880.0,-2.2711002826690674
6787812352.0,-2.255824327468872
6788749824.0,-2.2414724826812744
6789687296.0,-2.2284975051879883
6790624768.0,-2.2170157432556152
6791562752.0,-2.206993579864502
6792500224.0,-2.198137044906616
6793437696.0,-2.190955400466919
6794375168.0,-2.1859843730926514
6795312640.0,-2.182086229324341
6796250112.0,-2.181087017059326
6797187584.0,-2.1814780235290527
6798125056.0,-2.1808180809020996
6799062528.0,-2.184483051300049
6800000000.0,-2.1881909370422363
6800937472.0,-2.1945009231567383
6801874944.0,-2.2010185718536377
6802812416.0,-2.210078716278076
6803749888.0,-2.2235631942749023
6804687360.0,-2.239752769470215
6805624832.0,-2.25858211517334
6806562304.0,-2.2776308059692383
6807499776.0,-2.2974636554718018
6808437248.0,-2.3163468837738037
6809375232.0,-2.334681510925293
6810312704.0,-2.3522045612335205
6811250176.0,-2.368607997894287
6812187648.0,-2.3834989070892334
6813125120.0,-2.397371292114258
6814062592.0,-2.4096429347991943
6815000064.0,-2.419726610183716
6815937536.0,-2.427816867828369
6816875008.0,-2.435267448425293
6817812480.0,-2.4401047229766846
6818749952.0,-2.440582752227783
6819687424.0,-2.4387400150299072
6820624896.0,-2.433744192123413
6821562368.0,-2.4224162101745605
6822499840.0,-2.4078311920166016
6823437312.0,-2.3912363052368164
6824374784.0,-2.3684890270233154
6825312256.0,-2.3439691066741943
6826250240.0,-2.314706802368164
6827187712.0,-2.2850992679595947
6828125184.0,-2.250666856765747
6829062656.0,-2.2144930362701416
6830000128.0,-2.17578387260437
6830937600.0,-2.1350979804992676
6831875072.0,-2.0941288471221924
6832812544.0,-2.0520596504211426
6833750016.0,-2.012542486190796
6834687488.0,-1.9711153507232666
6835624960.0,-1.9313586950302124
6836562432.0,-1.8896565437316895
6837499904.0,-1.850178837776184
6838437376.0,-1.8101468086242676
6839374848.0,-1.771845817565918
6840312320.0,-1.736834168434143
6841249792.0,-1.7028981447219849
6842187264.0,-1.6709167957305908
6843125248.0,-1.6417832374572754
6844062720.0,-1.6148923635482788
6845000192.0,-1.5125412940979004
6845937664.0,-1.4869345426559448
6846875136.0,-1.4646390676498413
6847812608.0,-1.4449095726013184
6848750080.0,-1.426079511642456
6849687552.0,-1.4102250337600708
6850625024.0,-1.3965697288513184
6851562496.0,-1.3863860368728638
6852499968.0,-1.3787987232208252
6853437440.0,-1.3752228021621704
6854374912.0,-1.3735302686691284
6855312384.0,-1.3750481605529785
6856249856.0,-1.3790020942687988
6857187328.0,-1.384495735168457
6858124800.0,-1.39396333694458
6859062272.0,-1.4041850566864014
6860000256.0,-1.4163421392440796
6860937728.0,-1.4313501119613647
6861875200.0,-1.447021484375
6862812672.0,-1.4643709659576416
6863750144.0,-1.4829187393188477
6864687616.0,-1.5019948482513428
6865625088.0,-1.5208840370178223
6866562560.0,-1.539218783378601
6867500032.0,-1.557218074798584
6868437504.0,-1.5726194381713867
6869374976.0,-1.588611125946045
6870312448.0,-1.6029796600341797
6871249920.0,-1.6165357828140259
6872187392.0,-1.6267989873886108
6873124864.0,-1.6350558996200562
6874062336.0,-1.6413630247116089
6874999808.0,-1.6443406343460083
6875937280.0,-1.6457204818725586
6876874752.0,-1.6448593139648438
6877812736.0,-1.642049789428711
6878750208.0,-1.6360915899276733
6879687680.0,-1.6276949644088745
6880625152.0,-1.6173298358917236
6881562624.0,-1.604882836341858
6882500096.0,-1.5889599323272705
6883437568.0,-1.5704245567321777
6884375040.0,-1.5491008758544922
6885312512.0,-1.5261439085006714
6886249984.0,-1.4984849691390991
6887187456.0,-1.4687305688858032
6888124928.0,-1.4380563497543335
6889062400.0,-1.4069715738296509
6889999872.0,-1.375696063041687
6890937344.0,-1.343237042427063
6891874816.0,-1.310095191001892
6892812288.0,-1.2771884202957153
6893749760.0,-1.2479000091552734
6894687744.0,-1.2165184020996094
6895625216.0,-1.1856404542922974
6896562688.0,-1.1568894386291504
6897500160.0,-1.1263569593429565
6898437632.0,-1.100687026977539
6899375104.0,-1.075534701347351
6900312576.0,-1.0527667999267578
6901250048.0,-1.0316659212112427
6902187520.0,-1.0129141807556152
6903124992.0,-0.9962005615234375
6904062464.0,-0.9824119210243225
6904999936.0,-0.9831136465072632
6905937408.0,-0.9797515273094177
6906874880.0,-0.9781591296195984
6907812352.0,-0.9791973233222961
6908749824.0,-0.9804649353027344
6909687296.0,-0.9840983748435974
6910624768.0,-0.986858606338501
6911562752.0,-0.9915581941604614
6912500224.0,-0.9960880875587463
6913437696.0,-1.0023857355117798
6914375168.0,-1.0056980848312378
6915312640.0,-1.0093835592269897
6916250112.0,-1.013382911682129
6917187584.0,-1.0152877569198608
6918125056.0,-1.0161283016204834
6919062528.0,-1.0149747133255005
6920000000.0,-1.014743447303772
6920937472.0,-1.0126584768295288
6921874944.0,-1.007940649986267
6922812416.0,-1.0023993253707886
6923749888.0,-0.9942771196365356
6924687360.0,-0.9831721186637878
6925624832.0,-0.9709651470184326
6926562304.0,-0.9570772647857666
6927499776.0,-0.941148579120636
6928437248.0,-0.9242427945137024
6929375232.0,-0.904061496257782
6930312704.0,-0.884549081325531
6931250176.0,-0.8651485443115234
6932187648.0,-0.8447393178939819
6933125120.0,-0.8221713304519653
6934062592.0,-0.8008082509040833
6935000064.0,-0.7785746455192566
6935937536.0,-0.7560151219367981
6936875008.0,-0.7332467436790466
6937812480.0,-0.7102752327919006
6938749952.0,-0.6877855062484741
6939687424.0,-0.6663331985473633
6940624896.0,-0.6464565992355347
6941562368.0,-0.6271519660949707
6942499840.0,-0.6091416478157043
6943437312.0,-0.594115138053894
6944374784.0,-0.5802814960479736
6945312256.0,-0.5674428939819336
6946250240.0,-0.5573413372039795
6947187712.0,-0.5490428805351257
6948125184.0,-0.5423017740249634
6949062656.0,-0.5364422798156738
6950000128.0,-0.5331047177314758
6950937600.0,-0.529667854309082
6951875072.0,-0.5298514366149902
6952812544.0,-0.5294798016548157
6953750016.0,-0.5295403003692627
6954687488.0,-0.5312460660934448
6955624960.0,-0.5350120663642883
6956562432.0,-0.5404036045074463
6957499904.0,-0.5471442341804504
6958437376.0,-0.5556243658065796
6959374848.0,-0.5650231838226318
6960312320.0,-0.5738622546195984
6961249792.0,-0.5841892957687378
6962187264.0,-0.5935747027397156
6963125248.0,-0.6050021648406982
6964062720.0,-0.6152435541152954
6965000192.0,-0.5211846828460693
6965937664.0,-0.5305623412132263
6966875136.0,-0.5394352078437805
6967812608.0,-0.5506350994110107
6968750080.0,-0.5604180693626404
6969687552.0,-0.5716035962104797
6970625024.0,-0.581018328666687
6971562496.0,-0.5896224975585938
6972499968.0,-0.6001995801925659
6973437440.0,-0.6112569570541382
6974374912.0,-0.6226148009300232
6975312384.0,-0.6323400139808655
6976249856.0,-0.6443921327590942
6977187328.0,-0.6558730602264404
6978124800.0,-0.6680702567100525
6979062272.0,-0.67998206615448
6979999744.0,-0.6923558115959167
6980937728.0,-0.7038849592208862
6981875200.0,-0.7147363424301147
6982812672.0,-0.72298264503479
6983750144.0,-0.7323083281517029
6984687616.0,-0.7411675453186035
6985625088.0,-0.7482601404190063
6986562560.0,-0.7574292421340942
6987500032.0,-0.7647647261619568
6988437504.0,-0.7702544331550598
6989374976.0,-0.7766448855400085
6990312448.0,-0.7800657153129578
6991249920.0,-0.7829865217208862
6992187392.0,-0.784566342830658
6993124864.0,-0.7859484553337097
6994062336.0,-0.7834481000900269
6994999808.0,-0.7811111807823181
6995937280.0,-0.7770110368728638
6996874752.0,-0.770613968372345
6997812736.0,-0.7632996439933777
6998750208.0,-0.756222665309906
6999687680.0,-0.7462817430496216
7000625152.0,-0.7373608350753784
7001562624.0,-0.7266262769699097
7002500096.0,-0.7147589325904846
7003437568.0,-0.7039182782173157
7004375040.0,-0.6910149455070496
7005312512.0,-0.6787131428718567
7006249984.0,-0.6673728227615356
7007187456.0,-0.6527179479598999
7008124928.0,-0.6357083320617676
7009062400.0,-0.6185160875320435
7009999872.0,-0.6007711291313171
7010937344.0,-0.5847235918045044
7011874816.0,-0.5670274496078491
7012812288.0,-0.5499011874198914
7013749760.0,-0.53331458568573
7014687744.0,-0.5161432027816772
7015625216.0,-0.5007162094116211
7016562688.0,-0.48434582352638245
7017500160.0,-0.46919718384742737
7018437632.0,-0.4547251760959625
7019375104.0,-0.4408896565437317
7020312576.0,-0.4262276887893677
7021250048.0,-0.41420310735702515
7022187520.0,-0.4026792645454407
7023124992.0,-0.39023447036743164
7024062464.0,-0.379789263010025
7024999936.0,-0.28997868299484253
7025937408.0,-0.29237815737724304
7026874880.0,-0.2956581711769104
7027812352.0,-0.3000893294811249
7028749824.0,-0.3058946132659912
7029687296.0,-0.3121955394744873
7030624768.0,-0.3196541666984558
7031562752.0,-0.3278622329235077
7032500224.0,-0.3390062749385834
7033437696.0,-0.35030484199523926
7034375168.0,-0.3625255525112152
7035312640.0,-0.3757838010787964
7036250112.0,-0.38960158824920654
7037187584.0,-0.4034148156642914
7038125056.0,-0.4170377254486084
7039062528.0,-0.4309615194797516
7040000000.0,-0.44594430923461914
7040937472.0,-0.4603291451931
7041874944.0,-0.474956214427948
7042812416.0,-0.48857325315475464
7043749888.0,-0.502720832824707
7044687360.0,-0.5148472785949707
7045624832.0,-0.5278735160827637
7046562304.0,-0.539644718170166
7047499776.0,-0.5508197546005249
7048437248.0,-0.5603827834129333
7049375232.0,-0.5698922276496887
7050312704.0,-0.5783020257949829
7051250176.0,-0.5841333270072937
7052187648.0,-0.5912104249000549
7053125120.0,-0.5960104465484619
7054062592.0,-0.5990304946899414
7055000064.0,-0.600041925907135
7055937536.0,-0.6000462770462036
7056875008.0,-0.600104808807373
7057812480.0,-0.5976272821426392
7058749952.0,-0.5977891683578491
7059687424.0,-0.5962111949920654
7060624896.0,-0.5943909287452698
7061562368.0,-0.5912907123565674
7062499840.0,-0.5870351195335388
7063437312.0,-0.5793465375900269
7064374784.0,-0.5730400681495667
7065312256.0,-0.5642471313476562
7066250240.0,-0.5551697015762329
7067187712.0,-0.5432434678077698
7068125184.0,-0.5311838388442993
7069062656.0,-0.51856929063797
7070000128.0,-0.5064834356307983
7070937600.0,-0.4937441051006317
7071875072.0,-0.47984111309051514
7072812544.0,-0.4651227593421936
7073750016.0,-0.4508703052997589
7074687488.0,-0.4352863132953644
7075624960.0,-0.4211485981941223
7076562432.0,-0.4050138294696808
7077499904.0,-0.38939782977104187
7078437376.0,-0.3740603029727936
7079374848.0,-0.3584176003932953
7080312320.0,-0.34330660104751587
7081249792.0,-0.32812198996543884
7082187264.0,-0.3135618567466736
7083125248.0,-0.2984580397605896
7084062720.0,-0.2841354310512543
7085000192.0,-0.3477265536785126
7085937664.0,-0.33675724267959595
7086875136.0,-0.32560211420059204
7087812608.0,-0.3153074383735657
7088750080.0,-0.30566778779029846
7089687552.0,-0.2972569167613983
7090625024.0,-0.2881031632423401
7091562496.0,-0.2800501585006714
7092499968.0,-0.273641437292099
7093437440.0,-0.2684363126754761
7094374912.0,-0.2637079358100891
7095312384.0,-0.26023873686790466
7096249856.0,-0.25663018226623535
7097187328.0,-0.256958544254303
7098124800.0,-0.2570417821407318
7099062272.0,-0.25928863883018494
7100000256.0,-0.2632938325405121
7100937728.0,-0.26955854892730713
7101875200.0,-0.27625736594200134
7102812672.0,-0.28435489535331726
7103750144.0,-0.2941441833972931
7104687616.0,-0.3055764436721802
7105625088.0,-0.31894373893737793
7106562560.0,-0.33360040187835693
7107500032.0,-0.3489655554294586
7108437504.0,-0.3672234117984772
7109374976.0,-0.38733941316604614
7110312448.0,-0.40647751092910767
7111249920.0,-0.4290841221809387
7112187392.0,-0.450479656457901
7113124864.0,-0.47326627373695374
7114062336.0,-0.49423879384994507
7114999808.0,-0.5167329907417297
7115937280.0,-0.5394914746284485
7116874752.0,-0.5606651902198792
7117812736.0,-0.5833569765090942
7118750208.0,-0.6050623655319214
7119687680.0,-0.623821496963501
7120625152.0,-0.6446751952171326
7121562624.0,-0.6629343032836914
7122500096.0,-0.6801179647445679
7123437568.0,-0.6934955716133118
7124375040.0,-0.7083460092544556
7125312512.0,-0.7184869647026062
7126249984.0,-0.7282514572143555
7127187456.0,-0.7351588606834412
7128124928.0,-0.7396536469459534
7129062400.0,-0.7426345348358154
7129999872.0,-0.7438482046127319
7130937344.0,-0.7426668405532837
7131874816.0,-0.7388534545898438
7132812288.0,-0.7328863739967346
7133749760.0,-0.7259061932563782
7134687744.0,-0.7158693075180054
7135625216.0,-0.7047893404960632
7136562688.0,-0.692021369934082
7137500160.0,-0.67657470703125
7138437632.0,-0.6613308787345886
7139375104.0,-0.6433113217353821
7140312576.0,-0.6248390674591064
7141250048.0,-0.6044066548347473
7142187520.0,-0.5837700366973877
7143124992.0,-0.5627619028091431
7144062464.0,-0.4286916255950928
7144999936.0,-0.42642295360565186
7145937408.0,-0.4237971603870392
7146874880.0,-0.42084094882011414
7147812352.0,-0.41872745752334595
7148749824.0,-0.41582778096199036
7149687296.0,-0.41243696212768555
7150624768.0,-0.41082441806793213
7151562752.0,-0.4092705249786377
7152500224.0,-0.4079529643058777
7153437696.0,-0.40782883763313293
7154375168.0,-0.40890124440193176
7155312640.0,-0.4114099442958832
7156250112.0,-0.41582345962524414
7157187584.0,-0.42145970463752747
7158125056.0,-0.42860573530197144
7159062528.0,-0.4373476505279541
7160000000.0,-0.4449714720249176
7160937472.0,-0.4528288245201111
7161874944.0,-0.4613199830055237
7162812416.0,-0.4704447388648987
7163749888.0,-0.48056748509407043
7164687360.0,-0.4904763400554657
7165624832.0,-0.5005932450294495
7166562304.0,-0.5109006762504578
7167499776.0,-0.5211971402168274
7168437248.0,-0.5307545065879822
7169375232.0,-0.5389900803565979
7170312704.0,-0.5477994680404663
7171250176.0,-0.5550262331962585
7172187648.0,-0.5611867904663086
7173125120.0,-0.5664718747138977
7174062592.0,-0.5699959993362427
7175000064.0,-0.5730888247489929
7175937536.0,-0.5745610594749451
7176875008.0,-0.5728765726089478
7177812480.0,-0.5705628395080566
7178749952.0,-0.568367600440979
7179687424.0,-0.5624635219573975
7180624896.0,-0.5568526983261108
7181562368.0,-0.5476740002632141
7182499840.0,-0.5386201739311218
7183437312.0,-0.5267801880836487
7184374784.0,-0.5163683891296387
7185312256.0,-0.5019371509552002
7186250240.0,-0.4862136244773865
7187187712.0,-0.468378484249115
7188125184.0,-0.4507293701171875
7189062656.0,-0.4321035146713257
7190000128.0,-0.4129849374294281
7190937600.0,-0.3936862349510193
7191875072.0,-0.3742717504501343
7192812544.0,-0.3556278347969055
7193750016.0,-0.33545711636543274
7194687488.0,-0.3166195750236511
7195624960.0,-0.29972565174102783
7196562432.0,-0.2828941345214844
7197499904.0,-0.2675219774246216
7198437376.0,-0.2531145215034485
7199374848.0,-0.24147078394889832
7200312320.0,-0.2297327220439911
7201249792.0,-0.22129714488983154
7202187264.0,-0.2141178846359253
7203125248.0,-0.20999956130981445
7204062720.0,-0.3110685348510742
7205000192.0,-0.3223211467266083
7205937664.0,-0.33746352791786194
7206875136.0,-0.3555702865123749
7207812608.0,-0.3759269416332245
7208750080.0,-0.3974698483943939
7209687552.0,-0.4239323139190674
7210625024.0,-0.4506622850894928
7211562496.0,-0.48262476921081543
7212499968.0,-0.5140783786773682
7213437440.0,-0.5476680397987366
7214374912.0,-0.5818822979927063
7215312384.0,-0.6156805157661438
7216249856.0,-0.6505482792854309
7217187328.0,-0.6839929819107056
7218124800.0,-0.717875599861145
7219062272.0,-0.7503424882888794
7219999744.0,-0.7800810933113098
7220937728.0,-0.8072642683982849
7221875200.0,-0.832199215888977
7222812672.0,-0.8534029722213745
7223750144.0,-0.8696497678756714
7224687616.0,-0.8820096254348755
7225625088.0,-0.891006588935852
7226562560.0,-0.8948157429695129
7227500032.0,-0.894405722618103
7228437504.0,-0.8894212245941162
7229374976.0,-0.8801608085632324
7230312448.0,-0.8655158281326294
7231249920.0,-0.8470472693443298
7232187392.0,-0.8242713809013367
7233124864.0,-0.7978848814964294
7234062336.0,-0.7684246301651001
7234999808.0,-0.7356113791465759
7235937280.0,-0.7016502618789673
7236874752.0,-0.6663993000984192
7237812736.0,-0.6281285881996155
7238750208.0,-0.5879571437835693
7239687680.0,-0.5475811958312988
7240625152.0,-0.5058457255363464
7241562624.0,-0.4628714621067047
7242500096.0,-0.4209895133972168
7243437568.0,-0.37803447246551514
7244375040.0,-0.33510804176330566
7245312512.0,-0.29417142271995544
7246249984.0,-0.2534102201461792
7247187456.0,-0.21360796689987183
7248124928.0,-0.17581160366535187
7249062400.0,-0.13973823189735413
7249999872.0,-0.10703738033771515
7250937344.0,-0.07681607455015182
7251874816.0,-0.050384920090436935
7252812288.0,-0.027639932930469513
7253749760.0,-0.006930728442966938
7254687744.0,0.009508254006505013
7255625216.0,0.021425364539027214
7256562688.0,0.030466962605714798
7257500160.0,0.03365632891654968
7258437632.0,0.03496979549527168
7259375104.0,0.03054060786962509
7260312576.0,0.022079013288021088
7261250048.0,0.010296212509274483
7262187520.0,-0.00796046108007431
7263124992.0,-0.028464652597904205
7264062464.0,-0.3051811754703522
7264999936.0,-0.30112266540527344
7265937408.0,-0.2999442219734192
7266874880.0,-0.30080196261405945
7267812352.0,-0.30429694056510925
7268749824.0,-0.3103445768356323
7269687296.0,-0.3183077573776245
7270624768.0,-0.328607976436615
7271562752.0,-0.34056299924850464
7272500224.0,-0.35398396849632263
7273437696.0,-0.3700545132160187
7274375168.0,-0.3859039843082428
7275312640.0,-0.40306973457336426
7276250112.0,-0.4198899567127228
7277187584.0,-0.4375830888748169
7278125056.0,-0.45320871472358704
7279062528.0,-0.4685973823070526
7280000000.0,-0.48240524530410767
7280937472.0,-0.49616649746894836
7281874944.0,-0.5068838000297546
7282812416.0,-0.5170156955718994
7283749888.0,-0.5241624712944031
7284687360.0,-0.5303131341934204
7285624832.0,-0.5331965088844299
7286562304.0,-0.5343469977378845
7287499776.0,-0.5357213020324707
7288437248.0,-0.5363540649414062
7289375232.0,-0.5339398384094238
7290312704.0,-0.5308351516723633
7291250176.0,-0.5232483148574829
7292187648.0,-0.5154092311859131
7293125120.0,-0.5029992461204529
7294062592.0,-0.4905698597431183
7295000064.0,-0.4748992919921875
7295937536.0,-0.45855817198753357
7296875008.0,-0.4427475035190582
7297812480.0,-0.4243030548095703
7298749952.0,-0.4064631760120392
7299687424.0,-0.3882336914539337
7300624896.0,-0.37014663219451904
7301562368.0,-0.35207313299179077
7302499840.0,-0.335314005613327
7303437312.0,-0.3174690008163452
7304374784.0,-0.3030926287174225
7305312256.0,-0.2877075672149658
7306250240.0,-0.2750730812549591
7307187712.0,-0.26289260387420654
7308125184.0,-0.25330662727355957
7309062656.0,-0.24347707629203796
7310000128.0,-0.2353711873292923
7310937600.0,-0.2286881059408188
7311875072.0,-0.2223776876926422
7312812544.0,-0.2198794186115265
7313750016.0,-0.2186119258403778
7314687488.0,-0.2173745185136795
7315624960.0,-0.21614958345890045
7316562432.0,-0.2156568318605423
7317499904.0,-0.21446380019187927
7318437376.0,-0.21299944818019867
7319374848.0,-0.21014311909675598
7320312320.0,-0.20686665177345276
7321249792.0,-0.20197013020515442
7322187264.0,-0.19500607252120972
7323125248.0,-0.1868065744638443
7324062720.0,-0.3303837776184082
7325000192.0,-0.3104268014431
7325937664.0,-0.2869959771633148
7326875136.0,-0.26162710785865784
7327812608.0,-0.23505035042762756
7328750080.0,-0.20788930356502533
7329687552.0,-0.18097804486751556
7330625024.0,-0.15328824520111084
7331562496.0,-0.12792080640792847
7332499968.0,-0.10370135307312012
7333437440.0,-0.08214227855205536
7334374912.0,-0.06418784707784653
7335312384.0,-0.051166970282793045
7336249856.0,-0.04124139994382858
7337187328.0,-0.03703399375081062
7338124800.0,-0.03571682423353195
7339062272.0,-0.0370459146797657
7340000256.0,-0.04451476037502289
7340937728.0,-0.05536234751343727
7341875200.0,-0.07123995572328568
7342812672.0,-0.09069410711526871
7343750144.0,-0.11296140402555466
7344687616.0,-0.13745257258415222
7345625088.0,-0.16441670060157776
7346562560.0,-0.19037234783172607
7347500032.0,-0.21674750745296478
7348437504.0,-0.24132023751735687
7349374976.0,-0.26362013816833496
7350312448.0,-0.2831910252571106
7351249920.0,-0.2999596893787384
7352187392.0,-0.31195491552352905
7353124864.0,-0.3181312382221222
7354062336.0,-0.32130905985832214
7354999808.0,-0.31852057576179504
7355937280.0,-0.3127952218055725
7356874752.0,-0.3007062077522278
7357812736.0,-0.28476786613464355
7358750208.0,-0.2639206647872925
7359687680.0,-0.23944558203220367
7360625152.0,-0.21226288378238678
7361562624.0,-0.18298965692520142
7362500096.0,-0.1511901617050171
7363437568.0,-0.11831100285053253
7364375040.0,-0.08364445716142654
7365312512.0,-0.05019010230898857
7366249984.0,-0.018976420164108276
7367187456.0,0.01026923768222332
7368124928.0,0.03628447279334068
7369062400.0,0.05756168067455292
7369999872.0,0.0743691548705101
7370937344.0,0.08717840909957886
7371874816.0,0.09715449810028076
7372812288.0,0.10494676977396011
7373749760.0,0.10989952087402344
7374687744.0,0.11283174157142639
7375625216.0,0.11469340324401855
7376562688.0,0.11452392488718033
7377500160.0,0.11526578664779663
7378437632.0,0.11234251409769058
7379375104.0,0.11081675440073013
7380312576.0,0.10649767518043518
7381250048.0,0.10085224360227585
7382187520.0,0.09365954250097275
7383124992.0,0.08586350083351135
7384062464.0,-0.2217247486114502
7384999936.0,-0.24006885290145874
7385937408.0,-0.25768065452575684
7386874880.0,-0.2746906876564026
7387812352.0,-0.29058516025543213
7388749824.0,-0.3060972988605499
7389687296.0,-0.3198564648628235
7390624768.0,-0.3320446312427521
7391562752.0,-0.3406839370727539
7392500224.0,-0.3485215902328491
7393437696.0,-0.35167738795280457
7394375168.0,-0.3525741398334503
7395312640.0,-0.3488735258579254
7396250112.0,-0.34211334586143494
7397187584.0,-0.3317156136035919
7398125056.0,-0.3189391493797302
7399062528.0,-0.30083438754081726
7400000000.0,-0.2789476215839386
7400937472.0,-0.25417372584342957
7401874944.0,-0.22848369181156158
7402812416.0,-0.1981080025434494
7403749888.0,-0.1665903627872467
7404687360.0,-0.13407361507415771
7405624832.0,-0.09933444857597351
7406562304.0,-0.06378505378961563
7407499776.0,-0.027184471487998962
7408437248.0,0.009416262619197369
7409375232.0,0.046059973537921906
7410312704.0,0.08112438768148422
7411250176.0,0.11580993235111237
7412187648.0,0.14844821393489838
7413125120.0,0.17952485382556915
7414062592.0,0.20763376355171204
7415000064.0,0.23453521728515625
7415937536.0,0.2574883699417114
7416875008.0,0.2778204679489136
7417812480.0,0.2950434386730194
7418749952.0,0.30727437138557434
7419687424.0,0.3175603151321411
7420624896.0,0.32265549898147583
7421562368.0,0.32513540983200073
7422499840.0,0.32342565059661865
7423437312.0,0.3185550570487976
7424374784.0,0.30966463685035706
7425312256.0,0.2982514500617981
7426250240.0,0.28235799074172974
7427187712.0,0.2648419439792633
7428125184.0,0.24340428411960602
7429062656.0,0.2193666398525238
7430000128.0,0.19353894889354706
7430937600.0,0.1659879833459854
7431875072.0,0.13606594502925873
7432812544.0,0.10539162904024124
7433750016.0,0.07454227656126022
7434687488.0,0.04245983064174652
7435624960.0,0.010054673068225384
7436562432.0,-0.021614395081996918
7437499904.0,-0.053663045167922974
7438437376.0,-0.08321323990821838
7439374848.0,-0.11259009689092636
7440312320.0,-0.14200708270072937
7441249792.0,-0.17126356065273285
7442187264.0,-0.1982703059911728
7443125248.0,-0.22237572073936462
7444062720.0,0.02642062120139599
7445000192.0,0.011433243751525879
7445937664.0,-0.004239561501890421
7446875136.0,-0.02065117284655571
7447812608.0,-0.03757708892226219
7448750080.0,-0.05413152277469635
7449687552.0,-0.07043427228927612
7450625024.0,-0.08542080223560333
7451562496.0,-0.09997595101594925
7452499968.0,-0.1117076575756073
7453437440.0,-0.12360823154449463
7454374912.0,-0.1326753795146942
7455312384.0,-0.13876202702522278
7456249856.0,-0.14484091103076935
7457187328.0,-0.14550255239009857
7458124800.0,-0.14591313898563385
7459062272.0,-0.14444182813167572
7459999744.0,-0.14055459201335907
7460937728.0,-0.1328011006116867
7461875200.0,-0.1261565387248993
7462812672.0,-0.11735805869102478
7463750144.0,-0.10719248652458191
7464687616.0,-0.0957479178905487
7465625088.0,-0.08709187805652618
7466562560.0,-0.07775477319955826
7467500032.0,-0.0702839344739914
7468437504.0,-0.06271086633205414
7469374976.0,-0.054132916033267975
7470312448.0,-0.04750027507543564
7471249920.0,-0.03983788937330246
7472187392.0,-0.03646669164299965
7473124864.0,-0.03248140215873718
7474062336.0,-0.029851403087377548
7474999808.0,-0.030174532905220985
7475937280.0,-0.03156182914972305
7476874752.0,-0.0340445376932621
7477812736.0,-0.038889285176992416
7478750208.0,-0.04360102117061615
7479687680.0,-0.05030630901455879
7480625152.0,-0.05835723504424095
7481562624.0,-0.06846305727958679
7482500096.0,-0.0782967284321785
7483437568.0,-0.0894736647605896
7484375040.0,-0.10131148993968964
7485312512.0,-0.11340702325105667
7486249984.0,-0.12493869662284851
7487187456.0,-0.13718241453170776
7488124928.0,-0.14830583333969116
7489062400.0,-0.15864892303943634
7489999872.0,-0.1666894108057022
7490937344.0,-0.17408965528011322
7491874816.0,-0.1787961721420288
7492812288.0,-0.18206743896007538
7493749760.0,-0.18283285200595856
7494687744.0,-0.18184109032154083
7495625216.0,-0.179768368601799
7496562688.0,-0.17457632720470428
7497500160.0,-0.17048153281211853
7498437632.0,-0.16245946288108826
7499375104.0,-0.15364542603492737
7500312576.0,-0.14304398000240326
7501250048.0,-0.13221661746501923
7502187520.0,-0.12186887860298157
7503124992.0,-0.11099417507648468
7504062464.0,-0.098291777074337
7504999936.0,-0.07348074018955231
7505937408.0,-0.050537802278995514
7506874880.0,-0.029728716239333153
7507812352.0,-0.01489068754017353
7508749824.0,-0.0015451714862138033
7509687296.0,0.0075119067914783955
7510624768.0,0.011359244585037231
7511562752.0,0.01293065957725048
7512500224.0,0.009546184912323952
7513437696.0,0.0022412841208279133
7514375168.0,-0.00702629704028368
7515312640.0,-0.01961648091673851
7516250112.0,-0.03440919518470764
7517187584.0,-0.047776076942682266
7518125056.0,-0.06322590261697769
7519062528.0,-0.07737449556589127
7520000000.0,-0.09358551353216171
7520937472.0,-0.10659603774547577
7521874944.0,-0.12005877494812012
7522812416.0,-0.13338910043239594
7523749888.0,-0.14293985068798065
7524687360.0,-0.15045423805713654
7525624832.0,-0.15506868064403534
7526562304.0,-0.1559169888496399
7527499776.0,-0.15573227405548096
7528437248.0,-0.15168307721614838
7529375232.0,-0.1455991566181183
7530312704.0,-0.13711915910243988
7531250176.0,-0.12616361677646637
7532187648.0,-0.11316230893135071
7533125120.0,-0.09979451447725296
7534062592.0,-0.08548066765069962
7535000064.0,-0.07244417816400528
7535937536.0,-0.05766706168651581
7536875008.0,-0.04371471703052521
7537812480.0,-0.03331570327281952
7538749952.0,-0.023446714505553246
7539687424.0,-0.016807444393634796
7540624896.0,-0.012329582124948502
7541562368.0,-0.012523106299340725
7542499840.0,-0.01657184399664402
7543437312.0,-0.02342553250491619
7544374784.0,-0.03348342701792717
7545312256.0,-0.04875214397907257
7546250240.0,-0.06811805069446564
7547187712.0,-0.09083627909421921
7548125184.0,-0.11713016033172607
7549062656.0,-0.14419306814670563
7550000128.0,-0.17424915730953217
7550937600.0,-0.2039210945367813
7551875072.0,-0.23404166102409363
7552812544.0,-0.26367422938346863
7553750016.0,-0.289188027381897
7554687488.0,-0.3132646381855011
7555624960.0,-0.3338862359523773
7556562432.0,-0.3523465394973755
7557499904.0,-0.3696042001247406
7558437376.0,-0.3844975233078003
7559374848.0,-0.39810970425605774
7560312320.0,-0.41138139367103577
7561249792.0,-0.4228585958480835
7562187264.0,-0.436353862285614
7563125248.0,-0.44926825165748596
7564062720.0,-0.45324990153312683
7565000192.0,-0.43860599398612976
7565937664.0,-0.4234658181667328
7566875136.0,-0.4057196080684662
7567812608.0,-0.38386034965515137
7568750080.0,-0.3590213358402252
7569687552.0,-0.3343662619590759
7570625024.0,-0.30731284618377686
7571562496.0,-0.28021782636642456
7572499968.0,-0.2518753409385681
7573437440.0,-0.2224767953157425
7574374912.0,-0.19473056495189667
7575312384.0,-0.16585811972618103
7576249856.0,-0.13847976922988892
7577187328.0,-0.11202643066644669
7578124800.0,-0.08531930297613144
7579062272.0,-0.06008926406502724
7580000256.0,-0.036987196654081345
7580937728.0,-0.01638680510222912
7581875200.0,0.003494693897664547
7582812672.0,0.020815664902329445
7583750144.0,0.035616833716630936
7584687616.0,0.04872604086995125
7585625088.0,0.05845983326435089
7586562560.0,0.0661151334643364
7587500032.0,0.07290026545524597
7588437504.0,0.07519885152578354
7589374976.0,0.07591909915208817
7590312448.0,0.07468051463365555
7591249920.0,0.0703449696302414
7592187392.0,0.06421447545289993
7593124864.0,0.05663205310702324
7594062336.0,0.04720147326588631
7594999808.0,0.0374227873980999
7595937280.0,0.025173179805278778
7596874752.0,0.010580305010080338
7597812736.0,-0.0049469382502138615
7598750208.0,-0.02003302611410618
7599687680.0,-0.03759446740150452
7600625152.0,-0.05523257330060005
7601562624.0,-0.07324930280447006
7602500096.0,-0.0919831171631813
7603437568.0,-0.11005404591560364
7604375040.0,-0.1283562332391739
7605312512.0,-0.14425501227378845
7606249984.0,-0.1606249213218689
7607187456.0,-0.17615275084972382
7608124928.0,-0.18970754742622375
7609062400.0,-0.20319554209709167
7609999872.0,-0.2153194695711136
7610937344.0,-0.22522231936454773
7611874816.0,-0.2355833500623703
7612812288.0,-0.24254032969474792
7613749760.0,-0.24874505400657654
7614687744.0,-0.2548362910747528
7615625216.0,-0.25837406516075134
7616562688.0,-0.2617565393447876
7617500160.0,-0.2645048499107361
7618437632.0,-0.26799288392066956
7619375104.0,-0.2730771005153656
7620312576.0,-0.2766728401184082
7621250048.0,-0.28065329790115356
7622187520.0,-0.2845722436904907
7623124992.0,-0.2874625623226166
7624062464.0,-0.28549784421920776
7624999936.0,-0.2919512987136841
7625937408.0,-0.2964588403701782
7626874880.0,-0.2984934449195862
7627812352.0,-0.29946476221084595
7628749824.0,-0.2971853017807007
7629687296.0,-0.2926153540611267
7630624768.0,-0.2870517075061798
7631562752.0,-0.2792730927467346
7632500224.0,-0.27111199498176575
7633437696.0,-0.2618158161640167
7634375168.0,-0.2500063180923462
7635312640.0,-0.2395097017288208
7636250112.0,-0.22697100043296814
7637187584.0,-0.21500147879123688
7638125056.0,-0.20148161053657532
7639062528.0,-0.18937867879867554
7640000000.0,-0.17717070877552032
7640937472.0,-0.16471177339553833
7641874944.0,-0.15289580821990967
7642812416.0,-0.1424732804298401
7643749888.0,-0.13483960926532745
7644687360.0,-0.12941674888134003
7645624832.0,-0.12518277764320374
7646562304.0,-0.12251707166433334
7647499776.0,-0.12108644098043442
7648437248.0,-0.12007509171962738
7649375232.0,-0.12133648246526718
7650312704.0,-0.12369178235530853
7651250176.0,-0.12564091384410858
7652187648.0,-0.13055965304374695
7653125120.0,-0.13564321398735046
7654062592.0,-0.14196673035621643
7655000064.0,-0.1484822779893875
7655937536.0,-0.15529733896255493
7656875008.0,-0.16316138207912445
7657812480.0,-0.17182335257530212
7658749952.0,-0.18039508163928986
7659687424.0,-0.18904969096183777
7660624896.0,-0.19685067236423492
7661562368.0,-0.20484936237335205
7662499840.0,-0.2129904180765152
7663437312.0,-0.2199442833662033
7664374784.0,-0.22594773769378662
7665312256.0,-0.23242834210395813
7666250240.0,-0.23806792497634888
7667187712.0,-0.2422027885913849
7668125184.0,-0.24561604857444763
7669062656.0,-0.24859584867954254
7670000128.0,-0.2492140233516693
7670937600.0,-0.24894842505455017
7671875072.0,-0.2482120841741562
7672812544.0,-0.24678519368171692
7673750016.0,-0.24188494682312012
7674687488.0,-0.23809954524040222
7675624960.0,-0.23206782341003418
7676562432.0,-0.22446559369564056
7677499904.0,-0.21785728633403778
7678437376.0,-0.20932388305664062
7679374848.0,-0.20196960866451263
7680312320.0,-0.1915770024061203
7681249792.0,-0.18246175348758698
7682187264.0,-0.172102689743042
7683125248.0,-0.161856546998024
7684062720.0,0.07090891897678375
7685000192.0,0.08396878838539124
7685937664.0,0.09591494500637054
7686875136.0,0.10531242191791534
7687812608.0,0.1111956313252449
7688750080.0,0.11450811475515366
7689687552.0,0.1167169138789177
7690625024.0,0.11595161259174347
7691562496.0,0.11186566948890686
7692499968.0,0.10499147325754166
7693437440.0,0.09493719786405563
7694374912.0,0.08392677456140518
7695312384.0,0.07023779302835464
7696249856.0,0.053836870938539505
7697187328.0,0.0344226099550724
7698124800.0,0.013845701701939106
7699062272.0,-0.008128007873892784
7699999744.0,-0.031530510634183884
7700937728.0,-0.055324725806713104
7701875200.0,-0.08066005259752274
7702812672.0,-0.10489260405302048
7703750144.0,-0.1297595500946045
7704687616.0,-0.15283748507499695
7705625088.0,-0.17536810040473938
7706562560.0,-0.1969584822654724
7707500032.0,-0.21699360013008118
7708437504.0,-0.2353903204202652
7709374976.0,-0.2520371079444885
7710312448.0,-0.2670327126979828
7711249920.0,-0.28084439039230347
7712187392.0,-0.29178330302238464
7713124864.0,-0.3015787899494171
7714062336.0,-0.3093894124031067
7714999808.0,-0.31702232360839844
7715937280.0,-0.32098937034606934
7716874752.0,-0.32387852668762207
7717812736.0,-0.32414406538009644
7718750208.0,-0.32409703731536865
7719687680.0,-0.3226638734340668
7720625152.0,-0.3171427845954895
7721562624.0,-0.3115135729312897
7722500096.0,-0.3055517375469208
7723437568.0,-0.2994345426559448
7724375040.0,-0.2909393310546875
7725312512.0,-0.28428617119789124
7726249984.0,-0.27591773867607117
7727187456.0,-0.2687061131000519
7728124928.0,-0.2606186270713806
7729062400.0,-0.25416800379753113
7729999872.0,-0.2471417486667633
7730937344.0,-0.24094225466251373
7731874816.0,-0.23453915119171143
7732812288.0,-0.2287731170654297
7733749760.0,-0.2236318141222
7734687744.0,-0.21978668868541718
7735625216.0,-0.21575477719306946
7736562688.0,-0.2128094732761383
7737500160.0,-0.2101822793483734
7738437632.0,-0.20944932103157043
7739375104.0,-0.20859897136688232
7740312576.0,-0.20987625420093536
7741250048.0,-0.21080900728702545
7742187520.0,-0.21354050934314728
7743124992.0,-0.21793049573898315
7744062464.0,-0.19844959676265717
7744999936.0,-0.16194283962249756
7745937408.0,-0.12273696810007095
7746874880.0,-0.08087217807769775
7747812352.0,-0.04103376716375351
7748749824.0,-0.0018347130389884114
7749687296.0,0.03504540026187897
7750624768.0,0.06916988641023636
7751562752.0,0.10108636319637299
7752500224.0,0.1302538514137268
7753437696.0,0.15570658445358276
7754375168.0,0.17857146263122559
7755312640.0,0.19666537642478943
7756250112.0,0.21227532625198364
7757187584.0,0.22350361943244934
7758125056.0,0.23219935595989227
7759062528.0,0.2360822856426239
7760000000.0,0.23781204223632812
7760937472.0,0.23516853153705597
7761874944.0,0.23122423887252808
7762812416.0,0.2224515825510025
7763749888.0,0.21194688975811005
7764687360.0,0.20048287510871887
7765624832.0,0.1857198029756546
7766562304.0,0.16827639937400818
7767499776.0,0.15094219148159027
7768437248.0,0.13230912387371063
7769375232.0,0.11191735416650772
7770312704.0,0.09239723533391953
7771250176.0,0.07162867486476898
7772187648.0,0.050469011068344116
7773125120.0,0.030909331515431404
7774062592.0,0.011088551953434944
7775000064.0,-0.009089509025216103
7775937536.0,-0.028636431321501732
7776875008.0,-0.04876204952597618
7777812480.0,-0.06844663619995117
7778749952.0,-0.0855802372097969
7779687424.0,-0.10292740166187286
7780624896.0,-0.11942414939403534
7781562368.0,-0.1349852830171585
7782499840.0,-0.1498313844203949
7783437312.0,-0.16371454298496246
7784374784.0,-0.17610670626163483
7785312256.0,-0.18857352435588837
7786250240.0,-0.1995321363210678
7787187712.0,-0.20964927971363068
7788125184.0,-0.21891863644123077
7789062656.0,-0.22795787453651428
7790000128.0,-0.23650242388248444
7790937600.0,-0.24433712661266327
7791875072.0,-0.24948915839195251
7792812544.0,-0.25528308749198914
7793750016.0,-0.26169735193252563
7794687488.0,-0.265107125043869
7795624960.0,-0.2706603705883026
7796562432.0,-0.27426671981811523
7797499904.0,-0.28118810057640076
7798437376.0,-0.2859976291656494
7799374848.0,-0.29018718004226685
7800312320.0,-0.293654203414917
7801249792.0,-0.29512399435043335
7802187264.0,-0.29510992765426636
7803125248.0,-0.29387131333351135
7804062720.0,-0.27617067098617554
7805000192.0,-0.26779669523239136
7805937664.0,-0.2576353847980499
7806875136.0,-0.2472933679819107
7807812608.0,-0.2351619154214859
7808750080.0,-0.2234492152929306
7809687552.0,-0.21032193303108215
7810625024.0,-0.1961822211742401
7811562496.0,-0.1814914494752884
7812499968.0,-0.16672445833683014
7813437440.0,-0.15126584470272064
7814374912.0,-0.13516861200332642
7815312384.0,-0.11778435856103897
7816249856.0,-0.10157625377178192
7817187328.0,-0.08386504650115967
7818124800.0,-0.0682578757405281
7819062272.0,-0.05163431912660599
7820000256.0,-0.03540826216340065
7820937728.0,-0.01904316060245037
7821875200.0,-0.005380823742598295
7822812672.0,0.0064414022490382195
7823750144.0,0.01658458821475506
7824687616.0,0.026062017306685448
7825625088.0,0.0351233147084713
7826562560.0,0.04427627846598625
7827500032.0,0.05118526890873909
7828437504.0,0.05787080153822899
7829374976.0,0.0645659863948822
7830312448.0,0.06890489161014557
7831249920.0,0.07382840663194656
7832187392.0,0.07766830176115036
7833124864.0,0.08142093569040298
7834062336.0,0.08317768573760986
7834999808.0,0.08538009971380234
7835937280.0,0.08792310953140259
7836874752.0,0.08924644440412521
7837812736.0,0.09094736725091934
7838750208.0,0.0915578082203865
7839687680.0,0.09281941503286362
7840625152.0,0.09237714856863022
7841562624.0,0.09323485195636749
7842500096.0,0.09213866293430328
7843437568.0,0.09196776151657104
7844375040.0,0.09160131216049194
7845312512.0,0.09067220240831375
7846249984.0,0.08960289508104324
7847187456.0,0.08781778067350388
7848124928.0,0.0840611681342125
7849062400.0,0.08068178594112396
7849999872.0,0.07468860596418381
7850937344.0,0.06978361308574677
7851874816.0,0.0630447044968605
7852812288.0,0.057680316269397736
7853749760.0,0.050023335963487625
7854687744.0,0.043081339448690414
7855625216.0,0.03477951139211655
7856562688.0,0.026301393285393715
7857500160.0,0.016718778759241104
7858437632.0,0.006794860120862722
7859375104.0,-0.003605271689593792
7860312576.0,-0.015161324292421341
7861250048.0,-0.025739401578903198
7862187520.0,-0.03634752705693245
7863124992.0,-0.04739813506603241
7864062464.0,0.05101446062326431
7864999936.0,0.04220792278647423
7865937408.0,0.033443499356508255
7866874880.0,0.024832217022776604
7867812352.0,0.01663024351000786
7868749824.0,0.010957109741866589
7869687296.0,0.004597254563122988
7870624768.0,0.0003596413880586624
7871562752.0,-0.004150231834501028
7872500224.0,-0.007134688552469015
7873437696.0,-0.015001893974840641
7874375168.0,-0.021512046456336975
7875312640.0,-0.02818315103650093
7876250112.0,-0.03556158021092415
7877187584.0,-0.043192438781261444
7878125056.0,-0.050852615386247635
7879062528.0,-0.059786345809698105
7880000000.0,-0.0688309445977211
7880937472.0,-0.07982635498046875
7881874944.0,-0.09216832369565964
7882812416.0,-0.10378105193376541
7883749888.0,-0.11781080812215805
7884687360.0,-0.13422973453998566
7885624832.0,-0.15139047801494598
7886562304.0,-0.17113715410232544
7887499776.0,-0.19185027480125427
7888437248.0,-0.2133542001247406
7889375232.0,-0.23544149100780487
7890312704.0,-0.25880637764930725
7891250176.0,-0.28340938687324524
7892187648.0,-0.30878502130508423
7893125120.0,-0.33365598320961
7894062592.0,-0.3592340052127838
7895000064.0,-0.38267645239830017
7895937536.0,-0.406076580286026
7896875008.0,-0.4292222559452057
7897812480.0,-0.4493856430053711
7898749952.0,-0.4670885503292084
7899687424.0,-0.4823615252971649
7900624896.0,-0.4952158033847809
7901562368.0,-0.5054382681846619
7902499840.0,-0.5132994055747986
7903437312.0,-0.518129825592041
7904374784.0,-0.5197754502296448
7905312256.0,-0.5185806155204773
7906250240.0,-0.5143418908119202
7907187712.0,-0.5083372592926025
7908125184.0,-0.49646592140197754
7909062656.0,-0.4826359450817108
7910000128.0,-0.4675348997116089
7910937600.0,-0.449300616979599
7911875072.0,-0.42932698130607605
7912812544.0,-0.4059205651283264
7913750016.0,-0.3810195028781891
7914687488.0,-0.35323259234428406
7915624960.0,-0.3268400728702545
7916562432.0,-0.29812324047088623
7917499904.0,-0.26803815364837646
7918437376.0,-0.23718658089637756
7919374848.0,-0.20732182264328003
7920312320.0,-0.1762421727180481
7921249792.0,-0.1456151008605957
7922187264.0,-0.11622215062379837
7923125248.0,-0.0867772102355957
7924062720.0,0.061280231922864914
7925000192.0,0.08321863412857056
7925937664.0,0.10341507196426392
7926875136.0,0.12125804275274277
7927812608.0,0.13677670061588287
7928750080.0,0.15004494786262512
7929687552.0,0.16008269786834717
7930625024.0,0.16742072999477386
7931562496.0,0.17224004864692688
7932499968.0,0.17417559027671814
7933437440.0,0.1747978925704956
7934374912.0,0.17255790531635284
7935312384.0,0.16794154047966003
7936249856.0,0.1626972258090973
7937187328.0,0.15377840399742126
7938124800.0,0.1426057368516922
7939062272.0,0.13169240951538086
7939999744.0,0.11826492100954056
7940937728.0,0.10415239632129669
7941875200.0,0.0873119905591011
7942812672.0,0.06993913650512695
7943750144.0,0.0522422194480896
7944687616.0,0.032338205724954605
7945625088.0,0.012899805791676044
7946562560.0,-0.009068482555449009
7947500032.0,-0.03089688904583454
7948437504.0,-0.05496259406208992
7949374976.0,-0.07723626494407654
7950312448.0,-0.09768370538949966
7951249920.0,-0.11964306235313416
7952187392.0,-0.14146512746810913
7953124864.0,-0.16374069452285767
7954062336.0,-0.18616877496242523
7954999808.0,-0.20875878632068634
7955937280.0,-0.23110364377498627
7956874752.0,-0.25289881229400635
7957812736.0,-0.27501997351646423
7958750208.0,-0.2963418960571289
7959687680.0,-0.31748753786087036
7960625152.0,-0.3383719325065613
7961562624.0,-0.3584963083267212
7962500096.0,-0.3780996799468994
7963437568.0,-0.39654356241226196
7964375040.0,-0.4139865040779114
7965312512.0,-0.43048062920570374
7966249984.0,-0.44582992792129517
7967187456.0,-0.4592266380786896
7968124928.0,-0.47215187549591064
7969062400.0,-0.485162615776062
7969999872.0,-0.495714396238327
7970937344.0,-0.503855288028717
7971874816.0,-0.5112419724464417
7972812288.0,-0.5151515007019043
7973749760.0,-0.5180685520172119
7974687744.0,-0.5192891955375671
7975625216.0,-0.5184252262115479
7976562688.0,-0.5158329010009766
7977500160.0,-0.5108130574226379
7978437632.0,-0.5031984448432922
7979375104.0,-0.49359965324401855
7980312576.0,-0.48210224509239197
7981250048.0,-0.46789097785949707
7982187520.0,-0.4522745609283447
7983124992.0,-0.43458375334739685
7984062464.0,-0.4119676947593689
7984999936.0,-0.3975558876991272
7985937408.0,-0.3803985118865967
7986874880.0,-0.36528652906417847
7987812352.0,-0.3473885953426361
7988749824.0,-0.3282296657562256
7989687296.0,-0.307603657245636
7990624768.0,-0.2874479293823242
7991562752.0,-0.2670978605747223
7992500224.0,-0.24612857401371002
7993437696.0,-0.22452066838741302
7994375168.0,-0.2036387324333191
7995312640.0,-0.18268954753875732
7996250112.0,-0.1623416393995285
7997187584.0,-0.14247086644172668
7998125056.0,-0.1245235949754715
7999062528.0,-0.10506097227334976
8000000000.0,-0.08718985319137573
