Frequency (Hz),Measurement
2000000000.0,0.14519070088863373
2000937472.0,0.13767971098423004
2001874944.0,0.13479849696159363
2002812544.0,0.13104107975959778
2003750016.0,0.12634295225143433
2004687488.0,0.12197180837392807
2005624960.0,0.11710144579410553
2006562560.0,0.11174459010362625
2007500032.0,0.1062224730849266
2008437504.0,0.10109855979681015
2009374976.0,0.096025250852108
2010312448.0,0.08950389176607132
2011250048.0,0.08372165262699127
2012187520.0,0.07719805091619492
2013124992.0,0.07167117297649384
2014062464.0,0.06553348898887634
2015000064.0,0.059116873890161514
2015937536.0,0.05332512781023979
2016875008.0,0.04727370664477348
2017812480.0,0.04233142361044884
2018749952.0,0.0363398976624012
2019687552.0,0.0314464196562767
2020625024.0,0.026289544999599457
2021562496.0,0.022467950358986855
2022499968.0,0.01879050023853779
2023437440.0,0.016022255644202232
2024375040.0,0.013662646524608135
2025312512.0,0.012338090687990189
2026249984.0,0.011580610647797585
2027187456.0,0.010710001923143864
2028125056.0,0.011775152757763863
2029062528.0,0.012610274367034435
2030000000.0,0.014692234806716442
2030937472.0,0.017774533480405807
2031874944.0,0.021287336945533752
2032812544.0,0.026152007281780243
2033750016.0,0.031855903565883636
2034687488.0,0.03740902617573738
2035624960.0,0.044360142201185226
2036562560.0,0.05126677826046944
2037500032.0,0.05940727889537811
2038437504.0,0.06743969023227692
2039374976.0,0.07553087174892426
2040312448.0,0.0840350091457367
2041250048.0,0.09245562553405762
2042187520.0,0.10037179291248322
2043124992.0,0.10778958350419998
2044062464.0,0.11612368375062943
2044999936.0,0.1231280043721199
2045937536.0,0.1290443241596222
2046875008.0,0.13442082703113556
2047812480.0,0.13873399794101715
2048749952.0,0.14921793341636658
2049687552.0,0.144464373588562
2050625024.0,0.13860777020454407
2051562496.0,0.13329492509365082
2052499968.0,0.12711790204048157
2053437440.0,0.11985480040311813
2054375040.0,0.1131095141172409
2055312512.0,0.10566173493862152
2056249984.0,0.0981970950961113
2057187456.0,0.09100282192230225
2058125056.0,0.08440496772527695
2059062528.0,0.07642564922571182
2060000000.0,0.06936503946781158
2060937472.0,0.06346391141414642
2061874944.0,0.05700171738862991
2062812544.0,0.05037965252995491
2063750016.0,0.045229703187942505
2064687488.0,0.03977205604314804
2065624960.0,0.03352252393960953
2066562560.0,0.029429495334625244
2067500032.0,0.024847205728292465
2068437504.0,0.019819553941488266
2069374976.0,0.016341103240847588
2070312448.0,0.01261658314615488
2071250048.0,0.009498202241957188
2072187520.0,0.006371893920004368
2073124992.0,0.004108431749045849
2074062464.0,0.0031484721694141626
2075000064.0,0.0002947883913293481
2075937536.0,-0.0012556187575682998
2076875008.0,-0.0033687849063426256
2077812480.0,-0.0037579613272100687
2078749952.0,-0.004711369052529335
2079687552.0,-0.00385846639983356
2080625024.0,-0.0037191009614616632
2081562496.0,-0.0030751866288483143
2082499968.0,-0.0014694015262648463
2083437440.0,-8.726229862077162e-05
2084375040.0,0.0024305053520947695
2085312512.0,0.006164197344332933
2086249984.0,0.00877622701227665
2087187456.0,0.0124345812946558
2088125056.0,0.01651468686759472
2089062528.0,0.021352194249629974
2090000000.0,0.0266868956387043
2090937472.0,0.03309570997953415
2091874944.0,0.04017583653330803
2092812544.0,0.04679616168141365
2093750016.0,0.054525479674339294
2094687488.0,0.06345413625240326
2095624960.0,0.07292454689741135
2096562560.0,0.08284785598516464
2097500032.0,0.09427417069673538
2098437504.0,0.10500606149435043
2099374976.0,0.11688224971294403
2100312448.0,0.12914520502090454
2101250048.0,0.14213283360004425
2102187520.0,0.1552429050207138
2103124992.0,0.1675872951745987
2104062464.0,0.18184109032154083
2104999936.0,0.1946578174829483
2105937536.0,0.20855779945850372
2106875008.0,0.22079935669898987
2107812480.0,0.23395657539367676
2108749952.0,0.27304619550704956
2109687552.0,0.2823610007762909
2110625024.0,0.29006561636924744
2111562496.0,0.2973751127719879
2112499968.0,0.3027610182762146
2113437440.0,0.3074827790260315
2114375040.0,0.3111073672771454
2115312512.0,0.31201523542404175
2116249984.0,0.3108544945716858
2117187456.0,0.3076716959476471
2118125056.0,0.30028799176216125
2119062528.0,0.29107895493507385
2120000000.0,0.27853909134864807
2120937472.0,0.26371094584465027
2121874944.0,0.24558025598526
2122812544.0,0.22496871650218964
2123750016.0,0.20211957395076752
2124687488.0,0.17797857522964478
2125624960.0,0.1525351107120514
2126562560.0,0.12495455890893936
2127500032.0,0.09736861288547516
2128437504.0,0.07015577703714371
2129374976.0,0.04340408369898796
2130312448.0,0.018084485083818436
2131250048.0,-0.005951925180852413
2132187520.0,-0.02905387431383133
2133124992.0,-0.04891157150268555
2134062464.0,-0.06770551949739456
2135000064.0,-0.08234535157680511
2135937536.0,-0.0941256657242775
2136875008.0,-0.10383246093988419
2137812480.0,-0.11132500320672989
2138749952.0,-0.11491568386554718
2139687552.0,-0.11589867621660233
2140625024.0,-0.1137315109372139
2141562496.0,-0.1092221811413765
2142499968.0,-0.10357073694467545
2143437440.0,-0.0949147418141365
2144375040.0,-0.08473203331232071
2145312512.0,-0.07220746576786041
2146249984.0,-0.06032524257898331
2147187456.0,-0.04711645469069481
2148124928.0,-0.03298528492450714
2149062400.0,-0.017698656767606735
2150000128.0,-0.003920361399650574
2150937600.0,0.01105565670877695
2151875072.0,0.025515349581837654
2152812544.0,0.03882095217704773
2153750016.0,0.05243327468633652
2154687488.0,0.06611935794353485
2155624960.0,0.07767638564109802
2156562432.0,0.08871954679489136
2157499904.0,0.10009710490703583
2158437376.0,0.11037147045135498
2159375104.0,0.11953906714916229
2160312576.0,0.12999798357486725
2161250048.0,0.13901153206825256
2162187520.0,0.14796461164951324
2163124992.0,0.15687835216522217
2164062464.0,0.16477814316749573
2164999936.0,0.17334532737731934
2165937408.0,0.18095561861991882
2166874880.0,0.1891455501317978
2167812608.0,0.19734686613082886
2168750080.0,0.2222343534231186
2169687552.0,0.23355360329151154
2170625024.0,0.2447417825460434
2171562496.0,0.25593826174736023
2172499968.0,0.2653236389160156
2173437440.0,0.27572065591812134
2174374912.0,0.28526291251182556
2175312384.0,0.29221948981285095
2176250112.0,0.2994168698787689
2177187584.0,0.30516916513442993
2178125056.0,0.30836018919944763
2179062528.0,0.31017813086509705
2180000000.0,0.3103080689907074
2180937472.0,0.3080887794494629
2181874944.0,0.3041175603866577
2182812416.0,0.2984863221645355
2183749888.0,0.2891268730163574
2184687616.0,0.27853304147720337
2185625088.0,0.2660491466522217
2186562560.0,0.252586305141449
2187500032.0,0.23684431612491608
2188437504.0,0.21914678812026978
2189374976.0,0.2003573328256607
2190312448.0,0.18151645362377167
2191249920.0,0.16077885031700134
2192187392.0,0.13919532299041748
2193125120.0,0.11895814538002014
2194062592.0,0.09722615778446198
2195000064.0,0.07643336802721024
2195937536.0,0.05545162037014961
2196875008.0,0.036818381398916245
2197812480.0,0.01902892254292965
2198749952.0,0.0023425095714628696
2199687424.0,-0.013548255898058414
2200624896.0,-0.025964437052607536
2201562624.0,-0.03667809069156647
2202500096.0,-0.04674365743994713
2203437568.0,-0.052127618342638016
2204375040.0,-0.05701220780611038
2205312512.0,-0.05930802971124649
2206249984.0,-0.05908661708235741
2207187456.0,-0.05587834119796753
2208124928.0,-0.05178702250123024
2209062400.0,-0.0452425442636013
2209999872.0,-0.03580204397439957
2210937600.0,-0.025212034583091736
2211875072.0,-0.014027278870344162
2212812544.0,-6.0769445553887635e-05
2213750016.0,0.014355319552123547
2214687488.0,0.02976175770163536
2215624960.0,0.046435948461294174
2216562432.0,0.06329634040594101
2217499904.0,0.08100385218858719
2218437376.0,0.09850244969129562
2219375104.0,0.11601172387599945
2220312576.0,0.13274961709976196
2221250048.0,0.14917631447315216
2222187520.0,0.1643904745578766
2223124992.0,0.17921429872512817
2224062464.0,0.1920534074306488
2224999936.0,0.20407971739768982
2225937408.0,0.2150774598121643
2226874880.0,0.22377049922943115
2227812608.0,0.23105670511722565
2228750080.0,0.20339776575565338
2229687552.0,0.20970270037651062
2230625024.0,0.21457739174365997
2231562496.0,0.21803444623947144
2232499968.0,0.2213621288537979
2233437440.0,0.22107888758182526
2234374912.0,0.22076407074928284
2235312384.0,0.21826976537704468
2236250112.0,0.2128826528787613
2237187584.0,0.20606838166713715
2238125056.0,0.1963050216436386
2239062528.0,0.18579088151454926
2240000000.0,0.17253316938877106
2240937472.0,0.15711216628551483
2241874944.0,0.1403028964996338
2242812416.0,0.12247058004140854
2243749888.0,0.10300914943218231
2244687616.0,0.08316347748041153
2245625088.0,0.062006011605262756
2246562560.0,0.040902893990278244
2247500032.0,0.019918490201234818
2248437504.0,-0.0012929182266816497
2249374976.0,-0.02041182480752468
2250312448.0,-0.038684867322444916
2251249920.0,-0.055793680250644684
2252187392.0,-0.07070176303386688
2253125120.0,-0.08373502641916275
2254062592.0,-0.09531455487012863
2255000064.0,-0.10364916175603867
2255937536.0,-0.11069408804178238
2256875008.0,-0.11434346437454224
2257812480.0,-0.11621887236833572
2258749952.0,-0.11530020087957382
2259687424.0,-0.11217852681875229
2260624896.0,-0.10668915510177612
2261562624.0,-0.09829060733318329
2262500096.0,-0.08813420683145523
2263437568.0,-0.07696917653083801
2264375040.0,-0.06454132497310638
2265312512.0,-0.04990862309932709
2266249984.0,-0.03491537645459175
2267187456.0,-0.019096404314041138
2268124928.0,-0.002065479988232255
2269062400.0,0.015337849967181683
2270000128.0,0.032903190702199936
2270937600.0,0.050671759992837906
2271875072.0,0.06795518845319748
2272812544.0,0.08511030673980713
2273750016.0,0.10111666470766068
2274687488.0,0.11683506518602371
2275624960.0,0.1326177567243576
2276562432.0,0.14761541783809662
2277499904.0,0.1613689810037613
2278437376.0,0.17457465827465057
2279375104.0,0.185958594083786
2280312576.0,0.19755569100379944
2281250048.0,0.2064789980649948
2282187520.0,0.21493716537952423
2283124992.0,0.22268426418304443
2284062464.0,0.2301570326089859
2284999936.0,0.23620960116386414
2285937408.0,0.24154578149318695
2286874880.0,0.24671117961406708
2287812608.0,0.2507864534854889
2288750080.0,0.26225000619888306
2289687552.0,0.27040761709213257
2290625024.0,0.2789361774921417
2291562496.0,0.2869506776332855
2292499968.0,0.2945024073123932
2293437440.0,0.3011002242565155
2294374912.0,0.30807575583457947
2295312384.0,0.314226359128952
2296250112.0,0.3191233277320862
2297187584.0,0.323905885219574
2298125056.0,0.325295090675354
2299062528.0,0.3264995515346527
2300000000.0,0.32445648312568665
2300937472.0,0.32139167189598083
2301874944.0,0.3166346848011017
2302812416.0,0.30803143978118896
2303749888.0,0.2971590459346771
2304687616.0,0.28419527411460876
2305625088.0,0.26773345470428467
2306562560.0,0.2492150515317917
2307500032.0,0.22746463119983673
2308437504.0,0.2039918452501297
2309374976.0,0.1790589690208435
2310312448.0,0.15230654180049896
2311249920.0,0.12358506768941879
2312187392.0,0.09345430135726929
2313125120.0,0.06523077934980392
2314062592.0,0.035969533026218414
2315000064.0,0.007241955026984215
2315937536.0,-0.02048560604453087
2316875008.0,-0.045797862112522125
2317812480.0,-0.07013094425201416
2318749952.0,-0.09202592074871063
2319687424.0,-0.11123420298099518
2320624896.0,-0.12853752076625824
2321562624.0,-0.14482319355010986
2322500096.0,-0.15861418843269348
2323437568.0,-0.169289231300354
2324375040.0,-0.1779283732175827
2325312512.0,-0.18420283496379852
2326249984.0,-0.1885206699371338
2327187456.0,-0.1905508190393448
2328124928.0,-0.19146597385406494
2329062400.0,-0.19000139832496643
2329999872.0,-0.1869647055864334
2330937600.0,-0.1825135499238968
2331875072.0,-0.1765308678150177
2332812544.0,-0.16885976493358612
2333750016.0,-0.15960213541984558
2334687488.0,-0.14962145686149597
2335624960.0,-0.13672985136508942
2336562432.0,-0.12278846651315689
2337499904.0,-0.10653776675462723
2338437376.0,-0.08942150324583054
2339375104.0,-0.07055951654911041
2340312576.0,-0.0496700294315815
2341250048.0,-0.027709221467375755
2342187520.0,-0.005456441082060337
2343124992.0,0.01980547420680523
2344062464.0,0.044842254370450974
2344999936.0,0.07027354836463928
2345937408.0,0.09666416794061661
2346874880.0,0.12277892976999283
2347812608.0,0.14945216476917267
2348750080.0,0.20647522807121277
2349687552.0,0.2229785919189453
2350625024.0,0.2355327308177948
2351562496.0,0.2450188249349594
2352499968.0,0.25182685256004333
2353437440.0,0.25556454062461853
2354374912.0,0.2542751729488373
2355312384.0,0.24989691376686096
2356250112.0,0.24282115697860718
2357187584.0,0.23185384273529053
2358125056.0,0.21686801314353943
2359062528.0,0.20072747766971588
2360000000.0,0.1810293048620224
2360937472.0,0.1585472971200943
2361874944.0,0.13446950912475586
2362812416.0,0.10821761190891266
2363749888.0,0.0808258131146431
2364687616.0,0.05287570878863335
2365625088.0,0.023711929097771645
2366562560.0,-0.006124027073383331
2367500032.0,-0.03570505231618881
2368437504.0,-0.06385744363069534
2369374976.0,-0.09168172627687454
2370312448.0,-0.11851180344820023
2371249920.0,-0.14401257038116455
2372187392.0,-0.16616372764110565
2373125120.0,-0.1863267421722412
2374062592.0,-0.20452140271663666
2375000064.0,-0.22018647193908691
2375937536.0,-0.23267129063606262
2376875008.0,-0.2433975487947464
2377812480.0,-0.2508167624473572
2378749952.0,-0.25564688444137573
2379687424.0,-0.2575923800468445
2380624896.0,-0.2567209303379059
2381562624.0,-0.25341591238975525
2382500096.0,-0.2477160543203354
2383437568.0,-0.2394556701183319
2384375040.0,-0.22953902184963226
2385312512.0,-0.21789181232452393
2386249984.0,-0.20370569825172424
2387187456.0,-0.18785493075847626
2388124928.0,-0.17143510282039642
2389062400.0,-0.15542063117027283
2390000128.0,-0.13740289211273193
2390937600.0,-0.12075120210647583
2391875072.0,-0.1033332347869873
2392812544.0,-0.08681078255176544
2393750016.0,-0.07112878561019897
2394687488.0,-0.056394197046756744
2395624960.0,-0.04163113236427307
2396562432.0,-0.028004081919789314
2397499904.0,-0.016589725390076637
2398437376.0,-0.0053950161673128605
2399375104.0,0.00392949441447854
2400312576.0,0.011966830119490623
2401250048.0,0.019515179097652435
2402187520.0,0.024744730442762375
2403124992.0,0.029183952137827873
2404062464.0,0.03231559693813324
2404999936.0,0.034810204058885574
2405937408.0,0.035487789660692215
2406874880.0,0.03409452736377716
2407812608.0,0.03230929374694824
2408750080.0,0.026125172153115273
2409687552.0,0.03185751661658287
2410625024.0,0.035646215081214905
2411562496.0,0.03590456768870354
2412499968.0,0.03551051765680313
2413437440.0,0.03194105252623558
2414374912.0,0.025793826207518578
2415312384.0,0.017581593245267868
2416250112.0,0.007931836880743504
2417187584.0,-0.005147400312125683
2418125056.0,-0.019825421273708344
2419062528.0,-0.03563111275434494
2420000000.0,-0.05384350195527077
2420937472.0,-0.07208990305662155
2421874944.0,-0.09222306311130524
2422812416.0,-0.1152389869093895
2423749888.0,-0.1364348828792572
2424687616.0,-0.1591481864452362
2425625088.0,-0.18130654096603394
2426562560.0,-0.2041199654340744
2427500032.0,-0.22683165967464447
2428437504.0,-0.24864691495895386
2429374976.0,-0.27049681544303894
2430312448.0,-0.29056334495544434
2431249920.0,-0.31012415885925293
2432187392.0,-0.3291178047657013
2433125120.0,-0.34601515531539917
2434062592.0,-0.36182689666748047
2435000064.0,-0.37683653831481934
2435937536.0,-0.3901478350162506
2436875008.0,-0.4022093117237091
2437812480.0,-0.4135063588619232
2438749952.0,-0.42348018288612366
2439687424.0,-0.42996150255203247
2440624896.0,-0.4382876753807068
2441562624.0,-0.44294217228889465
2442500096.0,-0.4452665150165558
2443437568.0,-0.4470658302307129
2444375040.0,-0.44758227467536926
2445312512.0,-0.44777780771255493
2446249984.0,-0.44571471214294434
2447187456.0,-0.44310659170150757
2448124928.0,-0.44006845355033875
2449062400.0,-0.4345885217189789
2449999872.0,-0.43021073937416077
2450937600.0,-0.4235963523387909
2451875072.0,-0.4178805351257324
2452812544.0,-0.41124263405799866
2453750016.0,-0.4055461883544922
2454687488.0,-0.40047982335090637
2455624960.0,-0.39416268467903137
2456562432.0,-0.38818690180778503
2457499904.0,-0.3823637366294861
2458437376.0,-0.37709397077560425
2459375104.0,-0.3732481002807617
2460312576.0,-0.36913928389549255
2461250048.0,-0.3667978048324585
2462187520.0,-0.3651408851146698
2463124992.0,-0.3648269772529602
2464062464.0,-0.3655727505683899
2464999936.0,-0.3686661124229431
2465937408.0,-0.37448617815971375
2466874880.0,-0.3817651569843292
2467812608.0,-0.39200809597969055
2468750080.0,-0.4783824384212494
2469687552.0,-0.5014129281044006
2470625024.0,-0.5249451398849487
2471562496.0,-0.5519506335258484
2472499968.0,-0.5826170444488525
2473437440.0,-0.6165305972099304
2474374912.0,-0.6531392931938171
2475312384.0,-0.6919416189193726
2476250112.0,-0.7345958352088928
2477187584.0,-0.7811078429222107
2478125056.0,-0.8317309021949768
2479062528.0,-0.8857795000076294
2480000000.0,-0.9416168928146362
2480937472.0,-0.9997168183326721
2481874944.0,-1.061599612236023
2482812416.0,-1.124678611755371
2483749888.0,-1.1930837631225586
2484687616.0,-1.2647830247879028
2485625088.0,-1.3418039083480835
2486562560.0,-1.4213507175445557
2487500032.0,-1.5066372156143188
2488437504.0,-1.5947855710983276
2489374976.0,-1.6884888410568237
2490312448.0,-1.7862070798873901
2491249920.0,-1.8876065015792847
2492187392.0,-1.9937058687210083
2493125120.0,-2.1037750244140625
2494062592.0,-2.2190864086151123
2495000064.0,-2.3376471996307373
2495937536.0,-2.4627561569213867
2496875008.0,-2.5952179431915283
2497812480.0,-2.734198808670044
2498749952.0,-2.879756212234497
2499687424.0,-3.0372798442840576
2500624896.0,-3.2044544219970703
2501562624.0,-3.3830411434173584
2502500096.0,-3.575563907623291
2503437568.0,-3.782198190689087
2504375040.0,-4.001894474029541
2505312512.0,-4.236114978790283
2506249984.0,-4.485886573791504
2507187456.0,-4.752481937408447
2508124928.0,-5.038114547729492
2509062400.0,-5.339568138122559
2510000128.0,-5.657533168792725
2510937600.0,-5.989096164703369
2511875072.0,-6.327273845672607
2512812544.0,-6.663204193115234
2513750016.0,-6.983299732208252
2514687488.0,-7.273918628692627
2515624960.0,-7.52407169342041
2516562432.0,-7.7139892578125
2517499904.0,-7.83383321762085
2518437376.0,-7.871035099029541
2519375104.0,-7.827621936798096
2520312576.0,-7.705945014953613
2521250048.0,-7.510550022125244
2522187520.0,-7.244076728820801
2523124992.0,-6.925739288330078
2524062464.0,-6.571579933166504
2524999936.0,-6.197844982147217
2525937408.0,-5.817990303039551
2526874880.0,-5.440852165222168
2527812608.0,-5.070913791656494
2528750080.0,-4.7111053466796875
2529687552.0,-4.3774614334106445
2530625024.0,-4.062572002410889
2531562496.0,-3.769117832183838
2532499968.0,-3.4946093559265137
2533437440.0,-3.239297389984131
2534374912.0,-3.003840208053589
2535312384.0,-2.787642240524292
2536250112.0,-2.589769124984741
2537187584.0,-2.4083199501037598
2538125056.0,-2.2433431148529053
2539062528.0,-2.092085838317871
2540000000.0,-1.9570515155792236
2540937472.0,-1.83236563205719
2541874944.0,-1.7191323041915894
2542812416.0,-1.6160787343978882
2543749888.0,-1.5230590105056763
2544687616.0,-1.4378315210342407
2545625088.0,-1.361005187034607
2546562560.0,-1.2926828861236572
2547500032.0,-1.229658842086792
2548437504.0,-1.1742255687713623
2549374976.0,-1.1238468885421753
2550312448.0,-1.0787850618362427
2551249920.0,-1.0377446413040161
2552187392.0,-1.001261830329895
2553125120.0,-0.9683318734169006
2554062592.0,-0.9378377795219421
2555000064.0,-0.9109718799591064
2555937536.0,-0.8867046236991882
2556875008.0,-0.8639658093452454
2557812480.0,-0.8424599170684814
2558749952.0,-0.8230578899383545
2559687424.0,-0.8047703504562378
2560624896.0,-0.7849110960960388
2561562624.0,-0.7672127485275269
2562500096.0,-0.7485634684562683
2563437568.0,-0.7299453020095825
2564375040.0,-0.7109827995300293
2565312512.0,-0.6909286379814148
2566249984.0,-0.6707102060317993
2567187456.0,-0.6508665084838867
2568124928.0,-0.6290838718414307
2569062400.0,-0.6068593263626099
2569999872.0,-0.5841013193130493
2570937600.0,-0.5594304203987122
2571875072.0,-0.5345395803451538
2572812544.0,-0.5080554485321045
2573750016.0,-0.48107561469078064
2574687488.0,-0.4526491165161133
2575624960.0,-0.4244527816772461
2576562432.0,-0.39423713088035583
2577499904.0,-0.364363431930542
2578437376.0,-0.3343813717365265
2579375104.0,-0.30334264039993286
2580312576.0,-0.2727106809616089
2581250048.0,-0.2425260841846466
2582187520.0,-0.21292001008987427
2583124992.0,-0.18360552191734314
2584062464.0,-0.15479733049869537
2584999936.0,-0.1266794353723526
2585937408.0,-0.10178279131650925
2586874880.0,-0.07663620263338089
2587812608.0,-0.054657500237226486
2588750080.0,-0.029691634699702263
2589687552.0,-0.016082677990198135
2590625024.0,-0.0031898380257189274
2591562496.0,0.008394433185458183
2592499968.0,0.01650179922580719
2593437440.0,0.02255077473819256
2594374912.0,0.027574583888053894
2595312384.0,0.030764522030949593
2596250112.0,0.03132493421435356
2597187584.0,0.030130259692668915
2598125056.0,0.02796761877834797
2599062528.0,0.02338864654302597
2600000000.0,0.01752462610602379
2600937472.0,0.00954408012330532
2601874944.0,0.0005551622598432004
2602812416.0,-0.009261027909815311
2603749888.0,-0.02086758241057396
2604687616.0,-0.03201862424612045
2605625088.0,-0.044602226465940475
2606562560.0,-0.057240698486566544
2607500032.0,-0.07120376825332642
2608437504.0,-0.08459898829460144
2609374976.0,-0.09829514473676682
2610312448.0,-0.11229599267244339
2611249920.0,-0.12610772252082825
2612187392.0,-0.13857726752758026
2613125120.0,-0.1504487842321396
2614062592.0,-0.16248837113380432
2615000064.0,-0.1737615168094635
2615937536.0,-0.18320153653621674
2616875008.0,-0.1923774778842926
2617812480.0,-0.2006656378507614
2618749952.0,-0.20720446109771729
2619687424.0,-0.21316494047641754
2620624896.0,-0.21660560369491577
2621562624.0,-0.21961046755313873
2622500096.0,-0.22007568180561066
2623437568.0,-0.2199513018131256
2624375040.0,-0.21838681399822235
2625312512.0,-0.21444690227508545
2626249984.0,-0.2098863571882248
2627187456.0,-0.20320676267147064
2628124928.0,-0.19544614851474762
2629062400.0,-0.1853983998298645
2630000128.0,-0.17524972558021545
2630937600.0,-0.16310682892799377
2631875072.0,-0.14955683052539825
2632812544.0,-0.13495248556137085
2633750016.0,-0.11889239400625229
2634687488.0,-0.10234666615724564
2635624960.0,-0.08503375202417374
2636562432.0,-0.06700525432825089
2637499904.0,-0.04845142737030983
2638437376.0,-0.029945461079478264
2639375104.0,-0.010277170687913895
2640312576.0,0.008505658246576786
2641250048.0,0.02716135047376156
2642187520.0,0.044951580464839935
2643124992.0,0.06355643272399902
2644062464.0,0.08177193999290466
2644999936.0,0.09898002445697784
2645937408.0,0.11438867449760437
2646874880.0,0.12925167381763458
2647812608.0,0.1543181836605072
2648750080.0,0.16936933994293213
2649687552.0,0.18217694759368896
2650625024.0,0.19280393421649933
2651562496.0,0.2022780328989029
2652499968.0,0.20773744583129883
2653437440.0,0.2116996943950653
2654374912.0,0.21262319386005402
2655312384.0,0.2116054892539978
2656250112.0,0.20711159706115723
2657187584.0,0.2010793536901474
2658125056.0,0.1921330690383911
2659062528.0,0.1813708394765854
2660000000.0,0.16846482455730438
2660937472.0,0.1536954939365387
2661874944.0,0.13822093605995178
2662812416.0,0.12028677016496658
2663749888.0,0.10182911902666092
2664687616.0,0.08204507827758789
2665625088.0,0.06174325942993164
2666562560.0,0.040904220193624496
2667500032.0,0.020146692171692848
2668437504.0,-0.0010550526203587651
2669374976.0,-0.021532488986849785
2670312448.0,-0.04108673706650734
2671249920.0,-0.05978287011384964
2672187392.0,-0.07810603082180023
2673125120.0,-0.09457103908061981
2674062592.0,-0.11007443815469742
2675000064.0,-0.12418174743652344
2675937536.0,-0.13568541407585144
2676875008.0,-0.14569053053855896
2677812480.0,-0.15494248270988464
2678749952.0,-0.1604662835597992
2679687424.0,-0.1651449203491211
2680624896.0,-0.16794200241565704
2681562624.0,-0.16706444323062897
2682500096.0,-0.166137233376503
2683437568.0,-0.16177043318748474
2684375040.0,-0.15642523765563965
2685312512.0,-0.14788761734962463
2686249984.0,-0.13883210718631744
2687187456.0,-0.12677331268787384
2688124928.0,-0.11383338272571564
2689062400.0,-0.10019005089998245
2689999872.0,-0.08520922064781189
2690937600.0,-0.06920526921749115
2691875072.0,-0.05204988643527031
2692812544.0,-0.034042295068502426
2693750016.0,-0.01635756902396679
2694687488.0,0.0020671426318585873
2695624960.0,0.020305676385760307
2696562432.0,0.03957753628492355
2697499904.0,0.056605495512485504
2698437376.0,0.07431655377149582
2699375104.0,0.09134040772914886
2700312576.0,0.10767578333616257
2701250048.0,0.12356270104646683
2702187520.0,0.13766789436340332
2703124992.0,0.15061716735363007
2704062464.0,0.16311168670654297
2704999936.0,0.17344631254673004
2705937408.0,0.1835743486881256
2706874880.0,0.19251196086406708
2707812608.0,0.21142925322055817
2708750080.0,0.21597318351268768
2709687552.0,0.21922415494918823
2710625024.0,0.2217126190662384
2711562496.0,0.2224024534225464
2712499968.0,0.22213710844516754
2713437440.0,0.22065086662769318
2714374912.0,0.2174115628004074
2715312384.0,0.21374614536762238
2716250112.0,0.20876632630825043
2717187584.0,0.20161192119121552
2718125056.0,0.19379377365112305
2719062528.0,0.1854928433895111
2720000000.0,0.1742841899394989
2720937472.0,0.1623356193304062
2721874944.0,0.14900286495685577
2722812416.0,0.1335616558790207
2723749888.0,0.11879377067089081
2724687616.0,0.10270263999700546
2725625088.0,0.08464501798152924
2726562560.0,0.06651812791824341
2727500032.0,0.04743044823408127
2728437504.0,0.027916185557842255
2729374976.0,0.008549314923584461
2730312448.0,-0.011130218394100666
2731249920.0,-0.03160875290632248
2732187392.0,-0.05073299631476402
2733125120.0,-0.06895418465137482
2734062592.0,-0.08880691230297089
2735000064.0,-0.1055259183049202
2735937536.0,-0.1227809339761734
2736875008.0,-0.1373259723186493
2737812480.0,-0.15111947059631348
2738749952.0,-0.16271960735321045
2739687424.0,-0.17367322742938995
2740624896.0,-0.18256151676177979
2741562624.0,-0.1868317574262619
2742500096.0,-0.1916017383337021
2743437568.0,-0.193123921751976
2744375040.0,-0.19173966348171234
2745312512.0,-0.1889561414718628
2746249984.0,-0.18329457938671112
2747187456.0,-0.1760735809803009
2748124928.0,-0.16517671942710876
2749062400.0,-0.15368607640266418
2750000128.0,-0.13882991671562195
2750937600.0,-0.12340214848518372
2751875072.0,-0.10484442114830017
2752812544.0,-0.08639100193977356
2753750016.0,-0.06563720107078552
2754687488.0,-0.044748786836862564
2755624960.0,-0.02254638262093067
2756562432.0,0.001036598696373403
2757499904.0,0.024133864790201187
2758437376.0,0.046193212270736694
2759375104.0,0.06809729337692261
2760312576.0,0.09042243659496307
2761250048.0,0.11054040491580963
2762187520.0,0.12956103682518005
2763124992.0,0.1479426622390747
2764062464.0,0.164552241563797
2764999936.0,0.17858684062957764
2765937408.0,0.19131410121917725
2766874880.0,0.20103804767131805
2767812608.0,0.24365782737731934
2768750080.0,0.24702884256839752
2769687552.0,0.24936476349830627
2770625024.0,0.25047436356544495
2771562496.0,0.24878466129302979
2772499968.0,0.2458583414554596
2773437440.0,0.2414521723985672
2774374912.0,0.2356509417295456
2775312384.0,0.22831696271896362
2776250112.0,0.2202705442905426
2777187584.0,0.20960423350334167
2778125056.0,0.19888558983802795
2779062528.0,0.18699350953102112
2780000000.0,0.1741194874048233
2780937472.0,0.16111256182193756
2781874944.0,0.14683713018894196
2782812416.0,0.13235294818878174
2783749888.0,0.11699269711971283
2784687616.0,0.10174822062253952
2785625088.0,0.0868728905916214
2786562560.0,0.07103858888149261
2787500032.0,0.05518361181020737
2788437504.0,0.040189266204833984
2789374976.0,0.024816500023007393
2790312448.0,0.00968219619244337
2791249920.0,-0.0034331893548369408
2792187392.0,-0.01763046160340309
2793125120.0,-0.03058701381087303
2794062592.0,-0.04219937324523926
2795000064.0,-0.05311765894293785
2795937536.0,-0.06377366930246353
2796875008.0,-0.07117953151464462
2797812480.0,-0.08066784590482712
2798749952.0,-0.08645612746477127
2799687424.0,-0.09093042463064194
2800624896.0,-0.09522789716720581
2801562624.0,-0.09740933030843735
2802500096.0,-0.09888524562120438
2803437568.0,-0.09741175174713135
2804375040.0,-0.09505153447389603
2805312512.0,-0.0920361876487732
2806249984.0,-0.0857403352856636
2807187456.0,-0.08018344640731812
2808124928.0,-0.07211025059223175
2809062400.0,-0.06334419548511505
2809999872.0,-0.05203339084982872
2810937600.0,-0.03907814249396324
2811875072.0,-0.02626318857073784
2812812544.0,-0.012149102054536343
2813750016.0,0.0028772929217666388
2814687488.0,0.01946662738919258
2815624960.0,0.03550317510962486
2816562432.0,0.05226178094744682
2817499904.0,0.06987184286117554
2818437376.0,0.08751677721738815
2819375104.0,0.10483378916978836
2820312576.0,0.12230704724788666
2821250048.0,0.13819587230682373
2822187520.0,0.15380530059337616
2823124992.0,0.1689080148935318
2824062464.0,0.18368303775787354
2824999936.0,0.1958858221769333
2825937408.0,0.20683199167251587
2826874880.0,0.21764741837978363
2827812608.0,0.2310640960931778
2828750080.0,0.23687580227851868
2829687552.0,0.24070119857788086
2830625024.0,0.24224376678466797
2831562496.0,0.2423001527786255
2832499968.0,0.23997250199317932
2833437440.0,0.23652595281600952
2834374912.0,0.23011243343353271
2835312384.0,0.22279682755470276
2836250112.0,0.2135254293680191
2837187584.0,0.20428958535194397
2838125056.0,0.19142410159111023
2839062528.0,0.17851890623569489
2840000000.0,0.16397178173065186
2840937472.0,0.14943689107894897
2841874944.0,0.13358645141124725
2842812416.0,0.1174255907535553
2843749888.0,0.1001891940832138
2844687616.0,0.08285488188266754
2845625088.0,0.06472472846508026
2846562560.0,0.04773995652794838
2847500032.0,0.030641712248325348
2848437504.0,0.013874632306396961
2849374976.0,-0.0020991715136915445
2850312448.0,-0.017825331538915634
2851249920.0,-0.03275856003165245
2852187392.0,-0.046848345547914505
2853125120.0,-0.05933993682265282
2854062592.0,-0.07142733037471771
2855000064.0,-0.081294946372509
2855937536.0,-0.09074576199054718
2856875008.0,-0.09752523899078369
2857812480.0,-0.10255023092031479
2858749952.0,-0.10672987997531891
2859687424.0,-0.10939059406518936
2860624896.0,-0.1097186952829361
2861562624.0,-0.10922681540250778
2862500096.0,-0.10578779876232147
2863437568.0,-0.1007237508893013
2864375040.0,-0.09399636834859848
2865312512.0,-0.08718130737543106
2866249984.0,-0.07823710143566132
2867187456.0,-0.06763952225446701
2868124928.0,-0.05491720512509346
2869062400.0,-0.041959233582019806
2870000128.0,-0.027331547811627388
2870937600.0,-0.012408922426402569
2871875072.0,0.0034734962973743677
2872812544.0,0.019769422709941864
2873750016.0,0.036268431693315506
2874687488.0,0.053770530968904495
2875624960.0,0.07089972496032715
2876562432.0,0.08770466595888138
2877499904.0,0.10482639074325562
2878437376.0,0.12097389996051788
2879375104.0,0.136474609375
2880312576.0,0.1519981175661087
2881250048.0,0.16632819175720215
2882187520.0,0.18006302416324615
2883124992.0,0.1926262378692627
2884062464.0,0.20434318482875824
2884999936.0,0.21496540307998657
2885937408.0,0.22355400025844574
2886874880.0,0.23129752278327942
2887812608.0,0.21517594158649445
2888750080.0,0.2186616212129593
2889687552.0,0.2215755134820938
2890625024.0,0.2232208400964737
2891562496.0,0.22398291528224945
2892499968.0,0.22384311258792877
2893437440.0,0.22206903994083405
2894374912.0,0.2197587937116623
2895312384.0,0.21568824350833893
2896250112.0,0.2095453143119812
2897187584.0,0.20202240347862244
2898125056.0,0.1938423067331314
2899062528.0,0.1843632012605667
2900000000.0,0.17268779873847961
2900937472.0,0.15973350405693054
2901874944.0,0.14645972847938538
2902812416.0,0.13134364783763885
2903749888.0,0.11491897702217102
2904687616.0,0.09968748688697815
2905625088.0,0.08212161809206009
2906562560.0,0.06508451700210571
2907500032.0,0.04746555909514427
2908437504.0,0.03021897003054619
2909374976.0,0.012619931250810623
2910312448.0,-0.0031953733414411545
2911249920.0,-0.019331371411681175
2912187392.0,-0.03319375962018967
2913125120.0,-0.04793195053935051
2914062592.0,-0.06014767661690712
2915000064.0,-0.07125013321638107
2915937536.0,-0.08023044466972351
2916875008.0,-0.08658920228481293
2917812480.0,-0.09171666949987411
2918749952.0,-0.09414304792881012
2919687424.0,-0.09579965472221375
2920624896.0,-0.09370935708284378
2921562624.0,-0.09042452275753021
2922500096.0,-0.0849035456776619
2923437568.0,-0.07783234119415283
2924375040.0,-0.06824193149805069
2925312512.0,-0.05635986104607582
2926249984.0,-0.043040305376052856
2927187456.0,-0.02936074696481228
2928124928.0,-0.013680960983037949
2929062400.0,0.002897697500884533
2929999872.0,0.020473016425967216
2930937600.0,0.03709597885608673
2931875072.0,0.05550644174218178
2932812544.0,0.07375649362802505
2933750016.0,0.09070669114589691
2934687488.0,0.10870161652565002
2935624960.0,0.12359385192394257
2936562432.0,0.13922041654586792
2937499904.0,0.15401004254817963
2938437376.0,0.16732314229011536
2939375104.0,0.17889505624771118
2940312576.0,0.18989445269107819
2941250048.0,0.19864259660243988
2942187520.0,0.2076157033443451
2943124992.0,0.2132597416639328
2944062464.0,0.2183780074119568
2944999936.0,0.22322772443294525
2945937408.0,0.22559085488319397
2946874880.0,0.22715109586715698
2947812608.0,0.2072177529335022
2948750080.0,0.2053467482328415
2949687552.0,0.20299774408340454
2950625024.0,0.19970831274986267
2951562496.0,0.19678814709186554
2952499968.0,0.1929580271244049
2953437440.0,0.18977057933807373
2954374912.0,0.18553529679775238
2955312384.0,0.1809847503900528
2956250112.0,0.17635425925254822
2957187584.0,0.17284061014652252
2958125056.0,0.1678507775068283
2959062528.0,0.16355390846729279
2960000000.0,0.15944574773311615
2960937472.0,0.15404558181762695
2961874944.0,0.1493266373872757
2962812416.0,0.14333614706993103
2963749888.0,0.1386163830757141
2964687616.0,0.13266675174236298
2965625088.0,0.12710967659950256
2966562560.0,0.12067089229822159
2967500032.0,0.11357651650905609
2968437504.0,0.10759942978620529
2969374976.0,0.10123168677091599
2970312448.0,0.09366115927696228
2971249920.0,0.08705931901931763
2972187392.0,0.07980885356664658
2973125120.0,0.07188580930233002
2974062592.0,0.0647960677742958
2975000064.0,0.057568036019802094
2975937536.0,0.05050438269972801
2976875008.0,0.044107627123594284
2977812480.0,0.03715300187468529
2978749952.0,0.03153359517455101
2979687424.0,0.025442346930503845
2980624896.0,0.020383361726999283
2981562624.0,0.015126840211451054
2982500096.0,0.011448112316429615
2983437568.0,0.007927588187158108
2984375040.0,0.0049512144178152084
2985312512.0,0.0021188692189753056
2986249984.0,0.0010609182063490152
2987187456.0,-8.163080201484263e-05
2988124928.0,0.0002671341353561729
2989062400.0,0.00010874240251723677
2990000128.0,0.0008692350820638239
2990937600.0,0.0026930805761367083
2991875072.0,0.0037529547698795795
2992812544.0,0.005248553119599819
2993750016.0,0.008186663500964642
2994687488.0,0.010993906296789646
2995624960.0,0.01279257982969284
2996562432.0,0.015148232690989971
2997499904.0,0.018091585487127304
2998437376.0,0.020420240238308907
2999375104.0,0.02324889786541462
3000312576.0,0.02811017446219921
3001250048.0,0.03102339431643486
3002187520.0,0.03347413241863251
3003124992.0,0.03573266789317131
3004062464.0,0.03776306286454201
3004999936.0,0.03964279592037201
3005937408.0,0.040717944502830505
3006874880.0,0.042563192546367645
3007812608.0,0.13447479903697968
3008750080.0,0.13179124891757965
3009687552.0,0.12870191037654877
3010625024.0,0.12525394558906555
3011562496.0,0.12197628617286682
3012499968.0,0.1179017499089241
3013437440.0,0.11351025104522705
3014374912.0,0.10859182476997375
3015312384.0,0.10325627774000168
3016250112.0,0.09785684943199158
3017187584.0,0.09220075607299805
3018125056.0,0.08681343495845795
3019062528.0,0.08146654814481735
3020000000.0,0.07552728801965714
3020937472.0,0.06940232217311859
3021874944.0,0.06354633718729019
3022812416.0,0.057355668395757675
3023749888.0,0.05208726227283478
3024687616.0,0.04457547143101692
3025625088.0,0.03971872478723526
3026562560.0,0.03406669571995735
3027500032.0,0.02744169719517231
3028437504.0,0.022156231105327606
3029374976.0,0.01666625775396824
3030312448.0,0.01192157156765461
3031249920.0,0.005189470015466213
3032187392.0,2.2448544768849388e-05
3033125120.0,-0.00526069663465023
3034062592.0,-0.010951342061161995
3035000064.0,-0.01655844785273075
3035937536.0,-0.02216384746134281
3036875008.0,-0.027463529258966446
3037812480.0,-0.03189673647284508
3038749952.0,-0.03727579861879349
3039687424.0,-0.0410359725356102
3040624896.0,-0.04609581455588341
3041562624.0,-0.04999760910868645
3042500096.0,-0.05305621400475502
3043437568.0,-0.05557353422045708
3044375040.0,-0.05797126144170761
3045312512.0,-0.05920030176639557
3046249984.0,-0.061475448310375214
3047187456.0,-0.06266841292381287
3048124928.0,-0.06317860633134842
3049062400.0,-0.06348586827516556
3049999872.0,-0.06304021179676056
3050937600.0,-0.06221800297498703
3051875072.0,-0.06053424999117851
3052812544.0,-0.05734742060303688
3053750016.0,-0.05454122647643089
3054687488.0,-0.05013657733798027
3055624960.0,-0.04440366104245186
3056562432.0,-0.03855450078845024
3057499904.0,-0.031674329191446304
3058437376.0,-0.025404738262295723
3059375104.0,-0.015666022896766663
3060312576.0,-0.006629996933043003
3061250048.0,0.002461015246808529
3062187520.0,0.012767420150339603
3063124992.0,0.024055689573287964
3064062464.0,0.03533224016427994
3064999936.0,0.047523658722639084
3065937408.0,0.06012322008609772
3066874880.0,0.07288910448551178
3067812608.0,0.13982805609703064
3068750080.0,0.1458691656589508
3069687552.0,0.1506216675043106
3070625024.0,0.1532040238380432
3071562496.0,0.15437930822372437
3072499968.0,0.15509624779224396
3073437440.0,0.15379859507083893
3074374912.0,0.15076135098934174
3075312384.0,0.1473427414894104
3076250112.0,0.14276592433452606
3077187584.0,0.13655078411102295
3078125056.0,0.12953150272369385
3079062528.0,0.1208561509847641
3080000000.0,0.1127125471830368
3080937472.0,0.10301243513822556
3081874944.0,0.09210634231567383
3082812416.0,0.08172307908535004
3083749888.0,0.07104062288999557
3084687616.0,0.06059141084551811
3085625088.0,0.050912730395793915
3086562560.0,0.040573909878730774
3087500032.0,0.030445341020822525
3088437504.0,0.020121175795793533
3089374976.0,0.012640309520065784
3090312448.0,0.0035530601162463427
3091249920.0,-0.003016105620190501
3092187392.0,-0.008302670903503895
3093125120.0,-0.012599608860909939
3094062592.0,-0.017267730087041855
3095000064.0,-0.01909988559782505
3095937536.0,-0.020971812307834625
3096875008.0,-0.022257333621382713
3097812480.0,-0.021493062376976013
3098749952.0,-0.01970352791249752
3099687424.0,-0.016484685242176056
3100624896.0,-0.012471380643546581
3101562624.0,-0.00763713801279664
3102500096.0,-0.001975253690034151
3103437568.0,0.0035006795078516006
3104375040.0,0.010829763486981392
3105312512.0,0.01768951117992401
3106249984.0,0.024906037375330925
3107187456.0,0.033324841409921646
3108124928.0,0.041024528443813324
3109062400.0,0.04923877492547035
3110000128.0,0.05665963143110275
3110937600.0,0.0646335706114769
3111875072.0,0.07205231487751007
3112812544.0,0.07857212424278259
3113750016.0,0.08615454286336899
3114687488.0,0.09361708909273148
3115624960.0,0.0983944684267044
3116562432.0,0.10509636253118515
3117499904.0,0.10976052284240723
3118437376.0,0.11415103822946548
3119375104.0,0.11946149915456772
3120312576.0,0.12286389619112015
3121250048.0,0.12636667490005493
3122187520.0,0.12971152365207672
3123124992.0,0.1321258395910263
3124062464.0,0.13455715775489807
3124999936.0,0.1366514265537262
3125937408.0,0.13860413432121277
3126874880.0,0.14070500433444977
3127812608.0,0.14749693870544434
3128750080.0,0.1466270536184311
3129687552.0,0.14567846059799194
3130625024.0,0.14472046494483948
3131562496.0,0.14329484105110168
3132499968.0,0.1404203474521637
3133437440.0,0.13851410150527954
3134374912.0,0.13526952266693115
3135312384.0,0.13217614591121674
3136250112.0,0.12911975383758545
3137187584.0,0.12611177563667297
3138125056.0,0.12423733621835709
3139062528.0,0.12154080718755722
3140000000.0,0.12143969535827637
3140937472.0,0.1213311180472374
3141874944.0,0.12375923991203308
3142812416.0,0.12680087983608246
3143749888.0,0.131092831492424
3144687616.0,0.13553735613822937
3145625088.0,0.14119942486286163
3146562560.0,0.14643798768520355
3147500032.0,0.15224632620811462
3148437504.0,0.1565287709236145
3149374976.0,0.15939222276210785
3150312448.0,0.16056106984615326
3151249920.0,0.15934157371520996
3152187392.0,0.15676340460777283
3153125120.0,0.15203198790550232
3154062592.0,0.14588990807533264
3155000064.0,0.13606175780296326
3155937536.0,0.12504708766937256
3156875008.0,0.11203881353139877
3157812480.0,0.0988745242357254
3158749952.0,0.08385135233402252
3159687424.0,0.06877277791500092
3160624896.0,0.05298854783177376
3161562624.0,0.038503389805555344
3162500096.0,0.02328689955174923
3163437568.0,0.010484577156603336
3164375040.0,-0.0004889760166406631
3165312512.0,-0.010473016649484634
3166249984.0,-0.019287070259451866
3167187456.0,-0.025383543223142624
3168124928.0,-0.027766328305006027
3169062400.0,-0.030428949743509293
3169999872.0,-0.029151013121008873
3170937600.0,-0.0257326178252697
3171875072.0,-0.019524551928043365
3172812544.0,-0.012319043278694153
3173750016.0,-0.003335115034133196
3174687488.0,0.007480878382921219
3175624960.0,0.01946292072534561
3176562432.0,0.032591093331575394
3177499904.0,0.04785693809390068
3178437376.0,0.06262494623661041
3179375104.0,0.07756343483924866
3180312576.0,0.09275411069393158
3181250048.0,0.10786964744329453
3182187520.0,0.12281416356563568
3183124992.0,0.1374160647392273
3184062464.0,0.15197932720184326
3184999936.0,0.16443152725696564
3185937408.0,0.17666375637054443
3186874880.0,0.18801677227020264
3187812608.0,0.1577446013689041
3188750080.0,0.15317976474761963
3189687552.0,0.1474088430404663
3190625024.0,0.1424086093902588
3191562496.0,0.13645456731319427
3192499968.0,0.13038000464439392
3193437440.0,0.12441489845514297
3194374912.0,0.1186407282948494
3195312384.0,0.1121818870306015
3196250112.0,0.10662838816642761
3197187584.0,0.1019330695271492
3198125056.0,0.09744398295879364
3199062528.0,0.09358494728803635
3200000000.0,0.09042077511548996
3200937472.0,0.08773194998502731
3201874944.0,0.0859186127781868
3202812416.0,0.08498436957597733
3203749888.0,0.08350911736488342
3204687616.0,0.08437338471412659
3205625088.0,0.08513437956571579
3206562560.0,0.08690919727087021
3207500032.0,0.08796513080596924
3208437504.0,0.09057141840457916
3209374976.0,0.09321299195289612
3210312448.0,0.09483932703733444
3211249920.0,0.09796129912137985
3212187392.0,0.10059155523777008
3213125120.0,0.10237571597099304
3214062592.0,0.10575687885284424
3215000064.0,0.10728268325328827
3215937536.0,0.10947667062282562
3216875008.0,0.11156346648931503
3217812480.0,0.11371316015720367
3218749952.0,0.11385364085435867
3219687424.0,0.1149764358997345
3220624896.0,0.11396723240613937
3221562624.0,0.11535587161779404
3222500096.0,0.11514504998922348
3223437568.0,0.11398041248321533
3224375040.0,0.11370649188756943
3225312512.0,0.11336687207221985
3226249984.0,0.11165008693933487
3227187456.0,0.11138790100812912
3228124928.0,0.1107470840215683
3229062400.0,0.10984617471694946
3230000128.0,0.11077115684747696
3230937600.0,0.10993228852748871
3231875072.0,0.11113351583480835
3232812544.0,0.11270212382078171
3233750016.0,0.11395662277936935
3234687488.0,0.11660048365592957
3235624960.0,0.11917213350534439
3236562432.0,0.12277824431657791
3237499904.0,0.12801231443881989
3238437376.0,0.13262781500816345
3239375104.0,0.13735587894916534
3240312576.0,0.1438564509153366
3241250048.0,0.15047700703144073
3242187520.0,0.15614336729049683
3243124992.0,0.16251277923583984
3244062464.0,0.16907958686351776
3244999936.0,0.1762574166059494
3245937408.0,0.18202897906303406
3246874880.0,0.18705695867538452
3247812608.0,0.09883641451597214
3248750080.0,0.0900224819779396
3249687552.0,0.0805564746260643
3250625024.0,0.07097179442644119
3251562496.0,0.060720473527908325
3252499968.0,0.05119215324521065
3253437440.0,0.04162892699241638
3254374912.0,0.033748988062143326
3255312384.0,0.026720168069005013
3256250112.0,0.021059945225715637
3257187584.0,0.017681950703263283
3258125056.0,0.016980070620775223
3259062528.0,0.01739685609936714
3260000000.0,0.019805384799838066
3260937472.0,0.022814642637968063
3261874944.0,0.027066670358181
3262812416.0,0.03156862407922745
3263749888.0,0.0356450229883194
3264687616.0,0.03999835625290871
3265625088.0,0.043519262224435806
3266562560.0,0.04831025376915932
3267500032.0,0.05127892270684242
3268437504.0,0.05518975853919983
3269374976.0,0.05767086148262024
3270312448.0,0.059642452746629715
3271249920.0,0.06280119717121124
3272187392.0,0.06472191959619522
3273125120.0,0.06628937274217606
3274062592.0,0.06839274615049362
3275000064.0,0.06951732188463211
3275937536.0,0.07023679465055466
3276875008.0,0.07263829559087753
3277812480.0,0.0730019211769104
3278749952.0,0.07443870604038239
3279687424.0,0.07519981265068054
3280624896.0,0.0760732889175415
3281562624.0,0.07629304379224777
3282500096.0,0.07676529884338379
3283437568.0,0.07758620381355286
3284375040.0,0.07791407406330109
3285312512.0,0.07781153172254562
3286249984.0,0.078682541847229
3287187456.0,0.07799828797578812
3288124928.0,0.07859620451927185
3289062400.0,0.07822839170694351
3289999872.0,0.07841486483812332
3290937600.0,0.07856403291225433
3291875072.0,0.07809609174728394
3292812544.0,0.07862751185894012
3293750016.0,0.07894901186227798
3294687488.0,0.0796218141913414
3295624960.0,0.08039695024490356
3296562432.0,0.08178355544805527
3297499904.0,0.08310437202453613
3298437376.0,0.08429299294948578
3299375104.0,0.08662489056587219
3300312576.0,0.08971433341503143
3301250048.0,0.09225913882255554
3302187520.0,0.09586147964000702
3303124992.0,0.09985770285129547
3304062464.0,0.10332878679037094
3304999936.0,0.10741137713193893
3305937408.0,0.11284654587507248
3306874880.0,0.11812319606542587
3307812608.0,0.13059498369693756
3308750080.0,0.13784319162368774
3309687552.0,0.14547419548034668
3310625024.0,0.15411999821662903
3311562496.0,0.16189827024936676
3312499968.0,0.17038673162460327
3313437440.0,0.17745690047740936
3314374912.0,0.18490155041217804
3315312384.0,0.19154252111911774
3316250112.0,0.1983574628829956
3317187584.0,0.20346243679523468
3318125056.0,0.20947903394699097
3319062528.0,0.21273024380207062
3320000000.0,0.21694259345531464
3320937472.0,0.22048504650592804
3321874944.0,0.22138112783432007
3322812416.0,0.2211761176586151
3323749888.0,0.22056637704372406
3324687616.0,0.21763888001441956
3325625088.0,0.21482902765274048
3326562560.0,0.21001312136650085
3327500032.0,0.20489515364170074
3328437504.0,0.19785663485527039
3329374976.0,0.19006234407424927
3330312448.0,0.1820542812347412
3331249920.0,0.1724580079317093
3332187392.0,0.16312241554260254
3333125120.0,0.15198706090450287
3334062592.0,0.141731858253479
3335000064.0,0.13044968247413635
3335937536.0,0.11931493878364563
3336875008.0,0.10799785703420639
3337812480.0,0.09726079553365707
3338749952.0,0.08691037446260452
3339687424.0,0.0757690891623497
3340624896.0,0.06611315160989761
3341562624.0,0.05711749941110611
3342500096.0,0.04870651662349701
3343437568.0,0.04112735390663147
3344375040.0,0.03502427041530609
3345312512.0,0.02967062219977379
3346249984.0,0.025792159140110016
3347187456.0,0.022471971809864044
3348124928.0,0.020935064181685448
3349062400.0,0.01985172927379608
3350000128.0,0.01954391784965992
3350937600.0,0.02131391130387783
3351875072.0,0.024908561259508133
3352812544.0,0.02879805490374565
3353750016.0,0.0332736112177372
3354687488.0,0.03999248147010803
3355624960.0,0.04580806940793991
3356562432.0,0.05350416898727417
3357499904.0,0.061133868992328644
3358437376.0,0.0707218274474144
3359375104.0,0.08017884194850922
3360312576.0,0.08992995321750641
3361250048.0,0.09906694293022156
3362187520.0,0.1088709682226181
3363124992.0,0.11877735704183578
3364062464.0,0.12886358797550201
3364999936.0,0.13764813542366028
3365937408.0,0.14532031118869781
3366874880.0,0.15294411778450012
3367812608.0,0.03548857197165489
3368750080.0,0.039472080767154694
3369687552.0,0.04375118389725685
3370625024.0,0.04584110900759697
3371562496.0,0.04857626184821129
3372499968.0,0.05065469443798065
3373437440.0,0.05159442499279976
3374374912.0,0.05201693996787071
3375312384.0,0.0510779544711113
3376250112.0,0.04929787665605545
3377187584.0,0.047040585428476334
3378125056.0,0.04321125149726868
3379062528.0,0.03860023245215416
3380000000.0,0.03338152915239334
3380937472.0,0.026109889149665833
3381874944.0,0.019337646663188934
3382812416.0,0.010421090759336948
3383749888.0,0.0007361613097600639
3384687616.0,-0.009068870916962624
3385625088.0,-0.01845352165400982
3386562560.0,-0.02987014129757881
3387500032.0,-0.04021342843770981
3388437504.0,-0.050984784960746765
3389374976.0,-0.06133972108364105
3390312448.0,-0.07256320863962173
3391249920.0,-0.08205603808164597
3392187392.0,-0.092159703373909
3393125120.0,-0.10162777453660965
3394062592.0,-0.11069710552692413
3395000064.0,-0.11923422664403915
3395937536.0,-0.12628833949565887
3396875008.0,-0.13263241946697235
3397812480.0,-0.138177752494812
3398749952.0,-0.14174017310142517
3399687424.0,-0.14766938984394073
3400624896.0,-0.15011215209960938
3401562624.0,-0.15292660892009735
3402500096.0,-0.1532907336950302
3403437568.0,-0.1547549068927765
3404375040.0,-0.15471318364143372
3405312512.0,-0.15520364046096802
3406249984.0,-0.15435051918029785
3407187456.0,-0.15390273928642273
3408124928.0,-0.1529282033443451
3409062400.0,-0.15227380394935608
3409999872.0,-0.15185792744159698
3410937600.0,-0.15133415162563324
3411875072.0,-0.15285851061344147
3412812544.0,-0.15427620708942413
3413750016.0,-0.1567498743534088
3414687488.0,-0.15915746986865997
3415624960.0,-0.16476497054100037
3416562432.0,-0.17235219478607178
3417499904.0,-0.18095265328884125
3418437376.0,-0.19157491624355316
3419375104.0,-0.20388785004615784
3420312576.0,-0.21856096386909485
3421250048.0,-0.2349734902381897
3422187520.0,-0.2538232207298279
3423124992.0,-0.27449291944503784
3424062464.0,-0.29762983322143555
3424999936.0,-0.32318368554115295
3425937408.0,-0.3492601811885834
3426874880.0,-0.3779587745666504
3427812608.0,-0.4088459312915802
3428750080.0,-0.43685173988342285
3429687552.0,-0.46512213349342346
3430625024.0,-0.4931288957595825
3431562496.0,-0.5206966400146484
3432499968.0,-0.5495471358299255
3433437440.0,-0.577002227306366
3434374912.0,-0.6052790880203247
3435312384.0,-0.6327527165412903
3436250112.0,-0.6609578728675842
3437187584.0,-0.6889527440071106
3438125056.0,-0.7160683870315552
3439062528.0,-0.7446215152740479
3440000000.0,-0.7731884717941284
3440937472.0,-0.8051435947418213
3441874944.0,-0.8376700282096863
3442812416.0,-0.872035562992096
3443749888.0,-0.9084164500236511
3444687616.0,-0.9473867416381836
3445625088.0,-0.9898371696472168
3446562560.0,-1.0351802110671997
3447500032.0,-1.0818595886230469
3448437504.0,-1.1329147815704346
3449374976.0,-1.1861324310302734
3450312448.0,-1.2432868480682373
3451249920.0,-1.3006339073181152
3452187392.0,-1.3593553304672241
3453125120.0,-1.4202255010604858
3454062592.0,-1.4810410737991333
3455000064.0,-1.5422073602676392
3455937536.0,-1.604171633720398
3456875008.0,-1.6655017137527466
3457812480.0,-1.7240424156188965
3458749952.0,-1.7762014865875244
3459687424.0,-1.8223856687545776
3460624896.0,-1.8638215065002441
3461562624.0,-1.896905541419983
3462500096.0,-1.9221338033676147
3463437568.0,-1.9403539896011353
3464375040.0,-1.9499895572662354
3465312512.0,-1.9517323970794678
3466249984.0,-1.9465036392211914
3467187456.0,-1.9346572160720825
3468124928.0,-1.918192982673645
3469062400.0,-1.8965672254562378
3470000128.0,-1.8700766563415527
3470937600.0,-1.8367313146591187
3471875072.0,-1.8001607656478882
3472812544.0,-1.7584065198898315
3473750016.0,-1.711690902709961
3474687488.0,-1.6631437540054321
3475624960.0,-1.6102373600006104
3476562432.0,-1.5556548833847046
3477499904.0,-1.5013935565948486
3478437376.0,-1.446820855140686
3479375104.0,-1.393174171447754
3480312576.0,-1.3431119918823242
3481250048.0,-1.2955842018127441
3482187520.0,-1.246544361114502
3483124992.0,-1.1985374689102173
3484062464.0,-1.1511789560317993
3484999936.0,-1.10391366481781
3485937408.0,-1.0596457719802856
3486874880.0,-1.016640543937683
3487812608.0,-1.0095711946487427
3488750080.0,-0.9716669917106628
3489687552.0,-0.9361321330070496
3490625024.0,-0.9029935598373413
3491562496.0,-0.871642529964447
3492499968.0,-0.8424474000930786
3493437440.0,-0.8150386214256287
3494374912.0,-0.7889837026596069
3495312384.0,-0.763518750667572
3496250112.0,-0.7406868934631348
3497187584.0,-0.7205056548118591
3498125056.0,-0.703126847743988
3499062528.0,-0.6865606904029846
3500000000.0,-0.6730316877365112
3500937472.0,-0.6574894189834595
3501874944.0,-0.6440883278846741
3502812416.0,-0.630177915096283
3503749888.0,-0.6166390776634216
3504687616.0,-0.6058232188224792
3505625088.0,-0.5943893194198608
3506562560.0,-0.5835193991661072
3507500032.0,-0.5721604824066162
3508437504.0,-0.5601527094841003
3509374976.0,-0.548920214176178
3510312448.0,-0.5376120805740356
3511249920.0,-0.5261982083320618
3512187392.0,-0.5140718221664429
3513125120.0,-0.5009967088699341
3514062592.0,-0.4865616261959076
3515000064.0,-0.4726705849170685
3515937536.0,-0.4565272629261017
3516875008.0,-0.4403740465641022
3517812480.0,-0.423498272895813
3518749952.0,-0.40613144636154175
3519687424.0,-0.3885309398174286
3520624896.0,-0.36957377195358276
3521562624.0,-0.35088425874710083
3522500096.0,-0.332074373960495
3523437568.0,-0.3131140172481537
3524375040.0,-0.29559433460235596
3525312512.0,-0.278245747089386
3526249984.0,-0.25970831513404846
3527187456.0,-0.24184784293174744
3528124928.0,-0.22321996092796326
3529062400.0,-0.20689140260219574
3529999872.0,-0.19098277390003204
3530937600.0,-0.17574015259742737
3531875072.0,-0.16200844943523407
3532812544.0,-0.14942000806331635
3533750016.0,-0.1402498185634613
3534687488.0,-0.13251525163650513
3535624960.0,-0.12592028081417084
3536562432.0,-0.12052270770072937
3537499904.0,-0.11857408285140991
3538437376.0,-0.11833738535642624
3539375104.0,-0.11848039925098419
3540312576.0,-0.12087968736886978
3541250048.0,-0.12418395280838013
3542187520.0,-0.12843221426010132
3543124992.0,-0.13393786549568176
3544062464.0,-0.14112842082977295
3544999936.0,-0.1491384208202362
3545937408.0,-0.15908722579479218
3546874880.0,-0.16988277435302734
3547812608.0,-0.20846521854400635
3548750080.0,-0.19883418083190918
3549687552.0,-0.1909644454717636
3550625024.0,-0.1834573894739151
3551562496.0,-0.17603687942028046
3552499968.0,-0.16825741529464722
3553437440.0,-0.16259926557540894
3554374912.0,-0.1557462364435196
3555312384.0,-0.1519070565700531
3556250112.0,-0.14695371687412262
3557187584.0,-0.1439974159002304
3558125056.0,-0.1418214738368988
3559062528.0,-0.13789793848991394
3560000000.0,-0.13522465527057648
3560937472.0,-0.13227790594100952
3561874944.0,-0.12983901798725128
3562812416.0,-0.12692098319530487
3563749888.0,-0.12397319078445435
3564687616.0,-0.12214943766593933
3565625088.0,-0.11901887506246567
3566562560.0,-0.11595547199249268
3567500032.0,-0.11481566727161407
3568437504.0,-0.11107008904218674
3569374976.0,-0.1094089150428772
3570312448.0,-0.10728075355291367
3571249920.0,-0.10318511724472046
3572187392.0,-0.10070468485355377
3573125120.0,-0.09770501405000687
3574062592.0,-0.09341273456811905
3575000064.0,-0.0907636284828186
3575937536.0,-0.0863521471619606
3576875008.0,-0.08298783004283905
3577812480.0,-0.07957446575164795
3578749952.0,-0.07462546229362488
3579687424.0,-0.0704597681760788
3580624896.0,-0.0665312111377716
3581562624.0,-0.06339704245328903
3582500096.0,-0.05970075726509094
3583437568.0,-0.05658014491200447
3584375040.0,-0.054423000663518906
3585312512.0,-0.05123783275485039
3586249984.0,-0.04893924295902252
3587187456.0,-0.047796450555324554
3588124928.0,-0.04559377580881119
3589062400.0,-0.043520569801330566
3590000128.0,-0.04320535436272621
3590937600.0,-0.0430101603269577
3591875072.0,-0.04318772256374359
3592812544.0,-0.044277843087911606
3593750016.0,-0.04573281481862068
3594687488.0,-0.0473504513502121
3595624960.0,-0.049045272171497345
3596562432.0,-0.051060695201158524
3597499904.0,-0.05418838560581207
3598437376.0,-0.05627261474728584
3599375104.0,-0.05943842604756355
3600312576.0,-0.06283900886774063
3601250048.0,-0.06609184294939041
3602187520.0,-0.0700543224811554
3603124992.0,-0.07221543043851852
3604062464.0,-0.07575787603855133
3604999936.0,-0.07745672762393951
3605937408.0,-0.08013379573822021
3606874880.0,-0.0816471204161644
3607812608.0,-0.0870041623711586
3608750080.0,-0.0866100937128067
3609687552.0,-0.08534198254346848
3610625024.0,-0.08484969288110733
3611562496.0,-0.08320368826389313
3612499968.0,-0.08337114751338959
3613437440.0,-0.08428167551755905
3614374912.0,-0.08446820825338364
3615312384.0,-0.0859985202550888
3616250112.0,-0.0868777334690094
3617187584.0,-0.09027685970067978
3618125056.0,-0.09218647330999374
3619062528.0,-0.09527858346700668
3620000000.0,-0.09832301735877991
3620937472.0,-0.1012122705578804
3621874944.0,-0.1036207377910614
3622812416.0,-0.10637365281581879
3623749888.0,-0.10804013162851334
3624687616.0,-0.11007856577634811
3625625088.0,-0.11313050985336304
3626562560.0,-0.11555340886116028
3627500032.0,-0.11667700111865997
3628437504.0,-0.11862348765134811
3629374976.0,-0.1200680285692215
3630312448.0,-0.12003675848245621
3631249920.0,-0.11923553049564362
3632187392.0,-0.11838050931692123
3633125120.0,-0.11644404381513596
3634062592.0,-0.11411327123641968
3635000064.0,-0.11121032387018204
3635937536.0,-0.10678625851869583
3636875008.0,-0.10303234308958054
3637812480.0,-0.09888271242380142
3638749952.0,-0.0931849554181099
3639687424.0,-0.08659154921770096
3640624896.0,-0.08032400906085968
3641562624.0,-0.07321342080831528
3642500096.0,-0.06513386964797974
3643437568.0,-0.05729084461927414
3644375040.0,-0.04861510172486305
3645312512.0,-0.040083132684230804
3646249984.0,-0.0310226920992136
3647187456.0,-0.023163223639130592
3648124928.0,-0.015490133315324783
3649062400.0,-0.007037732750177383
3649999872.0,0.0004062755324412137
3650937600.0,0.007788526359945536
3651875072.0,0.013703655451536179
3652812544.0,0.02030067890882492
3653750016.0,0.02523995377123356
3654687488.0,0.030619388446211815
3655624960.0,0.03500321879982948
3656562432.0,0.03930943086743355
3657499904.0,0.041693948209285736
3658437376.0,0.043470654636621475
3659375104.0,0.04443754628300667
3660312576.0,0.04472499340772629
3661250048.0,0.043494708836078644
3662187520.0,0.042016979306936264
3663124992.0,0.039137136191129684
3664062464.0,0.03609868139028549
3664999936.0,0.031161360442638397
3665937408.0,0.0261400006711483
3666874880.0,0.02123744785785675
3667812608.0,0.012305287644267082
3668750080.0,0.007706459145992994
3669687552.0,0.0032445143442600965
3670625024.0,-0.0010711642680689692
3671562496.0,-0.00460295844823122
3672499968.0,-0.008455267176032066
3673437440.0,-0.0113456379622221
3674374912.0,-0.013014692813158035
3675312384.0,-0.014770586974918842
3676250112.0,-0.015843894332647324
3677187584.0,-0.01667330600321293
3678125056.0,-0.017756696790456772
3679062528.0,-0.017197521403431892
3680000000.0,-0.016413552686572075
3680937472.0,-0.015186303295195103
3681874944.0,-0.014292905107140541
3682812416.0,-0.01279827207326889
3683749888.0,-0.010746673680841923
3684687616.0,-0.008555781096220016
3685625088.0,-0.006662344094365835
3686562560.0,-0.004028246272355318
3687500032.0,-0.0012219285126775503
3688437504.0,0.0017826048424467444
3689374976.0,0.004876794293522835
3690312448.0,0.007997307926416397
3691249920.0,0.011185427196323872
3692187392.0,0.013908280059695244
3693125120.0,0.016678212210536003
3694062592.0,0.018729737028479576
3695000064.0,0.02213965728878975
3695937536.0,0.024484485387802124
3696875008.0,0.026777204126119614
3697812480.0,0.028170375153422356
3698749952.0,0.030838333070278168
3699687424.0,0.032035116106271744
3700624896.0,0.03255626931786537
3701562624.0,0.033562470227479935
3702500096.0,0.03241197019815445
3703437568.0,0.030716698616743088
3704375040.0,0.027617208659648895
3705312512.0,0.024580495432019234
3706249984.0,0.018632525578141212
3707187456.0,0.012877833098173141
3708124928.0,0.00426104199141264
3709062400.0,-0.00430121598765254
3710000128.0,-0.014508623629808426
3710937600.0,-0.02568749152123928
3711875072.0,-0.03935931250452995
3712812544.0,-0.05440334603190422
3713750016.0,-0.06912285089492798
3714687488.0,-0.08655471354722977
3715624960.0,-0.10466521233320236
3716562432.0,-0.12408491224050522
3717499904.0,-0.14469334483146667
3718437376.0,-0.16393139958381653
3719375104.0,-0.18445803225040436
3720312576.0,-0.20487675070762634
3721250048.0,-0.22637882828712463
3722187520.0,-0.24733975529670715
3723124992.0,-0.26668164134025574
3724062464.0,-0.28616970777511597
3724999936.0,-0.30417558550834656
3725937408.0,-0.31987524032592773
3726874880.0,-0.3341885805130005
3727812608.0,-0.023227931931614876
3728750080.0,-0.02222920022904873
3729687552.0,-0.022584514692425728
3730625024.0,-0.023548632860183716
3731562496.0,-0.02651679702103138
3732499968.0,-0.029962381348013878
3733437440.0,-0.03303397074341774
3734374912.0,-0.035529617220163345
3735312384.0,-0.0389501117169857
3736250112.0,-0.040868788957595825
3737187584.0,-0.043093349784612656
3738125056.0,-0.04391823336482048
3739062528.0,-0.044777993112802505
3740000000.0,-0.045376550406217575
3740937472.0,-0.04474315047264099
3741874944.0,-0.042490262538194656
3742812416.0,-0.040823668241500854
3743749888.0,-0.03770262375473976
3744687616.0,-0.034447550773620605
3745625088.0,-0.0297621451318264
3746562560.0,-0.023673392832279205
3747500032.0,-0.01733650080859661
3748437504.0,-0.009780142456293106
3749374976.0,-0.0020341756753623486
3750312448.0,0.007171608041971922
3751249920.0,0.01715889573097229
3752187392.0,0.02718331292271614
3753125120.0,0.03732924908399582
3754062592.0,0.047776542603969574
3755000064.0,0.056894876062870026
3755937536.0,0.06831438094377518
3756875008.0,0.07821499556303024
3757812480.0,0.08774546533823013
3758749952.0,0.09650629758834839
3759687424.0,0.10440482199192047
3760624896.0,0.11127188801765442
3761562624.0,0.11764515936374664
3762500096.0,0.12246538698673248
3763437568.0,0.12587158381938934
3764375040.0,0.12819674611091614
3765312512.0,0.12842050194740295
3766249984.0,0.1269286572933197
3767187456.0,0.12502935528755188
3768124928.0,0.1211482435464859
3769062400.0,0.11572255939245224
3769999872.0,0.10932842642068863
3770937600.0,0.10135240852832794
3771875072.0,0.09288687258958817
3772812544.0,0.08310142904520035
3773750016.0,0.07359527051448822
3774687488.0,0.06239263340830803
3775624960.0,0.05147501081228256
3776562432.0,0.04079402610659599
3777499904.0,0.028194107115268707
3778437376.0,0.015972711145877838
3779375104.0,0.004897427745163441
3780312576.0,-0.007224759086966515
3781250048.0,-0.018429657444357872
3782187520.0,-0.030546080321073532
3783124992.0,-0.04189305379986763
3784062464.0,-0.052103232592344284
3784999936.0,-0.06170722842216492
3785937408.0,-0.07110988348722458
3786874880.0,-0.0639461949467659
3787812608.0,-0.06813053786754608
3788750080.0,-0.07279563695192337
3789687552.0,-0.07489167898893356
3790625024.0,-0.07825328409671783
3791562496.0,-0.08179353177547455
3792499968.0,-0.08686652034521103
3793437440.0,-0.08921219408512115
3794374912.0,-0.09148789942264557
3795312384.0,-0.09519987553358078
3796250112.0,-0.09584792703390121
3797187584.0,-0.09485950320959091
3798125056.0,-0.09328897297382355
3799062528.0,-0.09116239100694656
3800000000.0,-0.08836971968412399
3800937472.0,-0.08405181020498276
3801874944.0,-0.07924966514110565
3802812416.0,-0.07331039011478424
3803749888.0,-0.0660746619105339
3804687616.0,-0.05843290314078331
3805625088.0,-0.04963413253426552
3806562560.0,-0.040639426559209824
3807500032.0,-0.03187550976872444
3808437504.0,-0.022822070866823196
3809374976.0,-0.013247109949588776
3810312448.0,-0.003906555473804474
3811249920.0,0.004030697047710419
3812187392.0,0.012746176682412624
3813125120.0,0.020146237686276436
3814062592.0,0.027513181790709496
3815000064.0,0.03459012135863304
3815937536.0,0.04040059074759483
3816875008.0,0.04587610438466072
3817812480.0,0.05088890343904495
3818749952.0,0.05318322032690048
3819687424.0,0.056108515709638596
3820624896.0,0.05856192857027054
3821562624.0,0.05905742198228836
3822500096.0,0.05829983949661255
3823437568.0,0.05721202865242958
3824375040.0,0.05546654015779495
3825312512.0,0.052931513637304306
3826249984.0,0.04897351190447807
3827187456.0,0.04579271376132965
3828124928.0,0.04191990941762924
3829062400.0,0.036831486970186234
3830000128.0,0.03271050378680229
3830937600.0,0.027859987691044807
3831875072.0,0.023580992594361305
3832812544.0,0.018209422007203102
3833750016.0,0.013617568649351597
3834687488.0,0.007417758461087942
3835624960.0,0.002245795913040638
3836562432.0,-0.0020258629228919744
3837499904.0,-0.007857752963900566
3838437376.0,-0.013415046036243439
3839375104.0,-0.018044669181108475
3840312576.0,-0.02194584533572197
3841250048.0,-0.027847807854413986
3842187520.0,-0.03162622079253197
3843124992.0,-0.03641912341117859
3844062464.0,-0.04059330374002457
3844999936.0,-0.04415268823504448
3845937408.0,-0.04827647656202316
3846874880.0,-0.04622850567102432
3847812608.0,-0.04897451400756836
3848750080.0,-0.051068615168333054
3849687552.0,-0.05292407423257828
3850625024.0,-0.05386903136968613
3851562496.0,-0.055707041174173355
3852499968.0,-0.057118210941553116
3853437440.0,-0.05846736207604408
3854374912.0,-0.05893193930387497
3855312384.0,-0.05901573598384857
3856250112.0,-0.05958600714802742
3857187584.0,-0.059390947222709656
3858125056.0,-0.058779504150152206
3859062528.0,-0.05652761831879616
3860000000.0,-0.05416655167937279
3860937472.0,-0.05161559581756592
3861874944.0,-0.04968573525547981
3862812416.0,-0.047887660562992096
3863749888.0,-0.045963481068611145
3864687616.0,-0.04509110376238823
3865625088.0,-0.0457892008125782
3866562560.0,-0.047174952924251556
3867500032.0,-0.049827996641397476
3868437504.0,-0.05618256330490112
3869374976.0,-0.06245606765151024
3870312448.0,-0.07042033225297928
3871249920.0,-0.07974093407392502
3872187392.0,-0.09105359017848969
3873125120.0,-0.10264899581670761
3874062592.0,-0.11494631320238113
3875000064.0,-0.126222625374794
3875937536.0,-0.13772328197956085
3876875008.0,-0.14851196110248566
3877812480.0,-0.1560017168521881
3878749952.0,-0.16413098573684692
3879687424.0,-0.16890189051628113
3880624896.0,-0.17278319597244263
3881562624.0,-0.17485550045967102
3882500096.0,-0.17412230372428894
3883437568.0,-0.17069809138774872
3884375040.0,-0.16486307978630066
3885312512.0,-0.15841105580329895
3886249984.0,-0.1499839425086975
3887187456.0,-0.14131562411785126
3888124928.0,-0.13008178770542145
3889062400.0,-0.1188700720667839
3889999872.0,-0.10681398957967758
3890937600.0,-0.09501747041940689
3891875072.0,-0.08295750617980957
3892812544.0,-0.07213995605707169
3893750016.0,-0.05946758762001991
3894687488.0,-0.05125067010521889
3895624960.0,-0.041791997849941254
3896562432.0,-0.034012820571660995
3897499904.0,-0.02681427262723446
3898437376.0,-0.022034453228116035
3899375104.0,-0.017581842839717865
3900312576.0,-0.014016849920153618
3901250048.0,-0.011029723100364208
3902187520.0,-0.009007052518427372
3903124992.0,-0.007369201630353928
3904062464.0,-0.005652269814163446
3904999936.0,-0.004819569177925587
3905937408.0,-0.0034432171378284693
3906874880.0,-0.011379112489521503
3907812608.0,-0.019547903910279274
3908750080.0,-0.026024339720606804
3909687552.0,-0.03154711797833443
3910625024.0,-0.034487877041101456
3911562496.0,-0.037004224956035614
3912499968.0,-0.036718860268592834
3913437440.0,-0.03503808751702309
3914374912.0,-0.031738102436065674
3915312384.0,-0.0263962522149086
3916250112.0,-0.020392220467329025
3917187584.0,-0.012487508356571198
3918125056.0,-0.002981925616040826
3919062528.0,0.007149233482778072
3920000000.0,0.017395982518792152
3920937472.0,0.02864563837647438
3921874944.0,0.039322346448898315
3922812416.0,0.05059221014380455
3923749888.0,0.06032419949769974
3924687616.0,0.07046609371900558
3925625088.0,0.07894395291805267
3926562560.0,0.08753219991922379
3927500032.0,0.09450413286685944
3928437504.0,0.09991458803415298
3929374976.0,0.10477767884731293
3930312448.0,0.10796520113945007
3931249920.0,0.11043663322925568
3932187392.0,0.11034463346004486
3933125120.0,0.10946472734212875
3934062592.0,0.10690721869468689
3935000064.0,0.10195685923099518
3935937536.0,0.0970391035079956
3936875008.0,0.08919623494148254
3937812480.0,0.08194819837808609
3938749952.0,0.07310502976179123
3939687424.0,0.06282121688127518
3940624896.0,0.05157157778739929
3941562624.0,0.04033495485782623
3942500096.0,0.028035152703523636
3943437568.0,0.015489436686038971
3944375040.0,0.002596599282696843
3945312512.0,-0.009303685277700424
3946249984.0,-0.02286427468061447
3947187456.0,-0.03483147174119949
3948124928.0,-0.048409320414066315
3949062400.0,-0.06037693843245506
3950000128.0,-0.07187314331531525
3950937600.0,-0.0823022797703743
3951875072.0,-0.09234380722045898
3952812544.0,-0.10377028584480286
3953750016.0,-0.1130182072520256
3954687488.0,-0.12254692614078522
3955624960.0,-0.13012604415416718
3956562432.0,-0.13856874406337738
3957499904.0,-0.1452624797821045
3958437376.0,-0.15224100649356842
3959375104.0,-0.15883730351924896
3960312576.0,-0.16401448845863342
3961250048.0,-0.17011675238609314
3962187520.0,-0.1749539077281952
3963124992.0,-0.18062835931777954
3964062464.0,-0.18506500124931335
3964999936.0,-0.19058091938495636
3965937408.0,-0.1950308382511139
3966874880.0,-0.08635874092578888
3967812608.0,-0.09353052824735641
3968750080.0,-0.09957638382911682
3969687552.0,-0.10451279580593109
3970625024.0,-0.10960925370454788
3971562496.0,-0.11169591546058655
3972499968.0,-0.11433364450931549
3973437440.0,-0.11657258123159409
3974374912.0,-0.11708677560091019
3975312384.0,-0.11691264063119888
3976250112.0,-0.11720937490463257
3977187584.0,-0.11475705355405807
3978125056.0,-0.11218700557947159
3979062528.0,-0.10898015648126602
3980000000.0,-0.10507170110940933
3980937472.0,-0.0995108112692833
3981874944.0,-0.09457623958587646
3982812416.0,-0.08858644217252731
3983749888.0,-0.08221051096916199
3984687616.0,-0.0771341472864151
3985625088.0,-0.07110382616519928
3986562560.0,-0.06518062204122543
3987500032.0,-0.05892375111579895
3988437504.0,-0.053016547113657
3989374976.0,-0.04780033603310585
3990312448.0,-0.04231647774577141
3991249920.0,-0.03748028352856636
3992187392.0,-0.03352018818259239
3993125120.0,-0.030062507838010788
3994062592.0,-0.026956286281347275
3995000064.0,-0.024794425815343857
3995937536.0,-0.023217951878905296
3996875008.0,-0.022041570395231247
3997812480.0,-0.021905165165662766
3998749952.0,-0.0224192775785923
3999687424.0,-0.021935196593403816
4000624896.0,-0.014122342690825462
4001562624.0,-0.017925351858139038
4002500096.0,-0.02246401272714138
4003437568.0,-0.02805902808904648
4004375040.0,-0.03428303822875023
4005312512.0,-0.041046250611543655
4006249984.0,-0.04753727465867996
4007187456.0,-0.056328605860471725
4008124928.0,-0.06428076326847076
4009062400.0,-0.07329961657524109
4009999872.0,-0.08275044709444046
4010937600.0,-0.09143775701522827
4011875072.0,-0.10083330422639847
4012812544.0,-0.10905785113573074
4013750016.0,-0.11793271452188492
4014687488.0,-0.12730692327022552
4015624960.0,-0.13539573550224304
4016562432.0,-0.1441713124513626
4017499904.0,-0.15181328356266022
4018437376.0,-0.1589777171611786
4019375104.0,-0.16568692028522491
4020312576.0,-0.17238622903823853
4021250048.0,-0.17785198986530304
4022187520.0,-0.18318116664886475
4023124992.0,-0.18886017799377441
4024062464.0,-0.19306723773479462
4024999936.0,-0.19763502478599548
4025937408.0,-0.20179952681064606
4026874880.0,-0.19310075044631958
4027812608.0,-0.19643129408359528
4028750080.0,-0.1982097625732422
4029687552.0,-0.20047412812709808
4030625024.0,-0.20243975520133972
4031562496.0,-0.20392924547195435
4032499968.0,-0.20618024468421936
4033437440.0,-0.20661859214305878
4034374912.0,-0.20792849361896515
4035312384.0,-0.20916320383548737
4036250112.0,-0.20816995203495026
4037187584.0,-0.2093111276626587
4038125056.0,-0.20930735766887665
4039062528.0,-0.20897050201892853
4040000000.0,-0.20794522762298584
4040937472.0,-0.2075006067752838
4041874944.0,-0.20545464754104614
4042812416.0,-0.20207202434539795
4043749888.0,-0.19973227381706238
4044687616.0,-0.1954387128353119
4045625088.0,-0.18933093547821045
4046562560.0,-0.18385820090770721
4047500032.0,-0.176603764295578
4048437504.0,-0.16923530399799347
4049374976.0,-0.16036123037338257
4050312448.0,-0.15111443400382996
4051249920.0,-0.14050617814064026
4052187392.0,-0.13023394346237183
4053125120.0,-0.11901877820491791
4054062592.0,-0.10798528045415878
4055000064.0,-0.09562501311302185
4055937536.0,-0.0844259187579155
4056875008.0,-0.07227518409490585
4057812480.0,-0.06085890159010887
4058749952.0,-0.04808769375085831
4059687424.0,-0.03752732649445534
4060624896.0,-0.02631714567542076
4061562624.0,-0.014779319055378437
4062500096.0,-0.005167285446077585
4063437568.0,0.004226782824844122
4064375040.0,0.012334402650594711
4065312512.0,0.02041167952120304
4066249984.0,0.02680979110300541
4067187456.0,0.0330512598156929
4068124928.0,0.03834221512079239
4069062400.0,0.040731679648160934
4070000128.0,0.042267363518476486
4070937600.0,0.04341205209493637
4071875072.0,0.043305300176143646
4072812544.0,0.04005589336156845
4073750016.0,0.03802333399653435
4074687488.0,0.034905217587947845
4075624960.0,0.03023126721382141
4076562432.0,0.023800356313586235
4077499904.0,0.017239581793546677
4078437376.0,0.010278473608195782
4079375104.0,0.0022493554279208183
4080312576.0,-0.006132103037089109
4081250048.0,-0.017097122967243195
4082187520.0,-0.026868095621466637
4083124992.0,-0.037783198058605194
4084062464.0,-0.048373524099588394
4084999936.0,-0.058594781905412674
4085937408.0,-0.06758039444684982
4086874880.0,-0.09280665218830109
4087812608.0,-0.09969647973775864
4088750080.0,-0.10505593568086624
4089687552.0,-0.10837344825267792
4090625024.0,-0.11256183683872223
4091562496.0,-0.11507993191480637
4092499968.0,-0.11753004044294357
4093437440.0,-0.11940152943134308
4094374912.0,-0.12109117954969406
4095312384.0,-0.12298472970724106
4096250112.0,-0.12420478463172913
4097187584.0,-0.1253771185874939
4098125056.0,-0.12720714509487152
4099062528.0,-0.12786594033241272
4100000000.0,-0.13011623919010162
4100937472.0,-0.13139908015727997
4101874944.0,-0.13345511257648468
4102812416.0,-0.13464345037937164
4103749888.0,-0.13634489476680756
4104687616.0,-0.13820834457874298
4105625088.0,-0.14006616175174713
4106562560.0,-0.14141131937503815
4107500032.0,-0.1428932249546051
4108437504.0,-0.14327716827392578
4109374976.0,-0.14427180588245392
4110312448.0,-0.14445842802524567
4111249920.0,-0.14475207030773163
4112187392.0,-0.14508074522018433
4113125120.0,-0.14556953310966492
4114062592.0,-0.14489148557186127
4115000064.0,-0.14386139810085297
4115937536.0,-0.14301559329032898
4116875008.0,-0.1415911167860031
4117812480.0,-0.14007797837257385
4118749952.0,-0.1380436271429062
4119687424.0,-0.1356271505355835
4120624896.0,-0.13173019886016846
4121562624.0,-0.12891840934753418
4122500096.0,-0.12487657368183136
4123437568.0,-0.12038084119558334
4124375040.0,-0.1151885837316513
4125312512.0,-0.112584687769413
4126249984.0,-0.10828454047441483
4127187456.0,-0.10314442217350006
4128124928.0,-0.1003582701086998
4129062400.0,-0.0959809422492981
4129999872.0,-0.0927143320441246
4130937600.0,-0.08839921653270721
4131875072.0,-0.0850389376282692
4132812544.0,-0.08138546347618103
4133750016.0,-0.07771868258714676
4134687488.0,-0.07547052204608917
4135624960.0,-0.07269250601530075
4136562432.0,-0.06937060505151749
4137499904.0,-0.06767924875020981
4138437376.0,-0.06514929234981537
4139375104.0,-0.06351110339164734
4140312576.0,-0.061474915593862534
4141250048.0,-0.06024894490838051
4142187520.0,-0.05871453508734703
4143124992.0,-0.05696936324238777
4144062464.0,-0.05601657181978226
4144999936.0,-0.05479608476161957
4145937408.0,-0.05353348329663277
4146874880.0,-0.08980090171098709
4147812608.0,-0.09221711754798889
4148750080.0,-0.09305048733949661
4149687552.0,-0.09328536689281464
4150625024.0,-0.09300746023654938
4151562496.0,-0.09191503375768661
4152499968.0,-0.09046309441328049
4153437440.0,-0.08824330568313599
4154374912.0,-0.0854666456580162
4155312384.0,-0.08188791573047638
4156250112.0,-0.07750150561332703
4157187584.0,-0.07299352437257767
4158125056.0,-0.0681537315249443
4159062528.0,-0.06368838995695114
4160000000.0,-0.05855611711740494
4160937472.0,-0.053888991475105286
4161874944.0,-0.04883496090769768
4162812416.0,-0.044212229549884796
4163749888.0,-0.03969216346740723
4164687616.0,-0.0354764349758625
4165625088.0,-0.03243137523531914
4166562560.0,-0.031271833926439285
4167500032.0,-0.02867984026670456
4168437504.0,-0.027369534596800804
4169374976.0,-0.026880711317062378
4170312448.0,-0.026670485734939575
4171249920.0,-0.02786717191338539
4172187392.0,-0.028476273640990257
4173125120.0,-0.029825687408447266
4174062592.0,-0.033540964126586914
4175000064.0,-0.036390598863363266
4175937536.0,-0.039752911776304245
4176875008.0,-0.04387133568525314
4177812480.0,-0.048584602773189545
4178749952.0,-0.05325921252369881
4179687424.0,-0.058710359036922455
4180624896.0,-0.06303219497203827
4181562624.0,-0.06800825893878937
4182500096.0,-0.07391834259033203
4183437568.0,-0.07824762910604477
4184375040.0,-0.08411246538162231
4185312512.0,-0.08907180279493332
4186249984.0,-0.09409492462873459
4187187456.0,-0.09827780723571777
4188124928.0,-0.1018175333738327
4189062400.0,-0.10548281669616699
4190000128.0,-0.10808782279491425
4190937600.0,-0.11121559888124466
4191875072.0,-0.11318214982748032
4192812544.0,-0.1172148585319519
4193750016.0,-0.11991360038518906
4194687488.0,-0.12318291515111923
4195624960.0,-0.12601196765899658
4196562432.0,-0.1302919238805771
4197499904.0,-0.13437747955322266
4198437376.0,-0.13853639364242554
4199375104.0,-0.14348040521144867
4200312576.0,-0.14962024986743927
4201250048.0,-0.15523508191108704
4202187520.0,-0.16181492805480957
4203124992.0,-0.16614960134029388
4204062464.0,-0.17122922837734222
4204999936.0,-0.17576031386852264
4205937408.0,-0.18003316223621368
4206874880.0,-0.17083123326301575
4207812608.0,-0.17647679150104523
4208750080.0,-0.18133023381233215
4209687552.0,-0.18555741012096405
4210625024.0,-0.19021831452846527
4211562496.0,-0.1941186934709549
4212499968.0,-0.19687101244926453
4213437440.0,-0.19873128831386566
4214374912.0,-0.1990935206413269
4215312384.0,-0.19873535633087158
4216250112.0,-0.19737352430820465
4217187584.0,-0.1936153918504715
4218125056.0,-0.18941672146320343
4219062528.0,-0.18400171399116516
4220000000.0,-0.17680670320987701
4220937472.0,-0.16711930930614471
4221874944.0,-0.1568392813205719
4222812416.0,-0.1456494927406311
4223749888.0,-0.1332513391971588
4224687616.0,-0.11943472921848297
4225625088.0,-0.10536214709281921
4226562560.0,-0.0898248627781868
4227500032.0,-0.0747208297252655
4228437504.0,-0.0580848753452301
4229374976.0,-0.04151032865047455
4230312448.0,-0.024735653772950172
4231249920.0,-0.007943002507090569
4232187392.0,0.009078770875930786
4233125120.0,0.025714851915836334
4234062592.0,0.04075806215405464
4235000064.0,0.05676182359457016
4235937536.0,0.070004403591156
4236875008.0,0.08369078487157822
4237812480.0,0.09665557742118835
4238749952.0,0.10807053744792938
4239687424.0,0.11726714670658112
4240624896.0,0.12660768628120422
4241562624.0,0.13388249278068542
4242500096.0,0.13867846131324768
4243437568.0,0.14386560022830963
4244375040.0,0.14535166323184967
4245312512.0,0.14716725051403046
4246249984.0,0.146871879696846
4247187456.0,0.1454714685678482
4248124928.0,0.14057448506355286
4249062400.0,0.1356763392686844
4249999872.0,0.128748819231987
4250937600.0,0.11925207823514938
4251875072.0,0.10841108858585358
4252812544.0,0.09594156593084335
4253750016.0,0.08212514966726303
4254687488.0,0.06577625125646591
4255624960.0,0.04873209074139595
4256562432.0,0.031136034056544304
4257499904.0,0.011970099993050098
4258437376.0,-0.008155351504683495
4259375104.0,-0.02855265885591507
4260312576.0,-0.05120885372161865
4261250048.0,-0.07302466034889221
4262187520.0,-0.0949556827545166
4263124992.0,-0.11781501770019531
4264062464.0,-0.13880972564220428
4264999936.0,-0.16095389425754547
4265937408.0,-0.17914719879627228
4266874880.0,-0.1931965947151184
4267812608.0,-0.20221425592899323
4268750080.0,-0.20894859731197357
4269687552.0,-0.2177850902080536
4270625024.0,-0.22461941838264465
4271562496.0,-0.23097330331802368
4272499968.0,-0.23668642342090607
4273437440.0,-0.2402496635913849
4274374912.0,-0.2445339560508728
4275312384.0,-0.2465457022190094
4276250112.0,-0.2468607872724533
4277187584.0,-0.2451878786087036
4278125056.0,-0.24158748984336853
4279062528.0,-0.23592720925807953
4280000000.0,-0.2269759476184845
4280937472.0,-0.21706125140190125
4281874944.0,-0.2037917822599411
4282812416.0,-0.18867741525173187
4283749888.0,-0.1734544336795807
4284687616.0,-0.15518905222415924
4285625088.0,-0.13495060801506042
4286562560.0,-0.11262442171573639
4287500032.0,-0.09172407537698746
4288437504.0,-0.06785725802183151
4289374976.0,-0.04314181208610535
4290312448.0,-0.02044869400560856
4291249920.0,0.0038911534938961267
4292187392.0,0.02744840458035469
4293125120.0,0.05163155868649483
4294062592.0,0.07372753322124481
4295000064.0,0.09446971863508224
4295937536.0,0.11387187987565994
4296875008.0,0.132013201713562
4297812480.0,0.1475166529417038
4298749952.0,0.16072629392147064
4299687424.0,0.17243313789367676
4300624896.0,0.1819819211959839
4301562368.0,0.18909306824207306
4302499840.0,0.19343781471252441
4303437312.0,0.1956690102815628
4304374784.0,0.19457854330539703
4305312256.0,0.19157077372074127
4306250240.0,0.18573008477687836
4307187712.0,0.17867644131183624
4308125184.0,0.16794288158416748
4309062656.0,0.15607549250125885
4310000128.0,0.14156702160835266
4310937600.0,0.12467186152935028
4311875072.0,0.10791410505771637
4312812544.0,0.08931870013475418
4313750016.0,0.0697646215558052
4314687488.0,0.048942308872938156
4315624960.0,0.03024137392640114
4316562432.0,0.010808524675667286
4317499904.0,-0.009123614989221096
4318437376.0,-0.029173273593187332
4319374848.0,-0.04784104600548744
4320312320.0,-0.066267229616642
4321249792.0,-0.08403162658214569
4322187264.0,-0.10040838271379471
4323125248.0,-0.11634019017219543
4324062720.0,-0.12994037568569183
4325000192.0,-0.1433417797088623
4325937664.0,-0.1541927307844162
4326875136.0,-0.21667954325675964
4327812608.0,-0.21638846397399902
4328750080.0,-0.21482054889202118
4329687552.0,-0.21113918721675873
4330625024.0,-0.20496922731399536
4331562496.0,-0.1988489329814911
4332499968.0,-0.19162318110466003
4333437440.0,-0.1841319352388382
4334374912.0,-0.17473632097244263
4335312384.0,-0.16579633951187134
4336249856.0,-0.15568949282169342
4337187328.0,-0.14609113335609436
4338124800.0,-0.13698826730251312
4339062272.0,-0.12903571128845215
4339999744.0,-0.1213163286447525
4340937728.0,-0.11264009773731232
4341875200.0,-0.1066431999206543
4342812672.0,-0.09961427003145218
4343750144.0,-0.09501949697732925
4344687616.0,-0.08964475244283676
4345625088.0,-0.08491393178701401
4346562560.0,-0.0811791867017746
4347500032.0,-0.07745273411273956
4348437504.0,-0.07679469138383865
4349374976.0,-0.07585075497627258
4350312448.0,-0.07585015147924423
4351249920.0,-0.07636358588933945
4352187392.0,-0.0767558291554451
4353124864.0,-0.07730142027139664
4354062336.0,-0.07902207225561142
4354999808.0,-0.0806872546672821
4355937280.0,-0.08190673589706421
4356874752.0,-0.08534710109233856
4357812736.0,-0.0871443897485733
4358750208.0,-0.09105896949768066
4359687680.0,-0.09522639960050583
4360625152.0,-0.09908317029476166
4361562624.0,-0.10230797529220581
4362500096.0,-0.10653161257505417
4363437568.0,-0.10996948927640915
4364375040.0,-0.11356591433286667
4365312512.0,-0.11686521023511887
4366249984.0,-0.12033745646476746
4367187456.0,-0.12457425147294998
4368124928.0,-0.12879487872123718
4369062400.0,-0.13274797797203064
4369999872.0,-0.13702307641506195
4370937344.0,-0.14127033948898315
4371874816.0,-0.1454816460609436
4372812288.0,-0.150201678276062
4373749760.0,-0.15364831686019897
4374687744.0,-0.15801775455474854
4375625216.0,-0.1632971316576004
4376562688.0,-0.16972869634628296
4377500160.0,-0.1758870631456375
4378437632.0,-0.1814500391483307
4379375104.0,-0.18823188543319702
4380312576.0,-0.19545117020606995
4381250048.0,-0.20301052927970886
4382187520.0,-0.21175715327262878
4383124992.0,-0.2217252105474472
4384062464.0,-0.23126302659511566
4384999936.0,-0.24173115193843842
4385937408.0,-0.2521282434463501
4386874880.0,-0.32628753781318665
4387812352.0,-0.3347797393798828
4388749824.0,-0.341605007648468
4389687296.0,-0.3459509313106537
4390624768.0,-0.3492717146873474
4391562752.0,-0.3510134816169739
4392500224.0,-0.3510782718658447
4393437696.0,-0.3490297794342041
4394375168.0,-0.3456435799598694
4395312640.0,-0.34169042110443115
4396250112.0,-0.33380505442619324
4397187584.0,-0.3258360028266907
4398125056.0,-0.3166049122810364
4399062528.0,-0.30515116453170776
4400000000.0,-0.2925354838371277
4400937472.0,-0.2774176299571991
4401874944.0,-0.2628166079521179
4402812416.0,-0.24688445031642914
4403749888.0,-0.22917287051677704
4404687360.0,-0.21152473986148834
4405624832.0,-0.1930292546749115
4406562304.0,-0.17510735988616943
4407499776.0,-0.15801841020584106
4408437248.0,-0.14018107950687408
4409375232.0,-0.12247451394796371
4410312704.0,-0.10715824365615845
4411250176.0,-0.09134309738874435
4412187648.0,-0.0774226188659668
4413125120.0,-0.06457618623971939
4414062592.0,-0.05418137460947037
4415000064.0,-0.045031409710645676
4415937536.0,-0.0384715273976326
4416875008.0,-0.0348890982568264
4417812480.0,-0.03302593156695366
4418749952.0,-0.03412556275725365
4419687424.0,-0.03735115006566048
4420624896.0,-0.042652517557144165
4421562368.0,-0.05110068991780281
4422499840.0,-0.06189632788300514
4423437312.0,-0.07380495965480804
4424374784.0,-0.08736958354711533
4425312256.0,-0.10316792130470276
4426250240.0,-0.12189599871635437
4427187712.0,-0.14124979078769684
4428125184.0,-0.1622517704963684
4429062656.0,-0.1838756501674652
4430000128.0,-0.2071283459663391
4430937600.0,-0.23042646050453186
4431875072.0,-0.25307977199554443
4432812544.0,-0.2778584361076355
4433750016.0,-0.3014548122882843
4434687488.0,-0.3251965045928955
4435624960.0,-0.3493806719779968
4436562432.0,-0.3729272782802582
4437499904.0,-0.396207332611084
4438437376.0,-0.4176141023635864
4439374848.0,-0.4389180541038513
4440312320.0,-0.4581072926521301
4441249792.0,-0.4766075015068054
4442187264.0,-0.4927007853984833
4443125248.0,-0.5067507028579712
4444062720.0,-0.5190389752388
4445000192.0,-0.5268805623054504
4445937664.0,-0.5344904661178589
4446875136.0,-0.5458869934082031
4447812608.0,-0.5528230667114258
4448750080.0,-0.5579471588134766
4449687552.0,-0.5624547004699707
4450625024.0,-0.5634101033210754
4451562496.0,-0.5633280277252197
4452499968.0,-0.5599914789199829
4453437440.0,-0.5550796985626221
4454374912.0,-0.5476846694946289
4455312384.0,-0.5407194495201111
4456249856.0,-0.5291807651519775
4457187328.0,-0.5172371864318848
4458124800.0,-0.5026374459266663
4459062272.0,-0.4878777861595154
4460000256.0,-0.4722795784473419
4460937728.0,-0.4553201496601105
4461875200.0,-0.43872225284576416
4462812672.0,-0.4227031171321869
4463750144.0,-0.4059794545173645
4464687616.0,-0.38832342624664307
4465625088.0,-0.371661901473999
4466562560.0,-0.35526344180107117
4467500032.0,-0.3414839804172516
4468437504.0,-0.32754912972450256
4469374976.0,-0.3146848678588867
4470312448.0,-0.3034469783306122
4471249920.0,-0.29434093832969666
4472187392.0,-0.28464949131011963
4473124864.0,-0.2776532769203186
4474062336.0,-0.27299535274505615
4474999808.0,-0.27030083537101746
4475937280.0,-0.2681550979614258
4476874752.0,-0.2683987021446228
4477812736.0,-0.2702769935131073
4478750208.0,-0.2741798162460327
4479687680.0,-0.27928557991981506
4480625152.0,-0.2869882881641388
4481562624.0,-0.2973810136318207
4482500096.0,-0.3090597093105316
4483437568.0,-0.3234733045101166
4484375040.0,-0.34043097496032715
4485312512.0,-0.3605114221572876
4486249984.0,-0.3835585117340088
4487187456.0,-0.40816229581832886
4488124928.0,-0.43438926339149475
4489062400.0,-0.4633808434009552
4489999872.0,-0.4921172261238098
4490937344.0,-0.521938145160675
4491874816.0,-0.5521485209465027
4492812288.0,-0.5839573740959167
4493749760.0,-0.617702305316925
4494687744.0,-0.651279091835022
4495625216.0,-0.6860865950584412
4496562688.0,-0.7197019457817078
4497500160.0,-0.7523448467254639
4498437632.0,-0.7841154336929321
4499375104.0,-0.8134148120880127
4500312576.0,-0.8412907123565674
4501250048.0,-0.8681946396827698
4502187520.0,-0.8930356502532959
4503124992.0,-0.9172937273979187
4504062464.0,-0.9385195970535278
4504999936.0,-0.9595333933830261
4505937408.0,-0.9772800207138062
4506874880.0,-0.943001389503479
4507812352.0,-0.9582913517951965
4508749824.0,-0.9713698625564575
4509687296.0,-0.9817054271697998
4510624768.0,-0.9888158440589905
4511562752.0,-0.9937993884086609
4512500224.0,-0.9940023422241211
4513437696.0,-0.9922993779182434
4514375168.0,-0.9875268340110779
4515312640.0,-0.9800791144371033
4516250112.0,-0.9700207710266113
4517187584.0,-0.9577690362930298
4518125056.0,-0.9456018209457397
4519062528.0,-0.9325621724128723
4520000000.0,-0.9185953736305237
4520937472.0,-0.9031667113304138
4521874944.0,-0.8887577652931213
4522812416.0,-0.871971845626831
4523749888.0,-0.8576810359954834
4524687360.0,-0.8437685966491699
4525624832.0,-0.831119179725647
4526562304.0,-0.8194959759712219
4527499776.0,-0.8093528747558594
4528437248.0,-0.8008531332015991
4529375232.0,-0.7934423685073853
4530312704.0,-0.78834068775177
4531250176.0,-0.7849352955818176
4532187648.0,-0.7856544256210327
4533125120.0,-0.7888485789299011
4534062592.0,-0.7920541167259216
4535000064.0,-0.8009577393531799
4535937536.0,-0.8123218417167664
4536875008.0,-0.827306866645813
4537812480.0,-0.8463207483291626
4538749952.0,-0.8701391220092773
4539687424.0,-0.8983100056648254
4540624896.0,-0.92926424741745
4541562368.0,-0.9626272320747375
4542499840.0,-0.9994494318962097
4543437312.0,-1.0387884378433228
4544374784.0,-1.0811569690704346
4545312256.0,-1.1282840967178345
4546250240.0,-1.1766774654388428
4547187712.0,-1.2291675806045532
4548125184.0,-1.2848106622695923
4549062656.0,-1.341159462928772
4550000128.0,-1.4015450477600098
4550937600.0,-1.4646339416503906
4551875072.0,-1.530276894569397
4552812544.0,-1.5981881618499756
4553750016.0,-1.6693540811538696
4554687488.0,-1.7397491931915283
4555624960.0,-1.8116563558578491
4556562432.0,-1.8845505714416504
4557499904.0,-1.954675555229187
4558437376.0,-2.026447296142578
4559374848.0,-2.0949959754943848
4560312320.0,-2.1643245220184326
4561249792.0,-2.230034828186035
4562187264.0,-2.295645236968994
4563125248.0,-2.359609365463257
4564062720.0,-2.420743465423584
4565000192.0,-2.480760097503662
4565937664.0,-2.5382401943206787
4566875136.0,-2.4182679653167725
4567812608.0,-2.4507997035980225
4568750080.0,-2.4807803630828857
4569687552.0,-2.5102620124816895
4570625024.0,-2.54079008102417
4571562496.0,-2.5713746547698975
4572499968.0,-2.601165294647217
4573437440.0,-2.629164695739746
4574374912.0,-2.656796455383301
4575312384.0,-2.6853296756744385
4576249856.0,-2.716495990753174
4577187328.0,-2.748138427734375
4578124800.0,-2.7818751335144043
4579062272.0,-2.817574977874756
4579999744.0,-2.853943109512329
4580937728.0,-2.8926258087158203
4581875200.0,-2.931229591369629
4582812672.0,-2.9676358699798584
4583750144.0,-3.0041842460632324
4584687616.0,-3.0420923233032227
4585625088.0,-3.0801453590393066
4586562560.0,-3.118941068649292
4587500032.0,-3.1571507453918457
4588437504.0,-3.1956605911254883
4589374976.0,-3.2337706089019775
4590312448.0,-3.272904872894287
4591249920.0,-3.31289005279541
4592187392.0,-3.3535354137420654
4593124864.0,-3.3949553966522217
4594062336.0,-3.4366486072540283
4594999808.0,-3.4804816246032715
4595937280.0,-3.5258946418762207
4596874752.0,-3.5728039741516113
4597812736.0,-3.6208267211914062
4598750208.0,-3.6693155765533447
4599687680.0,-3.7182562351226807
4600625152.0,-3.7725892066955566
4601562624.0,-3.8268301486968994
4602500096.0,-3.8797826766967773
4603437568.0,-3.931190013885498
4604375040.0,-3.978489398956299
4605312512.0,-4.022940158843994
4606249984.0,-4.065108776092529
4607187456.0,-4.1034770011901855
4608124928.0,-4.142054080963135
4609062400.0,-4.1823906898498535
4609999872.0,-4.220403671264648
4610937344.0,-4.256137847900391
4611874816.0,-4.286075115203857
4612812288.0,-4.310758113861084
4613749760.0,-4.335099220275879
4614687744.0,-4.355669021606445
4615625216.0,-4.378042697906494
4616562688.0,-4.395549774169922
4617500160.0,-4.410837650299072
4618437632.0,-4.4223833084106445
4619375104.0,-4.432140827178955
4620312576.0,-4.438839435577393
4621250048.0,-4.444499492645264
4622187520.0,-4.446852684020996
4623124992.0,-4.44414758682251
4624062464.0,-4.440616130828857
4624999936.0,-4.432989597320557
4625937408.0,-4.424896240234375
4626874880.0,-4.599359035491943
4627812352.0,-4.561652660369873
4628749824.0,-4.519094467163086
4629687296.0,-4.466765403747559
4630624768.0,-4.40851354598999
4631562752.0,-4.341876029968262
4632500224.0,-4.267274379730225
4633437696.0,-4.1868767738342285
4634375168.0,-4.102708339691162
4635312640.0,-4.01246976852417
4636250112.0,-3.9173460006713867
4637187584.0,-3.81974458694458
4638125056.0,-3.716790199279785
4639062528.0,-3.6120951175689697
4640000000.0,-3.5072073936462402
4640937472.0,-3.399681568145752
4641874944.0,-3.2941038608551025
4642812416.0,-3.1847994327545166
4643749888.0,-3.075704336166382
4644687360.0,-2.965423583984375
4645624832.0,-2.8546650409698486
4646562304.0,-2.743884563446045
4647499776.0,-2.6322526931762695
4648437248.0,-2.524624824523926
4649375232.0,-2.419306516647339
4650312704.0,-2.319476842880249
4651250176.0,-2.2239439487457275
4652187648.0,-2.1339550018310547
4653125120.0,-2.049213409423828
4654062592.0,-1.9690039157867432
4655000064.0,-1.8929659128189087
4655937536.0,-1.8203508853912354
4656875008.0,-1.7534714937210083
4657812480.0,-1.691690444946289
4658749952.0,-1.6345614194869995
4659687424.0,-1.5829448699951172
4660624896.0,-1.5379129648208618
4661562368.0,-1.4989218711853027
4662499840.0,-1.4641971588134766
4663437312.0,-1.436120867729187
4664374784.0,-1.4095039367675781
4665312256.0,-1.3850630521774292
4666250240.0,-1.363815426826477
4667187712.0,-1.3439040184020996
4668125184.0,-1.3270872831344604
4669062656.0,-1.3135532140731812
4670000128.0,-1.3010987043380737
4670937600.0,-1.2907956838607788
4671875072.0,-1.2828457355499268
4672812544.0,-1.2768328189849854
4673750016.0,-1.2705795764923096
4674687488.0,-1.2631436586380005
4675624960.0,-1.2573469877243042
4676562432.0,-1.2501970529556274
4677499904.0,-1.2425880432128906
4678437376.0,-1.234266996383667
4679374848.0,-1.2229772806167603
4680312320.0,-1.2114228010177612
4681249792.0,-1.1968343257904053
4682187264.0,-1.181969404220581
4683125248.0,-1.1641122102737427
4684062720.0,-1.1446096897125244
4685000192.0,-1.1245828866958618
4685937664.0,-1.101536512374878
4686875136.0,-1.1006025075912476
4687812608.0,-1.0748761892318726
4688750080.0,-1.0478792190551758
4689687552.0,-1.0193285942077637
4690625024.0,-0.9901870489120483
4691562496.0,-0.9606413245201111
4692499968.0,-0.92963707447052
4693437440.0,-0.8980314135551453
4694374912.0,-0.8655092120170593
4695312384.0,-0.8316351771354675
4696249856.0,-0.7981522679328918
4697187328.0,-0.7650993466377258
4698124800.0,-0.7314813733100891
4699062272.0,-0.6986450552940369
4700000256.0,-0.6642091870307922
4700937728.0,-0.6303488612174988
4701875200.0,-0.5993136763572693
4702812672.0,-0.5658625364303589
4703750144.0,-0.534102737903595
4704687616.0,-0.5044730305671692
4705625088.0,-0.4753974974155426
4706562560.0,-0.449131041765213
4707500032.0,-0.423096626996994
4708437504.0,-0.3991301655769348
4709374976.0,-0.3772527575492859
4710312448.0,-0.35664546489715576
4711249920.0,-0.33739981055259705
4712187392.0,-0.3187922537326813
4713124864.0,-0.303701251745224
4714062336.0,-0.29024213552474976
4714999808.0,-0.2789632976055145
4715937280.0,-0.268873929977417
4716874752.0,-0.25966736674308777
4717812736.0,-0.252974271774292
4718750208.0,-0.2495400309562683
4719687680.0,-0.2474052906036377
4720625152.0,-0.24725255370140076
4721562624.0,-0.25004255771636963
4722500096.0,-0.2546325623989105
4723437568.0,-0.26005110144615173
4724375040.0,-0.26943060755729675
4725312512.0,-0.277961403131485
4726249984.0,-0.28780966997146606
4727187456.0,-0.3008062541484833
4728124928.0,-0.31388986110687256
4729062400.0,-0.32844722270965576
4729999872.0,-0.34377801418304443
4730937344.0,-0.36138105392456055
4731874816.0,-0.37829646468162537
4732812288.0,-0.3966822922229767
4733749760.0,-0.41492968797683716
4734687744.0,-0.4334219694137573
4735625216.0,-0.451359361410141
4736562688.0,-0.4696978032588959
4737500160.0,-0.4872535467147827
4738437632.0,-0.5041095018386841
4739375104.0,-0.5206956267356873
4740312576.0,-0.5374755859375
4741250048.0,-0.5517048239707947
4742187520.0,-0.566504716873169
4743124992.0,-0.5794408321380615
4744062464.0,-0.5909803509712219
4744999936.0,-0.5999859571456909
4745937408.0,-0.6100955605506897
4746874880.0,-0.4266183376312256
4747812352.0,-0.4269777834415436
4748749824.0,-0.42633146047592163
4749687296.0,-0.424586683511734
4750624768.0,-0.4214862585067749
4751562752.0,-0.41849833726882935
4752500224.0,-0.4161922037601471
4753437696.0,-0.413019061088562
4754375168.0,-0.4094858765602112
4755312640.0,-0.40544694662094116
4756250112.0,-0.4018978178501129
4757187584.0,-0.39741355180740356
4758125056.0,-0.39187130331993103
4759062528.0,-0.38664647936820984
4760000000.0,-0.3795985281467438
4760937472.0,-0.3725574314594269
4761874944.0,-0.3652428388595581
4762812416.0,-0.3562018871307373
4763749888.0,-0.3465414047241211
4764687360.0,-0.337015837430954
4765624832.0,-0.32734987139701843
4766562304.0,-0.31612586975097656
4767499776.0,-0.3050173819065094
4768437248.0,-0.2936263084411621
4769375232.0,-0.2812257707118988
4770312704.0,-0.2686878740787506
4771250176.0,-0.25463050603866577
4772187648.0,-0.24027132987976074
4773125120.0,-0.22475185990333557
4774062592.0,-0.2085600197315216
4775000064.0,-0.19086700677871704
4775937536.0,-0.17403535544872284
4776875008.0,-0.15543138980865479
4777812480.0,-0.1359393298625946
4778749952.0,-0.11731201410293579
4779687424.0,-0.09730617702007294
4780624896.0,-0.07602856308221817
4781562368.0,-0.05527368187904358
4782499840.0,-0.03377017378807068
4783437312.0,-0.012430574744939804
4784374784.0,0.007869629189372063
4785312256.0,0.02847028337419033
4786250240.0,0.04902388155460358
4787187712.0,0.06796324253082275
4788125184.0,0.08660264313220978
4789062656.0,0.10413356870412827
4790000128.0,0.12048124521970749
4790937600.0,0.13503770530223846
4791875072.0,0.14885541796684265
4792812544.0,0.16006331145763397
4793750016.0,0.169447660446167
4794687488.0,0.1765443980693817
4795624960.0,0.18127718567848206
4796562432.0,0.18365466594696045
4797499904.0,0.1828930824995041
4798437376.0,0.18074657022953033
4799374848.0,0.17453312873840332
4800312320.0,0.16689354181289673
4801249792.0,0.15669672191143036
4802187264.0,0.14312632381916046
4803125248.0,0.12802982330322266
4804062720.0,0.10979536920785904
4805000192.0,0.090196393430233
4805937664.0,0.06814860552549362
4806875136.0,-0.215463325381279
4807812608.0,-0.22002413868904114
4808750080.0,-0.22646936774253845
4809687552.0,-0.23160432279109955
4810625024.0,-0.23737749457359314
4811562496.0,-0.24280065298080444
4812499968.0,-0.24708762764930725
4813437440.0,-0.2520160675048828
4814374912.0,-0.25677475333213806
4815312384.0,-0.2590618431568146
4816249856.0,-0.26263585686683655
4817187328.0,-0.2645989656448364
4818124800.0,-0.26550227403640747
4819062272.0,-0.2651265263557434
4819999744.0,-0.2659573256969452
4820937728.0,-0.26432040333747864
4821875200.0,-0.2616000175476074
4822812672.0,-0.2588096559047699
4823750144.0,-0.253621906042099
4824687616.0,-0.2485065460205078
4825625088.0,-0.24273741245269775
4826562560.0,-0.2354489117860794
4827500032.0,-0.2263132780790329
4828437504.0,-0.21807646751403809
4829374976.0,-0.20913946628570557
4830312448.0,-0.19850154221057892
4831249920.0,-0.18957896530628204
4832187392.0,-0.17854727804660797
4833124864.0,-0.16808030009269714
4834062336.0,-0.1565922349691391
4834999808.0,-0.14580564200878143
4835937280.0,-0.1358444094657898
4836874752.0,-0.12563055753707886
4837812736.0,-0.11660763621330261
4838750208.0,-0.108365498483181
4839687680.0,-0.10081717371940613
4840625152.0,-0.09381897002458572
4841562624.0,-0.08820763975381851
4842500096.0,-0.0844733938574791
4843437568.0,-0.08154446631669998
4844375040.0,-0.0800347551703453
4845312512.0,-0.07977336645126343
4846249984.0,-0.08179301768541336
4847187456.0,-0.0857229232788086
4848124928.0,-0.0909053310751915
4849062400.0,-0.09697002172470093
4849999872.0,-0.10417824238538742
4850937344.0,-0.11316139996051788
4851874816.0,-0.12352655082941055
4852812288.0,-0.13513480126857758
4853749760.0,-0.14737802743911743
4854687744.0,-0.16042427718639374
4855625216.0,-0.1740054339170456
4856562688.0,-0.18873605132102966
4857500160.0,-0.2028815746307373
4858437632.0,-0.21702536940574646
4859375104.0,-0.2324875295162201
4860312576.0,-0.24622032046318054
4861250048.0,-0.25968900322914124
4862187520.0,-0.2715250551700592
4863124992.0,-0.28426167368888855
4864062464.0,-0.29483577609062195
4864999936.0,-0.30432063341140747
4865937408.0,-0.3112387955188751
4866874880.0,-0.29682403802871704
4867812352.0,-0.30373796820640564
4868749824.0,-0.3099616467952728
4869687296.0,-0.31505510210990906
4870624768.0,-0.31930673122406006
4871562752.0,-0.3227764368057251
4872500224.0,-0.32537367939949036
4873437696.0,-0.32695886492729187
4874375168.0,-0.32744789123535156
4875312640.0,-0.32721540331840515
4876250112.0,-0.32589229941368103
4877187584.0,-0.3225145637989044
4878125056.0,-0.31857985258102417
4879062528.0,-0.314473420381546
4880000000.0,-0.3081023395061493
4880937472.0,-0.30171826481819153
4881874944.0,-0.2938598692417145
4882812416.0,-0.28516849875450134
4883749888.0,-0.27610698342323303
4884687360.0,-0.2653297781944275
4885624832.0,-0.25450313091278076
4886562304.0,-0.24279600381851196
4887499776.0,-0.2303672879934311
4888437248.0,-0.21810758113861084
4889375232.0,-0.20397233963012695
4890312704.0,-0.190855011343956
4891250176.0,-0.17640455067157745
4892187648.0,-0.1638159155845642
4893125120.0,-0.14915910363197327
4894062592.0,-0.13498415052890778
4895000064.0,-0.12153809517621994
4895937536.0,-0.10791437327861786
4896875008.0,-0.09431232511997223
4897812480.0,-0.08070144802331924
4898749952.0,-0.06854929029941559
4899687424.0,-0.05574392154812813
4900624896.0,-0.045336734503507614
4901562368.0,-0.03293783217668533
4902499840.0,-0.023881813511252403
4903437312.0,-0.01458177249878645
4904374784.0,-0.006365437991917133
4905312256.0,0.0003896331472788006
4906250240.0,0.0071559567004442215
4907187712.0,0.011000925675034523
4908125184.0,0.01376640796661377
4909062656.0,0.01479100901633501
4910000128.0,0.015352554619312286
4910937600.0,0.014454672113060951
4911875072.0,0.012190365232527256
4912812544.0,0.008482875302433968
4913750016.0,0.003881061915308237
4914687488.0,-0.0022871484979987144
4915624960.0,-0.008300361223518848
4916562432.0,-0.01654827781021595
4917499904.0,-0.025237256661057472
4918437376.0,-0.03351214900612831
4919374848.0,-0.044478241354227066
4920312320.0,-0.054967015981674194
4921249792.0,-0.06677282601594925
4922187264.0,-0.07824689894914627
4923125248.0,-0.08989821374416351
4924062720.0,-0.10303890705108643
4925000192.0,-0.1163485124707222
4925937664.0,-0.17957009375095367
4926875136.0,-0.18115156888961792
4927812608.0,-0.1809874027967453
4928750080.0,-0.18233448266983032
4929687552.0,-0.18336188793182373
4930625024.0,-0.18341991305351257
4931562496.0,-0.18328896164894104
4932499968.0,-0.18390120565891266
4933437440.0,-0.18329264223575592
4934374912.0,-0.1830405294895172
4935312384.0,-0.18100515007972717
4936249856.0,-0.17921333014965057
4937187328.0,-0.17581158876419067
4938124800.0,-0.1724301427602768
4939062272.0,-0.1685217022895813
4940000256.0,-0.16359899938106537
4940937728.0,-0.15762092173099518
4941875200.0,-0.15154659748077393
4942812672.0,-0.14456893503665924
4943750144.0,-0.13763447105884552
4944687616.0,-0.12863920629024506
4945625088.0,-0.1217435970902443
4946562560.0,-0.11193153262138367
4947500032.0,-0.10158050060272217
4948437504.0,-0.09078457951545715
4949374976.0,-0.08025181293487549
4950312448.0,-0.07035163044929504
4951249920.0,-0.059242814779281616
4952187392.0,-0.0480680875480175
4953124864.0,-0.03790777176618576
4954062336.0,-0.02697918377816677
4954999808.0,-0.01620028167963028
4955937280.0,-0.006717548705637455
4956874752.0,0.0024377391673624516
4957812736.0,0.011190173216164112
4958750208.0,0.019368989393115044
4959687680.0,0.027683259919285774
4960625152.0,0.03405720368027687
4961562624.0,0.03990109637379646
4962500096.0,0.04492765665054321
4963437568.0,0.04850174859166145
4964375040.0,0.051362670958042145
4965312512.0,0.05221860110759735
4966249984.0,0.05229843035340309
4967187456.0,0.05094470828771591
4968124928.0,0.04995579645037651
4969062400.0,0.04603058844804764
4969999872.0,0.04111277684569359
4970937344.0,0.036473486572504044
4971874816.0,0.02994452603161335
4972812288.0,0.022556375712156296
4973749760.0,0.014882848598062992
4974687744.0,0.00545259565114975
4975625216.0,-0.003911901265382767
4976562688.0,-0.013316325843334198
4977500160.0,-0.023504789918661118
4978437632.0,-0.03413538262248039
4979375104.0,-0.044275153428316116
4980312576.0,-0.05494065582752228
4981250048.0,-0.0656815618276596
4982187520.0,-0.07525575160980225
4983124992.0,-0.08472555875778198
4984062464.0,-0.09290768951177597
4984999936.0,-0.1012221947312355
4985937408.0,-0.14497913420200348
4986874880.0,-0.15472589433193207
4987812352.0,-0.164175346493721
4988749824.0,-0.17296633124351501
4989687296.0,-0.18033401668071747
4990624768.0,-0.1856139451265335
4991562752.0,-0.1904696524143219
4992500224.0,-0.1932731717824936
4993437696.0,-0.19544458389282227
4994375168.0,-0.19569805264472961
4995312640.0,-0.19465553760528564
4996250112.0,-0.19285324215888977
4997187584.0,-0.1914554089307785
4998125056.0,-0.18675565719604492
4999062528.0,-0.18100033700466156
5000000000.0,-0.17557963728904724
5000937472.0,-0.1682959645986557
5001874944.0,-0.159471333026886
5002812416.0,-0.14999067783355713
5003749888.0,-0.14038068056106567
5004687360.0,-0.13046908378601074
5005624832.0,-0.11852741241455078
5006562304.0,-0.10704262554645538
5007499776.0,-0.09609482437372208
5008437248.0,-0.08321153372526169
5009375232.0,-0.07179764658212662
5010312704.0,-0.05958562716841698
5011250176.0,-0.04799119383096695
5012187648.0,-0.03616401553153992
5013125120.0,-0.026200169697403908
5014062592.0,-0.01413840800523758
5015000064.0,-0.004232502542436123
5015937536.0,0.005467311944812536
5016875008.0,0.015153960324823856
5017812480.0,0.02371806837618351
5018749952.0,0.03098115138709545
5019687424.0,0.036389924585819244
5020624896.0,0.04362897947430611
5021562368.0,0.046469978988170624
5022499840.0,0.05031009763479233
5023437312.0,0.05260520800948143
5024374784.0,0.05448552966117859
5025312256.0,0.053849052637815475
5026250240.0,0.05333492159843445
5027187712.0,0.05111562833189964
5028125184.0,0.04933483526110649
5029062656.0,0.04602448642253876
5030000128.0,0.04211768880486488
5030937600.0,0.03768635168671608
5031875072.0,0.03227991238236427
5032812544.0,0.026855681091547012
5033750016.0,0.021059857681393623
5034687488.0,0.013930592685937881
5035624960.0,0.007281176280230284
5036562432.0,-0.0006475177360698581
5037499904.0,-0.008817809633910656
5038437376.0,-0.01738768443465233
5039374848.0,-0.026166191324591637
5040312320.0,-0.03528928756713867
5041249792.0,-0.04360304772853851
5042187264.0,-0.05232718586921692
5043125248.0,-0.06160509213805199
5044062720.0,-0.07031486183404922
5045000192.0,-0.07903068512678146
5045937664.0,-0.09695059806108475
5046875136.0,-0.1062103882431984
5047812608.0,-0.11470381915569305
5048750080.0,-0.1231016218662262
5049687552.0,-0.12934182584285736
5050625024.0,-0.13616664707660675
5051562496.0,-0.14190974831581116
5052499968.0,-0.1477939784526825
5053437440.0,-0.15349356830120087
5054374912.0,-0.15734057128429413
5055312384.0,-0.16256467998027802
5056249856.0,-0.1659298986196518
5057187328.0,-0.16797251999378204
5058124800.0,-0.17045797407627106
5059062272.0,-0.17168588936328888
5059999744.0,-0.17237301170825958
5060937728.0,-0.17244844138622284
5061875200.0,-0.171620711684227
5062812672.0,-0.1698826253414154
5063750144.0,-0.1676715910434723
5064687616.0,-0.16399520635604858
5065625088.0,-0.1607561707496643
5066562560.0,-0.1565401703119278
5067500032.0,-0.15120182931423187
5068437504.0,-0.1447816640138626
5069374976.0,-0.13893966376781464
5070312448.0,-0.13140085339546204
5071249920.0,-0.1255716234445572
5072187392.0,-0.11890412122011185
5073124864.0,-0.11082251369953156
5074062336.0,-0.10354754328727722
5074999808.0,-0.09650826454162598
5075937280.0,-0.0893472284078598
5076874752.0,-0.08215312659740448
5077812736.0,-0.07459220290184021
5078750208.0,-0.06883030384778976
5079687680.0,-0.06161940097808838
5080625152.0,-0.0562775544822216
5081562624.0,-0.05162987858057022
5082500096.0,-0.04681987315416336
5083437568.0,-0.04274630546569824
5084375040.0,-0.038673073053359985
5085312512.0,-0.035143740475177765
5086249984.0,-0.03227246552705765
5087187456.0,-0.029420850798487663
5088124928.0,-0.02724490687251091
5089062400.0,-0.02607472613453865
5089999872.0,-0.02489319071173668
5090937344.0,-0.023537132889032364
5091874816.0,-0.022683534771203995
5092812288.0,-0.023189727216959
5093749760.0,-0.023616351187229156
5094687744.0,-0.024784285575151443
5095625216.0,-0.026326140388846397
5096562688.0,-0.028075430542230606
5097500160.0,-0.030658230185508728
5098437632.0,-0.033434610813856125
5099375104.0,-0.03583286330103874
5100312576.0,-0.04010889306664467
5101250048.0,-0.04384618625044823
5102187520.0,-0.04694189131259918
5103124992.0,-0.051155008375644684
5104062464.0,-0.0545184426009655
5104999936.0,-0.05896701663732529
5105937408.0,-0.1317722052335739
5106874880.0,-0.13698223233222961
5107812352.0,-0.14199359714984894
5108749824.0,-0.14622029662132263
5109687296.0,-0.14891916513442993
5110624768.0,-0.15121148526668549
5111562752.0,-0.15345364809036255
5112500224.0,-0.15340197086334229
5113437696.0,-0.15478335320949554
5114375168.0,-0.15415529906749725
5115312640.0,-0.15270313620567322
5116250112.0,-0.151191845536232
5117187584.0,-0.14880302548408508
5118125056.0,-0.14572469890117645
5119062528.0,-0.14160330593585968
5120000000.0,-0.1382148414850235
5120937472.0,-0.13403448462486267
5121874944.0,-0.12898147106170654
5122812416.0,-0.12419770658016205
5123749888.0,-0.11890643835067749
5124687360.0,-0.11369381844997406
5125624832.0,-0.10820291191339493
5126562304.0,-0.10367410629987717
5127499776.0,-0.0975111648440361
5128437248.0,-0.09225600957870483
5129375232.0,-0.0880093052983284
5130312704.0,-0.0840202048420906
5131250176.0,-0.07786782830953598
5132187648.0,-0.0729299858212471
5133125120.0,-0.06796395778656006
5134062592.0,-0.06430321931838989
5135000064.0,-0.06075788661837578
5135937536.0,-0.05783602595329285
5136875008.0,-0.05514704808592796
5137812480.0,-0.05291784554719925
5138749952.0,-0.0514906607568264
5139687424.0,-0.05006951838731766
5140624896.0,-0.04981023818254471
5141562368.0,-0.0495653972029686
5142499840.0,-0.04919224604964256
5143437312.0,-0.050912629812955856
5144374784.0,-0.05189333111047745
5145312256.0,-0.05415279418230057
5146250240.0,-0.057067278772592545
5147187712.0,-0.06017486751079559
5148125184.0,-0.06410824507474899
5149062656.0,-0.06903918087482452
5150000128.0,-0.07502859830856323
5150937600.0,-0.07937092334032059
5151875072.0,-0.08442137390375137
5152812544.0,-0.08938845247030258
5153750016.0,-0.09531750530004501
5154687488.0,-0.10180296003818512
5155624960.0,-0.10816925019025803
5156562432.0,-0.11515992134809494
5157499904.0,-0.12103934586048126
5158437376.0,-0.1297742873430252
5159374848.0,-0.13754841685295105
5160312320.0,-0.14525581896305084
5161249792.0,-0.15279418230056763
5162187264.0,-0.16177493333816528
5163125248.0,-0.17193177342414856
5164062720.0,-0.18104195594787598
5165000192.0,-0.19008858501911163
5165937664.0,-0.19006556272506714
5166875136.0,-0.20159286260604858
5167812608.0,-0.21258191764354706
5168750080.0,-0.2220572978258133
5169687552.0,-0.23107002675533295
5170625024.0,-0.2390691190958023
5171562496.0,-0.24417580664157867
5172499968.0,-0.24863401055335999
5173437440.0,-0.25166961550712585
5174374912.0,-0.25252121686935425
5175312384.0,-0.2531313896179199
5176249856.0,-0.25150349736213684
5177187328.0,-0.2495126873254776
5178124800.0,-0.24595628678798676
5179062272.0,-0.24189943075180054
5180000256.0,-0.2358504831790924
5180937728.0,-0.2291201502084732
5181875200.0,-0.22203586995601654
5182812672.0,-0.21285273134708405
5183750144.0,-0.20417068898677826
5184687616.0,-0.19374532997608185
5185625088.0,-0.18300993740558624
5186562560.0,-0.1715775579214096
5187500032.0,-0.16021063923835754
5188437504.0,-0.14787328243255615
5189374976.0,-0.1354636251926422
5190312448.0,-0.12184172868728638
5191249920.0,-0.10970547050237656
5192187392.0,-0.09725341200828552
5193124864.0,-0.08443114161491394
5194062336.0,-0.07237277925014496
5194999808.0,-0.06104675680398941
5195937280.0,-0.04943707957863808
5196874752.0,-0.0385676734149456
5197812736.0,-0.02872883528470993
5198750208.0,-0.018384499475359917
5199687680.0,-0.010311835445463657
5200625152.0,-0.0026483903639018536
5201562624.0,0.004075339995324612
5202500096.0,0.009884985163807869
5203437568.0,0.014660506509244442
5204375040.0,0.017415890470147133
5205312512.0,0.019733503460884094
5206249984.0,0.021154679358005524
5207187456.0,0.020922400057315826
5208124928.0,0.019480770453810692
5209062400.0,0.017273373901844025
5209999872.0,0.014065790921449661
5210937344.0,0.008035077713429928
5211874816.0,0.0019431826658546925
5212812288.0,-0.005245872773230076
5213749760.0,-0.015201186761260033
5214687744.0,-0.02481432445347309
5215625216.0,-0.037133194506168365
5216562688.0,-0.048218682408332825
5217500160.0,-0.06269746273756027
5218437632.0,-0.07766666263341904
5219375104.0,-0.09430426359176636
5220312576.0,-0.10926087200641632
5221250048.0,-0.1262623518705368
5222187520.0,-0.14237165451049805
5223124992.0,-0.15961340069770813
5224062464.0,-0.17701348662376404
5224999936.0,-0.19373205304145813
5225937408.0,-0.20276907086372375
5226874880.0,-0.21804925799369812
5227812352.0,-0.23124225437641144
5228749824.0,-0.24431286752223969
5229687296.0,-0.2555232644081116
5230624768.0,-0.266655296087265
5231562752.0,-0.27467820048332214
5232500224.0,-0.28129327297210693
5233437696.0,-0.2869858741760254
5234375168.0,-0.2909434139728546
5235312640.0,-0.29327940940856934
5236250112.0,-0.2927708923816681
5237187584.0,-0.2902069091796875
5238125056.0,-0.2872668504714966
5239062528.0,-0.2811700105667114
5240000000.0,-0.274528443813324
5240937472.0,-0.26568135619163513
5241874944.0,-0.25417399406433105
5242812416.0,-0.2422592043876648
5243749888.0,-0.2298598438501358
5244687360.0,-0.2156538963317871
5245624832.0,-0.2005336582660675
5246562304.0,-0.18477202951908112
5247499776.0,-0.16826559603214264
5248437248.0,-0.1509493738412857
5249375232.0,-0.133274108171463
5250312704.0,-0.11550930887460709
5251250176.0,-0.09928862750530243
5252187648.0,-0.08171728998422623
5253125120.0,-0.06539183109998703
5254062592.0,-0.0487481988966465
5255000064.0,-0.033185310661792755
5255937536.0,-0.018506711348891258
5256875008.0,-0.004831553902477026
5257812480.0,0.006407564505934715
5258749952.0,0.01827164925634861
5259687424.0,0.027296848595142365
5260624896.0,0.035821665078401566
5261562368.0,0.04282175377011299
5262499840.0,0.047262419015169144
5263437312.0,0.051282599568367004
5264374784.0,0.053501907736063004
5265312256.0,0.054627902805805206
5266250240.0,0.05432821437716484
5267187712.0,0.05228827893733978
5268125184.0,0.048493754118680954
5269062656.0,0.044085659086704254
5270000128.0,0.03801969811320305
5270937600.0,0.03122880309820175
5271875072.0,0.023122448474168777
5272812544.0,0.014163246378302574
5273750016.0,0.003871621796861291
5274687488.0,-0.007956085726618767
5275624960.0,-0.020066889002919197
5276562432.0,-0.03314828500151634
5277499904.0,-0.04630303382873535
5278437376.0,-0.061498772352933884
5279374848.0,-0.07499336451292038
5280312320.0,-0.08974403887987137
5281249792.0,-0.1052250936627388
5282187264.0,-0.12161534279584885
5283125248.0,-0.1371859610080719
5284062720.0,-0.1531507819890976
5285000192.0,-0.16956859827041626
5285937664.0,-0.1965084820985794
5286875136.0,-0.21068327128887177
5287812608.0,-0.2255963683128357
5288750080.0,-0.24016481637954712
5289687552.0,-0.25414323806762695
5290625024.0,-0.26790469884872437
5291562496.0,-0.28095608949661255
5292499968.0,-0.2949862778186798
5293437440.0,-0.3082520067691803
5294374912.0,-0.32086074352264404
5295312384.0,-0.3326430022716522
5296249856.0,-0.34282711148262024
5297187328.0,-0.3510749042034149
5298124800.0,-0.3584885895252228
5299062272.0,-0.3643665313720703
5299999744.0,-0.3699910640716553
5300937728.0,-0.3730028569698334
5301875200.0,-0.37360119819641113
5302812672.0,-0.37504008412361145
5303750144.0,-0.3737219274044037
5304687616.0,-0.36967241764068604
5305625088.0,-0.36654889583587646
5306562560.0,-0.35964056849479675
5307500032.0,-0.3534919321537018
5308437504.0,-0.3456273376941681
5309374976.0,-0.33518552780151367
5310312448.0,-0.32517287135124207
5311249920.0,-0.3129740059375763
5312187392.0,-0.29918864369392395
5313124864.0,-0.28556448221206665
5314062336.0,-0.2695120871067047
5314999808.0,-0.2533540725708008
5315937280.0,-0.2365037053823471
5316874752.0,-0.22022370994091034
5317812736.0,-0.20106390118598938
5318750208.0,-0.18286365270614624
5319687680.0,-0.16576796770095825
5320625152.0,-0.14677444100379944
5321562624.0,-0.12862823903560638
5322500096.0,-0.10974457859992981
5323437568.0,-0.09228150546550751
5324375040.0,-0.07460281252861023
5325312512.0,-0.0570666678249836
5326249984.0,-0.04056686535477638
5327187456.0,-0.0256869625300169
5328124928.0,-0.010989976115524769
5329062400.0,0.002812381833791733
5329999872.0,0.014644747599959373
5330937344.0,0.02616213448345661
5331874816.0,0.036858364939689636
5332812288.0,0.04176315292716026
5333749760.0,0.045930471271276474
5334687744.0,0.04784832522273064
5335625216.0,0.04769369587302208
5336562688.0,0.04700764641165733
5337500160.0,0.04316827654838562
5338437632.0,0.037473104894161224
5339375104.0,0.029983794316649437
5340312576.0,0.01973828487098217
5341250048.0,0.006680389866232872
5342187520.0,-0.006961687933653593
5343124992.0,-0.024018578231334686
5344062464.0,-0.042102474719285965
5344999936.0,-0.06245019659399986
5345937408.0,-0.3459760248661041
5346874880.0,-0.3611155152320862
5347812352.0,-0.37494418025016785
5348749824.0,-0.3893124461174011
5349687296.0,-0.40323227643966675
5350624768.0,-0.41434603929519653
5351562752.0,-0.4263337254524231
5352500224.0,-0.4374238848686218
5353437696.0,-0.44652217626571655
5354375168.0,-0.4548577070236206
5355312640.0,-0.46182671189308167
5356250112.0,-0.4667854309082031
5357187584.0,-0.4707483947277069
5358125056.0,-0.4721199870109558
5359062528.0,-0.4722670018672943
5360000000.0,-0.46894824504852295
5360937472.0,-0.46443474292755127
5361874944.0,-0.4593403935432434
5362812416.0,-0.45233142375946045
5363749888.0,-0.4430052936077118
5364687360.0,-0.43296146392822266
5365624832.0,-0.42117199301719666
5366562304.0,-0.4073328971862793
5367499776.0,-0.3933807611465454
5368437248.0,-0.3786762058734894
5369375232.0,-0.3629715144634247
5370312704.0,-0.34523099660873413
5371250176.0,-0.32886388897895813
5372187648.0,-0.3109491467475891
5373125120.0,-0.29346561431884766
5374062592.0,-0.27450618147850037
5375000064.0,-0.2565551996231079
5375937536.0,-0.23752696812152863
5376875008.0,-0.21983551979064941
5377812480.0,-0.20234902203083038
5378749952.0,-0.18492457270622253
5379687424.0,-0.16841807961463928
5380624896.0,-0.15341581404209137
5381562368.0,-0.13668020069599152
5382499840.0,-0.12360405176877975
5383437312.0,-0.10897812247276306
5384374784.0,-0.09688830375671387
5385312256.0,-0.08485285937786102
5386250240.0,-0.075865238904953
5387187712.0,-0.0669047012925148
5388125184.0,-0.062032848596572876
5389062656.0,-0.05859292298555374
5390000128.0,-0.05771886929869652
5390937600.0,-0.059284500777721405
5391875072.0,-0.06250794231891632
5392812544.0,-0.06866300106048584
5393750016.0,-0.07685995101928711
5394687488.0,-0.08662749081850052
5395624960.0,-0.09813673794269562
5396562432.0,-0.11383530497550964
5397499904.0,-0.12882934510707855
5398437376.0,-0.14752687513828278
5399374848.0,-0.16721366345882416
5400312320.0,-0.187744602560997
5401249792.0,-0.20875519514083862
5402187264.0,-0.23090727627277374
5403125248.0,-0.2525953948497772
5404062720.0,-0.2744438052177429
5405000192.0,-0.2955925166606903
5405937664.0,-0.3404994606971741
5406875136.0,-0.3549855351448059
5407812608.0,-0.3690603971481323
5408750080.0,-0.3797568082809448
5409687552.0,-0.39036402106285095
5410625024.0,-0.3980298340320587
5411562496.0,-0.40375202894210815
5412499968.0,-0.40835094451904297
5413437440.0,-0.4099763035774231
5414374912.0,-0.40946534276008606
5415312384.0,-0.40661174058914185
5416249856.0,-0.40054404735565186
5417187328.0,-0.3920857906341553
5418124800.0,-0.38212522864341736
5419062272.0,-0.36980387568473816
5420000256.0,-0.35554835200309753
5420937728.0,-0.33911651372909546
5421875200.0,-0.32296520471572876
5422812672.0,-0.3036463260650635
5423750144.0,-0.28504762053489685
5424687616.0,-0.264541357755661
5425625088.0,-0.24319887161254883
5426562560.0,-0.22143271565437317
5427500032.0,-0.19968706369400024
5428437504.0,-0.1768447905778885
5429374976.0,-0.15624500811100006
5430312448.0,-0.13423366844654083
5431249920.0,-0.11484094709157944
5432187392.0,-0.09631500393152237
5433124864.0,-0.07924836874008179
5434062336.0,-0.06347624957561493
5434999808.0,-0.051172204315662384
5435937280.0,-0.038766320794820786
5436874752.0,-0.030251743271946907
5437812736.0,-0.022612379863858223
5438750208.0,-0.01676163636147976
5439687680.0,-0.013952000997960567
5440625152.0,-0.01397070661187172
5441562624.0,-0.01493909116834402
5442500096.0,-0.02104029431939125
5443437568.0,-0.02735018916428089
5444375040.0,-0.037975143641233444
5445312512.0,-0.049185868352651596
5446249984.0,-0.06463413685560226
5447187456.0,-0.08121004700660706
5448124928.0,-0.10019783675670624
5449062400.0,-0.1210593581199646
5449999872.0,-0.14464999735355377
5450937344.0,-0.16890713572502136
5451874816.0,-0.19506637752056122
5452812288.0,-0.2213408648967743
5453749760.0,-0.24954256415367126
5454687744.0,-0.2779821753501892
5455625216.0,-0.30678266286849976
5456562688.0,-0.3363476097583771
5457500160.0,-0.3650328814983368
5458437632.0,-0.3926943838596344
5459375104.0,-0.4197481572628021
5460312576.0,-0.4444082975387573
5461250048.0,-0.4676370322704315
5462187520.0,-0.4891078770160675
5463124992.0,-0.509932816028595
5464062464.0,-0.5281014442443848
5464999936.0,-0.5433986783027649
5465937408.0,-0.4675566554069519
5466874880.0,-0.4819658100605011
5467812352.0,-0.49473172426223755
5468749824.0,-0.5053611993789673
5469687296.0,-0.5138720870018005
5470624768.0,-0.5201631784439087
5471562752.0,-0.5247440934181213
5472500224.0,-0.5255493521690369
5473437696.0,-0.523524820804596
5474375168.0,-0.5188378691673279
5475312640.0,-0.5113565325737
5476250112.0,-0.5022242069244385
5477187584.0,-0.4898563027381897
5478125056.0,-0.47636064887046814
5479062528.0,-0.4594312906265259
5480000000.0,-0.4416954815387726
5480937472.0,-0.4222804307937622
5481874944.0,-0.4027123749256134
5482812416.0,-0.3806433379650116
5483749888.0,-0.35821276903152466
5484687360.0,-0.33682191371917725
5485624832.0,-0.31433993577957153
5486562304.0,-0.29307791590690613
5487499776.0,-0.27192068099975586
5488437248.0,-0.25179144740104675
5489375232.0,-0.23263241350650787
5490312704.0,-0.21543556451797485
5491250176.0,-0.19938962161540985
5492187648.0,-0.1850554645061493
5493125120.0,-0.17191849648952484
5494062592.0,-0.16173352301120758
5495000064.0,-0.15476977825164795
5495937536.0,-0.1498979926109314
5496875008.0,-0.14744478464126587
5497812480.0,-0.14752137660980225
5498749952.0,-0.149503692984581
5499687424.0,-0.15383848547935486
5500624896.0,-0.16051124036312103
5501562368.0,-0.17023886740207672
5502499840.0,-0.1824570894241333
5503437312.0,-0.1963966190814972
5504374784.0,-0.21349211037158966
5505312256.0,-0.2325865477323532
5506250240.0,-0.2542133331298828
5507187712.0,-0.2771266996860504
5508125184.0,-0.30270150303840637
5509062656.0,-0.3291994333267212
5510000128.0,-0.35956013202667236
5510937600.0,-0.39150264859199524
5511875072.0,-0.4239034056663513
5512812544.0,-0.4574701189994812
5513750016.0,-0.49087730050086975
5514687488.0,-0.5237916111946106
5515624960.0,-0.5576412677764893
5516562432.0,-0.5907535552978516
5517499904.0,-0.6248587369918823
5518437376.0,-0.6559171080589294
5519374848.0,-0.6860443949699402
5520312320.0,-0.7172113060951233
5521249792.0,-0.7463438510894775
5522187264.0,-0.7753540277481079
5523125248.0,-0.8029158711433411
5524062720.0,-0.8300237059593201
5525000192.0,-0.8584245443344116
5525937664.0,-0.7323183417320251
5526875136.0,-0.7433103919029236
5527812608.0,-0.7552624940872192
5528750080.0,-0.7700069546699524
5529687552.0,-0.7844837307929993
5530625024.0,-0.8014086484909058
5531562496.0,-0.8192029595375061
5532499968.0,-0.8381927609443665
5533437440.0,-0.8584253191947937
5534374912.0,-0.8808004260063171
5535312384.0,-0.903721809387207
5536249856.0,-0.9281165599822998
5537187328.0,-0.9503927826881409
5538124800.0,-0.9741979837417603
5539062272.0,-0.9967043995857239
5539999744.0,-1.017866849899292
5540937728.0,-1.0340721607208252
5541875200.0,-1.0503032207489014
5542812672.0,-1.0627247095108032
5543750144.0,-1.0716012716293335
5544687616.0,-1.07650625705719
5545625088.0,-1.077359676361084
5546562560.0,-1.0741217136383057
5547500032.0,-1.067442536354065
5548437504.0,-1.0565531253814697
5549374976.0,-1.0414260625839233
5550312448.0,-1.0226846933364868
5551249920.0,-0.9997133016586304
5552187392.0,-0.9757263660430908
5553124864.0,-0.9478313326835632
5554062336.0,-0.9178177118301392
5554999808.0,-0.8863125443458557
5555937280.0,-0.8557071685791016
5556874752.0,-0.8245113492012024
5557812736.0,-0.7930148839950562
5558750208.0,-0.7635189890861511
5559687680.0,-0.7347197532653809
5560625152.0,-0.7076572775840759
5561562624.0,-0.6806235909461975
5562500096.0,-0.6554605960845947
5563437568.0,-0.6335847973823547
5564375040.0,-0.6126757264137268
5565312512.0,-0.5957483053207397
5566249984.0,-0.5802245140075684
5567187456.0,-0.566662609577179
5568124928.0,-0.552493691444397
5569062400.0,-0.5405440926551819
5569999872.0,-0.527488648891449
5570937344.0,-0.515961766242981
5571874816.0,-0.5048120021820068
5572812288.0,-0.4930822551250458
5573749760.0,-0.482390433549881
5574687744.0,-0.47327443957328796
5575625216.0,-0.4647621810436249
5576562688.0,-0.45792803168296814
5577500160.0,-0.4529530704021454
5578437632.0,-0.4488537013530731
5579375104.0,-0.4465726613998413
5580312576.0,-0.44610100984573364
5581250048.0,-0.44608211517333984
5582187520.0,-0.44767898321151733
5583124992.0,-0.4489043951034546
5584062464.0,-0.45100927352905273
5584999936.0,-0.45274055004119873
5585937408.0,-0.4289401173591614
5586874880.0,-0.41943058371543884
5587812352.0,-0.4089292883872986
5588749824.0,-0.39635169506073
5589687296.0,-0.3828611671924591
5590624768.0,-0.3682088553905487
5591562752.0,-0.35184115171432495
5592500224.0,-0.33501186966896057
5593437696.0,-0.31722351908683777
5594375168.0,-0.29880595207214355
5595312640.0,-0.2798157036304474
5596250112.0,-0.26006585359573364
5597187584.0,-0.24019889533519745
5598125056.0,-0.22095394134521484
5599062528.0,-0.20141445100307465
5600000000.0,-0.18163657188415527
5600937472.0,-0.16411107778549194
5601874944.0,-0.14674240350723267
5602812416.0,-0.13008268177509308
5603749888.0,-0.1152375265955925
5604687360.0,-0.10218814015388489
5605624832.0,-0.08940497040748596
5606562304.0,-0.07937096059322357
5607499776.0,-0.07004562765359879
5608437248.0,-0.06395618617534637
5609375232.0,-0.05863649770617485
5610312704.0,-0.05460282042622566
5611250176.0,-0.0523795522749424
5612187648.0,-0.05175855755805969
5613125120.0,-0.053344834595918655
5614062592.0,-0.056288085877895355
5615000064.0,-0.06081251800060272
5615937536.0,-0.06760621815919876
5616875008.0,-0.07514234632253647
5617812480.0,-0.08532894402742386
5618749952.0,-0.09560135006904602
5619687424.0,-0.10684565454721451
5620624896.0,-0.11862350255250931
5621562368.0,-0.1313348114490509
5622499840.0,-0.14516402781009674
5623437312.0,-0.15821553766727448
5624374784.0,-0.17249862849712372
5625312256.0,-0.1870277374982834
5626250240.0,-0.2005833238363266
5627187712.0,-0.21378934383392334
5628125184.0,-0.22650909423828125
5629062656.0,-0.23763959109783173
5630000128.0,-0.24856282770633698
5630937600.0,-0.25858375430107117
5631875072.0,-0.26719632744789124
5632812544.0,-0.27435147762298584
5633750016.0,-0.28039422631263733
5634687488.0,-0.2844940423965454
5635624960.0,-0.28707611560821533
5636562432.0,-0.2869856059551239
5637499904.0,-0.28659239411354065
5638437376.0,-0.28342440724372864
5639374848.0,-0.27872177958488464
5640312320.0,-0.27220413088798523
5641249792.0,-0.2645285725593567
5642187264.0,-0.2557290196418762
5643125248.0,-0.24548162519931793
5644062720.0,-0.23437270522117615
5645000192.0,-0.22177915275096893
5645937664.0,-0.18539246916770935
5646875136.0,-0.1897866427898407
5647812608.0,-0.19139963388442993
5648750080.0,-0.1926458477973938
5649687552.0,-0.19227102398872375
5650625024.0,-0.19004258513450623
5651562496.0,-0.18699583411216736
5652499968.0,-0.18205974996089935
5653437440.0,-0.17703546583652496
5654374912.0,-0.17109721899032593
5655312384.0,-0.16481058299541473
5656249856.0,-0.1568952351808548
5657187328.0,-0.14958997070789337
5658124800.0,-0.1416732221841812
5659062272.0,-0.13321097195148468
5660000256.0,-0.1260397881269455
5660937728.0,-0.11854709684848785
5661875200.0,-0.11143109202384949
5662812672.0,-0.10568251460790634
5663750144.0,-0.09955605119466782
5664687616.0,-0.09529513120651245
5665625088.0,-0.09219691157341003
5666562560.0,-0.09071578830480576
5667500032.0,-0.0887402817606926
5668437504.0,-0.08989114314317703
5669374976.0,-0.0912795141339302
5670312448.0,-0.09392815083265305
5671249920.0,-0.09664327651262283
5672187392.0,-0.10096763074398041
5673124864.0,-0.10676255822181702
5674062336.0,-0.11190713196992874
5674999808.0,-0.11900241672992706
5675937280.0,-0.1267719268798828
5676874752.0,-0.13483239710330963
5677812736.0,-0.14252892136573792
5678750208.0,-0.15291067957878113
5679687680.0,-0.16213245689868927
5680625152.0,-0.17014573514461517
5681562624.0,-0.17928531765937805
5682500096.0,-0.18939734995365143
5683437568.0,-0.1965637058019638
5684375040.0,-0.2052379995584488
5685312512.0,-0.21403558552265167
5686249984.0,-0.22125494480133057
5687187456.0,-0.22700180113315582
5688124928.0,-0.2333483099937439
5689062400.0,-0.23795005679130554
5689999872.0,-0.24137620627880096
5690937344.0,-0.24584314227104187
5691874816.0,-0.24935972690582275
5692812288.0,-0.25331488251686096
5693749760.0,-0.2566450238227844
5694687744.0,-0.25893986225128174
5695625216.0,-0.2616995871067047
5696562688.0,-0.26666468381881714
5697500160.0,-0.2716543972492218
5698437632.0,-0.2756766378879547
5699375104.0,-0.2815116345882416
5700312576.0,-0.28778859972953796
5701250048.0,-0.29548829793930054
5702187520.0,-0.30339449644088745
5703124992.0,-0.31249383091926575
5704062464.0,-0.3242570161819458
5704999936.0,-0.33510980010032654
5705937408.0,-0.22472238540649414
5706874880.0,-0.24464449286460876
5707812352.0,-0.2658739686012268
5708749824.0,-0.28678545355796814
5709687296.0,-0.3071516752243042
5710624768.0,-0.326732873916626
5711562752.0,-0.34471073746681213
5712500224.0,-0.36039578914642334
5713437696.0,-0.37401288747787476
5714375168.0,-0.38468217849731445
5715312640.0,-0.39102333784103394
5716250112.0,-0.3946551978588104
5717187584.0,-0.39340445399284363
5718125056.0,-0.3872551918029785
5719062528.0,-0.3765604794025421
5720000000.0,-0.36305806040763855
5720937472.0,-0.34380748867988586
5721874944.0,-0.3204055726528168
5722812416.0,-0.2930794358253479
5723749888.0,-0.26232990622520447
5724687360.0,-0.22849757969379425
5725624832.0,-0.19151534140110016
5726562304.0,-0.15203875303268433
5727499776.0,-0.11172088980674744
5728437248.0,-0.07060865312814713
5729375232.0,-0.030495913699269295
5730312704.0,0.009599138982594013
5731250176.0,0.046222470700740814
5732187648.0,0.08218634128570557
5733125120.0,0.11582095921039581
5734062592.0,0.14387525618076324
5735000064.0,0.1685766726732254
5735937536.0,0.1884033977985382
5736875008.0,0.20378346741199493
5737812480.0,0.215335413813591
5738749952.0,0.22280174493789673
5739687424.0,0.22432199120521545
5740624896.0,0.22341138124465942
5741562368.0,0.2180144339799881
5742499840.0,0.21017609536647797
5743437312.0,0.19968293607234955
5744374784.0,0.18743985891342163
5745312256.0,0.17496678233146667
5746250240.0,0.16092516481876373
5747187712.0,0.14579567313194275
5748125184.0,0.13158676028251648
5749062656.0,0.11679456382989883
5750000128.0,0.10354670882225037
5750937600.0,0.0901922956109047
5751875072.0,0.07739828526973724
5752812544.0,0.06575474888086319
5753750016.0,0.056210801005363464
5754687488.0,0.04508198797702789
5755624960.0,0.0322556272149086
5756562432.0,0.012948653660714626
5757499904.0,-0.009920929558575153
5758437376.0,-0.034792229533195496
5759374848.0,-0.06191200762987137
5760312320.0,-0.09118213504552841
5761249792.0,-0.12211485952138901
5762187264.0,-0.1527642160654068
5763125248.0,-0.18378974497318268
5764062720.0,-0.2136632651090622
5765000192.0,-0.24431674182415009
5765937664.0,-0.18893438577651978
5766875136.0,-0.19656507670879364
5767812608.0,-0.20429420471191406
5768750080.0,-0.21310320496559143
5769687552.0,-0.22235898673534393
5770625024.0,-0.2314228117465973
5771562496.0,-0.24146686494350433
5772499968.0,-0.25013861060142517
5773437440.0,-0.2603178024291992
5774374912.0,-0.27027034759521484
5775312384.0,-0.2816518247127533
5776249856.0,-0.291914165019989
5777187328.0,-0.3032378554344177
5778124800.0,-0.3147166073322296
5779062272.0,-0.32520726323127747
5779999744.0,-0.3367633521556854
5780937728.0,-0.3474890887737274
5781875200.0,-0.35915565490722656
5782812672.0,-0.3687887489795685
5783750144.0,-0.37867605686187744
5784687616.0,-0.38961461186408997
5785625088.0,-0.3980191648006439
5786562560.0,-0.4070480465888977
5787500032.0,-0.415204256772995
5788437504.0,-0.42180755734443665
5789374976.0,-0.42799052596092224
5790312448.0,-0.4337482452392578
5791249920.0,-0.4359511435031891
5792187392.0,-0.43914324045181274
5793124864.0,-0.440221905708313
5794062336.0,-0.4402935206890106
5794999808.0,-0.4393777847290039
5795937280.0,-0.4369046092033386
5796874752.0,-0.4330929219722748
5797812736.0,-0.4270752966403961
5798750208.0,-0.42023414373397827
5799687680.0,-0.41191762685775757
5800625152.0,-0.40125349164009094
5801562624.0,-0.3886977732181549
5802500096.0,-0.37513238191604614
5803437568.0,-0.3608711361885071
5804375040.0,-0.34367093443870544
5805312512.0,-0.32622942328453064
5806249984.0,-0.30754292011260986
5807187456.0,-0.2879869043827057
5808124928.0,-0.26904624700546265
5809062400.0,-0.24959400296211243
5809999872.0,-0.22957074642181396
5810937344.0,-0.2088427096605301
5811874816.0,-0.1890336573123932
5812812288.0,-0.16865044832229614
5813749760.0,-0.14947016537189484
5814687744.0,-0.13240274786949158
5815625216.0,-0.11604346334934235
5816562688.0,-0.10142184048891068
5817500160.0,-0.08828454464673996
5818437632.0,-0.07547245174646378
5819375104.0,-0.06538984179496765
5820312576.0,-0.05701250955462456
5821250048.0,-0.05039842054247856
5822187520.0,-0.04622674733400345
5823124992.0,-0.04405374452471733
5824062464.0,-0.04403470456600189
5824999936.0,-0.044874124228954315
5825937408.0,-0.23907580971717834
5826874880.0,-0.24182729423046112
5827812352.0,-0.24343903362751007
5828749824.0,-0.2454824596643448
5829687296.0,-0.24751520156860352
5830624768.0,-0.24816888570785522
5831562752.0,-0.2504284381866455
5832500224.0,-0.25154298543930054
5833437696.0,-0.25254327058792114
5834375168.0,-0.25476786494255066
5835312640.0,-0.2570984959602356
5836250112.0,-0.2589803636074066
5837187584.0,-0.26221218705177307
5838125056.0,-0.2652151584625244
5839062528.0,-0.2684800624847412
5840000000.0,-0.2729458808898926
5840937472.0,-0.27912938594818115
5841874944.0,-0.28418511152267456
5842812416.0,-0.29010429978370667
5843749888.0,-0.29662907123565674
5844687360.0,-0.30179131031036377
5845624832.0,-0.30808955430984497
5846562304.0,-0.3149409890174866
5847499776.0,-0.32046905159950256
5848437248.0,-0.3250521421432495
5849375232.0,-0.32977116107940674
5850312704.0,-0.3343425393104553
5851250176.0,-0.3386771082878113
5852187648.0,-0.34286734461784363
5853125120.0,-0.3462635278701782
5854062592.0,-0.3485690951347351
5855000064.0,-0.3502017557621002
5855937536.0,-0.3520941138267517
5856875008.0,-0.3538611829280853
5857812480.0,-0.3537439703941345
5858749952.0,-0.35308346152305603
5859687424.0,-0.3519625961780548
5860624896.0,-0.3504931628704071
5861562368.0,-0.3467177450656891
5862499840.0,-0.34505611658096313
5863437312.0,-0.3411811292171478
5864374784.0,-0.33820870518684387
5865312256.0,-0.33564022183418274
5866250240.0,-0.3316490352153778
5867187712.0,-0.328340083360672
5868125184.0,-0.32542884349823
5869062656.0,-0.32196810841560364
5870000128.0,-0.3193848431110382
5870937600.0,-0.3165335953235626
5871875072.0,-0.3141704499721527
5872812544.0,-0.31291115283966064
5873750016.0,-0.3120666444301605
5874687488.0,-0.3122760057449341
5875624960.0,-0.31332191824913025
5876562432.0,-0.31459474563598633
5877499904.0,-0.31589385867118835
5878437376.0,-0.31848588585853577
5879374848.0,-0.32092246413230896
5880312320.0,-0.32419657707214355
5881249792.0,-0.32847243547439575
5882187264.0,-0.33115354180336
5883125248.0,-0.33541402220726013
5884062720.0,-0.34088703989982605
5885000192.0,-0.3441242575645447
5885937664.0,-0.3578241467475891
5886875136.0,-0.36339500546455383
5887812608.0,-0.3680184781551361
5888750080.0,-0.37362104654312134
5889687552.0,-0.37676292657852173
5890625024.0,-0.380551278591156
5891562496.0,-0.38228535652160645
5892499968.0,-0.3848959505558014
5893437440.0,-0.38707128167152405
5894374912.0,-0.3881036937236786
5895312384.0,-0.3886184096336365
5896249856.0,-0.38900622725486755
5897187328.0,-0.3886106610298157
5898124800.0,-0.38880228996276855
5899062272.0,-0.3884154260158539
5900000256.0,-0.3873243033885956
5900937728.0,-0.38688862323760986
5901875200.0,-0.3868226706981659
5902812672.0,-0.3859456479549408
5903750144.0,-0.385346919298172
5904687616.0,-0.3835003077983856
5905625088.0,-0.3826555907726288
5906562560.0,-0.3818663954734802
5907500032.0,-0.3809604048728943
5908437504.0,-0.3811489939689636
5909374976.0,-0.38093939423561096
5910312448.0,-0.3809543550014496
5911249920.0,-0.38120102882385254
5912187392.0,-0.38187775015830994
5913124864.0,-0.38297727704048157
5914062336.0,-0.38448554277420044
5914999808.0,-0.387012779712677
5915937280.0,-0.3884398341178894
5916874752.0,-0.39220666885375977
5917812736.0,-0.3969791829586029
5918750208.0,-0.4013279378414154
5919687680.0,-0.40757498145103455
5920625152.0,-0.4142912030220032
5921562624.0,-0.4220520257949829
5922500096.0,-0.4299066364765167
5923437568.0,-0.4383547902107239
5924375040.0,-0.44738245010375977
5925312512.0,-0.456574410200119
5926249984.0,-0.4666098654270172
5927187456.0,-0.4781937003135681
5928124928.0,-0.48834341764450073
5929062400.0,-0.5006428360939026
5929999872.0,-0.5116545557975769
5930937344.0,-0.5230631828308105
5931874816.0,-0.5353546142578125
5932812288.0,-0.5472027063369751
5933749760.0,-0.5573488473892212
5934687744.0,-0.5668378472328186
5935625216.0,-0.5774124264717102
5936562688.0,-0.586667537689209
5937500160.0,-0.5962746143341064
5938437632.0,-0.6049061417579651
5939375104.0,-0.6118507981300354
5940312576.0,-0.6189713478088379
5941250048.0,-0.6243208050727844
5942187520.0,-0.6276613473892212
5943124992.0,-0.6303521394729614
5944062464.0,-0.6324047446250916
5944999936.0,-0.63225919008255
5945937408.0,-0.40859538316726685
5946874880.0,-0.42397603392601013
5947812352.0,-0.4394463300704956
5948749824.0,-0.45532792806625366
5949687296.0,-0.47058793902397156
5950624768.0,-0.4857732355594635
5951562752.0,-0.5002137422561646
5952500224.0,-0.5132797956466675
5953437696.0,-0.5255642533302307
5954375168.0,-0.5365030765533447
5955312640.0,-0.5473996996879578
5956250112.0,-0.554832398891449
5957187584.0,-0.5614936351776123
5958125056.0,-0.5663427710533142
5959062528.0,-0.5703290104866028
5960000000.0,-0.571512758731842
5960937472.0,-0.5715786218643188
5961874944.0,-0.5701727867126465
5962812416.0,-0.5670620203018188
5963749888.0,-0.5609331130981445
5964687360.0,-0.5555295944213867
5965624832.0,-0.5474985837936401
5966562304.0,-0.5373419523239136
5967499776.0,-0.5273736715316772
5968437248.0,-0.5165829658508301
5969375232.0,-0.506009042263031
5970312704.0,-0.4938938319683075
5971250176.0,-0.48276233673095703
5972187648.0,-0.4718809723854065
5973125120.0,-0.46031710505485535
5974062592.0,-0.44993478059768677
5975000064.0,-0.4418085217475891
5975937536.0,-0.4334253668785095
5976875008.0,-0.4253963530063629
5977812480.0,-0.4188793897628784
5978749952.0,-0.4133690595626831
5979687424.0,-0.40954890847206116
5980624896.0,-0.4052748382091522
5981562368.0,-0.4036681652069092
5982499840.0,-0.4033541679382324
5983437312.0,-0.4038916826248169
5984374784.0,-0.4056133031845093
5985312256.0,-0.4081081449985504
5986250240.0,-0.4112621247768402
5987187712.0,-0.4150398373603821
5988125184.0,-0.41969218850135803
5989062656.0,-0.42496734857559204
5990000128.0,-0.4288260340690613
5990937600.0,-0.43465882539749146
5991875072.0,-0.4389641582965851
5992812544.0,-0.4434022903442383
5993750016.0,-0.4484434425830841
5994687488.0,-0.45245087146759033
5995624960.0,-0.45662933588027954
5996562432.0,-0.4600960910320282
5997499904.0,-0.46439144015312195
5998437376.0,-0.46754613518714905
5999374848.0,-0.471610426902771
6000312320.0,-0.4747244715690613
6001249792.0,-0.4781809151172638
6002187264.0,-0.4819886386394501
6003125248.0,-0.48556482791900635
6004062720.0,-0.48823511600494385
6005000192.0,-0.3842138946056366
6005937664.0,-0.393477201461792
6006875136.0,-0.40197402238845825
6007812608.0,-0.41284242272377014
6008750080.0,-0.42503008246421814
6009687552.0,-0.43755197525024414
6010625024.0,-0.45191526412963867
6011562496.0,-0.4681527316570282
6012499968.0,-0.48484787344932556
6013437440.0,-0.5022455453872681
6014374912.0,-0.5200543403625488
6015312384.0,-0.5388808846473694
6016249856.0,-0.5576456785202026
6017187328.0,-0.5757979154586792
6018124800.0,-0.5941364765167236
6019062272.0,-0.6109606027603149
6019999744.0,-0.6282179355621338
6020937728.0,-0.6439052224159241
6021875200.0,-0.6592862010002136
6022812672.0,-0.6750344634056091
6023750144.0,-0.6886128187179565
6024687616.0,-0.6996354460716248
6025625088.0,-0.7103291749954224
6026562560.0,-0.7174120545387268
6027500032.0,-0.7231948375701904
6028437504.0,-0.7263871431350708
6029374976.0,-0.7278927564620972
6030312448.0,-0.7263994216918945
6031249920.0,-0.7232885360717773
6032187392.0,-0.7182881832122803
6033124864.0,-0.7112497687339783
6034062336.0,-0.7024064660072327
6034999808.0,-0.6916353106498718
6035937280.0,-0.6811859607696533
6036874752.0,-0.666959285736084
6037812736.0,-0.6529557704925537
6038750208.0,-0.6369832158088684
6039687680.0,-0.6199638247489929
6040625152.0,-0.6025829911231995
6041562624.0,-0.5844228267669678
6042500096.0,-0.5663013458251953
6043437568.0,-0.549614429473877
6044375040.0,-0.5310665965080261
6045312512.0,-0.5149943232536316
6046249984.0,-0.5001168251037598
6047187456.0,-0.484331339597702
6048124928.0,-0.47113776206970215
6049062400.0,-0.4584295451641083
6049999872.0,-0.4462307095527649
6050937344.0,-0.4349251091480255
6051874816.0,-0.42519018054008484
6052812288.0,-0.41605663299560547
6053749760.0,-0.40876591205596924
6054687744.0,-0.4023953378200531
6055625216.0,-0.39795923233032227
6056562688.0,-0.39415356516838074
6057500160.0,-0.39187759160995483
6058437632.0,-0.39002102613449097
6059375104.0,-0.3896210491657257
6060312576.0,-0.3899265229701996
6061250048.0,-0.3918537199497223
6062187520.0,-0.3946777582168579
6063124992.0,-0.3994857370853424
6064062464.0,-0.40429919958114624
6064999936.0,-0.40284839272499084
6065937408.0,-0.40916818380355835
6066874880.0,-0.4160557687282562
6067812352.0,-0.421794056892395
6068749824.0,-0.42968127131462097
6069687296.0,-0.4381151497364044
6070624768.0,-0.446404367685318
6071562752.0,-0.45542997121810913
6072500224.0,-0.4657040536403656
6073437696.0,-0.4750613570213318
6074375168.0,-0.4854919910430908
6075312640.0,-0.49638238549232483
6076250112.0,-0.5060200691223145
6077187584.0,-0.516860842704773
6078125056.0,-0.5268530249595642
6079062528.0,-0.5383910536766052
6080000000.0,-0.5479143261909485
6080937472.0,-0.5584509372711182
6081874944.0,-0.5676404237747192
6082812416.0,-0.5753427743911743
6083749888.0,-0.5834735035896301
6084687360.0,-0.5900051593780518
6085624832.0,-0.5953498482704163
6086562304.0,-0.5999276638031006
6087499776.0,-0.6036219596862793
6088437248.0,-0.6051085591316223
6089375232.0,-0.6056006550788879
6090312704.0,-0.6056044697761536
6091250176.0,-0.6030731201171875
6092187648.0,-0.6009085774421692
6093125120.0,-0.5964284539222717
6094062592.0,-0.5892242193222046
6095000064.0,-0.5824874043464661
6095937536.0,-0.5740583539009094
6096875008.0,-0.564669668674469
6097812480.0,-0.5565296411514282
6098749952.0,-0.5467793345451355
6099687424.0,-0.5379611253738403
6100624896.0,-0.5288769602775574
6101562368.0,-0.5189518332481384
6102499840.0,-0.5083478689193726
6103437312.0,-0.498179167509079
6104374784.0,-0.487728476524353
6105312256.0,-0.47836607694625854
6106250240.0,-0.46921274065971375
6107187712.0,-0.4606822729110718
6108125184.0,-0.4518187940120697
6109062656.0,-0.44422686100006104
6110000128.0,-0.43642178177833557
6110937600.0,-0.42899659276008606
6111875072.0,-0.42201364040374756
6112812544.0,-0.4170345067977905
6113750016.0,-0.4115343391895294
6114687488.0,-0.40629416704177856
6115624960.0,-0.4027862846851349
6116562432.0,-0.3994426727294922
6117499904.0,-0.396930456161499
6118437376.0,-0.3944493234157562
6119374848.0,-0.39150872826576233
6120312320.0,-0.390653133392334
6121249792.0,-0.3897094428539276
6122187264.0,-0.38878849148750305
6123125248.0,-0.3890107274055481
6124062720.0,-0.39006948471069336
6125000192.0,-0.5800484418869019
6125937664.0,-0.5916232466697693
6126875136.0,-0.6029471158981323
6127812608.0,-0.614203691482544
6128750080.0,-0.624925971031189
6129687552.0,-0.6344940662384033
6130625024.0,-0.6438981294631958
6131562496.0,-0.6518532633781433
6132499968.0,-0.6584126353263855
6133437440.0,-0.6627503037452698
6134374912.0,-0.6675119400024414
6135312384.0,-0.669622540473938
6136249856.0,-0.6717386841773987
6137187328.0,-0.6734374165534973
6138124800.0,-0.6732596158981323
6139062272.0,-0.6725858449935913
6140000256.0,-0.6708510518074036
6140937728.0,-0.6693733930587769
6141875200.0,-0.6658434271812439
6142812672.0,-0.662018895149231
6143750144.0,-0.6586667895317078
6144687616.0,-0.6549457311630249
6145625088.0,-0.6509131789207458
6146562560.0,-0.6474311947822571
6147500032.0,-0.6440785527229309
6148437504.0,-0.6413636207580566
6149374976.0,-0.6378952860832214
6150312448.0,-0.6356633305549622
6151249920.0,-0.6331143379211426
6152187392.0,-0.6310935020446777
6153124864.0,-0.6301950812339783
6154062336.0,-0.6288208961486816
6154999808.0,-0.6275902986526489
6155937280.0,-0.6269674301147461
6156874752.0,-0.6268841624259949
6157812736.0,-0.6266922354698181
6158750208.0,-0.627877414226532
6159687680.0,-0.6300212740898132
6160625152.0,-0.6320074796676636
6161562624.0,-0.6347329616546631
6162500096.0,-0.6381458044052124
6163437568.0,-0.6420461535453796
6164375040.0,-0.6462935209274292
6165312512.0,-0.6516426801681519
6166249984.0,-0.6560366153717041
6167187456.0,-0.6611083149909973
6168124928.0,-0.667646586894989
6169062400.0,-0.6739913821220398
6169999872.0,-0.6788280606269836
6170937344.0,-0.6849143505096436
6171874816.0,-0.6922070384025574
6172812288.0,-0.6985157132148743
6173749760.0,-0.7028660774230957
6174687744.0,-0.7098203301429749
6175625216.0,-0.7179710268974304
6176562688.0,-0.7232234477996826
6177500160.0,-0.7305776476860046
6178437632.0,-0.7371430993080139
6179375104.0,-0.7446812391281128
6180312576.0,-0.7530602216720581
6181250048.0,-0.7606086134910583
6182187520.0,-0.7695688009262085
6183124992.0,-0.7763644456863403
6184062464.0,-0.7827556729316711
6184999936.0,-0.6186809539794922
6185937408.0,-0.640031099319458
6186874880.0,-0.6605495810508728
6187812352.0,-0.6815073490142822
6188749824.0,-0.7024499773979187
6189687296.0,-0.7214323878288269
6190624768.0,-0.7399948239326477
6191562752.0,-0.760200560092926
6192500224.0,-0.7770931720733643
6193437696.0,-0.792944610118866
6194375168.0,-0.8093221187591553
6195312640.0,-0.8241734504699707
6196250112.0,-0.837563157081604
6197187584.0,-0.8508142828941345
6198125056.0,-0.8626024127006531
6199062528.0,-0.8731997609138489
6200000000.0,-0.8810403347015381
6200937472.0,-0.8880167007446289
6201874944.0,-0.8933879137039185
6202812416.0,-0.8962395787239075
6203749888.0,-0.8967717289924622
6204687360.0,-0.895968496799469
6205624832.0,-0.8937638401985168
6206562304.0,-0.8893784284591675
6207499776.0,-0.8846905827522278
6208437248.0,-0.8778014779090881
6209375232.0,-0.8694681525230408
6210312704.0,-0.860333263874054
6211250176.0,-0.8491418957710266
6212187648.0,-0.8363794684410095
6213125120.0,-0.8244680166244507
6214062592.0,-0.810312032699585
6215000064.0,-0.7960783243179321
6215937536.0,-0.7811638712882996
6216875008.0,-0.7659192681312561
6217812480.0,-0.7512564659118652
6218749952.0,-0.7352625131607056
6219687424.0,-0.7200937271118164
6220624896.0,-0.7062041163444519
6221562368.0,-0.6915613412857056
6222499840.0,-0.6784903407096863
6223437312.0,-0.6658896207809448
6224374784.0,-0.6543065309524536
6225312256.0,-0.6416590213775635
6226250240.0,-0.6302615404129028
6227187712.0,-0.621099054813385
6228125184.0,-0.6125540137290955
6229062656.0,-0.6059167385101318
6230000128.0,-0.6017009019851685
6230937600.0,-0.5989723205566406
6231875072.0,-0.5976676344871521
6232812544.0,-0.5968251824378967
6233750016.0,-0.5987159013748169
6234687488.0,-0.5998804569244385
6235624960.0,-0.6024348735809326
6236562432.0,-0.6074434518814087
6237499904.0,-0.6126934885978699
6238437376.0,-0.6190497875213623
6239374848.0,-0.6257144212722778
6240312320.0,-0.6344727277755737
6241249792.0,-0.6441136598587036
6242187264.0,-0.6533131003379822
6243125248.0,-0.6635109782218933
6244062720.0,-0.6746845841407776
6245000192.0,-0.6820391416549683
6245937664.0,-0.6956469416618347
6246875136.0,-0.7096983790397644
6247812608.0,-0.7235812544822693
6248750080.0,-0.7385431528091431
6249687552.0,-0.7551479935646057
6250625024.0,-0.7699419260025024
6251562496.0,-0.7849871516227722
6252499968.0,-0.7997044324874878
6253437440.0,-0.8127052783966064
6254374912.0,-0.824737548828125
6255312384.0,-0.8367128968238831
6256249856.0,-0.8477321267127991
6257187328.0,-0.8572989106178284
6258124800.0,-0.8674212694168091
6259062272.0,-0.8772228956222534
6259999744.0,-0.8851229548454285
6260937728.0,-0.8924352526664734
6261875200.0,-0.8976022601127625
6262812672.0,-0.9027712941169739
6263750144.0,-0.9053922891616821
6264687616.0,-0.9063300490379333
6265625088.0,-0.9066487550735474
6266562560.0,-0.9066051840782166
6267500032.0,-0.9060996174812317
6268437504.0,-0.9060431122779846
6269374976.0,-0.903439998626709
6270312448.0,-0.9008694291114807
6271249920.0,-0.8985129594802856
6272187392.0,-0.89382004737854
6273124864.0,-0.8908998370170593
6274062336.0,-0.8872516751289368
6274999808.0,-0.8832213878631592
6275937280.0,-0.879515528678894
6276874752.0,-0.8753827810287476
6277812736.0,-0.8718603253364563
6278750208.0,-0.8673471808433533
6279687680.0,-0.8623995780944824
6280625152.0,-0.8560857176780701
6281562624.0,-0.8515393733978271
6282500096.0,-0.8456003665924072
6283437568.0,-0.841315746307373
6284375040.0,-0.8401840329170227
6285312512.0,-0.8390628099441528
6286249984.0,-0.8392813801765442
6287187456.0,-0.8411898612976074
6288124928.0,-0.8436949253082275
6289062400.0,-0.8459152579307556
6289999872.0,-0.8482092618942261
6290937344.0,-0.8524760603904724
6291874816.0,-0.8560501337051392
6292812288.0,-0.860013484954834
6293749760.0,-0.8636547923088074
6294687744.0,-0.8695684671401978
6295625216.0,-0.873291552066803
6296562688.0,-0.8787878751754761
6297500160.0,-0.8851960301399231
6298437632.0,-0.8924479484558105
6299375104.0,-0.9011615514755249
6300312576.0,-0.9091561436653137
6301250048.0,-0.9201289415359497
6302187520.0,-0.9307815432548523
6303124992.0,-0.9419717192649841
6304062464.0,-0.9528388381004333
6304999936.0,-0.981782078742981
6305937408.0,-0.990339994430542
6306874880.0,-1.0003482103347778
6307812352.0,-1.0103521347045898
6308749824.0,-1.0194543600082397
6309687296.0,-1.029387354850769
6310624768.0,-1.0384774208068848
6311562752.0,-1.0484532117843628
6312500224.0,-1.0577079057693481
6313437696.0,-1.0668889284133911
6314375168.0,-1.076299786567688
6315312640.0,-1.0849765539169312
6316250112.0,-1.093971848487854
6317187584.0,-1.105417013168335
6318125056.0,-1.1163177490234375
6319062528.0,-1.1269646883010864
6320000000.0,-1.1387817859649658
6320937472.0,-1.1526144742965698
6321874944.0,-1.166375994682312
6322812416.0,-1.1808658838272095
6323749888.0,-1.1956905126571655
6324687360.0,-1.2094699144363403
6325624832.0,-1.2217310667037964
6326562304.0,-1.2323486804962158
6327499776.0,-1.243319034576416
6328437248.0,-1.2532553672790527
6329375232.0,-1.2615110874176025
6330312704.0,-1.2701137065887451
6331250176.0,-1.2767884731292725
6332187648.0,-1.2838969230651855
6333125120.0,-1.2884221076965332
6334062592.0,-1.2922589778900146
6335000064.0,-1.2944871187210083
6335937536.0,-1.295509696006775
6336875008.0,-1.2961750030517578
6337812480.0,-1.2947708368301392
6338749952.0,-1.2914633750915527
6339687424.0,-1.2887293100357056
6340624896.0,-1.281791090965271
6341562368.0,-1.2754935026168823
6342499840.0,-1.266821265220642
6343437312.0,-1.2575032711029053
6344374784.0,-1.247778058052063
6345312256.0,-1.2365607023239136
6346250240.0,-1.22525954246521
6347187712.0,-1.2133773565292358
6348125184.0,-1.2013300657272339
6349062656.0,-1.1890103816986084
6350000128.0,-1.1756179332733154
6350937600.0,-1.1616084575653076
6351875072.0,-1.148142695426941
6352812544.0,-1.133652925491333
6353750016.0,-1.1203694343566895
6354687488.0,-1.1072922945022583
6355624960.0,-1.0949444770812988
6356562432.0,-1.0823911428451538
6357499904.0,-1.0704545974731445
6358437376.0,-1.0586518049240112
6359374848.0,-1.0473610162734985
6360312320.0,-1.0368914604187012
6361249792.0,-1.0280194282531738
6362187264.0,-1.0207523107528687
6363125248.0,-1.015345573425293
6364062720.0,-1.0118048191070557
6365000192.0,-1.3755453824996948
6365937664.0,-1.391926646232605
6366875136.0,-1.4079985618591309
6367812608.0,-1.4238239526748657
6368750080.0,-1.4409066438674927
6369687552.0,-1.4563565254211426
6370625024.0,-1.4726353883743286
6371562496.0,-1.487412929534912
6372499968.0,-1.5021493434906006
6373437440.0,-1.5159317255020142
6374374912.0,-1.5272769927978516
6375312384.0,-1.537622332572937
6376249856.0,-1.5475761890411377
6377187328.0,-1.5551729202270508
6378124800.0,-1.5615606307983398
6379062272.0,-1.5665432214736938
6380000256.0,-1.5714824199676514
6380937728.0,-1.573806881904602
6381875200.0,-1.5761605501174927
6382812672.0,-1.5771974325180054
6383750144.0,-1.5789293050765991
6384687616.0,-1.5776327848434448
6385625088.0,-1.5755571126937866
6386562560.0,-1.574198842048645
6387500032.0,-1.5707510709762573
6388437504.0,-1.5674725770950317
6389374976.0,-1.562827706336975
6390312448.0,-1.558201789855957
6391249920.0,-1.5528184175491333
6392187392.0,-1.5452960729599
6393124864.0,-1.537786841392517
6394062336.0,-1.5289552211761475
6394999808.0,-1.5192186832427979
6395937280.0,-1.5090916156768799
6396874752.0,-1.4989008903503418
6397812736.0,-1.4921921491622925
6398750208.0,-1.4827784299850464
6399687680.0,-1.4750399589538574
6400625152.0,-1.4674127101898193
6401562624.0,-1.4605565071105957
6402500096.0,-1.452783226966858
6403437568.0,-1.4479643106460571
6404375040.0,-1.44446861743927
6405312512.0,-1.4437241554260254
6406249984.0,-1.4455881118774414
6407187456.0,-1.44833242893219
6408124928.0,-1.453229546546936
6409062400.0,-1.4607634544372559
6409999872.0,-1.468957543373108
6410937344.0,-1.478729248046875
6411874816.0,-1.4898457527160645
6412812288.0,-1.5020915269851685
6413749760.0,-1.5161625146865845
6414687744.0,-1.5316013097763062
6415625216.0,-1.548353910446167
6416562688.0,-1.5676969289779663
6417500160.0,-1.5878081321716309
6418437632.0,-1.6099565029144287
6419375104.0,-1.6340713500976562
6420312576.0,-1.6592271327972412
6421250048.0,-1.6848773956298828
6422187520.0,-1.7114044427871704
6423124992.0,-1.7417570352554321
6424062464.0,-1.7731196880340576
6424999936.0,-1.8087799549102783
6425937408.0,-1.8415782451629639
6426874880.0,-1.8766281604766846
6427812352.0,-1.910975456237793
6428749824.0,-1.9452126026153564
6429687296.0,-1.9776694774627686
6430624768.0,-2.009594678878784
6431562752.0,-2.041261672973633
6432500224.0,-2.0723392963409424
6433437696.0,-2.1024861335754395
6434375168.0,-2.130415678024292
6435312640.0,-2.159493923187256
6436250112.0,-2.186533212661743
6437187584.0,-2.213427782058716
6438125056.0,-2.237767219543457
6439062528.0,-2.2604775428771973
6440000000.0,-2.280445098876953
6440937472.0,-2.297304391860962
6441874944.0,-2.314134359359741
6442812416.0,-2.3278329372406006
6443749888.0,-2.339686393737793
6444687360.0,-2.350351095199585
6445624832.0,-2.359741687774658
6446562304.0,-2.3685836791992188
6447499776.0,-2.3770930767059326
6448437248.0,-2.3827455043792725
6449375232.0,-2.3866312503814697
6450312704.0,-2.389380931854248
6451250176.0,-2.3903088569641113
6452187648.0,-2.3895156383514404
6453125120.0,-2.387673854827881
6454062592.0,-2.384986639022827
6455000064.0,-2.3813912868499756
6455937536.0,-2.3776333332061768
6456875008.0,-2.3728668689727783
6457812480.0,-2.36850905418396
6458749952.0,-2.3625612258911133
6459687424.0,-2.3591384887695312
6460624896.0,-2.3544387817382812
6461562368.0,-2.3522424697875977
6462499840.0,-2.350271463394165
6463437312.0,-2.349780559539795
6464374784.0,-2.348259449005127
6465312256.0,-2.3496053218841553
6466250240.0,-2.3489410877227783
6467187712.0,-2.3478169441223145
6468125184.0,-2.3460566997528076
6469062656.0,-2.345280408859253
6470000128.0,-2.345736265182495
6470937600.0,-2.3464481830596924
6471875072.0,-2.3489179611206055
6472812544.0,-2.35202693939209
6473750016.0,-2.359147548675537
6474687488.0,-2.366703748703003
6475624960.0,-2.3784096240997314
6476562432.0,-2.3939390182495117
6477499904.0,-2.412956953048706
6478437376.0,-2.438171863555908
6479374848.0,-2.465845823287964
6480312320.0,-2.497802972793579
6481249792.0,-2.5318007469177246
6482187264.0,-2.5683698654174805
6483125248.0,-2.6060526371002197
6484062720.0,-2.644948720932007
6485000192.0,-2.752532482147217
6485937664.0,-2.78130841255188
6486875136.0,-2.8087804317474365
6487812608.0,-2.8353965282440186
6488750080.0,-2.86260986328125
6489687552.0,-2.886744737625122
6490625024.0,-2.9141814708709717
6491562496.0,-2.9406776428222656
6492499968.0,-2.9682202339172363
6493437440.0,-2.996931552886963
6494374912.0,-3.024998188018799
6495312384.0,-3.0532689094543457
6496249856.0,-3.082233428955078
6497187328.0,-3.110966682434082
6498124800.0,-3.1403632164001465
6499062272.0,-3.1719484329223633
6499999744.0,-3.2032573223114014
6500937728.0,-3.2344107627868652
6501875200.0,-3.264439105987549
6502812672.0,-3.293612480163574
6503750144.0,-3.3208208084106445
6504687616.0,-3.347886085510254
6505625088.0,-3.373887777328491
6506562560.0,-3.396744728088379
6507500032.0,-3.4203693866729736
6508437504.0,-3.443909168243408
6509374976.0,-3.4694998264312744
6510312448.0,-3.4937314987182617
6511249920.0,-3.5189661979675293
6512187392.0,-3.544896364212036
6513124864.0,-3.572664499282837
6514062336.0,-3.598519802093506
6514999808.0,-3.6289541721343994
6515937280.0,-3.6604788303375244
6516874752.0,-3.691758155822754
6517812736.0,-3.7243969440460205
6518750208.0,-3.7541561126708984
6519687680.0,-3.783910036087036
6520625152.0,-3.814281463623047
6521562624.0,-3.8440256118774414
6522500096.0,-3.8760945796966553
6523437568.0,-3.910039186477661
6524375040.0,-3.9465548992156982
6525312512.0,-3.9866387844085693
6526249984.0,-4.028205394744873
6527187456.0,-4.071593284606934
6528124928.0,-4.117207050323486
6529062400.0,-4.162708282470703
6529999872.0,-4.211524486541748
6530937344.0,-4.256723880767822
6531874816.0,-4.3042144775390625
6532812288.0,-4.349828720092773
6533749760.0,-4.395050048828125
6534687744.0,-4.439265727996826
6535625216.0,-4.482856273651123
6536562688.0,-4.526495933532715
6537500160.0,-4.571224212646484
6538437632.0,-4.6148600578308105
6539375104.0,-4.658603668212891
6540312576.0,-4.69975471496582
6541250048.0,-4.7414116859436035
6542187520.0,-4.780723571777344
6543124992.0,-4.819835662841797
6544062464.0,-4.860820770263672
6544999936.0,-4.895756244659424
6545937408.0,-4.942943572998047
6546874880.0,-4.9940595626831055
6547812352.0,-5.045713901519775
6548749824.0,-5.098993301391602
6549687296.0,-5.151294708251953
6550624768.0,-5.206445217132568
6551562752.0,-5.260116100311279
6552500224.0,-5.3123674392700195
6553437696.0,-5.368133068084717
6554375168.0,-5.4221014976501465
6555312640.0,-5.477753162384033
6556250112.0,-5.533123016357422
6557187584.0,-5.586833477020264
6558125056.0,-5.641313076019287
6559062528.0,-5.694169521331787
6560000000.0,-5.748545169830322
6560937472.0,-5.8038105964660645
6561874944.0,-5.8592634201049805
6562812416.0,-5.917124271392822
6563749888.0,-5.976424217224121
6564687360.0,-6.037092685699463
6565624832.0,-6.097216606140137
6566562304.0,-6.15566349029541
6567499776.0,-6.214243412017822
6568437248.0,-6.270275115966797
6569375232.0,-6.326179504394531
6570312704.0,-6.3821611404418945
6571250176.0,-6.441006183624268
6572187648.0,-6.5039873123168945
6573125120.0,-6.5725812911987305
6574062592.0,-6.647693157196045
6575000064.0,-6.722983360290527
6575937536.0,-6.801395416259766
6576875008.0,-6.882552623748779
6577812480.0,-6.96681547164917
6578749952.0,-7.050818920135498
6579687424.0,-7.136787414550781
6580624896.0,-7.225774765014648
6581562368.0,-7.319223880767822
6582499840.0,-7.412254810333252
6583437312.0,-7.50408411026001
6584374784.0,-7.592520713806152
6585312256.0,-7.68495512008667
6586250240.0,-7.77585506439209
6587187712.0,-7.86842155456543
6588125184.0,-7.958402633666992
6589062656.0,-8.047484397888184
6590000128.0,-8.138446807861328
6590937600.0,-8.231342315673828
6591875072.0,-8.326119422912598
6592812544.0,-8.424490928649902
6593750016.0,-8.523422241210938
6594687488.0,-8.6216402053833
6595624960.0,-8.719770431518555
6596562432.0,-8.819676399230957
6597499904.0,-8.920768737792969
6598437376.0,-9.022746086120605
6599374848.0,-9.128169059753418
6600312320.0,-9.233820915222168
6601249792.0,-9.339212417602539
6602187264.0,-9.442007064819336
6603125248.0,-9.543366432189941
6604062720.0,-9.647432327270508
6605000192.0,-9.744933128356934
6605937664.0,-9.845196723937988
6606875136.0,-9.947154998779297
6607812608.0,-10.047342300415039
6608750080.0,-10.141119003295898
6609687552.0,-10.235312461853027
6610625024.0,-10.322158813476562
6611562496.0,-10.407812118530273
6612499968.0,-10.489335060119629
6613437440.0,-10.571038246154785
6614374912.0,-10.647818565368652
6615312384.0,-10.719412803649902
6616249856.0,-10.796172142028809
6617187328.0,-10.873493194580078
6618124800.0,-10.951338768005371
6619062272.0,-11.033534049987793
6620000256.0,-11.114862442016602
6620937728.0,-11.196452140808105
6621875200.0,-11.271980285644531
6622812672.0,-11.342927932739258
6623750144.0,-11.403974533081055
6624687616.0,-11.454498291015625
6625625088.0,-11.499634742736816
6626562560.0,-11.546247482299805
6627500032.0,-11.582951545715332
6628437504.0,-11.615426063537598
6629374976.0,-11.640704154968262
6630312448.0,-11.65250301361084
6631249920.0,-11.6593017578125
6632187392.0,-11.66347599029541
6633124864.0,-11.66138744354248
6634062336.0,-11.665563583374023
6634999808.0,-11.666961669921875
6635937280.0,-11.66598892211914
6636874752.0,-11.663490295410156
6637812736.0,-11.656291007995605
6638750208.0,-11.64502239227295
6639687680.0,-11.628120422363281
6640625152.0,-11.598758697509766
6641562624.0,-11.560869216918945
6642500096.0,-11.51103401184082
6643437568.0,-11.456019401550293
6644375040.0,-11.387351989746094
6645312512.0,-11.318327903747559
6646249984.0,-11.245399475097656
6647187456.0,-11.165117263793945
6648124928.0,-11.081473350524902
6649062400.0,-10.989701271057129
6649999872.0,-10.895066261291504
6650937344.0,-10.801094055175781
6651874816.0,-10.710674285888672
6652812288.0,-10.622091293334961
6653749760.0,-10.540006637573242
6654687744.0,-10.462782859802246
6655625216.0,-10.381705284118652
6656562688.0,-10.298617362976074
6657500160.0,-10.208883285522461
6658437632.0,-10.113672256469727
6659375104.0,-10.012232780456543
6660312576.0,-9.908376693725586
6661250048.0,-9.803080558776855
6662187520.0,-9.695793151855469
6663124992.0,-9.592272758483887
6664062464.0,-9.481559753417969
6664999936.0,-9.3582181930542
6665937408.0,-9.251504898071289
6666874880.0,-9.147855758666992
6667812352.0,-9.046723365783691
6668749824.0,-8.948352813720703
6669687296.0,-8.848465919494629
6670624768.0,-8.743012428283691
6671562752.0,-8.637697219848633
6672500224.0,-8.531404495239258
6673437696.0,-8.42558479309082
6674375168.0,-8.320202827453613
6675312640.0,-8.22031307220459
6676250112.0,-8.118825912475586
6677187584.0,-8.018179893493652
6678125056.0,-7.921918869018555
6679062528.0,-7.827801704406738
6680000000.0,-7.7331342697143555
6680937472.0,-7.640228748321533
6681874944.0,-7.549532890319824
6682812416.0,-7.458329200744629
6683749888.0,-7.369019985198975
6684687360.0,-7.284224510192871
6685624832.0,-7.201468467712402
6686562304.0,-7.121118545532227
6687499776.0,-7.04359245300293
6688437248.0,-6.967244625091553
6689375232.0,-6.894468784332275
6690312704.0,-6.822093486785889
6691250176.0,-6.753737449645996
6692187648.0,-6.687397003173828
6693125120.0,-6.625463962554932
6694062592.0,-6.565918922424316
6695000064.0,-6.510435581207275
6695937536.0,-6.455905914306641
6696875008.0,-6.401974678039551
6697812480.0,-6.348491668701172
6698749952.0,-6.293168067932129
6699687424.0,-6.239011764526367
6700624896.0,-6.182406902313232
6701562368.0,-6.126292705535889
6702499840.0,-6.070662975311279
6703437312.0,-6.013550758361816
6704374784.0,-5.954278469085693
6705312256.0,-5.896615505218506
6706250240.0,-5.83847713470459
6707187712.0,-5.7814178466796875
6708125184.0,-5.727919101715088
6709062656.0,-5.674560070037842
6710000128.0,-5.623375415802002
6710937600.0,-5.570549964904785
6711875072.0,-5.517470836639404
6712812544.0,-5.462643146514893
6713750016.0,-5.404462814331055
6714687488.0,-5.345252990722656
6715624960.0,-5.281599044799805
6716562432.0,-5.2168121337890625
6717499904.0,-5.147791385650635
6718437376.0,-5.079837322235107
6719374848.0,-5.013138294219971
6720312320.0,-4.948797702789307
6721249792.0,-4.887208461761475
6722187264.0,-4.8268585205078125
6723125248.0,-4.7632060050964355
6724062720.0,-4.698245048522949
6725000192.0,-4.419365882873535
6725937664.0,-4.343514919281006
6726875136.0,-4.266915321350098
6727812608.0,-4.192844867706299
6728750080.0,-4.123520374298096
6729687552.0,-4.053747653961182
6730625024.0,-3.989403009414673
6731562496.0,-3.9262092113494873
6732499968.0,-3.866443157196045
6733437440.0,-3.808393955230713
6734374912.0,-3.7530996799468994
6735312384.0,-3.6989448070526123
6736249856.0,-3.6494154930114746
6737187328.0,-3.6003756523132324
6738124800.0,-3.556732177734375
6739062272.0,-3.5135128498077393
6739999744.0,-3.4739091396331787
6740937728.0,-3.4357640743255615
6741875200.0,-3.399590253829956
6742812672.0,-3.3657290935516357
6743750144.0,-3.3371763229370117
6744687616.0,-3.309143543243408
6745625088.0,-3.285759925842285
6746562560.0,-3.2605502605438232
6747500032.0,-3.239227771759033
6748437504.0,-3.2164716720581055
6749374976.0,-3.193856954574585
6750312448.0,-3.1732890605926514
6751249920.0,-3.1512019634246826
6752187392.0,-3.129950523376465
6753124864.0,-3.1110341548919678
6754062336.0,-3.0921413898468018
6754999808.0,-3.0737650394439697
6755937280.0,-3.0556812286376953
6756874752.0,-3.0378172397613525
6757812736.0,-3.021322727203369
6758750208.0,-3.0033185482025146
6759687680.0,-2.9840424060821533
6760625152.0,-2.9649577140808105
6761562624.0,-2.945124626159668
6762500096.0,-2.9253411293029785
6763437568.0,-2.9040510654449463
6764375040.0,-2.883391857147217
6765312512.0,-2.861442804336548
6766249984.0,-2.838956356048584
6767187456.0,-2.8154895305633545
6768124928.0,-2.789598226547241
6769062400.0,-2.763740301132202
6769999872.0,-2.7337403297424316
6770937344.0,-2.7055916786193848
6771874816.0,-2.675316572189331
6772812288.0,-2.643876791000366
6773749760.0,-2.6132612228393555
6774687744.0,-2.5815725326538086
6775625216.0,-2.5495662689208984
6776562688.0,-2.516709327697754
6777500160.0,-2.4846410751342773
6778437632.0,-2.4555184841156006
6779375104.0,-2.426636219024658
6780312576.0,-2.397538185119629
6781250048.0,-2.367074728012085
6782187520.0,-2.338340997695923
6783124992.0,-2.308838129043579
6784062464.0,-2.279991626739502
6784999936.0,-2.2585973739624023
6785937408.0,-2.2247607707977295
6786874880.0,-2.192070484161377
6787812352.0,-2.160510301589966
6788749824.0,-2.1312403678894043
6789687296.0,-2.1024842262268066
6790624768.0,-2.0737955570220947
6791562752.0,-2.0489838123321533
6792500224.0,-2.022509813308716
6793437696.0,-1.9982858896255493
6794375168.0,-1.9758409261703491
6795312640.0,-1.9531773328781128
6796250112.0,-1.9332395792007446
6797187584.0,-1.914160132408142
6798125056.0,-1.8941035270690918
6799062528.0,-1.8765352964401245
6800000000.0,-1.859097957611084
6800937472.0,-1.8435560464859009
6801874944.0,-1.8274211883544922
6802812416.0,-1.8134205341339111
6803749888.0,-1.8015384674072266
6804687360.0,-1.7906193733215332
6805624832.0,-1.7811585664749146
6806562304.0,-1.7694430351257324
6807499776.0,-1.7585289478302002
6808437248.0,-1.7474312782287598
6809375232.0,-1.735853672027588
6810312704.0,-1.723217248916626
6811250176.0,-1.7119537591934204
6812187648.0,-1.6996922492980957
6813125120.0,-1.6883447170257568
6814062592.0,-1.6747888326644897
6815000064.0,-1.6623541116714478
6815937536.0,-1.648853063583374
6816875008.0,-1.6356563568115234
6817812480.0,-1.6230849027633667
6818749952.0,-1.6078259944915771
6819687424.0,-1.5932509899139404
6820624896.0,-1.5759512186050415
6821562368.0,-1.560158133506775
6822499840.0,-1.542968988418579
6823437312.0,-1.5248953104019165
6824374784.0,-1.5064529180526733
6825312256.0,-1.4861096143722534
6826250240.0,-1.4664226770401
6827187712.0,-1.4465523958206177
6828125184.0,-1.4245884418487549
6829062656.0,-1.4038664102554321
6830000128.0,-1.3816156387329102
6830937600.0,-1.3591080904006958
6831875072.0,-1.3358476161956787
6832812544.0,-1.3129245042800903
6833750016.0,-1.2898346185684204
6834687488.0,-1.2674142122268677
6835624960.0,-1.2458751201629639
6836562432.0,-1.2254544496536255
6837499904.0,-1.2052381038665771
6838437376.0,-1.1854480504989624
6839374848.0,-1.1678696870803833
6840312320.0,-1.1507868766784668
6841249792.0,-1.1340142488479614
6842187264.0,-1.1197019815444946
6843125248.0,-1.1060758829116821
6844062720.0,-1.0949877500534058
6845000192.0,-1.0577412843704224
6845937664.0,-1.0495116710662842
6846875136.0,-1.0416269302368164
6847812608.0,-1.0361526012420654
6848750080.0,-1.031072735786438
6849687552.0,-1.0263525247573853
6850625024.0,-1.0244286060333252
6851562496.0,-1.0234030485153198
6852499968.0,-1.0238378047943115
6853437440.0,-1.0253150463104248
6854374912.0,-1.0263824462890625
6855312384.0,-1.0275044441223145
6856249856.0,-1.0313516855239868
6857187328.0,-1.03574538230896
6858124800.0,-1.0413750410079956
6859062272.0,-1.0487239360809326
6860000256.0,-1.0555009841918945
6860937728.0,-1.064428687095642
6861875200.0,-1.0751627683639526
6862812672.0,-1.085556983947754
6863750144.0,-1.0965917110443115
6864687616.0,-1.1087526082992554
6865625088.0,-1.121096134185791
6866562560.0,-1.1328163146972656
6867500032.0,-1.1434897184371948
6868437504.0,-1.1541270017623901
6869374976.0,-1.163558840751648
6870312448.0,-1.1728309392929077
6871249920.0,-1.180580735206604
6872187392.0,-1.1882412433624268
6873124864.0,-1.193198561668396
6874062336.0,-1.198542594909668
6874999808.0,-1.2006404399871826
6875937280.0,-1.201580286026001
6876874752.0,-1.1991523504257202
6877812736.0,-1.1955524682998657
6878750208.0,-1.1911966800689697
6879687680.0,-1.1824067831039429
6880625152.0,-1.170385718345642
6881562624.0,-1.1555275917053223
6882500096.0,-1.1397207975387573
6883437568.0,-1.122233510017395
6884375040.0,-1.1036051511764526
6885312512.0,-1.0823543071746826
6886249984.0,-1.0589869022369385
6887187456.0,-1.0350695848464966
6888124928.0,-1.0087591409683228
6889062400.0,-0.9813482165336609
6889999872.0,-0.9538673758506775
6890937344.0,-0.9246949553489685
6891874816.0,-0.895855188369751
6892812288.0,-0.8657803535461426
6893749760.0,-0.8357433080673218
6894687744.0,-0.8048909902572632
6895625216.0,-0.7757325172424316
6896562688.0,-0.7454078197479248
6897500160.0,-0.7155150175094604
6898437632.0,-0.6863512396812439
6899375104.0,-0.658050537109375
6900312576.0,-0.632169246673584
6901250048.0,-0.6048976182937622
6902187520.0,-0.5804654955863953
6903124992.0,-0.555130124092102
6904062464.0,-0.5315110087394714
6904999936.0,-0.48767945170402527
6905937408.0,-0.4813469648361206
6906874880.0,-0.4782285988330841
6907812352.0,-0.47527527809143066
6908749824.0,-0.47456809878349304
6909687296.0,-0.4750056564807892
6910624768.0,-0.4764462411403656
6911562752.0,-0.47971317172050476
6912500224.0,-0.48371556401252747
6913437696.0,-0.4883344769477844
6914375168.0,-0.49355050921440125
6915312640.0,-0.4993029832839966
6916250112.0,-0.5071391463279724
6917187584.0,-0.5148125290870667
6918125056.0,-0.5226170420646667
6919062528.0,-0.5313308835029602
6920000000.0,-0.5404900908470154
6920937472.0,-0.5491756200790405
6921874944.0,-0.5597307085990906
6922812416.0,-0.5689089298248291
6923749888.0,-0.5787641406059265
6924687360.0,-0.5885281562805176
6925624832.0,-0.597628116607666
6926562304.0,-0.6064487099647522
6927499776.0,-0.6149470806121826
6928437248.0,-0.6233915090560913
6929375232.0,-0.630578875541687
6930312704.0,-0.6381072998046875
6931250176.0,-0.6470794081687927
6932187648.0,-0.6563010811805725
6933125120.0,-0.6654923558235168
6934062592.0,-0.6730637550354004
6935000064.0,-0.6789606213569641
6935937536.0,-0.6850606203079224
6936875008.0,-0.6899301409721375
6937812480.0,-0.693580150604248
6938749952.0,-0.6963508129119873
6939687424.0,-0.6999170184135437
6940624896.0,-0.7006985545158386
6941562368.0,-0.7020381093025208
6942499840.0,-0.7020444869995117
6943437312.0,-0.7008647918701172
6944374784.0,-0.6999349594116211
6945312256.0,-0.6966328024864197
6946250240.0,-0.6937663555145264
6947187712.0,-0.6899977326393127
6948125184.0,-0.6835154294967651
6949062656.0,-0.677800714969635
6950000128.0,-0.6709225177764893
6950937600.0,-0.6625926494598389
6951875072.0,-0.6542129516601562
6952812544.0,-0.6433953642845154
6953750016.0,-0.6326354146003723
6954687488.0,-0.619694709777832
6955624960.0,-0.606830894947052
6956562432.0,-0.5951627492904663
6957499904.0,-0.583082377910614
6958437376.0,-0.5705252289772034
6959374848.0,-0.5563998222351074
6960312320.0,-0.5416675209999084
6961249792.0,-0.5269922614097595
6962187264.0,-0.5120645761489868
6963125248.0,-0.496988445520401
6964062720.0,-0.4807286262512207
6965000192.0,-0.4025527834892273
6965937664.0,-0.3950346112251282
6966875136.0,-0.3859955072402954
6967812608.0,-0.3778955936431885
6968750080.0,-0.37010064721107483
6969687552.0,-0.36269283294677734
6970625024.0,-0.35549768805503845
6971562496.0,-0.34964123368263245
6972499968.0,-0.34305673837661743
6973437440.0,-0.33758407831192017
6974374912.0,-0.3326936662197113
6975312384.0,-0.329252153635025
6976249856.0,-0.3257063329219818
6977187328.0,-0.32323819398880005
6978124800.0,-0.3225115239620209
6979062272.0,-0.3213205635547638
6979999744.0,-0.3219500482082367
6980937728.0,-0.3237287998199463
6981875200.0,-0.32592087984085083
6982812672.0,-0.3291717767715454
6983750144.0,-0.3316422402858734
6984687616.0,-0.3363321125507355
6985625088.0,-0.3432586193084717
6986562560.0,-0.35009634494781494
6987500032.0,-0.35836121439933777
6988437504.0,-0.3681213855743408
6989374976.0,-0.37827304005622864
6990312448.0,-0.3899063169956207
6991249920.0,-0.401638001203537
6992187392.0,-0.4147702157497406
6993124864.0,-0.42771899700164795
6994062336.0,-0.43992942571640015
6994999808.0,-0.4527815878391266
6995937280.0,-0.46598896384239197
6996874752.0,-0.4781104326248169
6997812736.0,-0.4912526607513428
6998750208.0,-0.5039752125740051
6999687680.0,-0.515599250793457
7000625152.0,-0.5258480310440063
7001562624.0,-0.5359516739845276
7002500096.0,-0.545650064945221
7003437568.0,-0.5529212355613708
7004375040.0,-0.5611748099327087
7005312512.0,-0.5659946203231812
7006249984.0,-0.5699784159660339
7007187456.0,-0.5735708475112915
7008124928.0,-0.5753670334815979
7009062400.0,-0.5746065974235535
7009999872.0,-0.5720033049583435
7010937344.0,-0.5683421492576599
7011874816.0,-0.5651528239250183
7012812288.0,-0.5601452589035034
7013749760.0,-0.5544066429138184
7014687744.0,-0.5465975403785706
7015625216.0,-0.5386174321174622
7016562688.0,-0.5317823886871338
7017500160.0,-0.5218938589096069
7018437632.0,-0.5137657523155212
7019375104.0,-0.5040597319602966
7020312576.0,-0.4947396218776703
7021250048.0,-0.4850763976573944
7022187520.0,-0.4750836193561554
7023124992.0,-0.46619415283203125
7024062464.0,-0.4566817581653595
7024999936.0,-0.42998066544532776
7025937408.0,-0.4227096140384674
7026874880.0,-0.41475415229797363
7027812352.0,-0.40887555480003357
7028749824.0,-0.4026867151260376
7029687296.0,-0.39894452691078186
7030624768.0,-0.39634186029434204
7031562752.0,-0.39491507411003113
7032500224.0,-0.3942236006259918
7033437696.0,-0.3952528238296509
7034375168.0,-0.3976501524448395
7035312640.0,-0.40176644921302795
7036250112.0,-0.4070781469345093
7037187584.0,-0.41415610909461975
7038125056.0,-0.42165541648864746
7039062528.0,-0.4291389286518097
7040000000.0,-0.4384000599384308
7040937472.0,-0.44731128215789795
7041874944.0,-0.4569797217845917
7042812416.0,-0.4669259190559387
7043749888.0,-0.4761788547039032
7044687360.0,-0.4856738746166229
7045624832.0,-0.49397310614585876
7046562304.0,-0.5021451115608215
7047499776.0,-0.5093227028846741
7048437248.0,-0.5139786005020142
7049375232.0,-0.5179519057273865
7050312704.0,-0.5215179920196533
7051250176.0,-0.5226740837097168
7052187648.0,-0.5220391154289246
7053125120.0,-0.5204008221626282
7054062592.0,-0.5155377388000488
7055000064.0,-0.5096384882926941
7055937536.0,-0.5019369721412659
7056875008.0,-0.4921903908252716
7057812480.0,-0.4796220660209656
7058749952.0,-0.46544280648231506
7059687424.0,-0.4489303529262543
7060624896.0,-0.43096446990966797
7061562368.0,-0.4121760129928589
7062499840.0,-0.3909207582473755
7063437312.0,-0.3710402846336365
7064374784.0,-0.3500923812389374
7065312256.0,-0.3282391428947449
7066250240.0,-0.3068164885044098
7067187712.0,-0.2858699858188629
7068125184.0,-0.26433995366096497
7069062656.0,-0.24334341287612915
7070000128.0,-0.22335250675678253
7070937600.0,-0.20424912869930267
7071875072.0,-0.18634778261184692
7072812544.0,-0.16834920644760132
7073750016.0,-0.15362676978111267
7074687488.0,-0.1383817344903946
7075624960.0,-0.12623976171016693
7076562432.0,-0.11518777906894684
7077499904.0,-0.10673818737268448
7078437376.0,-0.10015936940908432
7079374848.0,-0.09584427624940872
7080312320.0,-0.09462906420230865
7081249792.0,-0.09525790065526962
7082187264.0,-0.09800700843334198
7083125248.0,-0.10483263432979584
7084062720.0,-0.11209028959274292
7085000192.0,-0.2647556960582733
7085937664.0,-0.2762385904788971
7086875136.0,-0.28978967666625977
7087812608.0,-0.30417919158935547
7088750080.0,-0.3208889067173004
7089687552.0,-0.3391013741493225
7090625024.0,-0.36085987091064453
7091562496.0,-0.3830545246601105
7092499968.0,-0.40750056505203247
7093437440.0,-0.4344418942928314
7094374912.0,-0.46343088150024414
7095312384.0,-0.4929176867008209
7096249856.0,-0.5242118239402771
7097187328.0,-0.5571823120117188
7098124800.0,-0.5902965068817139
7099062272.0,-0.6246189475059509
7100000256.0,-0.6594092845916748
7100937728.0,-0.6942768692970276
7101875200.0,-0.7281104922294617
7102812672.0,-0.7608526945114136
7103750144.0,-0.7922438383102417
7104687616.0,-0.821800172328949
7105625088.0,-0.8493216037750244
7106562560.0,-0.8724662661552429
7107500032.0,-0.8937394618988037
7108437504.0,-0.911206066608429
7109374976.0,-0.9252335429191589
7110312448.0,-0.9368850588798523
7111249920.0,-0.9430880546569824
7112187392.0,-0.9460031390190125
7113124864.0,-0.9441219568252563
7114062336.0,-0.9380657076835632
7114999808.0,-0.9302128553390503
7115937280.0,-0.9172054529190063
7116874752.0,-0.8992698788642883
7117812736.0,-0.8787814378738403
7118750208.0,-0.8541060090065002
7119687680.0,-0.827825665473938
7120625152.0,-0.798348605632782
7121562624.0,-0.767158031463623
7122500096.0,-0.7345147728919983
7123437568.0,-0.6985906958580017
7124375040.0,-0.6636634469032288
7125312512.0,-0.6275486350059509
7126249984.0,-0.5904038548469543
7127187456.0,-0.5542941689491272
7128124928.0,-0.5166829824447632
7129062400.0,-0.48098406195640564
7129999872.0,-0.446016788482666
7130937344.0,-0.41115331649780273
7131874816.0,-0.3773869276046753
7132812288.0,-0.3463159501552582
7133749760.0,-0.31601855158805847
7134687744.0,-0.28769877552986145
7135625216.0,-0.26223090291023254
7136562688.0,-0.23870471119880676
7137500160.0,-0.21604079008102417
7138437632.0,-0.1964135318994522
7139375104.0,-0.17913250625133514
7140312576.0,-0.16243505477905273
7141250048.0,-0.1493234783411026
7142187520.0,-0.13590049743652344
7143124992.0,-0.1257164031267166
7144062464.0,-0.21327435970306396
7144999936.0,-0.21355637907981873
7145937408.0,-0.21313615143299103
7146874880.0,-0.21444086730480194
7147812352.0,-0.21708296239376068
7148749824.0,-0.2204524427652359
7149687296.0,-0.2236432582139969
7150624768.0,-0.22866849601268768
7151562752.0,-0.2353910505771637
7152500224.0,-0.24316047132015228
7153437696.0,-0.2524462342262268
7154375168.0,-0.26521894335746765
7155312640.0,-0.27971795201301575
7156250112.0,-0.29703977704048157
7157187584.0,-0.31587958335876465
7158125056.0,-0.33887097239494324
7159062528.0,-0.36353111267089844
7160000000.0,-0.3907223641872406
7160937472.0,-0.41744616627693176
7161874944.0,-0.44232144951820374
7162812416.0,-0.46319010853767395
7163749888.0,-0.4810001254081726
7164687360.0,-0.4948459565639496
7165624832.0,-0.5069212913513184
7166562304.0,-0.5157982707023621
7167499776.0,-0.5229255557060242
7168437248.0,-0.5268981456756592
7169375232.0,-0.5300298929214478
7170312704.0,-0.5319963693618774
7171250176.0,-0.5351131558418274
7172187648.0,-0.5381633639335632
7173125120.0,-0.5415121912956238
7174062592.0,-0.5460969805717468
7175000064.0,-0.5527060031890869
7175937536.0,-0.5616484880447388
7176875008.0,-0.5723444223403931
7177812480.0,-0.5864153504371643
7178749952.0,-0.6026540994644165
7179687424.0,-0.6207932233810425
7180624896.0,-0.6420332193374634
7181562368.0,-0.663573145866394
7182499840.0,-0.6859530806541443
7183437312.0,-0.7071724534034729
7184374784.0,-0.7281824946403503
7185312256.0,-0.7478595972061157
7186250240.0,-0.7636208534240723
7187187712.0,-0.7770634293556213
7188125184.0,-0.7882469296455383
7189062656.0,-0.7953169941902161
7190000128.0,-0.7981461882591248
7190937600.0,-0.7968822121620178
7191875072.0,-0.7932872772216797
7192812544.0,-0.7852131128311157
7193750016.0,-0.773936927318573
7194687488.0,-0.7595901489257812
7195624960.0,-0.7410106062889099
7196562432.0,-0.7222070097923279
7197499904.0,-0.6980934739112854
7198437376.0,-0.6747574210166931
7199374848.0,-0.6488320827484131
7200312320.0,-0.6220477819442749
7201249792.0,-0.5946192145347595
7202187264.0,-0.5678287744522095
7203125248.0,-0.5423135757446289
7204062720.0,-0.6631565690040588
7205000192.0,-0.654890239238739
7205937664.0,-0.6487046480178833
7206875136.0,-0.6429262757301331
7207812608.0,-0.6422737836837769
7208750080.0,-0.6426376104354858
7209687552.0,-0.6456696391105652
7210625024.0,-0.6506680846214294
7211562496.0,-0.661209225654602
7212499968.0,-0.6737035512924194
7213437440.0,-0.689373791217804
7214374912.0,-0.7051609754562378
7215312384.0,-0.7252718806266785
7216249856.0,-0.7447569966316223
7217187328.0,-0.7639808058738708
7218124800.0,-0.7845318913459778
7219062272.0,-0.8048774003982544
7219999744.0,-0.8244478702545166
7220937728.0,-0.8436108231544495
7221875200.0,-0.8630825877189636
7222812672.0,-0.8805620670318604
7223750144.0,-0.8957875967025757
7224687616.0,-0.911465585231781
7225625088.0,-0.9249339699745178
7226562560.0,-0.935957670211792
7227500032.0,-0.9449562430381775
7228437504.0,-0.9529141187667847
7229374976.0,-0.9576687216758728
7230312448.0,-0.9608855843544006
7231249920.0,-0.9622762203216553
7232187392.0,-0.9617409706115723
7233124864.0,-0.9602912068367004
7234062336.0,-0.9584375619888306
7234999808.0,-0.9544852375984192
7235937280.0,-0.9516376256942749
7236874752.0,-0.9479382634162903
7237812736.0,-0.9438193440437317
7238750208.0,-0.939490020275116
7239687680.0,-0.935675323009491
7240625152.0,-0.9316821694374084
7241562624.0,-0.9280120134353638
7242500096.0,-0.925838828086853
7243437568.0,-0.922853410243988
7244375040.0,-0.9213830828666687
7245312512.0,-0.9227305054664612
7246249984.0,-0.9239590764045715
7247187456.0,-0.9279375672340393
7248124928.0,-0.9322620034217834
7249062400.0,-0.9403995275497437
7249999872.0,-0.9486539363861084
7250937344.0,-0.9589617252349854
7251874816.0,-0.969614565372467
7252812288.0,-0.9823580980300903
7253749760.0,-0.9958981871604919
7254687744.0,-1.0099600553512573
7255625216.0,-1.0243620872497559
7256562688.0,-1.0405914783477783
7257500160.0,-1.0566790103912354
7258437632.0,-1.0726224184036255
7259375104.0,-1.0892424583435059
7260312576.0,-1.1064188480377197
7261250048.0,-1.1222965717315674
7262187520.0,-1.1374529600143433
7263124992.0,-1.1508312225341797
7264062464.0,-1.1783392429351807
7264999936.0,-1.1923755407333374
7265937408.0,-1.2057689428329468
7266874880.0,-1.2203483581542969
7267812352.0,-1.2336722612380981
7268749824.0,-1.2478578090667725
7269687296.0,-1.2613322734832764
7270624768.0,-1.2737400531768799
7271562752.0,-1.2854453325271606
7272500224.0,-1.294129490852356
7273437696.0,-1.3045917749404907
7274375168.0,-1.3122711181640625
7275312640.0,-1.3190581798553467
7276250112.0,-1.3241888284683228
7277187584.0,-1.3272380828857422
7278125056.0,-1.3280291557312012
7279062528.0,-1.3262115716934204
7280000000.0,-1.3222088813781738
7280937472.0,-1.317818522453308
7281874944.0,-1.309154748916626
7282812416.0,-1.2993274927139282
7283749888.0,-1.2862653732299805
7284687360.0,-1.271175742149353
7285624832.0,-1.2547804117202759
7286562304.0,-1.2342274188995361
7287499776.0,-1.2128406763076782
7288437248.0,-1.1903022527694702
7289375232.0,-1.1651995182037354
7290312704.0,-1.1385072469711304
7291250176.0,-1.1099588871002197
7292187648.0,-1.0790274143218994
7293125120.0,-1.0474516153335571
7294062592.0,-1.0156532526016235
7295000064.0,-0.9818210005760193
7295937536.0,-0.9459789991378784
7296875008.0,-0.9100996851921082
7297812480.0,-0.8741826415061951
7298749952.0,-0.8373247385025024
7299687424.0,-0.8004761934280396
7300624896.0,-0.7638134360313416
7301562368.0,-0.7273092269897461
7302499840.0,-0.6919376850128174
7303437312.0,-0.6553147435188293
7304374784.0,-0.6211616396903992
7305312256.0,-0.5871828198432922
7306250240.0,-0.5540518164634705
7307187712.0,-0.5215451717376709
7308125184.0,-0.4905942678451538
7309062656.0,-0.46005329489707947
7310000128.0,-0.43133533000946045
7310937600.0,-0.4043152332305908
7311875072.0,-0.3783906102180481
7312812544.0,-0.35648053884506226
7313750016.0,-0.3364938795566559
7314687488.0,-0.31995224952697754
7315624960.0,-0.303981751203537
7316562432.0,-0.2894275486469269
7317499904.0,-0.27714142203330994
7318437376.0,-0.2667243182659149
7319374848.0,-0.25708305835723877
7320312320.0,-0.2507365345954895
7321249792.0,-0.24565917253494263
7322187264.0,-0.24268747866153717
7323125248.0,-0.24140624701976776
7324062720.0,-0.40301865339279175
7325000192.0,-0.40011417865753174
7325937664.0,-0.39965295791625977
7326875136.0,-0.399604469537735
7327812608.0,-0.40264570713043213
7328750080.0,-0.406425803899765
7329687552.0,-0.41151463985443115
7330625024.0,-0.4183197021484375
7331562496.0,-0.4265837073326111
7332499968.0,-0.43530765175819397
7333437440.0,-0.4450361132621765
7334374912.0,-0.4549444913864136
7335312384.0,-0.46501266956329346
7336249856.0,-0.4762554466724396
7337187328.0,-0.4884014129638672
7338124800.0,-0.5002092123031616
7339062272.0,-0.5100002884864807
7340000256.0,-0.5189052224159241
7340937728.0,-0.5278798341751099
7341875200.0,-0.5363109707832336
7342812672.0,-0.5431629419326782
7343750144.0,-0.5490909814834595
7344687616.0,-0.5528070330619812
7345625088.0,-0.5569770336151123
7346562560.0,-0.5588106513023376
7347500032.0,-0.5600728392601013
7348437504.0,-0.5594944953918457
7349374976.0,-0.5572410821914673
7350312448.0,-0.5530911087989807
7351249920.0,-0.548200249671936
7352187392.0,-0.5417264103889465
7353124864.0,-0.5349602103233337
7354062336.0,-0.5268941521644592
7354999808.0,-0.5180888175964355
7355937280.0,-0.506507396697998
7356874752.0,-0.49529874324798584
7357812736.0,-0.4826468527317047
7358750208.0,-0.4707636833190918
7359687680.0,-0.45753493905067444
7360625152.0,-0.4440126419067383
7361562624.0,-0.4289565682411194
7362500096.0,-0.41627469658851624
7363437568.0,-0.4008556008338928
7364375040.0,-0.3822295367717743
7365312512.0,-0.3631681799888611
7366249984.0,-0.3459596335887909
7367187456.0,-0.3267764449119568
7368124928.0,-0.30874478816986084
7369062400.0,-0.29042813181877136
7369999872.0,-0.27157047390937805
7370937344.0,-0.2534428536891937
7371874816.0,-0.23506584763526917
7372812288.0,-0.2157900333404541
7373749760.0,-0.19653670489788055
7374687744.0,-0.17706121504306793
7375625216.0,-0.15676777064800262
7376562688.0,-0.13776417076587677
7377500160.0,-0.11702503263950348
7378437632.0,-0.09711264818906784
7379375104.0,-0.07587333023548126
7380312576.0,-0.05321422219276428
7381250048.0,-0.03183772787451744
7382187520.0,-0.010123126208782196
7383124992.0,0.013503516092896461
7384062464.0,0.02938288263976574
7384999936.0,0.03735960274934769
7385937408.0,0.043409012258052826
7386874880.0,0.04983419179916382
7387812352.0,0.05556539073586464
7388749824.0,0.06141607463359833
7389687296.0,0.06671743839979172
7390624768.0,0.0724533349275589
7391562752.0,0.07734760642051697
7392500224.0,0.08218248933553696
7393437696.0,0.08753010630607605
7394375168.0,0.09338415414094925
7395312640.0,0.10089868307113647
7396250112.0,0.10707692801952362
7397187584.0,0.11355700343847275
7398125056.0,0.12017161399126053
7399062528.0,0.12759293615818024
7400000000.0,0.13603752851486206
7400937472.0,0.14267440140247345
7401874944.0,0.15161515772342682
7402812416.0,0.15917204320430756
7403749888.0,0.16561010479927063
7404687360.0,0.17252789437770844
7405624832.0,0.17706848680973053
7406562304.0,0.1819712519645691
7407499776.0,0.18572156131267548
7408437248.0,0.18597356975078583
7409375232.0,0.18475744128227234
7410312704.0,0.18190346658229828
7411250176.0,0.1763666421175003
7412187648.0,0.16776539385318756
7413125120.0,0.15769468247890472
7414062592.0,0.14415320754051208
7415000064.0,0.12830296158790588
7415937536.0,0.111052967607975
7416875008.0,0.09109374135732651
7417812480.0,0.07083892077207565
7418749952.0,0.047238945960998535
7419687424.0,0.024067552760243416
7420624896.0,-0.0014130235649645329
7421562368.0,-0.0270183514803648
7422499840.0,-0.05299214646220207
7423437312.0,-0.07845892757177353
7424374784.0,-0.10474558919668198
7425312256.0,-0.12946835160255432
7426250240.0,-0.15317994356155396
7427187712.0,-0.17472344636917114
7428125184.0,-0.1967897266149521
7429062656.0,-0.2161397933959961
7430000128.0,-0.2351544350385666
7430937600.0,-0.2516881823539734
7431875072.0,-0.2673518657684326
7432812544.0,-0.2811475396156311
7433750016.0,-0.2939333915710449
7434687488.0,-0.3049983084201813
7435624960.0,-0.315107524394989
7436562432.0,-0.32370108366012573
7437499904.0,-0.331741601228714
7438437376.0,-0.3374999761581421
7439374848.0,-0.343779593706131
7440312320.0,-0.34702256321907043
7441249792.0,-0.3494437634944916
7442187264.0,-0.3507916331291199
7443125248.0,-0.3500102162361145
7444062720.0,-0.13993507623672485
7445000192.0,-0.12043861299753189
7445937664.0,-0.10499069839715958
7446875136.0,-0.08998250961303711
7447812608.0,-0.07945827394723892
7448750080.0,-0.06993548572063446
7449687552.0,-0.06266727298498154
7450625024.0,-0.05698911473155022
7451562496.0,-0.05219128355383873
7452499968.0,-0.048874445259571075
7453437440.0,-0.047005269676446915
7454374912.0,-0.04473472014069557
7455312384.0,-0.04282018169760704
7456249856.0,-0.040681883692741394
7457187328.0,-0.03870898485183716
7458124800.0,-0.03486895561218262
7459062272.0,-0.03099718689918518
7459999744.0,-0.026652993634343147
7460937728.0,-0.019369108602404594
7461875200.0,-0.012733123265206814
7462812672.0,-0.005469052586704493
7463750144.0,0.003237494733184576
7464687616.0,0.01281989086419344
7465625088.0,0.023012008517980576
7466562560.0,0.034760333597660065
7467500032.0,0.045782431960105896
7468437504.0,0.05733923241496086
7469374976.0,0.07055487483739853
7470312448.0,0.0825481116771698
7471249920.0,0.09458763897418976
7472187392.0,0.10716502368450165
7473124864.0,0.1191805899143219
7474062336.0,0.1310223788022995
7474999808.0,0.14194545149803162
7475937280.0,0.1520298272371292
7476874752.0,0.16074495017528534
7477812736.0,0.16840270161628723
7478750208.0,0.1756168007850647
7479687680.0,0.18098695576190948
7480625152.0,0.18474893271923065
7481562624.0,0.18710783123970032
7482500096.0,0.1879054456949234
7483437568.0,0.18808044493198395
7484375040.0,0.18579816818237305
7485312512.0,0.18212805688381195
7486249984.0,0.17598329484462738
7487187456.0,0.16887566447257996
7488124928.0,0.1611722856760025
7489062400.0,0.15180127322673798
7489999872.0,0.14176751673221588
7490937344.0,0.12854400277137756
7491874816.0,0.11384117603302002
7492812288.0,0.09616811573505402
7493749760.0,0.07973641902208328
7494687744.0,0.06182629242539406
7495625216.0,0.042484842240810394
7496562688.0,0.024737752974033356
7497500160.0,0.005781136453151703
7498437632.0,-0.01247413270175457
7499375104.0,-0.031461525708436966
7500312576.0,-0.047766681760549545
7501250048.0,-0.06658309698104858
7502187520.0,-0.0823884829878807
7503124992.0,-0.09706395864486694
7504062464.0,-0.0836174339056015
7504999936.0,-0.09418429434299469
7505937408.0,-0.10494012385606766
7506874880.0,-0.11448361724615097
7507812352.0,-0.12325950711965561
7508749824.0,-0.13357576727867126
7509687296.0,-0.14238382875919342
7510624768.0,-0.15073369443416595
7511562752.0,-0.1587575376033783
7512500224.0,-0.16610261797904968
7513437696.0,-0.1723947823047638
7514375168.0,-0.17873305082321167
7515312640.0,-0.18289853632450104
7516250112.0,-0.18816018104553223
7517187584.0,-0.1925651580095291
7518125056.0,-0.19559983909130096
7519062528.0,-0.19838376343250275
7520000000.0,-0.19969889521598816
7520937472.0,-0.2015027403831482
7521874944.0,-0.2012767791748047
7522812416.0,-0.19838836789131165
7523749888.0,-0.19542916119098663
7524687360.0,-0.19234901666641235
7525624832.0,-0.18803946673870087
7526562304.0,-0.18179312348365784
7527499776.0,-0.1757718324661255
7528437248.0,-0.1673477441072464
7529375232.0,-0.15901915729045868
7530312704.0,-0.14997689425945282
7531250176.0,-0.13972218334674835
7532187648.0,-0.1282023936510086
7533125120.0,-0.11586999148130417
7534062592.0,-0.10274448990821838
7535000064.0,-0.08982662111520767
7535937536.0,-0.0753026083111763
7536875008.0,-0.059881988912820816
7537812480.0,-0.04503424093127251
7538749952.0,-0.027871407568454742
7539687424.0,-0.009536908008158207
7540624896.0,0.006329710129648447
7541562368.0,0.02470218762755394
7542499840.0,0.044021688401699066
7543437312.0,0.06517859548330307
7544374784.0,0.08627105504274368
7545312256.0,0.10678865760564804
7546250240.0,0.12873981893062592
7547187712.0,0.14793935418128967
7548125184.0,0.1696465015411377
7549062656.0,0.19084526598453522
7550000128.0,0.21072977781295776
7550937600.0,0.23121067881584167
7551875072.0,0.2500881552696228
7552812544.0,0.2696058750152588
7553750016.0,0.28870734572410583
7554687488.0,0.30618998408317566
7555624960.0,0.3228341341018677
7556562432.0,0.33912381529808044
7557499904.0,0.3543233871459961
7558437376.0,0.3673568069934845
7559374848.0,0.37865567207336426
7560312320.0,0.3883112967014313
7561249792.0,0.3972475528717041
7562187264.0,0.4031500518321991
7563125248.0,0.40737155079841614
7564062720.0,0.18913264572620392
7565000192.0,0.18835057318210602
7565937664.0,0.18726348876953125
7566875136.0,0.18503084778785706
7567812608.0,0.1841662973165512
7568750080.0,0.18119855225086212
7569687552.0,0.1778569221496582
7570625024.0,0.17365716397762299
7571562496.0,0.16863875091075897
7572499968.0,0.1633613258600235
7573437440.0,0.15512417256832123
7574374912.0,0.14584167301654816
7575312384.0,0.13593780994415283
7576249856.0,0.1253320574760437
7577187328.0,0.11360104382038116
7578124800.0,0.10023380815982819
7579062272.0,0.08571093529462814
7580000256.0,0.07129127532243729
7580937728.0,0.05515727400779724
7581875200.0,0.03821854293346405
7582812672.0,0.020441627129912376
7583750144.0,0.0007136452477425337
7584687616.0,-0.01676996797323227
7585625088.0,-0.035430993884801865
7586562560.0,-0.056256793439388275
7587500032.0,-0.07668471336364746
7588437504.0,-0.09665342420339584
7589374976.0,-0.11729707568883896
7590312448.0,-0.13778100907802582
7591249920.0,-0.1578333079814911
7592187392.0,-0.17803224921226501
7593124864.0,-0.1966567188501358
7594062336.0,-0.2148616909980774
7594999808.0,-0.23190824687480927
7595937280.0,-0.2477833479642868
7596874752.0,-0.2643685042858124
7597812736.0,-0.2780831754207611
7598750208.0,-0.2901272177696228
7599687680.0,-0.3011249303817749
7600625152.0,-0.31048545241355896
7601562624.0,-0.3187221884727478
7602500096.0,-0.3253649175167084
7603437568.0,-0.3292236030101776
7604375040.0,-0.33093884587287903
7605312512.0,-0.3321765959262848
7606249984.0,-0.3306342661380768
7607187456.0,-0.3271183371543884
7608124928.0,-0.32220908999443054
7609062400.0,-0.31494447588920593
7609999872.0,-0.30509060621261597
7610937344.0,-0.2938001751899719
7611874816.0,-0.28081342577934265
7612812288.0,-0.26475396752357483
7613749760.0,-0.2475074976682663
7614687744.0,-0.22875478863716125
7615625216.0,-0.20714440941810608
7616562688.0,-0.18558846414089203
7617500160.0,-0.1623135656118393
7618437632.0,-0.13725078105926514
7619375104.0,-0.11062724143266678
7620312576.0,-0.08285482972860336
7621250048.0,-0.055968038737773895
7622187520.0,-0.027334600687026978
7623124992.0,0.0015289055882021785
7624062464.0,0.02789776585996151
7624999936.0,0.056170523166656494
7625937408.0,0.08313138037919998
7626874880.0,0.10942539572715759
7627812352.0,0.13603730499744415
7628749824.0,0.16056139767169952
7629687296.0,0.18295304477214813
7630624768.0,0.20490774512290955
7631562752.0,0.22553253173828125
7632500224.0,0.24462513625621796
7633437696.0,0.26201188564300537
7634375168.0,0.2763638496398926
7635312640.0,0.28998327255249023
7636250112.0,0.30071520805358887
7637187584.0,0.31031522154808044
7638125056.0,0.31763577461242676
7639062528.0,0.3217366933822632
7640000000.0,0.3253490626811981
7640937472.0,0.32578372955322266
7641874944.0,0.3253333866596222
7642812416.0,0.3210591971874237
7643749888.0,0.316527783870697
7644687360.0,0.3108433187007904
7645624832.0,0.3035939037799835
7646562304.0,0.29420584440231323
7647499776.0,0.28252261877059937
7648437248.0,0.2697656452655792
7649375232.0,0.25558191537857056
7650312704.0,0.23862917721271515
7651250176.0,0.2219792604446411
7652187648.0,0.20377156138420105
7653125120.0,0.1836608201265335
7654062592.0,0.16239657998085022
7655000064.0,0.14007394015789032
7655937536.0,0.11764632165431976
7656875008.0,0.09311757981777191
7657812480.0,0.06827841699123383
7658749952.0,0.04206708073616028
7659687424.0,0.01586405746638775
7660624896.0,-0.011360043659806252
7661562368.0,-0.0374063141644001
7662499840.0,-0.06305727362632751
7663437312.0,-0.09044202417135239
7664374784.0,-0.1159125566482544
7665312256.0,-0.1414647102355957
7666250240.0,-0.16637547314167023
7667187712.0,-0.18936675786972046
7668125184.0,-0.21170267462730408
7669062656.0,-0.23355865478515625
7670000128.0,-0.25397059321403503
7670937600.0,-0.272948682308197
7671875072.0,-0.28943219780921936
7672812544.0,-0.3034980297088623
7673750016.0,-0.3175444006919861
7674687488.0,-0.3266940414905548
7675624960.0,-0.3353222906589508
7676562432.0,-0.3397971987724304
7677499904.0,-0.3436168134212494
7678437376.0,-0.3447452783584595
7679374848.0,-0.34208056330680847
7680312320.0,-0.33654260635375977
7681249792.0,-0.33022475242614746
7682187264.0,-0.3204919695854187
7683125248.0,-0.31018567085266113
7684062720.0,-0.28749340772628784
7685000192.0,-0.2789374887943268
7685937664.0,-0.26770830154418945
7686875136.0,-0.2556156516075134
7687812608.0,-0.24193967878818512
7688750080.0,-0.2268369048833847
7689687552.0,-0.2101999819278717
7690625024.0,-0.1910320222377777
7691562496.0,-0.17321878671646118
7692499968.0,-0.15358692407608032
7693437440.0,-0.13349175453186035
7694374912.0,-0.11357938498258591
7695312384.0,-0.09466106444597244
7696249856.0,-0.0761725902557373
7697187328.0,-0.05814775824546814
7698124800.0,-0.03912686929106712
7699062272.0,-0.020773980766534805
7699999744.0,-0.0038817168679088354
7700937728.0,0.013167865574359894
7701875200.0,0.030189920216798782
7702812672.0,0.04497263580560684
7703750144.0,0.060800861567258835
7704687616.0,0.07498863339424133
7705625088.0,0.08803635090589523
7706562560.0,0.10100575536489487
7707500032.0,0.11320482939481735
7708437504.0,0.12417713552713394
7709374976.0,0.13498476147651672
7710312448.0,0.1441994160413742
7711249920.0,0.15353240072727203
7712187392.0,0.16337411105632782
7713124864.0,0.17090429365634918
7714062336.0,0.1793103665113449
7714999808.0,0.18649016320705414
7715937280.0,0.1927628368139267
7716874752.0,0.20023995637893677
7717812736.0,0.20588718354701996
7718750208.0,0.21192966401576996
7719687680.0,0.21776840090751648
7720625152.0,0.2213950902223587
7721562624.0,0.224732905626297
7722500096.0,0.2281060814857483
7723437568.0,0.22985023260116577
7724375040.0,0.23143739998340607
7725312512.0,0.2323293387889862
7726249984.0,0.2328069508075714
7727187456.0,0.2322571873664856
7728124928.0,0.23134054243564606
7729062400.0,0.22719863057136536
7729999872.0,0.22347649931907654
7730937344.0,0.21708278357982635
7731874816.0,0.21021342277526855
7732812288.0,0.2024296075105667
7733749760.0,0.19216041266918182
7734687744.0,0.18129344284534454
7735625216.0,0.16822785139083862
7736562688.0,0.15467001497745514
7737500160.0,0.1388026773929596
7738437632.0,0.1218450665473938
7739375104.0,0.10293257981538773
7740312576.0,0.08367710560560226
7741250048.0,0.06195288524031639
7742187520.0,0.0396558903157711
7743124992.0,0.016472017392516136
7744062464.0,-0.03411133959889412
7744999936.0,-0.03796524927020073
7745937408.0,-0.04127227142453194
7746874880.0,-0.04743504151701927
7747812352.0,-0.05515648424625397
7748749824.0,-0.06252150982618332
7749687296.0,-0.07089608907699585
7750624768.0,-0.0821513757109642
7751562752.0,-0.09470077604055405
7752500224.0,-0.10798359662294388
7753437696.0,-0.12300047278404236
7754375168.0,-0.13838134706020355
7755312640.0,-0.15511423349380493
7756250112.0,-0.17355893552303314
7757187584.0,-0.19222800433635712
7758125056.0,-0.2103402018547058
7759062528.0,-0.2294306755065918
7760000000.0,-0.24950973689556122
7760937472.0,-0.26881977915763855
7761874944.0,-0.28787338733673096
7762812416.0,-0.3077905476093292
7763749888.0,-0.32479652762413025
7764687360.0,-0.34290021657943726
7765624832.0,-0.359401673078537
7766562304.0,-0.3741012215614319
7767499776.0,-0.3885822892189026
7768437248.0,-0.400047242641449
7769375232.0,-0.41167378425598145
7770312704.0,-0.4213240146636963
7771250176.0,-0.4287726879119873
7772187648.0,-0.4345870018005371
7773125120.0,-0.4384627640247345
7774062592.0,-0.4407908320426941
7775000064.0,-0.4392582178115845
7775937536.0,-0.43694013357162476
7776875008.0,-0.4307110607624054
7777812480.0,-0.4228125214576721
7778749952.0,-0.41240566968917847
7779687424.0,-0.4002227485179901
7780624896.0,-0.38483095169067383
7781562368.0,-0.36692723631858826
7782499840.0,-0.3462779223918915
7783437312.0,-0.32559695839881897
7784374784.0,-0.3003743290901184
7785312256.0,-0.27442097663879395
7786250240.0,-0.24653558433055878
7787187712.0,-0.21779948472976685
7788125184.0,-0.18615400791168213
7789062656.0,-0.1549849659204483
7790000128.0,-0.12227688729763031
7790937600.0,-0.08916173875331879
7791875072.0,-0.055274710059165955
7792812544.0,-0.020601535215973854
7793750016.0,0.012861509807407856
7794687488.0,0.04709303751587868
7795624960.0,0.08075450360774994
7796562432.0,0.11443924158811569
7797499904.0,0.1453617960214615
7798437376.0,0.17549414932727814
7799374848.0,0.20457874238491058
7800312320.0,0.23200049996376038
7801249792.0,0.2573895752429962
7802187264.0,0.2807295620441437
7803125248.0,0.30190393328666687
7804062720.0,0.1349179744720459
7805000192.0,0.14894351363182068
7805937664.0,0.1608392745256424
7806875136.0,0.17222550511360168
7807812608.0,0.17934972047805786
7808750080.0,0.186079740524292
7809687552.0,0.19048938155174255
7810625024.0,0.1931169033050537
7811562496.0,0.19339431822299957
7812499968.0,0.19196179509162903
7813437440.0,0.18716877698898315
7814374912.0,0.1804957538843155
7815312384.0,0.1716340333223343
7816249856.0,0.16063423454761505
7817187328.0,0.14703892171382904
7818124800.0,0.13142229616641998
7819062272.0,0.11402985453605652
7820000256.0,0.09365389496088028
7820937728.0,0.07198133319616318
7821875200.0,0.048734840005636215
7822812672.0,0.02549666538834572
7823750144.0,0.0012975827557966113
7824687616.0,-0.024197090417146683
7825625088.0,-0.050662558525800705
7826562560.0,-0.07886619120836258
7827500032.0,-0.10665179789066315
7828437504.0,-0.13475888967514038
7829374976.0,-0.16334304213523865
7830312448.0,-0.19133976101875305
7831249920.0,-0.22007501125335693
7832187392.0,-0.24778681993484497
7833124864.0,-0.2748032212257385
7834062336.0,-0.30112606287002563
7834999808.0,-0.3270812928676605
7835937280.0,-0.35028132796287537
7836874752.0,-0.3736717700958252
7837812736.0,-0.39399898052215576
7838750208.0,-0.41385355591773987
7839687680.0,-0.4308560788631439
7840625152.0,-0.44688570499420166
7841562624.0,-0.45961451530456543
7842500096.0,-0.4721960127353668
7843437568.0,-0.48166173696517944
7844375040.0,-0.4885200560092926
7845312512.0,-0.4940667748451233
7846249984.0,-0.4972987771034241
7847187456.0,-0.49836042523384094
7848124928.0,-0.4945729672908783
7849062400.0,-0.4893230199813843
7849999872.0,-0.48118069767951965
7850937344.0,-0.4731592535972595
7851874816.0,-0.46268168091773987
7852812288.0,-0.451154887676239
7853749760.0,-0.43805843591690063
7854687744.0,-0.42535772919654846
7855625216.0,-0.4097999930381775
7856562688.0,-0.3949105441570282
7857500160.0,-0.377911239862442
7858437632.0,-0.36128509044647217
7859375104.0,-0.3432007133960724
7860312576.0,-0.3252440094947815
7861250048.0,-0.3072596490383148
7862187520.0,-0.2881220877170563
7863124992.0,-0.2694894075393677
7864062464.0,-0.2519078254699707
7864999936.0,-0.2335883378982544
7865937408.0,-0.21575728058815002
7866874880.0,-0.1987919807434082
7867812352.0,-0.17890174686908722
7868749824.0,-0.161675363779068
7869687296.0,-0.14446456730365753
7870624768.0,-0.12542888522148132
7871562752.0,-0.10864704102277756
7872500224.0,-0.08992905914783478
7873437696.0,-0.0722704529762268
7874375168.0,-0.0554109625518322
7875312640.0,-0.03824690356850624
7876250112.0,-0.022550782188773155
7877187584.0,-0.009394785389304161
7878125056.0,0.003523121355101466
7879062528.0,0.016044722869992256
7880000000.0,0.025021705776453018
7880937472.0,0.03260863944888115
7881874944.0,0.03771340847015381
7882812416.0,0.040696389973163605
7883749888.0,0.04123954102396965
7884687360.0,0.039125874638557434
7885624832.0,0.03325759619474411
7886562304.0,0.026962243020534515
7887499776.0,0.01645496115088463
7888437248.0,0.004128064960241318
7889375232.0,-0.012165524065494537
7890312704.0,-0.02829495444893837
7891250176.0,-0.04943586885929108
7892187648.0,-0.07048216462135315
7893125120.0,-0.09428031742572784
7894062592.0,-0.11830133199691772
7895000064.0,-0.14424462616443634
7895937536.0,-0.1712220311164856
7896875008.0,-0.1970822811126709
7897812480.0,-0.22429946064949036
7898749952.0,-0.25229257345199585
7899687424.0,-0.28058338165283203
7900624896.0,-0.30904242396354675
7901562368.0,-0.337044894695282
7902499840.0,-0.3633846938610077
7903437312.0,-0.3897472023963928
7904374784.0,-0.4152357280254364
7905312256.0,-0.43887650966644287
7906250240.0,-0.46082133054733276
7907187712.0,-0.48354852199554443
7908125184.0,-0.504135012626648
7909062656.0,-0.5246269106864929
7910000128.0,-0.542822003364563
7910937600.0,-0.5617396831512451
7911875072.0,-0.5793715119361877
7912812544.0,-0.5967057943344116
7913750016.0,-0.6136025786399841
7914687488.0,-0.6318381428718567
7915624960.0,-0.6488934755325317
7916562432.0,-0.6674410104751587
7917499904.0,-0.6859546303749084
7918437376.0,-0.7042660117149353
7919374848.0,-0.7233498692512512
7920312320.0,-0.7446717619895935
7921249792.0,-0.7636604309082031
7922187264.0,-0.7848002910614014
7923125248.0,-0.80635005235672
7924062720.0,-0.8547865152359009
7925000192.0,-0.8592134118080139
7925937664.0,-0.8647829294204712
7926875136.0,-0.8688855171203613
7927812608.0,-0.872928261756897
7928750080.0,-0.8760263323783875
7929687552.0,-0.8808483481407166
7930625024.0,-0.8847712278366089
7931562496.0,-0.8885172605514526
7932499968.0,-0.8921290040016174
7933437440.0,-0.8941436409950256
7934374912.0,-0.8952494263648987
7935312384.0,-0.8960644006729126
7936249856.0,-0.8971633315086365
7937187328.0,-0.8958175182342529
7938124800.0,-0.8934428095817566
7939062272.0,-0.8907949924468994
7939999744.0,-0.8860019445419312
7940937728.0,-0.8809268474578857
7941875200.0,-0.8734686970710754
7942812672.0,-0.8651105165481567
7943750144.0,-0.8550533652305603
7944687616.0,-0.8447650074958801
7945625088.0,-0.8303218483924866
7946562560.0,-0.8140674233436584
7947500032.0,-0.7962185144424438
7948437504.0,-0.7773883938789368
7949374976.0,-0.7575415968894958
7950312448.0,-0.7379216551780701
7951249920.0,-0.7163550853729248
7952187392.0,-0.6925849914550781
7953124864.0,-0.6683486700057983
7954062336.0,-0.6439791321754456
7954999808.0,-0.6176045536994934
7955937280.0,-0.5906865000724792
7956874752.0,-0.56333327293396
7957812736.0,-0.5346602201461792
7958750208.0,-0.508072555065155
7959687680.0,-0.47909262776374817
7960625152.0,-0.4501630365848541
7961562624.0,-0.4236362874507904
7962500096.0,-0.3951743245124817
7963437568.0,-0.3684406876564026
7964375040.0,-0.3413306176662445
7965312512.0,-0.31586870551109314
7966249984.0,-0.2901887893676758
7967187456.0,-0.26571208238601685
7968124928.0,-0.2425820231437683
7969062400.0,-0.2211739420890808
7969999872.0,-0.2025357335805893
7970937344.0,-0.1833450198173523
7971874816.0,-0.16786552965641022
7972812288.0,-0.1520325392484665
7973749760.0,-0.14047373831272125
7974687744.0,-0.12952706217765808
7975625216.0,-0.12091374397277832
7976562688.0,-0.114273302257061
7977500160.0,-0.10983488708734512
7978437632.0,-0.1080990806221962
7979375104.0,-0.10789927840232849
7980312576.0,-0.10795744508504868
7981250048.0,-0.11170440167188644
7982187520.0,-0.11659150570631027
7983124992.0,-0.1237592101097107
7984062464.0,-0.2494625598192215
7984999936.0,-0.25060996413230896
7985937408.0,-0.2527244985103607
7986874880.0,-0.2557424008846283
7987812352.0,-0.2594095766544342
7988749824.0,-0.2638583183288574
7989687296.0,-0.2684738337993622
7990624768.0,-0.2752052843570709
7991562752.0,-0.2811497151851654
7992500224.0,-0.28765252232551575
7993437696.0,-0.296800822019577
7994375168.0,-0.3036861717700958
7995312640.0,-0.3128706216812134
7996250112.0,-0.32273411750793457
7997187584.0,-0.3325071632862091
7998125056.0,-0.3423502445220947
7999062528.0,-0.35292744636535645
8000000000.0,-0.3618530035018921
