Frequency (Hz),Measurement
2000000000.0,0.13825634121894836
2000937472.0,0.13256067037582397
2001874944.0,0.12806449830532074
2002812544.0,0.12358549982309341
2003750016.0,0.1195303276181221
2004687488.0,0.11518432945013046
2005624960.0,0.10988373309373856
2006562560.0,0.10590644925832748
2007500032.0,0.10014864802360535
2008437504.0,0.0955551266670227
2009374976.0,0.0899161845445633
2010312448.0,0.08471035212278366
2011250048.0,0.07881083339452744
2012187520.0,0.07297517359256744
2013124992.0,0.06705839931964874
2014062464.0,0.06130011007189751
2015000064.0,0.0550708994269371
2015937536.0,0.050088055431842804
2016875008.0,0.044065795838832855
2017812480.0,0.038024187088012695
2018749952.0,0.03316444158554077
2019687552.0,0.027922753244638443
2020625024.0,0.02312135137617588
2021562496.0,0.019986219704151154
2022499968.0,0.016364796087145805
2023437440.0,0.013161742128431797
2024375040.0,0.011270218528807163
2025312512.0,0.008901816792786121
2026249984.0,0.0084659019485116
2027187456.0,0.008146238513290882
2028125056.0,0.00879219826310873
2029062528.0,0.00970765482634306
2030000000.0,0.011850024573504925
2030937472.0,0.014974446967244148
2031874944.0,0.019442208111286163
2032812544.0,0.023651201277971268
2033750016.0,0.029374783858656883
2034687488.0,0.034398313611745834
2035624960.0,0.040536899119615555
2036562560.0,0.048815447837114334
2037500032.0,0.055696770548820496
2038437504.0,0.06390299648046494
2039374976.0,0.07222644239664078
2040312448.0,0.07979019731283188
2041250048.0,0.08782745152711868
2042187520.0,0.0963764563202858
2043124992.0,0.10412624478340149
2044062464.0,0.1116887703537941
2044999936.0,0.11764012277126312
2045937536.0,0.12388817965984344
2046875008.0,0.1291029304265976
2047812480.0,0.1333586722612381
2048749952.0,0.14287692308425903
2049687552.0,0.13822020590305328
2050625024.0,0.13306361436843872
2051562496.0,0.12657888233661652
2052499968.0,0.12008103728294373
2053437440.0,0.11337860673666
2054375040.0,0.10657418519258499
2055312512.0,0.09869414567947388
2056249984.0,0.09199173748493195
2057187456.0,0.08395126461982727
2058125056.0,0.07732608914375305
2059062528.0,0.0699714943766594
2060000000.0,0.0630384162068367
2060937472.0,0.05660543218255043
2061874944.0,0.04891201853752136
2062812544.0,0.04369218647480011
2063750016.0,0.036963947117328644
2064687488.0,0.03131473809480667
2065624960.0,0.026418201625347137
2066562560.0,0.020658496767282486
2067500032.0,0.01675279065966606
2068437504.0,0.012481956742703915
2069374976.0,0.00878943968564272
2070312448.0,0.006044491194188595
2071250048.0,0.0026088072918355465
2072187520.0,-0.0004418095340952277
2073124992.0,-0.0022478525061160326
2074062464.0,-0.004783003591001034
2075000064.0,-0.00587396789342165
2075937536.0,-0.007691795472055674
2076875008.0,-0.008766303770244122
2077812480.0,-0.008930632844567299
2078749952.0,-0.009133812040090561
2079687552.0,-0.008813177235424519
2080625024.0,-0.008208752609789371
2081562496.0,-0.007687455974519253
2082499968.0,-0.006725984625518322
2083437440.0,-0.004848354030400515
2084375040.0,-0.0022508949041366577
2085312512.0,0.0004916691686958075
2086249984.0,0.003774864599108696
2087187456.0,0.007145328912883997
2088125056.0,0.011829352006316185
2089062528.0,0.016888339072465897
2090000000.0,0.023544497787952423
2090937472.0,0.028955431655049324
2091874944.0,0.035615939646959305
2092812544.0,0.042878150939941406
2093750016.0,0.05179955065250397
2094687488.0,0.06011158600449562
2095624960.0,0.06950750201940536
2096562560.0,0.07900163531303406
2097500032.0,0.09000852704048157
2098437504.0,0.10073501616716385
2099374976.0,0.11297179758548737
2100312448.0,0.12535682320594788
2101250048.0,0.1377694308757782
2102187520.0,0.15116313099861145
2103124992.0,0.16398519277572632
2104062464.0,0.17755401134490967
2104999936.0,0.19129475951194763
2105937536.0,0.20453812181949615
2106875008.0,0.2174893170595169
2107812480.0,0.2309655100107193
2108749952.0,0.2697674632072449
2109687552.0,0.2771362364292145
2110625024.0,0.2849620282649994
2111562496.0,0.29266759753227234
2112499968.0,0.2983585596084595
2113437440.0,0.30303457379341125
2114375040.0,0.30593743920326233
2115312512.0,0.3068290650844574
2116249984.0,0.3062916398048401
2117187456.0,0.3008967936038971
2118125056.0,0.29546836018562317
2119062528.0,0.28612321615219116
2120000000.0,0.2731342315673828
2120937472.0,0.2579602897167206
2121874944.0,0.24003522098064423
2122812544.0,0.21916818618774414
2123750016.0,0.1963651031255722
2124687488.0,0.17235156893730164
2125624960.0,0.14579135179519653
2126562560.0,0.11901020258665085
2127500032.0,0.09252286702394485
2128437504.0,0.06507258862257004
2129374976.0,0.037791233509778976
2130312448.0,0.012479040771722794
2131250048.0,-0.011708306148648262
2132187520.0,-0.03474106639623642
2133124992.0,-0.0541202612221241
2134062464.0,-0.07236561924219131
2135000064.0,-0.08807231485843658
2135937536.0,-0.1013820543885231
2136875008.0,-0.11115892231464386
2137812480.0,-0.11715374886989594
2138749952.0,-0.12100986391305923
2139687552.0,-0.1227966845035553
2140625024.0,-0.12115613371133804
2141562496.0,-0.11723507195711136
2142499968.0,-0.11120373010635376
2143437440.0,-0.10217897593975067
2144375040.0,-0.09177380055189133
2145312512.0,-0.0807928666472435
2146249984.0,-0.06763408333063126
2147187456.0,-0.054278455674648285
2148124928.0,-0.040157657116651535
2149062400.0,-0.025347977876663208
2150000128.0,-0.010644342750310898
2150937600.0,0.003506713779643178
2151875072.0,0.018608849495649338
2152812544.0,0.032351404428482056
2153750016.0,0.04499116167426109
2154687488.0,0.05858079344034195
2155624960.0,0.07030792534351349
2156562432.0,0.08164196461439133
2157499904.0,0.0930701196193695
2158437376.0,0.1030765175819397
2159375104.0,0.11254911869764328
2160312576.0,0.12200844287872314
2161250048.0,0.1316113919019699
2162187520.0,0.14021897315979004
2163124992.0,0.1488761156797409
2164062464.0,0.15777483582496643
2164999936.0,0.1661888211965561
2165937408.0,0.17489440739154816
2166874880.0,0.18280509114265442
2167812608.0,0.19243663549423218
2168750080.0,0.21641166508197784
2169687552.0,0.22809122502803802
2170625024.0,0.23913370072841644
2171562496.0,0.24983881413936615
2172499968.0,0.2602291405200958
2173437440.0,0.2706964910030365
2174374912.0,0.27978450059890747
2175312384.0,0.2882787883281708
2176250112.0,0.2945055365562439
2177187584.0,0.30025002360343933
2178125056.0,0.3038767874240875
2179062528.0,0.3057762384414673
2180000000.0,0.3068316578865051
2180937472.0,0.30466151237487793
2181874944.0,0.30032673478126526
2182812416.0,0.29382336139678955
2183749888.0,0.2850695252418518
2184687616.0,0.2752569615840912
2185625088.0,0.26290610432624817
2186562560.0,0.24858760833740234
2187500032.0,0.23274149000644684
2188437504.0,0.21451923251152039
2189374976.0,0.19690503180027008
2190312448.0,0.17718228697776794
2191249920.0,0.1567026823759079
2192187392.0,0.1358899623155594
2193125120.0,0.11455881595611572
2194062592.0,0.0935060977935791
2195000064.0,0.07287269830703735
2195937536.0,0.05216322839260101
2196875008.0,0.03354403004050255
2197812480.0,0.015172529965639114
2198749952.0,-0.002447866601869464
2199687424.0,-0.01687932014465332
2200624896.0,-0.030661147087812424
2201562624.0,-0.040422145277261734
2202500096.0,-0.050054337829351425
2203437568.0,-0.057015080004930496
2204375040.0,-0.06182073801755905
2205312512.0,-0.06341080367565155
2206249984.0,-0.06356047093868256
2207187456.0,-0.06086951866745949
2208124928.0,-0.05675054341554642
2209062400.0,-0.05042937025427818
2209999872.0,-0.04226308315992355
2210937600.0,-0.031655412167310715
2211875072.0,-0.019778862595558167
2212812544.0,-0.006487070117145777
2213750016.0,0.007546276319772005
2214687488.0,0.02358516864478588
2215624960.0,0.0388486422598362
2216562432.0,0.05610405281186104
2217499904.0,0.07357441633939743
2218437376.0,0.09112075716257095
2219375104.0,0.10801932215690613
2220312576.0,0.1256381869316101
2221250048.0,0.14129400253295898
2222187520.0,0.15632997453212738
2223124992.0,0.17171305418014526
2224062464.0,0.1848413050174713
2224999936.0,0.19686545431613922
2225937408.0,0.2074829339981079
2226874880.0,0.21541018784046173
2227812608.0,0.2230643928050995
2228750080.0,0.1961597055196762
2229687552.0,0.20210231840610504
2230625024.0,0.20678311586380005
2231562496.0,0.21052399277687073
2232499968.0,0.21333040297031403
2233437440.0,0.21416454017162323
2234374912.0,0.2133842408657074
2235312384.0,0.21017004549503326
2236250112.0,0.20480331778526306
2237187584.0,0.19867099821567535
2238125056.0,0.1897016167640686
2239062528.0,0.1784050464630127
2240000000.0,0.16495753824710846
2240937472.0,0.15020564198493958
2241874944.0,0.13373999297618866
2242812416.0,0.11559019237756729
2243749888.0,0.09624787420034409
2244687616.0,0.07671942561864853
2245625088.0,0.055694445967674255
2246562560.0,0.03480784595012665
2247500032.0,0.01438646949827671
2248437504.0,-0.005776872392743826
2249374976.0,-0.02506013587117195
2250312448.0,-0.04353749379515648
2251249920.0,-0.06113814190030098
2252187392.0,-0.07567337155342102
2253125120.0,-0.08932359516620636
2254062592.0,-0.1002887412905693
2255000064.0,-0.1091609001159668
2255937536.0,-0.11512057483196259
2256875008.0,-0.11908403784036636
2257812480.0,-0.12076130509376526
2258749952.0,-0.11955229192972183
2259687424.0,-0.11578810214996338
2260624896.0,-0.11076129227876663
2261562624.0,-0.10229004919528961
2262500096.0,-0.09298913925886154
2263437568.0,-0.08154420554637909
2264375040.0,-0.0686461329460144
2265312512.0,-0.05491374060511589
2266249984.0,-0.03951038420200348
2267187456.0,-0.0233932975679636
2268124928.0,-0.006508304737508297
2269062400.0,0.010026568546891212
2270000128.0,0.02828889526426792
2270937600.0,0.04544733464717865
2271875072.0,0.06274398416280746
2272812544.0,0.07972624152898788
2273750016.0,0.09576360136270523
2274687488.0,0.11285364627838135
2275624960.0,0.12727461755275726
2276562432.0,0.142501562833786
2277499904.0,0.15601707994937897
2278437376.0,0.16801653802394867
2279375104.0,0.17994187772274017
2280312576.0,0.19120252132415771
2281250048.0,0.20051734149456024
2282187520.0,0.2091362178325653
2283124992.0,0.217975452542305
2284062464.0,0.22381293773651123
2284999936.0,0.2300906479358673
2285937408.0,0.2355845421552658
2286874880.0,0.2404666692018509
2287812608.0,0.2446417212486267
2288750080.0,0.2567417621612549
2289687552.0,0.2645549774169922
2290625024.0,0.2728559076786041
2291562496.0,0.2798943817615509
2292499968.0,0.28787529468536377
2293437440.0,0.2945493459701538
2294374912.0,0.30049553513526917
2295312384.0,0.30682530999183655
2296250112.0,0.3111095130443573
2297187584.0,0.31496044993400574
2298125056.0,0.316506564617157
2299062528.0,0.31706494092941284
2300000000.0,0.31602007150650024
2300937472.0,0.31339970231056213
2301874944.0,0.30714812874794006
2302812416.0,0.29834431409835815
2303749888.0,0.2876659035682678
2304687616.0,0.2726097106933594
2305625088.0,0.25697192549705505
2306562560.0,0.2381654530763626
2307500032.0,0.21727299690246582
2308437504.0,0.1938462257385254
2309374976.0,0.16821524500846863
2310312448.0,0.14129512012004852
2311249920.0,0.11254880577325821
2312187392.0,0.08415073901414871
2313125120.0,0.055235203355550766
2314062592.0,0.0244780033826828
2315000064.0,-0.00344235566444695
2315937536.0,-0.031183263286948204
2316875008.0,-0.05639185011386871
2317812480.0,-0.07968449592590332
2318749952.0,-0.10097813606262207
2319687424.0,-0.12106779962778091
2320624896.0,-0.1377865970134735
2321562624.0,-0.15244142711162567
2322500096.0,-0.16595038771629333
2323437568.0,-0.17572486400604248
2324375040.0,-0.18327687680721283
2325312512.0,-0.19042006134986877
2326249984.0,-0.19323371350765228
2327187456.0,-0.19494925439357758
2328124928.0,-0.19409100711345673
2329062400.0,-0.1937182992696762
2329999872.0,-0.18918965756893158
2330937600.0,-0.18512900173664093
2331875072.0,-0.17814184725284576
2332812544.0,-0.17141222953796387
2333750016.0,-0.16223029792308807
2334687488.0,-0.15129245817661285
2335624960.0,-0.13912105560302734
2336562432.0,-0.12488048523664474
2337499904.0,-0.10887130349874496
2338437376.0,-0.09202040731906891
2339375104.0,-0.07237396389245987
2340312576.0,-0.05165933072566986
2341250048.0,-0.030156772583723068
2342187520.0,-0.007123630028218031
2343124992.0,0.017331451177597046
2344062464.0,0.04246867820620537
2344999936.0,0.06821548193693161
2345937408.0,0.09419405460357666
2346874880.0,0.12030099332332611
2347812608.0,0.14653503894805908
2348750080.0,0.20402617752552032
2349687552.0,0.21932801604270935
2350625024.0,0.23270660638809204
2351562496.0,0.24234715104103088
2352499968.0,0.24962198734283447
2353437440.0,0.25142818689346313
2354374912.0,0.25077056884765625
2355312384.0,0.24677805602550507
2356250112.0,0.23951265215873718
2357187584.0,0.22791171073913574
2358125056.0,0.2134753316640854
2359062528.0,0.1964637190103531
2360000000.0,0.17563915252685547
2360937472.0,0.15319161117076874
2361874944.0,0.12896786630153656
2362812416.0,0.101917564868927
2363749888.0,0.07415030151605606
2364687616.0,0.0454951636493206
2365625088.0,0.01604018546640873
2366562560.0,-0.013270983472466469
2367500032.0,-0.04222859442234039
2368437504.0,-0.07127654552459717
2369374976.0,-0.09948998689651489
2370312448.0,-0.12664711475372314
2371249920.0,-0.15136274695396423
2372187392.0,-0.17351402342319489
2373125120.0,-0.19413329660892487
2374062592.0,-0.21280579268932343
2375000064.0,-0.22963157296180725
2375937536.0,-0.2419297993183136
2376875008.0,-0.2527514696121216
2377812480.0,-0.260143518447876
2378749952.0,-0.264085590839386
2379687424.0,-0.2674148678779602
2380624896.0,-0.26501235365867615
2381562624.0,-0.26206353306770325
2382500096.0,-0.2563026249408722
2383437568.0,-0.24729374051094055
2384375040.0,-0.23796319961547852
2385312512.0,-0.2251470983028412
2386249984.0,-0.21068669855594635
2387187456.0,-0.19487647712230682
2388124928.0,-0.17899194359779358
2389062400.0,-0.16118836402893066
2390000128.0,-0.1427796483039856
2390937600.0,-0.12578734755516052
2391875072.0,-0.10708975046873093
2392812544.0,-0.09052006900310516
2393750016.0,-0.07421084493398666
2394687488.0,-0.05810273438692093
2395624960.0,-0.04356955364346504
2396562432.0,-0.030593864619731903
2397499904.0,-0.018069082871079445
2398437376.0,-0.007131892256438732
2399375104.0,0.002650592476129532
2400312576.0,0.009938015602529049
2401250048.0,0.017781270667910576
2402187520.0,0.02403743378818035
2403124992.0,0.028251077979803085
2404062464.0,0.03113676607608795
2404999936.0,0.03269868344068527
2405937408.0,0.03359927237033844
2406874880.0,0.03179348632693291
2407812608.0,0.03014412522315979
2408750080.0,0.024439314380288124
2409687552.0,0.030608044937253
2410625024.0,0.03412126377224922
2411562496.0,0.03425658494234085
2412499968.0,0.03339756280183792
2413437440.0,0.03032195195555687
2414374912.0,0.024145349860191345
2415312384.0,0.01637260802090168
2416250112.0,0.0051872930489480495
2417187584.0,-0.0072121149860322475
2418125056.0,-0.022565873339772224
2419062528.0,-0.03847971558570862
2420000000.0,-0.05648712068796158
2420937472.0,-0.07467325776815414
2421874944.0,-0.09520761668682098
2422812416.0,-0.11530774086713791
2423749888.0,-0.13687223196029663
2424687616.0,-0.15863755345344543
2425625088.0,-0.18061695992946625
2426562560.0,-0.2029220461845398
2427500032.0,-0.22453410923480988
2428437504.0,-0.24703393876552582
2429374976.0,-0.26906153559684753
2430312448.0,-0.28992193937301636
2431249920.0,-0.3085312247276306
2432187392.0,-0.3283596932888031
2433125120.0,-0.3459685146808624
2434062592.0,-0.3613820970058441
2435000064.0,-0.3770606219768524
2435937536.0,-0.39062801003456116
2436875008.0,-0.40318748354911804
2437812480.0,-0.4138864576816559
2438749952.0,-0.4245030879974365
2439687424.0,-0.4321673810482025
2440624896.0,-0.4391167461872101
2441562624.0,-0.4442136287689209
2442500096.0,-0.44779613614082336
2443437568.0,-0.4505774974822998
2444375040.0,-0.4514153003692627
2445312512.0,-0.4511429965496063
2446249984.0,-0.44952914118766785
2447187456.0,-0.44754502177238464
2448124928.0,-0.44396185874938965
2449062400.0,-0.4393913745880127
2449999872.0,-0.43418678641319275
2450937600.0,-0.4288332462310791
2451875072.0,-0.42366451025009155
2452812544.0,-0.41731739044189453
2453750016.0,-0.4111640453338623
2454687488.0,-0.4054754376411438
2455624960.0,-0.40046826004981995
2456562432.0,-0.3944956660270691
2457499904.0,-0.3897179365158081
2458437376.0,-0.384494423866272
2459375104.0,-0.38139286637306213
2460312576.0,-0.3767032325267792
2461250048.0,-0.37459102272987366
2462187520.0,-0.37309974431991577
2463124992.0,-0.3734426498413086
2464062464.0,-0.37458375096321106
2464999936.0,-0.3778066337108612
2465937408.0,-0.3817124664783478
2466874880.0,-0.38828927278518677
2467812608.0,-0.3972805142402649
2468750080.0,-0.4851536452770233
2469687552.0,-0.5068485140800476
2470625024.0,-0.531463623046875
2471562496.0,-0.5595643520355225
2472499968.0,-0.590390145778656
2473437440.0,-0.6244293451309204
2474374912.0,-0.6619579195976257
2475312384.0,-0.7012806534767151
2476250112.0,-0.7442420721054077
2477187584.0,-0.7909307479858398
2478125056.0,-0.8410709500312805
2479062528.0,-0.8946255445480347
2480000000.0,-0.9513040781021118
2480937472.0,-1.0109715461730957
2481874944.0,-1.0718671083450317
2482812416.0,-1.1369529962539673
2483749888.0,-1.2064398527145386
2484687616.0,-1.279675006866455
2485625088.0,-1.3554750680923462
2486562560.0,-1.4370085000991821
2487500032.0,-1.5213816165924072
2488437504.0,-1.6093683242797852
2489374976.0,-1.699888825416565
2490312448.0,-1.7951442003250122
2491249920.0,-1.8960107564926147
2492187392.0,-1.999175786972046
2493125120.0,-2.106837749481201
2494062592.0,-2.219930410385132
2495000064.0,-2.3384170532226562
2495937536.0,-2.464689016342163
2496875008.0,-2.597550392150879
2497812480.0,-2.7379488945007324
2498749952.0,-2.8873507976531982
2499687424.0,-3.044544219970703
2500624896.0,-3.2137417793273926
2501562624.0,-3.3954854011535645
2502500096.0,-3.5874335765838623
2503437568.0,-3.7935547828674316
2504375040.0,-4.013513565063477
2505312512.0,-4.249593734741211
2506249984.0,-4.501716613769531
2507187456.0,-4.769464492797852
2508124928.0,-5.055496692657471
2509062400.0,-5.358297824859619
2510000128.0,-5.674558162689209
2510937600.0,-6.006087303161621
2511875072.0,-6.344457626342773
2512812544.0,-6.680553913116455
2513750016.0,-7.002274036407471
2514687488.0,-7.294376373291016
2515624960.0,-7.544319152832031
2516562432.0,-7.7368035316467285
2517499904.0,-7.859240531921387
2518437376.0,-7.899210453033447
2519375104.0,-7.850397109985352
2520312576.0,-7.722696781158447
2521250048.0,-7.519525527954102
2522187520.0,-7.250205039978027
2523124992.0,-6.933767318725586
2524062464.0,-6.578506946563721
2524999936.0,-6.203882694244385
2525937408.0,-5.8240790367126465
2526874880.0,-5.444026470184326
2527812608.0,-5.073774337768555
2528750080.0,-4.709074974060059
2529687552.0,-4.371089458465576
2530625024.0,-4.052304267883301
2531562496.0,-3.7548341751098633
2532499968.0,-3.480865478515625
2533437440.0,-3.223353862762451
2534374912.0,-2.988468647003174
2535312384.0,-2.773247003555298
2536250112.0,-2.5752203464508057
2537187584.0,-2.3942322731018066
2538125056.0,-2.2315011024475098
2539062528.0,-2.0817489624023438
2540000000.0,-1.9472970962524414
2540937472.0,-1.8234845399856567
2541874944.0,-1.7101879119873047
2542812416.0,-1.6084058284759521
2543749888.0,-1.5169881582260132
2544687616.0,-1.4333863258361816
2545625088.0,-1.3577512502670288
2546562560.0,-1.2896031141281128
2547500032.0,-1.2279385328292847
2548437504.0,-1.173181176185608
2549374976.0,-1.1244274377822876
2550312448.0,-1.080414056777954
2551249920.0,-1.0404874086380005
2552187392.0,-1.0038328170776367
2553125120.0,-0.9721430540084839
2554062592.0,-0.9423888921737671
2555000064.0,-0.9151702523231506
2555937536.0,-0.8904539346694946
2556875008.0,-0.8682008981704712
2557812480.0,-0.8468382358551025
2558749952.0,-0.8261429667472839
2559687424.0,-0.8075104355812073
2560624896.0,-0.7881004810333252
2561562624.0,-0.7684069275856018
2562500096.0,-0.7510105967521667
2563437568.0,-0.7310327291488647
2564375040.0,-0.7118517756462097
2565312512.0,-0.6919723153114319
2566249984.0,-0.6726075410842896
2567187456.0,-0.6511245369911194
2568124928.0,-0.6293898820877075
2569062400.0,-0.606757640838623
2569999872.0,-0.5826291441917419
2570937600.0,-0.5580498576164246
2571875072.0,-0.5343464612960815
2572812544.0,-0.5072708129882812
2573750016.0,-0.4800313115119934
2574687488.0,-0.4514848589897156
2575624960.0,-0.42269766330718994
2576562432.0,-0.3931729197502136
2577499904.0,-0.3627595603466034
2578437376.0,-0.33260607719421387
2579375104.0,-0.30193617939949036
2580312576.0,-0.2724529802799225
2581250048.0,-0.24167828261852264
2582187520.0,-0.2116289883852005
2583124992.0,-0.18240214884281158
2584062464.0,-0.1540728062391281
2584999936.0,-0.12758250534534454
2585937408.0,-0.1008252501487732
2586874880.0,-0.07656051963567734
2587812608.0,-0.054367922246456146
2588750080.0,-0.029552295804023743
2589687552.0,-0.014667158015072346
2590625024.0,-0.003278163028880954
2591562496.0,0.007329101208597422
2592499968.0,0.01616228185594082
2593437440.0,0.021666105836629868
2594374912.0,0.02689265087246895
2595312384.0,0.029440367594361305
2596250112.0,0.029897591099143028
2597187584.0,0.02927331067621708
2598125056.0,0.02561500482261181
2599062528.0,0.021167492493987083
2600000000.0,0.014753676019608974
2600937472.0,0.007279118988662958
2601874944.0,-0.0017054210184141994
2602812416.0,-0.012182177044451237
2603749888.0,-0.023582054302096367
2604687616.0,-0.036752548068761826
2605625088.0,-0.04873441532254219
2606562560.0,-0.06236864626407623
2607500032.0,-0.07570099085569382
2608437504.0,-0.0893673524260521
2609374976.0,-0.10392497479915619
2610312448.0,-0.11622697114944458
2611249920.0,-0.13055671751499176
2612187392.0,-0.14332078397274017
2613125120.0,-0.1563292145729065
2614062592.0,-0.16808247566223145
2615000064.0,-0.17920884490013123
2615937536.0,-0.1887463480234146
2616875008.0,-0.19854025542736053
2617812480.0,-0.2062564641237259
2618749952.0,-0.21283148229122162
2619687424.0,-0.21807429194450378
2620624896.0,-0.22260794043540955
2621562624.0,-0.22566527128219604
2622500096.0,-0.22616711258888245
2623437568.0,-0.22603321075439453
2624375040.0,-0.22395645081996918
2625312512.0,-0.2204926759004593
2626249984.0,-0.21502608060836792
2627187456.0,-0.20924407243728638
2628124928.0,-0.20187337696552277
2629062400.0,-0.1914772242307663
2630000128.0,-0.18129868805408478
2630937600.0,-0.16869142651557922
2631875072.0,-0.15541787445545197
2632812544.0,-0.1399967521429062
2633750016.0,-0.12420641630887985
2634687488.0,-0.10770101100206375
2635624960.0,-0.09000382572412491
2636562432.0,-0.07278414815664291
2637499904.0,-0.05360395088791847
2638437376.0,-0.03446394205093384
2639375104.0,-0.016134673729538918
2640312576.0,0.0023207238409668207
2641250048.0,0.022363347932696342
2642187520.0,0.04039416089653969
2643124992.0,0.059282444417476654
2644062464.0,0.0766957700252533
2644999936.0,0.0942901074886322
2645937408.0,0.11082515865564346
2646874880.0,0.12652544677257538
2647812608.0,0.15025334060192108
2648750080.0,0.16541151702404022
2649687552.0,0.17858946323394775
2650625024.0,0.1895582526922226
2651562496.0,0.1979716718196869
2652499968.0,0.2045266181230545
2653437440.0,0.20812760293483734
2654374912.0,0.20861533284187317
2655312384.0,0.2069704681634903
2656250112.0,0.20346291363239288
2657187584.0,0.19748805463314056
2658125056.0,0.18840909004211426
2659062528.0,0.17815227806568146
2660000000.0,0.165374293923378
2660937472.0,0.15028908848762512
2661874944.0,0.1345684975385666
2662812416.0,0.11721892654895782
2663749888.0,0.09844180196523666
2664687616.0,0.07928375154733658
2665625088.0,0.05837547779083252
2666562560.0,0.03798474371433258
2667500032.0,0.016895147040486336
2668437504.0,-0.003935941029340029
2669374976.0,-0.02348768152296543
2670312448.0,-0.04445004463195801
2671249920.0,-0.06321679055690765
2672187392.0,-0.08061603456735611
2673125120.0,-0.09782746434211731
2674062592.0,-0.11353590339422226
2675000064.0,-0.12771643698215485
2675937536.0,-0.1401965469121933
2676875008.0,-0.1499585658311844
2677812480.0,-0.15763747692108154
2678749952.0,-0.16483564674854279
2679687424.0,-0.1694740653038025
2680624896.0,-0.17138569056987762
2681562624.0,-0.17230354249477386
2682500096.0,-0.17071713507175446
2683437568.0,-0.16714653372764587
2684375040.0,-0.16087107360363007
2685312512.0,-0.1528443992137909
2686249984.0,-0.14328058063983917
2687187456.0,-0.13142701983451843
2688124928.0,-0.11963211745023727
2689062400.0,-0.1053386852145195
2689999872.0,-0.09051819890737534
2690937600.0,-0.07491647452116013
2691875072.0,-0.05866149067878723
2692812544.0,-0.04052231088280678
2693750016.0,-0.022577742114663124
2694687488.0,-0.004387907218188047
2695624960.0,0.013128860853612423
2696562432.0,0.031573452055454254
2697499904.0,0.0495738610625267
2698437376.0,0.0668952688574791
2699375104.0,0.08400091528892517
2700312576.0,0.10061560571193695
2701250048.0,0.11491778492927551
2702187520.0,0.12946754693984985
2703124992.0,0.14307501912117004
2704062464.0,0.15516875684261322
2704999936.0,0.16610588133335114
2705937408.0,0.17586204409599304
2706874880.0,0.18336009979248047
2707812608.0,0.20337030291557312
2708750080.0,0.2080262452363968
2709687552.0,0.21090683341026306
2710625024.0,0.21365299820899963
2711562496.0,0.21509812772274017
2712499968.0,0.2157948911190033
2713437440.0,0.2142656445503235
2714374912.0,0.21113090217113495
2715312384.0,0.2070726901292801
2716250112.0,0.20265120267868042
2717187584.0,0.19606627523899078
2718125056.0,0.1885191947221756
2719062528.0,0.17990127205848694
2720000000.0,0.16846928000450134
2720937472.0,0.1567372828722
2721874944.0,0.1439162641763687
2722812416.0,0.13010138273239136
2723749888.0,0.11442134529352188
2724687616.0,0.09887410700321198
2725625088.0,0.08135855197906494
2726562560.0,0.0629390999674797
2727500032.0,0.044470567256212234
2728437504.0,0.02556043304502964
2729374976.0,0.00636193435639143
2730312448.0,-0.013089942745864391
2731249920.0,-0.03298337385058403
2732187392.0,-0.05282546952366829
2733125120.0,-0.07209714502096176
2734062592.0,-0.08942081034183502
2735000064.0,-0.10710158199071884
2735937536.0,-0.12411784380674362
2736875008.0,-0.13880760967731476
2737812480.0,-0.15225479006767273
2738749952.0,-0.16441525518894196
2739687424.0,-0.17398867011070251
2740624896.0,-0.18274042010307312
2741562624.0,-0.18955178558826447
2742500096.0,-0.19354014098644257
2743437568.0,-0.19468767940998077
2744375040.0,-0.19437354803085327
2745312512.0,-0.1903957575559616
2746249984.0,-0.18625381588935852
2747187456.0,-0.17873375117778778
2748124928.0,-0.1687273234128952
2749062400.0,-0.15659423172473907
2750000128.0,-0.14264285564422607
2750937600.0,-0.12628786265850067
2751875072.0,-0.10878141224384308
2752812544.0,-0.09036768972873688
2753750016.0,-0.06937936693429947
2754687488.0,-0.04862574487924576
2755624960.0,-0.026506952941417694
2756562432.0,-0.004614576697349548
2757499904.0,0.01811419054865837
2758437376.0,0.04090498387813568
2759375104.0,0.06267062574625015
2760312576.0,0.08402818441390991
2761250048.0,0.10420754551887512
2762187520.0,0.12413083016872406
2763124992.0,0.14163769781589508
2764062464.0,0.15743321180343628
2764999936.0,0.17188644409179688
2765937408.0,0.18509601056575775
2766874880.0,0.19556640088558197
2767812608.0,0.23688063025474548
2768750080.0,0.24040071666240692
2769687552.0,0.24340523779392242
2770625024.0,0.24401679635047913
2771562496.0,0.24239780008792877
2772499968.0,0.23892252147197723
2773437440.0,0.23457545042037964
2774374912.0,0.22918027639389038
2775312384.0,0.22168424725532532
2776250112.0,0.21311211585998535
2777187584.0,0.2028132677078247
2778125056.0,0.19267410039901733
2779062528.0,0.18051911890506744
2780000000.0,0.16820868849754333
2780937472.0,0.15504740178585052
2781874944.0,0.14048516750335693
2782812416.0,0.1261207014322281
2783749888.0,0.11140526831150055
2784687616.0,0.09619137644767761
2785625088.0,0.0806509405374527
2786562560.0,0.0651017352938652
2787500032.0,0.05009078234434128
2788437504.0,0.03513352572917938
2789374976.0,0.019421393051743507
2790312448.0,0.005362296476960182
2791249920.0,-0.008527940139174461
2792187392.0,-0.02250119112432003
2793125120.0,-0.03417419269680977
2794062592.0,-0.04643561691045761
2795000064.0,-0.05837620794773102
2795937536.0,-0.06689688563346863
2796875008.0,-0.0765727311372757
2797812480.0,-0.0840931385755539
2798749952.0,-0.09147130697965622
2799687424.0,-0.09580917656421661
2800624896.0,-0.09938844293355942
2801562624.0,-0.10129957646131516
2802500096.0,-0.10254695266485214
2803437568.0,-0.10174114257097244
2804375040.0,-0.09965018928050995
2805312512.0,-0.09498272091150284
2806249984.0,-0.08980733901262283
2807187456.0,-0.08335874229669571
2808124928.0,-0.0750565156340599
2809062400.0,-0.06577389687299728
2809999872.0,-0.05485115945339203
2810937600.0,-0.041997432708740234
2811875072.0,-0.029549038037657738
2812812544.0,-0.014590660110116005
2813750016.0,-0.00027354134363122284
2814687488.0,0.017042061313986778
2815624960.0,0.0336441695690155
2816562432.0,0.04960855841636658
2817499904.0,0.066604845225811
2818437376.0,0.08380461484193802
2819375104.0,0.10200861096382141
2820312576.0,0.11902346462011337
2821250048.0,0.13562951982021332
2822187520.0,0.15092560648918152
2823124992.0,0.16605934500694275
2824062464.0,0.18052564561367035
2824999936.0,0.19296759366989136
2825937408.0,0.20498116314411163
2826874880.0,0.21477419137954712
2827812608.0,0.2288515865802765
2828750080.0,0.23398801684379578
2829687552.0,0.23822712898254395
2830625024.0,0.23943676054477692
2831562496.0,0.23914124071598053
2832499968.0,0.237015500664711
2833437440.0,0.2328156679868698
2834374912.0,0.22661907970905304
2835312384.0,0.21941573917865753
2836250112.0,0.21023857593536377
2837187584.0,0.1997481882572174
2838125056.0,0.18814852833747864
2839062528.0,0.17497555911540985
2840000000.0,0.1605413854122162
2840937472.0,0.14497756958007812
2841874944.0,0.12860247492790222
2842812416.0,0.11215008050203323
2843749888.0,0.09465883672237396
2844687616.0,0.07655108720064163
2845625088.0,0.05934674292802811
2846562560.0,0.041532039642333984
2847500032.0,0.024745022878050804
2848437504.0,0.007471328601241112
2849374976.0,-0.009136617183685303
2850312448.0,-0.025242803618311882
2851249920.0,-0.040279537439346313
2852187392.0,-0.05533518269658089
2853125120.0,-0.06874231994152069
2854062592.0,-0.07928258180618286
2855000064.0,-0.09004304558038712
2855937536.0,-0.09873858094215393
2856875008.0,-0.10700438171625137
2857812480.0,-0.1121818870306015
2858749952.0,-0.11626608669757843
2859687424.0,-0.11867288500070572
2860624896.0,-0.11893340945243835
2861562624.0,-0.11785674095153809
2862500096.0,-0.11493847519159317
2863437568.0,-0.10997626930475235
2864375040.0,-0.1042466014623642
2865312512.0,-0.09643477201461792
2866249984.0,-0.08711929619312286
2867187456.0,-0.07671447098255157
2868124928.0,-0.06390759348869324
2869062400.0,-0.050592631101608276
2870000128.0,-0.03630434721708298
2870937600.0,-0.020952824503183365
2871875072.0,-0.004981983918696642
2872812544.0,0.01179701928049326
2873750016.0,0.028521286323666573
2874687488.0,0.045440852642059326
2875624960.0,0.06268029659986496
2876562432.0,0.08064274489879608
2877499904.0,0.09757041186094284
2878437376.0,0.11493930965662003
2879375104.0,0.13068890571594238
2880312576.0,0.1463513970375061
2881250048.0,0.1608162373304367
2882187520.0,0.1748427152633667
2883124992.0,0.18759921193122864
2884062464.0,0.1998857706785202
2884999936.0,0.21017271280288696
2885937408.0,0.2197248488664627
2886874880.0,0.22816909849643707
2887812608.0,0.21157659590244293
2888750080.0,0.21545305848121643
2889687552.0,0.21810530126094818
2890625024.0,0.21981991827487946
2891562496.0,0.22258473932743073
2892499968.0,0.22199957072734833
2893437440.0,0.22135969996452332
2894374912.0,0.21787460148334503
2895312384.0,0.21412381529808044
2896250112.0,0.20840543508529663
2897187584.0,0.20068757236003876
2898125056.0,0.19287943840026855
2899062528.0,0.18264268338680267
2900000000.0,0.1711389273405075
2900937472.0,0.15908057987689972
2901874944.0,0.14519748091697693
2902812416.0,0.1304347664117813
2903749888.0,0.11410237848758698
2904687616.0,0.09728042781352997
2905625088.0,0.0805763229727745
2906562560.0,0.06280407309532166
2907500032.0,0.045568279922008514
2908437504.0,0.02727595344185829
2909374976.0,0.011180347763001919
2910312448.0,-0.006422994192689657
2911249920.0,-0.02340475469827652
2912187392.0,-0.038157638162374496
2913125120.0,-0.052493251860141754
2914062592.0,-0.06462365388870239
2915000064.0,-0.076137013733387
2915937536.0,-0.08549532294273376
2916875008.0,-0.09255024045705795
2917812480.0,-0.09771623462438583
2918749952.0,-0.10101734101772308
2919687424.0,-0.1020510122179985
2920624896.0,-0.1005605086684227
2921562624.0,-0.09793267399072647
2922500096.0,-0.09199363738298416
2923437568.0,-0.08529261499643326
2924375040.0,-0.0753733366727829
2925312512.0,-0.06434235721826553
2926249984.0,-0.051375940442085266
2927187456.0,-0.036825504153966904
2928124928.0,-0.022282281890511513
2929062400.0,-0.00482996366918087
2929999872.0,0.011060592718422413
2930937600.0,0.028608590364456177
2931875072.0,0.04576079919934273
2932812544.0,0.06453916430473328
2933750016.0,0.0819496214389801
2934687488.0,0.09961549192667007
2935624960.0,0.11558075994253159
2936562432.0,0.13106141984462738
2937499904.0,0.14560815691947937
2938437376.0,0.15868952870368958
2939375104.0,0.17118127644062042
2940312576.0,0.18203938007354736
2941250048.0,0.19142112135887146
2942187520.0,0.19972148537635803
2943124992.0,0.20684923231601715
2944062464.0,0.2120327651500702
2944999936.0,0.21634849905967712
2945937408.0,0.21891525387763977
2946874880.0,0.2209978997707367
2947812608.0,0.20118974149227142
2948750080.0,0.19988487660884857
2949687552.0,0.19740328192710876
2950625024.0,0.1944861263036728
2951562496.0,0.19257739186286926
2952499968.0,0.18915678560733795
2953437440.0,0.1847883015871048
2954374912.0,0.18147721886634827
2955312384.0,0.1781357079744339
2956250112.0,0.17412297427654266
2957187584.0,0.1698896437883377
2958125056.0,0.16531959176063538
2959062528.0,0.1621033102273941
2960000000.0,0.15656955540180206
2960937472.0,0.15231406688690186
2961874944.0,0.1473076194524765
2962812416.0,0.14228442311286926
2963749888.0,0.13670068979263306
2964687616.0,0.13105067610740662
2965625088.0,0.1250647008419037
2966562560.0,0.11836890131235123
2967500032.0,0.11257867515087128
2968437504.0,0.105934739112854
2969374976.0,0.09926813095808029
2970312448.0,0.09219002723693848
2971249920.0,0.0844469964504242
2972187392.0,0.07829305529594421
2973125120.0,0.0699898898601532
2974062592.0,0.0632353201508522
2975000064.0,0.0553840808570385
2975937536.0,0.04823130741715431
2976875008.0,0.04146599397063255
2977812480.0,0.03451045602560043
2978749952.0,0.027672449126839638
2979687424.0,0.022293047979474068
2980624896.0,0.016845811158418655
2981562624.0,0.011559019796550274
2982500096.0,0.007748102303594351
2983437568.0,0.00427465233951807
2984375040.0,0.0009107787627726793
2985312512.0,-0.00184568390250206
2986249984.0,-0.003434707410633564
2987187456.0,-0.0041005355305969715
2988124928.0,-0.004605427384376526
2989062400.0,-0.004931349772959948
2990000128.0,-0.003830755827948451
2990937600.0,-0.0030231706332415342
2991875072.0,-0.0018982475157827139
2992812544.0,0.00015740863454993814
2993750016.0,0.0029545670840889215
2994687488.0,0.004674229770898819
2995624960.0,0.007375772576779127
2996562432.0,0.009230964817106724
2997499904.0,0.012255041860044003
2998437376.0,0.014876211993396282
2999375104.0,0.01715794764459133
3000312576.0,0.022071823477745056
3001250048.0,0.024780232459306717
3002187520.0,0.027121806517243385
3003124992.0,0.02916399948298931
3004062464.0,0.03034549206495285
3004999936.0,0.032443322241306305
3005937408.0,0.034942999482154846
3006874880.0,0.036648839712142944
3007812608.0,0.1275452971458435
3008750080.0,0.12544046342372894
3009687552.0,0.12263550609350204
3010625024.0,0.11939562112092972
3011562496.0,0.11516629904508591
3012499968.0,0.11046965420246124
3013437440.0,0.10633567720651627
3014374912.0,0.10209635645151138
3015312384.0,0.09665378928184509
3016250112.0,0.0917942225933075
3017187584.0,0.08503955602645874
3018125056.0,0.07931509613990784
3019062528.0,0.07358153164386749
3020000000.0,0.06845033913850784
3020937472.0,0.06224707514047623
3021874944.0,0.05613960325717926
3022812416.0,0.05020953714847565
3023749888.0,0.044696103781461716
3024687616.0,0.038734450936317444
3025625088.0,0.03300310671329498
3026562560.0,0.026746971532702446
3027500032.0,0.0214749313890934
3028437504.0,0.01425587572157383
3029374976.0,0.008562161587178707
3030312448.0,0.003036412177607417
3031249920.0,-0.0015663569793105125
3032187392.0,-0.0067867073230445385
3033125120.0,-0.012810124084353447
3034062592.0,-0.017444802448153496
3035000064.0,-0.02273504249751568
3035937536.0,-0.027666186913847923
3036875008.0,-0.032517727464437485
3037812480.0,-0.036800045520067215
3038749952.0,-0.04129192233085632
3039687424.0,-0.046117134392261505
3040624896.0,-0.04873697832226753
3041562624.0,-0.05355684459209442
3042500096.0,-0.056105125695466995
3043437568.0,-0.058674346655607224
3044375040.0,-0.061174988746643066
3045312512.0,-0.06262549757957458
3046249984.0,-0.06475404649972916
3047187456.0,-0.06611309200525284
3048124928.0,-0.06666933000087738
3049062400.0,-0.0659034252166748
3049999872.0,-0.06540428847074509
3050937600.0,-0.06387218832969666
3051875072.0,-0.06130291521549225
3052812544.0,-0.05818973854184151
3053750016.0,-0.05533210560679436
3054687488.0,-0.05045071244239807
3055624960.0,-0.04552602395415306
3056562432.0,-0.0396997295320034
3057499904.0,-0.0330410934984684
3058437376.0,-0.02508888766169548
3059375104.0,-0.016848014667630196
3060312576.0,-0.007621270138770342
3061250048.0,0.0017777939792722464
3062187520.0,0.011760923080146313
3063124992.0,0.02302486263215542
3064062464.0,0.035157211124897
3064999936.0,0.04657328501343727
3065937408.0,0.05882476642727852
3066874880.0,0.0716412365436554
3067812608.0,0.13897719979286194
3068750080.0,0.1434919387102127
3069687552.0,0.14802336692810059
3070625024.0,0.15112747251987457
3071562496.0,0.15216414630413055
3072499968.0,0.1519378125667572
3073437440.0,0.15074680745601654
3074374912.0,0.1485936939716339
3075312384.0,0.14417876303195953
3076250112.0,0.13808850944042206
3077187584.0,0.13169090449810028
3078125056.0,0.12423839420080185
3079062528.0,0.11525130271911621
3080000000.0,0.10679766535758972
3080937472.0,0.09695212543010712
3081874944.0,0.08627238869667053
3082812416.0,0.07542147487401962
3083749888.0,0.0645749568939209
3084687616.0,0.053386084735393524
3085625088.0,0.043611351400613785
3086562560.0,0.03271651268005371
3087500032.0,0.022000566124916077
3088437504.0,0.012968973256647587
3089374976.0,0.003186858491972089
3090312448.0,-0.004662605002522469
3091249920.0,-0.0106083108112216
3092187392.0,-0.017736094072461128
3093125120.0,-0.02239993028342724
3094062592.0,-0.027091655880212784
3095000064.0,-0.02874418906867504
3095937536.0,-0.03115573711693287
3096875008.0,-0.031422413885593414
3097812480.0,-0.03109658882021904
3098749952.0,-0.028356323018670082
3099687424.0,-0.025614099577069283
3100624896.0,-0.02127748355269432
3101562624.0,-0.01745707355439663
3102500096.0,-0.011769640259444714
3103437568.0,-0.00437568174675107
3104375040.0,0.0025964356027543545
3105312512.0,0.00970686785876751
3106249984.0,0.01761024259030819
3107187456.0,0.02523818425834179
3108124928.0,0.03364286571741104
3109062400.0,0.04172787070274353
3110000128.0,0.049534860998392105
3110937600.0,0.05839749053120613
3111875072.0,0.06594881415367126
3112812544.0,0.0737348347902298
3113750016.0,0.08096101135015488
3114687488.0,0.08827782422304153
3115624960.0,0.09466135501861572
3116562432.0,0.10108812153339386
3117499904.0,0.10565415769815445
3118437376.0,0.11151421815156937
3119375104.0,0.11532716453075409
3120312576.0,0.11976407468318939
3121250048.0,0.12389059364795685
3122187520.0,0.1269683986902237
3123124992.0,0.12941989302635193
3124062464.0,0.1323792040348053
3124999936.0,0.13474291563034058
3125937408.0,0.1368504911661148
3126874880.0,0.13860362768173218
3127812608.0,0.14509789645671844
3128750080.0,0.14465709030628204
3129687552.0,0.14384108781814575
3130625024.0,0.14346827566623688
3131562496.0,0.14131106436252594
3132499968.0,0.14040091633796692
3133437440.0,0.13663236796855927
3134374912.0,0.1338425874710083
3135312384.0,0.13018257915973663
3136250112.0,0.12716102600097656
3137187584.0,0.12504568696022034
3138125056.0,0.12245745956897736
3139062528.0,0.1205105409026146
3140000000.0,0.11953163146972656
3140937472.0,0.12012080103158951
3141874944.0,0.12121345102787018
3142812416.0,0.12411300092935562
3143749888.0,0.12811043858528137
3144687616.0,0.13290217518806458
3145625088.0,0.1381976157426834
3146562560.0,0.14395014941692352
3147500032.0,0.14801834523677826
3148437504.0,0.15167510509490967
3149374976.0,0.1545349359512329
3150312448.0,0.15538068115711212
3151249920.0,0.15477274358272552
3152187392.0,0.15178634226322174
3153125120.0,0.14594997465610504
3154062592.0,0.13914932310581207
3155000064.0,0.12962351739406586
3155937536.0,0.11810456961393356
3156875008.0,0.10577279329299927
3157812480.0,0.09118032455444336
3158749952.0,0.07695755362510681
3159687424.0,0.06146407499909401
3160624896.0,0.04558276757597923
3161562624.0,0.02998095192015171
3162500096.0,0.016023870557546616
3163437568.0,0.0025899638421833515
3164375040.0,-0.008932491764426231
3165312512.0,-0.018704110756516457
3166249984.0,-0.026415854692459106
3167187456.0,-0.03270788490772247
3168124928.0,-0.03643876314163208
3169062400.0,-0.037657253444194794
3169999872.0,-0.03645823523402214
3170937600.0,-0.03331479802727699
3171875072.0,-0.027672825381159782
3172812544.0,-0.019879626110196114
3173750016.0,-0.010520333424210548
3174687488.0,0.0005371345323510468
3175624960.0,0.012771585024893284
3176562432.0,0.02616729773581028
3177499904.0,0.04064195230603218
3178437376.0,0.055542100220918655
3179375104.0,0.0711071789264679
3180312576.0,0.08583102375268936
3181250048.0,0.10217911750078201
3182187520.0,0.11672918498516083
3183124992.0,0.130413219332695
3184062464.0,0.14450964331626892
3184999936.0,0.15826921164989471
3185937408.0,0.1707196980714798
3186874880.0,0.18247362971305847
3187812608.0,0.15081316232681274
3188750080.0,0.14541316032409668
3189687552.0,0.14103396236896515
3190625024.0,0.13575969636440277
3191562496.0,0.13027332723140717
3192499968.0,0.12494609504938126
3193437440.0,0.11881794780492783
3194374912.0,0.11324617266654968
3195312384.0,0.10819769650697708
3196250112.0,0.10372886061668396
3197187584.0,0.09835799783468246
3198125056.0,0.0943809375166893
3199062528.0,0.09041143208742142
3200000000.0,0.08756207674741745
3200937472.0,0.08555008471012115
3201874944.0,0.08450658619403839
3202812416.0,0.08292125165462494
3203749888.0,0.08282659202814102
3204687616.0,0.08381184935569763
3205625088.0,0.08395553380250931
3206562560.0,0.08564071357250214
3207500032.0,0.0874871164560318
3208437504.0,0.09011861681938171
3209374976.0,0.09207065403461456
3210312448.0,0.09464757889509201
3211249920.0,0.09790081530809402
3212187392.0,0.10016485303640366
3213125120.0,0.1027427539229393
3214062592.0,0.1057184487581253
3215000064.0,0.10747542977333069
3215937536.0,0.10999556630849838
3216875008.0,0.11144053190946579
3217812480.0,0.11250528693199158
3218749952.0,0.1133790835738182
3219687424.0,0.11338973790407181
3220624896.0,0.11388257145881653
3221562624.0,0.11368031799793243
3222500096.0,0.1130140870809555
3223437568.0,0.1126428171992302
3224375040.0,0.11154147237539291
3225312512.0,0.11045597493648529
3226249984.0,0.10879996418952942
3227187456.0,0.10770180076360703
3228124928.0,0.10706888884305954
3229062400.0,0.10682457685470581
3230000128.0,0.10654740035533905
3230937600.0,0.10553184151649475
3231875072.0,0.1060783788561821
3232812544.0,0.10697543621063232
3233750016.0,0.10912752151489258
3234687488.0,0.11106973886489868
3235624960.0,0.1136387437582016
3236562432.0,0.11736901849508286
3237499904.0,0.12106513977050781
3238437376.0,0.12571632862091064
3239375104.0,0.13060247898101807
3240312576.0,0.1363265961408615
3241250048.0,0.14290380477905273
3242187520.0,0.14744265377521515
3243124992.0,0.1544153094291687
3244062464.0,0.16073930263519287
3244999936.0,0.16639795899391174
3245937408.0,0.17299796640872955
3246874880.0,0.1771116554737091
3247812608.0,0.08882656693458557
3248750080.0,0.08034192770719528
3249687552.0,0.07122337818145752
3250625024.0,0.06122136488556862
3251562496.0,0.05177127569913864
3252499968.0,0.042520105838775635
3253437440.0,0.03347957134246826
3254374912.0,0.026043616235256195
3255312384.0,0.0197471734136343
3256250112.0,0.01416363287717104
3257187584.0,0.01130403857678175
3258125056.0,0.010083152912557125
3259062528.0,0.011042752303183079
3260000000.0,0.013104387558996677
3260937472.0,0.015770211815834045
3261874944.0,0.020024055615067482
3262812416.0,0.02449330873787403
3263749888.0,0.028684129938483238
3264687616.0,0.03404863551259041
3265625088.0,0.038644615560770035
3266562560.0,0.042806629091501236
3267500032.0,0.047436583787202835
3268437504.0,0.050639670342206955
3269374976.0,0.05478263273835182
3270312448.0,0.057401418685913086
3271249920.0,0.060143280774354935
3272187392.0,0.062105681747198105
3273125120.0,0.06444507837295532
3274062592.0,0.0663963109254837
3275000064.0,0.06793299317359924
3275937536.0,0.0689651146531105
3276875008.0,0.07093114405870438
3277812480.0,0.07180574536323547
3278749952.0,0.07315688580274582
3279687424.0,0.07437675446271896
3280624896.0,0.07591426372528076
3281562624.0,0.07641486078500748
3282500096.0,0.07678396999835968
3283437568.0,0.07714217901229858
3284375040.0,0.07754365354776382
3285312512.0,0.0782773345708847
3286249984.0,0.07728543132543564
3287187456.0,0.07792089879512787
3288124928.0,0.07675950229167938
3289062400.0,0.07761084288358688
3289999872.0,0.07749961316585541
3290937600.0,0.07647668570280075
3291875072.0,0.07633347064256668
3292812544.0,0.07637543976306915
3293750016.0,0.0768575668334961
3294687488.0,0.07731357216835022
3295624960.0,0.07716935127973557
3296562432.0,0.07889757305383682
3297499904.0,0.0792626366019249
3298437376.0,0.08169025182723999
3299375104.0,0.0837075263261795
3300312576.0,0.08573860675096512
3301250048.0,0.08855996280908585
3302187520.0,0.09186198562383652
3303124992.0,0.09533719718456268
3304062464.0,0.09864415228366852
3304999936.0,0.10324966907501221
3305937408.0,0.10785163193941116
3306874880.0,0.1131531298160553
3307812608.0,0.12524235248565674
3308750080.0,0.13279861211776733
3309687552.0,0.1402851939201355
3310625024.0,0.14765778183937073
3311562496.0,0.15620827674865723
3312499968.0,0.16303685307502747
3313437440.0,0.17224003374576569
3314374912.0,0.17916209995746613
3315312384.0,0.1856960654258728
3316250112.0,0.19308528304100037
3317187584.0,0.19910359382629395
3318125056.0,0.20436248183250427
3319062528.0,0.20788714289665222
3320000000.0,0.21089963614940643
3320937472.0,0.21420425176620483
3321874944.0,0.21484389901161194
3322812416.0,0.2148098200559616
3323749888.0,0.21413525938987732
3324687616.0,0.2121967375278473
3325625088.0,0.20889432728290558
3326562560.0,0.20343820750713348
3327500032.0,0.19752147793769836
3328437504.0,0.19171026349067688
3329374976.0,0.18337532877922058
3330312448.0,0.1755346953868866
3331249920.0,0.16663001477718353
3332187392.0,0.155850350856781
3333125120.0,0.14562183618545532
3334062592.0,0.1348128467798233
3335000064.0,0.12341051548719406
3335937536.0,0.11272624880075455
3336875008.0,0.10133335739374161
3337812480.0,0.09047894179821014
3338749952.0,0.0794033482670784
3339687424.0,0.06925942748785019
3340624896.0,0.05972414091229439
3341562624.0,0.050752874463796616
3342500096.0,0.04358465597033501
3343437568.0,0.035411495715379715
3344375040.0,0.02873300202190876
3345312512.0,0.023140164092183113
3346249984.0,0.019211826846003532
3347187456.0,0.01610345020890236
3348124928.0,0.014381490647792816
3349062400.0,0.014071673154830933
3350000128.0,0.014636901207268238
3350937600.0,0.015884988009929657
3351875072.0,0.018636628985404968
3352812544.0,0.022905465215444565
3353750016.0,0.028632428497076035
3354687488.0,0.03459031507372856
3355624960.0,0.041183359920978546
3356562432.0,0.04901673272252083
3357499904.0,0.057666096836328506
3358437376.0,0.06595912575721741
3359375104.0,0.07549849152565002
3360312576.0,0.0853048712015152
3361250048.0,0.09533049166202545
3362187520.0,0.10506803542375565
3363124992.0,0.11538966000080109
3364062464.0,0.12536922097206116
3364999936.0,0.1341472864151001
3365937408.0,0.14327631890773773
3366874880.0,0.15075571835041046
3367812608.0,0.032681673765182495
3368750080.0,0.037216782569885254
3369687552.0,0.04068959876894951
3370625024.0,0.04393719136714935
3371562496.0,0.04649941623210907
3372499968.0,0.048642732203006744
3373437440.0,0.04980730637907982
3374374912.0,0.050846897065639496
3375312384.0,0.05003290995955467
3376250112.0,0.049282222986221313
3377187584.0,0.045820027589797974
3378125056.0,0.04183514043688774
3379062528.0,0.037117958068847656
3380000000.0,0.031246159225702286
3380937472.0,0.0248711034655571
3381874944.0,0.017064843326807022
3382812416.0,0.00950849149376154
3383749888.0,0.00016510648129042238
3384687616.0,-0.009519114159047604
3385625088.0,-0.01915057934820652
3386562560.0,-0.030427360907197
3387500032.0,-0.041434191167354584
3388437504.0,-0.05193864554166794
3389374976.0,-0.06271473318338394
3390312448.0,-0.07288897037506104
3391249920.0,-0.0839507132768631
3392187392.0,-0.09419938921928406
3393125120.0,-0.104942686855793
3394062592.0,-0.11344912648200989
3395000064.0,-0.12189227342605591
3395937536.0,-0.12964387238025665
3396875008.0,-0.13572445511817932
3397812480.0,-0.14233914017677307
3398749952.0,-0.14768561720848083
3399687424.0,-0.15159901976585388
3400624896.0,-0.1553138792514801
3401562624.0,-0.1576194018125534
3402500096.0,-0.15965090692043304
3403437568.0,-0.16092178225517273
3404375040.0,-0.16025854647159576
3405312512.0,-0.16136550903320312
3406249984.0,-0.16120250523090363
3407187456.0,-0.15981575846672058
3408124928.0,-0.1596308946609497
3409062400.0,-0.15987727046012878
3409999872.0,-0.1585850566625595
3410937600.0,-0.15888845920562744
3411875072.0,-0.1605847328901291
3412812544.0,-0.16123560070991516
3413750016.0,-0.1645025908946991
3414687488.0,-0.16812829673290253
3415624960.0,-0.1734502762556076
3416562432.0,-0.17941823601722717
3417499904.0,-0.18822559714317322
3418437376.0,-0.1987238973379135
3419375104.0,-0.21171943843364716
3420312576.0,-0.22469238936901093
3421250048.0,-0.2418767660856247
3422187520.0,-0.2601444721221924
3423124992.0,-0.28077757358551025
3424062464.0,-0.3036733567714691
3424999936.0,-0.3281836211681366
3425937408.0,-0.3546034097671509
3426874880.0,-0.38295212388038635
3427812608.0,-0.4120235741138458
3428750080.0,-0.44011369347572327
3429687552.0,-0.4685046076774597
3430625024.0,-0.4952930510044098
3431562496.0,-0.5243318676948547
3432499968.0,-0.552101731300354
3433437440.0,-0.58055180311203
3434374912.0,-0.6082738637924194
3435312384.0,-0.6357048749923706
3436250112.0,-0.6626321077346802
3437187584.0,-0.6902458667755127
3438125056.0,-0.7177628874778748
3439062528.0,-0.7466464042663574
3440000000.0,-0.7756540179252625
3440937472.0,-0.8070882558822632
3441874944.0,-0.8390997052192688
3442812416.0,-0.8744761347770691
3443749888.0,-0.9113996028900146
3444687616.0,-0.9500057697296143
3445625088.0,-0.9921971559524536
3446562560.0,-1.038407564163208
3447500032.0,-1.0844881534576416
3448437504.0,-1.1348378658294678
3449374976.0,-1.1900759935379028
3450312448.0,-1.247390627861023
3451249920.0,-1.3065497875213623
3452187392.0,-1.3657423257827759
3453125120.0,-1.4264273643493652
3454062592.0,-1.4895844459533691
3455000064.0,-1.5535380840301514
3455937536.0,-1.6167831420898438
3456875008.0,-1.6785067319869995
3457812480.0,-1.7358063459396362
3458749952.0,-1.7893078327178955
3459687424.0,-1.8358590602874756
3460624896.0,-1.874831199645996
3461562624.0,-1.9070007801055908
3462500096.0,-1.9321905374526978
3463437568.0,-1.950181245803833
3464375040.0,-1.9599181413650513
3465312512.0,-1.9623417854309082
3466249984.0,-1.9573208093643188
3467187456.0,-1.9453368186950684
3468124928.0,-1.927841305732727
3469062400.0,-1.9044792652130127
3470000128.0,-1.8751527070999146
3470937600.0,-1.8412965536117554
3471875072.0,-1.8011448383331299
3472812544.0,-1.7578195333480835
3473750016.0,-1.7105731964111328
3474687488.0,-1.6608703136444092
3475624960.0,-1.6102913618087769
3476562432.0,-1.558632254600525
3477499904.0,-1.5053362846374512
3478437376.0,-1.4502599239349365
3479375104.0,-1.3956810235977173
3480312576.0,-1.3449581861495972
3481250048.0,-1.2970079183578491
3482187520.0,-1.249192476272583
3483124992.0,-1.2006280422210693
3484062464.0,-1.154196858406067
3484999936.0,-1.1085032224655151
3485937408.0,-1.0645899772644043
3486874880.0,-1.0229246616363525
3487812608.0,-1.016758680343628
3488750080.0,-0.9798054695129395
3489687552.0,-0.9442650675773621
3490625024.0,-0.9111045598983765
3491562496.0,-0.8783025741577148
3492499968.0,-0.8485958576202393
3493437440.0,-0.818310558795929
3494374912.0,-0.791745126247406
3495312384.0,-0.7666429877281189
3496250112.0,-0.7443748116493225
3497187584.0,-0.7240570187568665
3498125056.0,-0.7072277665138245
3499062528.0,-0.6922333240509033
3500000000.0,-0.6786337494850159
3500937472.0,-0.664217472076416
3501874944.0,-0.6492674350738525
3502812416.0,-0.6355900168418884
3503749888.0,-0.6213710308074951
3504687616.0,-0.6088685989379883
3505625088.0,-0.596609354019165
3506562560.0,-0.5854321122169495
3507500032.0,-0.5727435946464539
3508437504.0,-0.5606892704963684
3509374976.0,-0.5495910048484802
3510312448.0,-0.5364970564842224
3511249920.0,-0.5243741273880005
3512187392.0,-0.5128821730613708
3513125120.0,-0.5009475350379944
3514062592.0,-0.487713485956192
3515000064.0,-0.47240200638771057
3515937536.0,-0.45579028129577637
3516875008.0,-0.4383738934993744
3517812480.0,-0.42126935720443726
3518749952.0,-0.40244466066360474
3519687424.0,-0.38446950912475586
3520624896.0,-0.36692380905151367
3521562624.0,-0.347660094499588
3522500096.0,-0.3287044167518616
3523437568.0,-0.3105698227882385
3524375040.0,-0.29179126024246216
3525312512.0,-0.27322816848754883
3526249984.0,-0.2548741400241852
3527187456.0,-0.23580697178840637
3528124928.0,-0.21952491998672485
3529062400.0,-0.20235629379749298
3529999872.0,-0.18797419965267181
3530937600.0,-0.1747363656759262
3531875072.0,-0.16224630177021027
3532812544.0,-0.15227897465229034
3533750016.0,-0.14373745024204254
3534687488.0,-0.1359287053346634
3535624960.0,-0.12924522161483765
3536562432.0,-0.1252458095550537
3537499904.0,-0.120574951171875
3538437376.0,-0.11979527771472931
3539375104.0,-0.11974302679300308
3540312576.0,-0.12153542786836624
3541250048.0,-0.12508557736873627
3542187520.0,-0.1294597089290619
3543124992.0,-0.13559529185295105
3544062464.0,-0.14327946305274963
3544999936.0,-0.15209132432937622
3545937408.0,-0.16246211528778076
3546874880.0,-0.17448289692401886
3547812608.0,-0.21089985966682434
3548750080.0,-0.20272402465343475
3549687552.0,-0.19513410329818726
3550625024.0,-0.18838779628276825
3551562496.0,-0.1814858615398407
3552499968.0,-0.17493517696857452
3553437440.0,-0.16865719854831696
3554374912.0,-0.16269515454769135
3555312384.0,-0.15765629708766937
3556250112.0,-0.15337759256362915
3557187584.0,-0.1497775763273239
3558125056.0,-0.14626790583133698
3559062528.0,-0.1431652009487152
3560000000.0,-0.13958659768104553
3560937472.0,-0.13585476577281952
3561874944.0,-0.13361802697181702
3562812416.0,-0.13115884363651276
3563749888.0,-0.12848249077796936
3564687616.0,-0.12562018632888794
3565625088.0,-0.1226859763264656
3566562560.0,-0.11966557800769806
3567500032.0,-0.11638016253709793
3568437504.0,-0.11370860785245895
3569374976.0,-0.11243496090173721
3570312448.0,-0.11020044982433319
3571249920.0,-0.10797015577554703
3572187392.0,-0.1044505387544632
3573125120.0,-0.1022500991821289
3574062592.0,-0.10036727041006088
3575000064.0,-0.09590575098991394
3575937536.0,-0.0936758816242218
3576875008.0,-0.08890554308891296
3577812480.0,-0.08607217669487
3578749952.0,-0.08183562755584717
3579687424.0,-0.07779405266046524
3580624896.0,-0.07451052963733673
3581562624.0,-0.07086177915334702
3582500096.0,-0.06646868586540222
3583437568.0,-0.06322762370109558
3584375040.0,-0.06051253154873848
3585312512.0,-0.05775802955031395
3586249984.0,-0.056272104382514954
3587187456.0,-0.05362915247678757
3588124928.0,-0.051714468747377396
3589062400.0,-0.05015193670988083
3590000128.0,-0.048684414476156235
3590937600.0,-0.04875688999891281
3591875072.0,-0.04879515618085861
3592812544.0,-0.04861300811171532
3593750016.0,-0.04952053725719452
3594687488.0,-0.05116803199052811
3595624960.0,-0.051649753004312515
3596562432.0,-0.053388167172670364
3597499904.0,-0.05599391832947731
3598437376.0,-0.059443723410367966
3599375104.0,-0.06117207556962967
3600312576.0,-0.06408849358558655
3601250048.0,-0.06698345392942429
3602187520.0,-0.06994394958019257
3603124992.0,-0.07356826961040497
3604062464.0,-0.07571584731340408
3604999936.0,-0.07841435819864273
3605937408.0,-0.08008765429258347
3606874880.0,-0.08162800967693329
3607812608.0,-0.08638175576925278
3608750080.0,-0.0852266177535057
3609687552.0,-0.08456410467624664
3610625024.0,-0.08268435299396515
3611562496.0,-0.08194779604673386
3612499968.0,-0.0818098783493042
3613437440.0,-0.08302031457424164
3614374912.0,-0.08466199040412903
3615312384.0,-0.08596454560756683
3616250112.0,-0.08792519569396973
3617187584.0,-0.09011641889810562
3618125056.0,-0.09233428537845612
3619062528.0,-0.09419313073158264
3620000000.0,-0.09726456552743912
3620937472.0,-0.10049454867839813
3621874944.0,-0.103693887591362
3622812416.0,-0.10632968693971634
3623749888.0,-0.10958888381719589
3624687616.0,-0.11168938130140305
3625625088.0,-0.11595591902732849
3626562560.0,-0.117824487388134
3627500032.0,-0.12002228200435638
3628437504.0,-0.12265893816947937
3629374976.0,-0.12444745749235153
3630312448.0,-0.1252407282590866
3631249920.0,-0.1252298802137375
3632187392.0,-0.1242658719420433
3633125120.0,-0.12350176274776459
3634062592.0,-0.12131522595882416
3635000064.0,-0.1182568371295929
3635937536.0,-0.11548807471990585
3636875008.0,-0.11074866354465485
3637812480.0,-0.10525775700807571
3638749952.0,-0.09993916004896164
3639687424.0,-0.09382740408182144
3640624896.0,-0.0872868224978447
3641562624.0,-0.07978174835443497
3642500096.0,-0.07215959578752518
3643437568.0,-0.06434202939271927
3644375040.0,-0.05582529306411743
3645312512.0,-0.04781625047326088
3646249984.0,-0.03954857215285301
3647187456.0,-0.03200832009315491
3648124928.0,-0.02316867746412754
3649062400.0,-0.015219172462821007
3649999872.0,-0.007485322654247284
3650937600.0,-0.0004475317255128175
3651875072.0,0.007299947552382946
3652812544.0,0.013510290533304214
3653750016.0,0.01955224759876728
3654687488.0,0.024298904463648796
3655624960.0,0.028795408084988594
3656562432.0,0.03284718468785286
3657499904.0,0.03657100722193718
3658437376.0,0.0374830923974514
3659375104.0,0.03917422518134117
3660312576.0,0.0398891381919384
3661250048.0,0.03830726817250252
3662187520.0,0.037514131516218185
3663124992.0,0.034087855368852615
3664062464.0,0.03181498497724533
3664999936.0,0.027273379266262054
3665937408.0,0.023199915885925293
3666874880.0,0.018774323165416718
3667812608.0,0.010616655461490154
3668750080.0,0.005827466957271099
3669687552.0,0.0014545749872922897
3670625024.0,-0.003646314376965165
3671562496.0,-0.007720759138464928
3672499968.0,-0.011422923766076565
3673437440.0,-0.012974885292351246
3674374912.0,-0.01626487821340561
3675312384.0,-0.01722116209566593
3676250112.0,-0.018187640234827995
3677187584.0,-0.018013201653957367
3678125056.0,-0.01727820746600628
3679062528.0,-0.018374906852841377
3680000000.0,-0.017884084954857826
3680937472.0,-0.016809195280075073
3681874944.0,-0.015357619151473045
3682812416.0,-0.013841641135513783
3683749888.0,-0.012183651328086853
3684687616.0,-0.00999575573951006
3685625088.0,-0.00777357118204236
3686562560.0,-0.005588204134255648
3687500032.0,-0.0020449389703571796
3688437504.0,-3.436268889345229e-05
3689374976.0,0.0029319371096789837
3690312448.0,0.007016425020992756
3691249920.0,0.009516915306448936
3692187392.0,0.012597393244504929
3693125120.0,0.015877239406108856
3694062592.0,0.01936488226056099
3695000064.0,0.022040383890271187
3695937536.0,0.025166451930999756
3696875008.0,0.027474138885736465
3697812480.0,0.029151437804102898
3698749952.0,0.030222581699490547
3699687424.0,0.031418800354003906
3700624896.0,0.03214021027088165
3701562624.0,0.031636059284210205
3702500096.0,0.030642163008451462
3703437568.0,0.027989890426397324
3704375040.0,0.024687131866812706
3705312512.0,0.020103130489587784
3706249984.0,0.015161283314228058
3707187456.0,0.008457963354885578
3708124928.0,0.0001542071986477822
3709062400.0,-0.008923095650970936
3710000128.0,-0.018520312383770943
3710937600.0,-0.030289670452475548
3711875072.0,-0.04275290295481682
3712812544.0,-0.05788136273622513
3713750016.0,-0.07388626784086227
3714687488.0,-0.09113146364688873
3715624960.0,-0.10939989984035492
3716562432.0,-0.12862449884414673
3717499904.0,-0.14920882880687714
3718437376.0,-0.16996143758296967
3719375104.0,-0.18973024189472198
3720312576.0,-0.21115219593048096
3721250048.0,-0.2317933291196823
3722187520.0,-0.2532922029495239
3723124992.0,-0.27308714389801025
3724062464.0,-0.29056859016418457
3724999936.0,-0.3093874454498291
3725937408.0,-0.32491031289100647
3726874880.0,-0.33904021978378296
3727812608.0,-0.026520561426877975
3728750080.0,-0.027651458978652954
3729687552.0,-0.028325432911515236
3730625024.0,-0.03139907866716385
3731562496.0,-0.03341606259346008
3732499968.0,-0.03585358336567879
3733437440.0,-0.04097743332386017
3734374912.0,-0.0433545783162117
3735312384.0,-0.04607401788234711
3736250112.0,-0.047748737037181854
3737187584.0,-0.04962577298283577
3738125056.0,-0.051544465124607086
3739062528.0,-0.052692532539367676
3740000000.0,-0.05288758501410484
3740937472.0,-0.051124099642038345
3741874944.0,-0.04967035353183746
3742812416.0,-0.04691227525472641
3743749888.0,-0.043001625686883926
3744687616.0,-0.038588691502809525
3745625088.0,-0.03250926360487938
3746562560.0,-0.026618434116244316
3747500032.0,-0.020272020250558853
3748437504.0,-0.012495212256908417
3749374976.0,-0.0034062096383422613
3750312448.0,0.005205347668379545
3751249920.0,0.015962189063429832
3752187392.0,0.026966314762830734
3753125120.0,0.037223540246486664
3754062592.0,0.048558712005615234
3755000064.0,0.059871137142181396
3755937536.0,0.07044710218906403
3756875008.0,0.08027786761522293
3757812480.0,0.0900987833738327
3758749952.0,0.09889159351587296
3759687424.0,0.10671274363994598
3760624896.0,0.1142171323299408
3761562624.0,0.1204892173409462
3762500096.0,0.12527446448802948
3763437568.0,0.12827305495738983
3764375040.0,0.130723774433136
3765312512.0,0.13041560351848602
3766249984.0,0.12927278876304626
3767187456.0,0.12704044580459595
3768124928.0,0.12332217395305634
3769062400.0,0.11759455502033234
3769999872.0,0.11087510734796524
3770937600.0,0.10338559746742249
3771875072.0,0.09486369043588638
3772812544.0,0.08452688157558441
3773750016.0,0.07355538755655289
3774687488.0,0.061621151864528656
3775624960.0,0.0502171665430069
3776562432.0,0.03808152675628662
3777499904.0,0.025239797309041023
3778437376.0,0.01305246353149414
3779375104.0,0.001181724015623331
3780312576.0,-0.012517054565250874
3781250048.0,-0.024431228637695312
3782187520.0,-0.037077128887176514
3783124992.0,-0.04695191606879234
3784062464.0,-0.05855885520577431
3784999936.0,-0.06888609379529953
3785937408.0,-0.07744767516851425
3786874880.0,-0.06959953159093857
3787812608.0,-0.0722869262099266
3788750080.0,-0.075750432908535
3789687552.0,-0.08007912337779999
3790625024.0,-0.08405814319849014
3791562496.0,-0.08753462135791779
3792499968.0,-0.09157633781433105
3793437440.0,-0.09503152221441269
3794374912.0,-0.0969664677977562
3795312384.0,-0.09949686378240585
3796250112.0,-0.10071010142564774
3797187584.0,-0.10020939260721207
3798125056.0,-0.09887316823005676
3799062528.0,-0.09741755574941635
3800000000.0,-0.09404125809669495
3800937472.0,-0.08950815349817276
3801874944.0,-0.08517628163099289
3802812416.0,-0.07844831049442291
3803749888.0,-0.07297966629266739
3804687616.0,-0.06455880403518677
3805625088.0,-0.056537579745054245
3806562560.0,-0.04696233943104744
3807500032.0,-0.037956781685352325
3808437504.0,-0.02904868870973587
3809374976.0,-0.019754545763134956
3810312448.0,-0.011073310859501362
3811249920.0,-0.0009273060131818056
3812187392.0,0.0075194695964455605
3813125120.0,0.015267177484929562
3814062592.0,0.02271527610719204
3815000064.0,0.029146814718842506
3815937536.0,0.03584863245487213
3816875008.0,0.04208121448755264
3817812480.0,0.04760941118001938
3818749952.0,0.05158558115363121
3819687424.0,0.0538528636097908
3820624896.0,0.056417230516672134
3821562624.0,0.0554458349943161
3822500096.0,0.05614437907934189
3823437568.0,0.05451221019029617
3824375040.0,0.05321004241704941
3825312512.0,0.05070706829428673
3826249984.0,0.04790101572871208
3827187456.0,0.04453519359230995
3828124928.0,0.04100598394870758
3829062400.0,0.03657969459891319
3830000128.0,0.03245922923088074
3830937600.0,0.028132323175668716
3831875072.0,0.022526945918798447
3832812544.0,0.0177035853266716
3833750016.0,0.012500871904194355
3834687488.0,0.0064750052988529205
3835624960.0,0.00045637894072569907
3836562432.0,-0.005453432444483042
3837499904.0,-0.010243650525808334
3838437376.0,-0.01594739593565464
3839375104.0,-0.02134094387292862
3840312576.0,-0.02674807980656624
3841250048.0,-0.03144754096865654
3842187520.0,-0.034584734588861465
3843124992.0,-0.03879276290535927
3844062464.0,-0.04319846257567406
3844999936.0,-0.04703211039304733
3845937408.0,-0.0507642887532711
3846874880.0,-0.04857651889324188
3847812608.0,-0.0512753389775753
3848750080.0,-0.055033862590789795
3849687552.0,-0.05698956921696663
3850625024.0,-0.058574553579092026
3851562496.0,-0.06047181785106659
3852499968.0,-0.06233859062194824
3853437440.0,-0.06312350183725357
3854374912.0,-0.06416672468185425
3855312384.0,-0.06430389732122421
3856250112.0,-0.06446411460638046
3857187584.0,-0.06359732151031494
3858125056.0,-0.06272994726896286
3859062528.0,-0.061838552355766296
3860000000.0,-0.0589919351041317
3860937472.0,-0.05650905519723892
3861874944.0,-0.053963806480169296
3862812416.0,-0.05180063471198082
3863749888.0,-0.05004972591996193
3864687616.0,-0.04955358803272247
3865625088.0,-0.05022941529750824
3866562560.0,-0.05121055245399475
3867500032.0,-0.054594818502664566
3868437504.0,-0.05942513793706894
3869374976.0,-0.06693363189697266
3870312448.0,-0.07516984641551971
3871249920.0,-0.08587093651294708
3872187392.0,-0.09649428725242615
3873125120.0,-0.10736633092164993
3874062592.0,-0.11890745908021927
3875000064.0,-0.13140864670276642
3875937536.0,-0.14159263670444489
3876875008.0,-0.15126565098762512
3877812480.0,-0.1591835469007492
3878749952.0,-0.16700471937656403
3879687424.0,-0.1726531982421875
3880624896.0,-0.17618359625339508
3881562624.0,-0.17711438238620758
3882500096.0,-0.17619912326335907
3883437568.0,-0.1734693944454193
3884375040.0,-0.16823402047157288
3885312512.0,-0.16082413494586945
3886249984.0,-0.15182192623615265
3887187456.0,-0.14162057638168335
3888124928.0,-0.13021180033683777
3889062400.0,-0.1203174889087677
3889999872.0,-0.10655394941568375
3890937600.0,-0.09428960829973221
3891875072.0,-0.08345846831798553
3892812544.0,-0.0713324025273323
3893750016.0,-0.06157483160495758
3894687488.0,-0.05249018594622612
3895624960.0,-0.044108033180236816
3896562432.0,-0.03609328716993332
3897499904.0,-0.030279576778411865
3898437376.0,-0.025375066325068474
3899375104.0,-0.02143830619752407
3900312576.0,-0.018356353044509888
3901250048.0,-0.016432754695415497
3902187520.0,-0.012758703902363777
3903124992.0,-0.012909960933029652
3904062464.0,-0.011503636837005615
3904999936.0,-0.010379688814282417
3905937408.0,-0.008513139560818672
3906874880.0,-0.01748049445450306
3907812608.0,-0.026619933545589447
3908750080.0,-0.03375151753425598
3909687552.0,-0.03929441049695015
3910625024.0,-0.04130413755774498
3911562496.0,-0.0432649590075016
3912499968.0,-0.04264744371175766
3913437440.0,-0.04088429734110832
3914374912.0,-0.03753682225942612
3915312384.0,-0.031186284497380257
3916250112.0,-0.02434503100812435
3917187584.0,-0.015128029510378838
3918125056.0,-0.005570181645452976
3919062528.0,0.004911220632493496
3920000000.0,0.015731314197182655
3920937472.0,0.02773522026836872
3921874944.0,0.03850351646542549
3922812416.0,0.049730878323316574
3923749888.0,0.060502953827381134
3924687616.0,0.07058215141296387
3925625088.0,0.07906819880008698
3926562560.0,0.08768779784440994
3927500032.0,0.09406238049268723
3928437504.0,0.09975705295801163
3929374976.0,0.10563649982213974
3930312448.0,0.10827186703681946
3931249920.0,0.11120858043432236
3932187392.0,0.11201689392328262
3933125120.0,0.11010420322418213
3934062592.0,0.10799958556890488
3935000064.0,0.10416795313358307
3935937536.0,0.09793267399072647
3936875008.0,0.09017990529537201
3937812480.0,0.08158576488494873
3938749952.0,0.07281185686588287
3939687424.0,0.062413912266492844
3940624896.0,0.051247790455818176
3941562624.0,0.039492882788181305
3942500096.0,0.026856837794184685
3943437568.0,0.014359408058226109
3944375040.0,0.001045504934154451
3945312512.0,-0.012502436526119709
3946249984.0,-0.025207936763763428
3947187456.0,-0.0385526679456234
3948124928.0,-0.051249872893095016
3949062400.0,-0.06410884112119675
3950000128.0,-0.07615488767623901
3950937600.0,-0.08854032307863235
3951875072.0,-0.09914427250623703
3952812544.0,-0.11038367450237274
3953750016.0,-0.12034120410680771
3954687488.0,-0.12971705198287964
3955624960.0,-0.13826926052570343
3956562432.0,-0.14599357545375824
3957499904.0,-0.15359343588352203
3958437376.0,-0.1607600301504135
3959375104.0,-0.16703593730926514
3960312576.0,-0.17409011721611023
3961250048.0,-0.1796054095029831
3962187520.0,-0.18526071310043335
3963124992.0,-0.1903841346502304
3964062464.0,-0.1953442096710205
3964999936.0,-0.1994568258523941
3965937408.0,-0.2042408138513565
3966874880.0,-0.09607308357954025
3967812608.0,-0.10278064012527466
3968750080.0,-0.10784637182950974
3969687552.0,-0.11278262734413147
3970625024.0,-0.11548030376434326
3971562496.0,-0.11821796000003815
3972499968.0,-0.12081073224544525
3973437440.0,-0.12221911549568176
3974374912.0,-0.12303657829761505
3975312384.0,-0.12179045379161835
3976250112.0,-0.12015189975500107
3977187584.0,-0.1174405887722969
3978125056.0,-0.11393175274133682
3979062528.0,-0.11085847020149231
3980000000.0,-0.10627763718366623
3980937472.0,-0.10153482854366302
3981874944.0,-0.09581758826971054
3982812416.0,-0.09074853360652924
3983749888.0,-0.08489029854536057
3984687616.0,-0.0789911076426506
3985625088.0,-0.07350168377161026
3986562560.0,-0.0672980546951294
3987500032.0,-0.06235981360077858
3988437504.0,-0.055647145956754684
3989374976.0,-0.05003342032432556
3990312448.0,-0.043705377727746964
3991249920.0,-0.03928989917039871
3992187392.0,-0.034920740872621536
3993125120.0,-0.029524533078074455
3994062592.0,-0.025912100449204445
3995000064.0,-0.02214536815881729
3995937536.0,-0.020088283345103264
3996875008.0,-0.018451539799571037
3997812480.0,-0.01907854713499546
3998749952.0,-0.019468897953629494
3999687424.0,-0.018888311460614204
4000624896.0,-0.012721024453639984
4001562624.0,-0.017710400745272636
4002500096.0,-0.02356594428420067
4003437568.0,-0.02985830418765545
4004375040.0,-0.037545718252658844
4005312512.0,-0.044537466019392014
4006249984.0,-0.05349422246217728
4007187456.0,-0.06086333841085434
4008124928.0,-0.06918615102767944
4009062400.0,-0.07857311517000198
4009999872.0,-0.08605097234249115
4010937600.0,-0.09599059820175171
4011875072.0,-0.10472428053617477
4012812544.0,-0.11331871151924133
4013750016.0,-0.12232021242380142
4014687488.0,-0.13102634251117706
4015624960.0,-0.1390364170074463
4016562432.0,-0.14760929346084595
4017499904.0,-0.1554327756166458
4018437376.0,-0.16244783997535706
4019375104.0,-0.1698126196861267
4020312576.0,-0.17634053528308868
4021250048.0,-0.1824125349521637
4022187520.0,-0.18735717236995697
4023124992.0,-0.19252483546733856
4024062464.0,-0.19854536652565002
4024999936.0,-0.2022574245929718
4025937408.0,-0.20710673928260803
4026874880.0,-0.19983789324760437
4027812608.0,-0.2024189680814743
4028750080.0,-0.20392979681491852
4029687552.0,-0.20603403449058533
4030625024.0,-0.2082795351743698
4031562496.0,-0.2102661430835724
4032499968.0,-0.2121371477842331
4033437440.0,-0.21365344524383545
4034374912.0,-0.2159624695777893
4035312384.0,-0.21620897948741913
4036250112.0,-0.21775595843791962
4037187584.0,-0.2178599238395691
4038125056.0,-0.21724684536457062
4039062528.0,-0.21769115328788757
4040000000.0,-0.2172369360923767
4040937472.0,-0.21490256488323212
4041874944.0,-0.21285457909107208
4042812416.0,-0.21042370796203613
4043749888.0,-0.20673735439777374
4044687616.0,-0.20267795026302338
4045625088.0,-0.19817323982715607
4046562560.0,-0.1921757459640503
4047500032.0,-0.18480099737644196
4048437504.0,-0.17754636704921722
4049374976.0,-0.16859553754329681
4050312448.0,-0.15968993306159973
4051249920.0,-0.14914822578430176
4052187392.0,-0.1378239393234253
4053125120.0,-0.1263345181941986
4054062592.0,-0.11456654220819473
4055000064.0,-0.10255634039640427
4055937536.0,-0.09086038172245026
4056875008.0,-0.07763033360242844
4057812480.0,-0.06625086069107056
4058749952.0,-0.05397223308682442
4059687424.0,-0.041638728231191635
4060624896.0,-0.029501650482416153
4061562624.0,-0.01815885119140148
4062500096.0,-0.007172234356403351
4063437568.0,0.001856388757005334
4064375040.0,0.010709259659051895
4065312512.0,0.017927465960383415
4066249984.0,0.024781186133623123
4067187456.0,0.03215282782912254
4068124928.0,0.03629355505108833
4069062400.0,0.03996734321117401
4070000128.0,0.04161051660776138
4070937600.0,0.042980022728443146
4071875072.0,0.041812729090452194
4072812544.0,0.03929785639047623
4073750016.0,0.03652970492839813
4074687488.0,0.03151869401335716
4075624960.0,0.0270614642649889
4076562432.0,0.02122797630727291
4077499904.0,0.014275258406996727
4078437376.0,0.006891376338899136
4079375104.0,-0.001054000691510737
4080312576.0,-0.009777781553566456
4081250048.0,-0.01917392574250698
4082187520.0,-0.02956392616033554
4083124992.0,-0.03978351503610611
4084062464.0,-0.04989568516612053
4084999936.0,-0.059304945170879364
4085937408.0,-0.06907530874013901
4086874880.0,-0.09345895797014236
4087812608.0,-0.09927569329738617
4088750080.0,-0.10553104430437088
4089687552.0,-0.10949210822582245
4090625024.0,-0.11379037797451019
4091562496.0,-0.11668295413255692
4092499968.0,-0.11980671435594559
4093437440.0,-0.1226600930094719
4094374912.0,-0.12414564937353134
4095312384.0,-0.12522131204605103
4096250112.0,-0.12675856053829193
4097187584.0,-0.12747809290885925
4098125056.0,-0.1295020431280136
4099062528.0,-0.13016262650489807
4100000000.0,-0.1316971331834793
4100937472.0,-0.13332678377628326
4101874944.0,-0.13537470996379852
4102812416.0,-0.1370498538017273
4103749888.0,-0.13858342170715332
4104687616.0,-0.14165106415748596
4105625088.0,-0.1433926373720169
4106562560.0,-0.14502112567424774
4107500032.0,-0.1460590660572052
4108437504.0,-0.14777104556560516
4109374976.0,-0.14898550510406494
4110312448.0,-0.1503104418516159
4111249920.0,-0.1508684754371643
4112187392.0,-0.15210984647274017
4113125120.0,-0.1521783024072647
4114062592.0,-0.15209649503231049
4115000064.0,-0.15126726031303406
4115937536.0,-0.15055252611637115
4116875008.0,-0.1495523601770401
4117812480.0,-0.1469925194978714
4118749952.0,-0.1449924111366272
4119687424.0,-0.1416180431842804
4120624896.0,-0.1385406255722046
4121562624.0,-0.13574500381946564
4122500096.0,-0.13199563324451447
4123437568.0,-0.12645938992500305
4124375040.0,-0.12311730533838272
4125312512.0,-0.11814183741807938
4126249984.0,-0.11341482400894165
4127187456.0,-0.10912410914897919
4128124928.0,-0.1045808494091034
4129062400.0,-0.10012376308441162
4129999872.0,-0.09573522955179214
4130937600.0,-0.09167338162660599
4131875072.0,-0.08740268647670746
4132812544.0,-0.08445748686790466
4133750016.0,-0.08034466952085495
4134687488.0,-0.07783978432416916
4135624960.0,-0.07358358055353165
4136562432.0,-0.07183893769979477
4137499904.0,-0.06867533922195435
4138437376.0,-0.066449835896492
4139375104.0,-0.06561660021543503
4140312576.0,-0.0627264529466629
4141250048.0,-0.06155475974082947
4142187520.0,-0.06061961129307747
4143124992.0,-0.05965115502476692
4144062464.0,-0.05801363289356232
4144999936.0,-0.05558686703443527
4145937408.0,-0.0541740246117115
4146874880.0,-0.09168998897075653
4147812608.0,-0.09321166574954987
4148750080.0,-0.09484022855758667
4149687552.0,-0.09551052749156952
4150625024.0,-0.09482645988464355
4151562496.0,-0.09348465502262115
4152499968.0,-0.09122112393379211
4153437440.0,-0.08937501907348633
4154374912.0,-0.08608052879571915
4155312384.0,-0.08173827826976776
4156250112.0,-0.0764831081032753
4157187584.0,-0.0712989792227745
4158125056.0,-0.06788114458322525
4159062528.0,-0.06218913197517395
4160000000.0,-0.0573701336979866
4160937472.0,-0.052320338785648346
4161874944.0,-0.04791436716914177
4162812416.0,-0.043659958988428116
4163749888.0,-0.04082981124520302
4164687616.0,-0.0373612716794014
4165625088.0,-0.0352342426776886
4166562560.0,-0.03272267431020737
4167500032.0,-0.032130297273397446
4168437504.0,-0.03156471997499466
4169374976.0,-0.03079768270254135
4170312448.0,-0.0313493087887764
4171249920.0,-0.03149772807955742
4172187392.0,-0.033962007611989975
4173125120.0,-0.03657270595431328
4174062592.0,-0.039034806191921234
4175000064.0,-0.04185818135738373
4175937536.0,-0.04597866162657738
4176875008.0,-0.05093589797616005
4177812480.0,-0.05594371259212494
4178749952.0,-0.06022113934159279
4179687424.0,-0.06620524823665619
4180624896.0,-0.07082324475049973
4181562624.0,-0.07607301324605942
4182500096.0,-0.08275424689054489
4183437568.0,-0.08770715445280075
4184375040.0,-0.09340685606002808
4185312512.0,-0.09872398525476456
4186249984.0,-0.10246716439723969
4187187456.0,-0.10735764354467392
4188124928.0,-0.11123824864625931
4189062400.0,-0.11424732208251953
4190000128.0,-0.11811147630214691
4190937600.0,-0.12092867493629456
4191875072.0,-0.12340289354324341
4192812544.0,-0.12592093646526337
4193750016.0,-0.12883217632770538
4194687488.0,-0.1331399381160736
4195624960.0,-0.13643792271614075
4196562432.0,-0.13935571908950806
4197499904.0,-0.1435440480709076
4198437376.0,-0.14774911105632782
4199375104.0,-0.1526104062795639
4200312576.0,-0.15696711838245392
4201250048.0,-0.16257750988006592
4202187520.0,-0.1680760681629181
4203124992.0,-0.17394669353961945
4204062464.0,-0.17923326790332794
4204999936.0,-0.18431447446346283
4205937408.0,-0.1885177046060562
4206874880.0,-0.17988765239715576
4207812608.0,-0.18567539751529694
4208750080.0,-0.19143326580524445
4209687552.0,-0.1961352825164795
4210625024.0,-0.20135526359081268
4211562496.0,-0.203746497631073
4212499968.0,-0.2067587524652481
4213437440.0,-0.20827186107635498
4214374912.0,-0.20817187428474426
4215312384.0,-0.20839062333106995
4216250112.0,-0.20680242776870728
4217187584.0,-0.2034476399421692
4218125056.0,-0.19859759509563446
4219062528.0,-0.19388271868228912
4220000000.0,-0.1861262023448944
4220937472.0,-0.17616456747055054
4221874944.0,-0.1655261367559433
4222812416.0,-0.15467095375061035
4223749888.0,-0.14050042629241943
4224687616.0,-0.12585973739624023
4225625088.0,-0.11133861541748047
4226562560.0,-0.09559537470340729
4227500032.0,-0.08000506460666656
4228437504.0,-0.0625704750418663
4229374976.0,-0.046164620667696
4230312448.0,-0.027878502383828163
4231249920.0,-0.010913204401731491
4232187392.0,0.006333829835057259
4233125120.0,0.023127026855945587
4234062592.0,0.038988396525382996
4235000064.0,0.053576137870550156
4235937536.0,0.06873733550310135
4236875008.0,0.08287211507558823
4237812480.0,0.09553562104701996
4238749952.0,0.107075996696949
4239687424.0,0.11765339970588684
4240624896.0,0.1268393099308014
4241562624.0,0.13426414132118225
4242500096.0,0.13979054987430573
4243437568.0,0.14443594217300415
4244375040.0,0.14751823246479034
4245312512.0,0.14962296187877655
4246249984.0,0.14787817001342773
4247187456.0,0.14568336308002472
4248124928.0,0.1415889412164688
4249062400.0,0.13585425913333893
4249999872.0,0.12828630208969116
4250937600.0,0.11944121867418289
4251875072.0,0.1076582670211792
4252812544.0,0.09503020346164703
4253750016.0,0.08063788712024689
4254687488.0,0.06565985828638077
4255624960.0,0.04860025271773338
4256562432.0,0.031195808202028275
4257499904.0,0.011767759919166565
4258437376.0,-0.007448498625308275
4259375104.0,-0.028542421758174896
4260312576.0,-0.0505099855363369
4261250048.0,-0.07372087240219116
4262187520.0,-0.09614498913288116
4263124992.0,-0.11781489104032516
4264062464.0,-0.14021073281764984
4264999936.0,-0.1610899716615677
4265937408.0,-0.1830899566411972
4266874880.0,-0.19746626913547516
4267812608.0,-0.20574845373630524
4268750080.0,-0.21451950073242188
4269687552.0,-0.22425438463687897
4270625024.0,-0.23172101378440857
4271562496.0,-0.24050775170326233
4272499968.0,-0.24643924832344055
4273437440.0,-0.2524625360965729
4274374912.0,-0.255131334066391
4275312384.0,-0.2577499747276306
4276250112.0,-0.25790005922317505
4277187584.0,-0.25617191195487976
4278125056.0,-0.25243672728538513
4279062528.0,-0.2461215704679489
4280000000.0,-0.2365061342716217
4280937472.0,-0.2264285385608673
4281874944.0,-0.21204325556755066
4282812416.0,-0.19637003540992737
4283749888.0,-0.1802886575460434
4284687616.0,-0.1617889404296875
4285625088.0,-0.14010830223560333
4286562560.0,-0.11775049567222595
4287500032.0,-0.09545442461967468
4288437504.0,-0.07155507802963257
4289374976.0,-0.046684082597494125
4290312448.0,-0.02262614667415619
4291249920.0,0.0026717621367424726
4292187392.0,0.02571905218064785
4293125120.0,0.04816628247499466
4294062592.0,0.07121895253658295
4295000064.0,0.09224212169647217
4295937536.0,0.11108630150556564
4296875008.0,0.12923604249954224
4297812480.0,0.1451166868209839
4298749952.0,0.15957334637641907
4299687424.0,0.17185375094413757
4300624896.0,0.18199193477630615
4301562368.0,0.18896077573299408
4302499840.0,0.19400806725025177
4303437312.0,0.19608691334724426
4304374784.0,0.19606250524520874
4305312256.0,0.19291634857654572
4306250240.0,0.18712224066257477
4307187712.0,0.1792229264974594
4308125184.0,0.1689685881137848
4309062656.0,0.1574624627828598
4310000128.0,0.14238090813159943
4310937600.0,0.12659944593906403
4311875072.0,0.10971574485301971
4312812544.0,0.09165260195732117
4313750016.0,0.07205139100551605
4314687488.0,0.05314334109425545
4315624960.0,0.03348903730511665
4316562432.0,0.014126411639153957
4317499904.0,-0.0052801561541855335
4318437376.0,-0.023994334042072296
4319374848.0,-0.04360462352633476
4320312320.0,-0.06220107898116112
4321249792.0,-0.08050916343927383
4322187264.0,-0.09745436161756516
4323125248.0,-0.11331099271774292
4324062720.0,-0.12831677496433258
4325000192.0,-0.14296521246433258
4325937664.0,-0.1556902378797531
4326875136.0,-0.21707820892333984
4327812608.0,-0.21768108010292053
4328750080.0,-0.2147122174501419
4329687552.0,-0.211456760764122
4330625024.0,-0.20746001601219177
4331562496.0,-0.20082373917102814
4332499968.0,-0.1940384805202484
4333437440.0,-0.18594768643379211
4334374912.0,-0.17772814631462097
4335312384.0,-0.16868531703948975
4336249856.0,-0.159247487783432
4337187328.0,-0.15005454421043396
4338124800.0,-0.14085698127746582
4339062272.0,-0.13193561136722565
4339999744.0,-0.12371331453323364
4340937728.0,-0.11584693193435669
4341875200.0,-0.10828188806772232
4342812672.0,-0.1026332825422287
4343750144.0,-0.09648171067237854
4344687616.0,-0.09279651194810867
4345625088.0,-0.08702090382575989
4346562560.0,-0.08225648105144501
4347500032.0,-0.08006370812654495
4348437504.0,-0.07810822129249573
4349374976.0,-0.0769474133849144
4350312448.0,-0.07760384678840637
4351249920.0,-0.07717086374759674
4352187392.0,-0.07806767523288727
4353124864.0,-0.07866436243057251
4354062336.0,-0.08001283556222916
4354999808.0,-0.08128940314054489
4355937280.0,-0.08258599042892456
4356874752.0,-0.0852750688791275
4357812736.0,-0.0871545672416687
4358750208.0,-0.09040920436382294
4359687680.0,-0.09262244403362274
4360625152.0,-0.09674734622240067
4361562624.0,-0.10061094164848328
4362500096.0,-0.10426418483257294
4363437568.0,-0.10786036401987076
4364375040.0,-0.11326318234205246
4365312512.0,-0.11667007207870483
4366249984.0,-0.11968939751386642
4367187456.0,-0.12385298311710358
4368124928.0,-0.12715031206607819
4369062400.0,-0.1316482126712799
4369999872.0,-0.1364336460828781
4370937344.0,-0.13975848257541656
4371874816.0,-0.14451566338539124
4372812288.0,-0.15023966133594513
4373749760.0,-0.15409308671951294
4374687744.0,-0.15976881980895996
4375625216.0,-0.16671496629714966
4376562688.0,-0.17126965522766113
4377500160.0,-0.17822396755218506
4378437632.0,-0.18587236106395721
4379375104.0,-0.1929740160703659
4380312576.0,-0.19986897706985474
4381250048.0,-0.20747315883636475
4382187520.0,-0.21579357981681824
4383124992.0,-0.22517956793308258
4384062464.0,-0.23537631332874298
4384999936.0,-0.246576189994812
4385937408.0,-0.25697484612464905
4386874880.0,-0.3299819231033325
4387812352.0,-0.3379501700401306
4388749824.0,-0.3448884189128876
4389687296.0,-0.35071027278900146
4390624768.0,-0.3536147475242615
4391562752.0,-0.35369205474853516
4392500224.0,-0.35374367237091064
4393437696.0,-0.3510599136352539
4394375168.0,-0.34793999791145325
4395312640.0,-0.343490868806839
4396250112.0,-0.3368131220340729
4397187584.0,-0.328051894903183
4398125056.0,-0.317842036485672
4399062528.0,-0.3064745366573334
4400000000.0,-0.29367873072624207
4400937472.0,-0.2796444892883301
4401874944.0,-0.2640928626060486
4402812416.0,-0.24741250276565552
4403749888.0,-0.2310045212507248
4404687360.0,-0.21243105828762054
4405624832.0,-0.19512827694416046
4406562304.0,-0.17738750576972961
4407499776.0,-0.1589309275150299
4408437248.0,-0.1427244395017624
4409375232.0,-0.1255626231431961
4410312704.0,-0.1097961813211441
4411250176.0,-0.09333150833845139
4412187648.0,-0.08028608560562134
4413125120.0,-0.06827816367149353
4414062592.0,-0.05762442946434021
4415000064.0,-0.04806957766413689
4415937536.0,-0.04152711108326912
4416875008.0,-0.03706759959459305
4417812480.0,-0.03501605987548828
4418749952.0,-0.03626202046871185
4419687424.0,-0.03940168023109436
4420624896.0,-0.04665205255150795
4421562368.0,-0.05524356663227081
4422499840.0,-0.06576916575431824
4423437312.0,-0.07956336438655853
4424374784.0,-0.09507714211940765
4425312256.0,-0.11207796633243561
4426250240.0,-0.12898486852645874
4427187712.0,-0.14872734248638153
4428125184.0,-0.16987858712673187
4429062656.0,-0.19185321033000946
4430000128.0,-0.21383261680603027
4430937600.0,-0.23902131617069244
4431875072.0,-0.2617279887199402
4432812544.0,-0.28619375824928284
4433750016.0,-0.3106380105018616
4434687488.0,-0.33356791734695435
4435624960.0,-0.3567672073841095
4436562432.0,-0.37909454107284546
4437499904.0,-0.4019710123538971
4438437376.0,-0.4225257933139801
4439374848.0,-0.4433210492134094
4440312320.0,-0.4634786546230316
4441249792.0,-0.48288416862487793
4442187264.0,-0.50065678358078
4443125248.0,-0.5173200964927673
4444062720.0,-0.528936505317688
4445000192.0,-0.5393210053443909
4445937664.0,-0.547696053981781
4446875136.0,-0.559194028377533
4447812608.0,-0.565196692943573
4448750080.0,-0.5706250071525574
4449687552.0,-0.5742328763008118
4450625024.0,-0.576575517654419
4451562496.0,-0.575941264629364
4452499968.0,-0.5729399919509888
4453437440.0,-0.5686627626419067
4454374912.0,-0.5622466802597046
4455312384.0,-0.5537478923797607
4456249856.0,-0.5429077744483948
4457187328.0,-0.530584454536438
4458124800.0,-0.5165858864784241
4459062272.0,-0.5005569458007812
4460000256.0,-0.4832763671875
4460937728.0,-0.46658948063850403
4461875200.0,-0.4488378167152405
4462812672.0,-0.4317872226238251
4463750144.0,-0.4150804579257965
4464687616.0,-0.39814403653144836
4465625088.0,-0.381533682346344
4466562560.0,-0.3655163645744324
4467500032.0,-0.34947216510772705
4468437504.0,-0.33546218276023865
4469374976.0,-0.3214550018310547
4470312448.0,-0.30888208746910095
4471249920.0,-0.297481507062912
4472187392.0,-0.2883252501487732
4473124864.0,-0.2803804576396942
4474062336.0,-0.2743344306945801
4474999808.0,-0.2700689136981964
4475937280.0,-0.26667502522468567
4476874752.0,-0.26623037457466125
4477812736.0,-0.2678218185901642
4478750208.0,-0.272136926651001
4479687680.0,-0.27848389744758606
4480625152.0,-0.28675252199172974
4481562624.0,-0.2977049648761749
4482500096.0,-0.31187230348587036
4483437568.0,-0.32834622263908386
4484375040.0,-0.34541159868240356
4485312512.0,-0.3660068213939667
4486249984.0,-0.3891040086746216
4487187456.0,-0.4142356216907501
4488124928.0,-0.4413759112358093
4489062400.0,-0.4691358208656311
4489999872.0,-0.49967408180236816
4490937344.0,-0.5302125811576843
4491874816.0,-0.5609195828437805
4492812288.0,-0.5932218432426453
4493749760.0,-0.6259542107582092
4494687744.0,-0.659196674823761
4495625216.0,-0.6909117698669434
4496562688.0,-0.7229111194610596
4497500160.0,-0.7554060816764832
4498437632.0,-0.7849826812744141
4499375104.0,-0.8142663240432739
4500312576.0,-0.8444704413414001
4501250048.0,-0.8713101744651794
4502187520.0,-0.8958569169044495
4503124992.0,-0.9203353524208069
4504062464.0,-0.9420844316482544
4504999936.0,-0.9610705971717834
4505937408.0,-0.9787010550498962
4506874880.0,-0.9433557391166687
4507812352.0,-0.9593420624732971
4508749824.0,-0.9732246994972229
4509687296.0,-0.9846312403678894
4510624768.0,-0.9935065507888794
4511562752.0,-0.9982888102531433
4512500224.0,-0.999467134475708
4513437696.0,-0.9975178241729736
4514375168.0,-0.9934400916099548
4515312640.0,-0.9873963594436646
4516250112.0,-0.9786672592163086
4517187584.0,-0.9693877100944519
4518125056.0,-0.9583331346511841
4519062528.0,-0.945666491985321
4520000000.0,-0.9315766096115112
4520937472.0,-0.9151208400726318
4521874944.0,-0.8977324962615967
4522812416.0,-0.8793483376502991
4523749888.0,-0.8628824353218079
4524687360.0,-0.8456977605819702
4525624832.0,-0.8317587971687317
4526562304.0,-0.8198994994163513
4527499776.0,-0.8089775443077087
4528437248.0,-0.7993555665016174
4529375232.0,-0.7914723753929138
4530312704.0,-0.7862144708633423
4531250176.0,-0.7817232012748718
4532187648.0,-0.7794692516326904
4533125120.0,-0.7825844883918762
4534062592.0,-0.7895161509513855
4535000064.0,-0.7994005680084229
4535937536.0,-0.812466025352478
4536875008.0,-0.8287565112113953
4537812480.0,-0.8482905626296997
4538749952.0,-0.8709575533866882
4539687424.0,-0.8968316316604614
4540624896.0,-0.9255166053771973
4541562368.0,-0.9561318159103394
4542499840.0,-0.9909002184867859
4543437312.0,-1.0290417671203613
4544374784.0,-1.0724996328353882
4545312256.0,-1.1176799535751343
4546250240.0,-1.1674028635025024
4547187712.0,-1.2201359272003174
4548125184.0,-1.273551344871521
4549062656.0,-1.331680178642273
4550000128.0,-1.3934412002563477
4550937600.0,-1.457729458808899
4551875072.0,-1.5241070985794067
4552812544.0,-1.593315601348877
4553750016.0,-1.6631855964660645
4554687488.0,-1.7320274114608765
4555624960.0,-1.80146324634552
4556562432.0,-1.869560718536377
4557499904.0,-1.938581109046936
4558437376.0,-2.007624387741089
4559374848.0,-2.076620578765869
4560312320.0,-2.1473350524902344
4561249792.0,-2.215470790863037
4562187264.0,-2.283696413040161
4563125248.0,-2.3486485481262207
4564062720.0,-2.410900354385376
4565000192.0,-2.4736592769622803
4565937664.0,-2.5355448722839355
4566875136.0,-2.417710542678833
4567812608.0,-2.4536972045898438
4568750080.0,-2.4890079498291016
4569687552.0,-2.5238757133483887
4570625024.0,-2.5576956272125244
4571562496.0,-2.5915799140930176
4572499968.0,-2.6251842975616455
4573437440.0,-2.655931234359741
4574374912.0,-2.6870508193969727
4575312384.0,-2.7169291973114014
4576249856.0,-2.748732805252075
4577187328.0,-2.7823050022125244
4578124800.0,-2.816096067428589
4579062272.0,-2.851895570755005
4579999744.0,-2.887864112854004
4580937728.0,-2.9245715141296387
4581875200.0,-2.9608049392700195
4582812672.0,-2.9949803352355957
4583750144.0,-3.029466390609741
4584687616.0,-3.0629758834838867
4585625088.0,-3.097062587738037
4586562560.0,-3.1303369998931885
4587500032.0,-3.165377616882324
4588437504.0,-3.2004048824310303
4589374976.0,-3.2357449531555176
4590312448.0,-3.273709297180176
4591249920.0,-3.3101913928985596
4592187392.0,-3.3492748737335205
4593124864.0,-3.390012502670288
4594062336.0,-3.4316155910491943
4594999808.0,-3.4770700931549072
4595937280.0,-3.521909236907959
4596874752.0,-3.5707144737243652
4597812736.0,-3.6204209327697754
4598750208.0,-3.66961407661438
4599687680.0,-3.7186758518218994
4600625152.0,-3.7732768058776855
4601562624.0,-3.8292932510375977
4602500096.0,-3.885847330093384
4603437568.0,-3.940965414047241
4604375040.0,-3.995147705078125
4605312512.0,-4.045876502990723
4606249984.0,-4.092140197753906
4607187456.0,-4.135894775390625
4608124928.0,-4.1778764724731445
4609062400.0,-4.219372272491455
4609999872.0,-4.259355545043945
4610937344.0,-4.299639701843262
4611874816.0,-4.335572719573975
4612812288.0,-4.367856025695801
4613749760.0,-4.398463249206543
4614687744.0,-4.426340103149414
4615625216.0,-4.449514865875244
4616562688.0,-4.467812538146973
4617500160.0,-4.479395389556885
4618437632.0,-4.488270282745361
4619375104.0,-4.493296146392822
4620312576.0,-4.497753143310547
4621250048.0,-4.499782085418701
4622187520.0,-4.499129295349121
4623124992.0,-4.497145652770996
4624062464.0,-4.490067481994629
4624999936.0,-4.477407455444336
4625937408.0,-4.458718299865723
4626874880.0,-4.618762969970703
4627812352.0,-4.565289497375488
4628749824.0,-4.507974147796631
4629687296.0,-4.445669174194336
4630624768.0,-4.378702163696289
4631562752.0,-4.308497428894043
4632500224.0,-4.235090255737305
4633437696.0,-4.1591572761535645
4634375168.0,-4.0765814781188965
4635312640.0,-3.9900381565093994
4636250112.0,-3.8958253860473633
4637187584.0,-3.7988710403442383
4638125056.0,-3.6942689418792725
4639062528.0,-3.5868101119995117
4640000000.0,-3.4750545024871826
4640937472.0,-3.3605735301971436
4641874944.0,-3.2437119483947754
4642812416.0,-3.125877618789673
4643749888.0,-3.0094120502471924
4644687360.0,-2.8936727046966553
4645624832.0,-2.781383514404297
4646562304.0,-2.6705243587493896
4647499776.0,-2.564279794692993
4648437248.0,-2.464101791381836
4649375232.0,-2.3676226139068604
4650312704.0,-2.2749457359313965
4651250176.0,-2.1864404678344727
4652187648.0,-2.1028170585632324
4653125120.0,-2.0233283042907715
4654062592.0,-1.9485541582107544
4655000064.0,-1.8760734796524048
4655937536.0,-1.8073526620864868
4656875008.0,-1.7442234754562378
4657812480.0,-1.6848737001419067
4658749952.0,-1.6302441358566284
4659687424.0,-1.5811935663223267
4660624896.0,-1.5358545780181885
4661562368.0,-1.4963382482528687
4662499840.0,-1.4614580869674683
4663437312.0,-1.4308547973632812
4664374784.0,-1.4040616750717163
4665312256.0,-1.3805088996887207
4666250240.0,-1.3599154949188232
4667187712.0,-1.3420958518981934
4668125184.0,-1.3257197141647339
4669062656.0,-1.3114532232284546
4670000128.0,-1.2996833324432373
4670937600.0,-1.2885899543762207
4671875072.0,-1.2794170379638672
4672812544.0,-1.271402359008789
4673750016.0,-1.2647863626480103
4674687488.0,-1.2574504613876343
4675624960.0,-1.2490402460098267
4676562432.0,-1.2410609722137451
4677499904.0,-1.2317698001861572
4678437376.0,-1.2186986207962036
4679374848.0,-1.2047412395477295
4680312320.0,-1.190313696861267
4681249792.0,-1.1735875606536865
4682187264.0,-1.1559619903564453
4683125248.0,-1.137367606163025
4684062720.0,-1.1187987327575684
4685000192.0,-1.0975652933120728
4685937664.0,-1.0760645866394043
4686875136.0,-1.0780233144760132
4687812608.0,-1.0546212196350098
4688750080.0,-1.030576229095459
4689687552.0,-1.0044100284576416
4690625024.0,-0.9773049354553223
4691562496.0,-0.9509174823760986
4692499968.0,-0.9231985211372375
4693437440.0,-0.8934391140937805
4694374912.0,-0.8643980026245117
4695312384.0,-0.83339524269104
4696249856.0,-0.8018246293067932
4697187328.0,-0.7705138921737671
4698124800.0,-0.7384725213050842
4699062272.0,-0.7051861882209778
4700000256.0,-0.6717427968978882
4700937728.0,-0.6381938457489014
4701875200.0,-0.6057518720626831
4702812672.0,-0.5736915469169617
4703750144.0,-0.542061448097229
4704687616.0,-0.512574315071106
4705625088.0,-0.48422640562057495
4706562560.0,-0.4571196436882019
4707500032.0,-0.4318481683731079
4708437504.0,-0.4072816073894501
4709374976.0,-0.38567033410072327
4710312448.0,-0.36462169885635376
4711249920.0,-0.34514981508255005
4712187392.0,-0.329032838344574
4713124864.0,-0.31406277418136597
4714062336.0,-0.3000637888908386
4714999808.0,-0.28971442580223083
4715937280.0,-0.27844923734664917
4716874752.0,-0.27081960439682007
4717812736.0,-0.2637578845024109
4718750208.0,-0.26017484068870544
4719687680.0,-0.25807514786720276
4720625152.0,-0.25702983140945435
4721562624.0,-0.2595677375793457
4722500096.0,-0.26142197847366333
4723437568.0,-0.2674473226070404
4724375040.0,-0.274880975484848
4725312512.0,-0.2834473252296448
4726249984.0,-0.29284730553627014
4727187456.0,-0.30489251017570496
4728124928.0,-0.3194548487663269
4729062400.0,-0.33221665024757385
4729999872.0,-0.34770625829696655
4730937344.0,-0.3637164533138275
4731874816.0,-0.38099485635757446
4732812288.0,-0.3987305462360382
4733749760.0,-0.416695237159729
4734687744.0,-0.43566256761550903
4735625216.0,-0.4546526074409485
4736562688.0,-0.4719211757183075
4737500160.0,-0.4912216365337372
4738437632.0,-0.5078073143959045
4739375104.0,-0.5249895453453064
4740312576.0,-0.5410866737365723
4741250048.0,-0.555465042591095
4742187520.0,-0.5696873664855957
4743124992.0,-0.5830674171447754
4744062464.0,-0.593641459941864
4744999936.0,-0.6042755842208862
4745937408.0,-0.613179087638855
4746874880.0,-0.43166545033454895
4747812352.0,-0.4328942596912384
4748749824.0,-0.431474506855011
4749687296.0,-0.4305582046508789
4750624768.0,-0.42770126461982727
4751562752.0,-0.4265139400959015
4752500224.0,-0.42375439405441284
4753437696.0,-0.4211983382701874
4754375168.0,-0.41783377528190613
4755312640.0,-0.41364380717277527
4756250112.0,-0.4101807177066803
4757187584.0,-0.4051322340965271
4758125056.0,-0.399556428194046
4759062528.0,-0.3928658068180084
4760000000.0,-0.38624703884124756
4760937472.0,-0.3801204562187195
4761874944.0,-0.37160688638687134
4762812416.0,-0.3636099696159363
4763749888.0,-0.35434088110923767
4764687360.0,-0.3449426591396332
4765624832.0,-0.3345114290714264
4766562304.0,-0.3235244154930115
4767499776.0,-0.3119927942752838
4768437248.0,-0.3005053997039795
4769375232.0,-0.2874407172203064
4770312704.0,-0.2744462490081787
4771250176.0,-0.26057547330856323
4772187648.0,-0.2441222369670868
4773125120.0,-0.22819623351097107
4774062592.0,-0.21194110810756683
4775000064.0,-0.19426347315311432
4775937536.0,-0.17511996626853943
4776875008.0,-0.15587446093559265
4777812480.0,-0.13598431646823883
4778749952.0,-0.11636023968458176
4779687424.0,-0.09642885625362396
4780624896.0,-0.07501937448978424
4781562368.0,-0.0536271296441555
4782499840.0,-0.03249280899763107
4783437312.0,-0.01062126737087965
4784374784.0,0.00998945627361536
4785312256.0,0.03066779300570488
4786250240.0,0.05170457065105438
4787187712.0,0.07112565636634827
4788125184.0,0.09044831246137619
4789062656.0,0.10864220559597015
4790000128.0,0.1252230554819107
4790937600.0,0.13942304253578186
4791875072.0,0.1532486528158188
4792812544.0,0.16439099609851837
4793750016.0,0.17388711869716644
4794687488.0,0.1800152212381363
4795624960.0,0.1849207580089569
4796562432.0,0.18707402050495148
4797499904.0,0.18633869290351868
4798437376.0,0.18253976106643677
4799374848.0,0.17790864408016205
4800312320.0,0.16959431767463684
4801249792.0,0.15856176614761353
4802187264.0,0.14497631788253784
4803125248.0,0.12888306379318237
4804062720.0,0.11052793264389038
4805000192.0,0.08949998766183853
4805937664.0,0.06625622510910034
4806875136.0,-0.21640783548355103
4807812608.0,-0.2221621870994568
4808750080.0,-0.228553906083107
4809687552.0,-0.2342785745859146
4810625024.0,-0.2407492995262146
4811562496.0,-0.24600155651569366
4812499968.0,-0.252654492855072
4813437440.0,-0.25738611817359924
4814374912.0,-0.2616848349571228
4815312384.0,-0.26543447375297546
4816249856.0,-0.26869818568229675
4817187328.0,-0.2709636688232422
4818124800.0,-0.2735315263271332
4819062272.0,-0.2740478515625
4819999744.0,-0.2729092538356781
4820937728.0,-0.27181190252304077
4821875200.0,-0.2704017460346222
4822812672.0,-0.26655012369155884
4823750144.0,-0.2631343603134155
4824687616.0,-0.25778159499168396
4825625088.0,-0.25149616599082947
4826562560.0,-0.2445896416902542
4827500032.0,-0.23695656657218933
4828437504.0,-0.22798970341682434
4829374976.0,-0.21871672570705414
4830312448.0,-0.20940005779266357
4831249920.0,-0.19865192472934723
4832187392.0,-0.18700043857097626
4833124864.0,-0.1749507486820221
4834062336.0,-0.1651950627565384
4834999808.0,-0.15420237183570862
4835937280.0,-0.14294177293777466
4836874752.0,-0.13281521201133728
4837812736.0,-0.12327432632446289
4838750208.0,-0.11439067125320435
4839687680.0,-0.10602312535047531
4840625152.0,-0.09815498441457748
4841562624.0,-0.09240080416202545
4842500096.0,-0.08789745718240738
4843437568.0,-0.08409658819437027
4844375040.0,-0.08247210830450058
4845312512.0,-0.08198244124650955
4846249984.0,-0.08423590660095215
4847187456.0,-0.08778821676969528
4848124928.0,-0.09293729811906815
4849062400.0,-0.09781431406736374
4849999872.0,-0.10505302250385284
4850937344.0,-0.11416395753622055
4851874816.0,-0.12501326203346252
4852812288.0,-0.1364588588476181
4853749760.0,-0.1478032022714615
4854687744.0,-0.161213219165802
4855625216.0,-0.17508773505687714
4856562688.0,-0.18974712491035461
4857500160.0,-0.2030620574951172
4858437632.0,-0.21736489236354828
4859375104.0,-0.23144859075546265
4860312576.0,-0.24536819756031036
4861250048.0,-0.2587604224681854
4862187520.0,-0.2714368999004364
4863124992.0,-0.2838360071182251
4864062464.0,-0.2936965823173523
4864999936.0,-0.30373209714889526
4865937408.0,-0.31161466240882874
4866874880.0,-0.29697903990745544
4867812352.0,-0.30393147468566895
4868749824.0,-0.30980822443962097
4869687296.0,-0.3151317834854126
4870624768.0,-0.3196694552898407
4871562752.0,-0.3228270709514618
4872500224.0,-0.32493847608566284
4873437696.0,-0.3262385427951813
4874375168.0,-0.32761165499687195
4875312640.0,-0.32755744457244873
4876250112.0,-0.3258511424064636
4877187584.0,-0.3240722119808197
4878125056.0,-0.3190613090991974
4879062528.0,-0.315563827753067
4880000000.0,-0.30997446179389954
4880937472.0,-0.3037499785423279
4881874944.0,-0.29562073945999146
4882812416.0,-0.28772956132888794
4883749888.0,-0.27954331040382385
4884687360.0,-0.269944965839386
4885624832.0,-0.25890544056892395
4886562304.0,-0.24893756210803986
4887499776.0,-0.23723620176315308
4888437248.0,-0.22502124309539795
4889375232.0,-0.21166573464870453
4890312704.0,-0.1986922323703766
4891250176.0,-0.18452969193458557
4892187648.0,-0.170932799577713
4893125120.0,-0.15692338347434998
4894062592.0,-0.1417236477136612
4895000064.0,-0.12862390279769897
4895937536.0,-0.1151147335767746
4896875008.0,-0.10094188153743744
4897812480.0,-0.08696814626455307
4898749952.0,-0.07451154291629791
4899687424.0,-0.061627574265003204
4900624896.0,-0.04967596381902695
4901562368.0,-0.039030563086271286
4902499840.0,-0.0290946327149868
4903437312.0,-0.019986312836408615
4904374784.0,-0.012897883541882038
4905312256.0,-0.005819343961775303
4906250240.0,-0.0008680719183757901
4907187712.0,0.003475327743217349
4908125184.0,0.005753994453698397
4909062656.0,0.007671572733670473
4910000128.0,0.0075855860486626625
4910937600.0,0.007272219285368919
4911875072.0,0.004906401503831148
4912812544.0,0.001717988750897348
4913750016.0,-0.002718136413022876
4914687488.0,-0.00831091869622469
4915624960.0,-0.016033535823225975
4916562432.0,-0.02339450642466545
4917499904.0,-0.03321057930588722
4918437376.0,-0.04131152480840683
4919374848.0,-0.0520363487303257
4920312320.0,-0.06285466998815536
4921249792.0,-0.0756276398897171
4922187264.0,-0.08705314993858337
4923125248.0,-0.09977337718009949
4924062720.0,-0.11221185326576233
4925000192.0,-0.1236196905374527
4925937664.0,-0.18767708539962769
4926875136.0,-0.1878306120634079
4927812608.0,-0.1882144957780838
4928750080.0,-0.1893266886472702
4929687552.0,-0.19086205959320068
4930625024.0,-0.19129736721515656
4931562496.0,-0.19120512902736664
4932499968.0,-0.1902158558368683
4933437440.0,-0.1898001730442047
4934374912.0,-0.1880522221326828
4935312384.0,-0.18614251911640167
4936249856.0,-0.18290765583515167
4937187328.0,-0.17989958822727203
4938124800.0,-0.1764715164899826
4939062272.0,-0.1709584891796112
4940000256.0,-0.1653936803340912
4940937728.0,-0.16125896573066711
4941875200.0,-0.15332496166229248
4942812672.0,-0.14711222052574158
4943750144.0,-0.13926291465759277
4944687616.0,-0.13199637830257416
4945625088.0,-0.12351839244365692
4946562560.0,-0.11502160131931305
4947500032.0,-0.10368245095014572
4948437504.0,-0.09480810910463333
4949374976.0,-0.08381281048059464
4950312448.0,-0.07189880311489105
4951249920.0,-0.0612022764980793
4952187392.0,-0.05112616717815399
4953124864.0,-0.04062078148126602
4954062336.0,-0.02901957370340824
4954999808.0,-0.02001958154141903
4955937280.0,-0.008969495072960854
4956874752.0,-0.0004214364162180573
4957812736.0,0.008280997164547443
4958750208.0,0.016153793781995773
4959687680.0,0.02345089241862297
4960625152.0,0.02912355214357376
4961562624.0,0.034335169941186905
4962500096.0,0.03963048383593559
4963437568.0,0.04217897355556488
4964375040.0,0.044205475598573685
4965312512.0,0.04553643614053726
4966249984.0,0.04588232934474945
4967187456.0,0.04425785318017006
4968124928.0,0.04160638526082039
4969062400.0,0.038781918585300446
4969999872.0,0.033384088426828384
4970937344.0,0.028293682262301445
4971874816.0,0.021344633772969246
4972812288.0,0.014115721918642521
4973749760.0,0.006125482730567455
4974687744.0,-0.0036230969708412886
4975625216.0,-0.012404746375977993
4976562688.0,-0.021826105192303658
4977500160.0,-0.031745608896017075
4978437632.0,-0.042708560824394226
4979375104.0,-0.05305923894047737
4980312576.0,-0.06396593898534775
4981250048.0,-0.07443448156118393
4982187520.0,-0.08437130600214005
4983124992.0,-0.09454774111509323
4984062464.0,-0.10295325517654419
4984999936.0,-0.11080864071846008
4985937408.0,-0.15433095395565033
4986874880.0,-0.16541439294815063
4987812352.0,-0.17509597539901733
4988749824.0,-0.18316641449928284
4989687296.0,-0.19038383662700653
4990624768.0,-0.1966565102338791
4991562752.0,-0.2005254328250885
4992500224.0,-0.2044539749622345
4993437696.0,-0.2070682793855667
4994375168.0,-0.20736268162727356
4995312640.0,-0.20664995908737183
4996250112.0,-0.20481158792972565
4997187584.0,-0.20098896324634552
4998125056.0,-0.19583603739738464
4999062528.0,-0.19089841842651367
5000000000.0,-0.1845342218875885
5000937472.0,-0.17574919760227203
5001874944.0,-0.16824492812156677
5002812416.0,-0.15767960250377655
5003749888.0,-0.1468956470489502
5004687360.0,-0.13648733496665955
5005624832.0,-0.12510742247104645
5006562304.0,-0.11267779767513275
5007499776.0,-0.10038570314645767
5008437248.0,-0.08757222443819046
5009375232.0,-0.07523197680711746
5010312704.0,-0.06411263346672058
5011250176.0,-0.052056606858968735
5012187648.0,-0.039890509098768234
5013125120.0,-0.028164098039269447
5014062592.0,-0.016441350802779198
5015000064.0,-0.0068220170214772224
5015937536.0,0.0029568704776465893
5016875008.0,0.011420701630413532
5017812480.0,0.019853783771395683
5018749952.0,0.026709698140621185
5019687424.0,0.032680392265319824
5020624896.0,0.03924714773893356
5021562368.0,0.04325320944190025
5022499840.0,0.04670731723308563
5023437312.0,0.048558250069618225
5024374784.0,0.05069739744067192
5025312256.0,0.051754239946603775
5026250240.0,0.05157741904258728
5027187712.0,0.05093160644173622
5028125184.0,0.04756181314587593
5029062656.0,0.04525348171591759
5030000128.0,0.04162114858627319
5030937600.0,0.03669910505414009
5031875072.0,0.031247340142726898
5032812544.0,0.02526278980076313
5033750016.0,0.019182328134775162
5034687488.0,0.0120864138007164
5035624960.0,0.005045913625508547
5036562432.0,-0.003152530873194337
5037499904.0,-0.012121624313294888
5038437376.0,-0.021542031317949295
5039374848.0,-0.029622938483953476
5040312320.0,-0.038204461336135864
5041249792.0,-0.046731263399124146
5042187264.0,-0.055223431438207626
5043125248.0,-0.06405673176050186
5044062720.0,-0.07262805849313736
5045000192.0,-0.080695740878582
5045937664.0,-0.09834495931863785
5046875136.0,-0.10769589245319366
5047812608.0,-0.11604996025562286
5048750080.0,-0.1251150369644165
5049687552.0,-0.1320684254169464
5050625024.0,-0.1397045999765396
5051562496.0,-0.14537762105464935
5052499968.0,-0.15175843238830566
5053437440.0,-0.15723663568496704
5054374912.0,-0.16167643666267395
5055312384.0,-0.1657884567975998
5056249856.0,-0.16814783215522766
5057187328.0,-0.1719456911087036
5058124800.0,-0.1733473539352417
5059062272.0,-0.17553822696208954
5059999744.0,-0.17609108984470367
5060937728.0,-0.1770530790090561
5061875200.0,-0.1759178638458252
5062812672.0,-0.17498894035816193
5063750144.0,-0.17362681031227112
5064687616.0,-0.17014433443546295
5065625088.0,-0.1653442531824112
5066562560.0,-0.1620176136493683
5067500032.0,-0.15696634352207184
5068437504.0,-0.15140143036842346
5069374976.0,-0.14572620391845703
5070312448.0,-0.13869263231754303
5071249920.0,-0.13203021883964539
5072187392.0,-0.12437480688095093
5073124864.0,-0.11762181669473648
5074062336.0,-0.11058060824871063
5074999808.0,-0.10377569496631622
5075937280.0,-0.097218357026577
5076874752.0,-0.09030678123235703
5077812736.0,-0.0825379341840744
5078750208.0,-0.07617803663015366
5079687680.0,-0.06951043754816055
5080625152.0,-0.06295605003833771
5081562624.0,-0.05655509606003761
5082500096.0,-0.05150521174073219
5083437568.0,-0.04628593474626541
5084375040.0,-0.041284311562776566
5085312512.0,-0.0377856083214283
5086249984.0,-0.03448168560862541
5087187456.0,-0.031102143228054047
5088124928.0,-0.02917386405169964
5089062400.0,-0.028307007625699043
5089999872.0,-0.026934538036584854
5090937344.0,-0.025175966322422028
5091874816.0,-0.024833204224705696
5092812288.0,-0.023544006049633026
5093749760.0,-0.02368009276688099
5094687744.0,-0.02463441528379917
5095625216.0,-0.025811752304434776
5096562688.0,-0.026924550533294678
5097500160.0,-0.02819373644888401
5098437632.0,-0.030192459002137184
5099375104.0,-0.03288896009325981
5100312576.0,-0.035738926380872726
5101250048.0,-0.03893100842833519
5102187520.0,-0.04305870458483696
5103124992.0,-0.04810795560479164
5104062464.0,-0.05197596177458763
5104999936.0,-0.05684664472937584
5105937408.0,-0.12973284721374512
5106874880.0,-0.13588584959506989
5107812352.0,-0.14116328954696655
5108749824.0,-0.14504042267799377
5109687296.0,-0.1482684314250946
5110624768.0,-0.1515926718711853
5111562752.0,-0.15376314520835876
5112500224.0,-0.1542748361825943
5113437696.0,-0.15504874289035797
5114375168.0,-0.15508155524730682
5115312640.0,-0.15326648950576782
5116250112.0,-0.15173768997192383
5117187584.0,-0.1499481499195099
5118125056.0,-0.1462307721376419
5119062528.0,-0.14413100481033325
5120000000.0,-0.13960401713848114
5120937472.0,-0.13667944073677063
5121874944.0,-0.13276736438274384
5122812416.0,-0.12808527052402496
5123749888.0,-0.12293428927659988
5124687360.0,-0.11769813299179077
5125624832.0,-0.11324439197778702
5126562304.0,-0.10908713191747665
5127499776.0,-0.10410156100988388
5128437248.0,-0.09877083450555801
5129375232.0,-0.0950217992067337
5130312704.0,-0.09053070098161697
5131250176.0,-0.08614978194236755
5132187648.0,-0.08181076496839523
5133125120.0,-0.07739131897687912
5134062592.0,-0.07296579331159592
5135000064.0,-0.06981097161769867
5135937536.0,-0.06785666197538376
5136875008.0,-0.06470570713281631
5137812480.0,-0.0638355016708374
5138749952.0,-0.06256753206253052
5139687424.0,-0.06166204437613487
5140624896.0,-0.06169506534934044
5141562368.0,-0.06197787821292877
5142499840.0,-0.061928268522024155
5143437312.0,-0.06294310092926025
5144374784.0,-0.06299847364425659
5145312256.0,-0.06525810062885284
5146250240.0,-0.06699298322200775
5147187712.0,-0.07099264860153198
5148125184.0,-0.0735003650188446
5149062656.0,-0.07845920324325562
5150000128.0,-0.08292226493358612
5150937600.0,-0.08722251653671265
5151875072.0,-0.09276413917541504
5152812544.0,-0.09833897650241852
5153750016.0,-0.10394060611724854
5154687488.0,-0.11015348881483078
5155624960.0,-0.1175227165222168
5156562432.0,-0.12346575409173965
5157499904.0,-0.13121217489242554
5158437376.0,-0.13907623291015625
5159374848.0,-0.1458519846200943
5160312320.0,-0.15400533378124237
5161249792.0,-0.1616019904613495
5162187264.0,-0.16898100078105927
5163125248.0,-0.1784476339817047
5164062720.0,-0.18743780255317688
5165000192.0,-0.19547882676124573
5165937664.0,-0.19456304609775543
5166875136.0,-0.20679894089698792
5167812608.0,-0.21729375422000885
5168750080.0,-0.2272859364748001
5169687552.0,-0.2355789989233017
5170625024.0,-0.2428089827299118
5171562496.0,-0.248592808842659
5172499968.0,-0.253193199634552
5173437440.0,-0.2562026381492615
5174374912.0,-0.2580864727497101
5175312384.0,-0.2589375674724579
5176249856.0,-0.25687748193740845
5177187328.0,-0.2544727623462677
5178124800.0,-0.25072094798088074
5179062272.0,-0.2458469271659851
5180000256.0,-0.24025267362594604
5180937728.0,-0.23399530351161957
5181875200.0,-0.22621144354343414
5182812672.0,-0.21727776527404785
5183750144.0,-0.20865380764007568
5184687616.0,-0.1992402821779251
5185625088.0,-0.18819604814052582
5186562560.0,-0.1766270399093628
5187500032.0,-0.16545668244361877
5188437504.0,-0.1521460860967636
5189374976.0,-0.1393790990114212
5190312448.0,-0.12680186331272125
5191249920.0,-0.1139984279870987
5192187392.0,-0.10045835375785828
5193124864.0,-0.08826977759599686
5194062336.0,-0.07598593831062317
5194999808.0,-0.06404014676809311
5195937280.0,-0.053155891597270966
5196874752.0,-0.041546113789081573
5197812736.0,-0.03152026608586311
5198750208.0,-0.021546190604567528
5199687680.0,-0.013164893724024296
5200625152.0,-0.0046426840126514435
5201562624.0,0.0028396842535585165
5202500096.0,0.008945481851696968
5203437568.0,0.013156577944755554
5204375040.0,0.01594197377562523
5205312512.0,0.018169861286878586
5206249984.0,0.018567129969596863
5207187456.0,0.019038179889321327
5208124928.0,0.017507443204522133
5209062400.0,0.014218922704458237
5209999872.0,0.01037172693759203
5210937344.0,0.005212594289332628
5211874816.0,-0.0025098477490246296
5212812288.0,-0.01012171246111393
5213749760.0,-0.01979299634695053
5214687744.0,-0.030332276597619057
5215625216.0,-0.042817123234272
5216562688.0,-0.056562624871730804
5217500160.0,-0.07063683867454529
5218437632.0,-0.08544997870922089
5219375104.0,-0.10230200737714767
5220312576.0,-0.11772803962230682
5221250048.0,-0.13487191498279572
5222187520.0,-0.1519671380519867
5223124992.0,-0.16814188659191132
5224062464.0,-0.18499793112277985
5224999936.0,-0.20248281955718994
5225937408.0,-0.21160265803337097
5226874880.0,-0.22688265144824982
5227812352.0,-0.2396102249622345
5228749824.0,-0.25143393874168396
5229687296.0,-0.2633668780326843
5230624768.0,-0.2728725075721741
5231562752.0,-0.2815850079059601
5232500224.0,-0.28996506333351135
5233437696.0,-0.2944924831390381
5234375168.0,-0.2989656329154968
5235312640.0,-0.30125731229782104
5236250112.0,-0.301353394985199
5237187584.0,-0.29953238368034363
5238125056.0,-0.29536762833595276
5239062528.0,-0.28927525877952576
5240000000.0,-0.28221970796585083
5240937472.0,-0.27253103256225586
5241874944.0,-0.2616448700428009
5242812416.0,-0.25011804699897766
5243749888.0,-0.23606251180171967
5244687360.0,-0.22189803421497345
5245624832.0,-0.20592431724071503
5246562304.0,-0.18885092437267303
5247499776.0,-0.17212875187397003
5248437248.0,-0.1544983685016632
5249375232.0,-0.1359085738658905
5250312704.0,-0.11823376268148422
5251250176.0,-0.09991612285375595
5252187648.0,-0.08128152787685394
5253125120.0,-0.06434579193592072
5254062592.0,-0.04797966778278351
5255000064.0,-0.032884031534194946
5255937536.0,-0.01825745217502117
5256875008.0,-0.004665709100663662
5257812480.0,0.007669653277844191
5258749952.0,0.0193808451294899
5259687424.0,0.029010161757469177
5260624896.0,0.03764016553759575
5261562368.0,0.04348152130842209
5262499840.0,0.049106664955616
5263437312.0,0.05253475904464722
5264374784.0,0.054190196096897125
5265312256.0,0.05546019971370697
5266250240.0,0.053876616060733795
5267187712.0,0.051636744290590286
5268125184.0,0.048368360847234726
5269062656.0,0.04367949813604355
5270000128.0,0.03755015507340431
5270937600.0,0.02961524948477745
5271875072.0,0.021273426711559296
5272812544.0,0.010564237833023071
5273750016.0,0.0005263510392978787
5274687488.0,-0.011754977516829967
5275624960.0,-0.024620993062853813
5276562432.0,-0.03755977749824524
5277499904.0,-0.0512351356446743
5278437376.0,-0.06558767706155777
5279374848.0,-0.08025772869586945
5280312320.0,-0.09510694444179535
5281249792.0,-0.11028741300106049
5282187264.0,-0.12613900005817413
5283125248.0,-0.14140547811985016
5284062720.0,-0.1568504422903061
5285000192.0,-0.17296664416790009
5285937664.0,-0.20002064108848572
5286875136.0,-0.21413986384868622
5287812608.0,-0.22906431555747986
5288750080.0,-0.24473163485527039
5289687552.0,-0.2581462264060974
5290625024.0,-0.27162763476371765
5291562496.0,-0.2848242521286011
5292499968.0,-0.2996246814727783
5293437440.0,-0.31435760855674744
5294374912.0,-0.327068030834198
5295312384.0,-0.33918729424476624
5296249856.0,-0.3490246534347534
5297187328.0,-0.3588518500328064
5298124800.0,-0.3658331334590912
5299062272.0,-0.371786892414093
5299999744.0,-0.37632402777671814
5300937728.0,-0.3792555332183838
5301875200.0,-0.3815252482891083
5302812672.0,-0.3825736343860626
5303750144.0,-0.3805826008319855
5304687616.0,-0.3779887557029724
5305625088.0,-0.37389135360717773
5306562560.0,-0.36898475885391235
5307500032.0,-0.3608640730381012
5308437504.0,-0.3527814447879791
5309374976.0,-0.34206441044807434
5310312448.0,-0.33138933777809143
5311249920.0,-0.3188183009624481
5312187392.0,-0.30545198917388916
5313124864.0,-0.2900776267051697
5314062336.0,-0.27491769194602966
5314999808.0,-0.2587731182575226
5315937280.0,-0.24208948016166687
5316874752.0,-0.22485528886318207
5317812736.0,-0.20762334764003754
5318750208.0,-0.18775732815265656
5319687680.0,-0.17040710151195526
5320625152.0,-0.1516493260860443
5321562624.0,-0.13336271047592163
5322500096.0,-0.11442114412784576
5323437568.0,-0.09656257182359695
5324375040.0,-0.07924754917621613
5325312512.0,-0.06252888590097427
5326249984.0,-0.04616646096110344
5327187456.0,-0.02997577376663685
5328124928.0,-0.01579558663070202
5329062400.0,-0.0010410099057480693
5329999872.0,0.01038852334022522
5330937344.0,0.021511856466531754
5331874816.0,0.03328869119286537
5332812288.0,0.039294954389333725
5333749760.0,0.0435699000954628
5334687744.0,0.0459626205265522
5335625216.0,0.04712194204330444
5336562688.0,0.04469252750277519
5337500160.0,0.041453104466199875
5338437632.0,0.034818023443222046
5339375104.0,0.02757028117775917
5340312576.0,0.018105413764715195
5341250048.0,0.004985865671187639
5342187520.0,-0.0086600873619318
5343124992.0,-0.025896847248077393
5344062464.0,-0.042735014110803604
5344999936.0,-0.06278248876333237
5345937408.0,-0.3450973927974701
5346874880.0,-0.3601765036582947
5347812352.0,-0.37465062737464905
5348749824.0,-0.389053612947464
5349687296.0,-0.402845174074173
5350624768.0,-0.41561245918273926
5351562752.0,-0.4278903901576996
5352500224.0,-0.43953222036361694
5353437696.0,-0.44823572039604187
5354375168.0,-0.45785126090049744
5355312640.0,-0.464775413274765
5356250112.0,-0.47052809596061707
5357187584.0,-0.4737769365310669
5358125056.0,-0.4747161269187927
5359062528.0,-0.47285932302474976
5360000000.0,-0.4704251289367676
5360937472.0,-0.4656011760234833
5361874944.0,-0.46050816774368286
5362812416.0,-0.4527429938316345
5363749888.0,-0.44475406408309937
5364687360.0,-0.4348134994506836
5365624832.0,-0.4238068163394928
5366562304.0,-0.4107764959335327
5367499776.0,-0.3978826105594635
5368437248.0,-0.3833244740962982
5369375232.0,-0.36775484681129456
5370312704.0,-0.35129672288894653
5371250176.0,-0.33386701345443726
5372187648.0,-0.3166416585445404
5373125120.0,-0.2988954484462738
5374062592.0,-0.27929162979125977
5375000064.0,-0.26069289445877075
5375937536.0,-0.24233900010585785
5376875008.0,-0.22351370751857758
5377812480.0,-0.20559924840927124
5378749952.0,-0.18731212615966797
5379687424.0,-0.17010176181793213
5380624896.0,-0.15361559391021729
5381562368.0,-0.1381720006465912
5382499840.0,-0.12368492782115936
5383437312.0,-0.10971188545227051
5384374784.0,-0.09655279666185379
5385312256.0,-0.0844198688864708
5386250240.0,-0.07500392943620682
5387187712.0,-0.0673617571592331
5388125184.0,-0.06249847635626793
5389062656.0,-0.059897374361753464
5390000128.0,-0.058635879307985306
5390937600.0,-0.06028668209910393
5391875072.0,-0.0643407478928566
5392812544.0,-0.0695202648639679
5393750016.0,-0.07818127423524857
5394687488.0,-0.08864918351173401
5395624960.0,-0.10068409144878387
5396562432.0,-0.11388019472360611
5397499904.0,-0.13177873194217682
5398437376.0,-0.14962831139564514
5399374848.0,-0.16860972344875336
5400312320.0,-0.1890895962715149
5401249792.0,-0.21063436567783356
5402187264.0,-0.2315039336681366
5403125248.0,-0.2534685730934143
5404062720.0,-0.2749685049057007
5405000192.0,-0.297136127948761
5405937664.0,-0.34135207533836365
5406875136.0,-0.3565220236778259
5407812608.0,-0.37007853388786316
5408750080.0,-0.38327834010124207
5409687552.0,-0.3934534788131714
5410625024.0,-0.40155285596847534
5411562496.0,-0.4086543023586273
5412499968.0,-0.41225582361221313
5413437440.0,-0.4140312373638153
5414374912.0,-0.41306477785110474
5415312384.0,-0.40971481800079346
5416249856.0,-0.4043627083301544
5417187328.0,-0.3962195813655853
5418124800.0,-0.3857436776161194
5419062272.0,-0.37379950284957886
5420000256.0,-0.35849156975746155
5420937728.0,-0.3427208662033081
5421875200.0,-0.32461175322532654
5422812672.0,-0.30455994606018066
5423750144.0,-0.28475046157836914
5424687616.0,-0.2635841369628906
5425625088.0,-0.24242742359638214
5426562560.0,-0.21992182731628418
5427500032.0,-0.19866643846035004
5428437504.0,-0.1764739453792572
5429374976.0,-0.15549097955226898
5430312448.0,-0.13569031655788422
5431249920.0,-0.1159176304936409
5432187392.0,-0.09912309795618057
5433124864.0,-0.08267346769571304
5434062336.0,-0.06843861192464828
5434999808.0,-0.05527912825345993
5435937280.0,-0.0451737642288208
5436874752.0,-0.0361969918012619
5437812736.0,-0.028456058353185654
5438750208.0,-0.02336515672504902
5439687680.0,-0.020673248916864395
5440625152.0,-0.02068152464926243
5441562624.0,-0.024016283452510834
5442500096.0,-0.028968675062060356
5443437568.0,-0.03645697981119156
5444375040.0,-0.04672814533114433
5445312512.0,-0.05992255359888077
5446249984.0,-0.07453665882349014
5447187456.0,-0.09148754924535751
5448124928.0,-0.11180981993675232
5449062400.0,-0.13270097970962524
5449999872.0,-0.15573671460151672
5450937344.0,-0.1813770830631256
5451874816.0,-0.20687179267406464
5452812288.0,-0.23435194790363312
5453749760.0,-0.26058781147003174
5454687744.0,-0.28851985931396484
5455625216.0,-0.31667542457580566
5456562688.0,-0.3438066840171814
5457500160.0,-0.37254005670547485
5458437632.0,-0.39973729848861694
5459375104.0,-0.42617538571357727
5460312576.0,-0.45038631558418274
5461250048.0,-0.47481244802474976
5462187520.0,-0.4979207515716553
5463124992.0,-0.5174751877784729
5464062464.0,-0.5364055037498474
5464999936.0,-0.5517034530639648
5465937408.0,-0.47654467821121216
5466874880.0,-0.49235621094703674
5467812352.0,-0.5048178434371948
5468749824.0,-0.5158544182777405
5469687296.0,-0.5238332152366638
5470624768.0,-0.5302896499633789
5471562752.0,-0.5334328413009644
5472500224.0,-0.5344531536102295
5473437696.0,-0.5320205688476562
5474375168.0,-0.5262503027915955
5475312640.0,-0.5176306366920471
5476250112.0,-0.5072718858718872
5477187584.0,-0.4955611824989319
5478125056.0,-0.48052704334259033
5479062528.0,-0.46394866704940796
5480000000.0,-0.4466213285923004
5480937472.0,-0.42721009254455566
5481874944.0,-0.4057064354419708
5482812416.0,-0.3853175640106201
5483749888.0,-0.36329907178878784
5484687360.0,-0.34109827876091003
5485624832.0,-0.320137083530426
5486562304.0,-0.29838991165161133
5487499776.0,-0.2777598202228546
5488437248.0,-0.2570258378982544
5489375232.0,-0.23763424158096313
5490312704.0,-0.21977899968624115
5491250176.0,-0.20349791646003723
5492187648.0,-0.19003279507160187
5493125120.0,-0.17719513177871704
5494062592.0,-0.1658208817243576
5495000064.0,-0.1572299748659134
5495937536.0,-0.15101981163024902
5496875008.0,-0.14732684195041656
5497812480.0,-0.14757239818572998
5498749952.0,-0.14994187653064728
5499687424.0,-0.15515311062335968
5500624896.0,-0.16205233335494995
5501562368.0,-0.17257417738437653
5502499840.0,-0.1838606297969818
5503437312.0,-0.19821563363075256
5504374784.0,-0.21598920226097107
5505312256.0,-0.23472537100315094
5506250240.0,-0.2566547691822052
5507187712.0,-0.2805924713611603
5508125184.0,-0.30650994181632996
5509062656.0,-0.3339354991912842
5510000128.0,-0.3623170256614685
5510937600.0,-0.39422646164894104
5511875072.0,-0.4259456694126129
5512812544.0,-0.45926952362060547
5513750016.0,-0.4931993782520294
5514687488.0,-0.5278803110122681
5515624960.0,-0.5614051222801208
5516562432.0,-0.595758318901062
5517499904.0,-0.6279877424240112
5518437376.0,-0.6607791185379028
5519374848.0,-0.6925085186958313
5520312320.0,-0.7242109179496765
5521249792.0,-0.7544587254524231
5522187264.0,-0.784388542175293
5523125248.0,-0.8125484585762024
5524062720.0,-0.840299129486084
5525000192.0,-0.868438720703125
5525937664.0,-0.741424024105072
5526875136.0,-0.7540311813354492
5527812608.0,-0.766955554485321
5528750080.0,-0.7812105417251587
5529687552.0,-0.7966501712799072
5530625024.0,-0.8138164281845093
5531562496.0,-0.8316891193389893
5532499968.0,-0.8517335653305054
5533437440.0,-0.8726866841316223
5534374912.0,-0.8951842188835144
5535312384.0,-0.9194353818893433
5536249856.0,-0.9437760710716248
5537187328.0,-0.9675809741020203
5538124800.0,-0.9919738173484802
5539062272.0,-1.0137699842453003
5539999744.0,-1.0343273878097534
5540937728.0,-1.0520271062850952
5541875200.0,-1.0661630630493164
5542812672.0,-1.0779023170471191
5543750144.0,-1.0855718851089478
5544687616.0,-1.0922616720199585
5545625088.0,-1.0925958156585693
5546562560.0,-1.0897828340530396
5547500032.0,-1.0815399885177612
5548437504.0,-1.069770097732544
5549374976.0,-1.0537077188491821
5550312448.0,-1.0349034070968628
5551249920.0,-1.0108293294906616
5552187392.0,-0.9843215942382812
5553124864.0,-0.955104649066925
5554062336.0,-0.9242983460426331
5554999808.0,-0.8929347395896912
5555937280.0,-0.8609602451324463
5556874752.0,-0.8284056186676025
5557812736.0,-0.7973284125328064
5558750208.0,-0.766791045665741
5559687680.0,-0.7378088235855103
5560625152.0,-0.7082781791687012
5561562624.0,-0.6821439862251282
5562500096.0,-0.6556083559989929
5563437568.0,-0.6329928636550903
5564375040.0,-0.6129058599472046
5565312512.0,-0.5956301093101501
5566249984.0,-0.5793787240982056
5567187456.0,-0.5655578374862671
5568124928.0,-0.5521593689918518
5569062400.0,-0.5408220887184143
5569999872.0,-0.5286164283752441
5570937344.0,-0.5171108841896057
5571874816.0,-0.5050919651985168
5572812288.0,-0.49525922536849976
5573749760.0,-0.4839737117290497
5574687744.0,-0.4742702543735504
5575625216.0,-0.4657800793647766
5576562688.0,-0.4598013460636139
5577500160.0,-0.45344072580337524
5578437632.0,-0.44913268089294434
5579375104.0,-0.4465171992778778
5580312576.0,-0.4451349675655365
5581250048.0,-0.4454236626625061
5582187520.0,-0.4456004798412323
5583124992.0,-0.4476948082447052
5584062464.0,-0.4505709409713745
5584999936.0,-0.4528143107891083
5585937408.0,-0.4281875789165497
5586874880.0,-0.4187989830970764
5587812352.0,-0.4085213243961334
5588749824.0,-0.3952929973602295
5589687296.0,-0.38096365332603455
5590624768.0,-0.3666623830795288
5591562752.0,-0.3513168394565582
5592500224.0,-0.333793580532074
5593437696.0,-0.3158886134624481
5594375168.0,-0.2987861633300781
5595312640.0,-0.27995625138282776
5596250112.0,-0.2604966461658478
5597187584.0,-0.24085627496242523
5598125056.0,-0.22231566905975342
5599062528.0,-0.2034500539302826
5600000000.0,-0.1844162493944168
5600937472.0,-0.16735969483852386
5601874944.0,-0.15015152096748352
5602812416.0,-0.13437005877494812
5603749888.0,-0.12038829922676086
5604687360.0,-0.106245256960392
5605624832.0,-0.09427902847528458
5606562304.0,-0.08423526585102081
5607499776.0,-0.07535890489816666
5608437248.0,-0.06918756663799286
5609375232.0,-0.06450317054986954
5610312704.0,-0.06111755594611168
5611250176.0,-0.059759922325611115
5612187648.0,-0.05934075638651848
5613125120.0,-0.060752809047698975
5614062592.0,-0.06385929882526398
5615000064.0,-0.0682988166809082
5615937536.0,-0.07545390725135803
5616875008.0,-0.0833667665719986
5617812480.0,-0.09384274482727051
5618749952.0,-0.10355790704488754
5619687424.0,-0.1156388372182846
5620624896.0,-0.12898512184619904
5621562368.0,-0.14209075272083282
5622499840.0,-0.1556067317724228
5623437312.0,-0.1708187609910965
5624374784.0,-0.18453271687030792
5625312256.0,-0.19798290729522705
5626250240.0,-0.21165113151073456
5627187712.0,-0.22572927176952362
5628125184.0,-0.23814702033996582
5629062656.0,-0.25093933939933777
5630000128.0,-0.2606154978275299
5630937600.0,-0.27099373936653137
5631875072.0,-0.2790742516517639
5632812544.0,-0.285170316696167
5633750016.0,-0.2909146249294281
5634687488.0,-0.2947145700454712
5635624960.0,-0.29797399044036865
5636562432.0,-0.29737478494644165
5637499904.0,-0.29520174860954285
5638437376.0,-0.29351454973220825
5639374848.0,-0.2872133255004883
5640312320.0,-0.28121882677078247
5641249792.0,-0.2735375463962555
5642187264.0,-0.26430368423461914
5643125248.0,-0.2521633505821228
5644062720.0,-0.24137628078460693
5645000192.0,-0.22866560518741608
5645937664.0,-0.19372427463531494
5646875136.0,-0.19632259011268616
5647812608.0,-0.19893647730350494
5648750080.0,-0.19869375228881836
5649687552.0,-0.1989481896162033
5650625024.0,-0.1959780603647232
5651562496.0,-0.1929355412721634
5652499968.0,-0.18755941092967987
5653437440.0,-0.18342025578022003
5654374912.0,-0.1763864904642105
5655312384.0,-0.16966569423675537
5656249856.0,-0.16148675978183746
5657187328.0,-0.1528746485710144
5658124800.0,-0.144693061709404
5659062272.0,-0.13600918650627136
5660000256.0,-0.1286931037902832
5660937728.0,-0.12115661799907684
5661875200.0,-0.11421103775501251
5662812672.0,-0.10819895565509796
5663750144.0,-0.10275039076805115
5664687616.0,-0.09826771169900894
5665625088.0,-0.09483807533979416
5666562560.0,-0.09262605011463165
5667500032.0,-0.09174628555774689
5668437504.0,-0.09158533066511154
5669374976.0,-0.09261917322874069
5670312448.0,-0.09461890906095505
5671249920.0,-0.09843496978282928
5672187392.0,-0.10238756984472275
5673124864.0,-0.10798972100019455
5674062336.0,-0.11358839273452759
5674999808.0,-0.12207133322954178
5675937280.0,-0.1301107555627823
5676874752.0,-0.1392773538827896
5677812736.0,-0.1483718901872635
5678750208.0,-0.15762802958488464
5679687680.0,-0.1678650975227356
5680625152.0,-0.1766813099384308
5681562624.0,-0.18593528866767883
5682500096.0,-0.1954849362373352
5683437568.0,-0.2044408768415451
5684375040.0,-0.21320055425167084
5685312512.0,-0.2215595692396164
5686249984.0,-0.2283906489610672
5687187456.0,-0.23560330271720886
5688124928.0,-0.2426230013370514
5689062400.0,-0.24795813858509064
5689999872.0,-0.25276944041252136
5690937344.0,-0.25717663764953613
5691874816.0,-0.26072999835014343
5692812288.0,-0.26441773772239685
5693749760.0,-0.26718786358833313
5694687744.0,-0.27181053161621094
5695625216.0,-0.2754456102848053
5696562688.0,-0.2800179123878479
5697500160.0,-0.2839074730873108
5698437632.0,-0.28745830059051514
5699375104.0,-0.29318884015083313
5700312576.0,-0.29970452189445496
5701250048.0,-0.3061942756175995
5702187520.0,-0.3147730827331543
5703124992.0,-0.32341888546943665
5704062464.0,-0.3331919312477112
5704999936.0,-0.34496593475341797
5705937408.0,-0.23370079696178436
5706874880.0,-0.2541896402835846
5707812352.0,-0.2746518552303314
5708749824.0,-0.29582852125167847
5709687296.0,-0.31533998250961304
5710624768.0,-0.3349279761314392
5711562752.0,-0.3531036972999573
5712500224.0,-0.36857879161834717
5713437696.0,-0.38087198138237
5714375168.0,-0.3903047442436218
5715312640.0,-0.3973561227321625
5716250112.0,-0.3995806574821472
5717187584.0,-0.3975163698196411
5718125056.0,-0.3914062976837158
5719062528.0,-0.3815876841545105
5720000000.0,-0.36642155051231384
5720937472.0,-0.3472159206867218
5721874944.0,-0.32282543182373047
5722812416.0,-0.29561740159988403
5723749888.0,-0.26434993743896484
5724687360.0,-0.22941549122333527
5725624832.0,-0.19192518293857574
5726562304.0,-0.15276800096035004
5727499776.0,-0.11279842257499695
5728437248.0,-0.07124641537666321
5729375232.0,-0.03003159537911415
5730312704.0,0.009844007901847363
5731250176.0,0.04733593389391899
5732187648.0,0.08259671181440353
5733125120.0,0.1151617243885994
5734062592.0,0.14481832087039948
5735000064.0,0.16988128423690796
5735937536.0,0.18937014043331146
5736875008.0,0.20437492430210114
5737812480.0,0.2160610556602478
5738749952.0,0.2218727469444275
5739687424.0,0.22385480999946594
5740624896.0,0.2224411964416504
5741562368.0,0.21746325492858887
5742499840.0,0.20857210457324982
5743437312.0,0.1984754204750061
5744374784.0,0.1859791874885559
5745312256.0,0.1720312386751175
5746250240.0,0.15771619975566864
5747187712.0,0.14288893342018127
5748125184.0,0.12749236822128296
5749062656.0,0.11323131620883942
5750000128.0,0.09913072735071182
5750937600.0,0.08697435259819031
5751875072.0,0.07434301823377609
5752812544.0,0.0632438138127327
5753750016.0,0.052417438477277756
5754687488.0,0.042300671339035034
5755624960.0,0.029061220586299896
5756562432.0,0.00890242401510477
5757499904.0,-0.013526277616620064
5758437376.0,-0.03854283690452576
5759374848.0,-0.06634265184402466
5760312320.0,-0.09432147443294525
5761249792.0,-0.1246347650885582
5762187264.0,-0.1564282774925232
5763125248.0,-0.18734756112098694
5764062720.0,-0.2188531905412674
5765000192.0,-0.25000691413879395
5765937664.0,-0.19345340132713318
5766875136.0,-0.2006087452173233
5767812608.0,-0.20846040546894073
5768750080.0,-0.21712906658649445
5769687552.0,-0.22598159313201904
5770625024.0,-0.2345465123653412
5771562496.0,-0.24345840513706207
5772499968.0,-0.2538280189037323
5773437440.0,-0.2629276514053345
5774374912.0,-0.2735971510410309
5775312384.0,-0.2850652039051056
5776249856.0,-0.2962192893028259
5777187328.0,-0.306272953748703
5778124800.0,-0.3174479007720947
5779062272.0,-0.3278809189796448
5779999744.0,-0.3384462296962738
5780937728.0,-0.349368691444397
5781875200.0,-0.3598150312900543
5782812672.0,-0.3707956373691559
5783750144.0,-0.38030633330345154
5784687616.0,-0.3899593949317932
5785625088.0,-0.3984641432762146
5786562560.0,-0.40863099694252014
5787500032.0,-0.4165925681591034
5788437504.0,-0.4244597256183624
5789374976.0,-0.42969492077827454
5790312448.0,-0.4355669319629669
5791249920.0,-0.43952253460884094
5792187392.0,-0.4419209063053131
5793124864.0,-0.443359375
5794062336.0,-0.44330400228500366
5794999808.0,-0.4418698847293854
5795937280.0,-0.4382505416870117
5796874752.0,-0.4340013861656189
5797812736.0,-0.426490843296051
5798750208.0,-0.41883546113967896
5799687680.0,-0.41153663396835327
5800625152.0,-0.39944297075271606
5801562624.0,-0.38663575053215027
5802500096.0,-0.37259748578071594
5803437568.0,-0.35696521401405334
5804375040.0,-0.34062665700912476
5805312512.0,-0.3244628608226776
5806249984.0,-0.30610567331314087
5807187456.0,-0.2873735725879669
5808124928.0,-0.26738640666007996
5809062400.0,-0.24790792167186737
5809999872.0,-0.228274405002594
5810937344.0,-0.20856578648090363
5811874816.0,-0.18875201046466827
5812812288.0,-0.1695622205734253
5813749760.0,-0.15174944698810577
5814687744.0,-0.13523739576339722
5815625216.0,-0.11905738711357117
5816562688.0,-0.1046060100197792
5817500160.0,-0.09177020937204361
5818437632.0,-0.08035309612751007
5819375104.0,-0.07086391746997833
5820312576.0,-0.062158748507499695
5821250048.0,-0.05686274170875549
5822187520.0,-0.05247052013874054
5823124992.0,-0.05001718923449516
5824062464.0,-0.04929312691092491
5824999936.0,-0.04931778833270073
5825937408.0,-0.2430109828710556
5826874880.0,-0.244318425655365
5827812352.0,-0.2467430979013443
5828749824.0,-0.24847573041915894
5829687296.0,-0.24971558153629303
5830624768.0,-0.251042902469635
5831562752.0,-0.25329187512397766
5832500224.0,-0.2548860013484955
5833437696.0,-0.2560698986053467
5834375168.0,-0.2583672106266022
5835312640.0,-0.26060357689857483
5836250112.0,-0.2631358206272125
5837187584.0,-0.26654353737831116
5838125056.0,-0.269783079624176
5839062528.0,-0.2734884023666382
5840000000.0,-0.2778446078300476
5840937472.0,-0.28380513191223145
5841874944.0,-0.28997838497161865
5842812416.0,-0.29522427916526794
5843749888.0,-0.30221909284591675
5844687360.0,-0.30844181776046753
5845624832.0,-0.314997136592865
5846562304.0,-0.3200100362300873
5847499776.0,-0.3260524868965149
5848437248.0,-0.3326263427734375
5849375232.0,-0.33711785078048706
5850312704.0,-0.3428935706615448
5851250176.0,-0.348031222820282
5852187648.0,-0.35159367322921753
5853125120.0,-0.35402193665504456
5854062592.0,-0.35767918825149536
5855000064.0,-0.36001795530319214
5855937536.0,-0.3637816905975342
5856875008.0,-0.3641985356807709
5857812480.0,-0.36413753032684326
5858749952.0,-0.3644733130931854
5859687424.0,-0.3632238507270813
5860624896.0,-0.3624488115310669
5861562368.0,-0.36136162281036377
5862499840.0,-0.35903748869895935
5863437312.0,-0.3561183512210846
5864374784.0,-0.3536589443683624
5865312256.0,-0.3504534363746643
5866250240.0,-0.3473445475101471
5867187712.0,-0.34308797121047974
5868125184.0,-0.3381188213825226
5869062656.0,-0.33469274640083313
5870000128.0,-0.33034807443618774
5870937600.0,-0.3274272382259369
5871875072.0,-0.32361122965812683
5872812544.0,-0.32220467925071716
5873750016.0,-0.32107990980148315
5874687488.0,-0.3204543888568878
5875624960.0,-0.32049283385276794
5876562432.0,-0.32106152176856995
5877499904.0,-0.3229142725467682
5878437376.0,-0.32520678639411926
5879374848.0,-0.32751962542533875
5880312320.0,-0.33020883798599243
5881249792.0,-0.33314329385757446
5882187264.0,-0.33831697702407837
5883125248.0,-0.3421449363231659
5884062720.0,-0.34704282879829407
5885000192.0,-0.35176172852516174
5885937664.0,-0.36543378233909607
5886875136.0,-0.37009087204933167
5887812608.0,-0.3740307092666626
5888750080.0,-0.3788011968135834
5889687552.0,-0.3812750279903412
5890625024.0,-0.3847578167915344
5891562496.0,-0.38720977306365967
5892499968.0,-0.38947880268096924
5893437440.0,-0.39125341176986694
5894374912.0,-0.39219343662261963
5895312384.0,-0.39244145154953003
5896249856.0,-0.3918517529964447
5897187328.0,-0.391714870929718
5898124800.0,-0.3909330368041992
5899062272.0,-0.39006248116493225
5900000256.0,-0.38861018419265747
5900937728.0,-0.3878951370716095
5901875200.0,-0.38624802231788635
5902812672.0,-0.38521963357925415
5903750144.0,-0.3834784924983978
5904687616.0,-0.38241612911224365
5905625088.0,-0.38265323638916016
5906562560.0,-0.380641907453537
5907500032.0,-0.3806678354740143
5908437504.0,-0.3811858296394348
5909374976.0,-0.38068124651908875
5910312448.0,-0.38132086396217346
5911249920.0,-0.3811233937740326
5912187392.0,-0.3820647597312927
5913124864.0,-0.38423991203308105
5914062336.0,-0.38595250248908997
5914999808.0,-0.38926592469215393
5915937280.0,-0.3921404182910919
5916874752.0,-0.3967757821083069
5917812736.0,-0.40325552225112915
5918750208.0,-0.4085628390312195
5919687680.0,-0.4153303802013397
5920625152.0,-0.4223313629627228
5921562624.0,-0.4309898912906647
5922500096.0,-0.4402840733528137
5923437568.0,-0.4488251209259033
5924375040.0,-0.4592213034629822
5925312512.0,-0.46848687529563904
5926249984.0,-0.48061612248420715
5927187456.0,-0.4907650351524353
5928124928.0,-0.5028381943702698
5929062400.0,-0.5149474740028381
5929999872.0,-0.5255649089813232
5930937344.0,-0.5370244979858398
5931874816.0,-0.5482934713363647
5932812288.0,-0.559346079826355
5933749760.0,-0.5693222284317017
5934687744.0,-0.579640805721283
5935625216.0,-0.5893166065216064
5936562688.0,-0.5984693765640259
5937500160.0,-0.606569230556488
5938437632.0,-0.6155855655670166
5939375104.0,-0.6235827207565308
5940312576.0,-0.6294630765914917
5941250048.0,-0.6344793438911438
5942187520.0,-0.6386349201202393
5943124992.0,-0.6413857340812683
5944062464.0,-0.6428065896034241
5944999936.0,-0.643490731716156
5945937408.0,-0.4205229878425598
5946874880.0,-0.4359942674636841
5947812352.0,-0.4519382417201996
5948749824.0,-0.46652621030807495
5949687296.0,-0.4819115102291107
5950624768.0,-0.49575045704841614
5951562752.0,-0.5095643401145935
5952500224.0,-0.5224746465682983
5953437696.0,-0.5340877771377563
5954375168.0,-0.5442490577697754
5955312640.0,-0.5537542700767517
5956250112.0,-0.5615242719650269
5957187584.0,-0.5684844255447388
5958125056.0,-0.5729473233222961
5959062528.0,-0.5768894553184509
5960000000.0,-0.5790994763374329
5960937472.0,-0.5797054767608643
5961874944.0,-0.5788288116455078
5962812416.0,-0.5737594962120056
5963749888.0,-0.569480836391449
5964687360.0,-0.5628241300582886
5965624832.0,-0.5545106530189514
5966562304.0,-0.5455256700515747
5967499776.0,-0.5352383852005005
5968437248.0,-0.5241006016731262
5969375232.0,-0.511909544467926
5970312704.0,-0.4992813766002655
5971250176.0,-0.4880436360836029
5972187648.0,-0.47573962807655334
5973125120.0,-0.4652397632598877
5974062592.0,-0.4554426670074463
5975000064.0,-0.44593173265457153
5975937536.0,-0.437852680683136
5976875008.0,-0.4304608106613159
5977812480.0,-0.4237537682056427
5978749952.0,-0.4181368947029114
5979687424.0,-0.41424310207366943
5980624896.0,-0.4099125862121582
5981562368.0,-0.40855643153190613
5982499840.0,-0.4074535667896271
5983437312.0,-0.4075518548488617
5984374784.0,-0.4087439477443695
5985312256.0,-0.4114510715007782
5986250240.0,-0.41463759541511536
5987187712.0,-0.418281614780426
5988125184.0,-0.4227014482021332
5989062656.0,-0.42730391025543213
5990000128.0,-0.4323473274707794
5990937600.0,-0.4374704658985138
5991875072.0,-0.4421568214893341
5992812544.0,-0.44741198420524597
5993750016.0,-0.45173904299736023
5994687488.0,-0.4560387432575226
5995624960.0,-0.46125566959381104
5996562432.0,-0.4651559293270111
5997499904.0,-0.47028061747550964
5998437376.0,-0.4732462465763092
5999374848.0,-0.47837087512016296
6000312320.0,-0.4812861680984497
6001249792.0,-0.48544684052467346
6002187264.0,-0.48866042494773865
6003125248.0,-0.4923499524593353
6004062720.0,-0.49706828594207764
6005000192.0,-0.3930865526199341
6005937664.0,-0.4032098650932312
6006875136.0,-0.41234898567199707
6007812608.0,-0.42423248291015625
6008750080.0,-0.43618786334991455
6009687552.0,-0.450201153755188
6010625024.0,-0.465302050113678
6011562496.0,-0.480671226978302
6012499968.0,-0.4966731667518616
6013437440.0,-0.5139269828796387
6014374912.0,-0.5311145782470703
6015312384.0,-0.5486416816711426
6016249856.0,-0.5653398036956787
6017187328.0,-0.5841129422187805
6018124800.0,-0.6015909910202026
6019062272.0,-0.6197718977928162
6019999744.0,-0.6370145082473755
6020937728.0,-0.6528386473655701
6021875200.0,-0.6685912013053894
6022812672.0,-0.6831195950508118
6023750144.0,-0.6954763531684875
6024687616.0,-0.7069554924964905
6025625088.0,-0.7173600196838379
6026562560.0,-0.7255101203918457
6027500032.0,-0.7317841053009033
6028437504.0,-0.7350069284439087
6029374976.0,-0.73607337474823
6030312448.0,-0.7332650423049927
6031249920.0,-0.7300242185592651
6032187392.0,-0.7241395711898804
6033124864.0,-0.7164672017097473
6034062336.0,-0.707706093788147
6034999808.0,-0.6972716450691223
6035937280.0,-0.6844657063484192
6036874752.0,-0.6703901886940002
6037812736.0,-0.6555231809616089
6038750208.0,-0.6396252512931824
6039687680.0,-0.6205775141716003
6040625152.0,-0.6039146780967712
6041562624.0,-0.5868595838546753
6042500096.0,-0.5691182017326355
6043437568.0,-0.5523954033851624
6044375040.0,-0.5356055498123169
6045312512.0,-0.5193263292312622
6046249984.0,-0.5048214793205261
6047187456.0,-0.4908309578895569
6048124928.0,-0.4767775535583496
6049062400.0,-0.4639572203159332
6049999872.0,-0.45235100388526917
6050937344.0,-0.4418100118637085
6051874816.0,-0.4332098960876465
6052812288.0,-0.4231777489185333
6053749760.0,-0.4178631603717804
6054687744.0,-0.4122619032859802
6055625216.0,-0.40831515192985535
6056562688.0,-0.40550848841667175
6057500160.0,-0.40366286039352417
6058437632.0,-0.4031905233860016
6059375104.0,-0.4040500223636627
6060312576.0,-0.40513938665390015
6061250048.0,-0.40820685029029846
6062187520.0,-0.40983957052230835
6063124992.0,-0.41352641582489014
6064062464.0,-0.4175335168838501
6064999936.0,-0.41549593210220337
6065937408.0,-0.4204610586166382
6066874880.0,-0.42690062522888184
6067812352.0,-0.4335033893585205
6068749824.0,-0.44042450189590454
6069687296.0,-0.4488160312175751
6070624768.0,-0.4569682478904724
6071562752.0,-0.465207576751709
6072500224.0,-0.4753827452659607
6073437696.0,-0.4852774441242218
6074375168.0,-0.49420544505119324
6075312640.0,-0.5040855407714844
6076250112.0,-0.5137038230895996
6077187584.0,-0.5231586694717407
6078125056.0,-0.5341206789016724
6079062528.0,-0.5442150235176086
6080000000.0,-0.5543397068977356
6080937472.0,-0.5634093284606934
6081874944.0,-0.572638988494873
6082812416.0,-0.5793616771697998
6083749888.0,-0.5872679352760315
6084687360.0,-0.592593789100647
6085624832.0,-0.5972995758056641
6086562304.0,-0.6009990572929382
6087499776.0,-0.603818953037262
6088437248.0,-0.6070671081542969
6089375232.0,-0.6086940169334412
6090312704.0,-0.6082243323326111
6091250176.0,-0.6059806942939758
6092187648.0,-0.6041086912155151
6093125120.0,-0.600612998008728
6094062592.0,-0.5941184759140015
6095000064.0,-0.587519109249115
6095937536.0,-0.5804378390312195
6096875008.0,-0.5722887516021729
6097812480.0,-0.5637542009353638
6098749952.0,-0.5549297332763672
6099687424.0,-0.5458465814590454
6100624896.0,-0.5373827219009399
6101562368.0,-0.5281190872192383
6102499840.0,-0.5190336108207703
6103437312.0,-0.5104597210884094
6104374784.0,-0.49970901012420654
6105312256.0,-0.49107950925827026
6106250240.0,-0.48123055696487427
6107187712.0,-0.4723929464817047
6108125184.0,-0.4636775255203247
6109062656.0,-0.4537617564201355
6110000128.0,-0.44562965631484985
6110937600.0,-0.4380597770214081
6111875072.0,-0.43083032965660095
6112812544.0,-0.4241657853126526
6113750016.0,-0.4179221987724304
6114687488.0,-0.41271087527275085
6115624960.0,-0.40744322538375854
6116562432.0,-0.40327078104019165
6117499904.0,-0.40036097168922424
6118437376.0,-0.39736273884773254
6119374848.0,-0.3951162099838257
6120312320.0,-0.3945305645465851
6121249792.0,-0.39320674538612366
6122187264.0,-0.3936460018157959
6123125248.0,-0.39409568905830383
6124062720.0,-0.3949621319770813
6125000192.0,-0.5842333436012268
6125937664.0,-0.5954593420028687
6126875136.0,-0.6055062413215637
6127812608.0,-0.6150180101394653
6128750080.0,-0.6245993971824646
6129687552.0,-0.6330481767654419
6130625024.0,-0.6412327289581299
6131562496.0,-0.6481419801712036
6132499968.0,-0.6547675132751465
6133437440.0,-0.6604670286178589
6134374912.0,-0.6651238203048706
6135312384.0,-0.6685550212860107
6136249856.0,-0.6703982353210449
6137187328.0,-0.6712220311164856
6138124800.0,-0.6716176867485046
6139062272.0,-0.6714497804641724
6140000256.0,-0.6704713106155396
6140937728.0,-0.6685643792152405
6141875200.0,-0.6665828824043274
6142812672.0,-0.6633385419845581
6143750144.0,-0.6605625748634338
6144687616.0,-0.6571779251098633
6145625088.0,-0.653074324131012
6146562560.0,-0.649318277835846
6147500032.0,-0.6462119817733765
6148437504.0,-0.642860472202301
6149374976.0,-0.6387434005737305
6150312448.0,-0.6355350017547607
6151249920.0,-0.6330052018165588
6152187392.0,-0.6303125619888306
6153124864.0,-0.6288703083992004
6154062336.0,-0.6269385814666748
6154999808.0,-0.6267078518867493
6155937280.0,-0.6258394122123718
6156874752.0,-0.6266865134239197
6157812736.0,-0.6269918084144592
6158750208.0,-0.629127025604248
6159687680.0,-0.6308106780052185
6160625152.0,-0.6337296962738037
6161562624.0,-0.6361168026924133
6162500096.0,-0.6398470997810364
6163437568.0,-0.6423069834709167
6164375040.0,-0.6462807059288025
6165312512.0,-0.6506925225257874
6166249984.0,-0.6568301916122437
6167187456.0,-0.6612449288368225
6168124928.0,-0.6678375005722046
6169062400.0,-0.6739452481269836
6169999872.0,-0.6820170879364014
6170937344.0,-0.6902983784675598
6171874816.0,-0.6982384324073792
6172812288.0,-0.7068098187446594
6173749760.0,-0.7134609222412109
6174687744.0,-0.720625638961792
6175625216.0,-0.7284084558486938
6176562688.0,-0.7351571321487427
6177500160.0,-0.742118239402771
6178437632.0,-0.7495096325874329
6179375104.0,-0.7567892670631409
6180312576.0,-0.7643299102783203
6181250048.0,-0.7720422744750977
6182187520.0,-0.7790434956550598
6183124992.0,-0.7851449847221375
6184062464.0,-0.792747437953949
6184999936.0,-0.6284528374671936
6185937408.0,-0.6490077972412109
6186874880.0,-0.6690735816955566
6187812352.0,-0.6899832487106323
6188749824.0,-0.7086614966392517
6189687296.0,-0.7277112007141113
6190624768.0,-0.7453057169914246
6191562752.0,-0.7631005048751831
6192500224.0,-0.7799171209335327
6193437696.0,-0.7958884239196777
6194375168.0,-0.8106861710548401
6195312640.0,-0.8241662383079529
6196250112.0,-0.836887538433075
6197187584.0,-0.8495087027549744
6198125056.0,-0.8605136871337891
6199062528.0,-0.8696982264518738
6200000000.0,-0.8775126934051514
6200937472.0,-0.8834815621376038
6201874944.0,-0.8874081373214722
6202812416.0,-0.8894155621528625
6203749888.0,-0.8905525207519531
6204687360.0,-0.8905948996543884
6205624832.0,-0.8867805600166321
6206562304.0,-0.8835753202438354
6207499776.0,-0.8780710101127625
6208437248.0,-0.8711544871330261
6209375232.0,-0.8625458478927612
6210312704.0,-0.8527894020080566
6211250176.0,-0.8426460027694702
6212187648.0,-0.8305785655975342
6213125120.0,-0.8185275197029114
6214062592.0,-0.8049120903015137
6215000064.0,-0.7904733419418335
6215937536.0,-0.7766028046607971
6216875008.0,-0.7610036730766296
6217812480.0,-0.745100200176239
6218749952.0,-0.729367196559906
6219687424.0,-0.7144399881362915
6220624896.0,-0.7006919980049133
6221562368.0,-0.6878188848495483
6222499840.0,-0.674687922000885
6223437312.0,-0.6625272035598755
6224374784.0,-0.6508002281188965
6225312256.0,-0.6405619978904724
6226250240.0,-0.6300629377365112
6227187712.0,-0.6207688450813293
6228125184.0,-0.611549973487854
6229062656.0,-0.605802595615387
6230000128.0,-0.6011645197868347
6230937600.0,-0.5977680087089539
6231875072.0,-0.5970726609230042
6232812544.0,-0.597416341304779
6233750016.0,-0.6000483632087708
6234687488.0,-0.6021010279655457
6235624960.0,-0.608025848865509
6236562432.0,-0.6132445335388184
6237499904.0,-0.61978679895401
6238437376.0,-0.6273193359375
6239374848.0,-0.6354832649230957
6240312320.0,-0.6437209248542786
6241249792.0,-0.6539390087127686
6242187264.0,-0.664356529712677
6243125248.0,-0.6744300127029419
6244062720.0,-0.6848251819610596
6245000192.0,-0.6919081807136536
6245937664.0,-0.7049499750137329
6246875136.0,-0.7182842493057251
6247812608.0,-0.7329326868057251
6248750080.0,-0.7467203736305237
6249687552.0,-0.7621835470199585
6250625024.0,-0.7763968110084534
6251562496.0,-0.790848970413208
6252499968.0,-0.8042194843292236
6253437440.0,-0.8180177807807922
6254374912.0,-0.8292293548583984
6255312384.0,-0.8406304121017456
6256249856.0,-0.8503314256668091
6257187328.0,-0.8606293201446533
6258124800.0,-0.8687096238136292
6259062272.0,-0.8772428631782532
6259999744.0,-0.8839221000671387
6260937728.0,-0.8902247548103333
6261875200.0,-0.894199550151825
6262812672.0,-0.896881103515625
6263750144.0,-0.8983155488967896
6264687616.0,-0.898783802986145
6265625088.0,-0.8993112444877625
6266562560.0,-0.8986623883247375
6267500032.0,-0.8972076177597046
6268437504.0,-0.8958669304847717
6269374976.0,-0.8937855958938599
6270312448.0,-0.8933272957801819
6271249920.0,-0.8913350105285645
6272187392.0,-0.8897804021835327
6273124864.0,-0.8880860805511475
6274062336.0,-0.8856729865074158
6274999808.0,-0.8827094435691833
6275937280.0,-0.8802663683891296
6276874752.0,-0.876811683177948
6277812736.0,-0.8752521872520447
6278750208.0,-0.8716093301773071
6279687680.0,-0.8681907653808594
6280625152.0,-0.8643862009048462
6281562624.0,-0.8592308759689331
6282500096.0,-0.8563323616981506
6283437568.0,-0.8536333441734314
6284375040.0,-0.8517376780509949
6285312512.0,-0.8509826064109802
6286249984.0,-0.8514235615730286
6287187456.0,-0.8530542850494385
6288124928.0,-0.8550680875778198
6289062400.0,-0.8571611642837524
6289999872.0,-0.8593357801437378
6290937344.0,-0.8612697720527649
6291874816.0,-0.8647968769073486
6292812288.0,-0.8670300245285034
6293749760.0,-0.8714065551757812
6294687744.0,-0.8762512803077698
6295625216.0,-0.8816992044448853
6296562688.0,-0.8882855176925659
6297500160.0,-0.8950223326683044
6298437632.0,-0.9038625955581665
6299375104.0,-0.9118921160697937
6300312576.0,-0.9217808842658997
6301250048.0,-0.9325475692749023
6302187520.0,-0.9424862861633301
6303124992.0,-0.9527666568756104
6304062464.0,-0.9636276364326477
6304999936.0,-0.9932972192764282
6305937408.0,-1.0019176006317139
6306874880.0,-1.011504888534546
6307812352.0,-1.022934913635254
6308749824.0,-1.0328731536865234
6309687296.0,-1.0429103374481201
6310624768.0,-1.0537409782409668
6311562752.0,-1.0638848543167114
6312500224.0,-1.0738186836242676
6313437696.0,-1.0834550857543945
6314375168.0,-1.093396544456482
6315312640.0,-1.1033529043197632
6316250112.0,-1.113376259803772
6317187584.0,-1.1245040893554688
6318125056.0,-1.1337050199508667
6319062528.0,-1.1448835134506226
6320000000.0,-1.1562734842300415
6320937472.0,-1.167859673500061
6321874944.0,-1.1808477640151978
6322812416.0,-1.1935350894927979
6323749888.0,-1.2044718265533447
6324687360.0,-1.216791033744812
6325624832.0,-1.2279068231582642
6326562304.0,-1.237778663635254
6327499776.0,-1.246414065361023
6328437248.0,-1.2537975311279297
6329375232.0,-1.2627356052398682
6330312704.0,-1.2698613405227661
6331250176.0,-1.2760322093963623
6332187648.0,-1.2826229333877563
6333125120.0,-1.2867400646209717
6334062592.0,-1.2907052040100098
6335000064.0,-1.2928688526153564
6335937536.0,-1.2957559823989868
6336875008.0,-1.296562910079956
6337812480.0,-1.2977159023284912
6338749952.0,-1.2970051765441895
6339687424.0,-1.2940165996551514
6340624896.0,-1.2907119989395142
6341562368.0,-1.2838804721832275
6342499840.0,-1.2760329246520996
6343437312.0,-1.267522931098938
6344374784.0,-1.257560133934021
6345312256.0,-1.2466150522232056
6346250240.0,-1.234654426574707
6347187712.0,-1.2239580154418945
6348125184.0,-1.2108101844787598
6349062656.0,-1.197946310043335
6350000128.0,-1.1831318140029907
6350937600.0,-1.168357491493225
6351875072.0,-1.1542555093765259
6352812544.0,-1.1406567096710205
6353750016.0,-1.125769853591919
6354687488.0,-1.1128959655761719
6355624960.0,-1.0987530946731567
6356562432.0,-1.0850602388381958
6357499904.0,-1.0722790956497192
6358437376.0,-1.0603684186935425
6359374848.0,-1.0502688884735107
6360312320.0,-1.0388529300689697
6361249792.0,-1.0299729108810425
6362187264.0,-1.0235048532485962
6363125248.0,-1.0180174112319946
6364062720.0,-1.015091061592102
6365000192.0,-1.3792177438735962
6365937664.0,-1.3943045139312744
6366875136.0,-1.4101099967956543
6367812608.0,-1.426261305809021
6368750080.0,-1.4408105611801147
6369687552.0,-1.4578732252120972
6370625024.0,-1.4718899726867676
6371562496.0,-1.4863735437393188
6372499968.0,-1.500855565071106
6373437440.0,-1.5125924348831177
6374374912.0,-1.5260586738586426
6375312384.0,-1.5383528470993042
6376249856.0,-1.5494585037231445
6377187328.0,-1.560276746749878
6378124800.0,-1.5686050653457642
6379062272.0,-1.576686978340149
6380000256.0,-1.5814776420593262
6380937728.0,-1.5855985879898071
6381875200.0,-1.5883303880691528
6382812672.0,-1.5895800590515137
6383750144.0,-1.5895334482192993
6384687616.0,-1.5895674228668213
6385625088.0,-1.5873678922653198
6386562560.0,-1.5849863290786743
6387500032.0,-1.5814484357833862
6388437504.0,-1.578206181526184
6389374976.0,-1.5733287334442139
6390312448.0,-1.5675930976867676
6391249920.0,-1.560806155204773
6392187392.0,-1.5528595447540283
6393124864.0,-1.5414053201675415
6394062336.0,-1.5314741134643555
6394999808.0,-1.5185004472732544
6395937280.0,-1.5065789222717285
6396874752.0,-1.4941656589508057
6397812736.0,-1.484320878982544
6398750208.0,-1.4762495756149292
6399687680.0,-1.4674062728881836
6400625152.0,-1.4605090618133545
6401562624.0,-1.4564893245697021
6402500096.0,-1.452719807624817
6403437568.0,-1.4514094591140747
6404375040.0,-1.4507596492767334
6405312512.0,-1.4530484676361084
6406249984.0,-1.4580761194229126
6407187456.0,-1.4641329050064087
6408124928.0,-1.4705889225006104
6409062400.0,-1.4789857864379883
6409999872.0,-1.4874413013458252
6410937344.0,-1.4963382482528687
6411874816.0,-1.5063409805297852
6412812288.0,-1.5182933807373047
6413749760.0,-1.5315542221069336
6414687744.0,-1.546953558921814
6415625216.0,-1.562869906425476
6416562688.0,-1.581657886505127
6417500160.0,-1.6029396057128906
6418437632.0,-1.6271743774414062
6419375104.0,-1.652880072593689
6420312576.0,-1.6783908605575562
6421250048.0,-1.7046188116073608
6422187520.0,-1.7310189008712769
6423124992.0,-1.7593992948532104
6424062464.0,-1.7887639999389648
6424999936.0,-1.8224576711654663
6425937408.0,-1.8539012670516968
6426874880.0,-1.8849724531173706
6427812352.0,-1.916703462600708
6428749824.0,-1.948630928993225
6429687296.0,-1.9784200191497803
6430624768.0,-2.0105481147766113
6431562752.0,-2.0409088134765625
6432500224.0,-2.0707013607025146
6433437696.0,-2.100951910018921
6434375168.0,-2.128965377807617
6435312640.0,-2.1573524475097656
6436250112.0,-2.1834025382995605
6437187584.0,-2.2080862522125244
6438125056.0,-2.2320072650909424
6439062528.0,-2.2534422874450684
6440000000.0,-2.2727408409118652
6440937472.0,-2.2925007343292236
6441874944.0,-2.3109750747680664
6442812416.0,-2.3267440795898438
6443749888.0,-2.3403983116149902
6444687360.0,-2.3545734882354736
6445624832.0,-2.364788293838501
6446562304.0,-2.374568223953247
6447499776.0,-2.383329153060913
6448437248.0,-2.38843035697937
6449375232.0,-2.3936874866485596
6450312704.0,-2.3972795009613037
6451250176.0,-2.3991940021514893
6452187648.0,-2.4008519649505615
6453125120.0,-2.3994193077087402
6454062592.0,-2.397623300552368
6455000064.0,-2.3936471939086914
6455937536.0,-2.3902194499969482
6456875008.0,-2.385835886001587
6457812480.0,-2.3819832801818848
6458749952.0,-2.3767056465148926
6459687424.0,-2.371156930923462
6460624896.0,-2.366105079650879
6461562368.0,-2.360093355178833
6462499840.0,-2.3568572998046875
6463437312.0,-2.352536678314209
6464374784.0,-2.3511738777160645
6465312256.0,-2.351627826690674
6466250240.0,-2.353015899658203
6467187712.0,-2.3547897338867188
6468125184.0,-2.3584091663360596
6469062656.0,-2.3651490211486816
6470000128.0,-2.369987964630127
6470937600.0,-2.377580165863037
6471875072.0,-2.3855552673339844
6472812544.0,-2.39389967918396
6473750016.0,-2.402172088623047
6474687488.0,-2.4123528003692627
6475624960.0,-2.4253969192504883
6476562432.0,-2.441723108291626
6477499904.0,-2.4607462882995605
6478437376.0,-2.4833199977874756
6479374848.0,-2.5080268383026123
6480312320.0,-2.535914897918701
6481249792.0,-2.5655760765075684
6482187264.0,-2.5979278087615967
6483125248.0,-2.6313772201538086
6484062720.0,-2.6672685146331787
6485000192.0,-2.77302885055542
6485937664.0,-2.8002161979675293
6486875136.0,-2.8280913829803467
6487812608.0,-2.853787899017334
6488750080.0,-2.8807783126831055
6489687552.0,-2.9084391593933105
6490625024.0,-2.9361062049865723
6491562496.0,-2.9628384113311768
6492499968.0,-2.989551544189453
6493437440.0,-3.016756296157837
6494374912.0,-3.0423948764801025
6495312384.0,-3.0706629753112793
6496249856.0,-3.0978333950042725
6497187328.0,-3.12614107131958
6498124800.0,-3.1547188758850098
6499062272.0,-3.1841299533843994
6499999744.0,-3.2127439975738525
6500937728.0,-3.239745855331421
6501875200.0,-3.2657828330993652
6502812672.0,-3.2914035320281982
6503750144.0,-3.3160061836242676
6504687616.0,-3.341932535171509
6505625088.0,-3.366990566253662
6506562560.0,-3.392108678817749
6507500032.0,-3.4180004596710205
6508437504.0,-3.4439308643341064
6509374976.0,-3.469106435775757
6510312448.0,-3.4978208541870117
6511249920.0,-3.5250420570373535
6512187392.0,-3.5538597106933594
6513124864.0,-3.5839180946350098
6514062336.0,-3.6134634017944336
6514999808.0,-3.6458778381347656
6515937280.0,-3.679922103881836
6516874752.0,-3.711207866668701
6517812736.0,-3.742321014404297
6518750208.0,-3.7726104259490967
6519687680.0,-3.802459716796875
6520625152.0,-3.83145809173584
6521562624.0,-3.859926700592041
6522500096.0,-3.8910062313079834
6523437568.0,-3.922485828399658
6524375040.0,-3.9577152729034424
6525312512.0,-3.995896816253662
6526249984.0,-4.034987449645996
6527187456.0,-4.07761812210083
6528124928.0,-4.121302604675293
6529062400.0,-4.16797399520874
6529999872.0,-4.214901924133301
6530937344.0,-4.262157917022705
6531874816.0,-4.30841588973999
6532812288.0,-4.35341739654541
6533749760.0,-4.400034427642822
6534687744.0,-4.4462666511535645
6535625216.0,-4.4919514656066895
6536562688.0,-4.539056301116943
6537500160.0,-4.58581018447876
6538437632.0,-4.631969928741455
6539375104.0,-4.677690029144287
6540312576.0,-4.7232770919799805
6541250048.0,-4.767330646514893
6542187520.0,-4.811114311218262
6543124992.0,-4.853672504425049
6544062464.0,-4.897598743438721
6544999936.0,-4.933487415313721
6545937408.0,-4.981642723083496
6546874880.0,-5.0270538330078125
6547812352.0,-5.074971675872803
6548749824.0,-5.1240997314453125
6549687296.0,-5.172368049621582
6550624768.0,-5.2203779220581055
6551562752.0,-5.268636703491211
6552500224.0,-5.316667556762695
6553437696.0,-5.3640265464782715
6554375168.0,-5.411053657531738
6555312640.0,-5.458083152770996
6556250112.0,-5.509039878845215
6557187584.0,-5.559451580047607
6558125056.0,-5.612210273742676
6559062528.0,-5.666844844818115
6560000000.0,-5.72418212890625
6560937472.0,-5.778655052185059
6561874944.0,-5.834386348724365
6562812416.0,-5.890933513641357
6563749888.0,-5.946551322937012
6564687360.0,-6.0027360916137695
6565624832.0,-6.059882164001465
6566562304.0,-6.1162638664245605
6567499776.0,-6.176779270172119
6568437248.0,-6.23579216003418
6569375232.0,-6.296438217163086
6570312704.0,-6.360961437225342
6571250176.0,-6.430630683898926
6572187648.0,-6.499992370605469
6573125120.0,-6.57209587097168
6574062592.0,-6.64923620223999
6575000064.0,-6.724087715148926
6575937536.0,-6.797344207763672
6576875008.0,-6.87405252456665
6577812480.0,-6.951660633087158
6578749952.0,-7.03090238571167
6579687424.0,-7.114261150360107
6580624896.0,-7.201262474060059
6581562368.0,-7.2921319007873535
6582499840.0,-7.380746364593506
6583437312.0,-7.468072891235352
6584374784.0,-7.554860591888428
6585312256.0,-7.641972541809082
6586250240.0,-7.73204231262207
6587187712.0,-7.818884372711182
6588125184.0,-7.910497188568115
6589062656.0,-8.000631332397461
6590000128.0,-8.095691680908203
6590937600.0,-8.19263744354248
6591875072.0,-8.291604995727539
6592812544.0,-8.395045280456543
6593750016.0,-8.499671936035156
6594687488.0,-8.603928565979004
6595624960.0,-8.710826873779297
6596562432.0,-8.819710731506348
6597499904.0,-8.931973457336426
6598437376.0,-9.048718452453613
6599374848.0,-9.168573379516602
6600312320.0,-9.288570404052734
6601249792.0,-9.409743309020996
6602187264.0,-9.526177406311035
6603125248.0,-9.643220901489258
6604062720.0,-9.755599021911621
6605000192.0,-9.855640411376953
6605937664.0,-9.953581809997559
6606875136.0,-10.047173500061035
6607812608.0,-10.133909225463867
6608750080.0,-10.217947006225586
6609687552.0,-10.303302764892578
6610625024.0,-10.387532234191895
6611562496.0,-10.468779563903809
6612499968.0,-10.54908275604248
6613437440.0,-10.626611709594727
6614374912.0,-10.704643249511719
6615312384.0,-10.780091285705566
6616249856.0,-10.861741065979004
6617187328.0,-10.944618225097656
6618124800.0,-11.02803897857666
6619062272.0,-11.110518455505371
6620000256.0,-11.192166328430176
6620937728.0,-11.272245407104492
6621875200.0,-11.351226806640625
6622812672.0,-11.42783260345459
6623750144.0,-11.49991226196289
6624687616.0,-11.559782981872559
6625625088.0,-11.605594635009766
6626562560.0,-11.643331527709961
6627500032.0,-11.670914649963379
6628437504.0,-11.690696716308594
6629374976.0,-11.702557563781738
6630312448.0,-11.714951515197754
6631249920.0,-11.720785140991211
6632187392.0,-11.727356910705566
6633124864.0,-11.733977317810059
6634062336.0,-11.739605903625488
6634999808.0,-11.742121696472168
6635937280.0,-11.736221313476562
6636874752.0,-11.725815773010254
6637812736.0,-11.7052640914917
6638750208.0,-11.682711601257324
6639687680.0,-11.652657508850098
6640625152.0,-11.616987228393555
6641562624.0,-11.57232666015625
6642500096.0,-11.521106719970703
6643437568.0,-11.465091705322266
6644375040.0,-11.402667999267578
6645312512.0,-11.337249755859375
6646249984.0,-11.270350456237793
6647187456.0,-11.198786735534668
6648124928.0,-11.11489200592041
6649062400.0,-11.023531913757324
6649999872.0,-10.92272663116455
6650937344.0,-10.822461128234863
6651874816.0,-10.719125747680664
6652812288.0,-10.623209953308105
6653749760.0,-10.526163101196289
6654687744.0,-10.437536239624023
6655625216.0,-10.349023818969727
6656562688.0,-10.265995025634766
6657500160.0,-10.181406021118164
6658437632.0,-10.095112800598145
6659375104.0,-10.008349418640137
6660312576.0,-9.914285659790039
6661250048.0,-9.820029258728027
6662187520.0,-9.72289752960205
6663124992.0,-9.622762680053711
6664062464.0,-9.52072525024414
6664999936.0,-9.400167465209961
6665937408.0,-9.289278030395508
6666874880.0,-9.175552368164062
6667812352.0,-9.064332962036133
6668749824.0,-8.95637321472168
6669687296.0,-8.84958267211914
6670624768.0,-8.742498397827148
6671562752.0,-8.635249137878418
6672500224.0,-8.52640438079834
6673437696.0,-8.417757987976074
6674375168.0,-8.309640884399414
6675312640.0,-8.200825691223145
6676250112.0,-8.091205596923828
6677187584.0,-7.983579158782959
6678125056.0,-7.8775434494018555
6679062528.0,-7.775241851806641
6680000000.0,-7.6787109375
6680937472.0,-7.580322265625
6681874944.0,-7.489080905914307
6682812416.0,-7.399930477142334
6683749888.0,-7.309331893920898
6684687360.0,-7.219654560089111
6685624832.0,-7.133789539337158
6686562304.0,-7.054256916046143
6687499776.0,-6.981910228729248
6688437248.0,-6.914811134338379
6689375232.0,-6.852440357208252
6690312704.0,-6.791167259216309
6691250176.0,-6.734099864959717
6692187648.0,-6.67637825012207
6693125120.0,-6.621697425842285
6694062592.0,-6.569406032562256
6695000064.0,-6.514755725860596
6695937536.0,-6.461101055145264
6696875008.0,-6.405242443084717
6697812480.0,-6.347870826721191
6698749952.0,-6.288613319396973
6699687424.0,-6.231071472167969
6700624896.0,-6.171236991882324
6701562368.0,-6.113346099853516
6702499840.0,-6.054492950439453
6703437312.0,-5.997316360473633
6704374784.0,-5.9412360191345215
6705312256.0,-5.885617733001709
6706250240.0,-5.827120780944824
6707187712.0,-5.771017074584961
6708125184.0,-5.715330123901367
6709062656.0,-5.658503532409668
6710000128.0,-5.599342346191406
6710937600.0,-5.539752960205078
6711875072.0,-5.4800004959106445
6712812544.0,-5.420588970184326
6713750016.0,-5.362237453460693
6714687488.0,-5.303280830383301
6715624960.0,-5.245212078094482
6716562432.0,-5.185774326324463
6717499904.0,-5.124866008758545
6718437376.0,-5.064056873321533
6719374848.0,-5.002696990966797
6720312320.0,-4.9424147605896
6721249792.0,-4.881603240966797
6722187264.0,-4.820740222930908
6723125248.0,-4.75867223739624
6724062720.0,-4.696286201477051
6725000192.0,-4.4177045822143555
6725937664.0,-4.344184398651123
6726875136.0,-4.273199081420898
6727812608.0,-4.201965808868408
6728750080.0,-4.135502815246582
6729687552.0,-4.071478843688965
6730625024.0,-4.0085320472717285
6731562496.0,-3.9485905170440674
6732499968.0,-3.8895552158355713
6733437440.0,-3.8326714038848877
6734374912.0,-3.7758474349975586
6735312384.0,-3.7206828594207764
6736249856.0,-3.6688029766082764
6737187328.0,-3.6174116134643555
6738124800.0,-3.5713369846343994
6739062272.0,-3.5253615379333496
6739999744.0,-3.486048460006714
6740937728.0,-3.448979139328003
6741875200.0,-3.413602828979492
6742812672.0,-3.3819055557250977
6743750144.0,-3.3530852794647217
6744687616.0,-3.325676202774048
6745625088.0,-3.3026466369628906
6746562560.0,-3.278285264968872
6747500032.0,-3.257159948348999
6748437504.0,-3.236168146133423
6749374976.0,-3.2145118713378906
6750312448.0,-3.1934640407562256
6751249920.0,-3.1723215579986572
6752187392.0,-3.1489953994750977
6753124864.0,-3.128558397293091
6754062336.0,-3.10896372795105
6754999808.0,-3.0905070304870605
6755937280.0,-3.0729587078094482
6756874752.0,-3.0572004318237305
6757812736.0,-3.0402920246124268
6758750208.0,-3.0225868225097656
6759687680.0,-3.0035035610198975
6760625152.0,-2.985710859298706
6761562624.0,-2.968590497970581
6762500096.0,-2.949974536895752
6763437568.0,-2.9305758476257324
6764375040.0,-2.910677909851074
6765312512.0,-2.886795997619629
6766249984.0,-2.86299467086792
6767187456.0,-2.837235450744629
6768124928.0,-2.8099422454833984
6769062400.0,-2.7814669609069824
6769999872.0,-2.7518603801727295
6770937344.0,-2.7204174995422363
6771874816.0,-2.688535690307617
6772812288.0,-2.655137538909912
6773749760.0,-2.621129274368286
6774687744.0,-2.5866498947143555
6775625216.0,-2.5530552864074707
6776562688.0,-2.5184755325317383
6777500160.0,-2.4844918251037598
6778437632.0,-2.4555091857910156
6779375104.0,-2.4259748458862305
6780312576.0,-2.3959310054779053
6781250048.0,-2.367208242416382
6782187520.0,-2.3377580642700195
6783124992.0,-2.3098561763763428
6784062464.0,-2.2817699909210205
6784999936.0,-2.2605056762695312
6785937408.0,-2.2273480892181396
6786874880.0,-2.1940624713897705
6787812352.0,-2.1619954109191895
6788749824.0,-2.1328585147857666
6789687296.0,-2.102602243423462
6790624768.0,-2.073516845703125
6791562752.0,-2.0458669662475586
6792500224.0,-2.0202488899230957
6793437696.0,-1.9956578016281128
6794375168.0,-1.9733530282974243
6795312640.0,-1.9516069889068604
6796250112.0,-1.931283950805664
6797187584.0,-1.9130982160568237
6798125056.0,-1.8947741985321045
6799062528.0,-1.8785319328308105
6800000000.0,-1.8631173372268677
6800937472.0,-1.8487894535064697
6801874944.0,-1.834246277809143
6802812416.0,-1.8207309246063232
6803749888.0,-1.8085538148880005
6804687360.0,-1.7975707054138184
6805624832.0,-1.7859407663345337
6806562304.0,-1.7746303081512451
6807499776.0,-1.7648369073867798
6808437248.0,-1.754186987876892
6809375232.0,-1.7429986000061035
6810312704.0,-1.734510898590088
6811250176.0,-1.7219711542129517
6812187648.0,-1.7106091976165771
6813125120.0,-1.6987359523773193
6814062592.0,-1.687622308731079
6815000064.0,-1.6740468740463257
6815937536.0,-1.6621006727218628
6816875008.0,-1.650481104850769
6817812480.0,-1.6368417739868164
6818749952.0,-1.62482488155365
6819687424.0,-1.6073071956634521
6820624896.0,-1.5919841527938843
6821562368.0,-1.5750420093536377
6822499840.0,-1.5558851957321167
6823437312.0,-1.536815881729126
6824374784.0,-1.515981674194336
6825312256.0,-1.4938229322433472
6826250240.0,-1.4730639457702637
6827187712.0,-1.4515169858932495
6828125184.0,-1.4313462972640991
6829062656.0,-1.4099373817443848
6830000128.0,-1.3878085613250732
6830937600.0,-1.3642805814743042
6831875072.0,-1.341104507446289
6832812544.0,-1.3189491033554077
6833750016.0,-1.2974086999893188
6834687488.0,-1.2746037244796753
6835624960.0,-1.25253164768219
6836562432.0,-1.2328791618347168
6837499904.0,-1.211830735206604
6838437376.0,-1.1931636333465576
6839374848.0,-1.174675464630127
6840312320.0,-1.1578483581542969
6841249792.0,-1.1409120559692383
6842187264.0,-1.1274175643920898
6843125248.0,-1.1130164861679077
6844062720.0,-1.0996475219726562
6845000192.0,-1.063157081604004
6845937664.0,-1.053260087966919
6846875136.0,-1.0452998876571655
6847812608.0,-1.0385836362838745
6848750080.0,-1.0330499410629272
6849687552.0,-1.0288374423980713
6850625024.0,-1.0260826349258423
6851562496.0,-1.0246065855026245
6852499968.0,-1.0254331827163696
6853437440.0,-1.0272786617279053
6854374912.0,-1.028844952583313
6855312384.0,-1.0306426286697388
6856249856.0,-1.0341451168060303
6857187328.0,-1.0384492874145508
6858124800.0,-1.0446046590805054
6859062272.0,-1.050728678703308
6860000256.0,-1.0582020282745361
6860937728.0,-1.0683866739273071
6861875200.0,-1.0774439573287964
6862812672.0,-1.0879656076431274
6863750144.0,-1.0989296436309814
6864687616.0,-1.1095306873321533
6865625088.0,-1.1205346584320068
6866562560.0,-1.1315875053405762
6867500032.0,-1.1412990093231201
6868437504.0,-1.1523386240005493
6869374976.0,-1.1622068881988525
6870312448.0,-1.1713513135910034
6871249920.0,-1.1781493425369263
6872187392.0,-1.1851948499679565
6873124864.0,-1.1900744438171387
6874062336.0,-1.1956342458724976
6874999808.0,-1.1979575157165527
6875937280.0,-1.1991586685180664
6876874752.0,-1.197516679763794
6877812736.0,-1.1943614482879639
6878750208.0,-1.1891127824783325
6879687680.0,-1.1817749738693237
6880625152.0,-1.1699925661087036
6881562624.0,-1.1559243202209473
6882500096.0,-1.1409616470336914
6883437568.0,-1.1235578060150146
6884375040.0,-1.1048915386199951
6885312512.0,-1.0834640264511108
6886249984.0,-1.0593289136886597
6887187456.0,-1.034522294998169
6888124928.0,-1.0088711977005005
6889062400.0,-0.9825205206871033
6889999872.0,-0.9541856050491333
6890937344.0,-0.9244076609611511
6891874816.0,-0.8959121108055115
6892812288.0,-0.8660528063774109
6893749760.0,-0.8366652727127075
6894687744.0,-0.8076347708702087
6895625216.0,-0.7771384716033936
6896562688.0,-0.7474082708358765
6897500160.0,-0.7183214426040649
6898437632.0,-0.6891839504241943
6899375104.0,-0.6630104184150696
6900312576.0,-0.6352827548980713
6901250048.0,-0.6093611121177673
6902187520.0,-0.5852656960487366
6903124992.0,-0.561683714389801
6904062464.0,-0.5372822880744934
6904999936.0,-0.4955318570137024
6905937408.0,-0.4913955330848694
6906874880.0,-0.488098680973053
6907812352.0,-0.4862879514694214
6908749824.0,-0.48535260558128357
6909687296.0,-0.4861072301864624
6910624768.0,-0.4878113865852356
6911562752.0,-0.49043694138526917
6912500224.0,-0.49507835507392883
6913437696.0,-0.49970385432243347
6914375168.0,-0.5056352019309998
6915312640.0,-0.5127412676811218
6916250112.0,-0.5196073651313782
6917187584.0,-0.5267764329910278
6918125056.0,-0.535011351108551
6919062528.0,-0.543826162815094
6920000000.0,-0.5527642965316772
6920937472.0,-0.5619350671768188
6921874944.0,-0.5716206431388855
6922812416.0,-0.5800271034240723
6923749888.0,-0.5891578197479248
6924687360.0,-0.5967824459075928
6925624832.0,-0.6055557727813721
6926562304.0,-0.6130366325378418
6927499776.0,-0.6219691038131714
6928437248.0,-0.6286349296569824
6929375232.0,-0.6363955736160278
6930312704.0,-0.643015444278717
6931250176.0,-0.6525634527206421
6932187648.0,-0.6621872782707214
6933125120.0,-0.6694390773773193
6934062592.0,-0.6754366755485535
6935000064.0,-0.6818404793739319
6935937536.0,-0.6883208751678467
6936875008.0,-0.6923726797103882
6937812480.0,-0.6970697641372681
6938749952.0,-0.7008664608001709
6939687424.0,-0.7036558389663696
6940624896.0,-0.7060703039169312
6941562368.0,-0.7074113488197327
6942499840.0,-0.7070637345314026
6943437312.0,-0.7068302631378174
6944374784.0,-0.7054689526557922
6945312256.0,-0.7034004926681519
6946250240.0,-0.6997928023338318
6947187712.0,-0.6961864233016968
6948125184.0,-0.6899775862693787
6949062656.0,-0.684572696685791
6950000128.0,-0.6783812642097473
6950937600.0,-0.6708589792251587
6951875072.0,-0.661797821521759
6952812544.0,-0.65293949842453
6953750016.0,-0.6429939270019531
6954687488.0,-0.6300320029258728
6955624960.0,-0.6174260973930359
6956562432.0,-0.6056310534477234
6957499904.0,-0.5930846929550171
6958437376.0,-0.5788134336471558
6959374848.0,-0.5657050013542175
6960312320.0,-0.552078127861023
6961249792.0,-0.5372329354286194
6962187264.0,-0.52302086353302
6963125248.0,-0.5069658756256104
6964062720.0,-0.49039608240127563
6965000192.0,-0.4125671088695526
6965937664.0,-0.4041652977466583
6966875136.0,-0.3954865336418152
6967812608.0,-0.3883431851863861
6968750080.0,-0.38051745295524597
6969687552.0,-0.3727397620677948
6970625024.0,-0.3651752173900604
6971562496.0,-0.3591333031654358
6972499968.0,-0.3525174558162689
6973437440.0,-0.3476840853691101
6974374912.0,-0.3425542414188385
6975312384.0,-0.3378888964653015
6976249856.0,-0.33498087525367737
6977187328.0,-0.33369240164756775
6978124800.0,-0.3311079442501068
6979062272.0,-0.33146238327026367
6979999744.0,-0.3315492570400238
6980937728.0,-0.33391058444976807
6981875200.0,-0.33605214953422546
6982812672.0,-0.3394027650356293
6983750144.0,-0.34262776374816895
6984687616.0,-0.3472324013710022
6985625088.0,-0.35548803210258484
6986562560.0,-0.3625950217247009
6987500032.0,-0.3709378242492676
6988437504.0,-0.3811609148979187
6989374976.0,-0.3910045921802521
6990312448.0,-0.403708279132843
6991249920.0,-0.4151719808578491
6992187392.0,-0.4271569550037384
6993124864.0,-0.43951982259750366
6994062336.0,-0.4521044194698334
6994999808.0,-0.4642488956451416
6995937280.0,-0.47786945104599
6996874752.0,-0.4907621741294861
6997812736.0,-0.5027060508728027
6998750208.0,-0.5132061243057251
6999687680.0,-0.5247101187705994
7000625152.0,-0.5349757075309753
7001562624.0,-0.5451184511184692
7002500096.0,-0.5530489087104797
7003437568.0,-0.5604593753814697
7004375040.0,-0.5666921734809875
7005312512.0,-0.5710809230804443
7006249984.0,-0.5755932927131653
7007187456.0,-0.577720046043396
7008124928.0,-0.5787543058395386
7009062400.0,-0.5785156488418579
7009999872.0,-0.5769180655479431
7010937344.0,-0.5749116539955139
7011874816.0,-0.5710437893867493
7012812288.0,-0.5655577182769775
7013749760.0,-0.5596306920051575
7014687744.0,-0.5537258386611938
7015625216.0,-0.545532763004303
7016562688.0,-0.5372292399406433
7017500160.0,-0.5274674296379089
7018437632.0,-0.5180219411849976
7019375104.0,-0.5078273415565491
7020312576.0,-0.49933239817619324
7021250048.0,-0.48934799432754517
7022187520.0,-0.47996440529823303
7023124992.0,-0.471424400806427
7024062464.0,-0.46305814385414124
7024999936.0,-0.43535980582237244
7025937408.0,-0.42892909049987793
7026874880.0,-0.42228880524635315
7027812352.0,-0.41671687364578247
7028749824.0,-0.41192469000816345
7029687296.0,-0.4084167778491974
7030624768.0,-0.4058738350868225
7031562752.0,-0.4044759273529053
7032500224.0,-0.40499359369277954
7033437696.0,-0.4060901701450348
7034375168.0,-0.40878501534461975
7035312640.0,-0.41226640343666077
7036250112.0,-0.4167321026325226
7037187584.0,-0.42271551489830017
7038125056.0,-0.43026670813560486
7039062528.0,-0.4386734664440155
7040000000.0,-0.44700106978416443
7040937472.0,-0.45749276876449585
7041874944.0,-0.46732696890830994
7042812416.0,-0.47717782855033875
7043749888.0,-0.48584339022636414
7044687360.0,-0.4948262572288513
7045624832.0,-0.5035259127616882
7046562304.0,-0.5112019777297974
7047499776.0,-0.5174801349639893
7048437248.0,-0.5219507217407227
7049375232.0,-0.5260013341903687
7050312704.0,-0.5286055207252502
7051250176.0,-0.5297714471817017
7052187648.0,-0.5294789671897888
7053125120.0,-0.5261989831924438
7054062592.0,-0.5214572548866272
7055000064.0,-0.5141326785087585
7055937536.0,-0.5068554282188416
7056875008.0,-0.4953272044658661
7057812480.0,-0.48509490489959717
7058749952.0,-0.4686349630355835
7059687424.0,-0.451566606760025
7060624896.0,-0.4343419671058655
7061562368.0,-0.41428452730178833
7062499840.0,-0.3930942118167877
7063437312.0,-0.37259501218795776
7064374784.0,-0.35008704662323
7065312256.0,-0.3290725648403168
7066250240.0,-0.30652347207069397
7067187712.0,-0.28463757038116455
7068125184.0,-0.2642403542995453
7069062656.0,-0.24328136444091797
7070000128.0,-0.22338224947452545
7070937600.0,-0.20432505011558533
7071875072.0,-0.1867784559726715
7072812544.0,-0.16934043169021606
7073750016.0,-0.15466944873332977
7074687488.0,-0.1401616930961609
7075624960.0,-0.1285080909729004
7076562432.0,-0.11963809281587601
7077499904.0,-0.11079476028680801
7078437376.0,-0.10477570444345474
7079374848.0,-0.10213763266801834
7080312320.0,-0.10086962580680847
7081249792.0,-0.10255106538534164
7082187264.0,-0.10681873559951782
7083125248.0,-0.11375848203897476
7084062720.0,-0.12148621678352356
7085000192.0,-0.27466168999671936
7085937664.0,-0.28612351417541504
7086875136.0,-0.29993119835853577
7087812608.0,-0.31427446007728577
7088750080.0,-0.3306756019592285
7089687552.0,-0.35002103447914124
7090625024.0,-0.36924833059310913
7091562496.0,-0.3917900025844574
7092499968.0,-0.4156096875667572
7093437440.0,-0.44215524196624756
7094374912.0,-0.4693671464920044
7095312384.0,-0.5000703930854797
7096249856.0,-0.5318228006362915
7097187328.0,-0.5630521774291992
7098124800.0,-0.5966398119926453
7099062272.0,-0.6308022141456604
7100000256.0,-0.6646226644515991
7100937728.0,-0.6983751654624939
7101875200.0,-0.7310733199119568
7102812672.0,-0.7634023427963257
7103750144.0,-0.7941526174545288
7104687616.0,-0.8224080204963684
7105625088.0,-0.848408579826355
7106562560.0,-0.8723192811012268
7107500032.0,-0.8926622867584229
7108437504.0,-0.9097516536712646
7109374976.0,-0.9246233105659485
7110312448.0,-0.9357931613922119
7111249920.0,-0.9419742226600647
7112187392.0,-0.9459978938102722
7113124864.0,-0.9442406892776489
7114062336.0,-0.9395277500152588
7114999808.0,-0.929189920425415
7115937280.0,-0.9171567559242249
7116874752.0,-0.9006235599517822
7117812736.0,-0.8801966905593872
7118750208.0,-0.8568235635757446
7119687680.0,-0.8307139277458191
7120625152.0,-0.800925612449646
7121562624.0,-0.7699317336082458
7122500096.0,-0.7371413111686707
7123437568.0,-0.7026374340057373
7124375040.0,-0.6671655178070068
7125312512.0,-0.6309707760810852
7126249984.0,-0.594649612903595
7127187456.0,-0.5566937923431396
7128124928.0,-0.5209178924560547
7129062400.0,-0.48536720871925354
7129999872.0,-0.44968095421791077
7130937344.0,-0.41530999541282654
7131874816.0,-0.3817690908908844
7132812288.0,-0.34949612617492676
7133749760.0,-0.31830132007598877
7134687744.0,-0.29143211245536804
7135625216.0,-0.2645057439804077
7136562688.0,-0.24070052802562714
7137500160.0,-0.21869558095932007
7138437632.0,-0.19871088862419128
7139375104.0,-0.18138112127780914
7140312576.0,-0.16424104571342468
7141250048.0,-0.1500372737646103
7142187520.0,-0.13899624347686768
7143124992.0,-0.12791892886161804
7144062464.0,-0.2180456519126892
7144999936.0,-0.21753501892089844
7145937408.0,-0.21930097043514252
7146874880.0,-0.22013111412525177
7147812352.0,-0.22195680439472198
7148749824.0,-0.2258027344942093
7149687296.0,-0.22881866991519928
7150624768.0,-0.23332734405994415
7151562752.0,-0.23955129086971283
7152500224.0,-0.24657851457595825
7153437696.0,-0.2564919888973236
7154375168.0,-0.2682390511035919
7155312640.0,-0.2813626825809479
7156250112.0,-0.29791852831840515
7157187584.0,-0.31759291887283325
7158125056.0,-0.33986997604370117
7159062528.0,-0.36418917775154114
7160000000.0,-0.39144888520240784
7160937472.0,-0.41843581199645996
7161874944.0,-0.44312602281570435
7162812416.0,-0.4648109972476959
7163749888.0,-0.48127448558807373
7164687360.0,-0.496355265378952
7165624832.0,-0.5084842443466187
7166562304.0,-0.5174018144607544
7167499776.0,-0.5236980319023132
7168437248.0,-0.5284640192985535
7169375232.0,-0.5328227281570435
7170312704.0,-0.5357114672660828
7171250176.0,-0.5383220911026001
7172187648.0,-0.5412037968635559
7173125120.0,-0.5451818108558655
7174062592.0,-0.5503029227256775
7175000064.0,-0.5578321218490601
7175937536.0,-0.5681397318840027
7176875008.0,-0.5797961950302124
7177812480.0,-0.5946798920631409
7178749952.0,-0.6109231114387512
7179687424.0,-0.6295702457427979
7180624896.0,-0.6496865153312683
7181562368.0,-0.6718528866767883
7182499840.0,-0.6935480833053589
7183437312.0,-0.7148335576057434
7184374784.0,-0.7345341444015503
7185312256.0,-0.7525951862335205
7186250240.0,-0.7679690718650818
7187187712.0,-0.781552255153656
7188125184.0,-0.790889322757721
7189062656.0,-0.7979170083999634
7190000128.0,-0.8011279106140137
7190937600.0,-0.8002030849456787
7191875072.0,-0.7961550951004028
7192812544.0,-0.7869328260421753
7193750016.0,-0.7758740782737732
7194687488.0,-0.7603765726089478
7195624960.0,-0.7433251738548279
7196562432.0,-0.7224978804588318
7197499904.0,-0.6986435055732727
7198437376.0,-0.6740902662277222
7199374848.0,-0.6488287448883057
7200312320.0,-0.6224954128265381
7201249792.0,-0.5950372815132141
7202187264.0,-0.5686899423599243
7203125248.0,-0.5435157418251038
7204062720.0,-0.6657109260559082
7205000192.0,-0.6571934223175049
7205937664.0,-0.6514089703559875
7206875136.0,-0.648428738117218
7207812608.0,-0.6469208598136902
7208750080.0,-0.6480737924575806
7209687552.0,-0.6515789031982422
7210625024.0,-0.6583533883094788
7211562496.0,-0.6681534051895142
7212499968.0,-0.6807543635368347
7213437440.0,-0.6963499784469604
7214374912.0,-0.7119634747505188
7215312384.0,-0.7309123873710632
7216249856.0,-0.7501324415206909
7217187328.0,-0.7712271213531494
7218124800.0,-0.7928376793861389
7219062272.0,-0.8136572241783142
7219999744.0,-0.8364643454551697
7220937728.0,-0.8566339612007141
7221875200.0,-0.8764218091964722
7222812672.0,-0.8949903845787048
7223750144.0,-0.9117332100868225
7224687616.0,-0.9255127906799316
7225625088.0,-0.9377524852752686
7226562560.0,-0.9479478597640991
7227500032.0,-0.9575744867324829
7228437504.0,-0.9646189212799072
7229374976.0,-0.9700027108192444
7230312448.0,-0.9733547568321228
7231249920.0,-0.9738841652870178
7232187392.0,-0.9734776616096497
7233124864.0,-0.9711199402809143
7234062336.0,-0.9684532880783081
7234999808.0,-0.9640763401985168
7235937280.0,-0.9588866829872131
7236874752.0,-0.9537180066108704
7237812736.0,-0.9484362602233887
7238750208.0,-0.9431188106536865
7239687680.0,-0.938094973564148
7240625152.0,-0.9334231019020081
7241562624.0,-0.9289606213569641
7242500096.0,-0.9254240989685059
7243437568.0,-0.9231508374214172
7244375040.0,-0.9201512336730957
7245312512.0,-0.91950523853302
7246249984.0,-0.9201540350914001
7247187456.0,-0.9215488433837891
7248124928.0,-0.9259132146835327
7249062400.0,-0.9314922094345093
7249999872.0,-0.939162015914917
7250937344.0,-0.9477164149284363
7251874816.0,-0.9569829106330872
7252812288.0,-0.9691427946090698
7253749760.0,-0.9833146333694458
7254687744.0,-0.9990962147712708
7255625216.0,-1.0130211114883423
7256562688.0,-1.029426097869873
7257500160.0,-1.0460584163665771
7258437632.0,-1.0638126134872437
7259375104.0,-1.0803821086883545
7260312576.0,-1.0990532636642456
7261250048.0,-1.1164402961730957
7262187520.0,-1.132572889328003
7263124992.0,-1.1474324464797974
7264062464.0,-1.175934910774231
7264999936.0,-1.1905931234359741
7265937408.0,-1.2046209573745728
7266874880.0,-1.220494270324707
7267812352.0,-1.2341569662094116
7268749824.0,-1.2487174272537231
7269687296.0,-1.2627687454223633
7270624768.0,-1.276268482208252
7271562752.0,-1.2881855964660645
7272500224.0,-1.3007570505142212
7273437696.0,-1.3096638917922974
7274375168.0,-1.3191205263137817
7275312640.0,-1.3267112970352173
7276250112.0,-1.3317471742630005
7277187584.0,-1.3346984386444092
7278125056.0,-1.3342994451522827
7279062528.0,-1.3329544067382812
7280000000.0,-1.3290249109268188
7280937472.0,-1.322815179824829
7281874944.0,-1.3140524625778198
7282812416.0,-1.3031128644943237
7283749888.0,-1.2894552946090698
7284687360.0,-1.2719310522079468
7285624832.0,-1.2544742822647095
7286562304.0,-1.2330926656723022
7287499776.0,-1.2112839221954346
7288437248.0,-1.1882585287094116
7289375232.0,-1.1621794700622559
7290312704.0,-1.1350473165512085
7291250176.0,-1.1070919036865234
7292187648.0,-1.0764811038970947
7293125120.0,-1.0441887378692627
7294062592.0,-1.0114294290542603
7295000064.0,-0.9778211712837219
7295937536.0,-0.9424933791160583
7296875008.0,-0.9071241021156311
7297812480.0,-0.8715408444404602
7298749952.0,-0.8349096775054932
7299687424.0,-0.7983956336975098
7300624896.0,-0.7622599005699158
7301562368.0,-0.7259090542793274
7302499840.0,-0.691005527973175
7303437312.0,-0.6555013656616211
7304374784.0,-0.6213549375534058
7305312256.0,-0.587035596370697
7306250240.0,-0.5548474192619324
7307187712.0,-0.5228400826454163
7308125184.0,-0.49305981397628784
7309062656.0,-0.4636867642402649
7310000128.0,-0.4357856512069702
7310937600.0,-0.4088432788848877
7311875072.0,-0.38357242941856384
7312812544.0,-0.361625999212265
7313750016.0,-0.342234343290329
7314687488.0,-0.325137197971344
7315624960.0,-0.3102748990058899
7316562432.0,-0.2966211438179016
7317499904.0,-0.2855108082294464
7318437376.0,-0.27527663111686707
7319374848.0,-0.2658059000968933
7320312320.0,-0.25907525420188904
7321249792.0,-0.25444495677948
7322187264.0,-0.25072455406188965
7323125248.0,-0.2487381249666214
7324062720.0,-0.40922078490257263
7325000192.0,-0.40599358081817627
7325937664.0,-0.40515419840812683
7326875136.0,-0.40505024790763855
7327812608.0,-0.4066759943962097
7328750080.0,-0.4105025827884674
7329687552.0,-0.4165928363800049
7330625024.0,-0.42251431941986084
7331562496.0,-0.43040409684181213
7332499968.0,-0.4391607642173767
7333437440.0,-0.44938889145851135
7334374912.0,-0.4604896306991577
7335312384.0,-0.4707548916339874
7336249856.0,-0.4828721880912781
7337187328.0,-0.49355801939964294
7338124800.0,-0.5047267079353333
7339062272.0,-0.5145752429962158
7340000256.0,-0.5239125490188599
7340937728.0,-0.5328059196472168
7341875200.0,-0.5415154695510864
7342812672.0,-0.5477524399757385
7343750144.0,-0.5540080070495605
7344687616.0,-0.559955358505249
7345625088.0,-0.5634400248527527
7346562560.0,-0.5661364197731018
7347500032.0,-0.566666841506958
7348437504.0,-0.5667188763618469
7349374976.0,-0.5640382766723633
7350312448.0,-0.560500979423523
7351249920.0,-0.5550252795219421
7352187392.0,-0.5493127703666687
7353124864.0,-0.5407888293266296
7354062336.0,-0.5318584442138672
7354999808.0,-0.5221397280693054
7355937280.0,-0.5116106867790222
7356874752.0,-0.49915245175361633
7357812736.0,-0.48813489079475403
7358750208.0,-0.4748876094818115
7359687680.0,-0.461610347032547
7360625152.0,-0.447126567363739
7361562624.0,-0.43315279483795166
7362500096.0,-0.4193660318851471
7363437568.0,-0.4040074646472931
7364375040.0,-0.384681761264801
7365312512.0,-0.3664076328277588
7366249984.0,-0.34806326031684875
7367187456.0,-0.32851850986480713
7368124928.0,-0.3092036247253418
7369062400.0,-0.2909310758113861
7369999872.0,-0.2724475562572479
7370937344.0,-0.2540348768234253
7371874816.0,-0.2350221574306488
7372812288.0,-0.21600346267223358
7373749760.0,-0.19703897833824158
7374687744.0,-0.177444726228714
7375625216.0,-0.1566416174173355
7376562688.0,-0.1369398832321167
7377500160.0,-0.11660172045230865
7378437632.0,-0.09475399553775787
7379375104.0,-0.07338079810142517
7380312576.0,-0.0516238696873188
7381250048.0,-0.030386775732040405
7382187520.0,-0.00814228504896164
7383124992.0,0.014703553169965744
7384062464.0,0.030090656131505966
7384999936.0,0.03792113810777664
7385937408.0,0.04461420327425003
7386874880.0,0.05099295452237129
7387812352.0,0.055584490299224854
7388749824.0,0.060930781066417694
7389687296.0,0.0666353851556778
7390624768.0,0.07159717381000519
7391562752.0,0.07655129581689835
7392500224.0,0.08134479820728302
7393437696.0,0.08671803772449493
7394375168.0,0.09197339415550232
7395312640.0,0.09778159111738205
7396250112.0,0.10357470065355301
7397187584.0,0.11015649884939194
7398125056.0,0.11711083352565765
7399062528.0,0.12436442822217941
7400000000.0,0.1322508454322815
7400937472.0,0.13960030674934387
7401874944.0,0.14758536219596863
7402812416.0,0.15446770191192627
7403749888.0,0.16262219846248627
7404687360.0,0.1684148758649826
7405624832.0,0.17459248006343842
7406562304.0,0.17809756100177765
7407499776.0,0.18113413453102112
7408437248.0,0.18228353559970856
7409375232.0,0.1809217631816864
7410312704.0,0.1778172254562378
7411250176.0,0.17177891731262207
7412187648.0,0.16412590444087982
7413125120.0,0.15417926013469696
7414062592.0,0.14041876792907715
7415000064.0,0.12478800117969513
7415937536.0,0.1084689274430275
7416875008.0,0.08860387653112411
7417812480.0,0.0665617361664772
7418749952.0,0.04331741854548454
7419687424.0,0.0184813030064106
7420624896.0,-0.006070254370570183
7421562368.0,-0.03203126788139343
7422499840.0,-0.058792367577552795
7423437312.0,-0.08362104743719101
7424374784.0,-0.10925237089395523
7425312256.0,-0.13406670093536377
7426250240.0,-0.1568896621465683
7427187712.0,-0.17924007773399353
7428125184.0,-0.20044833421707153
7429062656.0,-0.22027438879013062
7430000128.0,-0.23819752037525177
7430937600.0,-0.2549583315849304
7431875072.0,-0.26972833275794983
7432812544.0,-0.2832527458667755
7433750016.0,-0.2960735559463501
7434687488.0,-0.3074954152107239
7435624960.0,-0.31640756130218506
7436562432.0,-0.3253842294216156
7437499904.0,-0.333199679851532
7438437376.0,-0.3390694856643677
7439374848.0,-0.34468308091163635
7440312320.0,-0.34830066561698914
7441249792.0,-0.3496747314929962
7442187264.0,-0.35184451937675476
7443125248.0,-0.3519339859485626
7444062720.0,-0.13832536339759827
7445000192.0,-0.11966398358345032
7445937664.0,-0.10531289130449295
7446875136.0,-0.09095721691846848
7447812608.0,-0.07963013648986816
7448750080.0,-0.07163364440202713
7449687552.0,-0.06374203413724899
7450625024.0,-0.0587475411593914
7451562496.0,-0.0551004596054554
7452499968.0,-0.05204972252249718
7453437440.0,-0.05063842236995697
7454374912.0,-0.04678509756922722
7455312384.0,-0.04577912017703056
7456249856.0,-0.04375949501991272
7457187328.0,-0.04071957245469093
7458124800.0,-0.03753504529595375
7459062272.0,-0.03418472036719322
7459999744.0,-0.027829071506857872
7460937728.0,-0.021815551444888115
7461875200.0,-0.015174317173659801
7462812672.0,-0.007347668055444956
7463750144.0,0.0016554679023101926
7464687616.0,0.011386591009795666
7465625088.0,0.02231229469180107
7466562560.0,0.03291139751672745
7467500032.0,0.04541684314608574
7468437504.0,0.05615658313035965
7469374976.0,0.06959526240825653
7470312448.0,0.08128425478935242
7471249920.0,0.09317689388990402
7472187392.0,0.10564891993999481
7473124864.0,0.11742949485778809
7474062336.0,0.12813080847263336
7474999808.0,0.13864710927009583
7475937280.0,0.1486985981464386
7476874752.0,0.1583288162946701
7477812736.0,0.16522261500358582
7478750208.0,0.17306920886039734
7479687680.0,0.17781959474086761
7480625152.0,0.18248306214809418
7481562624.0,0.1846722960472107
7482500096.0,0.18553459644317627
7483437568.0,0.1853521168231964
7484375040.0,0.1833471953868866
7485312512.0,0.17904029786586761
7486249984.0,0.17411141097545624
7487187456.0,0.16713480651378632
7488124928.0,0.15934185683727264
7489062400.0,0.15028652548789978
7489999872.0,0.13929705321788788
7490937344.0,0.12590493261814117
7491874816.0,0.11100132763385773
7492812288.0,0.0931282639503479
7493749760.0,0.07525766640901566
7494687744.0,0.05647505819797516
7495625216.0,0.038455650210380554
7496562688.0,0.019825855270028114
7497500160.0,0.0005407390999607742
7498437632.0,-0.018267255276441574
7499375104.0,-0.03667786344885826
7500312576.0,-0.05443919822573662
7501250048.0,-0.07159358263015747
7502187520.0,-0.08913086354732513
7503124992.0,-0.10424774140119553
7504062464.0,-0.08932999521493912
7504999936.0,-0.10051792114973068
7505937408.0,-0.10983242094516754
7506874880.0,-0.1212630420923233
7507812352.0,-0.13040375709533691
7508749824.0,-0.1396891176700592
7509687296.0,-0.1492697149515152
7510624768.0,-0.15692824125289917
7511562752.0,-0.16461428999900818
7512500224.0,-0.17262044548988342
7513437696.0,-0.17851296067237854
7514375168.0,-0.18403179943561554
7515312640.0,-0.1891108602285385
7516250112.0,-0.19283659756183624
7517187584.0,-0.19783915579319
7518125056.0,-0.2017126828432083
7519062528.0,-0.20565012097358704
7520000000.0,-0.20604032278060913
7520937472.0,-0.2059587836265564
7521874944.0,-0.20569072663784027
7522812416.0,-0.20383977890014648
7523749888.0,-0.20208656787872314
7524687360.0,-0.1979876309633255
7525624832.0,-0.19320224225521088
7526562304.0,-0.18713808059692383
7527499776.0,-0.18045562505722046
7528437248.0,-0.1718888133764267
7529375232.0,-0.16369038820266724
7530312704.0,-0.15387983620166779
7531250176.0,-0.14399458467960358
7532187648.0,-0.13228847086429596
7533125120.0,-0.12018654495477676
7534062592.0,-0.10609609633684158
7535000064.0,-0.09265616536140442
7535937536.0,-0.07851254940032959
7536875008.0,-0.06338341534137726
7537812480.0,-0.0463896207511425
7538749952.0,-0.030454227700829506
7539687424.0,-0.013526051305234432
7540624896.0,0.004016880411654711
7541562368.0,0.021771198138594627
7542499840.0,0.04237435385584831
7543437312.0,0.061878323554992676
7544374784.0,0.08320577442646027
7545312256.0,0.10476606339216232
7546250240.0,0.1257287561893463
7547187712.0,0.146148219704628
7548125184.0,0.1678803563117981
7549062656.0,0.18852993845939636
7550000128.0,0.2089722752571106
7550937600.0,0.22861967980861664
7551875072.0,0.24897292256355286
7552812544.0,0.26721689105033875
7553750016.0,0.2862384617328644
7554687488.0,0.30309829115867615
7555624960.0,0.32051151990890503
7556562432.0,0.335767537355423
7557499904.0,0.3497215509414673
7558437376.0,0.3629232347011566
7559374848.0,0.3747149109840393
7560312320.0,0.3840966522693634
7561249792.0,0.39232996106147766
7562187264.0,0.3985366225242615
7563125248.0,0.4025098383426666
7564062720.0,0.18275900185108185
7565000192.0,0.18177835643291473
7565937664.0,0.18131820857524872
7566875136.0,0.1795049011707306
7567812608.0,0.17849525809288025
7568750080.0,0.1756385713815689
7569687552.0,0.1721450388431549
7570625024.0,0.1685318797826767
7571562496.0,0.16271063685417175
7572499968.0,0.1555624008178711
7573437440.0,0.14855797588825226
7574374912.0,0.1383439302444458
7575312384.0,0.1303672045469284
7576249856.0,0.1180153414607048
7577187328.0,0.10581580549478531
7578124800.0,0.0926869809627533
7579062272.0,0.07698151469230652
7580000256.0,0.06263963133096695
7580937728.0,0.04708496108651161
7581875200.0,0.0308826994150877
7582812672.0,0.012373579666018486
7583750144.0,-0.006509797181934118
7584687616.0,-0.024895764887332916
7585625088.0,-0.043935179710388184
7586562560.0,-0.06365149468183517
7587500032.0,-0.084679514169693
7588437504.0,-0.1051061823964119
7589374976.0,-0.12545062601566315
7590312448.0,-0.14518579840660095
7591249920.0,-0.16445796191692352
7592187392.0,-0.18498539924621582
7593124864.0,-0.2037581205368042
7594062336.0,-0.22173883020877838
7594999808.0,-0.2383364737033844
7595937280.0,-0.25471600890159607
7596874752.0,-0.27109935879707336
7597812736.0,-0.2843692898750305
7598750208.0,-0.2976584732532501
7599687680.0,-0.3084109127521515
7600625152.0,-0.3165064752101898
7601562624.0,-0.32501161098480225
7602500096.0,-0.33120179176330566
7603437568.0,-0.33575841784477234
7604375040.0,-0.3379973769187927
7605312512.0,-0.33755090832710266
7606249984.0,-0.33611389994621277
7607187456.0,-0.33262908458709717
7608124928.0,-0.3268328607082367
7609062400.0,-0.3197646737098694
7609999872.0,-0.30967459082603455
7610937344.0,-0.29790592193603516
7611874816.0,-0.2833364009857178
7612812288.0,-0.2675781548023224
7613749760.0,-0.24997811019420624
7614687744.0,-0.23096071183681488
7615625216.0,-0.2095000445842743
7616562688.0,-0.18765276670455933
7617500160.0,-0.16295510530471802
7618437632.0,-0.1384381204843521
7619375104.0,-0.11199042201042175
7620312576.0,-0.08378057181835175
7621250048.0,-0.0564827136695385
7622187520.0,-0.028572242707014084
7623124992.0,0.00028259330429136753
7624062464.0,0.027387509122490883
7624999936.0,0.05479631945490837
7625937408.0,0.08224961906671524
7626874880.0,0.10871686041355133
7627812352.0,0.13330814242362976
7628749824.0,0.15789467096328735
7629687296.0,0.18095095455646515
7630624768.0,0.20306628942489624
7631562752.0,0.22297590970993042
7632500224.0,0.24208587408065796
7633437696.0,0.2579772472381592
7634375168.0,0.2725892663002014
7635312640.0,0.2868965268135071
7636250112.0,0.29741719365119934
7637187584.0,0.30652961134910583
7638125056.0,0.3130037784576416
7639062528.0,0.31789544224739075
7640000000.0,0.3193508982658386
7640937472.0,0.32099291682243347
7641874944.0,0.31965065002441406
7642812416.0,0.31561771035194397
7643749888.0,0.311556875705719
7644687360.0,0.30587971210479736
7645624832.0,0.2965065836906433
7646562304.0,0.2871626317501068
7647499776.0,0.2758488357067108
7648437248.0,0.2628041207790375
7649375232.0,0.24813136458396912
7650312704.0,0.23224765062332153
7651250176.0,0.21402402222156525
7652187648.0,0.19501814246177673
7653125120.0,0.17558062076568604
7654062592.0,0.15396150946617126
7655000064.0,0.13156986236572266
7655937536.0,0.10914728790521622
7656875008.0,0.08348919451236725
7657812480.0,0.05840784311294556
7658749952.0,0.0326865129172802
7659687424.0,0.006581145338714123
7660624896.0,-0.019785255193710327
7661562368.0,-0.04693080112338066
7662499840.0,-0.07319826632738113
7663437312.0,-0.09986477345228195
7664374784.0,-0.12562204897403717
7665312256.0,-0.15059685707092285
7666250240.0,-0.175476536154747
7667187712.0,-0.19872847199440002
7668125184.0,-0.22164097428321838
7669062656.0,-0.24157488346099854
7670000128.0,-0.26191332936286926
7670937600.0,-0.2805517911911011
7671875072.0,-0.2960473299026489
7672812544.0,-0.31061723828315735
7673750016.0,-0.3228496313095093
7674687488.0,-0.33360719680786133
7675624960.0,-0.34095776081085205
7676562432.0,-0.3460768163204193
7677499904.0,-0.34853434562683105
7678437376.0,-0.3493027687072754
7679374848.0,-0.3461971879005432
7680312320.0,-0.34227246046066284
7681249792.0,-0.3347911238670349
7682187264.0,-0.3251084089279175
7683125248.0,-0.3133520483970642
7684062720.0,-0.2921057939529419
7685000192.0,-0.2815994918346405
7685937664.0,-0.27150940895080566
7686875136.0,-0.2577178180217743
7687812608.0,-0.24410952627658844
7688750080.0,-0.22831971943378448
7689687552.0,-0.21137140691280365
7690625024.0,-0.19276440143585205
7691562496.0,-0.1740035116672516
7692499968.0,-0.15495818853378296
7693437440.0,-0.13482429087162018
7694374912.0,-0.11406313627958298
7695312384.0,-0.09581886976957321
7696249856.0,-0.07723335176706314
7697187328.0,-0.0593494176864624
7698124800.0,-0.0414736345410347
7699062272.0,-0.024221176281571388
7699999744.0,-0.006924035027623177
7700937728.0,0.010002789087593555
7701875200.0,0.025901662185788155
7702812672.0,0.041397932916879654
7703750144.0,0.05582988262176514
7704687616.0,0.07025118917226791
7705625088.0,0.08437202125787735
7706562560.0,0.09653010964393616
7707500032.0,0.10847283154726028
7708437504.0,0.11824865639209747
7709374976.0,0.12984175980091095
7710312448.0,0.13932137191295624
7711249920.0,0.1490141749382019
7712187392.0,0.15739889442920685
7713124864.0,0.16569608449935913
7714062336.0,0.17234618961811066
7714999808.0,0.18070609867572784
7715937280.0,0.1868075281381607
7716874752.0,0.19315582513809204
7717812736.0,0.19894638657569885
7718750208.0,0.20559753477573395
7719687680.0,0.21185143291950226
7720625152.0,0.21535693109035492
7721562624.0,0.21791262924671173
7722500096.0,0.2210351526737213
7723437568.0,0.2226666361093521
7724375040.0,0.22444766759872437
7725312512.0,0.22511284053325653
7726249984.0,0.22515325248241425
7727187456.0,0.22362904250621796
7728124928.0,0.2226928323507309
7729062400.0,0.21910962462425232
7729999872.0,0.21619229018688202
7730937344.0,0.20918777585029602
7731874816.0,0.20284336805343628
7732812288.0,0.19457188248634338
7733749760.0,0.18455909192562103
7734687744.0,0.1737528294324875
7735625216.0,0.1614193469285965
7736562688.0,0.14698287844657898
7737500160.0,0.13181796669960022
7738437632.0,0.11414971202611923
7739375104.0,0.09583766758441925
7740312576.0,0.07598573714494705
7741250048.0,0.05375693365931511
7742187520.0,0.03259475901722908
7743124992.0,0.009105207398533821
7744062464.0,-0.040495555847883224
7744999936.0,-0.043549515306949615
7745937408.0,-0.048180051147937775
7746874880.0,-0.05356810241937637
7747812352.0,-0.059886783361434937
7748749824.0,-0.06762515008449554
7749687296.0,-0.07788746058940887
7750624768.0,-0.08885247260332108
7751562752.0,-0.10111536830663681
7752500224.0,-0.11491415649652481
7753437696.0,-0.13007713854312897
7754375168.0,-0.14560025930404663
7755312640.0,-0.16165074706077576
7756250112.0,-0.17920611798763275
7757187584.0,-0.19781018793582916
7758125056.0,-0.21691091358661652
7759062528.0,-0.2359962910413742
7760000000.0,-0.2551344037055969
7760937472.0,-0.27490970492362976
7761874944.0,-0.2945598065853119
7762812416.0,-0.31286314129829407
7763749888.0,-0.33148568868637085
7764687360.0,-0.3480354845523834
7765624832.0,-0.3642740547657013
7766562304.0,-0.37902581691741943
7767499776.0,-0.3932245373725891
7768437248.0,-0.4057750999927521
7769375232.0,-0.41630789637565613
7770312704.0,-0.4260624051094055
7771250176.0,-0.4343719482421875
7772187648.0,-0.4392940402030945
7773125120.0,-0.44434604048728943
7774062592.0,-0.4466806948184967
7775000064.0,-0.4449920952320099
7775937536.0,-0.4406907260417938
7776875008.0,-0.43612149357795715
7777812480.0,-0.427992045879364
7778749952.0,-0.4177236557006836
7779687424.0,-0.4024890661239624
7780624896.0,-0.3882109820842743
7781562368.0,-0.3698292076587677
7782499840.0,-0.3498501777648926
7783437312.0,-0.32801511883735657
7784374784.0,-0.30371907353401184
7785312256.0,-0.27717292308807373
7786250240.0,-0.24966219067573547
7787187712.0,-0.2200627624988556
7788125184.0,-0.18909575045108795
7789062656.0,-0.15546126663684845
7790000128.0,-0.12261375039815903
7790937600.0,-0.08854499459266663
7791875072.0,-0.05382009595632553
7792812544.0,-0.018954094499349594
7793750016.0,0.015229963697493076
7794687488.0,0.04918261617422104
7795624960.0,0.08257469534873962
7796562432.0,0.1155591830611229
7797499904.0,0.14653420448303223
7798437376.0,0.17654098570346832
7799374848.0,0.2062494158744812
7800312320.0,0.2333287000656128
7801249792.0,0.2579677700996399
7802187264.0,0.28103333711624146
7803125248.0,0.30152928829193115
7804062720.0,0.13470524549484253
7805000192.0,0.14673472940921783
7805937664.0,0.15855778753757477
7806875136.0,0.16901469230651855
7807812608.0,0.17691004276275635
7808750080.0,0.18300531804561615
7809687552.0,0.1869707852602005
7810625024.0,0.18949104845523834
7811562496.0,0.18928773701190948
7812499968.0,0.18750064074993134
7813437440.0,0.1823342740535736
7814374912.0,0.17593316733837128
7815312384.0,0.16660983860492706
7816249856.0,0.15516985952854156
7817187328.0,0.14127549529075623
7818124800.0,0.12460249662399292
7819062272.0,0.10649368166923523
7820000256.0,0.08602971583604813
7820937728.0,0.06424231827259064
7821875200.0,0.040490664541721344
7822812672.0,0.01664629951119423
7823750144.0,-0.00792598444968462
7824687616.0,-0.03306487202644348
7825625088.0,-0.059525761753320694
7826562560.0,-0.08693701773881912
7827500032.0,-0.11530683189630508
7828437504.0,-0.1438068151473999
7829374976.0,-0.1725420355796814
7830312448.0,-0.20150122046470642
7831249920.0,-0.23051904141902924
7832187392.0,-0.25643113255500793
7833124864.0,-0.2836143672466278
7834062336.0,-0.3103066384792328
7834999808.0,-0.33489617705345154
7835937280.0,-0.35824310779571533
7836874752.0,-0.3793916404247284
7837812736.0,-0.40040814876556396
7838750208.0,-0.4201357662677765
7839687680.0,-0.4365098774433136
7840625152.0,-0.452737033367157
7841562624.0,-0.46605345606803894
7842500096.0,-0.47766053676605225
7843437568.0,-0.4860022962093353
7844375040.0,-0.49419528245925903
7845312512.0,-0.49890512228012085
7846249984.0,-0.5018461346626282
7847187456.0,-0.5030640959739685
7848124928.0,-0.4993850886821747
7849062400.0,-0.49313274025917053
7849999872.0,-0.4856940507888794
7850937344.0,-0.47676441073417664
7851874816.0,-0.4660476744174957
7852812288.0,-0.45379990339279175
7853749760.0,-0.44045162200927734
7854687744.0,-0.4262198507785797
7855625216.0,-0.41126590967178345
7856562688.0,-0.396238774061203
7857500160.0,-0.37966495752334595
7858437632.0,-0.3615133762359619
7859375104.0,-0.34294503927230835
7860312576.0,-0.3253970444202423
7861250048.0,-0.30622199177742004
7862187520.0,-0.28746452927589417
7863124992.0,-0.26907262206077576
7864062464.0,-0.25090664625167847
7864999936.0,-0.23324961960315704
7865937408.0,-0.2150162309408188
7866874880.0,-0.1964064985513687
7867812352.0,-0.17836061120033264
7868749824.0,-0.1599753499031067
7869687296.0,-0.1417871117591858
7870624768.0,-0.12457555532455444
7871562752.0,-0.10645423829555511
7872500224.0,-0.08895059674978256
7873437696.0,-0.07124438881874084
7874375168.0,-0.054110653698444366
7875312640.0,-0.0387832373380661
7876250112.0,-0.023328622803092003
7877187584.0,-0.009755891747772694
7878125056.0,0.002444119192659855
7879062528.0,0.012816226109862328
7880000000.0,0.021640881896018982
7880937472.0,0.028669126331806183
7881874944.0,0.03282533958554268
7882812416.0,0.03537221997976303
7883749888.0,0.03553130477666855
7884687360.0,0.03286018595099449
7885624832.0,0.02736402489244938
7886562304.0,0.019111933186650276
7887499776.0,0.008148875087499619
7888437248.0,-0.00477931834757328
7889375232.0,-0.020611369982361794
7890312704.0,-0.03869541734457016
7891250176.0,-0.058377549052238464
7892187648.0,-0.07982543855905533
7893125120.0,-0.10316647589206696
7894062592.0,-0.12923380732536316
7895000064.0,-0.1539047360420227
7895937536.0,-0.17962805926799774
7896875008.0,-0.20702703297138214
7897812480.0,-0.2346707284450531
7898749952.0,-0.26327383518218994
7899687424.0,-0.29048895835876465
7900624896.0,-0.31913015246391296
7901562368.0,-0.34633201360702515
7902499840.0,-0.37368738651275635
7903437312.0,-0.39882197976112366
7904374784.0,-0.42374175786972046
7905312256.0,-0.4473632872104645
7906250240.0,-0.4712101221084595
7907187712.0,-0.49270883202552795
7908125184.0,-0.5126513242721558
7909062656.0,-0.53256756067276
7910000128.0,-0.5522609949111938
7910937600.0,-0.5699318647384644
7911875072.0,-0.5885581970214844
7912812544.0,-0.6059508919715881
7913750016.0,-0.6226863861083984
7914687488.0,-0.6390721201896667
7915624960.0,-0.6569702625274658
7916562432.0,-0.6749470829963684
7917499904.0,-0.6923771500587463
7918437376.0,-0.7120299339294434
7919374848.0,-0.7316720485687256
7920312320.0,-0.7519907355308533
7921249792.0,-0.7723485231399536
7922187264.0,-0.7932184934616089
7923125248.0,-0.814302921295166
7924062720.0,-0.8597933053970337
7925000192.0,-0.8645452857017517
7925937664.0,-0.8692910671234131
7926875136.0,-0.8726363182067871
7927812608.0,-0.8769987225532532
7928750080.0,-0.8798438310623169
7929687552.0,-0.8834370374679565
7930625024.0,-0.8865772485733032
7931562496.0,-0.8892146944999695
7932499968.0,-0.8909633159637451
7933437440.0,-0.8939078450202942
7934374912.0,-0.8946544528007507
7935312384.0,-0.8947095274925232
7936249856.0,-0.8940585851669312
7937187328.0,-0.8926861882209778
7938124800.0,-0.890291154384613
7939062272.0,-0.8863713145256042
7939999744.0,-0.8810340762138367
7940937728.0,-0.8751887083053589
7941875200.0,-0.8690880537033081
7942812672.0,-0.8607053160667419
7943750144.0,-0.8510685563087463
7944687616.0,-0.8395082950592041
7945625088.0,-0.8270050287246704
7946562560.0,-0.811591386795044
7947500032.0,-0.7953767776489258
7948437504.0,-0.7771527767181396
7949374976.0,-0.758525550365448
7950312448.0,-0.7383527755737305
7951249920.0,-0.7164742946624756
7952187392.0,-0.6943508982658386
7953124864.0,-0.6702290177345276
7954062336.0,-0.6455472111701965
7954999808.0,-0.6198670864105225
7955937280.0,-0.5936932563781738
7956874752.0,-0.565774142742157
7957812736.0,-0.537786066532135
7958750208.0,-0.5100383758544922
7959687680.0,-0.4805900752544403
7960625152.0,-0.4518837630748749
7961562624.0,-0.42350777983665466
7962500096.0,-0.39517316222190857
7963437568.0,-0.3676084280014038
7964375040.0,-0.3405570685863495
7965312512.0,-0.3153286874294281
7966249984.0,-0.2898831069469452
7967187456.0,-0.26582086086273193
7968124928.0,-0.24268004298210144
7969062400.0,-0.22086098790168762
7969999872.0,-0.20135177671909332
7970937344.0,-0.18350233137607574
7971874816.0,-0.16644975543022156
7972812288.0,-0.152307391166687
7973749760.0,-0.1390218734741211
7974687744.0,-0.1287565380334854
7975625216.0,-0.1215556263923645
7976562688.0,-0.11492971330881119
7977500160.0,-0.11136113852262497
7978437632.0,-0.109406478703022
7979375104.0,-0.10935772210359573
7980312576.0,-0.11067211627960205
7981250048.0,-0.11336242407560349
7982187520.0,-0.11847957223653793
7983124992.0,-0.1265951693058014
7984062464.0,-0.25030431151390076
7984999936.0,-0.25130510330200195
7985937408.0,-0.2536587119102478
7986874880.0,-0.2565840184688568
7987812352.0,-0.2596208453178406
7988749824.0,-0.264688104391098
7989687296.0,-0.2701171338558197
7990624768.0,-0.2748071253299713
7991562752.0,-0.28100812435150146
7992500224.0,-0.28933051228523254
7993437696.0,-0.297394722700119
7994375168.0,-0.3053235411643982
7995312640.0,-0.3148874044418335
7996250112.0,-0.32438352704048157
7997187584.0,-0.33426085114479065
7998125056.0,-0.3458818793296814
7999062528.0,-0.3563341200351715
8000000000.0,-0.3633863627910614
