Frequency (Hz),Measurement
2000000000.0,0.15001504123210907
2000937472.0,0.14296117424964905
2001874944.0,0.1392517387866974
2002812544.0,0.1337602436542511
2003750016.0,0.1298993080854416
2004687488.0,0.12457993626594543
2005624960.0,0.11953002959489822
2006562560.0,0.11392451077699661
2007500032.0,0.108811154961586
2008437504.0,0.10303640365600586
2009374976.0,0.09698665887117386
2010312448.0,0.09153623878955841
2011250048.0,0.08484942466020584
2012187520.0,0.07840791344642639
2013124992.0,0.07220634818077087
2014062464.0,0.06633913516998291
2015000064.0,0.05988575890660286
2015937536.0,0.05341467633843422
2016875008.0,0.04743355140089989
2017812480.0,0.04184466227889061
2018749952.0,0.035902611911296844
2019687552.0,0.030610131099820137
2020625024.0,0.02626839093863964
2021562496.0,0.02201574668288231
2022499968.0,0.017519976943731308
2023437440.0,0.01491186860948801
2024375040.0,0.013142460025846958
2025312512.0,0.011019681580364704
2026249984.0,0.010190775617957115
2027187456.0,0.010530083440244198
2028125056.0,0.010833538137376308
2029062528.0,0.012103545479476452
2030000000.0,0.014833434484899044
2030937472.0,0.01809779182076454
2031874944.0,0.021934904158115387
2032812544.0,0.027773624286055565
2033750016.0,0.032269109040498734
2034687488.0,0.039038196206092834
2035624960.0,0.04610408842563629
2036562560.0,0.05357106775045395
2037500032.0,0.060639217495918274
2038437504.0,0.06908433884382248
2039374976.0,0.07818575203418732
2040312448.0,0.0869864672422409
2041250048.0,0.09564506262540817
2042187520.0,0.10331439226865768
2043124992.0,0.11174187809228897
2044062464.0,0.11949776858091354
2044999936.0,0.12695083022117615
2045937536.0,0.13336262106895447
2046875008.0,0.13781164586544037
2047812480.0,0.14201930165290833
2048749952.0,0.15185752511024475
2049687552.0,0.14694450795650482
2050625024.0,0.142136350274086
2051562496.0,0.1356179267168045
2052499968.0,0.12939052283763885
2053437440.0,0.12243771553039551
2054375040.0,0.11571710556745529
2055312512.0,0.1075599417090416
2056249984.0,0.10002684593200684
2057187456.0,0.09306597709655762
2058125056.0,0.08620741218328476
2059062528.0,0.07851055264472961
2060000000.0,0.07216430455446243
2060937472.0,0.06562595814466476
2061874944.0,0.058656781911849976
2062812544.0,0.05264943093061447
2063750016.0,0.04731419309973717
2064687488.0,0.04148942604660988
2065624960.0,0.0358835905790329
2066562560.0,0.031264565885066986
2067500032.0,0.026323312893509865
2068437504.0,0.021301908418536186
2069374976.0,0.018091892823576927
2070312448.0,0.014980521984398365
2071250048.0,0.011781768873333931
2072187520.0,0.008724845014512539
2073124992.0,0.006957299076020718
2074062464.0,0.004995920229703188
2075000064.0,0.0028929891996085644
2075937536.0,0.0013326191110536456
2076875008.0,0.0004156740615144372
2077812480.0,-0.000433442706707865
2078749952.0,-0.0006170033593662083
2079687552.0,-0.0003370666818227619
2080625024.0,-0.0009697944624349475
2081562496.0,0.0014510732144117355
2082499968.0,0.0023207135964185
2083437440.0,0.003473659511655569
2084375040.0,0.006565629504621029
2085312512.0,0.009234187193214893
2086249984.0,0.01256572175770998
2087187456.0,0.015997638925909996
2088125056.0,0.02077525295317173
2089062528.0,0.02605101466178894
2090000000.0,0.031342536211013794
2090937472.0,0.03766218200325966
2091874944.0,0.044165968894958496
2092812544.0,0.05120552331209183
2093750016.0,0.059095367789268494
2094687488.0,0.06827699393033981
2095624960.0,0.07822202891111374
2096562560.0,0.08797996491193771
2097500032.0,0.09715227037668228
2098437504.0,0.1088990569114685
2099374976.0,0.12032376229763031
2100312448.0,0.1320868879556656
2101250048.0,0.14481139183044434
2102187520.0,0.15753775835037231
2103124992.0,0.1710304319858551
2104062464.0,0.18468870222568512
2104999936.0,0.19786933064460754
2105937536.0,0.21102149784564972
2106875008.0,0.22394101321697235
2107812480.0,0.23694953322410583
2108749952.0,0.2750706672668457
2109687552.0,0.28269460797309875
2110625024.0,0.2912534475326538
2111562496.0,0.2972624897956848
2112499968.0,0.30246874690055847
2113437440.0,0.3071715533733368
2114375040.0,0.30987924337387085
2115312512.0,0.3104798197746277
2116249984.0,0.30885347723960876
2117187456.0,0.30397722125053406
2118125056.0,0.29727423191070557
2119062528.0,0.28820598125457764
2120000000.0,0.2748676538467407
2120937472.0,0.2590967118740082
2121874944.0,0.2404865175485611
2122812544.0,0.2196466624736786
2123750016.0,0.19672907888889313
2124687488.0,0.17220164835453033
2125624960.0,0.14650624990463257
2126562560.0,0.11902208626270294
2127500032.0,0.09193519502878189
2128437504.0,0.0649552047252655
2129374976.0,0.03931230679154396
2130312448.0,0.01373235322535038
2131250048.0,-0.010073898360133171
2132187520.0,-0.031459152698516846
2133124992.0,-0.051518507301807404
2134062464.0,-0.06879528611898422
2135000064.0,-0.08377715200185776
2135937536.0,-0.09575909376144409
2136875008.0,-0.10416434705257416
2137812480.0,-0.1097002848982811
2138749952.0,-0.11357088387012482
2139687552.0,-0.11275575309991837
2140625024.0,-0.1101173534989357
2141562496.0,-0.10524515062570572
2142499968.0,-0.09762972593307495
2143437440.0,-0.08910280466079712
2144375040.0,-0.0780545324087143
2145312512.0,-0.06486441940069199
2146249984.0,-0.05151775851845741
2147187456.0,-0.037942707538604736
2148124928.0,-0.022941799834370613
2149062400.0,-0.0076559423469007015
2150000128.0,0.00709213363006711
2150937600.0,0.021612050011754036
2151875072.0,0.03632389008998871
2152812544.0,0.05028579384088516
2153750016.0,0.06406965851783752
2154687488.0,0.07656286656856537
2155624960.0,0.0891806110739708
2156562432.0,0.10033959150314331
2157499904.0,0.11044371128082275
2158437376.0,0.12076496332883835
2159375104.0,0.13107404112815857
2160312576.0,0.13951541483402252
2161250048.0,0.14840935170650482
2162187520.0,0.15711405873298645
2163124992.0,0.16515029966831207
2164062464.0,0.17275339365005493
2164999936.0,0.18078045547008514
2165937408.0,0.1887045055627823
2166874880.0,0.19627036154270172
2167812608.0,0.2036018967628479
2168750080.0,0.2282969355583191
2169687552.0,0.2388797253370285
2170625024.0,0.2499740719795227
2171562496.0,0.26006820797920227
2172499968.0,0.2698560953140259
2173437440.0,0.2787974178791046
2174374912.0,0.2876438796520233
2175312384.0,0.2944464385509491
2176250112.0,0.3006744980812073
2177187584.0,0.30493777990341187
2178125056.0,0.30836328864097595
2179062528.0,0.3097977638244629
2180000000.0,0.3094894587993622
2180937472.0,0.3064340353012085
2181874944.0,0.30197423696517944
2182812416.0,0.2948633134365082
2183749888.0,0.2860361933708191
2184687616.0,0.27569034695625305
2185625088.0,0.26244571805000305
2186562560.0,0.2484411597251892
2187500032.0,0.2324889898300171
2188437504.0,0.21499715745449066
2189374976.0,0.19684027135372162
2190312448.0,0.17637068033218384
2191249920.0,0.15616817772388458
2192187392.0,0.136074036359787
2193125120.0,0.11490016430616379
2194062592.0,0.09442836791276932
2195000064.0,0.07342807203531265
2195937536.0,0.05408767983317375
2196875008.0,0.03488435223698616
2197812480.0,0.018053507432341576
2198749952.0,0.0021988542284816504
2199687424.0,-0.01207252312451601
2200624896.0,-0.024648582562804222
2201562624.0,-0.03437907248735428
2202500096.0,-0.042459189891815186
2203437568.0,-0.048706430941820145
2204375040.0,-0.05270722880959511
2205312512.0,-0.05461942404508591
2206249984.0,-0.05320853739976883
2207187456.0,-0.04998556524515152
2208124928.0,-0.04477459564805031
2209062400.0,-0.03739604726433754
2209999872.0,-0.02789458818733692
2210937600.0,-0.01618676446378231
2211875072.0,-0.004036529455333948
2212812544.0,0.010097645223140717
2213750016.0,0.024596983566880226
2214687488.0,0.040795352309942245
2215624960.0,0.05702858790755272
2216562432.0,0.07452451437711716
2217499904.0,0.09140937775373459
2218437376.0,0.10989102721214294
2219375104.0,0.1271321177482605
2220312576.0,0.14369037747383118
2221250048.0,0.1604781150817871
2222187520.0,0.17524005472660065
2223124992.0,0.18951812386512756
2224062464.0,0.20301340520381927
2224999936.0,0.2140166312456131
2225937408.0,0.22447249293327332
2226874880.0,0.2328779101371765
2227812608.0,0.23990166187286377
2228750080.0,0.21149194240570068
2229687552.0,0.2168453335762024
2230625024.0,0.22161807119846344
2231562496.0,0.22510451078414917
2232499968.0,0.22659501433372498
2233437440.0,0.22720485925674438
2234374912.0,0.22507518529891968
2235312384.0,0.22236837446689606
2236250112.0,0.21624188125133514
2237187584.0,0.20878146588802338
2238125056.0,0.19903355836868286
2239062528.0,0.18760192394256592
2240000000.0,0.1737840473651886
2240937472.0,0.15882070362567902
2241874944.0,0.14144712686538696
2242812416.0,0.12294929474592209
2243749888.0,0.10371028631925583
2244687616.0,0.0841454491019249
2245625088.0,0.06207166984677315
2246562560.0,0.04082105681300163
2247500032.0,0.01942639984190464
2248437504.0,-0.0006236396729946136
2249374976.0,-0.021332519128918648
2250312448.0,-0.03921113908290863
2251249920.0,-0.056528784334659576
2252187392.0,-0.07111846655607224
2253125120.0,-0.08399992436170578
2254062592.0,-0.09471677243709564
2255000064.0,-0.10327871888875961
2255937536.0,-0.10912646353244781
2256875008.0,-0.11326325684785843
2257812480.0,-0.1140197291970253
2258749952.0,-0.1123208999633789
2259687424.0,-0.10884319245815277
2260624896.0,-0.103267140686512
2261562624.0,-0.09529618173837662
2262500096.0,-0.08525658398866653
2263437568.0,-0.07384175062179565
2264375040.0,-0.06087622791528702
2265312512.0,-0.04729191213846207
2266249984.0,-0.03112349472939968
2267187456.0,-0.015599831938743591
2268124928.0,0.0009297000360675156
2269062400.0,0.019485747441649437
2270000128.0,0.03629329055547714
2270937600.0,0.052946191281080246
2271875072.0,0.07118604332208633
2272812544.0,0.08798836916685104
2273750016.0,0.10516637563705444
2274687488.0,0.1210482269525528
2275624960.0,0.13679420948028564
2276562432.0,0.15082870423793793
2277499904.0,0.16377845406532288
2278437376.0,0.17671188712120056
2279375104.0,0.1884566694498062
2280312576.0,0.19942891597747803
2281250048.0,0.20914679765701294
2282187520.0,0.2176889032125473
2283124992.0,0.22528348863124847
2284062464.0,0.23198530077934265
2284999936.0,0.2385212779045105
2285937408.0,0.24382199347019196
2286874880.0,0.24802476167678833
2287812608.0,0.2529178559780121
2288750080.0,0.2646869122982025
2289687552.0,0.27215176820755005
2290625024.0,0.2799599766731262
2291562496.0,0.28859376907348633
2292499968.0,0.2960168123245239
2293437440.0,0.3035663962364197
2294374912.0,0.3092736005783081
2295312384.0,0.3154616355895996
2296250112.0,0.3200775384902954
2297187584.0,0.3228496015071869
2298125056.0,0.3248858153820038
2299062528.0,0.3254607319831848
2300000000.0,0.32361286878585815
2300937472.0,0.32048705220222473
2301874944.0,0.31346574425697327
2302812416.0,0.3052843511104584
2303749888.0,0.2939099371433258
2304687616.0,0.2803899347782135
2305625088.0,0.2633892297744751
2306562560.0,0.24449372291564941
2307500032.0,0.2227647602558136
2308437504.0,0.19970956444740295
2309374976.0,0.17470704019069672
2310312448.0,0.14692682027816772
2311249920.0,0.11824731528759003
2312187392.0,0.08930973708629608
2313125120.0,0.05958089604973793
2314062592.0,0.03030155599117279
2315000064.0,0.0027343889232724905
2315937536.0,-0.025400303304195404
2316875008.0,-0.05082875117659569
2317812480.0,-0.07487978041172028
2318749952.0,-0.09624208509922028
2319687424.0,-0.1156836450099945
2320624896.0,-0.1342019885778427
2321562624.0,-0.14901530742645264
2322500096.0,-0.1607269048690796
2323437568.0,-0.17143109440803528
2324375040.0,-0.1799536794424057
2325312512.0,-0.1855667680501938
2326249984.0,-0.18988463282585144
2327187456.0,-0.19150346517562866
2328124928.0,-0.1923118233680725
2329062400.0,-0.1913938671350479
2329999872.0,-0.18833591043949127
2330937600.0,-0.18374255299568176
2331875072.0,-0.17816436290740967
2332812544.0,-0.17082901298999786
2333750016.0,-0.1623808890581131
2334687488.0,-0.1507178395986557
2335624960.0,-0.13869883120059967
2336562432.0,-0.12439456582069397
2337499904.0,-0.10823485255241394
2338437376.0,-0.09109293669462204
2339375104.0,-0.07182060182094574
2340312576.0,-0.05121370777487755
2341250048.0,-0.02953069843351841
2342187520.0,-0.006422876380383968
2343124992.0,0.017564848065376282
2344062464.0,0.04287292808294296
2344999936.0,0.06825313717126846
2345937408.0,0.09461241960525513
2346874880.0,0.1211802288889885
2347812608.0,0.1465466171503067
2348750080.0,0.20137466490268707
2349687552.0,0.21578332781791687
2350625024.0,0.22832003235816956
2351562496.0,0.23688137531280518
2352499968.0,0.24259155988693237
2353437440.0,0.2455669641494751
2354374912.0,0.24461981654167175
2355312384.0,0.24064713716506958
2356250112.0,0.23321057856082916
2357187584.0,0.2211463451385498
2358125056.0,0.20793575048446655
2359062528.0,0.19053561985492706
2360000000.0,0.17143411934375763
2360937472.0,0.14870309829711914
2361874944.0,0.12406987696886063
2362812416.0,0.0977947860956192
2363749888.0,0.07087324559688568
2364687616.0,0.04384583234786987
2365625088.0,0.01477170828729868
2366562560.0,-0.013467727228999138
2367500032.0,-0.042473651468753815
2368437504.0,-0.07050758600234985
2369374976.0,-0.09816452860832214
2370312448.0,-0.12372715026140213
2371249920.0,-0.14782683551311493
2372187392.0,-0.17066344618797302
2373125120.0,-0.19046150147914886
2374062592.0,-0.20805618166923523
2375000064.0,-0.22338593006134033
2375937536.0,-0.23486852645874023
2376875008.0,-0.24408423900604248
2377812480.0,-0.2505911588668823
2378749952.0,-0.25394123792648315
2379687424.0,-0.2548094093799591
2380624896.0,-0.25312212109565735
2381562624.0,-0.2501538097858429
2382500096.0,-0.24325841665267944
2383437568.0,-0.2343330979347229
2384375040.0,-0.22415298223495483
2385312512.0,-0.2113724797964096
2386249984.0,-0.197015181183815
2387187456.0,-0.18092137575149536
2388124928.0,-0.16458527743816376
2389062400.0,-0.14690083265304565
2390000128.0,-0.1283717006444931
2390937600.0,-0.110569067299366
2391875072.0,-0.09350157529115677
2392812544.0,-0.07627096772193909
2393750016.0,-0.060516197234392166
2394687488.0,-0.0453944094479084
2395624960.0,-0.03187818452715874
2396562432.0,-0.018683087080717087
2397499904.0,-0.007683438714593649
2398437376.0,0.0022885252255946398
2399375104.0,0.012176639400422573
2400312576.0,0.019632255658507347
2401250048.0,0.02641846425831318
2402187520.0,0.0311136357486248
2403124992.0,0.03435282036662102
2404062464.0,0.03671634569764137
2404999936.0,0.03737194836139679
2405937408.0,0.03692736104130745
2406874880.0,0.03523097187280655
2407812608.0,0.03368467465043068
2408750080.0,0.029618442058563232
2409687552.0,0.03510162606835365
2410625024.0,0.038093701004981995
2411562496.0,0.03793182224035263
2412499968.0,0.03644596040248871
2413437440.0,0.03306475654244423
2414374912.0,0.026899943128228188
2415312384.0,0.018971581012010574
2416250112.0,0.008420147001743317
2417187584.0,-0.004093952011317015
2418125056.0,-0.018857788294553757
2419062528.0,-0.034397970885038376
2420000000.0,-0.053063008934259415
2420937472.0,-0.07151076197624207
2421874944.0,-0.09095881879329681
2422812416.0,-0.11208749562501907
2423749888.0,-0.13264065980911255
2424687616.0,-0.15425819158554077
2425625088.0,-0.175051748752594
2426562560.0,-0.1973116397857666
2427500032.0,-0.21796377003192902
2428437504.0,-0.2402162253856659
2429374976.0,-0.26180657744407654
2430312448.0,-0.2814716100692749
2431249920.0,-0.30137962102890015
2432187392.0,-0.31949371099472046
2433125120.0,-0.33550742268562317
2434062592.0,-0.35117924213409424
2435000064.0,-0.36475512385368347
2435937536.0,-0.37820446491241455
2436875008.0,-0.3897321820259094
2437812480.0,-0.3998245894908905
2438749952.0,-0.408393919467926
2439687424.0,-0.4159187376499176
2440624896.0,-0.421587198972702
2441562624.0,-0.42479392886161804
2442500096.0,-0.427756667137146
2443437568.0,-0.42858949303627014
2444375040.0,-0.428556889295578
2445312512.0,-0.42723357677459717
2446249984.0,-0.4256911277770996
2447187456.0,-0.42206326127052307
2448124928.0,-0.417755126953125
2449062400.0,-0.410616934299469
2449999872.0,-0.405705988407135
2450937600.0,-0.39929720759391785
2451875072.0,-0.3923376798629761
2452812544.0,-0.3862466514110565
2453750016.0,-0.37998244166374207
2454687488.0,-0.37295952439308167
2455624960.0,-0.3667548596858978
2456562432.0,-0.36117714643478394
2457499904.0,-0.3553183078765869
2458437376.0,-0.3499094247817993
2459375104.0,-0.3442814350128174
2460312576.0,-0.3401936888694763
2461250048.0,-0.33711063861846924
2462187520.0,-0.3353639841079712
2463124992.0,-0.3341723680496216
2464062464.0,-0.3357998728752136
2464999936.0,-0.3386738896369934
2465937408.0,-0.342542439699173
2466874880.0,-0.3502950668334961
2467812608.0,-0.36034664511680603
2468750080.0,-0.44705891609191895
2469687552.0,-0.4702391028404236
2470625024.0,-0.4948591887950897
2471562496.0,-0.5223135948181152
2472499968.0,-0.5529564619064331
2473437440.0,-0.5869719386100769
2474374912.0,-0.6238354444503784
2475312384.0,-0.6619888544082642
2476250112.0,-0.7054874300956726
2477187584.0,-0.7539741396903992
2478125056.0,-0.8039307594299316
2479062528.0,-0.8570243716239929
2480000000.0,-0.9137783050537109
2480937472.0,-0.972801685333252
2481874944.0,-1.0346031188964844
2482812416.0,-1.0998497009277344
2483749888.0,-1.168811559677124
2484687616.0,-1.241098165512085
2485625088.0,-1.318830132484436
2486562560.0,-1.3981735706329346
2487500032.0,-1.4812824726104736
2488437504.0,-1.5676932334899902
2489374976.0,-1.6575185060501099
2490312448.0,-1.74919593334198
2491249920.0,-1.8463741540908813
2492187392.0,-1.9483057260513306
2493125120.0,-2.0546140670776367
2494062592.0,-2.167863368988037
2495000064.0,-2.2871928215026855
2495937536.0,-2.4129743576049805
2496875008.0,-2.545198440551758
2497812480.0,-2.6844441890716553
2498749952.0,-2.8307132720947266
2499687424.0,-2.986255168914795
2500624896.0,-3.154461145401001
2501562624.0,-3.3337903022766113
2502500096.0,-3.528928756713867
2503437568.0,-3.7384073734283447
2504375040.0,-3.964002847671509
2505312512.0,-4.205438137054443
2506249984.0,-4.46527099609375
2507187456.0,-4.742401599884033
2508124928.0,-5.0390167236328125
2509062400.0,-5.352997303009033
2510000128.0,-5.683871746063232
2510937600.0,-6.02813196182251
2511875072.0,-6.383084297180176
2512812544.0,-6.7347893714904785
2513750016.0,-7.073687553405762
2514687488.0,-7.387169361114502
2515624960.0,-7.657879829406738
2516562432.0,-7.869117736816406
2517499904.0,-8.004679679870605
2518437376.0,-8.050036430358887
2519375104.0,-8.005017280578613
2520312576.0,-7.8671722412109375
2521250048.0,-7.650382041931152
2522187520.0,-7.366539478302002
2523124992.0,-7.030155181884766
2524062464.0,-6.662103176116943
2524999936.0,-6.272890567779541
2525937408.0,-5.878262996673584
2526874880.0,-5.487620830535889
2527812608.0,-5.1064534187316895
2528750080.0,-4.732789516448975
2529687552.0,-4.389434337615967
2530625024.0,-4.064844608306885
2531562496.0,-3.763960123062134
2532499968.0,-3.483638048171997
2533437440.0,-3.2249157428741455
2534374912.0,-2.9861340522766113
2535312384.0,-2.7672646045684814
2536250112.0,-2.567131519317627
2537187584.0,-2.384319543838501
2538125056.0,-2.2176220417022705
2539062528.0,-2.0673253536224365
2540000000.0,-1.9314724206924438
2540937472.0,-1.8082911968231201
2541874944.0,-1.6968886852264404
2542812416.0,-1.5957064628601074
2543749888.0,-1.5024209022521973
2544687616.0,-1.4175997972488403
2545625088.0,-1.3418552875518799
2546562560.0,-1.2723792791366577
2547500032.0,-1.212481141090393
2548437504.0,-1.1572657823562622
2549374976.0,-1.108925700187683
2550312448.0,-1.0647382736206055
2551249920.0,-1.0253260135650635
2552187392.0,-0.9896732568740845
2553125120.0,-0.9579612612724304
2554062592.0,-0.9291331171989441
2555000064.0,-0.9030694961547852
2555937536.0,-0.8790770173072815
2556875008.0,-0.8560856580734253
2557812480.0,-0.8353384733200073
2558749952.0,-0.8154811263084412
2559687424.0,-0.7961089015007019
2560624896.0,-0.7781088352203369
2561562624.0,-0.7597600221633911
2562500096.0,-0.7424950003623962
2563437568.0,-0.7239774465560913
2564375040.0,-0.7051531076431274
2565312512.0,-0.6859957575798035
2566249984.0,-0.666445791721344
2567187456.0,-0.6456659436225891
2568124928.0,-0.6238285303115845
2569062400.0,-0.6011222004890442
2569999872.0,-0.5775420069694519
2570937600.0,-0.5530750751495361
2571875072.0,-0.528458297252655
2572812544.0,-0.5018705725669861
2573750016.0,-0.47470423579216003
2574687488.0,-0.4464115798473358
2575624960.0,-0.4181176424026489
2576562432.0,-0.38820454478263855
2577499904.0,-0.35826000571250916
2578437376.0,-0.32796385884284973
2579375104.0,-0.2977265417575836
2580312576.0,-0.26715952157974243
2581250048.0,-0.23661698400974274
2582187520.0,-0.20791764557361603
2583124992.0,-0.1780012995004654
2584062464.0,-0.1495886743068695
2584999936.0,-0.12259373068809509
2585937408.0,-0.09652618318796158
2586874880.0,-0.07134673744440079
2587812608.0,-0.048597224056720734
2588750080.0,-0.02419191598892212
2589687552.0,-0.01068703830242157
2590625024.0,0.0024073843378573656
2591562496.0,0.013352327048778534
2592499968.0,0.021272413432598114
2593437440.0,0.026883462443947792
2594374912.0,0.0323626883327961
2595312384.0,0.03414859250187874
2596250112.0,0.03446991741657257
2597187584.0,0.03357558324933052
2598125056.0,0.030522098764777184
2599062528.0,0.025648808106780052
2600000000.0,0.02008248120546341
2600937472.0,0.01162895280867815
2601874944.0,0.0033674086444079876
2602812416.0,-0.00749016460031271
2603749888.0,-0.018329324200749397
2604687616.0,-0.030725812539458275
2605625088.0,-0.04319769889116287
2606562560.0,-0.05595596507191658
2607500032.0,-0.06962915509939194
2608437504.0,-0.08415716886520386
2609374976.0,-0.09739109873771667
2610312448.0,-0.11024454981088638
2611249920.0,-0.12379158288240433
2612187392.0,-0.13677436113357544
2613125120.0,-0.1483757346868515
2614062592.0,-0.16005223989486694
2615000064.0,-0.17108210921287537
2615937536.0,-0.18106582760810852
2616875008.0,-0.1894906610250473
2617812480.0,-0.19715222716331482
2618749952.0,-0.20402313768863678
2619687424.0,-0.20913754403591156
2620624896.0,-0.2124098688364029
2621562624.0,-0.21432961523532867
2622500096.0,-0.21570530533790588
2623437568.0,-0.2147451937198639
2624375040.0,-0.21231606602668762
2625312512.0,-0.2089592069387436
2626249984.0,-0.20372247695922852
2627187456.0,-0.19662593305110931
2628124928.0,-0.18816199898719788
2629062400.0,-0.1788613349199295
2630000128.0,-0.166436105966568
2630937600.0,-0.15477101504802704
2631875072.0,-0.14122653007507324
2632812544.0,-0.12644466757774353
2633750016.0,-0.11036057025194168
2634687488.0,-0.09369532763957977
2635624960.0,-0.07640763372182846
2636562432.0,-0.05820490047335625
2637499904.0,-0.040130045264959335
2638437376.0,-0.020250724628567696
2639375104.0,-0.001523197628557682
2640312576.0,0.017965812236070633
2641250048.0,0.03665691986680031
2642187520.0,0.053983669728040695
2643124992.0,0.07321731746196747
2644062464.0,0.08986825495958328
2644999936.0,0.1058880165219307
2645937408.0,0.12281884253025055
2646874880.0,0.13748188316822052
2647812608.0,0.16164548695087433
2648750080.0,0.1764867901802063
2649687552.0,0.18764467537403107
2650625024.0,0.1977393925189972
2651562496.0,0.2054700255393982
2652499968.0,0.21072180569171906
2653437440.0,0.21290847659111023
2654374912.0,0.21374477446079254
2655312384.0,0.21123628318309784
2656250112.0,0.20696572959423065
2657187584.0,0.19946891069412231
2658125056.0,0.19000811874866486
2659062528.0,0.17863062024116516
2660000000.0,0.16439488530158997
2660937472.0,0.14960597455501556
2661874944.0,0.1337643414735794
2662812416.0,0.11531900614500046
2663749888.0,0.09576894342899323
2664687616.0,0.07557906955480576
2665625088.0,0.0549582839012146
2666562560.0,0.034574877470731735
2667500032.0,0.013496874831616879
2668437504.0,-0.007409056182950735
2669374976.0,-0.027830274775624275
2670312448.0,-0.04790049046278
2671249920.0,-0.06643044203519821
2672187392.0,-0.08448547124862671
2673125120.0,-0.10114569216966629
2674062592.0,-0.11638729274272919
2675000064.0,-0.12883083522319794
2675937536.0,-0.140313982963562
2676875008.0,-0.1499381810426712
2677812480.0,-0.15750868618488312
2678749952.0,-0.1630806028842926
2679687424.0,-0.16645656526088715
2680624896.0,-0.16767236590385437
2681562624.0,-0.1664642095565796
2682500096.0,-0.16413983702659607
2683437568.0,-0.15940791368484497
2684375040.0,-0.15326514840126038
2685312512.0,-0.14335577189922333
2686249984.0,-0.13353635370731354
2687187456.0,-0.12146291881799698
2688124928.0,-0.10770498216152191
2689062400.0,-0.09264770895242691
2689999872.0,-0.07677651941776276
2690937600.0,-0.05887330695986748
2691875072.0,-0.04167162999510765
2692812544.0,-0.02300795167684555
2693750016.0,-0.004556781146675348
2694687488.0,0.014383307658135891
2695624960.0,0.032915860414505005
2696562432.0,0.05143946409225464
2697499904.0,0.07012075930833817
2698437376.0,0.08765266090631485
2699375104.0,0.10454249382019043
2700312576.0,0.12077022343873978
2701250048.0,0.1369985193014145
2702187520.0,0.15091830492019653
2703124992.0,0.16397258639335632
2704062464.0,0.1761641800403595
2704999936.0,0.18719005584716797
2705937408.0,0.1961221545934677
2706874880.0,0.20452632009983063
2707812608.0,0.22267292439937592
2708750080.0,0.22655004262924194
2709687552.0,0.228840172290802
2710625024.0,0.23063741624355316
2711562496.0,0.23095160722732544
2712499968.0,0.22974856197834015
2713437440.0,0.2274632453918457
2714374912.0,0.22438907623291016
2715312384.0,0.2186739444732666
2716250112.0,0.2130754142999649
2717187584.0,0.2052915394306183
2718125056.0,0.19710992276668549
2719062528.0,0.18633383512496948
2720000000.0,0.1746729612350464
2720937472.0,0.16206827759742737
2721874944.0,0.14790692925453186
2722812416.0,0.13298092782497406
2723749888.0,0.11679766327142715
2724687616.0,0.09927576035261154
2725625088.0,0.0807267501950264
2726562560.0,0.06142159923911095
2727500032.0,0.04353955388069153
2728437504.0,0.02313724346458912
2729374976.0,0.002385261468589306
2730312448.0,-0.017818477004766464
2731249920.0,-0.038005150854587555
2732187392.0,-0.05714908242225647
2733125120.0,-0.07636401057243347
2734062592.0,-0.0947013646364212
2735000064.0,-0.11241190880537033
2735937536.0,-0.128863126039505
2736875008.0,-0.1434624195098877
2737812480.0,-0.15718097984790802
2738749952.0,-0.16899438202381134
2739687424.0,-0.1793498396873474
2740624896.0,-0.18638397753238678
2741562624.0,-0.19250606000423431
2742500096.0,-0.19499936699867249
2743437568.0,-0.19617341458797455
2744375040.0,-0.19540993869304657
2745312512.0,-0.19105181097984314
2746249984.0,-0.18481014668941498
2747187456.0,-0.1769210398197174
2748124928.0,-0.1656220704317093
2749062400.0,-0.15222007036209106
2750000128.0,-0.1372932642698288
2750937600.0,-0.12091684341430664
2751875072.0,-0.1024203822016716
2752812544.0,-0.08121618628501892
2753750016.0,-0.06095509976148605
2754687488.0,-0.03911381959915161
2755624960.0,-0.015870854258537292
2756562432.0,0.007191858254373074
2757499904.0,0.031212955713272095
2758437376.0,0.05343828722834587
2759375104.0,0.07656170427799225
2760312576.0,0.09824620187282562
2761250048.0,0.11896531283855438
2762187520.0,0.13737225532531738
2763124992.0,0.15618954598903656
2764062464.0,0.17145214974880219
2764999936.0,0.18673528730869293
2765937408.0,0.198553666472435
2766874880.0,0.20919890701770782
2767812608.0,0.250735342502594
2768750080.0,0.25382286310195923
2769687552.0,0.25584012269973755
2770625024.0,0.25528189539909363
2771562496.0,0.2539616823196411
2772499968.0,0.25087153911590576
2773437440.0,0.24568720161914825
2774374912.0,0.24019667506217957
2775312384.0,0.23241354525089264
2776250112.0,0.22335928678512573
2777187584.0,0.21296215057373047
2778125056.0,0.20134331285953522
2779062528.0,0.1887497752904892
2780000000.0,0.17631109058856964
2780937472.0,0.16282451152801514
2781874944.0,0.14827938377857208
2782812416.0,0.13350117206573486
2783749888.0,0.11777932941913605
2784687616.0,0.10194312036037445
2785625088.0,0.08640236407518387
2786562560.0,0.07023931294679642
2787500032.0,0.055596135556697845
2788437504.0,0.03943367674946785
2789374976.0,0.024501066654920578
2790312448.0,0.009738707914948463
2791249920.0,-0.0039997524581849575
2792187392.0,-0.018265629187226295
2793125120.0,-0.030407803133130074
2794062592.0,-0.04222612455487251
2795000064.0,-0.05333976820111275
2795937536.0,-0.06291184574365616
2796875008.0,-0.07232539355754852
2797812480.0,-0.0795707181096077
2798749952.0,-0.08678141981363297
2799687424.0,-0.09186109900474548
2800624896.0,-0.09457860141992569
2801562624.0,-0.09732300788164139
2802500096.0,-0.09668754786252975
2803437568.0,-0.09720096737146378
2804375040.0,-0.09389261156320572
2805312512.0,-0.09003801643848419
2806249984.0,-0.08480555564165115
2807187456.0,-0.07777848839759827
2808124928.0,-0.06951403617858887
2809062400.0,-0.06014305353164673
2809999872.0,-0.04866611585021019
2810937600.0,-0.0364883653819561
2811875072.0,-0.02286108210682869
2812812544.0,-0.00930697750300169
2813750016.0,0.005879403557628393
2814687488.0,0.02196405827999115
2815624960.0,0.039077892899513245
2816562432.0,0.056289192289114
2817499904.0,0.07257809489965439
2818437376.0,0.08998571336269379
2819375104.0,0.10681705921888351
2820312576.0,0.1242036446928978
2821250048.0,0.14001795649528503
2822187520.0,0.15537384152412415
2823124992.0,0.16995742917060852
2824062464.0,0.184598907828331
2824999936.0,0.1957201510667801
2825937408.0,0.20769143104553223
2826874880.0,0.2166925072669983
2827812608.0,0.23041555285453796
2828750080.0,0.23612792789936066
2829687552.0,0.23945115506649017
2830625024.0,0.24097204208374023
2831562496.0,0.2404734492301941
2832499968.0,0.23742526769638062
2833437440.0,0.23402100801467896
2834374912.0,0.2276475727558136
2835312384.0,0.21993373334407806
2836250112.0,0.21037979423999786
2837187584.0,0.1991841197013855
2838125056.0,0.18782097101211548
2839062528.0,0.1742192953824997
2840000000.0,0.1604365110397339
2840937472.0,0.14557532966136932
2841874944.0,0.12940220534801483
2842812416.0,0.11356610804796219
2843749888.0,0.09653669595718384
2844687616.0,0.07963574677705765
2845625088.0,0.06307177245616913
2846562560.0,0.045982737094163895
2847500032.0,0.028845427557826042
2848437504.0,0.013226786628365517
2849374976.0,-0.002978293690830469
2850312448.0,-0.01794501394033432
2851249920.0,-0.032017409801483154
2852187392.0,-0.04481133446097374
2853125120.0,-0.05727175623178482
2854062592.0,-0.06820982694625854
2855000064.0,-0.07699939608573914
2855937536.0,-0.08463261276483536
2856875008.0,-0.09167032688856125
2857812480.0,-0.09663242101669312
2858749952.0,-0.10022181272506714
2859687424.0,-0.10106456279754639
2860624896.0,-0.10265911370515823
2861562624.0,-0.09991787374019623
2862500096.0,-0.09670967608690262
2863437568.0,-0.09176964312791824
2864375040.0,-0.08458428084850311
2865312512.0,-0.07639052718877792
2866249984.0,-0.06718605756759644
2867187456.0,-0.05593163147568703
2868124928.0,-0.043861523270606995
2869062400.0,-0.031155642122030258
2870000128.0,-0.017109010368585587
2870937600.0,-0.0015626961831003428
2871875072.0,0.014146378263831139
2872812544.0,0.029511908069252968
2873750016.0,0.04675116389989853
2874687488.0,0.06375480443239212
2875624960.0,0.07998639345169067
2876562432.0,0.09671271592378616
2877499904.0,0.11251886188983917
2878437376.0,0.1284097135066986
2879375104.0,0.1433439999818802
2880312576.0,0.15833202004432678
2881250048.0,0.17231832444667816
2882187520.0,0.1846960484981537
2883124992.0,0.1964898258447647
2884062464.0,0.20670470595359802
2884999936.0,0.21629908680915833
2885937408.0,0.2244964838027954
2886874880.0,0.23151326179504395
2887812608.0,0.21371838450431824
2888750080.0,0.21610227227210999
2889687552.0,0.21842187643051147
2890625024.0,0.21950063109397888
2891562496.0,0.21972757577896118
2892499968.0,0.21944259107112885
2893437440.0,0.21778801083564758
2894374912.0,0.2140129655599594
2895312384.0,0.2088063359260559
2896250112.0,0.20283666253089905
2897187584.0,0.19495144486427307
2898125056.0,0.18604250252246857
2899062528.0,0.17536714673042297
2900000000.0,0.1645936667919159
2900937472.0,0.152154341340065
2901874944.0,0.13817687332630157
2902812416.0,0.12314873933792114
2903749888.0,0.10737349838018417
2904687616.0,0.09136228263378143
2905625088.0,0.07476978003978729
2906562560.0,0.05804071202874184
2907500032.0,0.04086634889245033
2908437504.0,0.023918041959404945
2909374976.0,0.0071968031115829945
2910312448.0,-0.008162487298250198
2911249920.0,-0.024174030870199203
2912187392.0,-0.037814050912857056
2913125120.0,-0.05100638046860695
2914062592.0,-0.06266159564256668
2915000064.0,-0.07213769853115082
2915937536.0,-0.0796605572104454
2916875008.0,-0.08617215603590012
2917812480.0,-0.08934122323989868
2918749952.0,-0.09128553420305252
2919687424.0,-0.0916779488325119
2920624896.0,-0.0888974666595459
2921562624.0,-0.08545784652233124
2922500096.0,-0.0782799944281578
2923437568.0,-0.06961248070001602
2924375040.0,-0.059428900480270386
2925312512.0,-0.04704630374908447
2926249984.0,-0.03331359103322029
2927187456.0,-0.018123578280210495
2928124928.0,-0.002043883316218853
2929062400.0,0.015284724533557892
2929999872.0,0.03315281495451927
2930937600.0,0.05067061260342598
2931875072.0,0.0686623603105545
2932812544.0,0.08604101091623306
2933750016.0,0.10352326184511185
2934687488.0,0.12069893628358841
2935624960.0,0.13636581599712372
2936562432.0,0.15125223994255066
2937499904.0,0.16582058370113373
2938437376.0,0.17853152751922607
2939375104.0,0.1904785931110382
2940312576.0,0.20101334154605865
2941250048.0,0.20987217128276825
2942187520.0,0.21727529168128967
2943124992.0,0.2229522317647934
2944062464.0,0.22681614756584167
2944999936.0,0.23019269108772278
2945937408.0,0.23233138024806976
2946874880.0,0.2328704297542572
2947812608.0,0.21165871620178223
2948750080.0,0.20943570137023926
2949687552.0,0.20617616176605225
2950625024.0,0.20286934077739716
2951562496.0,0.19916802644729614
2952499968.0,0.1958082616329193
2953437440.0,0.19082540273666382
2954374912.0,0.18680599331855774
2955312384.0,0.181874081492424
2956250112.0,0.17748543620109558
2957187584.0,0.17258739471435547
2958125056.0,0.1678488701581955
2959062528.0,0.1626211255788803
2960000000.0,0.15797758102416992
2960937472.0,0.15258780121803284
2961874944.0,0.14736659824848175
2962812416.0,0.14171287417411804
2963749888.0,0.1361260861158371
2964687616.0,0.12963999807834625
2965625088.0,0.12339996546506882
2966562560.0,0.11675561964511871
2967500032.0,0.11012029647827148
2968437504.0,0.10338042676448822
2969374976.0,0.09659449756145477
2970312448.0,0.08866013586521149
2971249920.0,0.08156421780586243
2972187392.0,0.07423250377178192
2973125120.0,0.06680920720100403
2974062592.0,0.06012370064854622
2975000064.0,0.05275358259677887
2975937536.0,0.04437468945980072
2976875008.0,0.038160014897584915
2977812480.0,0.031557317823171616
2978749952.0,0.025353966280817986
2979687424.0,0.019278259947896004
2980624896.0,0.013690383173525333
2981562624.0,0.008826146833598614
2982500096.0,0.0056105670519173145
2983437568.0,0.0020881695672869682
2984375040.0,-0.0006617896724492311
2985312512.0,-0.0027777240611612797
2986249984.0,-0.004203382879495621
2987187456.0,-0.005086532793939114
2988124928.0,-0.004324060399085283
2989062400.0,-0.003914424683898687
2990000128.0,-0.0033025036100298166
2990937600.0,-0.002092194277793169
2991875072.0,-0.00013435762957669795
2992812544.0,0.002586033660918474
2993750016.0,0.004324746783822775
2994687488.0,0.007651454769074917
2995624960.0,0.010691056959331036
2996562432.0,0.013938367366790771
2997499904.0,0.01693210005760193
2998437376.0,0.018940487876534462
2999375104.0,0.022112945094704628
3000312576.0,0.02730105258524418
3001250048.0,0.030484512448310852
3002187520.0,0.0345255546271801
3003124992.0,0.03632698208093643
3004062464.0,0.0386628694832325
3004999936.0,0.04098338261246681
3005937408.0,0.04235793650150299
3006874880.0,0.045195285230875015
3007812608.0,0.13662850856781006
3008750080.0,0.13434560596942902
3009687552.0,0.13223254680633545
3010625024.0,0.12851114571094513
3011562496.0,0.12534481287002563
3012499968.0,0.12177087366580963
3013437440.0,0.11724849045276642
3014374912.0,0.11211708188056946
3015312384.0,0.10752710700035095
3016250112.0,0.10234984010457993
3017187584.0,0.09624228626489639
3018125056.0,0.09193935990333557
3019062528.0,0.08617393672466278
3020000000.0,0.08017770200967789
3020937472.0,0.07493588328361511
3021874944.0,0.06943000853061676
3022812416.0,0.0634000226855278
3023749888.0,0.05705222487449646
3024687616.0,0.05123680830001831
3025625088.0,0.04588371515274048
3026562560.0,0.03991515934467316
3027500032.0,0.03391767293214798
3028437504.0,0.027539076283574104
3029374976.0,0.021743852645158768
3030312448.0,0.015621967613697052
3031249920.0,0.009454050101339817
3032187392.0,0.003630709834396839
3033125120.0,-0.002640628023073077
3034062592.0,-0.007781023159623146
3035000064.0,-0.013669341802597046
3035937536.0,-0.018705355003476143
3036875008.0,-0.024338405579328537
3037812480.0,-0.0297347791492939
3038749952.0,-0.034805357456207275
3039687424.0,-0.03975435718894005
3040624896.0,-0.04481379687786102
3041562624.0,-0.04872942715883255
3042500096.0,-0.05243125930428505
3043437568.0,-0.05552925169467926
3044375040.0,-0.058961693197488785
3045312512.0,-0.061652254313230515
3046249984.0,-0.06372878700494766
3047187456.0,-0.06500808894634247
3048124928.0,-0.06622234731912613
3049062400.0,-0.06673536449670792
3049999872.0,-0.06675141304731369
3050937600.0,-0.06516310572624207
3051875072.0,-0.06390942633152008
3052812544.0,-0.06167453154921532
3053750016.0,-0.05748701095581055
3054687488.0,-0.053397100418806076
3055624960.0,-0.04820457845926285
3056562432.0,-0.04201868548989296
3057499904.0,-0.03535425290465355
3058437376.0,-0.028178418055176735
3059375104.0,-0.019968241453170776
3060312576.0,-0.01107045914977789
3061250048.0,-0.0007335502305068076
3062187520.0,0.010025345720350742
3063124992.0,0.02158357948064804
3064062464.0,0.033480461686849594
3064999936.0,0.04613243788480759
3065937408.0,0.05901859328150749
3066874880.0,0.07226652652025223
3067812608.0,0.13733023405075073
3068750080.0,0.14250485599040985
3069687552.0,0.14771316945552826
3070625024.0,0.15116214752197266
3071562496.0,0.1530340611934662
3072499968.0,0.15354609489440918
3073437440.0,0.1530126929283142
3074374912.0,0.15096868574619293
3075312384.0,0.14779798686504364
3076250112.0,0.14243067800998688
3077187584.0,0.13650602102279663
3078125056.0,0.12959621846675873
3079062528.0,0.12123904377222061
3080000000.0,0.11255589127540588
3080937472.0,0.10366201400756836
3081874944.0,0.09344302117824554
3082812416.0,0.08398376405239105
3083749888.0,0.07405804097652435
3084687616.0,0.06315451860427856
3085625088.0,0.05304412916302681
3086562560.0,0.04370911046862602
3087500032.0,0.03373262286186218
3088437504.0,0.024847760796546936
3089374976.0,0.01742533966898918
3090312448.0,0.008991011418402195
3091249920.0,0.003406758652999997
3092187392.0,-0.0028048406820744276
3093125120.0,-0.007126105949282646
3094062592.0,-0.010809971019625664
3095000064.0,-0.012504489161074162
3095937536.0,-0.01480711717158556
3096875008.0,-0.014237879775464535
3097812480.0,-0.013745501637458801
3098749952.0,-0.01225267443805933
3099687424.0,-0.009403226897120476
3100624896.0,-0.0053422157652676105
3101562624.0,-0.0007228788454085588
3102500096.0,0.004135838244110346
3103437568.0,0.009617329575121403
3104375040.0,0.016627725213766098
3105312512.0,0.022746171802282333
3106249984.0,0.030484186485409737
3107187456.0,0.0384637825191021
3108124928.0,0.04635069891810417
3109062400.0,0.05247977003455162
3110000128.0,0.06026589870452881
3110937600.0,0.06739125400781631
3111875072.0,0.07397028058767319
3112812544.0,0.08126357197761536
3113750016.0,0.0879528596997261
3114687488.0,0.09404738247394562
3115624960.0,0.09922397136688232
3116562432.0,0.10508336126804352
3117499904.0,0.10862446576356888
3118437376.0,0.11433475464582443
3119375104.0,0.11767177283763885
3120312576.0,0.12129100412130356
3121250048.0,0.12382254749536514
3122187520.0,0.1267584264278412
3123124992.0,0.1288292407989502
3124062464.0,0.13145215809345245
3124999936.0,0.1331494003534317
3125937408.0,0.1352606564760208
3126874880.0,0.13726982474327087
3127812608.0,0.1426190286874771
3128750080.0,0.142769917845726
3129687552.0,0.14170469343662262
3130625024.0,0.14088016748428345
3131562496.0,0.1395227015018463
3132499968.0,0.13638949394226074
3133437440.0,0.13394798338413239
3134374912.0,0.13124169409275055
3135312384.0,0.12783710658550262
3136250112.0,0.1246057003736496
3137187584.0,0.12252237647771835
3138125056.0,0.11972563713788986
3139062528.0,0.11746889352798462
3140000000.0,0.11787737905979156
3140937472.0,0.1183784008026123
3141874944.0,0.12000477313995361
3142812416.0,0.12363499402999878
3143749888.0,0.1272052377462387
3144687616.0,0.13239407539367676
3145625088.0,0.1381157785654068
3146562560.0,0.1444895714521408
3147500032.0,0.14932924509048462
3148437504.0,0.15386250615119934
3149374976.0,0.15620899200439453
3150312448.0,0.1574689894914627
3151249920.0,0.15704339742660522
3152187392.0,0.1539085954427719
3153125120.0,0.14867115020751953
3154062592.0,0.1429525762796402
3155000064.0,0.13380926847457886
3155937536.0,0.12319599837064743
3156875008.0,0.10943834483623505
3157812480.0,0.09649331867694855
3158749952.0,0.08255188912153244
3159687424.0,0.06667912006378174
3160624896.0,0.05218861624598503
3161562624.0,0.0374753400683403
3162500096.0,0.023045334964990616
3163437568.0,0.010808437131345272
3164375040.0,0.00046670896699652076
3165312512.0,-0.009258496575057507
3166249984.0,-0.01719655841588974
3167187456.0,-0.022124944254755974
3168124928.0,-0.024812854826450348
3169062400.0,-0.025015197694301605
3169999872.0,-0.023743050172924995
3170937600.0,-0.019192157313227654
3171875072.0,-0.012917355634272099
3172812544.0,-0.005184323061257601
3173750016.0,0.005831810180097818
3174687488.0,0.0166782233864069
3175624960.0,0.029871826991438866
3176562432.0,0.043021854013204575
3177499904.0,0.05769716575741768
3178437376.0,0.0736423134803772
3179375104.0,0.08836428076028824
3180312576.0,0.10438000410795212
3181250048.0,0.11886120587587357
3182187520.0,0.13478510081768036
3183124992.0,0.1482740193605423
3184062464.0,0.16225433349609375
3184999936.0,0.17544551193714142
3185937408.0,0.18721158802509308
3186874880.0,0.19893552362918854
3187812608.0,0.16271379590034485
3188750080.0,0.15785421431064606
3189687552.0,0.1519353687763214
3190625024.0,0.14592590928077698
3191562496.0,0.13991883397102356
3192499968.0,0.1342269331216812
3193437440.0,0.12831874191761017
3194374912.0,0.12125588953495026
3195312384.0,0.11603293567895889
3196250112.0,0.10995043814182281
3197187584.0,0.1046828106045723
3198125056.0,0.09981099516153336
3199062528.0,0.09587930142879486
3200000000.0,0.09160331636667252
3200937472.0,0.08892780542373657
3201874944.0,0.08617139607667923
3202812416.0,0.08545172214508057
3203749888.0,0.08478078246116638
3204687616.0,0.0839378833770752
3205625088.0,0.08398295193910599
3206562560.0,0.08626360446214676
3207500032.0,0.087836354970932
3208437504.0,0.08934078365564346
3209374976.0,0.0910760909318924
3210312448.0,0.09330693632364273
3211249920.0,0.09546060115098953
3212187392.0,0.09806177020072937
3213125120.0,0.1002930998802185
3214062592.0,0.10247033089399338
3215000064.0,0.10458160191774368
3215937536.0,0.10686128586530685
3216875008.0,0.10772431641817093
3217812480.0,0.10953553020954132
3218749952.0,0.11014505475759506
3219687424.0,0.1109418049454689
3220624896.0,0.11151644587516785
3221562624.0,0.11182078719139099
3222500096.0,0.11087630689144135
3223437568.0,0.11039704829454422
3224375040.0,0.10984405130147934
3225312512.0,0.11010762304067612
3226249984.0,0.11018234491348267
3227187456.0,0.11000259965658188
3228124928.0,0.10983965545892715
3229062400.0,0.11045587062835693
3230000128.0,0.11057336628437042
3230937600.0,0.1117037683725357
3231875072.0,0.1130325049161911
3232812544.0,0.11383023113012314
3233750016.0,0.11724971234798431
3234687488.0,0.12052472680807114
3235624960.0,0.12449399381875992
3236562432.0,0.12858392298221588
3237499904.0,0.1341233253479004
3238437376.0,0.13893699645996094
3239375104.0,0.14511874318122864
3240312576.0,0.15208959579467773
3241250048.0,0.15796911716461182
3242187520.0,0.16575340926647186
3243124992.0,0.17272771894931793
3244062464.0,0.17993560433387756
3244999936.0,0.1861632764339447
3245937408.0,0.1934725046157837
3246874880.0,0.19896113872528076
3247812608.0,0.10888157039880753
3248750080.0,0.10079701244831085
3249687552.0,0.09149745851755142
3250625024.0,0.08120816946029663
3251562496.0,0.07129426300525665
3252499968.0,0.06154271587729454
3253437440.0,0.052484966814517975
3254374912.0,0.04387619346380234
3255312384.0,0.03768526762723923
3256250112.0,0.03272676095366478
3257187584.0,0.029353132471442223
3258125056.0,0.02710375189781189
3259062528.0,0.02653803490102291
3260000000.0,0.029236331582069397
3260937472.0,0.03130184859037399
3261874944.0,0.03443948179483414
3262812416.0,0.038314301520586014
3263749888.0,0.041631508618593216
3264687616.0,0.04629607871174812
3265625088.0,0.0502346009016037
3266562560.0,0.05366743728518486
3267500032.0,0.05641207844018936
3268437504.0,0.05970122665166855
3269374976.0,0.061619099229574203
3270312448.0,0.06389031559228897
3271249920.0,0.06635111570358276
3272187392.0,0.06814264506101608
3273125120.0,0.06906375288963318
3274062592.0,0.07049772143363953
3275000064.0,0.07179539650678635
3275937536.0,0.07348158955574036
3276875008.0,0.07307542115449905
3277812480.0,0.07486367970705032
3278749952.0,0.07499613612890244
3279687424.0,0.07606609165668488
3280624896.0,0.07568209618330002
3281562624.0,0.07664868980646133
3282500096.0,0.07591748237609863
3283437568.0,0.07698236405849457
3284375040.0,0.07661821693181992
3285312512.0,0.07664763927459717
3286249984.0,0.07654668390750885
3287187456.0,0.0769435465335846
3288124928.0,0.07603725045919418
3289062400.0,0.07650782912969589
3289999872.0,0.07627211511135101
3290937600.0,0.07621808350086212
3291875072.0,0.0756535455584526
3292812544.0,0.07690614461898804
3293750016.0,0.07818140834569931
3294687488.0,0.07890533655881882
3295624960.0,0.07980772852897644
3296562432.0,0.08130919933319092
3297499904.0,0.0829874724149704
3298437376.0,0.0850142240524292
3299375104.0,0.08754807710647583
3300312576.0,0.09064318984746933
3301250048.0,0.09428774565458298
3302187520.0,0.09754287451505661
3303124992.0,0.10182525962591171
3304062464.0,0.1064055934548378
3304999936.0,0.11128146946430206
3305937408.0,0.11646310240030289
3306874880.0,0.12175032496452332
3307812608.0,0.13475847244262695
3308750080.0,0.1437465101480484
3309687552.0,0.151311993598938
3310625024.0,0.160806342959404
3311562496.0,0.16887295246124268
3312499968.0,0.1767260879278183
3313437440.0,0.1848093420267105
3314374912.0,0.19277863204479218
3315312384.0,0.19978854060173035
3316250112.0,0.2058534324169159
3317187584.0,0.21256764233112335
3318125056.0,0.2172977477312088
3319062528.0,0.22183530032634735
3320000000.0,0.2254684716463089
3320937472.0,0.22793014347553253
3321874944.0,0.22895586490631104
3322812416.0,0.22912482917308807
3323749888.0,0.2276051789522171
3324687616.0,0.2247564196586609
3325625088.0,0.22081376612186432
3326562560.0,0.21736662089824677
3327500032.0,0.21029368042945862
3328437504.0,0.203111931681633
3329374976.0,0.19595786929130554
3330312448.0,0.1873251348733902
3331249920.0,0.1769944131374359
3332187392.0,0.16793881356716156
3333125120.0,0.15682262182235718
3334062592.0,0.1459348499774933
3335000064.0,0.13504241406917572
3335937536.0,0.12318514287471771
3336875008.0,0.1129254400730133
3337812480.0,0.10179812461137772
3338749952.0,0.09101063013076782
3339687424.0,0.08111006766557693
3340624896.0,0.0718734860420227
3341562624.0,0.06271187216043472
3342500096.0,0.05494681000709534
3343437568.0,0.046444475650787354
3344375040.0,0.040661539882421494
3345312512.0,0.035176776349544525
3346249984.0,0.03067522495985031
3347187456.0,0.027441080659627914
3348124928.0,0.026045702397823334
3349062400.0,0.025618841871619225
3350000128.0,0.026256226003170013
3350937600.0,0.027425507083535194
3351875072.0,0.030454382300376892
3352812544.0,0.033505961298942566
3353750016.0,0.038322705775499344
3354687488.0,0.044348932802677155
3355624960.0,0.05108846351504326
3356562432.0,0.05848584324121475
3357499904.0,0.06630408763885498
3358437376.0,0.07593919336795807
3359375104.0,0.08493755757808685
3360312576.0,0.09456685930490494
3361250048.0,0.10350216925144196
3362187520.0,0.11316927522420883
3363124992.0,0.1225760206580162
3364062464.0,0.1309235692024231
3364999936.0,0.13938309252262115
3365937408.0,0.14748777449131012
3366874880.0,0.15353897213935852
3367812608.0,0.03627217188477516
3368750080.0,0.039052385836839676
3369687552.0,0.04235947132110596
3370625024.0,0.04520651698112488
3371562496.0,0.04791257157921791
3372499968.0,0.049298666417598724
3373437440.0,0.050265148282051086
3374374912.0,0.051234468817710876
3375312384.0,0.050059814006090164
3376250112.0,0.0477680005133152
3377187584.0,0.0447428934276104
3378125056.0,0.04133005067706108
3379062528.0,0.03626847639679909
3380000000.0,0.03066912852227688
3380937472.0,0.023851733654737473
3381874944.0,0.016217563301324844
3382812416.0,0.007851636968553066
3383749888.0,-0.0004221746639814228
3384687616.0,-0.00995294377207756
3385625088.0,-0.019855013117194176
3386562560.0,-0.029061321169137955
3387500032.0,-0.03921300917863846
3388437504.0,-0.049781039357185364
3389374976.0,-0.059379108250141144
3390312448.0,-0.06987611204385757
3391249920.0,-0.07899915426969528
3392187392.0,-0.08869091421365738
3393125120.0,-0.09660321474075317
3394062592.0,-0.10443783551454544
3395000064.0,-0.11215140670537949
3395937536.0,-0.11826277524232864
3396875008.0,-0.12413661181926727
3397812480.0,-0.12938746809959412
3398749952.0,-0.13239160180091858
3399687424.0,-0.13584809005260468
3400624896.0,-0.13703325390815735
3401562624.0,-0.13952799141407013
3402500096.0,-0.1401754468679428
3403437568.0,-0.13971996307373047
3404375040.0,-0.1397511065006256
3405312512.0,-0.13878338038921356
3406249984.0,-0.13674773275852203
3407187456.0,-0.13581638038158417
3408124928.0,-0.13388529419898987
3409062400.0,-0.13307128846645355
3409999872.0,-0.13310140371322632
3410937600.0,-0.13190141320228577
3411875072.0,-0.13238702714443207
3412812544.0,-0.1351781040430069
3413750016.0,-0.137338787317276
3414687488.0,-0.1409538835287094
3415624960.0,-0.14608962833881378
3416562432.0,-0.1533774584531784
3417499904.0,-0.1627625972032547
3418437376.0,-0.17291392385959625
3419375104.0,-0.18656699359416962
3420312576.0,-0.20230233669281006
3421250048.0,-0.2188957780599594
3422187520.0,-0.2385571300983429
3423124992.0,-0.2588222920894623
3424062464.0,-0.2832963168621063
3424999936.0,-0.3080540895462036
3425937408.0,-0.3356723487377167
3426874880.0,-0.364360511302948
3427812608.0,-0.3946325480937958
3428750080.0,-0.4230068624019623
3429687552.0,-0.45209163427352905
3430625024.0,-0.47990405559539795
3431562496.0,-0.5086115002632141
3432499968.0,-0.536552369594574
3433437440.0,-0.5644961595535278
3434374912.0,-0.591951847076416
3435312384.0,-0.620363712310791
3436250112.0,-0.6468731164932251
3437187584.0,-0.6753004193305969
3438125056.0,-0.7034634351730347
3439062528.0,-0.732376754283905
3440000000.0,-0.761965811252594
3440937472.0,-0.7930935025215149
3441874944.0,-0.8254643082618713
3442812416.0,-0.8596578240394592
3443749888.0,-0.8963358402252197
3444687616.0,-0.9350041151046753
3445625088.0,-0.9760293364524841
3446562560.0,-1.0217581987380981
3447500032.0,-1.0699756145477295
3448437504.0,-1.1209254264831543
3449374976.0,-1.1747746467590332
3450312448.0,-1.231320858001709
3451249920.0,-1.2896125316619873
3452187392.0,-1.35103178024292
3453125120.0,-1.413976788520813
3454062592.0,-1.477602243423462
3455000064.0,-1.5428301095962524
3455937536.0,-1.6081491708755493
3456875008.0,-1.6693233251571655
3457812480.0,-1.7294327020645142
3458749952.0,-1.7827324867248535
3459687424.0,-1.8300682306289673
3460624896.0,-1.8706454038619995
3461562624.0,-1.903907299041748
3462500096.0,-1.929362416267395
3463437568.0,-1.9472568035125732
3464375040.0,-1.9575836658477783
3465312512.0,-1.9603259563446045
3466249984.0,-1.9568842649459839
3467187456.0,-1.9464696645736694
3468124928.0,-1.9316807985305786
3469062400.0,-1.9110403060913086
3470000128.0,-1.8836146593093872
3470937600.0,-1.8524415493011475
3471875072.0,-1.813584327697754
3472812544.0,-1.7713027000427246
3473750016.0,-1.7237194776535034
3474687488.0,-1.6725832223892212
3475624960.0,-1.619269847869873
3476562432.0,-1.5657240152359009
3477499904.0,-1.511507511138916
3478437376.0,-1.456805944442749
3479375104.0,-1.402972936630249
3480312576.0,-1.3536591529846191
3481250048.0,-1.3065255880355835
3482187520.0,-1.2589854001998901
3483124992.0,-1.2121859788894653
3484062464.0,-1.164467692375183
3484999936.0,-1.1189953088760376
3485937408.0,-1.076090931892395
3486874880.0,-1.0354561805725098
3487812608.0,-1.0304856300354004
3488750080.0,-0.9930037260055542
3489687552.0,-0.9570778012275696
3490625024.0,-0.9215602874755859
3491562496.0,-0.8875705003738403
3492499968.0,-0.8566635251045227
3493437440.0,-0.8283137083053589
3494374912.0,-0.8021220564842224
3495312384.0,-0.7779538631439209
3496250112.0,-0.7572743892669678
3497187584.0,-0.7372496128082275
3498125056.0,-0.719516396522522
3499062528.0,-0.7023824453353882
3500000000.0,-0.6863483190536499
3500937472.0,-0.671674370765686
3501874944.0,-0.6565313935279846
3502812416.0,-0.6421474814414978
3503749888.0,-0.6292598247528076
3504687616.0,-0.6166672110557556
3505625088.0,-0.603397786617279
3506562560.0,-0.5915749073028564
3507500032.0,-0.5786723494529724
3508437504.0,-0.5664582252502441
3509374976.0,-0.5545628070831299
3510312448.0,-0.5412760972976685
3511249920.0,-0.5290374755859375
3512187392.0,-0.5170376300811768
3513125120.0,-0.5036624670028687
3514062592.0,-0.48964279890060425
3515000064.0,-0.47494378685951233
3515937536.0,-0.4592178463935852
3516875008.0,-0.4428184926509857
3517812480.0,-0.4255625903606415
3518749952.0,-0.4083811342716217
3519687424.0,-0.3905973732471466
3520624896.0,-0.37419041991233826
3521562624.0,-0.35601603984832764
3522500096.0,-0.3380091190338135
3523437568.0,-0.3199828267097473
3524375040.0,-0.3012697994709015
3525312512.0,-0.2833079695701599
3526249984.0,-0.26518428325653076
3527187456.0,-0.24734655022621155
3528124928.0,-0.22786909341812134
3529062400.0,-0.21035951375961304
3529999872.0,-0.1938173472881317
3530937600.0,-0.17859260737895966
3531875072.0,-0.16658644378185272
3532812544.0,-0.15568287670612335
3533750016.0,-0.14741607010364532
3534687488.0,-0.13884632289409637
3535624960.0,-0.13416558504104614
3536562432.0,-0.130548894405365
3537499904.0,-0.1282775104045868
3538437376.0,-0.12775054574012756
3539375104.0,-0.12815304100513458
3540312576.0,-0.13034754991531372
3541250048.0,-0.13432277739048004
3542187520.0,-0.1394410878419876
3543124992.0,-0.14532683789730072
3544062464.0,-0.15244264900684357
3544999936.0,-0.16098658740520477
3545937408.0,-0.16991117596626282
3546874880.0,-0.18099220097064972
3547812608.0,-0.2098836451768875
3548750080.0,-0.20019306242465973
3549687552.0,-0.1897338330745697
3550625024.0,-0.18142008781433105
3551562496.0,-0.17279325425624847
3552499968.0,-0.1660606414079666
3553437440.0,-0.15809853374958038
3554374912.0,-0.1527872234582901
3555312384.0,-0.146527960896492
3556250112.0,-0.141902357339859
3557187584.0,-0.13788746297359467
3558125056.0,-0.13329479098320007
3559062528.0,-0.13007046282291412
3560000000.0,-0.12584662437438965
3560937472.0,-0.12160888314247131
3561874944.0,-0.11733607202768326
3562812416.0,-0.11456138640642166
3563749888.0,-0.11122690141201019
3564687616.0,-0.10572922974824905
3565625088.0,-0.10383649170398712
3566562560.0,-0.09984728693962097
3567500032.0,-0.09661071747541428
3568437504.0,-0.09447665512561798
3569374976.0,-0.09122689813375473
3570312448.0,-0.0890134945511818
3571249920.0,-0.08639485388994217
3572187392.0,-0.08311384916305542
3573125120.0,-0.08096053451299667
3574062592.0,-0.07644546031951904
3575000064.0,-0.0732763335108757
3575937536.0,-0.06863651424646378
3576875008.0,-0.06437209993600845
3577812480.0,-0.06051770970225334
3578749952.0,-0.056869544088840485
3579687424.0,-0.052832670509815216
3580624896.0,-0.048712313175201416
3581562624.0,-0.04579366371035576
3582500096.0,-0.0422174334526062
3583437568.0,-0.03885709121823311
3584375040.0,-0.0366659015417099
3585312512.0,-0.036280520260334015
3586249984.0,-0.03471188247203827
3587187456.0,-0.03351107984781265
3588124928.0,-0.03343389183282852
3589062400.0,-0.032956965267658234
3590000128.0,-0.03299544379115105
3590937600.0,-0.03391377255320549
3591875072.0,-0.03500073403120041
3592812544.0,-0.03741657733917236
3593750016.0,-0.0392657108604908
3594687488.0,-0.0416221059858799
3595624960.0,-0.04480768367648125
3596562432.0,-0.04833517596125603
3597499904.0,-0.05157451331615448
3598437376.0,-0.05542800575494766
3599375104.0,-0.05921612307429314
3600312576.0,-0.06295586377382278
3601250048.0,-0.06669759750366211
3602187520.0,-0.06975124776363373
3603124992.0,-0.0736779198050499
3604062464.0,-0.07677079737186432
3604999936.0,-0.07914994657039642
3605937408.0,-0.08202452957630157
3606874880.0,-0.08418839424848557
3607812608.0,-0.08969239890575409
3608750080.0,-0.08762571215629578
3609687552.0,-0.08803243190050125
3610625024.0,-0.08715202659368515
3611562496.0,-0.08720280975103378
3612499968.0,-0.08617424964904785
3613437440.0,-0.08692384511232376
3614374912.0,-0.0878504291176796
3615312384.0,-0.08912786096334457
3616250112.0,-0.09118090569972992
3617187584.0,-0.09286727011203766
3618125056.0,-0.09483464807271957
3619062528.0,-0.09628703445196152
3620000000.0,-0.09805505722761154
3620937472.0,-0.09941790252923965
3621874944.0,-0.10094916075468063
3622812416.0,-0.10134108364582062
3623749888.0,-0.10352343320846558
3624687616.0,-0.10456924885511398
3625625088.0,-0.10629075765609741
3626562560.0,-0.10757024586200714
3627500032.0,-0.10976194590330124
3628437504.0,-0.11130081117153168
3629374976.0,-0.11163998395204544
3630312448.0,-0.11088794469833374
3631249920.0,-0.10931806266307831
3632187392.0,-0.10792842507362366
3633125120.0,-0.1055450290441513
3634062592.0,-0.10364478081464767
3635000064.0,-0.09931774437427521
3635937536.0,-0.0949772447347641
3636875008.0,-0.09047044813632965
3637812480.0,-0.08511626720428467
3638749952.0,-0.07907740771770477
3639687424.0,-0.07187849283218384
3640624896.0,-0.06423524767160416
3641562624.0,-0.05683004856109619
3642500096.0,-0.049045268446207047
3643437568.0,-0.04056142643094063
3644375040.0,-0.03191373497247696
3645312512.0,-0.023419685661792755
3646249984.0,-0.015049891546368599
3647187456.0,-0.006880376022309065
3648124928.0,0.0007011669222265482
3649062400.0,0.008119598031044006
3649999872.0,0.015407022088766098
3650937600.0,0.021919822320342064
3651875072.0,0.028688879683613777
3652812544.0,0.03323421627283096
3653750016.0,0.03857792168855667
3654687488.0,0.0412481315433979
3655624960.0,0.044949308037757874
3656562432.0,0.046927560120821
3657499904.0,0.04913957789540291
3658437376.0,0.05036521703004837
3659375104.0,0.051541030406951904
3660312576.0,0.052055299282073975
3661250048.0,0.050826746970415115
3662187520.0,0.049630243331193924
3663124992.0,0.04624221473932266
3664062464.0,0.042497631162405014
3664999936.0,0.03713037446141243
3665937408.0,0.031232833862304688
3666874880.0,0.024606121703982353
3667812608.0,0.01606818102300167
3668750080.0,0.010149366222321987
3669687552.0,0.004416296724230051
3670625024.0,-0.0010214876383543015
3671562496.0,-0.0055714682675898075
3672499968.0,-0.009450395591557026
3673437440.0,-0.01246468536555767
3674374912.0,-0.015162422321736813
3675312384.0,-0.016590449959039688
3676250112.0,-0.017193401232361794
3677187584.0,-0.018194084987044334
3678125056.0,-0.01837783493101597
3679062528.0,-0.017768660560250282
3680000000.0,-0.017663998529314995
3680937472.0,-0.016307221725583076
3681874944.0,-0.014899914152920246
3682812416.0,-0.013950414024293423
3683749888.0,-0.011604951694607735
3684687616.0,-0.009793444536626339
3685625088.0,-0.006283977534621954
3686562560.0,-0.004394738934934139
3687500032.0,-0.0018708071438595653
3688437504.0,0.0019252331694588065
3689374976.0,0.0045738741755485535
3690312448.0,0.007302825339138508
3691249920.0,0.009745625779032707
3692187392.0,0.012304617092013359
3693125120.0,0.015068651176989079
3694062592.0,0.017653819173574448
3695000064.0,0.01954798772931099
3695937536.0,0.02145799994468689
3696875008.0,0.02391425147652626
3697812480.0,0.025772565975785255
3698749952.0,0.027724534273147583
3699687424.0,0.028585724532604218
3700624896.0,0.028741762042045593
3701562624.0,0.028860555961728096
3702500096.0,0.028553368523716927
3703437568.0,0.027074208483099937
3704375040.0,0.024671493098139763
3705312512.0,0.02036667801439762
3706249984.0,0.015556859783828259
3707187456.0,0.009199547581374645
3708124928.0,0.0012203105725347996
3709062400.0,-0.00742170587182045
3710000128.0,-0.018004169687628746
3710937600.0,-0.029527803882956505
3711875072.0,-0.04324284568428993
3712812544.0,-0.05723726376891136
3713750016.0,-0.07330115139484406
3714687488.0,-0.09034862369298935
3715624960.0,-0.10938628762960434
3716562432.0,-0.12911565601825714
3717499904.0,-0.14803366363048553
3718437376.0,-0.16865913569927216
3719375104.0,-0.18809816241264343
3720312576.0,-0.21009062230587006
3721250048.0,-0.2308894395828247
3722187520.0,-0.25009092688560486
3723124992.0,-0.2694772481918335
3724062464.0,-0.28753235936164856
3724999936.0,-0.30417442321777344
3725937408.0,-0.31840571761131287
3726874880.0,-0.33127787709236145
3727812608.0,-0.015039066784083843
3728750080.0,-0.014128615148365498
3729687552.0,-0.013947099447250366
3730625024.0,-0.015731917694211006
3731562496.0,-0.016998104751110077
3732499968.0,-0.02046213671565056
3733437440.0,-0.022743280977010727
3734374912.0,-0.02635776810348034
3735312384.0,-0.029420102015137672
3736250112.0,-0.03156694024801254
3737187584.0,-0.03331753984093666
3738125056.0,-0.03506559133529663
3739062528.0,-0.0372299924492836
3740000000.0,-0.03632107749581337
3740937472.0,-0.03620455414056778
3741874944.0,-0.033911194652318954
3742812416.0,-0.032783228904008865
3743749888.0,-0.028715992346405983
3744687616.0,-0.02555602230131626
3745625088.0,-0.019642289727926254
3746562560.0,-0.013972878456115723
3747500032.0,-0.007366366684436798
3748437504.0,0.00031918095191940665
3749374976.0,0.007753490004688501
3750312448.0,0.016462072730064392
3751249920.0,0.02567320503294468
3752187392.0,0.035704728215932846
3753125120.0,0.046278320252895355
3754062592.0,0.05559968575835228
3755000064.0,0.0650770366191864
3755937536.0,0.07382424175739288
3756875008.0,0.08389782905578613
3757812480.0,0.09248058497905731
3758749952.0,0.10003701597452164
3759687424.0,0.10738272964954376
3760624896.0,0.11372832953929901
3761562624.0,0.11877775937318802
3762500096.0,0.1231970265507698
3763437568.0,0.12574772536754608
3764375040.0,0.12718448042869568
3765312512.0,0.12685085833072662
3766249984.0,0.12575866281986237
3767187456.0,0.12290067225694656
3768124928.0,0.1185399740934372
3769062400.0,0.11314854025840759
3769999872.0,0.10528117418289185
3770937600.0,0.09648115932941437
3771875072.0,0.08672448247671127
3772812544.0,0.07507942616939545
3773750016.0,0.06518184393644333
3774687488.0,0.05261728912591934
3775624960.0,0.04099079221487045
3776562432.0,0.029864151030778885
3777499904.0,0.017221854999661446
3778437376.0,0.004320015199482441
3779375104.0,-0.007455578539520502
3780312576.0,-0.020445721223950386
3781250048.0,-0.03178652003407478
3782187520.0,-0.043725211173295975
3783124992.0,-0.05346967652440071
3784062464.0,-0.06350923329591751
3784999936.0,-0.07278590649366379
3785937408.0,-0.0810818299651146
3786874880.0,-0.067754365503788
3787812608.0,-0.07066313922405243
3788750080.0,-0.0721120685338974
3789687552.0,-0.07563818246126175
3790625024.0,-0.07710906118154526
3791562496.0,-0.07968644052743912
3792499968.0,-0.08286360651254654
3793437440.0,-0.08510704338550568
3794374912.0,-0.08738594502210617
3795312384.0,-0.08791157603263855
3796250112.0,-0.08798982948064804
3797187584.0,-0.08766958862543106
3798125056.0,-0.08569403737783432
3799062528.0,-0.08327436447143555
3800000000.0,-0.07949549704790115
3800937472.0,-0.07438099384307861
3801874944.0,-0.06815342605113983
3802812416.0,-0.06205283850431442
3803749888.0,-0.05526977404952049
3804687616.0,-0.04640340059995651
3805625088.0,-0.03809353709220886
3806562560.0,-0.02942553162574768
3807500032.0,-0.020265884697437286
3808437504.0,-0.011530935764312744
3809374976.0,-0.002743127755820751
3810312448.0,0.005766027607023716
3811249920.0,0.01342586800456047
3812187392.0,0.0216982401907444
3813125120.0,0.02877788245677948
3814062592.0,0.03478706628084183
3815000064.0,0.041165709495544434
3815937536.0,0.04607401788234711
3816875008.0,0.05061091110110283
3817812480.0,0.05538911372423172
3818749952.0,0.0574272945523262
3819687424.0,0.05988432094454765
3820624896.0,0.061223942786455154
3821562624.0,0.06099763885140419
3822500096.0,0.0601390041410923
3823437568.0,0.05851098895072937
3824375040.0,0.05660807341337204
3825312512.0,0.05308951437473297
3826249984.0,0.049005698412656784
3827187456.0,0.044575974345207214
3828124928.0,0.04109955206513405
3829062400.0,0.035294294357299805
3830000128.0,0.029911663383245468
3830937600.0,0.02488098107278347
3831875072.0,0.018882064148783684
3832812544.0,0.013236102648079395
3833750016.0,0.006965517997741699
3834687488.0,0.0006788907339796424
3835624960.0,-0.0058212378062307835
3836562432.0,-0.013099358417093754
3837499904.0,-0.017808597534894943
3838437376.0,-0.02322067692875862
3839375104.0,-0.029129819944500923
3840312576.0,-0.03391258791089058
3841250048.0,-0.03725089877843857
3842187520.0,-0.04270532727241516
3843124992.0,-0.0459650382399559
3844062464.0,-0.05033399164676666
3844999936.0,-0.05478576198220253
3845937408.0,-0.05773907154798508
3846874880.0,-0.055137500166893005
3847812608.0,-0.058229077607393265
3848750080.0,-0.060794442892074585
3849687552.0,-0.06239525228738785
3850625024.0,-0.06347063183784485
3851562496.0,-0.06495219469070435
3852499968.0,-0.0669436976313591
3853437440.0,-0.06705799698829651
3854374912.0,-0.06743365526199341
3855312384.0,-0.06818802654743195
3856250112.0,-0.06844796240329742
3857187584.0,-0.06867966800928116
3858125056.0,-0.06677191704511642
3859062528.0,-0.0653541088104248
3860000000.0,-0.06289106607437134
3860937472.0,-0.06050407141447067
3861874944.0,-0.05727415531873703
3862812416.0,-0.05453168973326683
3863749888.0,-0.05196899548172951
3864687616.0,-0.04998233914375305
3865625088.0,-0.050396356731653214
3866562560.0,-0.051837414503097534
3867500032.0,-0.05515413358807564
3868437504.0,-0.06090090796351433
3869374976.0,-0.0680617019534111
3870312448.0,-0.07678461819887161
3871249920.0,-0.08621367067098618
3872187392.0,-0.09593543410301208
3873125120.0,-0.10728982836008072
3874062592.0,-0.11864596605300903
3875000064.0,-0.12956154346466064
3875937536.0,-0.14008131623268127
3876875008.0,-0.14919306337833405
3877812480.0,-0.15758231282234192
3878749952.0,-0.16338998079299927
3879687424.0,-0.16735073924064636
3880624896.0,-0.17106203734874725
3881562624.0,-0.171418234705925
3882500096.0,-0.16922912001609802
3883437568.0,-0.16587184369564056
3884375040.0,-0.15937484800815582
3885312512.0,-0.15268272161483765
3886249984.0,-0.14375555515289307
3887187456.0,-0.1328042596578598
3888124928.0,-0.1217896118760109
3889062400.0,-0.10859759896993637
3889999872.0,-0.09712749719619751
3890937600.0,-0.08467387408018112
3891875072.0,-0.07205820083618164
3892812544.0,-0.06092578545212746
3893750016.0,-0.04979917034506798
3894687488.0,-0.040453750640153885
3895624960.0,-0.03232085704803467
3896562432.0,-0.023752503097057343
3897499904.0,-0.0168449729681015
3898437376.0,-0.011322049424052238
3899375104.0,-0.007506005931645632
3900312576.0,-0.0047501567751169205
3901250048.0,-0.002785762771964073
3902187520.0,-0.0017059395322576165
3903124992.0,-0.0004989778390154243
3904062464.0,-0.00024702970404177904
3904999936.0,0.0005060175899416208
3905937408.0,0.0011135824024677277
3906874880.0,-0.010764009319245815
3907812608.0,-0.019761495292186737
3908750080.0,-0.026188697665929794
3909687552.0,-0.0319184772670269
3910625024.0,-0.03656841814517975
3911562496.0,-0.03645177185535431
3912499968.0,-0.037253137677907944
3913437440.0,-0.035512231290340424
3914374912.0,-0.03158854320645332
3915312384.0,-0.02705744281411171
3916250112.0,-0.020794257521629333
3917187584.0,-0.01329102274030447
3918125056.0,-0.004095245152711868
3919062528.0,0.0047735669650137424
3920000000.0,0.015691621229052544
3920937472.0,0.02594001032412052
3921874944.0,0.03636406362056732
3922812416.0,0.046936213970184326
3923749888.0,0.05747399851679802
3924687616.0,0.06686939299106598
3925625088.0,0.07570969313383102
3926562560.0,0.08311917632818222
3927500032.0,0.08941635489463806
3928437504.0,0.09511331468820572
3929374976.0,0.09967540204524994
3930312448.0,0.1024957224726677
3931249920.0,0.10390045493841171
3932187392.0,0.10435370355844498
3933125120.0,0.10280537605285645
3934062592.0,0.09957272559404373
3935000064.0,0.09401853382587433
3935937536.0,0.08859182149171829
3936875008.0,0.08004921674728394
3937812480.0,0.07226106524467468
3938749952.0,0.06391327828168869
3939687424.0,0.053468938916921616
3940624896.0,0.042744044214487076
3941562624.0,0.030805367976427078
3942500096.0,0.018048269674181938
3943437568.0,0.005687468219548464
3944375040.0,-0.0073826368898153305
3945312512.0,-0.01973557285964489
3946249984.0,-0.03313731774687767
3947187456.0,-0.044547583907842636
3948124928.0,-0.056648679077625275
3949062400.0,-0.06913156807422638
3950000128.0,-0.08074717968702316
3950937600.0,-0.09127024561166763
3951875072.0,-0.10180086642503738
3952812544.0,-0.1102614551782608
3953750016.0,-0.11879602074623108
3954687488.0,-0.1270468384027481
3955624960.0,-0.13442210853099823
3956562432.0,-0.14095373451709747
3957499904.0,-0.14675486087799072
3958437376.0,-0.1539745330810547
3959375104.0,-0.1587916761636734
3960312576.0,-0.16443297266960144
3961250048.0,-0.16879892349243164
3962187520.0,-0.1736641824245453
3963124992.0,-0.17854906618595123
3964062464.0,-0.1834549605846405
3964999936.0,-0.18677018582820892
3965937408.0,-0.1906374990940094
3966874880.0,-0.08271414786577225
3967812608.0,-0.08844567835330963
3968750080.0,-0.09321780502796173
3969687552.0,-0.0973961353302002
3970625024.0,-0.10099286586046219
3971562496.0,-0.10414798557758331
3972499968.0,-0.10676006227731705
3973437440.0,-0.10883395373821259
3974374912.0,-0.10925668478012085
3975312384.0,-0.1101810559630394
3976250112.0,-0.10938403755426407
3977187584.0,-0.108530692756176
3978125056.0,-0.10528960078954697
3979062528.0,-0.10242186486721039
3980000000.0,-0.09877308458089828
3980937472.0,-0.09361357986927032
3981874944.0,-0.08884266018867493
3982812416.0,-0.08327800035476685
3983749888.0,-0.07784944027662277
3984687616.0,-0.07183040678501129
3985625088.0,-0.06618870794773102
3986562560.0,-0.06103840842843056
3987500032.0,-0.0552326925098896
3988437504.0,-0.049716122448444366
3989374976.0,-0.04427246376872063
3990312448.0,-0.04001809284090996
3991249920.0,-0.03571399301290512
3992187392.0,-0.03102911077439785
3993125120.0,-0.027934296056628227
3994062592.0,-0.02492925152182579
3995000064.0,-0.02285982482135296
3995937536.0,-0.022180100902915
3996875008.0,-0.02108304761350155
3997812480.0,-0.021931882947683334
3998749952.0,-0.023659197613596916
3999687424.0,-0.02347780577838421
4000624896.0,-0.018064413219690323
4001562624.0,-0.022017106413841248
4002500096.0,-0.027833271771669388
4003437568.0,-0.03393595293164253
4004375040.0,-0.04115375876426697
4005312512.0,-0.04867665469646454
4006249984.0,-0.05590299889445305
4007187456.0,-0.06459405273199081
4008124928.0,-0.07201990485191345
4009062400.0,-0.08042914420366287
4009999872.0,-0.08838073909282684
4010937600.0,-0.09706161916255951
4011875072.0,-0.10531718283891678
4012812544.0,-0.11329999566078186
4013750016.0,-0.12180450558662415
4014687488.0,-0.12907342612743378
4015624960.0,-0.1377936601638794
4016562432.0,-0.14467838406562805
4017499904.0,-0.15211696922779083
4018437376.0,-0.15988558530807495
4019375104.0,-0.16636741161346436
4020312576.0,-0.17261537909507751
4021250048.0,-0.17887789011001587
4022187520.0,-0.18397189676761627
4023124992.0,-0.18846270442008972
4024062464.0,-0.1929621398448944
4024999936.0,-0.19780708849430084
4025937408.0,-0.20101787149906158
4026874880.0,-0.19186997413635254
4027812608.0,-0.19346171617507935
4028750080.0,-0.19651122391223907
4029687552.0,-0.19729509949684143
4030625024.0,-0.19974835216999054
4031562496.0,-0.20081493258476257
4032499968.0,-0.20164300501346588
4033437440.0,-0.20276692509651184
4034374912.0,-0.2039354145526886
4035312384.0,-0.2038247138261795
4036250112.0,-0.2029019147157669
4037187584.0,-0.20223335921764374
4038125056.0,-0.20079869031906128
4039062528.0,-0.20039750635623932
4040000000.0,-0.1978069394826889
4040937472.0,-0.19653671979904175
4041874944.0,-0.19454482197761536
4042812416.0,-0.19226513803005219
4043749888.0,-0.18817755579948425
4044687616.0,-0.18459635972976685
4045625088.0,-0.1790049523115158
4046562560.0,-0.17265670001506805
4047500032.0,-0.16592635214328766
4048437504.0,-0.1589372456073761
4049374976.0,-0.14965444803237915
4050312448.0,-0.13983897864818573
4051249920.0,-0.1291249692440033
4052187392.0,-0.11672911047935486
4053125120.0,-0.10692782700061798
4054062592.0,-0.09483016282320023
4055000064.0,-0.08278724551200867
4055937536.0,-0.07074596732854843
4056875008.0,-0.05928294360637665
4057812480.0,-0.047614388167858124
4058749952.0,-0.035643480718135834
4059687424.0,-0.023622076958417892
4060624896.0,-0.013054591603577137
4061562624.0,-0.0026872712187469006
4062500096.0,0.006011782214045525
4063437568.0,0.014683493413031101
4064375040.0,0.023073406890034676
4065312512.0,0.029854461550712585
4066249984.0,0.035176921635866165
4067187456.0,0.03964516147971153
4068124928.0,0.04383577033877373
4069062400.0,0.04639984294772148
4070000128.0,0.04696376621723175
4070937600.0,0.046148501336574554
4071875072.0,0.04495643451809883
4072812544.0,0.04198690131306648
4073750016.0,0.03747782111167908
4074687488.0,0.03386790677905083
4075624960.0,0.027940301224589348
4076562432.0,0.020425934344530106
4077499904.0,0.013638797216117382
4078437376.0,0.006559266708791256
4079375104.0,-0.0032982141710817814
4080312576.0,-0.012388786301016808
4081250048.0,-0.022690685465931892
4082187520.0,-0.032695382833480835
4083124992.0,-0.04325888305902481
4084062464.0,-0.05321463942527771
4084999936.0,-0.06380152702331543
4085937408.0,-0.07270445674657822
4086874880.0,-0.09694211930036545
4087812608.0,-0.1019962728023529
4088750080.0,-0.10723969340324402
4089687552.0,-0.11078599095344543
4090625024.0,-0.11458267271518707
4091562496.0,-0.11667996644973755
4092499968.0,-0.11920218914747238
4093437440.0,-0.12176292389631271
4094374912.0,-0.12316034734249115
4095312384.0,-0.12451966851949692
4096250112.0,-0.12543264031410217
4097187584.0,-0.12734754383563995
4098125056.0,-0.1274614781141281
4099062528.0,-0.12889061868190765
4100000000.0,-0.1296602338552475
4100937472.0,-0.1311538964509964
4101874944.0,-0.1319790631532669
4102812416.0,-0.13304659724235535
4103749888.0,-0.13486480712890625
4104687616.0,-0.13524191081523895
4105625088.0,-0.13645274937152863
4106562560.0,-0.1367039829492569
4107500032.0,-0.1365400105714798
4108437504.0,-0.1372755765914917
4109374976.0,-0.13789190351963043
4110312448.0,-0.1373661756515503
4111249920.0,-0.13784119486808777
4112187392.0,-0.1378936618566513
4113125120.0,-0.13656088709831238
4114062592.0,-0.13644079864025116
4115000064.0,-0.13503091037273407
4115937536.0,-0.13248592615127563
4116875008.0,-0.13048765063285828
4117812480.0,-0.12791754305362701
4118749952.0,-0.12570038437843323
4119687424.0,-0.12265066057443619
4120624896.0,-0.11921685934066772
4121562624.0,-0.1153062954545021
4122500096.0,-0.11033075302839279
4123437568.0,-0.10680606216192245
4124375040.0,-0.10084383934736252
4125312512.0,-0.09770888090133667
4126249984.0,-0.09391351789236069
4127187456.0,-0.09032753854990005
4128124928.0,-0.08734002709388733
4129062400.0,-0.08345560729503632
4129999872.0,-0.07993942499160767
4130937600.0,-0.0759950801730156
4131875072.0,-0.07272160053253174
4132812544.0,-0.06880127638578415
4133750016.0,-0.06545378267765045
4134687488.0,-0.06260275095701218
4135624960.0,-0.06016960367560387
4136562432.0,-0.05859025940299034
4137499904.0,-0.05673739314079285
4138437376.0,-0.05512402579188347
4139375104.0,-0.05375809222459793
4140312576.0,-0.05291881039738655
4141250048.0,-0.05106859281659126
4142187520.0,-0.050487782806158066
4143124992.0,-0.04985367879271507
4144062464.0,-0.049250729382038116
4144999936.0,-0.048007313162088394
4145937408.0,-0.04695931449532509
4146874880.0,-0.08890818059444427
4147812608.0,-0.09242624789476395
4148750080.0,-0.0942324697971344
4149687552.0,-0.09533089399337769
4150625024.0,-0.09599742293357849
4151562496.0,-0.09424415230751038
4152499968.0,-0.09290283918380737
4153437440.0,-0.09098432958126068
4154374912.0,-0.08739636838436127
4155312384.0,-0.0842973068356514
4156250112.0,-0.08052244782447815
4157187584.0,-0.07577043771743774
4158125056.0,-0.07094712555408478
4159062528.0,-0.06525061279535294
4160000000.0,-0.06024138256907463
4160937472.0,-0.05478569492697716
4161874944.0,-0.049671802669763565
4162812416.0,-0.04470149055123329
4163749888.0,-0.040028542280197144
4164687616.0,-0.03592447564005852
4165625088.0,-0.032989632338285446
4166562560.0,-0.030929993838071823
4167500032.0,-0.028974637389183044
4168437504.0,-0.027805451303720474
4169374976.0,-0.027926424518227577
4170312448.0,-0.02873043343424797
4171249920.0,-0.029319114983081818
4172187392.0,-0.031240029260516167
4173125120.0,-0.03305565565824509
4174062592.0,-0.03552659600973129
4175000064.0,-0.03820137307047844
4175937536.0,-0.042067404836416245
4176875008.0,-0.04601484537124634
4177812480.0,-0.05064944550395012
4178749952.0,-0.05505726486444473
4179687424.0,-0.061283014714717865
4180624896.0,-0.06576202809810638
4181562624.0,-0.07074809074401855
4182500096.0,-0.07638370990753174
4183437568.0,-0.08022414892911911
4184375040.0,-0.08544173836708069
4185312512.0,-0.08879425376653671
4186249984.0,-0.0929659903049469
4187187456.0,-0.09646539390087128
4188124928.0,-0.1002490371465683
4189062400.0,-0.10398421436548233
4190000128.0,-0.1072404682636261
4190937600.0,-0.11167751997709274
4191875072.0,-0.11449355632066727
4192812544.0,-0.1177506372332573
4193750016.0,-0.12133470922708511
4194687488.0,-0.12478987872600555
4195624960.0,-0.12783852219581604
4196562432.0,-0.1311444640159607
4197499904.0,-0.13452553749084473
4198437376.0,-0.1390087902545929
4199375104.0,-0.14347733557224274
4200312576.0,-0.14937108755111694
4201250048.0,-0.15524323284626007
4202187520.0,-0.16138210892677307
4203124992.0,-0.16629251837730408
4204062464.0,-0.17203949391841888
4204999936.0,-0.1761074811220169
4205937408.0,-0.18046946823596954
4206874880.0,-0.17074142396450043
4207812608.0,-0.17583651840686798
4208750080.0,-0.1808917373418808
4209687552.0,-0.18512175977230072
4210625024.0,-0.1897047460079193
4211562496.0,-0.19257640838623047
4212499968.0,-0.1958487331867218
4213437440.0,-0.1960957646369934
4214374912.0,-0.19731061160564423
4215312384.0,-0.19664651155471802
4216250112.0,-0.19438183307647705
4217187584.0,-0.1904323548078537
4218125056.0,-0.18506726622581482
4219062528.0,-0.17849168181419373
4220000000.0,-0.17005795240402222
4220937472.0,-0.16129373013973236
4221874944.0,-0.1496361941099167
4222812416.0,-0.1385766863822937
4223749888.0,-0.12525303661823273
4224687616.0,-0.11256437748670578
4225625088.0,-0.0980047956109047
4226562560.0,-0.0826224833726883
4227500032.0,-0.06697264313697815
4228437504.0,-0.050216931849718094
4229374976.0,-0.03362129256129265
4230312448.0,-0.016358496621251106
4231249920.0,0.00013181185931898654
4232187392.0,0.015631215646862984
4233125120.0,0.031172825023531914
4234062592.0,0.04618728160858154
4235000064.0,0.06138572096824646
4235937536.0,0.0758981704711914
4236875008.0,0.08969718962907791
4237812480.0,0.10144954174757004
4238749952.0,0.11306143552064896
4239687424.0,0.12165895104408264
4240624896.0,0.13054370880126953
4241562624.0,0.13632117211818695
4242500096.0,0.14150875806808472
4243437568.0,0.14539682865142822
4244375040.0,0.14741748571395874
4245312512.0,0.1472111940383911
4246249984.0,0.1457812488079071
4247187456.0,0.142752543091774
4248124928.0,0.13884177803993225
4249062400.0,0.13137976825237274
4249999872.0,0.12352708727121353
4250937600.0,0.11352803558111191
4251875072.0,0.10207889974117279
4252812544.0,0.08834678679704666
4253750016.0,0.07376157492399216
4254687488.0,0.057115163654088974
4255624960.0,0.03942739963531494
4256562432.0,0.02086411789059639
4257499904.0,0.0018174046417698264
4258437376.0,-0.018020011484622955
4259375104.0,-0.0392584428191185
4260312576.0,-0.0609978623688221
4261250048.0,-0.0818926990032196
4262187520.0,-0.10341010987758636
4263124992.0,-0.12626776099205017
4264062464.0,-0.14705803990364075
4264999936.0,-0.16951607167720795
4265937408.0,-0.18998001515865326
4266874880.0,-0.19880570471286774
4267812608.0,-0.20603200793266296
4268750080.0,-0.21470493078231812
4269687552.0,-0.22115500271320343
4270625024.0,-0.22818875312805176
4271562496.0,-0.23425564169883728
4272499968.0,-0.2381352186203003
4273437440.0,-0.2416262924671173
4274374912.0,-0.2434966266155243
4275312384.0,-0.24345876276493073
4276250112.0,-0.24324318766593933
4277187584.0,-0.23955275118350983
4278125056.0,-0.23422402143478394
4279062528.0,-0.2271617203950882
4280000000.0,-0.2162727564573288
4280937472.0,-0.2041449397802353
4281874944.0,-0.189203143119812
4282812416.0,-0.17301638424396515
4283749888.0,-0.1569330096244812
4284687616.0,-0.1387864202260971
4285625088.0,-0.12024937570095062
4286562560.0,-0.0981733649969101
4287500032.0,-0.07649502158164978
4288437504.0,-0.05410163104534149
4289374976.0,-0.030219165608286858
4290312448.0,-0.006070038769394159
4291249920.0,0.016205336898565292
4292187392.0,0.039739761501550674
4293125120.0,0.061386335641145706
4294062592.0,0.08269250392913818
4295000064.0,0.10193023830652237
4295937536.0,0.12151972949504852
4296875008.0,0.13749097287654877
4297812480.0,0.15243880450725555
4298749952.0,0.16555346548557281
4299687424.0,0.1755351424217224
4300624896.0,0.18347357213497162
4301562368.0,0.18914742767810822
4302499840.0,0.19165489077568054
4303437312.0,0.19246847927570343
4304374784.0,0.18914788961410522
4305312256.0,0.1840679943561554
4306250240.0,0.1769043505191803
4307187712.0,0.16665445268154144
4308125184.0,0.15546292066574097
4309062656.0,0.14178743958473206
4310000128.0,0.12679627537727356
4310937600.0,0.11067523062229156
4311875072.0,0.09312766790390015
4312812544.0,0.07399696856737137
4313750016.0,0.05496111884713173
4314687488.0,0.03523896262049675
4315624960.0,0.014468065463006496
4316562432.0,-0.005402348469942808
4317499904.0,-0.02554815448820591
4318437376.0,-0.04614044725894928
4319374848.0,-0.06648778915405273
4320312320.0,-0.08420940488576889
4321249792.0,-0.10362386703491211
4322187264.0,-0.11965315788984299
4323125248.0,-0.1355282962322235
4324062720.0,-0.14977331459522247
4325000192.0,-0.16361111402511597
4325937664.0,-0.17464932799339294
4326875136.0,-0.22928442060947418
4327812608.0,-0.22789157927036285
4328750080.0,-0.22449353337287903
4329687552.0,-0.2202523946762085
4330625024.0,-0.21353274583816528
4331562496.0,-0.20667403936386108
4332499968.0,-0.19931812584400177
4333437440.0,-0.1898343563079834
4334374912.0,-0.18070724606513977
4335312384.0,-0.17124825716018677
4336249856.0,-0.16125790774822235
4337187328.0,-0.1504170298576355
4338124800.0,-0.14153240621089935
4339062272.0,-0.13290196657180786
4339999744.0,-0.1247803196310997
4340937728.0,-0.11593569815158844
4341875200.0,-0.11015061289072037
4342812672.0,-0.1029319167137146
4343750144.0,-0.09814921021461487
4344687616.0,-0.09264468401670456
4345625088.0,-0.08837737143039703
4346562560.0,-0.08387090265750885
4347500032.0,-0.08099902421236038
4348437504.0,-0.07908078283071518
4349374976.0,-0.07806278765201569
4350312448.0,-0.07730398327112198
4351249920.0,-0.07709731161594391
4352187392.0,-0.07756290584802628
4353124864.0,-0.0791265219449997
4354062336.0,-0.0795833021402359
4354999808.0,-0.08211079239845276
4355937280.0,-0.08321809768676758
4356874752.0,-0.08585254102945328
4357812736.0,-0.08937019854784012
4358750208.0,-0.09172023087739944
4359687680.0,-0.09403038024902344
4360625152.0,-0.09677868336439133
4361562624.0,-0.10139039158821106
4362500096.0,-0.1053747609257698
4363437568.0,-0.1087411642074585
4364375040.0,-0.11293860524892807
4365312512.0,-0.11630132794380188
4366249984.0,-0.1199425682425499
4367187456.0,-0.1228354349732399
4368124928.0,-0.12766841053962708
4369062400.0,-0.13178077340126038
4369999872.0,-0.13648459315299988
4370937344.0,-0.14044399559497833
4371874816.0,-0.14546515047550201
4372812288.0,-0.14949049055576324
4373749760.0,-0.15372204780578613
4374687744.0,-0.15754300355911255
4375625216.0,-0.1634986400604248
4376562688.0,-0.16898398101329803
4377500160.0,-0.17473791539669037
4378437632.0,-0.18179093301296234
4379375104.0,-0.1889999806880951
4380312576.0,-0.1974886655807495
4381250048.0,-0.206411674618721
4382187520.0,-0.21528145670890808
4383124992.0,-0.22398389875888824
4384062464.0,-0.23483894765377045
4384999936.0,-0.24307134747505188
4385937408.0,-0.25453293323516846
4386874880.0,-0.3220917284488678
4387812352.0,-0.3302939236164093
4388749824.0,-0.336416095495224
4389687296.0,-0.3412292003631592
4390624768.0,-0.3447575271129608
4391562752.0,-0.3454258441925049
4392500224.0,-0.3458556532859802
4393437696.0,-0.3435874879360199
4394375168.0,-0.3400745987892151
4395312640.0,-0.3351981043815613
4396250112.0,-0.3283452093601227
4397187584.0,-0.32054492831230164
4398125056.0,-0.3100762665271759
4399062528.0,-0.29806840419769287
4400000000.0,-0.2840195298194885
4400937472.0,-0.26950469613075256
4401874944.0,-0.2535627484321594
4402812416.0,-0.23667456209659576
4403749888.0,-0.21890948712825775
4404687360.0,-0.20046761631965637
4405624832.0,-0.18094617128372192
4406562304.0,-0.16120003163814545
4407499776.0,-0.1445257067680359
4408437248.0,-0.12571293115615845
4409375232.0,-0.10916128754615784
4410312704.0,-0.09484738111495972
4411250176.0,-0.07898063212633133
4412187648.0,-0.06694375723600388
4413125120.0,-0.05595943331718445
4414062592.0,-0.04613758996129036
4415000064.0,-0.039041779935359955
4415937536.0,-0.03336649015545845
4416875008.0,-0.029847262427210808
4417812480.0,-0.028557032346725464
4418749952.0,-0.03075624443590641
4419687424.0,-0.0336279571056366
4420624896.0,-0.03966562822461128
4421562368.0,-0.0483548529446125
4422499840.0,-0.05924716591835022
4423437312.0,-0.07132889330387115
4424374784.0,-0.08644876629114151
4425312256.0,-0.1018553078174591
4426250240.0,-0.11928008496761322
4427187712.0,-0.13731800019741058
4428125184.0,-0.15689948201179504
4429062656.0,-0.17709605395793915
4430000128.0,-0.1992693692445755
4430937600.0,-0.2216023951768875
4431875072.0,-0.24364566802978516
4432812544.0,-0.26722174882888794
4433750016.0,-0.290496289730072
4434687488.0,-0.31355538964271545
4435624960.0,-0.3377268314361572
4436562432.0,-0.3602927625179291
4437499904.0,-0.38232728838920593
4438437376.0,-0.4031754434108734
4439374848.0,-0.4237823486328125
4440312320.0,-0.44329315423965454
4441249792.0,-0.4609846770763397
4442187264.0,-0.47603943943977356
4443125248.0,-0.4907023310661316
4444062720.0,-0.5021237134933472
4445000192.0,-0.5101197361946106
4445937664.0,-0.517899215221405
4446875136.0,-0.5281980037689209
4447812608.0,-0.534827709197998
4448750080.0,-0.5408535003662109
4449687552.0,-0.5439284443855286
4450625024.0,-0.5448879599571228
4451562496.0,-0.5441152453422546
4452499968.0,-0.540595293045044
4453437440.0,-0.5351778268814087
4454374912.0,-0.5274713635444641
4455312384.0,-0.5185883045196533
4456249856.0,-0.507161021232605
4457187328.0,-0.49364227056503296
4458124800.0,-0.47959810495376587
4459062272.0,-0.4647867977619171
4460000256.0,-0.447889506816864
4460937728.0,-0.4307793378829956
4461875200.0,-0.4140944480895996
4462812672.0,-0.39704230427742004
4463750144.0,-0.3796737790107727
4464687616.0,-0.36320385336875916
4465625088.0,-0.3478405475616455
4466562560.0,-0.33292222023010254
4467500032.0,-0.31967252492904663
4468437504.0,-0.30742359161376953
4469374976.0,-0.2955980896949768
4470312448.0,-0.2846936881542206
4471249920.0,-0.2762295603752136
4472187392.0,-0.26880189776420593
4473124864.0,-0.2620019316673279
4474062336.0,-0.25722694396972656
4474999808.0,-0.25344112515449524
4475937280.0,-0.25225627422332764
4476874752.0,-0.2531711757183075
4477812736.0,-0.25581875443458557
4478750208.0,-0.26065516471862793
4479687680.0,-0.2677382528781891
4480625152.0,-0.2770521938800812
4481562624.0,-0.28881195187568665
4482500096.0,-0.30225035548210144
4483437568.0,-0.31861478090286255
4484375040.0,-0.3371328115463257
4485312512.0,-0.35697290301322937
4486249984.0,-0.3805617094039917
4487187456.0,-0.40461981296539307
4488124928.0,-0.43279528617858887
4489062400.0,-0.46144381165504456
4489999872.0,-0.4914967715740204
4490937344.0,-0.5226179361343384
4491874816.0,-0.5534809231758118
4492812288.0,-0.5853520035743713
4493749760.0,-0.6178598403930664
4494687744.0,-0.6515503525733948
4495625216.0,-0.6839558482170105
4496562688.0,-0.7166246175765991
4497500160.0,-0.7481930255889893
4498437632.0,-0.7781385779380798
4499375104.0,-0.8075295090675354
4500312576.0,-0.8346026539802551
4501250048.0,-0.8615467548370361
4502187520.0,-0.884705126285553
4503124992.0,-0.9089527130126953
4504062464.0,-0.9305450320243835
4504999936.0,-0.9482182264328003
4505937408.0,-0.9650793075561523
4506874880.0,-0.9278281927108765
4507812352.0,-0.9392615556716919
4508749824.0,-0.94869065284729
4509687296.0,-0.955342173576355
4510624768.0,-0.9593457579612732
4511562752.0,-0.9616047739982605
4512500224.0,-0.9607967734336853
4513437696.0,-0.9586780667304993
4514375168.0,-0.9548536539077759
4515312640.0,-0.9496357440948486
4516250112.0,-0.9406469464302063
4517187584.0,-0.9316285252571106
4518125056.0,-0.9195199012756348
4519062528.0,-0.9063661694526672
4520000000.0,-0.8926680088043213
4520937472.0,-0.8761572241783142
4521874944.0,-0.8607429265975952
4522812416.0,-0.8439542651176453
4523749888.0,-0.8282601833343506
4524687360.0,-0.8135822415351868
4525624832.0,-0.8009050488471985
4526562304.0,-0.7904657125473022
4527499776.0,-0.780994176864624
4528437248.0,-0.7737667560577393
4529375232.0,-0.7668694853782654
4530312704.0,-0.7638676762580872
4531250176.0,-0.7618130445480347
4532187648.0,-0.7636784315109253
4533125120.0,-0.7675651907920837
4534062592.0,-0.7758000493049622
4535000064.0,-0.787072479724884
4535937536.0,-0.8019859790802002
4536875008.0,-0.8197788596153259
4537812480.0,-0.8427767753601074
4538749952.0,-0.8686678409576416
4539687424.0,-0.8974087238311768
4540624896.0,-0.9299497604370117
4541562368.0,-0.9649070501327515
4542499840.0,-1.0048915147781372
4543437312.0,-1.0480451583862305
4544374784.0,-1.0933305025100708
4545312256.0,-1.142402172088623
4546250240.0,-1.1919742822647095
4547187712.0,-1.2447772026062012
4548125184.0,-1.3006104230880737
4549062656.0,-1.361151099205017
4550000128.0,-1.42474365234375
4550937600.0,-1.4924360513687134
4551875072.0,-1.5607001781463623
4552812544.0,-1.6288366317749023
4553750016.0,-1.6984562873840332
4554687488.0,-1.769242286682129
4555624960.0,-1.8378052711486816
4556562432.0,-1.9076100587844849
4557499904.0,-1.9768919944763184
4558437376.0,-2.0446088314056396
4559374848.0,-2.111891269683838
4560312320.0,-2.180096387863159
4561249792.0,-2.2482051849365234
4562187264.0,-2.313725709915161
4563125248.0,-2.37581467628479
4564062720.0,-2.4374120235443115
4565000192.0,-2.4976999759674072
4565937664.0,-2.558891773223877
4566875136.0,-2.4281930923461914
4567812608.0,-2.4653940200805664
4568750080.0,-2.500650405883789
4569687552.0,-2.5339043140411377
4570625024.0,-2.564103364944458
4571562496.0,-2.5924413204193115
4572499968.0,-2.618220090866089
4573437440.0,-2.643980026245117
4574374912.0,-2.668910264968872
4575312384.0,-2.696864128112793
4576249856.0,-2.727332592010498
4577187328.0,-2.7593913078308105
4578124800.0,-2.7943460941314697
4579062272.0,-2.829322576522827
4579999744.0,-2.8643712997436523
4580937728.0,-2.8994300365448
4581875200.0,-2.934276580810547
4582812672.0,-2.9672484397888184
4583750144.0,-3.0006284713745117
4584687616.0,-3.0325114727020264
4585625088.0,-3.06536865234375
4586562560.0,-3.099322557449341
4587500032.0,-3.1357367038726807
4588437504.0,-3.1735382080078125
4589374976.0,-3.2119243144989014
4590312448.0,-3.2513720989227295
4591249920.0,-3.2905588150024414
4592187392.0,-3.331077814102173
4593124864.0,-3.3723907470703125
4594062336.0,-3.4158594608306885
4594999808.0,-3.4591214656829834
4595937280.0,-3.5038819313049316
4596874752.0,-3.5499699115753174
4597812736.0,-3.596264600753784
4598750208.0,-3.6445183753967285
4599687680.0,-3.6936819553375244
4600625152.0,-3.7469546794891357
4601562624.0,-3.8005685806274414
4602500096.0,-3.854438304901123
4603437568.0,-3.90781831741333
4604375040.0,-3.9583795070648193
4605312512.0,-4.005867004394531
4606249984.0,-4.0507354736328125
4607187456.0,-4.092945575714111
4608124928.0,-4.135662078857422
4609062400.0,-4.181430339813232
4609999872.0,-4.229336738586426
4610937344.0,-4.273587226867676
4611874816.0,-4.31619119644165
4612812288.0,-4.353451251983643
4613749760.0,-4.387665748596191
4614687744.0,-4.418715000152588
4615625216.0,-4.450521469116211
4616562688.0,-4.477052688598633
4617500160.0,-4.4990949630737305
4618437632.0,-4.515750885009766
4619375104.0,-4.523548603057861
4620312576.0,-4.526126384735107
4621250048.0,-4.526142120361328
4622187520.0,-4.522337436676025
4623124992.0,-4.516942977905273
4624062464.0,-4.504497051239014
4624999936.0,-4.490965366363525
4625937408.0,-4.472265243530273
4626874880.0,-4.626740455627441
4627812352.0,-4.5821332931518555
4628749824.0,-4.53005838394165
4629687296.0,-4.470650672912598
4630624768.0,-4.401501178741455
4631562752.0,-4.326783657073975
4632500224.0,-4.24564266204834
4633437696.0,-4.158344268798828
4634375168.0,-4.068016052246094
4635312640.0,-3.9739277362823486
4636250112.0,-3.876295804977417
4637187584.0,-3.774261236190796
4638125056.0,-3.6685938835144043
4639062528.0,-3.560232400894165
4640000000.0,-3.4497451782226562
4640937472.0,-3.336422920227051
4641874944.0,-3.2233810424804688
4642812416.0,-3.1104485988616943
4643749888.0,-2.9994099140167236
4644687360.0,-2.889888048171997
4645624832.0,-2.7843334674835205
4646562304.0,-2.6786608695983887
4647499776.0,-2.577216386795044
4648437248.0,-2.478902816772461
4649375232.0,-2.3829267024993896
4650312704.0,-2.2903285026550293
4651250176.0,-2.201136827468872
4652187648.0,-2.115846872329712
4653125120.0,-2.035231113433838
4654062592.0,-1.9588414430618286
4655000064.0,-1.8869340419769287
4655937536.0,-1.819793939590454
4656875008.0,-1.7559683322906494
4657812480.0,-1.6970590353012085
4658749952.0,-1.6419622898101807
4659687424.0,-1.5917837619781494
4660624896.0,-1.5452920198440552
4661562368.0,-1.5045579671859741
4662499840.0,-1.4683853387832642
4663437312.0,-1.4378870725631714
4664374784.0,-1.410606861114502
4665312256.0,-1.387204885482788
4666250240.0,-1.3675622940063477
4667187712.0,-1.3510481119155884
4668125184.0,-1.3373982906341553
4669062656.0,-1.3261377811431885
4670000128.0,-1.3150858879089355
4670937600.0,-1.306292176246643
4671875072.0,-1.2983810901641846
4672812544.0,-1.2914760112762451
4673750016.0,-1.2815419435501099
4674687488.0,-1.2743295431137085
4675624960.0,-1.2641270160675049
4676562432.0,-1.2539538145065308
4677499904.0,-1.243166208267212
4678437376.0,-1.230653166770935
4679374848.0,-1.2175633907318115
4680312320.0,-1.204583764076233
4681249792.0,-1.1878288984298706
4682187264.0,-1.1717020273208618
4683125248.0,-1.1533517837524414
4684062720.0,-1.1322531700134277
4685000192.0,-1.1102443933486938
4685937664.0,-1.088578462600708
4686875136.0,-1.0880844593048096
4687812608.0,-1.0636173486709595
4688750080.0,-1.0379695892333984
4689687552.0,-1.00927734375
4690625024.0,-0.9814162850379944
4691562496.0,-0.9519319534301758
4692499968.0,-0.9230554699897766
4693437440.0,-0.8939285278320312
4694374912.0,-0.8642531633377075
4695312384.0,-0.8326190114021301
4696249856.0,-0.8005850911140442
4697187328.0,-0.7670711278915405
4698124800.0,-0.734029233455658
4699062272.0,-0.7002279162406921
4700000256.0,-0.666540801525116
4700937728.0,-0.633505642414093
4701875200.0,-0.60096675157547
4702812672.0,-0.569493293762207
4703750144.0,-0.5374241471290588
4704687616.0,-0.5079002976417542
4705625088.0,-0.47911104559898376
4706562560.0,-0.45164117217063904
4707500032.0,-0.42613187432289124
4708437504.0,-0.4016849398612976
4709374976.0,-0.37834659218788147
4710312448.0,-0.3573801517486572
4711249920.0,-0.3379781246185303
4712187392.0,-0.32058146595954895
4713124864.0,-0.3049018383026123
4714062336.0,-0.291870653629303
4714999808.0,-0.28117072582244873
4715937280.0,-0.2732425034046173
4716874752.0,-0.2656010687351227
4717812736.0,-0.2606199085712433
4718750208.0,-0.25753188133239746
4719687680.0,-0.25658318400382996
4720625152.0,-0.25686439871788025
4721562624.0,-0.2589847147464752
4722500096.0,-0.262958824634552
4723437568.0,-0.2692825496196747
4724375040.0,-0.2765205204486847
4725312512.0,-0.2870299220085144
4726249984.0,-0.29836732149124146
4727187456.0,-0.3102458417415619
4728124928.0,-0.3235960602760315
4729062400.0,-0.33978214859962463
4729999872.0,-0.35596030950546265
4730937344.0,-0.3724304437637329
4731874816.0,-0.39035171270370483
4732812288.0,-0.4092075824737549
4733749760.0,-0.4265250861644745
4734687744.0,-0.4444516599178314
4735625216.0,-0.46290823817253113
4736562688.0,-0.48095282912254333
4737500160.0,-0.4971770942211151
4738437632.0,-0.5148617029190063
4739375104.0,-0.5305996537208557
4740312576.0,-0.5458207130432129
4741250048.0,-0.5593985319137573
4742187520.0,-0.5715036988258362
4743124992.0,-0.5826734304428101
4744062464.0,-0.5935285091400146
4744999936.0,-0.6013283133506775
4745937408.0,-0.609114944934845
4746874880.0,-0.42390915751457214
4747812352.0,-0.423354834318161
4748749824.0,-0.4225577116012573
4749687296.0,-0.42072221636772156
4750624768.0,-0.41924425959587097
4751562752.0,-0.4162607192993164
4752500224.0,-0.4120427072048187
4753437696.0,-0.4083808660507202
4754375168.0,-0.4050728976726532
4755312640.0,-0.3997487425804138
4756250112.0,-0.3951871395111084
4757187584.0,-0.38953715562820435
4758125056.0,-0.3836318850517273
4759062528.0,-0.37653106451034546
4760000000.0,-0.3695988953113556
4760937472.0,-0.3628726899623871
4761874944.0,-0.35450929403305054
4762812416.0,-0.34637200832366943
4763749888.0,-0.33681192994117737
4764687360.0,-0.3267400860786438
4765624832.0,-0.31621065735816956
4766562304.0,-0.30500853061676025
4767499776.0,-0.2932804822921753
4768437248.0,-0.2818443477153778
4769375232.0,-0.26969432830810547
4770312704.0,-0.25655698776245117
4771250176.0,-0.2426736205816269
4772187648.0,-0.2271997183561325
4773125120.0,-0.2116033434867859
4774062592.0,-0.19531600177288055
4775000064.0,-0.17748835682868958
4775937536.0,-0.15988947451114655
4776875008.0,-0.14036379754543304
4777812480.0,-0.12176889181137085
4778749952.0,-0.10238593816757202
4779687424.0,-0.08142396807670593
4780624896.0,-0.061639752238988876
4781562368.0,-0.04180804267525673
4782499840.0,-0.019992899149656296
4783437312.0,0.0005265171639621258
4784374784.0,0.02086661569774151
4785312256.0,0.040463998913764954
4786250240.0,0.05918087437748909
4787187712.0,0.07793442159891129
4788125184.0,0.09570062160491943
4789062656.0,0.1126938983798027
4790000128.0,0.1274547129869461
4790937600.0,0.14113283157348633
4791875072.0,0.15364961326122284
4792812544.0,0.1638191044330597
4793750016.0,0.17121431231498718
4794687488.0,0.17737676203250885
4795624960.0,0.18093454837799072
4796562432.0,0.18172232806682587
4797499904.0,0.18057656288146973
4798437376.0,0.1762150228023529
4799374848.0,0.16991667449474335
4800312320.0,0.16025643050670624
4801249792.0,0.1490405648946762
4802187264.0,0.13369722664356232
4803125248.0,0.11604130268096924
4804062720.0,0.09749730676412582
4805000192.0,0.0761079266667366
4805937664.0,0.052598562091588974
4806875136.0,-0.21922188997268677
4807812608.0,-0.22532521188259125
4808750080.0,-0.2313186526298523
4809687552.0,-0.23628728091716766
4810625024.0,-0.24187810719013214
4811562496.0,-0.24734045565128326
4812499968.0,-0.25184932351112366
4813437440.0,-0.25464487075805664
4814374912.0,-0.2596777379512787
4815312384.0,-0.26148128509521484
4816249856.0,-0.2630311846733093
4817187328.0,-0.264871209859848
4818124800.0,-0.265736848115921
4819062272.0,-0.26458740234375
4819999744.0,-0.2630009353160858
4820937728.0,-0.26113688945770264
4821875200.0,-0.2576785683631897
4822812672.0,-0.25364044308662415
4823750144.0,-0.24787341058254242
4824687616.0,-0.24141967296600342
4825625088.0,-0.23448552191257477
4826562560.0,-0.2275945246219635
4827500032.0,-0.21858488023281097
4828437504.0,-0.20888954401016235
4829374976.0,-0.19832591712474823
4830312448.0,-0.1883530169725418
4831249920.0,-0.17780429124832153
4832187392.0,-0.16735906898975372
4833124864.0,-0.15627454221248627
4834062336.0,-0.1451587975025177
4834999808.0,-0.13369116187095642
4835937280.0,-0.12325102835893631
4836874752.0,-0.11318463087081909
4837812736.0,-0.10291091352701187
4838750208.0,-0.09584703296422958
4839687680.0,-0.08825288712978363
4840625152.0,-0.08206400275230408
4841562624.0,-0.07625081390142441
4842500096.0,-0.07446243613958359
4843437568.0,-0.07180385291576385
4844375040.0,-0.07018665224313736
4845312512.0,-0.07167842984199524
4846249984.0,-0.07450632750988007
4847187456.0,-0.07857547700405121
4848124928.0,-0.08415473252534866
4849062400.0,-0.09144327789545059
4849999872.0,-0.09917594492435455
4850937344.0,-0.1090695783495903
4851874816.0,-0.12032610923051834
4852812288.0,-0.13172243535518646
4853749760.0,-0.14615985751152039
4854687744.0,-0.16062726080417633
4855625216.0,-0.17517660558223724
4856562688.0,-0.19077150523662567
4857500160.0,-0.20615142583847046
4858437632.0,-0.22095324099063873
4859375104.0,-0.2359936684370041
4860312576.0,-0.2509111166000366
4861250048.0,-0.2643193006515503
4862187520.0,-0.27723926305770874
4863124992.0,-0.2897785007953644
4864062464.0,-0.2995692491531372
4864999936.0,-0.30815571546554565
4865937408.0,-0.3164171576499939
4866874880.0,-0.29967859387397766
4867812352.0,-0.30571433901786804
4868749824.0,-0.31156766414642334
4869687296.0,-0.31540346145629883
4870624768.0,-0.3202991783618927
4871562752.0,-0.32340341806411743
4872500224.0,-0.32504236698150635
4873437696.0,-0.325955331325531
4874375168.0,-0.3263009190559387
4875312640.0,-0.3245154619216919
4876250112.0,-0.3228357136249542
4877187584.0,-0.31928402185440063
4878125056.0,-0.31437447667121887
4879062528.0,-0.3090816140174866
4880000000.0,-0.30190274119377136
4880937472.0,-0.29477524757385254
4881874944.0,-0.28630656003952026
4882812416.0,-0.2760903835296631
4883749888.0,-0.2668604254722595
4884687360.0,-0.2549840211868286
4885624832.0,-0.24359823763370514
4886562304.0,-0.23185667395591736
4887499776.0,-0.21936394274234772
4888437248.0,-0.20647063851356506
4889375232.0,-0.19258347153663635
4890312704.0,-0.17899037897586823
4891250176.0,-0.1645491123199463
4892187648.0,-0.1510162055492401
4893125120.0,-0.13635890185832977
4894062592.0,-0.1233874261379242
4895000064.0,-0.10845766216516495
4895937536.0,-0.09507124871015549
4896875008.0,-0.08193697780370712
4897812480.0,-0.06928595155477524
4898749952.0,-0.05658865347504616
4899687424.0,-0.044725049287080765
4900624896.0,-0.03396918624639511
4901562368.0,-0.022678518667817116
4902499840.0,-0.01320081390440464
4903437312.0,-0.004765560384839773
4904374784.0,0.002557468367740512
4905312256.0,0.00823888648301363
4906250240.0,0.012403643690049648
4907187712.0,0.01521974429488182
4908125184.0,0.01712893322110176
4909062656.0,0.017895188182592392
4910000128.0,0.01761677674949169
4910937600.0,0.016566144302487373
4911875072.0,0.01244927104562521
4912812544.0,0.009225369431078434
4913750016.0,0.003902632277458906
4914687488.0,-0.0018744744593277574
4915624960.0,-0.00942178163677454
4916562432.0,-0.01805107481777668
4917499904.0,-0.026882385835051537
4918437376.0,-0.03642312064766884
4919374848.0,-0.0469624400138855
4920312320.0,-0.05716213956475258
4921249792.0,-0.06903081387281418
4922187264.0,-0.0809788852930069
4923125248.0,-0.0934353768825531
4924062720.0,-0.10577680170536041
4925000192.0,-0.11773539334535599
4925937664.0,-0.17480941116809845
4926875136.0,-0.17590375244617462
4927812608.0,-0.17692197859287262
4928750080.0,-0.1771400421857834
4929687552.0,-0.17800715565681458
4930625024.0,-0.17800302803516388
4931562496.0,-0.1785239428281784
4932499968.0,-0.17824235558509827
4933437440.0,-0.1772012561559677
4934374912.0,-0.17594072222709656
4935312384.0,-0.1733018010854721
4936249856.0,-0.1704099178314209
4937187328.0,-0.16753704845905304
4938124800.0,-0.1630593240261078
4939062272.0,-0.15794937312602997
4940000256.0,-0.15249498188495636
4940937728.0,-0.14728978276252747
4941875200.0,-0.14087797701358795
4942812672.0,-0.13399331271648407
4943750144.0,-0.12646515667438507
4944687616.0,-0.11835473775863647
4945625088.0,-0.11001855134963989
4946562560.0,-0.1003841981291771
4947500032.0,-0.09013695269823074
4948437504.0,-0.08073071390390396
4949374976.0,-0.06990832835435867
4950312448.0,-0.05925249308347702
4951249920.0,-0.048244792968034744
4952187392.0,-0.038684602826833725
4953124864.0,-0.02845129556953907
4954062336.0,-0.018784724175930023
4954999808.0,-0.00871684867888689
4955937280.0,0.0007917829207144678
4956874752.0,0.009705559350550175
4957812736.0,0.018327735364437103
4958750208.0,0.025668328627943993
4959687680.0,0.03297450393438339
4960625152.0,0.03932088613510132
4961562624.0,0.04350575432181358
4962500096.0,0.04910265654325485
4963437568.0,0.05149838328361511
4964375040.0,0.054489120841026306
4965312512.0,0.05500970408320427
4966249984.0,0.05420669540762901
4967187456.0,0.05307215452194214
4968124928.0,0.051209188997745514
4969062400.0,0.047406625002622604
4969999872.0,0.043095871806144714
4970937344.0,0.03748157620429993
4971874816.0,0.030609918758273125
4972812288.0,0.023291220888495445
4973749760.0,0.015394147485494614
4974687744.0,0.006503743585199118
4975625216.0,-0.0027813748456537724
4976562688.0,-0.011971321888267994
4977500160.0,-0.02225055918097496
4978437632.0,-0.03197924792766571
4979375104.0,-0.040969230234622955
4980312576.0,-0.05075715854763985
4981250048.0,-0.060397617518901825
4982187520.0,-0.06983273476362228
4983124992.0,-0.0788954347372055
4984062464.0,-0.08759617060422897
4984999936.0,-0.09594268351793289
4985937408.0,-0.1398652195930481
4986874880.0,-0.1494928002357483
4987812352.0,-0.1598239541053772
4988749824.0,-0.16701968014240265
4989687296.0,-0.1743900328874588
4990624768.0,-0.179435595870018
4991562752.0,-0.18323609232902527
4992500224.0,-0.18734943866729736
4993437696.0,-0.18889765441417694
4994375168.0,-0.18899831175804138
4995312640.0,-0.1880880743265152
4996250112.0,-0.18711915612220764
4997187584.0,-0.182077094912529
4998125056.0,-0.17763856053352356
4999062528.0,-0.1721235066652298
5000000000.0,-0.16373862326145172
5000937472.0,-0.15711431205272675
5001874944.0,-0.1486823558807373
5002812416.0,-0.13931240141391754
5003749888.0,-0.12909109890460968
5004687360.0,-0.11804797500371933
5005624832.0,-0.10701259970664978
5006562304.0,-0.09575218707323074
5007499776.0,-0.08471204340457916
5008437248.0,-0.07134018838405609
5009375232.0,-0.06045059487223625
5010312704.0,-0.048229873180389404
5011250176.0,-0.037941258400678635
5012187648.0,-0.026385273784399033
5013125120.0,-0.015509629622101784
5014062592.0,-0.005345058627426624
5015000064.0,0.00358966994099319
5015937536.0,0.012090080417692661
5016875008.0,0.021378107368946075
5017812480.0,0.028433071449398994
5018749952.0,0.034799881279468536
5019687424.0,0.04116932302713394
5020624896.0,0.04568944871425629
5021562368.0,0.04927325248718262
5022499840.0,0.052523236721754074
5023437312.0,0.05474184826016426
5024374784.0,0.05593821406364441
5025312256.0,0.05614720657467842
5026250240.0,0.05510522425174713
5027187712.0,0.05401638522744179
5028125184.0,0.05171085521578789
5029062656.0,0.04832335188984871
5030000128.0,0.044708605855703354
5030937600.0,0.040361013263463974
5031875072.0,0.03418351337313652
5032812544.0,0.028217852115631104
5033750016.0,0.020988043397665024
5034687488.0,0.014004833996295929
5035624960.0,0.00700255436822772
5036562432.0,-0.0010604375274851918
5037499904.0,-0.008966662921011448
5038437376.0,-0.017138313502073288
5039374848.0,-0.02442125603556633
5040312320.0,-0.03206297382712364
5041249792.0,-0.041264165192842484
5042187264.0,-0.04865764081478119
5043125248.0,-0.056254878640174866
5044062720.0,-0.06535922735929489
5045000192.0,-0.07219277322292328
5045937664.0,-0.08884520083665848
5046875136.0,-0.09795764833688736
5047812608.0,-0.10655944049358368
5048750080.0,-0.11446557939052582
5049687552.0,-0.12201447784900665
5050625024.0,-0.12847214937210083
5051562496.0,-0.13448870182037354
5052499968.0,-0.13901947438716888
5053437440.0,-0.14387698471546173
5054374912.0,-0.1472516804933548
5055312384.0,-0.1510724276304245
5056249856.0,-0.15385569632053375
5057187328.0,-0.15682898461818695
5058124800.0,-0.15789900720119476
5059062272.0,-0.15940508246421814
5059999744.0,-0.159768745303154
5060937728.0,-0.16003483533859253
5061875200.0,-0.15923373401165009
5062812672.0,-0.15858113765716553
5063750144.0,-0.15593312680721283
5064687616.0,-0.15317092835903168
5065625088.0,-0.149136021733284
5066562560.0,-0.1446821391582489
5067500032.0,-0.14021164178848267
5068437504.0,-0.1343798041343689
5069374976.0,-0.12744538486003876
5070312448.0,-0.12153514474630356
5071249920.0,-0.1155858114361763
5072187392.0,-0.10929794609546661
5073124864.0,-0.10179077088832855
5074062336.0,-0.09434781223535538
5074999808.0,-0.085775226354599
5075937280.0,-0.07961219549179077
5076874752.0,-0.07385715842247009
5077812736.0,-0.06687889248132706
5078750208.0,-0.060253530740737915
5079687680.0,-0.054206933826208115
5080625152.0,-0.04856409505009651
5081562624.0,-0.04353688284754753
5082500096.0,-0.03867241367697716
5083437568.0,-0.03385430574417114
5084375040.0,-0.031020618975162506
5085312512.0,-0.027536187320947647
5086249984.0,-0.024168048053979874
5087187456.0,-0.022383708506822586
5088124928.0,-0.019542405381798744
5089062400.0,-0.01801358535885811
5089999872.0,-0.016118844971060753
5090937344.0,-0.015763502568006516
5091874816.0,-0.0158770103007555
5092812288.0,-0.01643986813724041
5093749760.0,-0.01679108291864395
5094687744.0,-0.017499104142189026
5095625216.0,-0.020479807630181313
5096562688.0,-0.02348634973168373
5097500160.0,-0.025618551298975945
5098437632.0,-0.028971053659915924
5099375104.0,-0.03263447806239128
5100312576.0,-0.03635547310113907
5101250048.0,-0.03949471935629845
5102187520.0,-0.042708978056907654
5103124992.0,-0.04661385715007782
5104062464.0,-0.050858888775110245
5104999936.0,-0.055432774126529694
5105937408.0,-0.12795902788639069
5106874880.0,-0.1341637521982193
5107812352.0,-0.13891498744487762
5108749824.0,-0.14262166619300842
5109687296.0,-0.14577196538448334
5110624768.0,-0.14906172454357147
5111562752.0,-0.15064123272895813
5112500224.0,-0.14994411170482635
5113437696.0,-0.15025509893894196
5114375168.0,-0.14934141933918
5115312640.0,-0.14856179058551788
5116250112.0,-0.14678426086902618
5117187584.0,-0.14500033855438232
5118125056.0,-0.14141228795051575
5119062528.0,-0.1379876434803009
5120000000.0,-0.13414329290390015
5120937472.0,-0.13003449141979218
5121874944.0,-0.1249840036034584
5122812416.0,-0.12032439559698105
5123749888.0,-0.11429566144943237
5124687360.0,-0.10962335765361786
5125624832.0,-0.10386989265680313
5126562304.0,-0.09915947169065475
5127499776.0,-0.09362390637397766
5128437248.0,-0.08908136188983917
5129375232.0,-0.08593270927667618
5130312704.0,-0.08129925280809402
5131250176.0,-0.07567217200994492
5132187648.0,-0.07140170782804489
5133125120.0,-0.06647175550460815
5134062592.0,-0.062215592712163925
5135000064.0,-0.05850595980882645
5135937536.0,-0.05636008456349373
5136875008.0,-0.053781818598508835
5137812480.0,-0.05119338631629944
5138749952.0,-0.04960409179329872
5139687424.0,-0.048123206943273544
5140624896.0,-0.04712090641260147
5141562368.0,-0.04741611331701279
5142499840.0,-0.047196872532367706
5143437312.0,-0.048549018800258636
5144374784.0,-0.050569795072078705
5145312256.0,-0.05284297466278076
5146250240.0,-0.057622235268354416
5147187712.0,-0.06059261038899422
5148125184.0,-0.06477094441652298
5149062656.0,-0.06934775412082672
5150000128.0,-0.07425449043512344
5150937600.0,-0.07937465608119965
5151875072.0,-0.08511771261692047
5152812544.0,-0.09148874133825302
5153750016.0,-0.09683388471603394
5154687488.0,-0.10366479307413101
5155624960.0,-0.11138983815908432
5156562432.0,-0.1179547980427742
5157499904.0,-0.1262536495923996
5158437376.0,-0.1352321058511734
5159374848.0,-0.14388501644134521
5160312320.0,-0.15234693884849548
5161249792.0,-0.16051165759563446
5162187264.0,-0.1697283387184143
5163125248.0,-0.1783551424741745
5164062720.0,-0.1873699426651001
5165000192.0,-0.1954830139875412
5165937664.0,-0.1954868733882904
5166875136.0,-0.20732863247394562
5167812608.0,-0.21674111485481262
5168750080.0,-0.2265717089176178
5169687552.0,-0.23461569845676422
5170625024.0,-0.24227815866470337
5171562496.0,-0.24849505722522736
5172499968.0,-0.2512666881084442
5173437440.0,-0.2557350695133209
5174374912.0,-0.25701332092285156
5175312384.0,-0.2577424943447113
5176249856.0,-0.2566584050655365
5177187328.0,-0.25411736965179443
5178124800.0,-0.2521548867225647
5179062272.0,-0.24662141501903534
5180000256.0,-0.24047991633415222
5180937728.0,-0.23333121836185455
5181875200.0,-0.22611169517040253
5182812672.0,-0.21757005155086517
5183750144.0,-0.20815207064151764
5184687616.0,-0.1975424885749817
5185625088.0,-0.18595728278160095
5186562560.0,-0.1735159009695053
5187500032.0,-0.16145116090774536
5188437504.0,-0.14835023880004883
5189374976.0,-0.13660301268100739
5190312448.0,-0.12318604439496994
5191249920.0,-0.10915790498256683
5192187392.0,-0.09650646150112152
5193124864.0,-0.08402331173419952
5194062336.0,-0.07104815542697906
5194999808.0,-0.059185124933719635
5195937280.0,-0.04769571125507355
5196874752.0,-0.03668763116002083
5197812736.0,-0.02568802423775196
5198750208.0,-0.015869444236159325
5199687680.0,-0.005583584774285555
5200625152.0,0.0018663728842511773
5201562624.0,0.008078275248408318
5202500096.0,0.014497858472168446
5203437568.0,0.0186598040163517
5204375040.0,0.022912001237273216
5205312512.0,0.02524658851325512
5206249984.0,0.025935934856534004
5207187456.0,0.02575204148888588
5208124928.0,0.024655871093273163
5209062400.0,0.021549077704548836
5209999872.0,0.01754935272037983
5210937344.0,0.01171109639108181
5211874816.0,0.005611007567495108
5212812288.0,-0.002755318768322468
5213749760.0,-0.012426155619323254
5214687744.0,-0.023242780938744545
5215625216.0,-0.035607241094112396
5216562688.0,-0.04953523725271225
5217500160.0,-0.06355270743370056
5218437632.0,-0.0779430940747261
5219375104.0,-0.09442772716283798
5220312576.0,-0.11076446622610092
5221250048.0,-0.1273486167192459
5222187520.0,-0.1446789801120758
5223124992.0,-0.16202327609062195
5224062464.0,-0.1794821321964264
5224999936.0,-0.1968444436788559
5225937408.0,-0.20683887600898743
5226874880.0,-0.22120369970798492
5227812352.0,-0.23477758467197418
5228749824.0,-0.24741609394550323
5229687296.0,-0.25900188088417053
5230624768.0,-0.2677645683288574
5231562752.0,-0.2764885425567627
5232500224.0,-0.2836112082004547
5233437696.0,-0.2883850038051605
5234375168.0,-0.29207631945610046
5235312640.0,-0.2927575707435608
5236250112.0,-0.2926856577396393
5237187584.0,-0.29021403193473816
5238125056.0,-0.28566786646842957
5239062528.0,-0.2792353332042694
5240000000.0,-0.2705584764480591
5240937472.0,-0.2608909010887146
5241874944.0,-0.2504449784755707
5242812416.0,-0.23788264393806458
5243749888.0,-0.22462576627731323
5244687360.0,-0.20892488956451416
5245624832.0,-0.19286760687828064
5246562304.0,-0.17582593858242035
5247499776.0,-0.15886588394641876
5248437248.0,-0.14162559807300568
5249375232.0,-0.12280287593603134
5250312704.0,-0.10491505265235901
5251250176.0,-0.08677195757627487
5252187648.0,-0.06912963092327118
5253125120.0,-0.05163612961769104
5254062592.0,-0.03575439378619194
5255000064.0,-0.020651530474424362
5255937536.0,-0.005738843698054552
5256875008.0,0.007263591978698969
5257812480.0,0.019516175612807274
5258749952.0,0.02970266342163086
5259687424.0,0.038620077073574066
5260624896.0,0.04512065649032593
5261562368.0,0.05131961777806282
5262499840.0,0.05606738477945328
5263437312.0,0.060293395072221756
5264374784.0,0.061439819633960724
5265312256.0,0.06220841035246849
5266250240.0,0.0619509182870388
5267187712.0,0.05905976891517639
5268125184.0,0.0562005415558815
5269062656.0,0.05122869089245796
5270000128.0,0.04475555568933487
5270937600.0,0.03667343407869339
5271875072.0,0.028436332941055298
5272812544.0,0.018216170370578766
5273750016.0,0.0072255488485097885
5274687488.0,-0.004937192890793085
5275624960.0,-0.017668504267930984
5276562432.0,-0.030263161286711693
5277499904.0,-0.04406198114156723
5278437376.0,-0.05855090171098709
5279374848.0,-0.07319392263889313
5280312320.0,-0.08787849545478821
5281249792.0,-0.10286067426204681
5282187264.0,-0.11801725625991821
5283125248.0,-0.1336621642112732
5284062720.0,-0.14897897839546204
5285000192.0,-0.1646767556667328
5285937664.0,-0.19064420461654663
5286875136.0,-0.205331951379776
5287812608.0,-0.22025388479232788
5288750080.0,-0.23462027311325073
5289687552.0,-0.2487480342388153
5290625024.0,-0.2612344026565552
5291562496.0,-0.2739011347293854
5292499968.0,-0.2876913547515869
5293437440.0,-0.30098453164100647
5294374912.0,-0.3121250569820404
5295312384.0,-0.32329025864601135
5296249856.0,-0.33360618352890015
5297187328.0,-0.3406922519207001
5298124800.0,-0.3484448790550232
5299062272.0,-0.3531001806259155
5299999744.0,-0.357525497674942
5300937728.0,-0.3597384989261627
5301875200.0,-0.3590138256549835
5302812672.0,-0.3586292266845703
5303750144.0,-0.35651445388793945
5304687616.0,-0.35213205218315125
5305625088.0,-0.34699711203575134
5306562560.0,-0.3395147919654846
5307500032.0,-0.3309394121170044
5308437504.0,-0.321632444858551
5309374976.0,-0.31095263361930847
5310312448.0,-0.2983502745628357
5311249920.0,-0.2853025197982788
5312187392.0,-0.2710128724575043
5313124864.0,-0.25673091411590576
5314062336.0,-0.2391722947359085
5314999808.0,-0.22368663549423218
5315937280.0,-0.20768636465072632
5316874752.0,-0.1891094297170639
5317812736.0,-0.171628937125206
5318750208.0,-0.15426139533519745
5319687680.0,-0.13577048480510712
5320625152.0,-0.11694696545600891
5321562624.0,-0.09964708983898163
5322500096.0,-0.08303197473287582
5323437568.0,-0.065428227186203
5324375040.0,-0.04894868656992912
5325312512.0,-0.03314658999443054
5326249984.0,-0.01815413497388363
5327187456.0,-0.004228087142109871
5328124928.0,0.009170221164822578
5329062400.0,0.021645793691277504
5329999872.0,0.031785886734724045
5330937344.0,0.04150688648223877
5331874816.0,0.05042557045817375
5332812288.0,0.05424996465444565
5333749760.0,0.05757790803909302
5334687744.0,0.05846087634563446
5335625216.0,0.05795007944107056
5336562688.0,0.05481570214033127
5337500160.0,0.050761234015226364
5338437632.0,0.044966746121644974
5339375104.0,0.03674507513642311
5340312576.0,0.026528334245085716
5341250048.0,0.013602758757770061
5342187520.0,-0.0006089290254749358
5343124992.0,-0.01682966947555542
5344062464.0,-0.03640829771757126
5344999936.0,-0.05743256211280823
5345937408.0,-0.33536872267723083
5346874880.0,-0.3488656282424927
5347812352.0,-0.36256057024002075
5348749824.0,-0.37528297305107117
5349687296.0,-0.38808825612068176
5350624768.0,-0.3998182415962219
5351562752.0,-0.4110065698623657
5352500224.0,-0.4217977523803711
5353437696.0,-0.4305744469165802
5354375168.0,-0.43699803948402405
5355312640.0,-0.4429825246334076
5356250112.0,-0.44696417450904846
5357187584.0,-0.4485788643360138
5358125056.0,-0.44819375872612
5359062528.0,-0.4468367397785187
5360000000.0,-0.4424862563610077
5360937472.0,-0.43705758452415466
5361874944.0,-0.4302543103694916
5362812416.0,-0.42150241136550903
5363749888.0,-0.41251230239868164
5364687360.0,-0.40101608633995056
5365624832.0,-0.3874458372592926
5366562304.0,-0.37392109632492065
5367499776.0,-0.3587142527103424
5368437248.0,-0.3431619107723236
5369375232.0,-0.32615673542022705
5370312704.0,-0.3086179792881012
5371250176.0,-0.29019972681999207
5372187648.0,-0.27215376496315
5373125120.0,-0.25407376885414124
5374062592.0,-0.23540765047073364
5375000064.0,-0.21620875597000122
5375937536.0,-0.1982666552066803
5376875008.0,-0.1794307678937912
5377812480.0,-0.16151350736618042
5378749952.0,-0.14430838823318481
5379687424.0,-0.12791875004768372
5380624896.0,-0.11312726885080338
5381562368.0,-0.09881358593702316
5382499840.0,-0.08615563809871674
5383437312.0,-0.072581447660923
5384374784.0,-0.06088866665959358
5385312256.0,-0.0507911778986454
5386250240.0,-0.0420512780547142
5387187712.0,-0.036661967635154724
5388125184.0,-0.03287854790687561
5389062656.0,-0.030624771490693092
5390000128.0,-0.031853266060352325
5390937600.0,-0.035327184945344925
5391875072.0,-0.04164144769310951
5392812544.0,-0.049516815692186356
5393750016.0,-0.059407372027635574
5394687488.0,-0.07097035646438599
5395624960.0,-0.0855705589056015
5396562432.0,-0.10067668557167053
5397499904.0,-0.11838675290346146
5398437376.0,-0.13643693923950195
5399374848.0,-0.15682834386825562
5400312320.0,-0.17755618691444397
5401249792.0,-0.19877484440803528
5402187264.0,-0.22016726434230804
5403125248.0,-0.24278178811073303
5404062720.0,-0.2639167904853821
5405000192.0,-0.2851344048976898
5405937664.0,-0.3271779716014862
5406875136.0,-0.3411025404930115
5407812608.0,-0.35481560230255127
5408750080.0,-0.36680883169174194
5409687552.0,-0.377035528421402
5410625024.0,-0.38534656167030334
5411562496.0,-0.391667902469635
5412499968.0,-0.39517655968666077
5413437440.0,-0.39600932598114014
5414374912.0,-0.3954164683818817
5415312384.0,-0.39145782589912415
5416249856.0,-0.3845551311969757
5417187328.0,-0.37575340270996094
5418124800.0,-0.36465662717819214
5419062272.0,-0.351402223110199
5420000256.0,-0.3373006284236908
5420937728.0,-0.3205907642841339
5421875200.0,-0.30203649401664734
5422812672.0,-0.2825831472873688
5423750144.0,-0.2619422376155853
5424687616.0,-0.2409212440252304
5425625088.0,-0.2187090367078781
5426562560.0,-0.19727320969104767
5427500032.0,-0.17523075640201569
5428437504.0,-0.1523086130619049
5429374976.0,-0.13144636154174805
5430312448.0,-0.111240454018116
5431249920.0,-0.09149421006441116
5432187392.0,-0.07378007471561432
5433124864.0,-0.05689657852053642
5434062336.0,-0.04304302856326103
5434999808.0,-0.030833886936306953
5435937280.0,-0.020325809717178345
5436874752.0,-0.011667182669043541
5437812736.0,-0.005060944240540266
5438750208.0,-0.0006732241017743945
5439687680.0,0.0013376629212871194
5440625152.0,0.0012931106612086296
5441562624.0,-0.0016458065947517753
5442500096.0,-0.007836820557713509
5443437568.0,-0.015565904788672924
5444375040.0,-0.026665711775422096
5445312512.0,-0.04023625701665878
5446249984.0,-0.05583542585372925
5447187456.0,-0.07355787605047226
5448124928.0,-0.09332858771085739
5449062400.0,-0.11533662676811218
5449999872.0,-0.13845126330852509
5450937344.0,-0.16396363079547882
5451874816.0,-0.1911524534225464
5452812288.0,-0.21950118243694305
5453749760.0,-0.24768561124801636
5454687744.0,-0.2773486375808716
5455625216.0,-0.3060202896595001
5456562688.0,-0.33394932746887207
5457500160.0,-0.36193597316741943
5458437632.0,-0.38918688893318176
5459375104.0,-0.4151283800601959
5460312576.0,-0.43926334381103516
5461250048.0,-0.4612986147403717
5462187520.0,-0.4830690622329712
5463124992.0,-0.5024480223655701
5464062464.0,-0.5190773010253906
5464999936.0,-0.5346983671188354
5465937408.0,-0.45655587315559387
5466874880.0,-0.47133323550224304
5467812352.0,-0.4830942153930664
5468749824.0,-0.49374938011169434
5469687296.0,-0.5011563897132874
5470624768.0,-0.5057928562164307
5471562752.0,-0.5079046487808228
5472500224.0,-0.5080630779266357
5473437696.0,-0.5052491426467896
5474375168.0,-0.4993608295917511
5475312640.0,-0.49204206466674805
5476250112.0,-0.4821985363960266
5477187584.0,-0.4704698622226715
5478125056.0,-0.4550531506538391
5479062528.0,-0.43902021646499634
5480000000.0,-0.4217031002044678
5480937472.0,-0.402751088142395
5481874944.0,-0.3829595148563385
5482812416.0,-0.3614395558834076
5483749888.0,-0.33999937772750854
5484687360.0,-0.3190244436264038
5485624832.0,-0.2983429431915283
5486562304.0,-0.27828076481819153
5487499776.0,-0.25869759917259216
5488437248.0,-0.23970815539360046
5489375232.0,-0.2225281149148941
5490312704.0,-0.2061784416437149
5491250176.0,-0.19171199202537537
5492187648.0,-0.1789650171995163
5493125120.0,-0.16791868209838867
5494062592.0,-0.15917104482650757
5495000064.0,-0.1517907977104187
5495937536.0,-0.14706739783287048
5496875008.0,-0.14512690901756287
5497812480.0,-0.14678986370563507
5498749952.0,-0.1499735414981842
5499687424.0,-0.15690016746520996
5500624896.0,-0.16528350114822388
5501562368.0,-0.1763029247522354
5502499840.0,-0.18911704421043396
5503437312.0,-0.20400741696357727
5504374784.0,-0.22193509340286255
5505312256.0,-0.2416156828403473
5506250240.0,-0.26276737451553345
5507187712.0,-0.2864215672016144
5508125184.0,-0.31169480085372925
5509062656.0,-0.3393973112106323
5510000128.0,-0.36978772282600403
5510937600.0,-0.4014621376991272
5511875072.0,-0.4341640770435333
5512812544.0,-0.468671590089798
5513750016.0,-0.5018188953399658
5514687488.0,-0.5359014868736267
5515624960.0,-0.5695105791091919
5516562432.0,-0.6040215492248535
5517499904.0,-0.6364014744758606
5518437376.0,-0.6688709259033203
5519374848.0,-0.7007024884223938
5520312320.0,-0.7308320999145508
5521249792.0,-0.7608062028884888
5522187264.0,-0.7886784076690674
5523125248.0,-0.816814661026001
5524062720.0,-0.8427702784538269
5525000192.0,-0.8717523217201233
5525937664.0,-0.7326588034629822
5526875136.0,-0.7432924509048462
5527812608.0,-0.7556365728378296
5528750080.0,-0.769545316696167
5529687552.0,-0.7858456373214722
5530625024.0,-0.8023921847343445
5531562496.0,-0.8220086693763733
5532499968.0,-0.8420298099517822
5533437440.0,-0.8626613616943359
5534374912.0,-0.8851017355918884
5535312384.0,-0.9080425500869751
5536249856.0,-0.9315469264984131
5537187328.0,-0.9542572498321533
5538124800.0,-0.978390634059906
5539062272.0,-1.0002622604370117
5539999744.0,-1.0213724374771118
5540937728.0,-1.039193034172058
5541875200.0,-1.0524142980575562
5542812672.0,-1.0635203123092651
5543750144.0,-1.0703861713409424
5544687616.0,-1.073856234550476
5545625088.0,-1.0729680061340332
5546562560.0,-1.0685957670211792
5547500032.0,-1.0581655502319336
5548437504.0,-1.0472427606582642
5549374976.0,-1.031577229499817
5550312448.0,-1.0118584632873535
5551249920.0,-0.988326370716095
5552187392.0,-0.9618812799453735
5553124864.0,-0.9335792660713196
5554062336.0,-0.9035161137580872
5554999808.0,-0.8730335831642151
5555937280.0,-0.8416966795921326
5556874752.0,-0.8123352527618408
5557812736.0,-0.7813630104064941
5558750208.0,-0.7520366311073303
5559687680.0,-0.7229855060577393
5560625152.0,-0.6960340738296509
5561562624.0,-0.6700809597969055
5562500096.0,-0.6468172073364258
5563437568.0,-0.6249820590019226
5564375040.0,-0.6062930822372437
5565312512.0,-0.5893549919128418
5566249984.0,-0.5751358270645142
5567187456.0,-0.5630492568016052
5568124928.0,-0.5504610538482666
5569062400.0,-0.5382999777793884
5569999872.0,-0.5272039771080017
5570937344.0,-0.5168594717979431
5571874816.0,-0.506109356880188
5572812288.0,-0.4962867498397827
5573749760.0,-0.4857659339904785
5574687744.0,-0.4759460687637329
5575625216.0,-0.46894824504852295
5576562688.0,-0.46277984976768494
5577500160.0,-0.45847293734550476
5578437632.0,-0.4544924199581146
5579375104.0,-0.4517931342124939
5580312576.0,-0.4517810642719269
5581250048.0,-0.451610803604126
5582187520.0,-0.4535388946533203
5583124992.0,-0.4550144076347351
5584062464.0,-0.4566895365715027
5584999936.0,-0.4584028422832489
5585937408.0,-0.43283629417419434
5586874880.0,-0.4218522608280182
5587812352.0,-0.4101269543170929
5588749824.0,-0.39665815234184265
5589687296.0,-0.3818511962890625
5590624768.0,-0.3656855821609497
5591562752.0,-0.3489815890789032
5592500224.0,-0.33105748891830444
5593437696.0,-0.3132728040218353
5594375168.0,-0.2950432300567627
5595312640.0,-0.27507391571998596
5596250112.0,-0.25622066855430603
5597187584.0,-0.23676776885986328
5598125056.0,-0.21660764515399933
5599062528.0,-0.19739551842212677
5600000000.0,-0.17835676670074463
5600937472.0,-0.16042202711105347
5601874944.0,-0.1438029557466507
5602812416.0,-0.12686759233474731
5603749888.0,-0.11186099052429199
5604687360.0,-0.09817211329936981
5605624832.0,-0.0858212262392044
5606562304.0,-0.07544352114200592
5607499776.0,-0.06723205000162125
5608437248.0,-0.06100405007600784
5609375232.0,-0.056166134774684906
5610312704.0,-0.05401638522744179
5611250176.0,-0.05232255905866623
5612187648.0,-0.05291194096207619
5613125120.0,-0.053857624530792236
5614062592.0,-0.058220475912094116
5615000064.0,-0.06297623366117477
5615937536.0,-0.06912529468536377
5616875008.0,-0.07765641808509827
5617812480.0,-0.08701194077730179
5618749952.0,-0.09900084882974625
5619687424.0,-0.11002559959888458
5620624896.0,-0.1227998286485672
5621562368.0,-0.1359313279390335
5622499840.0,-0.1492796391248703
5623437312.0,-0.16330361366271973
5624374784.0,-0.17850671708583832
5625312256.0,-0.1919543296098709
5626250240.0,-0.2052774578332901
5627187712.0,-0.2185981273651123
5628125184.0,-0.23066182434558868
5629062656.0,-0.24231086671352386
5630000128.0,-0.25161147117614746
5630937600.0,-0.26044049859046936
5631875072.0,-0.2685142755508423
5632812544.0,-0.27489250898361206
5633750016.0,-0.2792571485042572
5634687488.0,-0.28092968463897705
5635624960.0,-0.2825206518173218
5636562432.0,-0.28260326385498047
5637499904.0,-0.27959275245666504
5638437376.0,-0.2769228219985962
5639374848.0,-0.2714555263519287
5640312320.0,-0.26483389735221863
5641249792.0,-0.2564103305339813
5642187264.0,-0.2450891137123108
5643125248.0,-0.23428991436958313
5644062720.0,-0.22254490852355957
5645000192.0,-0.20904070138931274
5645937664.0,-0.18314209580421448
5646875136.0,-0.18634431064128876
5647812608.0,-0.18827567994594574
5648750080.0,-0.18859456479549408
5649687552.0,-0.18712612986564636
5650625024.0,-0.18468667566776276
5651562496.0,-0.18162235617637634
5652499968.0,-0.1761883944272995
5653437440.0,-0.1708698868751526
5654374912.0,-0.16466973721981049
5655312384.0,-0.1575903296470642
5656249856.0,-0.14943666756153107
5657187328.0,-0.1417676955461502
5658124800.0,-0.13430914282798767
5659062272.0,-0.12628072500228882
5660000256.0,-0.11797799170017242
5660937728.0,-0.1107906922698021
5661875200.0,-0.10456205904483795
5662812672.0,-0.09881412982940674
5663750144.0,-0.0933380052447319
5664687616.0,-0.08852104097604752
5665625088.0,-0.0848458856344223
5666562560.0,-0.0835551992058754
5667500032.0,-0.0813886821269989
5668437504.0,-0.08185039460659027
5669374976.0,-0.08299185335636139
5670312448.0,-0.08532457053661346
5671249920.0,-0.08860262483358383
5672187392.0,-0.09282427281141281
5673124864.0,-0.09803760796785355
5674062336.0,-0.10408518463373184
5674999808.0,-0.11073862016201019
5675937280.0,-0.11837506294250488
5676874752.0,-0.12530246376991272
5677812736.0,-0.1340027004480362
5678750208.0,-0.14119531214237213
5679687680.0,-0.15024739503860474
5680625152.0,-0.1592513471841812
5681562624.0,-0.16815346479415894
5682500096.0,-0.17525799572467804
5683437568.0,-0.18354737758636475
5684375040.0,-0.1906762719154358
5685312512.0,-0.19665415585041046
5686249984.0,-0.2030525952577591
5687187456.0,-0.20903754234313965
5688124928.0,-0.21477536857128143
5689062400.0,-0.21978451311588287
5689999872.0,-0.22318747639656067
5690937344.0,-0.22593221068382263
5691874816.0,-0.23052473366260529
5692812288.0,-0.2342340648174286
5693749760.0,-0.23575611412525177
5694687744.0,-0.23916815221309662
5695625216.0,-0.24323301017284393
5696562688.0,-0.24507452547550201
5697500160.0,-0.24845248460769653
5698437632.0,-0.25271937251091003
5699375104.0,-0.25780895352363586
5700312576.0,-0.2639422118663788
5701250048.0,-0.26959142088890076
5702187520.0,-0.27821651101112366
5703124992.0,-0.28717952966690063
5704062464.0,-0.2983761131763458
5704999936.0,-0.3097909986972809
5705937408.0,-0.20061151683330536
5706874880.0,-0.2213926613330841
5707812352.0,-0.24173517525196075
5708749824.0,-0.26255714893341064
5709687296.0,-0.28345832228660583
5710624768.0,-0.3014037609100342
5711562752.0,-0.3188990652561188
5712500224.0,-0.333702951669693
5713437696.0,-0.34674325585365295
5714375168.0,-0.3572588562965393
5715312640.0,-0.3634853959083557
5716250112.0,-0.3658598065376282
5717187584.0,-0.36426639556884766
5718125056.0,-0.3573356866836548
5719062528.0,-0.34542256593704224
5720000000.0,-0.3305337727069855
5720937472.0,-0.3109431266784668
5721874944.0,-0.2864682078361511
5722812416.0,-0.25833454728126526
5723749888.0,-0.22658959031105042
5724687360.0,-0.19099630415439606
5725624832.0,-0.15495897829532623
5726562304.0,-0.11456555128097534
5727499776.0,-0.07520350068807602
5728437248.0,-0.0342571921646595
5729375232.0,0.005756128579378128
5730312704.0,0.04494418948888779
5731250176.0,0.08175559341907501
5732187648.0,0.11651346832513809
5733125120.0,0.14754483103752136
5734062592.0,0.1739739626646042
5735000064.0,0.19742946326732635
5735937536.0,0.21501217782497406
5736875008.0,0.22847506403923035
5737812480.0,0.2368161827325821
5738749952.0,0.242035374045372
5739687424.0,0.24370674788951874
5740624896.0,0.24058428406715393
5741562368.0,0.23457960784435272
5742499840.0,0.22510039806365967
5743437312.0,0.21423009037971497
5744374784.0,0.20061324536800385
5745312256.0,0.18676403164863586
5746250240.0,0.17065183818340302
5747187712.0,0.1560305804014206
5748125184.0,0.1415998935699463
5749062656.0,0.12620913982391357
5750000128.0,0.11319917440414429
5750937600.0,0.09979619830846786
5751875072.0,0.0865822359919548
5752812544.0,0.07626909762620926
5753750016.0,0.0650128722190857
5754687488.0,0.054394204169511795
5755624960.0,0.040637362748384476
5756562432.0,0.01938449963927269
5757499904.0,-0.004011268727481365
5758437376.0,-0.028515391051769257
5759374848.0,-0.05707743391394615
5760312320.0,-0.08575894683599472
5761249792.0,-0.11564577370882034
5762187264.0,-0.1462966650724411
5763125248.0,-0.17764398455619812
5764062720.0,-0.2086300104856491
5765000192.0,-0.2401481568813324
5765937664.0,-0.16869497299194336
5766875136.0,-0.1766294687986374
5767812608.0,-0.18409430980682373
5768750080.0,-0.19297900795936584
5769687552.0,-0.20050682127475739
5770625024.0,-0.20985281467437744
5771562496.0,-0.21995039284229279
5772499968.0,-0.22901320457458496
5773437440.0,-0.24014508724212646
5774374912.0,-0.2508263885974884
5775312384.0,-0.26164668798446655
5776249856.0,-0.27375328540802
5777187328.0,-0.2855398654937744
5778124800.0,-0.29617512226104736
5779062272.0,-0.30792906880378723
5779999744.0,-0.31976547837257385
5780937728.0,-0.3302997350692749
5781875200.0,-0.3410102427005768
5782812672.0,-0.3509208559989929
5783750144.0,-0.3609965145587921
5784687616.0,-0.3707059323787689
5785625088.0,-0.37954625487327576
5786562560.0,-0.388447642326355
5787500032.0,-0.39625266194343567
5788437504.0,-0.4039246141910553
5789374976.0,-0.4101230800151825
5790312448.0,-0.41462719440460205
5791249920.0,-0.41816481947898865
5792187392.0,-0.42105579376220703
5793124864.0,-0.42071086168289185
5794062336.0,-0.42003366351127625
5794999808.0,-0.41740790009498596
5795937280.0,-0.41482725739479065
5796874752.0,-0.41005051136016846
5797812736.0,-0.40428638458251953
5798750208.0,-0.3960261940956116
5799687680.0,-0.3876172602176666
5800625152.0,-0.3758005201816559
5801562624.0,-0.3636179566383362
5802500096.0,-0.3496004641056061
5803437568.0,-0.3351137340068817
5804375040.0,-0.3179088830947876
5805312512.0,-0.30102598667144775
5806249984.0,-0.28269240260124207
5807187456.0,-0.2630781829357147
5808124928.0,-0.24284043908119202
5809062400.0,-0.22331467270851135
5809999872.0,-0.2031717300415039
5810937344.0,-0.18493476510047913
5811874816.0,-0.16637460887432098
5812812288.0,-0.1481301635503769
5813749760.0,-0.13071727752685547
5814687744.0,-0.11615371704101562
5815625216.0,-0.10099896788597107
5816562688.0,-0.08694063127040863
5817500160.0,-0.07488119602203369
5818437632.0,-0.0651339441537857
5819375104.0,-0.05507916212081909
5820312576.0,-0.04818204045295715
5821250048.0,-0.04315657168626785
5822187520.0,-0.03987868130207062
5823124992.0,-0.03923259302973747
5824062464.0,-0.04013350233435631
5824999936.0,-0.043126076459884644
5825937408.0,-0.2366839051246643
5826874880.0,-0.23835380375385284
5827812352.0,-0.24073828756809235
5828749824.0,-0.24324168264865875
5829687296.0,-0.2466258555650711
5830624768.0,-0.24777773022651672
5831562752.0,-0.24999791383743286
5832500224.0,-0.25180497765541077
5833437696.0,-0.2541921138763428
5834375168.0,-0.25626111030578613
5835312640.0,-0.25705358386039734
5836250112.0,-0.25952669978141785
5837187584.0,-0.26107582449913025
5838125056.0,-0.2625375986099243
5839062528.0,-0.2660376727581024
5840000000.0,-0.2713296115398407
5840937472.0,-0.27663925290107727
5841874944.0,-0.2821590304374695
5842812416.0,-0.2873672842979431
5843749888.0,-0.2930903434753418
5844687360.0,-0.29910361766815186
5845624832.0,-0.3045327067375183
5846562304.0,-0.3088269531726837
5847499776.0,-0.3136191666126251
5848437248.0,-0.3189629018306732
5849375232.0,-0.3230343759059906
5850312704.0,-0.3279416263103485
5851250176.0,-0.3314304053783417
5852187648.0,-0.33599549531936646
5853125120.0,-0.33891499042510986
5854062592.0,-0.3419468402862549
5855000064.0,-0.34280794858932495
5855937536.0,-0.34451088309288025
5856875008.0,-0.34442442655563354
5857812480.0,-0.34601694345474243
5858749952.0,-0.3444439172744751
5859687424.0,-0.3439435362815857
5860624896.0,-0.34229740500450134
5861562368.0,-0.34223318099975586
5862499840.0,-0.3398216664791107
5863437312.0,-0.33757296204566956
5864374784.0,-0.33483368158340454
5865312256.0,-0.33254602551460266
5866250240.0,-0.32951200008392334
5867187712.0,-0.32645559310913086
5868125184.0,-0.3249082863330841
5869062656.0,-0.32114410400390625
5870000128.0,-0.3188459575176239
5870937600.0,-0.3174467384815216
5871875072.0,-0.3160482943058014
5872812544.0,-0.3157610595226288
5873750016.0,-0.3150623142719269
5874687488.0,-0.3159467875957489
5875624960.0,-0.3162647485733032
5876562432.0,-0.31869903206825256
5877499904.0,-0.32237961888313293
5878437376.0,-0.3245600163936615
5879374848.0,-0.3280770778656006
5880312320.0,-0.33160391449928284
5881249792.0,-0.33703237771987915
5882187264.0,-0.3406216502189636
5883125248.0,-0.34532707929611206
5884062720.0,-0.3512105643749237
5885000192.0,-0.3567252457141876
5885937664.0,-0.3709874451160431
5886875136.0,-0.377045601606369
5887812608.0,-0.3821161985397339
5888750080.0,-0.3860192894935608
5889687552.0,-0.39091408252716064
5890625024.0,-0.3932972252368927
5891562496.0,-0.3956078588962555
5892499968.0,-0.398603230714798
5893437440.0,-0.4002993404865265
5894374912.0,-0.40246468782424927
5895312384.0,-0.40266183018684387
5896249856.0,-0.40234607458114624
5897187328.0,-0.4026821255683899
5898124800.0,-0.4025208353996277
5899062272.0,-0.39990222454071045
5900000256.0,-0.3985793888568878
5900937728.0,-0.3974282145500183
5901875200.0,-0.39563894271850586
5902812672.0,-0.39443621039390564
5903750144.0,-0.39193132519721985
5904687616.0,-0.3903273046016693
5905625088.0,-0.3882300555706024
5906562560.0,-0.38738009333610535
5907500032.0,-0.38646644353866577
5908437504.0,-0.3867636024951935
5909374976.0,-0.3858920931816101
5910312448.0,-0.38512271642684937
5911249920.0,-0.3857680559158325
5912187392.0,-0.38548949360847473
5913124864.0,-0.3855973780155182
5914062336.0,-0.3874339461326599
5914999808.0,-0.3899165987968445
5915937280.0,-0.3933533728122711
5916874752.0,-0.3975543975830078
5917812736.0,-0.40172314643859863
5918750208.0,-0.4059693217277527
5919687680.0,-0.4116998016834259
5920625152.0,-0.4176354706287384
5921562624.0,-0.4245460331439972
5922500096.0,-0.43244150280952454
5923437568.0,-0.44098836183547974
5924375040.0,-0.4503166079521179
5925312512.0,-0.46011826395988464
5926249984.0,-0.4699612855911255
5927187456.0,-0.47959017753601074
5928124928.0,-0.490754634141922
5929062400.0,-0.5013918876647949
5929999872.0,-0.5119855999946594
5930937344.0,-0.5231237411499023
5931874816.0,-0.5344828963279724
5932812288.0,-0.544701099395752
5933749760.0,-0.5551373362541199
5934687744.0,-0.5651622414588928
5935625216.0,-0.5737557411193848
5936562688.0,-0.583657443523407
5937500160.0,-0.5926920175552368
5938437632.0,-0.6023692488670349
5939375104.0,-0.6101112365722656
5940312576.0,-0.617779552936554
5941250048.0,-0.6242592334747314
5942187520.0,-0.6292113661766052
5943124992.0,-0.6328930258750916
5944062464.0,-0.6338866949081421
5944999936.0,-0.632957935333252
5945937408.0,-0.4193539619445801
5946874880.0,-0.4356992542743683
5947812352.0,-0.45093899965286255
5948749824.0,-0.46620503067970276
5949687296.0,-0.48166391253471375
5950624768.0,-0.49618709087371826
5951562752.0,-0.5097114443778992
5952500224.0,-0.523174524307251
5953437696.0,-0.5344433188438416
5954375168.0,-0.5456221103668213
5955312640.0,-0.5531728863716125
5956250112.0,-0.561858057975769
5957187584.0,-0.5681068301200867
5958125056.0,-0.5717946290969849
5959062528.0,-0.5741770267486572
5960000000.0,-0.5753079652786255
5960937472.0,-0.5741708874702454
5961874944.0,-0.5717675089836121
5962812416.0,-0.568013608455658
5963749888.0,-0.5621426105499268
5964687360.0,-0.5561630725860596
5965624832.0,-0.5476927161216736
5966562304.0,-0.5391387343406677
5967499776.0,-0.5295982956886292
5968437248.0,-0.5184664726257324
5969375232.0,-0.5063683986663818
5970312704.0,-0.494865745306015
5971250176.0,-0.4832996129989624
5972187648.0,-0.47206154465675354
5973125120.0,-0.4611797332763672
5974062592.0,-0.4513199031352997
5975000064.0,-0.44163936376571655
5975937536.0,-0.43410181999206543
5976875008.0,-0.4256631135940552
5977812480.0,-0.418447881937027
5978749952.0,-0.4127242863178253
5979687424.0,-0.4077291786670685
5980624896.0,-0.4044307768344879
5981562368.0,-0.4012915790081024
5982499840.0,-0.3996092975139618
5983437312.0,-0.40040814876556396
5984374784.0,-0.40103721618652344
5985312256.0,-0.40390604734420776
5986250240.0,-0.4072466194629669
5987187712.0,-0.40934455394744873
5988125184.0,-0.41332995891571045
5989062656.0,-0.41516411304473877
5990000128.0,-0.4194658696651459
5990937600.0,-0.4229443669319153
5991875072.0,-0.4268811047077179
5992812544.0,-0.43041402101516724
5993750016.0,-0.4335339665412903
5994687488.0,-0.4376615583896637
5995624960.0,-0.4417521059513092
5996562432.0,-0.44624006748199463
5997499904.0,-0.44936686754226685
5998437376.0,-0.4532531499862671
5999374848.0,-0.45740944147109985
6000312320.0,-0.46149304509162903
6001249792.0,-0.464733749628067
6002187264.0,-0.46824249625205994
6003125248.0,-0.4717656373977661
6004062720.0,-0.4756814241409302
6005000192.0,-0.374602735042572
6005937664.0,-0.3820389211177826
6006875136.0,-0.391821950674057
6007812608.0,-0.4037584960460663
6008750080.0,-0.4168083965778351
6009687552.0,-0.4301512837409973
6010625024.0,-0.4448174834251404
6011562496.0,-0.4596138894557953
6012499968.0,-0.47640228271484375
6013437440.0,-0.4934990108013153
6014374912.0,-0.5108015537261963
6015312384.0,-0.5284537672996521
6016249856.0,-0.5461419224739075
6017187328.0,-0.5638788938522339
6018124800.0,-0.5811507105827332
6019062272.0,-0.5974081158638
6019999744.0,-0.6143482327461243
6020937728.0,-0.6304965019226074
6021875200.0,-0.6437011361122131
6022812672.0,-0.6581344604492188
6023750144.0,-0.669609010219574
6024687616.0,-0.6803925037384033
6025625088.0,-0.6902640461921692
6026562560.0,-0.6977810859680176
6027500032.0,-0.7036905884742737
6028437504.0,-0.7049621939659119
6029374976.0,-0.7061061859130859
6030312448.0,-0.7034546732902527
6031249920.0,-0.7003895044326782
6032187392.0,-0.6957277655601501
6033124864.0,-0.6879660487174988
6034062336.0,-0.678915798664093
6034999808.0,-0.6682038307189941
6035937280.0,-0.6563693881034851
6036874752.0,-0.6428126096725464
6037812736.0,-0.6273175477981567
6038750208.0,-0.6117230653762817
6039687680.0,-0.5936346054077148
6040625152.0,-0.5752675533294678
6041562624.0,-0.5575869083404541
6042500096.0,-0.5393643975257874
6043437568.0,-0.5217908620834351
6044375040.0,-0.5052425861358643
6045312512.0,-0.49001970887184143
6046249984.0,-0.4746095538139343
6047187456.0,-0.46106475591659546
6048124928.0,-0.4472736418247223
6049062400.0,-0.43474259972572327
6049999872.0,-0.42445307970046997
6050937344.0,-0.414467453956604
6051874816.0,-0.40448519587516785
6052812288.0,-0.39643004536628723
6053749760.0,-0.3902363181114197
6054687744.0,-0.3849325478076935
6055625216.0,-0.38101446628570557
6056562688.0,-0.3784850537776947
6057500160.0,-0.3776319921016693
6058437632.0,-0.379166841506958
6059375104.0,-0.378784716129303
6060312576.0,-0.38036221265792847
6061250048.0,-0.3828166425228119
6062187520.0,-0.3853127956390381
6063124992.0,-0.38919156789779663
6064062464.0,-0.3923463225364685
6064999936.0,-0.3901027739048004
6065937408.0,-0.3951413333415985
6066874880.0,-0.3999410569667816
6067812352.0,-0.40531572699546814
6068749824.0,-0.4109657406806946
6069687296.0,-0.4173054099082947
6070624768.0,-0.4253486692905426
6071562752.0,-0.4337404668331146
6072500224.0,-0.44221925735473633
6073437696.0,-0.45117154717445374
6074375168.0,-0.46127405762672424
6075312640.0,-0.47197413444519043
6076250112.0,-0.48279887437820435
6077187584.0,-0.4932132959365845
6078125056.0,-0.5032548308372498
6079062528.0,-0.511981189250946
6080000000.0,-0.5202769637107849
6080937472.0,-0.5298758745193481
6081874944.0,-0.5371640920639038
6082812416.0,-0.5440207123756409
6083749888.0,-0.5516917109489441
6084687360.0,-0.5573810338973999
6085624832.0,-0.5621721744537354
6086562304.0,-0.5646138191223145
6087499776.0,-0.5661982297897339
6088437248.0,-0.5668889284133911
6089375232.0,-0.5659743547439575
6090312704.0,-0.5642688870429993
6091250176.0,-0.5623729228973389
6092187648.0,-0.560066819190979
6093125120.0,-0.5553687214851379
6094062592.0,-0.5498937964439392
6095000064.0,-0.5439683198928833
6095937536.0,-0.5367024540901184
6096875008.0,-0.529747724533081
6097812480.0,-0.5210047364234924
6098749952.0,-0.5129600167274475
6099687424.0,-0.5047622919082642
6100624896.0,-0.494957834482193
6101562368.0,-0.48446694016456604
6102499840.0,-0.4746585786342621
6103437312.0,-0.46482518315315247
6104374784.0,-0.45541003346443176
6105312256.0,-0.44608038663864136
6106250240.0,-0.43821534514427185
6107187712.0,-0.43038636445999146
6108125184.0,-0.42313897609710693
6109062656.0,-0.4167097806930542
6110000128.0,-0.4108966588973999
6110937600.0,-0.40568095445632935
6111875072.0,-0.400221049785614
6112812544.0,-0.3954235315322876
6113750016.0,-0.3913966417312622
6114687488.0,-0.38816919922828674
6115624960.0,-0.3849020302295685
6116562432.0,-0.38264626264572144
6117499904.0,-0.3810369074344635
6118437376.0,-0.38017794489860535
6119374848.0,-0.3799095153808594
6120312320.0,-0.37932687997817993
6121249792.0,-0.38036808371543884
6122187264.0,-0.3796550929546356
6123125248.0,-0.38117316365242004
6124062720.0,-0.38238251209259033
6125000192.0,-0.5775887370109558
6125937664.0,-0.5880635380744934
6126875136.0,-0.5972359776496887
6127812608.0,-0.606870710849762
6128750080.0,-0.6142802238464355
6129687552.0,-0.6219662427902222
6130625024.0,-0.6289842128753662
6131562496.0,-0.6355553269386292
6132499968.0,-0.6408546566963196
6133437440.0,-0.6463051438331604
6134374912.0,-0.6497187614440918
6135312384.0,-0.6522730588912964
6136249856.0,-0.6531553864479065
6137187328.0,-0.6527882218360901
6138124800.0,-0.6521164178848267
6139062272.0,-0.6512095928192139
6140000256.0,-0.6494492888450623
6140937728.0,-0.6473484635353088
6141875200.0,-0.6448445320129395
6142812672.0,-0.6436071991920471
6143750144.0,-0.6411052346229553
6144687616.0,-0.6378384828567505
6145625088.0,-0.6342621445655823
6146562560.0,-0.6303901672363281
6147500032.0,-0.6273128390312195
6148437504.0,-0.6242881417274475
6149374976.0,-0.6211987137794495
6150312448.0,-0.6187474131584167
6151249920.0,-0.6154190301895142
6152187392.0,-0.6150533556938171
6153124864.0,-0.6134775280952454
6154062336.0,-0.6127437949180603
6154999808.0,-0.6120681762695312
6155937280.0,-0.6118459105491638
6156874752.0,-0.6121751666069031
6157812736.0,-0.6132086515426636
6158750208.0,-0.6151920557022095
6159687680.0,-0.6168094277381897
6160625152.0,-0.6193550229072571
6161562624.0,-0.6227880120277405
6162500096.0,-0.6270615458488464
6163437568.0,-0.6322671175003052
6164375040.0,-0.6351667642593384
6165312512.0,-0.6415191292762756
6166249984.0,-0.6463009119033813
6167187456.0,-0.6514540910720825
6168124928.0,-0.6572683453559875
6169062400.0,-0.6645880937576294
6169999872.0,-0.6720141768455505
6170937344.0,-0.6795620918273926
6171874816.0,-0.6873652338981628
6172812288.0,-0.6953160166740417
6173749760.0,-0.7039651274681091
6174687744.0,-0.7108612656593323
6175625216.0,-0.7198237180709839
6176562688.0,-0.7276850938796997
6177500160.0,-0.7363487482070923
6178437632.0,-0.7450903654098511
6179375104.0,-0.7522435784339905
6180312576.0,-0.7603253126144409
6181250048.0,-0.7680006623268127
6182187520.0,-0.7739413380622864
6183124992.0,-0.7802695631980896
6184062464.0,-0.7874405980110168
6184999936.0,-0.6290717720985413
6185937408.0,-0.6506116390228271
6186874880.0,-0.6703528761863708
6187812352.0,-0.6910028457641602
6188749824.0,-0.7114382982254028
6189687296.0,-0.7305638790130615
6190624768.0,-0.7481321096420288
6191562752.0,-0.7660164833068848
6192500224.0,-0.7808912992477417
6193437696.0,-0.7965354323387146
6194375168.0,-0.8119034171104431
6195312640.0,-0.8263806104660034
6196250112.0,-0.8404727578163147
6197187584.0,-0.8537713289260864
6198125056.0,-0.865222156047821
6199062528.0,-0.876375675201416
6200000000.0,-0.8843696713447571
6200937472.0,-0.8912652134895325
6201874944.0,-0.8950728178024292
6202812416.0,-0.8967289924621582
6203749888.0,-0.8968818783760071
6204687360.0,-0.8941617608070374
6205624832.0,-0.8904614448547363
6206562304.0,-0.885180652141571
6207499776.0,-0.8791942596435547
6208437248.0,-0.8703517317771912
6209375232.0,-0.8606302738189697
6210312704.0,-0.8502612113952637
6211250176.0,-0.8397077322006226
6212187648.0,-0.8271792531013489
6213125120.0,-0.8147225975990295
6214062592.0,-0.8011954426765442
6215000064.0,-0.7870456576347351
6215937536.0,-0.7724049687385559
6216875008.0,-0.7574663758277893
6217812480.0,-0.7421382069587708
6218749952.0,-0.727461040019989
6219687424.0,-0.712141752243042
6220624896.0,-0.6974149942398071
6221562368.0,-0.6844469308853149
6222499840.0,-0.6706905364990234
6223437312.0,-0.6584699153900146
6224374784.0,-0.6470932364463806
6225312256.0,-0.6361974477767944
6226250240.0,-0.6272114515304565
6227187712.0,-0.6183027625083923
6228125184.0,-0.609421968460083
6229062656.0,-0.6024573445320129
6230000128.0,-0.5959003567695618
6230937600.0,-0.5911220908164978
6231875072.0,-0.5883476734161377
6232812544.0,-0.5876191854476929
6233750016.0,-0.5883232355117798
6234687488.0,-0.5904633402824402
6235624960.0,-0.5940432548522949
6236562432.0,-0.5985609292984009
6237499904.0,-0.6048215627670288
6238437376.0,-0.6122580766677856
6239374848.0,-0.6205235719680786
6240312320.0,-0.6303426623344421
6241249792.0,-0.6395936608314514
6242187264.0,-0.6494172811508179
6243125248.0,-0.6592978835105896
6244062720.0,-0.6701298356056213
6245000192.0,-0.6761310696601868
6245937664.0,-0.6910489797592163
6246875136.0,-0.7043803334236145
6247812608.0,-0.7200894951820374
6248750080.0,-0.7346658706665039
6249687552.0,-0.7504633665084839
6250625024.0,-0.7645312547683716
6251562496.0,-0.7786058187484741
6252499968.0,-0.7922124862670898
6253437440.0,-0.8047325015068054
6254374912.0,-0.8163567185401917
6255312384.0,-0.8281148076057434
6256249856.0,-0.8399789333343506
6257187328.0,-0.8500989675521851
6258124800.0,-0.8599942922592163
6259062272.0,-0.8682627081871033
6259999744.0,-0.8764771819114685
6260937728.0,-0.8841400146484375
6261875200.0,-0.890762209892273
6262812672.0,-0.8952306509017944
6263750144.0,-0.8989383578300476
6264687616.0,-0.9015165567398071
6265625088.0,-0.901305079460144
6266562560.0,-0.902540385723114
6267500032.0,-0.9024825096130371
6268437504.0,-0.903139054775238
6269374976.0,-0.9012570381164551
6270312448.0,-0.9010235071182251
6271249920.0,-0.8980425596237183
6272187392.0,-0.8958872556686401
6273124864.0,-0.8919302821159363
6274062336.0,-0.8897873163223267
6274999808.0,-0.8844726085662842
6275937280.0,-0.8811430335044861
6276874752.0,-0.8762199878692627
6277812736.0,-0.8721066117286682
6278750208.0,-0.8673798441886902
6279687680.0,-0.8628903031349182
6280625152.0,-0.8578092455863953
6281562624.0,-0.8538329601287842
6282500096.0,-0.851260781288147
6283437568.0,-0.8488602042198181
6284375040.0,-0.8471474051475525
6285312512.0,-0.8471329808235168
6286249984.0,-0.8483546376228333
6287187456.0,-0.8492384552955627
6288124928.0,-0.8493611216545105
6289062400.0,-0.8499796986579895
6289999872.0,-0.8516610860824585
6290937344.0,-0.8534364700317383
6291874816.0,-0.8557381629943848
6292812288.0,-0.8599371910095215
6293749760.0,-0.8622922301292419
6294687744.0,-0.8663225173950195
6295625216.0,-0.8720771074295044
6296562688.0,-0.8774471879005432
6297500160.0,-0.8834608793258667
6298437632.0,-0.8909919857978821
6299375104.0,-0.8993253111839294
6300312576.0,-0.9082708358764648
6301250048.0,-0.9179655313491821
6302187520.0,-0.9281940460205078
6303124992.0,-0.9386046528816223
6304062464.0,-0.9504321217536926
6304999936.0,-0.9783913493156433
6305937408.0,-0.9885075092315674
6306874880.0,-1.0001055002212524
6307812352.0,-1.009934902191162
6308749824.0,-1.0204752683639526
6309687296.0,-1.0299606323242188
6310624768.0,-1.0388712882995605
6311562752.0,-1.0487077236175537
6312500224.0,-1.0581443309783936
6313437696.0,-1.0679104328155518
6314375168.0,-1.076294183731079
6315312640.0,-1.0864924192428589
6316250112.0,-1.0957132577896118
6317187584.0,-1.10507333278656
6318125056.0,-1.115797519683838
6319062528.0,-1.1256362199783325
6320000000.0,-1.1354060173034668
6320937472.0,-1.1438077688217163
6321874944.0,-1.1534473896026611
6322812416.0,-1.1649315357208252
6323749888.0,-1.1756259202957153
6324687360.0,-1.1868637800216675
6325624832.0,-1.1961908340454102
6326562304.0,-1.2075896263122559
6327499776.0,-1.2164185047149658
6328437248.0,-1.2264572381973267
6329375232.0,-1.234078288078308
6330312704.0,-1.2424174547195435
6331250176.0,-1.247706413269043
6332187648.0,-1.251518964767456
6333125120.0,-1.254568338394165
6334062592.0,-1.2577940225601196
6335000064.0,-1.2598594427108765
6335937536.0,-1.261778712272644
6336875008.0,-1.262536883354187
6337812480.0,-1.262565016746521
6338749952.0,-1.2615810632705688
6339687424.0,-1.258821964263916
6340624896.0,-1.254408597946167
6341562368.0,-1.248548150062561
6342499840.0,-1.239853024482727
6343437312.0,-1.2294387817382812
6344374784.0,-1.2189459800720215
6345312256.0,-1.2064433097839355
6346250240.0,-1.193257451057434
6347187712.0,-1.1811960935592651
6348125184.0,-1.1685348749160767
6349062656.0,-1.1564877033233643
6350000128.0,-1.1436179876327515
6350937600.0,-1.1306328773498535
6351875072.0,-1.117517113685608
6352812544.0,-1.104418396949768
6353750016.0,-1.0932906866073608
6354687488.0,-1.0809595584869385
6355624960.0,-1.069838285446167
6356562432.0,-1.0586473941802979
6357499904.0,-1.048336148262024
6358437376.0,-1.0387271642684937
6359374848.0,-1.0316864252090454
6360312320.0,-1.0252044200897217
6361249792.0,-1.0164934396743774
6362187264.0,-1.0105286836624146
6363125248.0,-1.0054588317871094
6364062720.0,-1.0037245750427246
6365000192.0,-1.3769859075546265
6365937664.0,-1.3893277645111084
6366875136.0,-1.4027178287506104
6367812608.0,-1.4153096675872803
6368750080.0,-1.428223967552185
6369687552.0,-1.4426236152648926
6370625024.0,-1.455018401145935
6371562496.0,-1.469791293144226
6372499968.0,-1.4832288026809692
6373437440.0,-1.4961917400360107
6374374912.0,-1.5072523355484009
6375312384.0,-1.5183215141296387
6376249856.0,-1.5261725187301636
6377187328.0,-1.5337244272232056
6378124800.0,-1.5395829677581787
6379062272.0,-1.5442618131637573
6380000256.0,-1.5470635890960693
6380937728.0,-1.5492660999298096
6381875200.0,-1.5504686832427979
6382812672.0,-1.5502809286117554
6383750144.0,-1.5506829023361206
6384687616.0,-1.5485103130340576
6385625088.0,-1.5464890003204346
6386562560.0,-1.5420948266983032
6387500032.0,-1.5367350578308105
6388437504.0,-1.530855655670166
6389374976.0,-1.5253700017929077
6390312448.0,-1.5189930200576782
6391249920.0,-1.5132402181625366
6392187392.0,-1.5051261186599731
6393124864.0,-1.497615098953247
6394062336.0,-1.4879481792449951
6394999808.0,-1.4786128997802734
6395937280.0,-1.4681205749511719
6396874752.0,-1.4568182229995728
6397812736.0,-1.4455209970474243
6398750208.0,-1.4360514879226685
6399687680.0,-1.4255210161209106
6400625152.0,-1.4175657033920288
6401562624.0,-1.409685730934143
6402500096.0,-1.4044445753097534
6403437568.0,-1.4003201723098755
6404375040.0,-1.399267315864563
6405312512.0,-1.3989510536193848
6406249984.0,-1.400617241859436
6407187456.0,-1.4041341543197632
6408124928.0,-1.4108891487121582
6409062400.0,-1.4196854829788208
6409999872.0,-1.4304553270339966
6410937344.0,-1.442111849784851
6411874816.0,-1.4537807703018188
6412812288.0,-1.4684325456619263
6413749760.0,-1.4853452444076538
6414687744.0,-1.505157232284546
6415625216.0,-1.524930715560913
6416562688.0,-1.547308087348938
6417500160.0,-1.5716495513916016
6418437632.0,-1.5973793268203735
6419375104.0,-1.6227037906646729
6420312576.0,-1.6500550508499146
6421250048.0,-1.6771109104156494
6422187520.0,-1.7039951086044312
6423124992.0,-1.732393741607666
6424062464.0,-1.7611881494522095
6424999936.0,-1.7930660247802734
6425937408.0,-1.8234000205993652
6426874880.0,-1.8536317348480225
6427812352.0,-1.8845844268798828
6428749824.0,-1.9169009923934937
6429687296.0,-1.9476491212844849
6430624768.0,-1.9775365591049194
6431562752.0,-2.0097711086273193
6432500224.0,-2.039738893508911
6433437696.0,-2.0702414512634277
6434375168.0,-2.0993993282318115
6435312640.0,-2.1270227432250977
6436250112.0,-2.153534173965454
6437187584.0,-2.1773266792297363
6438125056.0,-2.2021424770355225
6439062528.0,-2.2240524291992188
6440000000.0,-2.2444615364074707
6440937472.0,-2.262958526611328
6441874944.0,-2.280172109603882
6442812416.0,-2.2951343059539795
6443749888.0,-2.308495044708252
6444687360.0,-2.3214328289031982
6445624832.0,-2.3321006298065186
6446562304.0,-2.34098219871521
6447499776.0,-2.3458518981933594
6448437248.0,-2.3500590324401855
6449375232.0,-2.350996732711792
6450312704.0,-2.3502774238586426
6451250176.0,-2.350402593612671
6452187648.0,-2.349320888519287
6453125120.0,-2.347689151763916
6454062592.0,-2.3459763526916504
6455000064.0,-2.3421683311462402
6455937536.0,-2.337941884994507
6456875008.0,-2.332395076751709
6457812480.0,-2.32705020904541
6458749952.0,-2.3213183879852295
6459687424.0,-2.317365884780884
6460624896.0,-2.3135218620300293
6461562368.0,-2.310110569000244
6462499840.0,-2.3080058097839355
6463437312.0,-2.3078858852386475
6464374784.0,-2.3067209720611572
6465312256.0,-2.306464433670044
6466250240.0,-2.307126045227051
6467187712.0,-2.307734489440918
6468125184.0,-2.3109354972839355
6469062656.0,-2.314889907836914
6470000128.0,-2.322840929031372
6470937600.0,-2.3308868408203125
6471875072.0,-2.3415019512176514
6472812544.0,-2.355072021484375
6473750016.0,-2.367859363555908
6474687488.0,-2.384860038757324
6475624960.0,-2.4025278091430664
6476562432.0,-2.421860456466675
6477499904.0,-2.4439587593078613
6478437376.0,-2.4675135612487793
6479374848.0,-2.4916653633117676
6480312320.0,-2.5197174549102783
6481249792.0,-2.547262668609619
6482187264.0,-2.5759646892547607
6483125248.0,-2.6067426204681396
6484062720.0,-2.6404876708984375
6485000192.0,-2.7359137535095215
6485937664.0,-2.759812355041504
6486875136.0,-2.78341007232666
6487812608.0,-2.807591438293457
6488750080.0,-2.831974983215332
6489687552.0,-2.8591744899749756
6490625024.0,-2.8862993717193604
6491562496.0,-2.91397762298584
6492499968.0,-2.94372296333313
6493437440.0,-2.9737415313720703
6494374912.0,-3.0064566135406494
6495312384.0,-3.0380563735961914
6496249856.0,-3.0702064037323
6497187328.0,-3.103726387023926
6498124800.0,-3.136110305786133
6499062272.0,-3.1700453758239746
6499999744.0,-3.204606056213379
6500937728.0,-3.2372069358825684
6501875200.0,-3.2682836055755615
6502812672.0,-3.2985610961914062
6503750144.0,-3.3259098529815674
6504687616.0,-3.352142095565796
6505625088.0,-3.375286102294922
6506562560.0,-3.3984663486480713
6507500032.0,-3.4208269119262695
6508437504.0,-3.442627429962158
6509374976.0,-3.4675488471984863
6510312448.0,-3.491389513015747
6511249920.0,-3.517573833465576
6512187392.0,-3.5427677631378174
6513124864.0,-3.570770502090454
6514062336.0,-3.59732723236084
6514999808.0,-3.6263842582702637
6515937280.0,-3.6554837226867676
6516874752.0,-3.6842260360717773
6517812736.0,-3.717621326446533
6518750208.0,-3.751645088195801
6519687680.0,-3.787652015686035
6520625152.0,-3.8256304264068604
6521562624.0,-3.86297607421875
6522500096.0,-3.900568723678589
6523437568.0,-3.9402875900268555
6524375040.0,-3.9792850017547607
6525312512.0,-4.02048397064209
6526249984.0,-4.061914920806885
6527187456.0,-4.103771686553955
6528124928.0,-4.147880554199219
6529062400.0,-4.191773414611816
6529999872.0,-4.235596656799316
6530937344.0,-4.279219627380371
6531874816.0,-4.322440147399902
6532812288.0,-4.365593433380127
6533749760.0,-4.408879280090332
6534687744.0,-4.453098773956299
6535625216.0,-4.49970817565918
6536562688.0,-4.546271800994873
6537500160.0,-4.593345642089844
6538437632.0,-4.638561725616455
6539375104.0,-4.684646129608154
6540312576.0,-4.731678485870361
6541250048.0,-4.777710437774658
6542187520.0,-4.822476387023926
6543124992.0,-4.865715980529785
6544062464.0,-4.908517837524414
6544999936.0,-4.944631576538086
6545937408.0,-4.988251686096191
6546874880.0,-5.032932281494141
6547812352.0,-5.080209732055664
6548749824.0,-5.127904891967773
6549687296.0,-5.175125598907471
6550624768.0,-5.221877574920654
6551562752.0,-5.2692952156066895
6552500224.0,-5.317067623138428
6553437696.0,-5.363280773162842
6554375168.0,-5.410041809082031
6555312640.0,-5.457847595214844
6556250112.0,-5.505023002624512
6557187584.0,-5.5521063804626465
6558125056.0,-5.601365566253662
6559062528.0,-5.652801990509033
6560000000.0,-5.70637845993042
6560937472.0,-5.760605335235596
6561874944.0,-5.816321849822998
6562812416.0,-5.873068809509277
6563749888.0,-5.93064546585083
6564687360.0,-5.991573810577393
6565624832.0,-6.05504846572876
6566562304.0,-6.119602203369141
6567499776.0,-6.185369968414307
6568437248.0,-6.249217510223389
6569375232.0,-6.312067031860352
6570312704.0,-6.374444484710693
6571250176.0,-6.434087753295898
6572187648.0,-6.494736194610596
6573125120.0,-6.559871673583984
6574062592.0,-6.62709379196167
6575000064.0,-6.6991376876831055
6575937536.0,-6.774672031402588
6576875008.0,-6.858065605163574
6577812480.0,-6.948248386383057
6578749952.0,-7.045851230621338
6579687424.0,-7.144850254058838
6580624896.0,-7.247928619384766
6581562368.0,-7.3530097007751465
6582499840.0,-7.453985214233398
6583437312.0,-7.555621147155762
6584374784.0,-7.647193908691406
6585312256.0,-7.736420631408691
6586250240.0,-7.81969690322876
6587187712.0,-7.898591041564941
6588125184.0,-7.978896617889404
6589062656.0,-8.062644004821777
6590000128.0,-8.153365135192871
6590937600.0,-8.248709678649902
6591875072.0,-8.347214698791504
6592812544.0,-8.450568199157715
6593750016.0,-8.554473876953125
6594687488.0,-8.660027503967285
6595624960.0,-8.764641761779785
6596562432.0,-8.869524955749512
6597499904.0,-8.978779792785645
6598437376.0,-9.096020698547363
6599374848.0,-9.215301513671875
6600312320.0,-9.33891773223877
6601249792.0,-9.455486297607422
6602187264.0,-9.570847511291504
6603125248.0,-9.681032180786133
6604062720.0,-9.787784576416016
6605000192.0,-9.882206916809082
6605937664.0,-9.980435371398926
6606875136.0,-10.071702003479004
6607812608.0,-10.161080360412598
6608750080.0,-10.24831485748291
6609687552.0,-10.33619499206543
6610625024.0,-10.421893119812012
6611562496.0,-10.50601577758789
6612499968.0,-10.588606834411621
6613437440.0,-10.671401023864746
6614374912.0,-10.749942779541016
6615312384.0,-10.822704315185547
6616249856.0,-10.897998809814453
6617187328.0,-10.970168113708496
6618124800.0,-11.04192066192627
6619062272.0,-11.108881950378418
6620000256.0,-11.174307823181152
6620937728.0,-11.240104675292969
6621875200.0,-11.299446105957031
6622812672.0,-11.361159324645996
6623750144.0,-11.417427062988281
6624687616.0,-11.466032981872559
6625625088.0,-11.50875473022461
6626562560.0,-11.546894073486328
6627500032.0,-11.577067375183105
6628437504.0,-11.602043151855469
6629374976.0,-11.619980812072754
6630312448.0,-11.634658813476562
6631249920.0,-11.648272514343262
6632187392.0,-11.659890174865723
6633124864.0,-11.672712326049805
6634062336.0,-11.683040618896484
6634999808.0,-11.690291404724121
6635937280.0,-11.695595741271973
6636874752.0,-11.69247055053711
6637812736.0,-11.678552627563477
6638750208.0,-11.656014442443848
6639687680.0,-11.618922233581543
6640625152.0,-11.576448440551758
6641562624.0,-11.52433967590332
6642500096.0,-11.465901374816895
6643437568.0,-11.405552864074707
6644375040.0,-11.337904930114746
6645312512.0,-11.269099235534668
6646249984.0,-11.196319580078125
6647187456.0,-11.118812561035156
6648124928.0,-11.04012393951416
6649062400.0,-10.955597877502441
6649999872.0,-10.870014190673828
6650937344.0,-10.782085418701172
6651874816.0,-10.693474769592285
6652812288.0,-10.610057830810547
6653749760.0,-10.525471687316895
6654687744.0,-10.440261840820312
6655625216.0,-10.352987289428711
6656562688.0,-10.260990142822266
6657500160.0,-10.16299819946289
6658437632.0,-10.06209659576416
6659375104.0,-9.961129188537598
6660312576.0,-9.85722541809082
6661250048.0,-9.751420021057129
6662187520.0,-9.641321182250977
6663124992.0,-9.530862808227539
6664062464.0,-9.418842315673828
6664999936.0,-9.294912338256836
6665937408.0,-9.184130668640137
6666874880.0,-9.0764799118042
6667812352.0,-8.968403816223145
6668749824.0,-8.86352252960205
6669687296.0,-8.7598876953125
6670624768.0,-8.657879829406738
6671562752.0,-8.552653312683105
6672500224.0,-8.452133178710938
6673437696.0,-8.348015785217285
6674375168.0,-8.2433443069458
6675312640.0,-8.139137268066406
6676250112.0,-8.036803245544434
6677187584.0,-7.93607234954834
6678125056.0,-7.837192535400391
6679062528.0,-7.742677211761475
6680000000.0,-7.648419380187988
6680937472.0,-7.556793212890625
6681874944.0,-7.465867042541504
6682812416.0,-7.377707481384277
6683749888.0,-7.289867877960205
6684687360.0,-7.204946041107178
6685624832.0,-7.120048999786377
6686562304.0,-7.040645122528076
6687499776.0,-6.96649169921875
6688437248.0,-6.896769046783447
6689375232.0,-6.82965087890625
6690312704.0,-6.766819477081299
6691250176.0,-6.703856945037842
6692187648.0,-6.645369529724121
6693125120.0,-6.588607311248779
6694062592.0,-6.534348964691162
6695000064.0,-6.482142925262451
6695937536.0,-6.428476333618164
6696875008.0,-6.37576961517334
6697812480.0,-6.322312831878662
6698749952.0,-6.270257949829102
6699687424.0,-6.218215465545654
6700624896.0,-6.165314674377441
6701562368.0,-6.113787651062012
6702499840.0,-6.061286926269531
6703437312.0,-6.009893417358398
6704374784.0,-5.960738658905029
6705312256.0,-5.913158893585205
6706250240.0,-5.862987518310547
6707187712.0,-5.811155796051025
6708125184.0,-5.755548000335693
6709062656.0,-5.699990749359131
6710000128.0,-5.6422905921936035
6710937600.0,-5.584268569946289
6711875072.0,-5.526111125946045
6712812544.0,-5.467695236206055
6713750016.0,-5.407323360443115
6714687488.0,-5.342390060424805
6715624960.0,-5.275495529174805
6716562432.0,-5.2073540687561035
6717499904.0,-5.1385626792907715
6718437376.0,-5.0712809562683105
6719374848.0,-5.004514217376709
6720312320.0,-4.942081451416016
6721249792.0,-4.877136707305908
6722187264.0,-4.811710357666016
6723125248.0,-4.744808673858643
6724062720.0,-4.677388668060303
6725000192.0,-4.386699199676514
6725937664.0,-4.312520980834961
6726875136.0,-4.240346431732178
6727812608.0,-4.1731109619140625
6728750080.0,-4.106808185577393
6729687552.0,-4.043689727783203
6730625024.0,-3.9847323894500732
6731562496.0,-3.928520679473877
6732499968.0,-3.8736071586608887
6733437440.0,-3.8208656311035156
6734374912.0,-3.770038604736328
6735312384.0,-3.7208480834960938
6736249856.0,-3.6720893383026123
6737187328.0,-3.6233584880828857
6738124800.0,-3.57794451713562
6739062272.0,-3.5342581272125244
6739999744.0,-3.4929022789001465
6740937728.0,-3.4549202919006348
6741875200.0,-3.4175496101379395
6742812672.0,-3.384542465209961
6743750144.0,-3.35214900970459
6744687616.0,-3.3217947483062744
6745625088.0,-3.295536518096924
6746562560.0,-3.2689995765686035
6747500032.0,-3.24240779876709
6748437504.0,-3.217066764831543
6749374976.0,-3.193779468536377
6750312448.0,-3.1711044311523438
6751249920.0,-3.150630235671997
6752187392.0,-3.130704402923584
6753124864.0,-3.112816572189331
6754062336.0,-3.0964906215667725
6754999808.0,-3.0809485912323
6755937280.0,-3.063896894454956
6756874752.0,-3.0472779273986816
6757812736.0,-3.0303878784179688
6758750208.0,-3.0120346546173096
6759687680.0,-2.994753837585449
6760625152.0,-2.9782464504241943
6761562624.0,-2.9611220359802246
6762500096.0,-2.941174030303955
6763437568.0,-2.9204721450805664
6764375040.0,-2.8984262943267822
6765312512.0,-2.875377655029297
6766249984.0,-2.8516862392425537
6767187456.0,-2.826780319213867
6768124928.0,-2.8016018867492676
6769062400.0,-2.775438070297241
6769999872.0,-2.7484235763549805
6770937344.0,-2.718538284301758
6771874816.0,-2.690298080444336
6772812288.0,-2.6561288833618164
6773749760.0,-2.623633623123169
6774687744.0,-2.5890698432922363
6775625216.0,-2.5539803504943848
6776562688.0,-2.519934892654419
6777500160.0,-2.485193967819214
6778437632.0,-2.4546897411346436
6779375104.0,-2.424333333969116
6780312576.0,-2.393134117126465
6781250048.0,-2.3646600246429443
6782187520.0,-2.335512638092041
6783124992.0,-2.3057260513305664
6784062464.0,-2.2768867015838623
6784999936.0,-2.254948139190674
6785937408.0,-2.220780372619629
6786874880.0,-2.186554193496704
6787812352.0,-2.155092239379883
6788749824.0,-2.124187707901001
6789687296.0,-2.094621181488037
6790624768.0,-2.0663411617279053
6791562752.0,-2.037681818008423
6792500224.0,-2.0122597217559814
6793437696.0,-1.986235499382019
6794375168.0,-1.9631963968276978
6795312640.0,-1.941646695137024
6796250112.0,-1.9201264381408691
6797187584.0,-1.901186466217041
6798125056.0,-1.883292317390442
6799062528.0,-1.8659871816635132
6800000000.0,-1.851406455039978
6800937472.0,-1.8372268676757812
6801874944.0,-1.8244374990463257
6802812416.0,-1.811826229095459
6803749888.0,-1.8024349212646484
6804687360.0,-1.7932360172271729
6805624832.0,-1.7821602821350098
6806562304.0,-1.7717355489730835
6807499776.0,-1.7612954378128052
6808437248.0,-1.7499994039535522
6809375232.0,-1.7378613948822021
6810312704.0,-1.727798581123352
6811250176.0,-1.714896321296692
6812187648.0,-1.7023780345916748
6813125120.0,-1.6892670392990112
6814062592.0,-1.6753978729248047
6815000064.0,-1.6616015434265137
6815937536.0,-1.6473995447158813
6816875008.0,-1.6338374614715576
6817812480.0,-1.619093894958496
6818749952.0,-1.6045231819152832
6819687424.0,-1.5889689922332764
6820624896.0,-1.5731101036071777
6821562368.0,-1.5563868284225464
6822499840.0,-1.5377423763275146
6823437312.0,-1.5208605527877808
6824374784.0,-1.501278042793274
6825312256.0,-1.4806644916534424
6826250240.0,-1.459963321685791
6827187712.0,-1.438210368156433
6828125184.0,-1.4162023067474365
6829062656.0,-1.3940765857696533
6830000128.0,-1.3717572689056396
6830937600.0,-1.3491754531860352
6831875072.0,-1.3268089294433594
6832812544.0,-1.304132342338562
6833750016.0,-1.281417965888977
6834687488.0,-1.2601110935211182
6835624960.0,-1.2391046285629272
6836562432.0,-1.2194567918777466
6837499904.0,-1.200234293937683
6838437376.0,-1.1818444728851318
6839374848.0,-1.1640117168426514
6840312320.0,-1.1483951807022095
6841249792.0,-1.1344993114471436
6842187264.0,-1.121336579322815
6843125248.0,-1.1100986003875732
6844062720.0,-1.0996986627578735
6845000192.0,-1.064586877822876
6845937664.0,-1.0566089153289795
6846875136.0,-1.049256443977356
6847812608.0,-1.0429712533950806
6848750080.0,-1.0381547212600708
6849687552.0,-1.034881353378296
6850625024.0,-1.032091498374939
6851562496.0,-1.0306305885314941
6852499968.0,-1.031878113746643
6853437440.0,-1.0334490537643433
6854374912.0,-1.0345832109451294
6855312384.0,-1.0365365743637085
6856249856.0,-1.0407204627990723
6857187328.0,-1.0448079109191895
6858124800.0,-1.0513190031051636
6859062272.0,-1.0570552349090576
6860000256.0,-1.0638965368270874
6860937728.0,-1.0724992752075195
6861875200.0,-1.081032633781433
6862812672.0,-1.0903335809707642
6863750144.0,-1.0991628170013428
6864687616.0,-1.1088531017303467
6865625088.0,-1.1205211877822876
6866562560.0,-1.1302580833435059
6867500032.0,-1.1406114101409912
6868437504.0,-1.1499940156936646
6869374976.0,-1.1593581438064575
6870312448.0,-1.1675928831100464
6871249920.0,-1.1750831604003906
6872187392.0,-1.1804656982421875
6873124864.0,-1.1843345165252686
6874062336.0,-1.1876561641693115
6874999808.0,-1.1874194145202637
6875937280.0,-1.1863462924957275
6876874752.0,-1.1827510595321655
6877812736.0,-1.1780927181243896
6878750208.0,-1.1714802980422974
6879687680.0,-1.1605300903320312
6880625152.0,-1.147371768951416
6881562624.0,-1.1314496994018555
6882500096.0,-1.1141529083251953
6883437568.0,-1.0959720611572266
6884375040.0,-1.0747729539871216
6885312512.0,-1.052427053451538
6886249984.0,-1.0293700695037842
6887187456.0,-1.0046025514602661
6888124928.0,-0.9775002002716064
6889062400.0,-0.9507429599761963
6889999872.0,-0.922792911529541
6890937344.0,-0.8943695425987244
6891874816.0,-0.8644720315933228
6892812288.0,-0.8341744542121887
6893749760.0,-0.8034912347793579
6894687744.0,-0.7727213501930237
6895625216.0,-0.7424709796905518
6896562688.0,-0.7130905389785767
6897500160.0,-0.6828709244728088
6898437632.0,-0.6550192832946777
6899375104.0,-0.6268875598907471
6900312576.0,-0.5998290777206421
6901250048.0,-0.5743671655654907
6902187520.0,-0.549946665763855
6903124992.0,-0.5261722207069397
6904062464.0,-0.5031040906906128
6904999936.0,-0.4707930386066437
6905937408.0,-0.4679676592350006
6906874880.0,-0.46554845571517944
6907812352.0,-0.46320557594299316
6908749824.0,-0.4627101719379425
6909687296.0,-0.4640553593635559
6910624768.0,-0.4669889211654663
6911562752.0,-0.4695930778980255
6912500224.0,-0.47493264079093933
6913437696.0,-0.4802530109882355
6914375168.0,-0.4874463677406311
6915312640.0,-0.49464958906173706
6916250112.0,-0.5025801062583923
6917187584.0,-0.5100557804107666
6918125056.0,-0.51927649974823
6919062528.0,-0.5281804800033569
6920000000.0,-0.5380874872207642
6920937472.0,-0.5477558970451355
6921874944.0,-0.5577734708786011
6922812416.0,-0.5673903822898865
6923749888.0,-0.5770336985588074
6924687360.0,-0.5862246751785278
6925624832.0,-0.5952059626579285
6926562304.0,-0.6036505103111267
6927499776.0,-0.6118353009223938
6928437248.0,-0.6196375489234924
6929375232.0,-0.6279053688049316
6930312704.0,-0.6341646313667297
6931250176.0,-0.643606424331665
6932187648.0,-0.6532061100006104
6933125120.0,-0.6611620783805847
6934062592.0,-0.6693502068519592
6935000064.0,-0.6754702925682068
6935937536.0,-0.6809030771255493
6936875008.0,-0.6862725615501404
6937812480.0,-0.6892627477645874
6938749952.0,-0.6923226714134216
6939687424.0,-0.6949695348739624
6940624896.0,-0.6958816051483154
6941562368.0,-0.6967443823814392
6942499840.0,-0.6968569159507751
6943437312.0,-0.695818305015564
6944374784.0,-0.6936129927635193
6945312256.0,-0.690140962600708
6946250240.0,-0.6864507794380188
6947187712.0,-0.6803501844406128
6948125184.0,-0.6745058298110962
6949062656.0,-0.6676231026649475
6950000128.0,-0.6597548723220825
6950937600.0,-0.6502306461334229
6951875072.0,-0.6411160826683044
6952812544.0,-0.6296148300170898
6953750016.0,-0.6184040307998657
6954687488.0,-0.6051571369171143
6955624960.0,-0.5909467935562134
6956562432.0,-0.579278290271759
6957499904.0,-0.566046953201294
6958437376.0,-0.5534496307373047
6959374848.0,-0.5395937561988831
6960312320.0,-0.5245304107666016
6961249792.0,-0.5094761252403259
6962187264.0,-0.49496594071388245
6963125248.0,-0.4794555604457855
6964062720.0,-0.4632672965526581
6965000192.0,-0.38484513759613037
6965937664.0,-0.3761337697505951
6966875136.0,-0.3683949112892151
6967812608.0,-0.36138126254081726
6968750080.0,-0.35479238629341125
6969687552.0,-0.34909355640411377
6970625024.0,-0.3433559834957123
6971562496.0,-0.33806830644607544
6972499968.0,-0.333016574382782
6973437440.0,-0.32775747776031494
6974374912.0,-0.32388079166412354
6975312384.0,-0.32087817788124084
6976249856.0,-0.317935973405838
6977187328.0,-0.3160618245601654
6978124800.0,-0.3157939016819
6979062272.0,-0.3154715597629547
6979999744.0,-0.31694063544273376
6980937728.0,-0.3199756443500519
6981875200.0,-0.32273566722869873
6982812672.0,-0.32638052105903625
6983750144.0,-0.33096253871917725
6984687616.0,-0.33697760105133057
6985625088.0,-0.34418153762817383
6986562560.0,-0.352838933467865
6987500032.0,-0.36221563816070557
6988437504.0,-0.3722110688686371
6989374976.0,-0.3837536573410034
6990312448.0,-0.39460957050323486
6991249920.0,-0.40693289041519165
6992187392.0,-0.4201183617115021
6993124864.0,-0.43262413144111633
6994062336.0,-0.4458543658256531
6994999808.0,-0.4587687849998474
6995937280.0,-0.4713989198207855
6996874752.0,-0.4837488532066345
6997812736.0,-0.4968014359474182
6998750208.0,-0.5081602334976196
6999687680.0,-0.5196699500083923
7000625152.0,-0.5298762917518616
7001562624.0,-0.5396022796630859
7002500096.0,-0.5472063422203064
7003437568.0,-0.5544335246086121
7004375040.0,-0.5607729554176331
7005312512.0,-0.5645932555198669
7006249984.0,-0.5684933066368103
7007187456.0,-0.5702816843986511
7008124928.0,-0.5713861584663391
7009062400.0,-0.571448028087616
7009999872.0,-0.5694996118545532
7010937344.0,-0.5655348300933838
7011874816.0,-0.5612149238586426
7012812288.0,-0.5552563071250916
7013749760.0,-0.5488643050193787
7014687744.0,-0.5421000719070435
7015625216.0,-0.5329166054725647
7016562688.0,-0.5237618684768677
7017500160.0,-0.5145395398139954
7018437632.0,-0.5046353936195374
7019375104.0,-0.4948711395263672
7020312576.0,-0.4854177236557007
7021250048.0,-0.4752153158187866
7022187520.0,-0.4653818607330322
7023124992.0,-0.45674929022789
7024062464.0,-0.4472326338291168
7024999936.0,-0.42079299688339233
7025937408.0,-0.41316017508506775
7026874880.0,-0.40746232867240906
7027812352.0,-0.4018653333187103
7028749824.0,-0.3963814377784729
7029687296.0,-0.3932465612888336
7030624768.0,-0.3911537528038025
7031562752.0,-0.39026743173599243
7032500224.0,-0.3900296688079834
7033437696.0,-0.39142900705337524
7034375168.0,-0.39523813128471375
7035312640.0,-0.39957815408706665
7036250112.0,-0.4046866297721863
7037187584.0,-0.41139495372772217
7038125056.0,-0.4189693331718445
7039062528.0,-0.42706403136253357
7040000000.0,-0.4360213279724121
7040937472.0,-0.4459794759750366
7041874944.0,-0.4559541642665863
7042812416.0,-0.464150995016098
7043749888.0,-0.47387197613716125
7044687360.0,-0.48260918259620667
7045624832.0,-0.49024316668510437
7046562304.0,-0.49618077278137207
7047499776.0,-0.5015285611152649
7048437248.0,-0.5053222179412842
7049375232.0,-0.5067524909973145
7050312704.0,-0.5090611577033997
7051250176.0,-0.5078896880149841
7052187648.0,-0.5073792338371277
7053125120.0,-0.5018227696418762
7054062592.0,-0.49680641293525696
7055000064.0,-0.4896731674671173
7055937536.0,-0.48104122281074524
7056875008.0,-0.47031620144844055
7057812480.0,-0.45711788535118103
7058749952.0,-0.44177907705307007
7059687424.0,-0.4255606532096863
7060624896.0,-0.4060269594192505
7061562368.0,-0.3872876763343811
7062499840.0,-0.36645805835723877
7063437312.0,-0.3458397686481476
7064374784.0,-0.32460835576057434
7065312256.0,-0.30446845293045044
7066250240.0,-0.2822488844394684
7067187712.0,-0.26157939434051514
7068125184.0,-0.23985542356967926
7069062656.0,-0.22052352130413055
7070000128.0,-0.2012951374053955
7070937600.0,-0.18218959867954254
7071875072.0,-0.16478626430034637
7072812544.0,-0.14884977042675018
7073750016.0,-0.1353382021188736
7074687488.0,-0.12270072847604752
7075624960.0,-0.11182358860969543
7076562432.0,-0.10313580930233002
7077499904.0,-0.09661202132701874
7078437376.0,-0.09144274145364761
7079374848.0,-0.08992675691843033
7080312320.0,-0.08973974734544754
7081249792.0,-0.09329337626695633
7082187264.0,-0.09937676042318344
7083125248.0,-0.10722493380308151
7084062720.0,-0.1166330948472023
7085000192.0,-0.272633820772171
7085937664.0,-0.2845969796180725
7086875136.0,-0.29969561100006104
7087812608.0,-0.3155529201030731
7088750080.0,-0.332332044839859
7089687552.0,-0.3515844941139221
7090625024.0,-0.37413397431373596
7091562496.0,-0.39592310786247253
7092499968.0,-0.42060592770576477
7093437440.0,-0.44866907596588135
7094374912.0,-0.4770798087120056
7095312384.0,-0.5077332258224487
7096249856.0,-0.5387282967567444
7097187328.0,-0.5713585615158081
7098124800.0,-0.6046032905578613
7099062272.0,-0.6376853585243225
7100000256.0,-0.6714282035827637
7100937728.0,-0.7045764327049255
7101875200.0,-0.7360218167304993
7102812672.0,-0.7667375206947327
7103750144.0,-0.7962098717689514
7104687616.0,-0.8220742344856262
7105625088.0,-0.8460955619812012
7106562560.0,-0.8668510913848877
7107500032.0,-0.8865822553634644
7108437504.0,-0.9006645679473877
7109374976.0,-0.9113244414329529
7110312448.0,-0.9192904829978943
7111249920.0,-0.9221895933151245
7112187392.0,-0.9210821986198425
7113124864.0,-0.9170542359352112
7114062336.0,-0.9084084033966064
7114999808.0,-0.8962835073471069
7115937280.0,-0.8796170949935913
7116874752.0,-0.8602253198623657
7117812736.0,-0.8366243243217468
7118750208.0,-0.8112455606460571
7119687680.0,-0.7825130224227905
7120625152.0,-0.7527558207511902
7121562624.0,-0.7199839949607849
7122500096.0,-0.6858647465705872
7123437568.0,-0.6515299677848816
7124375040.0,-0.6142974495887756
7125312512.0,-0.5763537883758545
7126249984.0,-0.5414255261421204
7127187456.0,-0.5051813721656799
7128124928.0,-0.46915751695632935
7129062400.0,-0.4341421127319336
7129999872.0,-0.40048500895500183
7130937344.0,-0.3661597669124603
7131874816.0,-0.33365562558174133
7132812288.0,-0.3033687174320221
7133749760.0,-0.2746562957763672
7134687744.0,-0.2475845217704773
7135625216.0,-0.22418704628944397
7136562688.0,-0.2016635239124298
7137500160.0,-0.18140840530395508
7138437632.0,-0.16322925686836243
7139375104.0,-0.14627203345298767
7140312576.0,-0.13304777443408966
7141250048.0,-0.12025894969701767
7142187520.0,-0.1106516569852829
7143124992.0,-0.10307443141937256
7144062464.0,-0.20188269019126892
7144999936.0,-0.2034371942281723
7145937408.0,-0.20533223450183868
7146874880.0,-0.20762747526168823
7147812352.0,-0.21098692715168
7148749824.0,-0.21528948843479156
7149687296.0,-0.22061088681221008
7150624768.0,-0.2263345569372177
7151562752.0,-0.2345927357673645
7152500224.0,-0.2423693686723709
7153437696.0,-0.2527087330818176
7154375168.0,-0.2650482952594757
7155312640.0,-0.2810724377632141
7156250112.0,-0.2977726459503174
7157187584.0,-0.3178633749485016
7158125056.0,-0.341216117143631
7159062528.0,-0.3661831319332123
7160000000.0,-0.3946027159690857
7160937472.0,-0.4199133813381195
7161874944.0,-0.4433169960975647
7162812416.0,-0.46479201316833496
7163749888.0,-0.4819572865962982
7164687360.0,-0.4962673485279083
7165624832.0,-0.5062578916549683
7166562304.0,-0.5134688019752502
7167499776.0,-0.5185072422027588
7168437248.0,-0.5221380591392517
7169375232.0,-0.5249230265617371
7170312704.0,-0.5270419716835022
7171250176.0,-0.5292038917541504
7172187648.0,-0.532164454460144
7173125120.0,-0.536003589630127
7174062592.0,-0.5424443483352661
7175000064.0,-0.5488999485969543
7175937536.0,-0.557853639125824
7176875008.0,-0.5698112845420837
7177812480.0,-0.5830539464950562
7178749952.0,-0.599429190158844
7179687424.0,-0.618172824382782
7180624896.0,-0.6388497948646545
7181562368.0,-0.6584780216217041
7182499840.0,-0.6806526184082031
7183437312.0,-0.7017918825149536
7184374784.0,-0.7209863066673279
7185312256.0,-0.7384688854217529
7186250240.0,-0.7529682517051697
7187187712.0,-0.7661824822425842
7188125184.0,-0.7752504348754883
7189062656.0,-0.7811102867126465
7190000128.0,-0.7847760915756226
7190937600.0,-0.7828017473220825
7191875072.0,-0.7767581343650818
7192812544.0,-0.7682974934577942
7193750016.0,-0.7562549710273743
7194687488.0,-0.7405768036842346
7195624960.0,-0.7207383513450623
7196562432.0,-0.6987165808677673
7197499904.0,-0.6745478510856628
7198437376.0,-0.6484605073928833
7199374848.0,-0.6210469603538513
7200312320.0,-0.5942423343658447
7201249792.0,-0.5674979090690613
7202187264.0,-0.5418051481246948
7203125248.0,-0.5183030962944031
7204062720.0,-0.6442363262176514
7205000192.0,-0.6366716027259827
7205937664.0,-0.6317378878593445
7206875136.0,-0.6282799243927002
7207812608.0,-0.6284624338150024
7208750080.0,-0.6294393539428711
7209687552.0,-0.6339709162712097
7210625024.0,-0.6400955319404602
7211562496.0,-0.6515215635299683
7212499968.0,-0.6653885245323181
7213437440.0,-0.6800351738929749
7214374912.0,-0.6981095671653748
7215312384.0,-0.7181036472320557
7216249856.0,-0.7371324300765991
7217187328.0,-0.7580316066741943
7218124800.0,-0.7779852151870728
7219062272.0,-0.7991658449172974
7219999744.0,-0.8203426599502563
7220937728.0,-0.8400744795799255
7221875200.0,-0.8604418635368347
7222812672.0,-0.8773247599601746
7223750144.0,-0.8918048739433289
7224687616.0,-0.9070104360580444
7225625088.0,-0.9187246561050415
7226562560.0,-0.9277591109275818
7227500032.0,-0.9366925358772278
7228437504.0,-0.9428202509880066
7229374976.0,-0.9467656016349792
7230312448.0,-0.9497407078742981
7231249920.0,-0.9506783485412598
7232187392.0,-0.9500720500946045
7233124864.0,-0.947501003742218
7234062336.0,-0.9440590739250183
7234999808.0,-0.9400397539138794
7235937280.0,-0.9344087243080139
7236874752.0,-0.9297687411308289
7237812736.0,-0.9246260523796082
7238750208.0,-0.9188157320022583
7239687680.0,-0.9143081903457642
7240625152.0,-0.9086818099021912
7241562624.0,-0.9041764736175537
7242500096.0,-0.9019424319267273
7243437568.0,-0.899030864238739
7244375040.0,-0.897759735584259
7245312512.0,-0.8980280160903931
7246249984.0,-0.9001991152763367
7247187456.0,-0.9047596454620361
7248124928.0,-0.9101347923278809
7249062400.0,-0.9169802069664001
7249999872.0,-0.9258360862731934
7250937344.0,-0.9365829825401306
7251874816.0,-0.9481432437896729
7252812288.0,-0.961924135684967
7253749760.0,-0.9764260649681091
7254687744.0,-0.991609513759613
7255625216.0,-1.0092004537582397
7256562688.0,-1.0258598327636719
7257500160.0,-1.0436006784439087
7258437632.0,-1.0612064599990845
7259375104.0,-1.0792763233184814
7260312576.0,-1.0963172912597656
7261250048.0,-1.1139239072799683
7262187520.0,-1.128082036972046
7263124992.0,-1.1425366401672363
7264062464.0,-1.1715534925460815
7264999936.0,-1.184470295906067
7265937408.0,-1.19741690158844
7266874880.0,-1.2113404273986816
7267812352.0,-1.224395751953125
7268749824.0,-1.2379330396652222
7269687296.0,-1.2497236728668213
7270624768.0,-1.2597793340682983
7271562752.0,-1.270501971244812
7272500224.0,-1.2793974876403809
7273437696.0,-1.2871521711349487
7274375168.0,-1.294303059577942
7275312640.0,-1.2997407913208008
7276250112.0,-1.3031517267227173
7277187584.0,-1.302920937538147
7278125056.0,-1.3044209480285645
7279062528.0,-1.301761507987976
7280000000.0,-1.2968686819076538
7280937472.0,-1.2890774011611938
7281874944.0,-1.2785834074020386
7282812416.0,-1.2660051584243774
7283749888.0,-1.2504135370254517
7284687360.0,-1.232208490371704
7285624832.0,-1.2124388217926025
7286562304.0,-1.1911746263504028
7287499776.0,-1.1696290969848633
7288437248.0,-1.1448029279708862
7289375232.0,-1.1186898946762085
7290312704.0,-1.0923709869384766
7291250176.0,-1.0631494522094727
7292187648.0,-1.0336869955062866
7293125120.0,-1.0025283098220825
7294062592.0,-0.9709999561309814
7295000064.0,-0.9375158548355103
7295937536.0,-0.9037492871284485
7296875008.0,-0.8685455918312073
7297812480.0,-0.8337651491165161
7298749952.0,-0.7994658946990967
7299687424.0,-0.763699471950531
7300624896.0,-0.7304269075393677
7301562368.0,-0.6964767575263977
7302499840.0,-0.662885308265686
7303437312.0,-0.6300720572471619
7304374784.0,-0.5979976058006287
7305312256.0,-0.5659196376800537
7306250240.0,-0.5341634750366211
7307187712.0,-0.502633810043335
7308125184.0,-0.4728296101093292
7309062656.0,-0.4439918100833893
7310000128.0,-0.4153742492198944
7310937600.0,-0.3900170922279358
7311875072.0,-0.3649768531322479
7312812544.0,-0.34310027956962585
7313750016.0,-0.3248250484466553
7314687488.0,-0.30900391936302185
7315624960.0,-0.29486197233200073
7316562432.0,-0.2812528908252716
7317499904.0,-0.2706523835659027
7318437376.0,-0.2615759074687958
7319374848.0,-0.2531152367591858
7320312320.0,-0.2479674518108368
7321249792.0,-0.2443413883447647
7322187264.0,-0.2422381043434143
7323125248.0,-0.24222874641418457
7324062720.0,-0.3993370234966278
7325000192.0,-0.39838752150535583
7325937664.0,-0.39738136529922485
7326875136.0,-0.39908918738365173
7327812608.0,-0.4026471972465515
7328750080.0,-0.40707510709762573
7329687552.0,-0.41316017508506775
7330625024.0,-0.42102184891700745
7331562496.0,-0.4292967915534973
7332499968.0,-0.4369282126426697
7333437440.0,-0.44738855957984924
7334374912.0,-0.4566906690597534
7335312384.0,-0.4689325988292694
7336249856.0,-0.4794386029243469
7337187328.0,-0.49067217111587524
7338124800.0,-0.5010796785354614
7339062272.0,-0.5089350938796997
7340000256.0,-0.5181445479393005
7340937728.0,-0.526757538318634
7341875200.0,-0.5328528881072998
7342812672.0,-0.5387424230575562
7343750144.0,-0.5437329411506653
7344687616.0,-0.5483033657073975
7345625088.0,-0.5502565503120422
7346562560.0,-0.5513508915901184
7347500032.0,-0.5509988069534302
7348437504.0,-0.549129068851471
7349374976.0,-0.5443017482757568
7350312448.0,-0.5400840640068054
7351249920.0,-0.5331541895866394
7352187392.0,-0.5242041945457458
7353124864.0,-0.5164782404899597
7354062336.0,-0.5069822669029236
7354999808.0,-0.4959840178489685
7355937280.0,-0.4854004979133606
7356874752.0,-0.4742041230201721
7357812736.0,-0.46143150329589844
7358750208.0,-0.44764721393585205
7359687680.0,-0.43298208713531494
7360625152.0,-0.41825374960899353
7361562624.0,-0.403034508228302
7362500096.0,-0.3879067301750183
7363437568.0,-0.3726124167442322
7364375040.0,-0.3534984290599823
7365312512.0,-0.3346056342124939
7366249984.0,-0.3162332773208618
7367187456.0,-0.2972043752670288
7368124928.0,-0.27838578820228577
7369062400.0,-0.260520875453949
7369999872.0,-0.24257341027259827
7370937344.0,-0.2224954217672348
7371874816.0,-0.20337946712970734
7372812288.0,-0.18604515492916107
7373749760.0,-0.16559705138206482
7374687744.0,-0.1460881233215332
7375625216.0,-0.12579551339149475
7376562688.0,-0.10481508076190948
7377500160.0,-0.08434849977493286
7378437632.0,-0.06269196420907974
7379375104.0,-0.04128141701221466
7380312576.0,-0.019248005002737045
7381250048.0,0.0018467294285073876
7382187520.0,0.023575466126203537
7383124992.0,0.04575872793793678
7384062464.0,0.05604269728064537
7384999936.0,0.0630057230591774
7385937408.0,0.0697374939918518
7386874880.0,0.07604170590639114
7387812352.0,0.08128704130649567
7388749824.0,0.0863577127456665
7389687296.0,0.09162435680627823
7390624768.0,0.0960947647690773
7391562752.0,0.10007733106613159
7392500224.0,0.1048821210861206
7393437696.0,0.1091495156288147
7394375168.0,0.11398927867412567
7395312640.0,0.11954383552074432
7396250112.0,0.12572963535785675
7397187584.0,0.13172166049480438
7398125056.0,0.13882046937942505
7399062528.0,0.14517046511173248
7400000000.0,0.15261225402355194
7400937472.0,0.15992365777492523
7401874944.0,0.16665121912956238
7402812416.0,0.17467017471790314
7403749888.0,0.17951500415802002
7404687360.0,0.18501634895801544
7405624832.0,0.19053837656974792
7406562304.0,0.19317355751991272
7407499776.0,0.19440075755119324
7408437248.0,0.194845050573349
7409375232.0,0.19118955731391907
7410312704.0,0.1875813752412796
7411250176.0,0.1807735413312912
7412187648.0,0.17109039425849915
7413125120.0,0.16025929152965546
7414062592.0,0.1454179286956787
7415000064.0,0.12900511920452118
7415937536.0,0.10928932577371597
7416875008.0,0.08847718685865402
7417812480.0,0.06690298765897751
7418749952.0,0.04302505776286125
7419687424.0,0.017633721232414246
7420624896.0,-0.008444726467132568
7421562368.0,-0.03502703830599785
7422499840.0,-0.0595146119594574
7423437312.0,-0.08562048524618149
7424374784.0,-0.1115323007106781
7425312256.0,-0.13640566170215607
7426250240.0,-0.15826639533042908
7427187712.0,-0.18093585968017578
7428125184.0,-0.20168450474739075
7429062656.0,-0.22062335908412933
7430000128.0,-0.23790869116783142
7430937600.0,-0.2542648911476135
7431875072.0,-0.267886757850647
7432812544.0,-0.28021782636642456
7433750016.0,-0.29127511382102966
7434687488.0,-0.30145910382270813
7435624960.0,-0.3099149763584137
7436562432.0,-0.31760942935943604
7437499904.0,-0.324236661195755
7438437376.0,-0.3295164108276367
7439374848.0,-0.3340716063976288
7440312320.0,-0.33684995770454407
7441249792.0,-0.3367547392845154
7442187264.0,-0.33763664960861206
7443125248.0,-0.33692339062690735
7444062720.0,-0.11356861889362335
7445000192.0,-0.0956345945596695
7445937664.0,-0.07976183295249939
7446875136.0,-0.06677684187889099
7447812608.0,-0.05643327161669731
7448750080.0,-0.0477089062333107
7449687552.0,-0.04147358238697052
7450625024.0,-0.0361936017870903
7451562496.0,-0.03152498975396156
7452499968.0,-0.028734169900417328
7453437440.0,-0.025863565504550934
7454374912.0,-0.024407248944044113
7455312384.0,-0.022854650393128395
7456249856.0,-0.021189009770751
7457187328.0,-0.017701996490359306
7458124800.0,-0.013780527748167515
7459062272.0,-0.010346269235014915
7459999744.0,-0.005202461499720812
7460937728.0,0.0012982295593246818
7461875200.0,0.007541792467236519
7462812672.0,0.015307391062378883
7463750144.0,0.024957481771707535
7464687616.0,0.034952785819768906
7465625088.0,0.04577014222741127
7466562560.0,0.05658812075853348
7467500032.0,0.06736119091510773
7468437504.0,0.08040355890989304
7469374976.0,0.09156808257102966
7470312448.0,0.10393811017274857
7471249920.0,0.11690746992826462
7472187392.0,0.12775978446006775
7473124864.0,0.1392236053943634
7474062336.0,0.1496521532535553
7474999808.0,0.15893501043319702
7475937280.0,0.16774559020996094
7476874752.0,0.17640642821788788
7477812736.0,0.18268947303295135
7478750208.0,0.18819355964660645
7479687680.0,0.19279219210147858
7480625152.0,0.19626173377037048
7481562624.0,0.1982334405183792
7482500096.0,0.19805793464183807
7483437568.0,0.19651775062084198
7484375040.0,0.19382736086845398
7485312512.0,0.18932218849658966
7486249984.0,0.18265444040298462
7487187456.0,0.1755000650882721
7488124928.0,0.1666792631149292
7489062400.0,0.15613405406475067
7489999872.0,0.14455419778823853
7490937344.0,0.13118156790733337
7491874816.0,0.1142999678850174
7492812288.0,0.09746032953262329
7493749760.0,0.07958202809095383
7494687744.0,0.06034998595714569
7495625216.0,0.041715122759342194
7496562688.0,0.02239018678665161
7497500160.0,0.0035422099754214287
7498437632.0,-0.015161361545324326
7499375104.0,-0.03324199095368385
7500312576.0,-0.0511031337082386
7501250048.0,-0.06648573279380798
7502187520.0,-0.08392886072397232
7503124992.0,-0.09957513958215714
7504062464.0,-0.07944165170192719
7504999936.0,-0.0903535708785057
7505937408.0,-0.10005586594343185
7506874880.0,-0.10979200899600983
7507812352.0,-0.11879522353410721
7508749824.0,-0.12811441719532013
7509687296.0,-0.13681194186210632
7510624768.0,-0.14431986212730408
7511562752.0,-0.151162788271904
7512500224.0,-0.1580173820257187
7513437696.0,-0.1641336977481842
7514375168.0,-0.16885064542293549
7515312640.0,-0.1732172667980194
7516250112.0,-0.1767706274986267
7517187584.0,-0.1819019466638565
7518125056.0,-0.18447189033031464
7519062528.0,-0.1868864744901657
7520000000.0,-0.18727459013462067
7520937472.0,-0.18788503110408783
7521874944.0,-0.1859716773033142
7522812416.0,-0.18357078731060028
7523749888.0,-0.18007488548755646
7524687360.0,-0.1768651306629181
7525624832.0,-0.17062193155288696
7526562304.0,-0.16334578394889832
7527499776.0,-0.1576542854309082
7528437248.0,-0.14879313111305237
7529375232.0,-0.1392154097557068
7530312704.0,-0.1288459748029709
7531250176.0,-0.11701484769582748
7532187648.0,-0.10613742470741272
7533125120.0,-0.09227695316076279
7534062592.0,-0.07786349952220917
7535000064.0,-0.06354323774576187
7535937536.0,-0.04862704873085022
7536875008.0,-0.03272508457303047
7537812480.0,-0.016028013080358505
7538749952.0,0.001452757976949215
7539687424.0,0.018042217940092087
7540624896.0,0.036130405962467194
7541562368.0,0.05414465069770813
7542499840.0,0.07415839284658432
7543437312.0,0.0947408527135849
7544374784.0,0.11485514044761658
7545312256.0,0.1355648785829544
7546250240.0,0.15650957822799683
7547187712.0,0.17794694006443024
7548125184.0,0.19831450283527374
7549062656.0,0.218824103474617
7550000128.0,0.23873402178287506
7550937600.0,0.2583812475204468
7551875072.0,0.2761772572994232
7552812544.0,0.29544690251350403
7553750016.0,0.3132544159889221
7554687488.0,0.32948899269104004
7555624960.0,0.3445938229560852
7556562432.0,0.3595018982887268
7557499904.0,0.3733013868331909
7558437376.0,0.3860865533351898
7559374848.0,0.39528679847717285
7560312320.0,0.40407639741897583
7561249792.0,0.40950313210487366
7562187264.0,0.4152166545391083
7563125248.0,0.41739410161972046
7564062720.0,0.197183758020401
7565000192.0,0.1974598616361618
7565937664.0,0.19528497755527496
7566875136.0,0.19270078837871552
7567812608.0,0.1902870237827301
7568750080.0,0.18698640167713165
7569687552.0,0.18348318338394165
7570625024.0,0.1788642555475235
7571562496.0,0.17220145463943481
7572499968.0,0.16486527025699615
7573437440.0,0.15672357380390167
7574374912.0,0.1475326269865036
7575312384.0,0.13664694130420685
7576249856.0,0.1242329329252243
7577187328.0,0.11121759563684464
7578124800.0,0.0962795838713646
7579062272.0,0.0825890600681305
7580000256.0,0.06599393486976624
7580937728.0,0.048629455268383026
7581875200.0,0.03162242844700813
7582812672.0,0.01290322095155716
7583750144.0,-0.004783600103110075
7584687616.0,-0.024270663037896156
7585625088.0,-0.043498143553733826
7586562560.0,-0.06278491765260696
7587500032.0,-0.082131028175354
7588437504.0,-0.10244274884462357
7589374976.0,-0.12217569351196289
7590312448.0,-0.14218385517597198
7591249920.0,-0.1620827615261078
7592187392.0,-0.18062230944633484
7593124864.0,-0.2000460922718048
7594062336.0,-0.2164037525653839
7594999808.0,-0.2341703474521637
7595937280.0,-0.24978993833065033
7596874752.0,-0.26409631967544556
7597812736.0,-0.2769336700439453
7598750208.0,-0.28765514492988586
7599687680.0,-0.2984011769294739
7600625152.0,-0.30536046624183655
7601562624.0,-0.31202462315559387
7602500096.0,-0.31695589423179626
7603437568.0,-0.3196483850479126
7604375040.0,-0.32095202803611755
7605312512.0,-0.3190045952796936
7606249984.0,-0.315930038690567
7607187456.0,-0.311456561088562
7608124928.0,-0.30470237135887146
7609062400.0,-0.29553961753845215
7609999872.0,-0.284390389919281
7610937344.0,-0.27186256647109985
7611874816.0,-0.25629404187202454
7612812288.0,-0.24052248895168304
7613749760.0,-0.2209523469209671
7614687744.0,-0.20022433996200562
7615625216.0,-0.1785714030265808
7616562688.0,-0.15491759777069092
7617500160.0,-0.13022038340568542
7618437632.0,-0.10551942139863968
7619375104.0,-0.07746416330337524
7620312576.0,-0.05024641752243042
7621250048.0,-0.02249765768647194
7622187520.0,0.007036385126411915
7623124992.0,0.03444648161530495
7624062464.0,0.06252089887857437
7624999936.0,0.08986601233482361
7625937408.0,0.11575336754322052
7626874880.0,0.14111019670963287
7627812352.0,0.16569523513317108
7628749824.0,0.18935221433639526
7629687296.0,0.21036918461322784
7630624768.0,0.23164412379264832
7631562752.0,0.24952024221420288
7632500224.0,0.2675274908542633
7633437696.0,0.28224337100982666
7634375168.0,0.29624801874160767
7635312640.0,0.3076854348182678
7636250112.0,0.31694257259368896
7637187584.0,0.32443714141845703
7638125056.0,0.33026257157325745
7639062528.0,0.33401939272880554
7640000000.0,0.3343629240989685
7640937472.0,0.33390337228775024
7641874944.0,0.3305950164794922
7642812416.0,0.3258510231971741
7643749888.0,0.3205430805683136
7644687360.0,0.31317755579948425
7645624832.0,0.30441415309906006
7646562304.0,0.29234278202056885
7647499776.0,0.2800852954387665
7648437248.0,0.2665213942527771
7649375232.0,0.2509007155895233
7650312704.0,0.2342613935470581
7651250176.0,0.21482503414154053
7652187648.0,0.1955541968345642
7653125120.0,0.17551805078983307
7654062592.0,0.1535729318857193
7655000064.0,0.13004885613918304
7655937536.0,0.10650987178087234
7656875008.0,0.0819229781627655
7657812480.0,0.055984850972890854
7658749952.0,0.03044266253709793
7659687424.0,0.004019688814878464
7660624896.0,-0.022102870047092438
7661562368.0,-0.04890241101384163
7662499840.0,-0.07547932863235474
7663437312.0,-0.10206399857997894
7664374784.0,-0.1260891556739807
7665312256.0,-0.1523991823196411
7666250240.0,-0.17645539343357086
7667187712.0,-0.19864501059055328
7668125184.0,-0.21988168358802795
7669062656.0,-0.24024397134780884
7670000128.0,-0.25862714648246765
7670937600.0,-0.2757343053817749
7671875072.0,-0.2918862998485565
7672812544.0,-0.3045809268951416
7673750016.0,-0.31539127230644226
7674687488.0,-0.32366782426834106
7675624960.0,-0.33033207058906555
7676562432.0,-0.3329211175441742
7677499904.0,-0.3338261842727661
7678437376.0,-0.3324265480041504
7679374848.0,-0.32909178733825684
7680312320.0,-0.3230864405632019
7681249792.0,-0.3142963945865631
7682187264.0,-0.3038133978843689
7683125248.0,-0.2914729118347168
7684062720.0,-0.26910972595214844
7685000192.0,-0.2581542134284973
7685937664.0,-0.24660009145736694
7686875136.0,-0.23370866477489471
7687812608.0,-0.21912755072116852
7688750080.0,-0.20232945680618286
7689687552.0,-0.18458454310894012
7690625024.0,-0.1663818061351776
7691562496.0,-0.14649870991706848
7692499968.0,-0.1273125261068344
7693437440.0,-0.10627958923578262
7694374912.0,-0.08542904257774353
7695312384.0,-0.06833960115909576
7696249856.0,-0.04879114776849747
7697187328.0,-0.03131634369492531
7698124800.0,-0.013712911866605282
7699062272.0,0.0030056058894842863
7699999744.0,0.02017046883702278
7700937728.0,0.03690190985798836
7701875200.0,0.052297793328762054
7702812672.0,0.0675574392080307
7703750144.0,0.08173928409814835
7704687616.0,0.09483465552330017
7705625088.0,0.10868458449840546
7706562560.0,0.11994469910860062
7707500032.0,0.1319751739501953
7708437504.0,0.14121705293655396
7709374976.0,0.15206997096538544
7710312448.0,0.16088062524795532
7711249920.0,0.16975714266300201
7712187392.0,0.17789705097675323
7713124864.0,0.18529042601585388
7714062336.0,0.19315245747566223
7714999808.0,0.2000739723443985
7715937280.0,0.20633924007415771
7716874752.0,0.21129801869392395
7717812736.0,0.2171844094991684
7718750208.0,0.2222607284784317
7719687680.0,0.22691230475902557
7720625152.0,0.2295866310596466
7721562624.0,0.23153255879878998
7722500096.0,0.2349568009376526
7723437568.0,0.23571819067001343
7724375040.0,0.23664595186710358
7725312512.0,0.2358214408159256
7726249984.0,0.23459328711032867
7727187456.0,0.23367322981357574
7728124928.0,0.2298336774110794
7729062400.0,0.22570167481899261
7729999872.0,0.22076892852783203
7730937344.0,0.2143343687057495
7731874816.0,0.20669245719909668
7732812288.0,0.19760099053382874
7733749760.0,0.18699951469898224
7734687744.0,0.17479021847248077
7735625216.0,0.16116942465305328
7736562688.0,0.145534947514534
7737500160.0,0.1300068497657776
7738437632.0,0.11225879937410355
7739375104.0,0.09271739423274994
7740312576.0,0.07132744044065475
7741250048.0,0.0479813814163208
7742187520.0,0.02543484978377819
7743124992.0,0.0011848234571516514
7744062464.0,-0.03243342041969299
7744999936.0,-0.03674604371190071
7745937408.0,-0.04293421655893326
7746874880.0,-0.0479314886033535
7747812352.0,-0.055621061474084854
7748749824.0,-0.06406734138727188
7749687296.0,-0.07535170763731003
7750624768.0,-0.08570275455713272
7751562752.0,-0.09971261024475098
7752500224.0,-0.11310960352420807
7753437696.0,-0.12875370681285858
7754375168.0,-0.14563754200935364
7755312640.0,-0.16279539465904236
7756250112.0,-0.18061208724975586
7757187584.0,-0.1990944743156433
7758125056.0,-0.21877361834049225
7759062528.0,-0.2380523383617401
7760000000.0,-0.25713643431663513
7760937472.0,-0.2758671045303345
7761874944.0,-0.2945258617401123
7762812416.0,-0.3127020597457886
7763749888.0,-0.3297421336174011
7764687360.0,-0.3458717167377472
7765624832.0,-0.36160171031951904
7766562304.0,-0.3753962516784668
7767499776.0,-0.38853365182876587
7768437248.0,-0.3994034230709076
7769375232.0,-0.4090164005756378
7770312704.0,-0.4157472252845764
7771250176.0,-0.421164333820343
7772187648.0,-0.4266560673713684
7773125120.0,-0.4284987449645996
7774062592.0,-0.42848339676856995
7775000064.0,-0.425525039434433
7775937536.0,-0.4203355610370636
7776875008.0,-0.4133318066596985
7777812480.0,-0.40203094482421875
7778749952.0,-0.38977622985839844
7779687424.0,-0.37508586049079895
7780624896.0,-0.35785773396492004
7781562368.0,-0.33845141530036926
7782499840.0,-0.31562650203704834
7783437312.0,-0.2922603189945221
7784374784.0,-0.26690518856048584
7785312256.0,-0.23989135026931763
7786250240.0,-0.2108321338891983
7787187712.0,-0.17994287610054016
7788125184.0,-0.14757494628429413
7789062656.0,-0.11581886559724808
7790000128.0,-0.08132384717464447
7790937600.0,-0.04821978509426117
7791875072.0,-0.014141635037958622
7792812544.0,0.019417060539126396
7793750016.0,0.0544297881424427
7794687488.0,0.08789811283349991
7795624960.0,0.11988496035337448
7796562432.0,0.15075872838497162
7797499904.0,0.1814965456724167
7798437376.0,0.21026983857154846
7799374848.0,0.23836113512516022
7800312320.0,0.26216891407966614
7801249792.0,0.28574106097221375
7802187264.0,0.3066658675670624
7803125248.0,0.32444241642951965
7804062720.0,0.15291865170001984
7805000192.0,0.1642661839723587
7805937664.0,0.17480365931987762
7806875136.0,0.18318112194538116
7807812608.0,0.19045160710811615
7808750080.0,0.19570529460906982
7809687552.0,0.19882364571094513
7810625024.0,0.19868555665016174
7811562496.0,0.19794435799121857
7812499968.0,0.19435368478298187
7813437440.0,0.18842190504074097
7814374912.0,0.17996570467948914
7815312384.0,0.1694711446762085
7816249856.0,0.15730346739292145
7817187328.0,0.14101144671440125
7818124800.0,0.12389637529850006
7819062272.0,0.10481643676757812
7820000256.0,0.08324964344501495
7820937728.0,0.06037724018096924
7821875200.0,0.035734765231609344
7822812672.0,0.011371497064828873
7823750144.0,-0.013790072873234749
7824687616.0,-0.041002895683050156
7825625088.0,-0.06840305030345917
7826562560.0,-0.09630665928125381
7827500032.0,-0.12420845776796341
7828437504.0,-0.152755469083786
7829374976.0,-0.180741548538208
7830312448.0,-0.20950275659561157
7831249920.0,-0.2373693883419037
7832187392.0,-0.26356250047683716
7833124864.0,-0.29036813974380493
7834062336.0,-0.3157414495944977
7834999808.0,-0.3396662175655365
7835937280.0,-0.3633226156234741
7836874752.0,-0.3834039270877838
7837812736.0,-0.4035404324531555
7838750208.0,-0.42108815908432007
7839687680.0,-0.4360657334327698
7840625152.0,-0.4500338137149811
7841562624.0,-0.4613104462623596
7842500096.0,-0.47115448117256165
7843437568.0,-0.4788239300251007
7844375040.0,-0.4841306507587433
7845312512.0,-0.48812833428382874
7846249984.0,-0.4895634353160858
7847187456.0,-0.4897557497024536
7848124928.0,-0.48385411500930786
7849062400.0,-0.4773969352245331
7849999872.0,-0.46745797991752625
7850937344.0,-0.4577215611934662
7851874816.0,-0.445002019405365
7852812288.0,-0.43241041898727417
7853749760.0,-0.41965264081954956
7854687744.0,-0.40455010533332825
7855625216.0,-0.3880254924297333
7856562688.0,-0.3707681894302368
7857500160.0,-0.35343295335769653
7858437632.0,-0.3344810903072357
7859375104.0,-0.3179610073566437
7860312576.0,-0.29948779940605164
7861250048.0,-0.2791568338871002
7862187520.0,-0.26087066531181335
7863124992.0,-0.24215413630008698
7864062464.0,-0.22424860298633575
7864999936.0,-0.20564623177051544
7865937408.0,-0.18794499337673187
7866874880.0,-0.16974622011184692
7867812352.0,-0.15248824656009674
7868749824.0,-0.13403430581092834
7869687296.0,-0.11572598665952682
7870624768.0,-0.0980353057384491
7871562752.0,-0.08059637993574142
7872500224.0,-0.06349348276853561
7873437696.0,-0.04737574979662895
7874375168.0,-0.030829844996333122
7875312640.0,-0.01443626917898655
7876250112.0,-0.0006300368695519865
7877187584.0,0.013426396064460278
7878125056.0,0.02488499879837036
7879062528.0,0.03455991670489311
7880000000.0,0.04291927441954613
7880937472.0,0.0489022471010685
7881874944.0,0.05330580100417137
7882812416.0,0.05396440625190735
7883749888.0,0.052310243248939514
7884687360.0,0.04736993461847305
7885624832.0,0.04148221015930176
7886562304.0,0.031571462750434875
7887499776.0,0.019704516977071762
7888437248.0,0.004664307460188866
7889375232.0,-0.012749726884067059
7890312704.0,-0.032060232013463974
7891250176.0,-0.05260247737169266
7892187648.0,-0.07603106647729874
7893125120.0,-0.10099522769451141
7894062592.0,-0.12649275362491608
7895000064.0,-0.1540234088897705
7895937536.0,-0.18086157739162445
7896875008.0,-0.20812079310417175
7897812480.0,-0.2357926368713379
7898749952.0,-0.2642041742801666
7899687424.0,-0.29429030418395996
7900624896.0,-0.3224162459373474
7901562368.0,-0.35047951340675354
7902499840.0,-0.3783200681209564
7903437312.0,-0.40558549761772156
7904374784.0,-0.42914408445358276
7905312256.0,-0.45389315485954285
7906250240.0,-0.47554489970207214
7907187712.0,-0.4977254867553711
7908125184.0,-0.5190753936767578
7909062656.0,-0.5387508273124695
7910000128.0,-0.558152973651886
7910937600.0,-0.5762611627578735
7911875072.0,-0.5934178233146667
7912812544.0,-0.6115493774414062
7913750016.0,-0.6283379793167114
7914687488.0,-0.6454642415046692
7915624960.0,-0.6633689999580383
7916562432.0,-0.6801862120628357
7917499904.0,-0.6980059146881104
7918437376.0,-0.7164002656936646
7919374848.0,-0.7366045713424683
7920312320.0,-0.755024790763855
7921249792.0,-0.7748308181762695
7922187264.0,-0.7957724928855896
7923125248.0,-0.8161793947219849
7924062720.0,-0.8516982197761536
7925000192.0,-0.8551793098449707
7925937664.0,-0.860443651676178
7926875136.0,-0.8632403612136841
7927812608.0,-0.8672518730163574
7928750080.0,-0.8704906105995178
7929687552.0,-0.8742986917495728
7930625024.0,-0.8767072558403015
7931562496.0,-0.8809341192245483
7932499968.0,-0.8817728161811829
7933437440.0,-0.8833984136581421
7934374912.0,-0.8840402960777283
7935312384.0,-0.8820768594741821
7936249856.0,-0.8814336657524109
7937187328.0,-0.8790597319602966
7938124800.0,-0.875554621219635
7939062272.0,-0.8693065643310547
7939999744.0,-0.8633199334144592
7940937728.0,-0.855543315410614
7941875200.0,-0.8459272980690002
7942812672.0,-0.8362298011779785
7943750144.0,-0.8258101344108582
7944687616.0,-0.8136910796165466
7945625088.0,-0.8007894158363342
7946562560.0,-0.7847734093666077
7947500032.0,-0.7688087224960327
7948437504.0,-0.7502402067184448
7949374976.0,-0.7300949096679688
7950312448.0,-0.7080032229423523
7951249920.0,-0.6868473291397095
7952187392.0,-0.6636810898780823
7953124864.0,-0.639309823513031
7954062336.0,-0.6144949197769165
7954999808.0,-0.5893815159797668
7955937280.0,-0.5616453886032104
7956874752.0,-0.5340136885643005
7957812736.0,-0.5064553618431091
7958750208.0,-0.47860369086265564
7959687680.0,-0.44895660877227783
7960625152.0,-0.42087477445602417
7961562624.0,-0.3930794894695282
7962500096.0,-0.3649404048919678
7963437568.0,-0.3376661241054535
7964375040.0,-0.3112291693687439
7965312512.0,-0.28568795323371887
7966249984.0,-0.26113054156303406
7967187456.0,-0.23870238661766052
7968124928.0,-0.2160581350326538
7969062400.0,-0.19610165059566498
7969999872.0,-0.1770680546760559
7970937344.0,-0.160291388630867
7971874816.0,-0.14534685015678406
7972812288.0,-0.13156646490097046
7973749760.0,-0.12030718475580215
7974687744.0,-0.11112192273139954
7975625216.0,-0.10463860630989075
7976562688.0,-0.10035256296396255
7977500160.0,-0.09812063723802567
7978437632.0,-0.09815911948680878
7979375104.0,-0.09887614846229553
7980312576.0,-0.10132958739995956
7981250048.0,-0.10689527541399002
7982187520.0,-0.11269539594650269
7983124992.0,-0.12145692110061646
7984062464.0,-0.24043354392051697
7984999936.0,-0.24107231199741364
7985937408.0,-0.24414610862731934
7986874880.0,-0.24711185693740845
7987812352.0,-0.2507053315639496
7988749824.0,-0.2560449540615082
7989687296.0,-0.2618807554244995
7990624768.0,-0.26776552200317383
7991562752.0,-0.27525031566619873
7992500224.0,-0.28458237648010254
7993437696.0,-0.2937964200973511
7994375168.0,-0.3028610944747925
7995312640.0,-0.3132043182849884
7996250112.0,-0.32394951581954956
7997187584.0,-0.3340147137641907
7998125056.0,-0.3443256914615631
7999062528.0,-0.35639330744743347
8000000000.0,-0.3644813895225525
