Frequency (Hz),Measurement
2000000000.0,0.13462811708450317
2000937472.0,0.12846428155899048
2001874944.0,0.12391902506351471
2002812544.0,0.12044448405504227
2003750016.0,0.11613442003726959
2004687488.0,0.11226094514131546
2005624960.0,0.10800100862979889
2006562560.0,0.10325437784194946
2007500032.0,0.09870237112045288
2008437504.0,0.09333067387342453
2009374976.0,0.08872881531715393
2010312448.0,0.08307766914367676
2011250048.0,0.07748726010322571
2012187520.0,0.07166078686714172
2013124992.0,0.06645400822162628
2014062464.0,0.061392754316329956
2015000064.0,0.055706653743982315
2015937536.0,0.05056328698992729
2016875008.0,0.045394282788038254
2017812480.0,0.040408696979284286
2018749952.0,0.03495645895600319
2019687552.0,0.03013068065047264
2020625024.0,0.026230476796627045
2021562496.0,0.021760523319244385
2022499968.0,0.01840001717209816
2023437440.0,0.015482492744922638
2024375040.0,0.01395529042929411
2025312512.0,0.013169942423701286
2026249984.0,0.011480933986604214
2027187456.0,0.011338197626173496
2028125056.0,0.01218904834240675
2029062528.0,0.013418621383607388
2030000000.0,0.01499927043914795
2030937472.0,0.01767331175506115
2031874944.0,0.021586192771792412
2032812544.0,0.027241317555308342
2033750016.0,0.031530365347862244
2034687488.0,0.036731768399477005
2035624960.0,0.04335769638419151
2036562560.0,0.05083264410495758
2037500032.0,0.057852353900671005
2038437504.0,0.06682410836219788
2039374976.0,0.07399369031190872
2040312448.0,0.0819639042019844
2041250048.0,0.09041449427604675
2042187520.0,0.09836848825216293
2043124992.0,0.10647506266832352
2044062464.0,0.11239771544933319
2044999936.0,0.11988912522792816
2045937536.0,0.1256750226020813
2046875008.0,0.13095159828662872
2047812480.0,0.13507287204265594
2048749952.0,0.1441434770822525
2049687552.0,0.13933731615543365
2050625024.0,0.13388969004154205
2051562496.0,0.12715007364749908
2052499968.0,0.12075769901275635
2053437440.0,0.11360877752304077
2054375040.0,0.10615745931863785
2055312512.0,0.09864848852157593
2056249984.0,0.0912591964006424
2057187456.0,0.08360514044761658
2058125056.0,0.07611622661352158
2059062528.0,0.06838531047105789
2060000000.0,0.06083369627594948
2060937472.0,0.05455373600125313
2061874944.0,0.047370485961437225
2062812544.0,0.04166169837117195
2063750016.0,0.03614073619246483
2064687488.0,0.02932104840874672
2065624960.0,0.024323098361492157
2066562560.0,0.020029224455356598
2067500032.0,0.014739365316927433
2068437504.0,0.0097113698720932
2069374976.0,0.00691406661644578
2070312448.0,0.0027946671470999718
2071250048.0,-5.6062392104649916e-05
2072187520.0,-0.002561512403190136
2073124992.0,-0.004816360771656036
2074062464.0,-0.007432068232446909
2075000064.0,-0.008337387815117836
2075937536.0,-0.010485276579856873
2076875008.0,-0.010510573163628578
2077812480.0,-0.011454354040324688
2078749952.0,-0.011130444705486298
2079687552.0,-0.011674463748931885
2080625024.0,-0.011071826331317425
2081562496.0,-0.010561016388237476
2082499968.0,-0.008296315558254719
2083437440.0,-0.006567110773175955
2084375040.0,-0.004007496405392885
2085312512.0,-0.0015721775125712156
2086249984.0,0.0019824826158583164
2087187456.0,0.006057769991457462
2088125056.0,0.009939665906131268
2089062528.0,0.0154786491766572
2090000000.0,0.021110784262418747
2090937472.0,0.0276801660656929
2091874944.0,0.034831129014492035
2092812544.0,0.04139190539717674
2093750016.0,0.05013744905591011
2094687488.0,0.059990860521793365
2095624960.0,0.0687524750828743
2096562560.0,0.07902971655130386
2097500032.0,0.0893104299902916
2098437504.0,0.10020910203456879
2099374976.0,0.11183202266693115
2100312448.0,0.12429030984640121
2101250048.0,0.1374097615480423
2102187520.0,0.150453120470047
2103124992.0,0.16377882659435272
2104062464.0,0.17806337773799896
2104999936.0,0.19124972820281982
2105937536.0,0.20508190989494324
2106875008.0,0.21832481026649475
2107812480.0,0.23141302168369293
2108749952.0,0.27159616351127625
2109687552.0,0.2798963487148285
2110625024.0,0.2875881493091583
2111562496.0,0.29558971524238586
2112499968.0,0.3011645972728729
2113437440.0,0.30649787187576294
2114375040.0,0.3101389706134796
2115312512.0,0.3110288381576538
2116249984.0,0.31011608242988586
2117187456.0,0.30735257267951965
2118125056.0,0.30051541328430176
2119062528.0,0.2907545566558838
2120000000.0,0.27845925092697144
2120937472.0,0.26320064067840576
2121874944.0,0.24628427624702454
2122812544.0,0.22527705132961273
2123750016.0,0.20237475633621216
2124687488.0,0.17861440777778625
2125624960.0,0.15257103741168976
2126562560.0,0.12542429566383362
2127500032.0,0.09846344590187073
2128437504.0,0.0714435875415802
2129374976.0,0.044784676283597946
2130312448.0,0.0183324683457613
2131250048.0,-0.0057190051302313805
2132187520.0,-0.028687093406915665
2133124992.0,-0.04967266321182251
2134062464.0,-0.06776165217161179
2135000064.0,-0.08380904048681259
2135937536.0,-0.09634103626012802
2136875008.0,-0.10641572624444962
2137812480.0,-0.11474599689245224
2138749952.0,-0.11829525232315063
2139687552.0,-0.11960969865322113
2140625024.0,-0.11894042789936066
2141562496.0,-0.11395178735256195
2142499968.0,-0.10869628190994263
2143437440.0,-0.10056673735380173
2144375040.0,-0.09001357108354568
2145312512.0,-0.0797232836484909
2146249984.0,-0.06655044853687286
2147187456.0,-0.053553078323602676
2148124928.0,-0.03926245495676994
2149062400.0,-0.02583252638578415
2150000128.0,-0.010727297514677048
2150937600.0,0.0037677434738725424
2151875072.0,0.017361389473080635
2152812544.0,0.03151847794651985
2153750016.0,0.044900115579366684
2154687488.0,0.05723028630018234
2155624960.0,0.06958179175853729
2156562432.0,0.08123315125703812
2157499904.0,0.09233739972114563
2158437376.0,0.10236792266368866
2159375104.0,0.1122223362326622
2160312576.0,0.12301169335842133
2161250048.0,0.1314062476158142
2162187520.0,0.14010657370090485
2163124992.0,0.1492186337709427
2164062464.0,0.15846796333789825
2164999936.0,0.16685548424720764
2165937408.0,0.17537380754947662
2166874880.0,0.18450936675071716
2167812608.0,0.1931244134902954
2168750080.0,0.21853750944137573
2169687552.0,0.2297665923833847
2170625024.0,0.2412251979112625
2171562496.0,0.2523006200790405
2172499968.0,0.26353591680526733
2173437440.0,0.2739078998565674
2174374912.0,0.2833574712276459
2175312384.0,0.291623055934906
2176250112.0,0.29903531074523926
2177187584.0,0.30477526783943176
2178125056.0,0.3086249530315399
2179062528.0,0.3114947974681854
2180000000.0,0.31163081526756287
2180937472.0,0.30963602662086487
2181874944.0,0.3059631586074829
2182812416.0,0.30057764053344727
2183749888.0,0.2922506034374237
2184687616.0,0.2828119099140167
2185625088.0,0.27016481757164
2186562560.0,0.25676313042640686
2187500032.0,0.24058617651462555
2188437504.0,0.22355160117149353
2189374976.0,0.20518243312835693
2190312448.0,0.18478533625602722
2191249920.0,0.16474664211273193
2192187392.0,0.1430102288722992
2193125120.0,0.121859610080719
2194062592.0,0.10071834176778793
2195000064.0,0.07811269164085388
2195937536.0,0.057932037860155106
2196875008.0,0.03866129368543625
2197812480.0,0.020858246833086014
2198749952.0,0.003322028322145343
2199687424.0,-0.012089901603758335
2200624896.0,-0.025282686576247215
2201562624.0,-0.0371391735970974
2202500096.0,-0.04678977653384209
2203437568.0,-0.05468452721834183
2204375040.0,-0.05895896628499031
2205312512.0,-0.06267211586236954
2206249984.0,-0.06199007108807564
2207187456.0,-0.06101223826408386
2208124928.0,-0.056872736662626266
2209062400.0,-0.051507480442523956
2209999872.0,-0.0429646335542202
2210937600.0,-0.03391456976532936
2211875072.0,-0.022036833688616753
2212812544.0,-0.008590089157223701
2213750016.0,0.00489264028146863
2214687488.0,0.020923929288983345
2215624960.0,0.037224408239126205
2216562432.0,0.054134074598550797
2217499904.0,0.07154005765914917
2218437376.0,0.08841508626937866
2219375104.0,0.10578347742557526
2220312576.0,0.12188670039176941
2221250048.0,0.13857980072498322
2222187520.0,0.15397587418556213
2223124992.0,0.1682777851819992
2224062464.0,0.18194171786308289
2224999936.0,0.1942284256219864
2225937408.0,0.20506510138511658
2226874880.0,0.21431711316108704
2227812608.0,0.2211858481168747
2228750080.0,0.194067120552063
2229687552.0,0.200680673122406
2230625024.0,0.20600278675556183
2231562496.0,0.20949740707874298
2232499968.0,0.2118818163871765
2233437440.0,0.2137165665626526
2234374912.0,0.21392346918582916
2235312384.0,0.2106374204158783
2236250112.0,0.2065335214138031
2237187584.0,0.19968701899051666
2238125056.0,0.1897345334291458
2239062528.0,0.17867600917816162
2240000000.0,0.16564759612083435
2240937472.0,0.15047450363636017
2241874944.0,0.1341700553894043
2242812416.0,0.11656494438648224
2243749888.0,0.09706347435712814
2244687616.0,0.07702989131212234
2245625088.0,0.05681348964571953
2246562560.0,0.03566686436533928
2247500032.0,0.01440395787358284
2248437504.0,-0.005376577377319336
2249374976.0,-0.026125073432922363
2250312448.0,-0.04430680721998215
2251249920.0,-0.061452582478523254
2252187392.0,-0.07748879492282867
2253125120.0,-0.0903661847114563
2254062592.0,-0.10257749259471893
2255000064.0,-0.111128069460392
2255937536.0,-0.11786965280771255
2256875008.0,-0.12222439795732498
2257812480.0,-0.12346617132425308
2258749952.0,-0.12257754802703857
2259687424.0,-0.11922162771224976
2260624896.0,-0.11442874372005463
2261562624.0,-0.10775350034236908
2262500096.0,-0.09839587658643723
2263437568.0,-0.08723929524421692
2264375040.0,-0.07432765513658524
2265312512.0,-0.06056505814194679
2266249984.0,-0.04642956703901291
2267187456.0,-0.030470633879303932
2268124928.0,-0.013542888686060905
2269062400.0,0.0031002385076135397
2270000128.0,0.019889922812581062
2270937600.0,0.03784632310271263
2271875072.0,0.05456845462322235
2272812544.0,0.07216944545507431
2273750016.0,0.08903095871210098
2274687488.0,0.1050005704164505
2275624960.0,0.1202065497636795
2276562432.0,0.13436101377010345
2277499904.0,0.14772136509418488
2278437376.0,0.16055528819561005
2279375104.0,0.171950101852417
2280312576.0,0.1820356249809265
2281250048.0,0.19218780100345612
2282187520.0,0.20068371295928955
2283124992.0,0.2088678926229477
2284062464.0,0.21541763842105865
2284999936.0,0.22224028408527374
2285937408.0,0.22767217457294464
2286874880.0,0.23255124688148499
2287812608.0,0.23646889626979828
2288750080.0,0.24754217267036438
2289687552.0,0.25524067878723145
2290625024.0,0.26399222016334534
2291562496.0,0.2709469497203827
2292499968.0,0.2782183885574341
2293437440.0,0.28563421964645386
2294374912.0,0.2920619249343872
2295312384.0,0.2978135645389557
2296250112.0,0.3022781014442444
2297187584.0,0.3050972521305084
2298125056.0,0.3076378405094147
2299062528.0,0.308165967464447
2300000000.0,0.30639782547950745
2300937472.0,0.3026532232761383
2301874944.0,0.29675325751304626
2302812416.0,0.28809690475463867
2303749888.0,0.2777286171913147
2304687616.0,0.2642742097377777
2305625088.0,0.247787207365036
2306562560.0,0.22814005613327026
2307500032.0,0.20683369040489197
2308437504.0,0.183425173163414
2309374976.0,0.15786640346050262
2310312448.0,0.13190840184688568
2311249920.0,0.10364864766597748
2312187392.0,0.07431827485561371
2313125120.0,0.0453389473259449
2314062592.0,0.01575070060789585
2315000064.0,-0.012864047661423683
2315937536.0,-0.040937792509794235
2316875008.0,-0.06600398570299149
2317812480.0,-0.09018132090568542
2318749952.0,-0.11226269602775574
2319687424.0,-0.13155639171600342
2320624896.0,-0.14926159381866455
2321562624.0,-0.16413338482379913
2322500096.0,-0.1766299307346344
2323437568.0,-0.18729248642921448
2324375040.0,-0.19507040083408356
2325312512.0,-0.1999160647392273
2326249984.0,-0.20421570539474487
2327187456.0,-0.2059675008058548
2328124928.0,-0.20572130382061005
2329062400.0,-0.2041572779417038
2329999872.0,-0.20080631971359253
2330937600.0,-0.19576270878314972
2331875072.0,-0.19015587866306305
2332812544.0,-0.1820170283317566
2333750016.0,-0.17176738381385803
2334687488.0,-0.16096442937850952
2335624960.0,-0.14806368947029114
2336562432.0,-0.13420452177524567
2337499904.0,-0.11842488497495651
2338437376.0,-0.10036385804414749
2339375104.0,-0.08225847780704498
2340312576.0,-0.06069765239953995
2341250048.0,-0.037904925644397736
2342187520.0,-0.01447358913719654
2343124992.0,0.009947959333658218
2344062464.0,0.036014873534440994
2344999936.0,0.062479641288518906
2345937408.0,0.08871055394411087
2346874880.0,0.11591833084821701
2347812608.0,0.1419794112443924
2348750080.0,0.2006644606590271
2349687552.0,0.2166943997144699
2350625024.0,0.23100677132606506
2351562496.0,0.24091389775276184
2352499968.0,0.247732013463974
2353437440.0,0.25090014934539795
2354374912.0,0.2505185306072235
2355312384.0,0.24683958292007446
2356250112.0,0.23928041756153107
2357187584.0,0.22805140912532806
2358125056.0,0.2136823683977127
2359062528.0,0.19591988623142242
2360000000.0,0.17626667022705078
2360937472.0,0.15362679958343506
2361874944.0,0.12903234362602234
2362812416.0,0.10196896642446518
2363749888.0,0.07468324154615402
2364687616.0,0.045756787061691284
2365625088.0,0.016351602971553802
2366562560.0,-0.012951151467859745
2367500032.0,-0.042420338839292526
2368437504.0,-0.07191797345876694
2369374976.0,-0.09960686415433884
2370312448.0,-0.12656989693641663
2371249920.0,-0.15200196206569672
2372187392.0,-0.17531900107860565
2373125120.0,-0.19670520722866058
2374062592.0,-0.21610096096992493
2375000064.0,-0.231445774435997
2375937536.0,-0.2451174259185791
2376875008.0,-0.2563784122467041
2377812480.0,-0.2636142373085022
2378749952.0,-0.2680877447128296
2379687424.0,-0.27075064182281494
2380624896.0,-0.2691749632358551
2381562624.0,-0.26583898067474365
2382500096.0,-0.26015594601631165
2383437568.0,-0.25226396322250366
2384375040.0,-0.2409495860338211
2385312512.0,-0.227946937084198
2386249984.0,-0.2147430181503296
2387187456.0,-0.1982952505350113
2388124928.0,-0.18145127594470978
2389062400.0,-0.16368462145328522
2390000128.0,-0.14506444334983826
2390937600.0,-0.1258058398962021
2391875072.0,-0.10858360677957535
2392812544.0,-0.09182935208082199
2393750016.0,-0.07346738129854202
2394687488.0,-0.056630317121744156
2395624960.0,-0.040661588311195374
2396562432.0,-0.026824738830327988
2397499904.0,-0.01432394701987505
2398437376.0,-0.00214913091622293
2399375104.0,0.008706931956112385
2400312576.0,0.017355892807245255
2401250048.0,0.02510402724146843
2402187520.0,0.03142499551177025
2403124992.0,0.035996198654174805
2404062464.0,0.03983877971768379
2404999936.0,0.04267098009586334
2405937408.0,0.043522730469703674
2406874880.0,0.04354888200759888
2407812608.0,0.042734771966934204
2408750080.0,0.03623633831739426
2409687552.0,0.04320165514945984
2410625024.0,0.04732448607683182
2411562496.0,0.048959650099277496
2412499968.0,0.04813501983880997
2413437440.0,0.04588204249739647
2414374912.0,0.04052367061376572
2415312384.0,0.03411880508065224
2416250112.0,0.023705249652266502
2417187584.0,0.011797618120908737
2418125056.0,-0.001789383008144796
2419062528.0,-0.018114455044269562
2420000000.0,-0.03609975799918175
2420937472.0,-0.05399900674819946
2421874944.0,-0.07399415224790573
2422812416.0,-0.09429368376731873
2423749888.0,-0.11703415960073471
2424687616.0,-0.1380709409713745
2425625088.0,-0.16003036499023438
2426562560.0,-0.1825803816318512
2427500032.0,-0.20424486696720123
2428437504.0,-0.22588086128234863
2429374976.0,-0.24793170392513275
2430312448.0,-0.2699255049228668
2431249920.0,-0.2902860939502716
2432187392.0,-0.3087371289730072
2433125120.0,-0.32724857330322266
2434062592.0,-0.3436756432056427
2435000064.0,-0.35863009095191956
2435937536.0,-0.3734995722770691
2436875008.0,-0.38544613122940063
2437812480.0,-0.3968978524208069
2438749952.0,-0.4058035612106323
2439687424.0,-0.41244858503341675
2440624896.0,-0.41726425290107727
2441562624.0,-0.42326903343200684
2442500096.0,-0.42620915174484253
2443437568.0,-0.4278697371482849
2444375040.0,-0.42833471298217773
2445312512.0,-0.42815133929252625
2446249984.0,-0.4276556372642517
2447187456.0,-0.4243527054786682
2448124928.0,-0.421080082654953
2449062400.0,-0.41530299186706543
2449999872.0,-0.41091054677963257
2450937600.0,-0.40435460209846497
2451875072.0,-0.3992481529712677
2452812544.0,-0.39280784130096436
2453750016.0,-0.38716185092926025
2454687488.0,-0.3816419243812561
2455624960.0,-0.3755350410938263
2456562432.0,-0.3699425458908081
2457499904.0,-0.3643375337123871
2458437376.0,-0.3582478165626526
2459375104.0,-0.35321295261383057
2460312576.0,-0.34865254163742065
2461250048.0,-0.34510454535484314
2462187520.0,-0.3428860604763031
2463124992.0,-0.34197279810905457
2464062464.0,-0.3422476649284363
2464999936.0,-0.34424692392349243
2465937408.0,-0.34792399406433105
2466874880.0,-0.3550110161304474
2467812608.0,-0.36439403891563416
2468750080.0,-0.4499581754207611
2469687552.0,-0.4718781113624573
2470625024.0,-0.49643126130104065
2471562496.0,-0.5235633254051208
2472499968.0,-0.5542519688606262
2473437440.0,-0.5884031653404236
2474374912.0,-0.6243802309036255
2475312384.0,-0.6637399196624756
2476250112.0,-0.7073424458503723
2477187584.0,-0.7532886862754822
2478125056.0,-0.8030754327774048
2479062528.0,-0.8562787771224976
2480000000.0,-0.9122657775878906
2480937472.0,-0.9719504117965698
2481874944.0,-1.0342758893966675
2482812416.0,-1.100466251373291
2483749888.0,-1.172209620475769
2484687616.0,-1.2474136352539062
2485625088.0,-1.325768232345581
2486562560.0,-1.4084408283233643
2487500032.0,-1.4952770471572876
2488437504.0,-1.5867120027542114
2489374976.0,-1.6816707849502563
2490312448.0,-1.7801004648208618
2491249920.0,-1.8824973106384277
2492187392.0,-1.9904866218566895
2493125120.0,-2.1016483306884766
2494062592.0,-2.220363140106201
2495000064.0,-2.344886302947998
2495937536.0,-2.4780571460723877
2496875008.0,-2.619157314300537
2497812480.0,-2.767368793487549
2498749952.0,-2.922600507736206
2499687424.0,-3.0865581035614014
2500624896.0,-3.2624130249023438
2501562624.0,-3.4520559310913086
2502500096.0,-3.6581172943115234
2503437568.0,-3.878335475921631
2504375040.0,-4.117056369781494
2505312512.0,-4.372862815856934
2506249984.0,-4.6485185623168945
2507187456.0,-4.945483207702637
2508124928.0,-5.261802673339844
2509062400.0,-5.60058069229126
2510000128.0,-5.9546098709106445
2510937600.0,-6.320801258087158
2511875072.0,-6.690596103668213
2512812544.0,-7.0526509284973145
2513750016.0,-7.397099018096924
2514687488.0,-7.700346946716309
2515624960.0,-7.946467399597168
2516562432.0,-8.111444473266602
2517499904.0,-8.184452056884766
2518437376.0,-8.158804893493652
2519375104.0,-8.037229537963867
2520312576.0,-7.826146602630615
2521250048.0,-7.543514728546143
2522187520.0,-7.208129405975342
2523124992.0,-6.837224960327148
2524062464.0,-6.445972442626953
2524999936.0,-6.041145324707031
2525937408.0,-5.636971473693848
2526874880.0,-5.241871356964111
2527812608.0,-4.864706516265869
2528750080.0,-4.502847671508789
2529687552.0,-4.1709394454956055
2530625024.0,-3.864169120788574
2531562496.0,-3.5780317783355713
2532499968.0,-3.31429123878479
2533437440.0,-3.072502613067627
2534374912.0,-2.8494908809661865
2535312384.0,-2.645009756088257
2536250112.0,-2.4567625522613525
2537187584.0,-2.2835683822631836
2538125056.0,-2.12616229057312
2539062528.0,-1.9833060503005981
2540000000.0,-1.8556045293807983
2540937472.0,-1.74014413356781
2541874944.0,-1.6346038579940796
2542812416.0,-1.5394059419631958
2543749888.0,-1.4537566900253296
2544687616.0,-1.3751513957977295
2545625088.0,-1.3050501346588135
2546562560.0,-1.2417628765106201
2547500032.0,-1.1848145723342896
2548437504.0,-1.1334275007247925
2549374976.0,-1.0875146389007568
2550312448.0,-1.045885443687439
2551249920.0,-1.0090227127075195
2552187392.0,-0.9746103882789612
2553125120.0,-0.9452736377716064
2554062592.0,-0.9170899391174316
2555000064.0,-0.8925288915634155
2555937536.0,-0.8697106242179871
2556875008.0,-0.8482434153556824
2557812480.0,-0.8283272981643677
2558749952.0,-0.8095012903213501
2559687424.0,-0.7911707162857056
2560624896.0,-0.7720271944999695
2561562624.0,-0.7544329166412354
2562500096.0,-0.7364531755447388
2563437568.0,-0.718776524066925
2564375040.0,-0.7001293897628784
2565312512.0,-0.681510865688324
2566249984.0,-0.6614314913749695
2567187456.0,-0.6413615345954895
2568124928.0,-0.6204173564910889
2569062400.0,-0.5986780524253845
2569999872.0,-0.5759086608886719
2570937600.0,-0.5523601174354553
2571875072.0,-0.5270364880561829
2572812544.0,-0.5018287301063538
2573750016.0,-0.4738050401210785
2574687488.0,-0.4463755190372467
2575624960.0,-0.41802605986595154
2576562432.0,-0.38731059432029724
2577499904.0,-0.35860109329223633
2578437376.0,-0.327769011259079
2579375104.0,-0.29751405119895935
2580312576.0,-0.26694753766059875
2581250048.0,-0.2380741834640503
2582187520.0,-0.20783786475658417
2583124992.0,-0.17898954451084137
2584062464.0,-0.15075726807117462
2584999936.0,-0.12283238768577576
2585937408.0,-0.09755565971136093
2586874880.0,-0.07262314856052399
2587812608.0,-0.0501728355884552
2588750080.0,-0.024888334795832634
2589687552.0,-0.011360295116901398
2590625024.0,0.0010710753267630935
2591562496.0,0.011659539304673672
2592499968.0,0.020142288878560066
2593437440.0,0.027641819790005684
2594374912.0,0.031877558678388596
2595312384.0,0.03459783270955086
2596250112.0,0.03477303311228752
2597187584.0,0.03398636355996132
2598125056.0,0.030397014692425728
2599062528.0,0.026022883132100105
2600000000.0,0.019906548783183098
2600937472.0,0.011564810760319233
2601874944.0,0.0019522602669894695
2602812416.0,-0.007629471365362406
2603749888.0,-0.019108066335320473
2604687616.0,-0.03135541453957558
2605625088.0,-0.0442463718354702
2606562560.0,-0.057265132665634155
2607500032.0,-0.07108987867832184
2608437504.0,-0.08605697005987167
2609374976.0,-0.0994887575507164
2610312448.0,-0.11387839168310165
2611249920.0,-0.12775364518165588
2612187392.0,-0.14066307246685028
2613125120.0,-0.15409690141677856
2614062592.0,-0.16620416939258575
2615000064.0,-0.1774837225675583
2615937536.0,-0.18816547095775604
2616875008.0,-0.19726833701133728
2617812480.0,-0.2061106115579605
2618749952.0,-0.21279627084732056
2619687424.0,-0.21911051869392395
2620624896.0,-0.22320294380187988
2621562624.0,-0.2263498306274414
2622500096.0,-0.2277231216430664
2623437568.0,-0.22761058807373047
2624375040.0,-0.2260664403438568
2625312512.0,-0.22290658950805664
2626249984.0,-0.2183331698179245
2627187456.0,-0.2117006629705429
2628124928.0,-0.20447151362895966
2629062400.0,-0.19434905052185059
2630000128.0,-0.1843344271183014
2630937600.0,-0.17221587896347046
2631875072.0,-0.15848520398139954
2632812544.0,-0.1442640870809555
2633750016.0,-0.12866197526454926
2634687488.0,-0.11144620925188065
2635624960.0,-0.0944836288690567
2636562432.0,-0.07656489312648773
2637499904.0,-0.057487741112709045
2638437376.0,-0.03869972005486488
2639375104.0,-0.01929512619972229
2640312576.0,-4.5307562686502934e-05
2641250048.0,0.018880553543567657
2642187520.0,0.03828747943043709
2643124992.0,0.05618923157453537
2644062464.0,0.07488089799880981
2644999936.0,0.09169668704271317
2645937408.0,0.1086372509598732
2646874880.0,0.12381062656641006
2647812608.0,0.14979688823223114
2648750080.0,0.16509632766246796
2649687552.0,0.179133802652359
2650625024.0,0.18988199532032013
2651562496.0,0.19928565621376038
2652499968.0,0.20550328493118286
2653437440.0,0.20977719128131866
2654374912.0,0.21136537194252014
2655312384.0,0.21032242476940155
2656250112.0,0.20788982510566711
2657187584.0,0.20138952136039734
2658125056.0,0.19299359619617462
2659062528.0,0.18331171572208405
2660000000.0,0.17075544595718384
2660937472.0,0.15744583308696747
2661874944.0,0.1411242038011551
2662812416.0,0.12407407909631729
2663749888.0,0.10615117102861404
2664687616.0,0.08643864095211029
2665625088.0,0.06607353687286377
2666562560.0,0.04521888494491577
2667500032.0,0.024526985362172127
2668437504.0,0.003303391858935356
2669374976.0,-0.016966409981250763
2670312448.0,-0.037660565227270126
2671249920.0,-0.05683251470327377
2672187392.0,-0.07481653243303299
2673125120.0,-0.09181897342205048
2674062592.0,-0.10800696164369583
2675000064.0,-0.12237147986888885
2675937536.0,-0.13483300805091858
2676875008.0,-0.14491373300552368
2677812480.0,-0.15539708733558655
2678749952.0,-0.1620413213968277
2679687424.0,-0.1662168651819229
2680624896.0,-0.16977213323116302
2681562624.0,-0.17116884887218475
2682500096.0,-0.1691834032535553
2683437568.0,-0.16655580699443817
2684375040.0,-0.161569282412529
2685312512.0,-0.15501362085342407
2686249984.0,-0.14530523121356964
2687187456.0,-0.1347203552722931
2688124928.0,-0.12254995107650757
2689062400.0,-0.10901127755641937
2689999872.0,-0.09480158239603043
2690937600.0,-0.07954712212085724
2691875072.0,-0.06257730722427368
2692812544.0,-0.04529504477977753
2693750016.0,-0.028148699551820755
2694687488.0,-0.01078240666538477
2695624960.0,0.007239013444632292
2696562432.0,0.024885868653655052
2697499904.0,0.042628273367881775
2698437376.0,0.06011870875954628
2699375104.0,0.07729430496692657
2700312576.0,0.09369176626205444
2701250048.0,0.10955627262592316
2702187520.0,0.1245390772819519
2703124992.0,0.13727575540542603
2704062464.0,0.1494143158197403
2704999936.0,0.16118261218070984
2705937408.0,0.17042885720729828
2706874880.0,0.17924107611179352
2707812608.0,0.19906365871429443
2708750080.0,0.2043411135673523
2709687552.0,0.2080216109752655
2710625024.0,0.21109993755817413
2711562496.0,0.2125333696603775
2712499968.0,0.21343928575515747
2713437440.0,0.2123943418264389
2714374912.0,0.2100583165884018
2715312384.0,0.207504540681839
2716250112.0,0.20293739438056946
2717187584.0,0.19768378138542175
2718125056.0,0.18979936838150024
2719062528.0,0.1815262734889984
2720000000.0,0.17212675511837006
2720937472.0,0.1601104438304901
2721874944.0,0.1482505202293396
2722812416.0,0.13431496918201447
2723749888.0,0.11975672096014023
2724687616.0,0.10381437838077545
2725625088.0,0.087460957467556
2726562560.0,0.06994766741991043
2727500032.0,0.051218293607234955
2728437504.0,0.03290413320064545
2729374976.0,0.013237223960459232
2730312448.0,-0.006243491545319557
2731249920.0,-0.02526909112930298
2732187392.0,-0.044504374265670776
2733125120.0,-0.06363265216350555
2734062592.0,-0.08206412941217422
2735000064.0,-0.09940197318792343
2735937536.0,-0.11653066426515579
2736875008.0,-0.13105344772338867
2737812480.0,-0.14591830968856812
2738749952.0,-0.1578492969274521
2739687424.0,-0.16783004999160767
2740624896.0,-0.17667745053768158
2741562624.0,-0.18338066339492798
2742500096.0,-0.18811272084712982
2743437568.0,-0.19075459241867065
2744375040.0,-0.19029681384563446
2745312512.0,-0.18825195729732513
2746249984.0,-0.18316136300563812
2747187456.0,-0.1754198670387268
2748124928.0,-0.16682377457618713
2749062400.0,-0.15482230484485626
2750000128.0,-0.14173074066638947
2750937600.0,-0.1270209550857544
2751875072.0,-0.11147106438875198
2752812544.0,-0.09211386740207672
2753750016.0,-0.07252994179725647
2754687488.0,-0.051468197256326675
2755624960.0,-0.030264386907219887
2756562432.0,-0.008301975205540657
2757499904.0,0.013566538691520691
2758437376.0,0.0361827127635479
2759375104.0,0.05804796516895294
2760312576.0,0.07975505292415619
2761250048.0,0.09993939101696014
2762187520.0,0.11911816895008087
2763124992.0,0.137333944439888
2764062464.0,0.15303480625152588
2764999936.0,0.16770125925540924
2765937408.0,0.18052996695041656
2766874880.0,0.1905653476715088
2767812608.0,0.23256108164787292
2768750080.0,0.23755107820034027
2769687552.0,0.23928852379322052
2770625024.0,0.2407483011484146
2771562496.0,0.24002940952777863
2772499968.0,0.23725362122058868
2773437440.0,0.2334451973438263
2774374912.0,0.22784525156021118
2775312384.0,0.22021377086639404
2776250112.0,0.21242746710777283
2777187584.0,0.20375476777553558
2778125056.0,0.19277700781822205
2779062528.0,0.1816781759262085
2780000000.0,0.16923484206199646
2780937472.0,0.1559433937072754
2781874944.0,0.1421157568693161
2782812416.0,0.127442866563797
2783749888.0,0.11252417415380478
2784687616.0,0.09709997475147247
2785625088.0,0.08204584568738937
2786562560.0,0.06711724400520325
2787500032.0,0.051545966416597366
2788437504.0,0.03642767667770386
2789374976.0,0.022000359371304512
2790312448.0,0.007120763882994652
2791249920.0,-0.00722366152331233
2792187392.0,-0.020129233598709106
2793125120.0,-0.03285187482833862
2794062592.0,-0.04500653222203255
2795000064.0,-0.0561918169260025
2795937536.0,-0.06591915339231491
2796875008.0,-0.0752582773566246
2797812480.0,-0.08312147110700607
2798749952.0,-0.08954448252916336
2799687424.0,-0.09414712339639664
2800624896.0,-0.09859779477119446
2801562624.0,-0.10051292181015015
2802500096.0,-0.10107013583183289
2803437568.0,-0.10137131065130234
2804375040.0,-0.09936211258172989
2805312512.0,-0.09623067826032639
2806249984.0,-0.09103158861398697
2807187456.0,-0.08439301699399948
2808124928.0,-0.07589085400104523
2809062400.0,-0.06658109277486801
2809999872.0,-0.05612000450491905
2810937600.0,-0.04390209540724754
2811875072.0,-0.03067709133028984
2812812544.0,-0.016321329399943352
2813750016.0,-0.0011678922455757856
2814687488.0,0.01455365028232336
2815624960.0,0.03247431665658951
2816562432.0,0.048473142087459564
2817499904.0,0.06627055257558823
2818437376.0,0.0845637321472168
2819375104.0,0.10162939876317978
2820312576.0,0.11767816543579102
2821250048.0,0.13521523773670197
2822187520.0,0.15207625925540924
2823124992.0,0.1673414260149002
2824062464.0,0.18175871670246124
2824999936.0,0.1946774274110794
2825937408.0,0.206077441573143
2826874880.0,0.21633726358413696
2827812608.0,0.2312927544116974
2828750080.0,0.23723101615905762
2829687552.0,0.24160149693489075
2830625024.0,0.24352478981018066
2831562496.0,0.24400821328163147
2832499968.0,0.24142490327358246
2833437440.0,0.23858068883419037
2834374912.0,0.23228153586387634
2835312384.0,0.2250833958387375
2836250112.0,0.21638761460781097
2837187584.0,0.2061850130558014
2838125056.0,0.19449017941951752
2839062528.0,0.181161031126976
2840000000.0,0.1659908890724182
2840937472.0,0.15112993121147156
2841874944.0,0.13504090905189514
2842812416.0,0.11862172186374664
2843749888.0,0.10078615695238113
2844687616.0,0.0824531838297844
2845625088.0,0.06512034684419632
2846562560.0,0.04767408221960068
2847500032.0,0.028630131855607033
2848437504.0,0.011116434819996357
2849374976.0,-0.005018307361751795
2850312448.0,-0.02156122773885727
2851249920.0,-0.03699938952922821
2852187392.0,-0.05269794166088104
2853125120.0,-0.0661303699016571
2854062592.0,-0.07809454947710037
2855000064.0,-0.08895089477300644
2855937536.0,-0.0994066447019577
2856875008.0,-0.10697612166404724
2857812480.0,-0.11306137591600418
2858749952.0,-0.11790644377470016
2859687424.0,-0.1210460364818573
2860624896.0,-0.12182203680276871
2861562624.0,-0.12194616347551346
2862500096.0,-0.11973407864570618
2863437568.0,-0.11618156731128693
2864375040.0,-0.10949578136205673
2865312512.0,-0.10289090126752853
2866249984.0,-0.09370752424001694
2867187456.0,-0.08255334198474884
2868124928.0,-0.07159756124019623
2869062400.0,-0.05837748572230339
2870000128.0,-0.04436853900551796
2870937600.0,-0.02922789379954338
2871875072.0,-0.013069763779640198
2872812544.0,0.0035650129429996014
2873750016.0,0.021098030731081963
2874687488.0,0.0372978076338768
2875624960.0,0.05544902756810188
2876562432.0,0.07366083562374115
2877499904.0,0.09146197140216827
2878437376.0,0.1086094081401825
2879375104.0,0.12464207410812378
2880312576.0,0.14012497663497925
2881250048.0,0.15655754506587982
2882187520.0,0.17150378227233887
2883124992.0,0.18493854999542236
2884062464.0,0.19757680594921112
2884999936.0,0.2088412195444107
2885937408.0,0.2188655138015747
2886874880.0,0.22783339023590088
2887812608.0,0.21299047768115997
2888750080.0,0.21763856709003448
2889687552.0,0.22084525227546692
2890625024.0,0.2241833657026291
2891562496.0,0.22599366307258606
2892499968.0,0.2262805998325348
2893437440.0,0.22555825114250183
2894374912.0,0.2234339714050293
2895312384.0,0.21996258199214935
2896250112.0,0.21503277122974396
2897187584.0,0.20837140083312988
2898125056.0,0.20003704726696014
2899062528.0,0.19086319208145142
2900000000.0,0.1799503117799759
2900937472.0,0.16787591576576233
2901874944.0,0.15388549864292145
2902812416.0,0.13927437365055084
2903749888.0,0.12316962331533432
2904687616.0,0.10672378540039062
2905625088.0,0.09011068195104599
2906562560.0,0.07145276665687561
2907500032.0,0.05444657430052757
2908437504.0,0.035972800105810165
2909374976.0,0.018140416592359543
2910312448.0,0.0002793054736685008
2911249920.0,-0.016300320625305176
2912187392.0,-0.031539324671030045
2913125120.0,-0.04676707461476326
2914062592.0,-0.060015007853507996
2915000064.0,-0.0720113217830658
2915937536.0,-0.08139649033546448
2916875008.0,-0.08973550796508789
2917812480.0,-0.0957668125629425
2918749952.0,-0.10105395317077637
2919687424.0,-0.10256552696228027
2920624896.0,-0.10174095630645752
2921562624.0,-0.10010135173797607
2922500096.0,-0.095120869576931
2923437568.0,-0.08802769333124161
2924375040.0,-0.07899314165115356
2925312512.0,-0.06895706057548523
2926249984.0,-0.056082144379615784
2927187456.0,-0.043511763215065
2928124928.0,-0.028438294306397438
2929062400.0,-0.012810537591576576
2929999872.0,0.004338821396231651
2930937600.0,0.02160554751753807
2931875072.0,0.039132457226514816
2932812544.0,0.057570621371269226
2933750016.0,0.0747532770037651
2934687488.0,0.09200048446655273
2935624960.0,0.10861872136592865
2936562432.0,0.12402927130460739
2937499904.0,0.1380256861448288
2938437376.0,0.15257975459098816
2939375104.0,0.164972722530365
2940312576.0,0.1762993186712265
2941250048.0,0.18643876910209656
2942187520.0,0.1953067034482956
2943124992.0,0.20220674574375153
2944062464.0,0.20798391103744507
2944999936.0,0.21284891664981842
2945937408.0,0.2161293476819992
2946874880.0,0.21832925081253052
2947812608.0,0.2004365622997284
2948750080.0,0.19864945113658905
2949687552.0,0.19760820269584656
2950625024.0,0.1957853138446808
2951562496.0,0.19349108636379242
2952499968.0,0.19034136831760406
2953437440.0,0.1878821700811386
2954374912.0,0.18479090929031372
2955312384.0,0.18060676753520966
2956250112.0,0.17774103581905365
2957187584.0,0.1738586127758026
2958125056.0,0.17014025151729584
2959062528.0,0.1658511906862259
2960000000.0,0.16116774082183838
2960937472.0,0.1568218469619751
2961874944.0,0.15257002413272858
2962812416.0,0.1482015997171402
2963749888.0,0.14251960813999176
2964687616.0,0.13711917400360107
2965625088.0,0.13143576681613922
2966562560.0,0.12578076124191284
2967500032.0,0.11938739567995071
2968437504.0,0.11244392395019531
2969374976.0,0.10551019012928009
2970312448.0,0.09752358496189117
2971249920.0,0.09028318524360657
2972187392.0,0.08293969184160233
2973125120.0,0.0759001299738884
2974062592.0,0.06776952743530273
2975000064.0,0.060636937618255615
2975937536.0,0.05335276201367378
2976875008.0,0.045696113258600235
2977812480.0,0.03804555907845497
2978749952.0,0.03248150274157524
2979687424.0,0.025399090722203255
2980624896.0,0.019245391711592674
2981562624.0,0.014600472524762154
2982500096.0,0.009797520004212856
2983437568.0,0.005844532046467066
2984375040.0,0.002957461401820183
2985312512.0,-0.0010459679178893566
2986249984.0,-0.0020453098695725203
2987187456.0,-0.004457489121705294
2988124928.0,-0.004686587490141392
2989062400.0,-0.004799830727279186
2990000128.0,-0.0045774937607347965
2990937600.0,-0.004773576743900776
2991875072.0,-0.00268163182772696
2992812544.0,-0.0007931580767035484
2993750016.0,0.0013110722647979856
2994687488.0,0.003258216893300414
2995624960.0,0.005489007104188204
2996562432.0,0.00707625737413764
2997499904.0,0.009612948633730412
2998437376.0,0.012304021045565605
2999375104.0,0.014777008444070816
3000312576.0,0.020351378247141838
3001250048.0,0.023002250120043755
3002187520.0,0.025032617151737213
3003124992.0,0.0270240418612957
3004062464.0,0.02909814938902855
3004999936.0,0.031180359423160553
3005937408.0,0.0334114171564579
3006874880.0,0.03498898074030876
3007812608.0,0.12689800560474396
3008750080.0,0.12474434822797775
3009687552.0,0.12164857238531113
3010625024.0,0.11747497320175171
3011562496.0,0.11427586525678635
3012499968.0,0.11062256246805191
3013437440.0,0.10673145949840546
3014374912.0,0.10143134742975235
3015312384.0,0.09655822068452835
3016250112.0,0.09153395891189575
3017187584.0,0.0857439935207367
3018125056.0,0.07979424297809601
3019062528.0,0.07534640282392502
3020000000.0,0.06905490905046463
3020937472.0,0.06276266276836395
3021874944.0,0.05702397599816322
3022812416.0,0.050495728850364685
3023749888.0,0.045215532183647156
3024687616.0,0.038871124386787415
3025625088.0,0.03306799754500389
3026562560.0,0.027787795290350914
3027500032.0,0.02156839333474636
3028437504.0,0.015465405769646168
3029374976.0,0.009707839228212833
3030312448.0,0.005001903977245092
3031249920.0,-0.000872467877343297
3032187392.0,-0.0067375837825238705
3033125120.0,-0.013033653609454632
3034062592.0,-0.018386684358119965
3035000064.0,-0.022925173863768578
3035937536.0,-0.02831718698143959
3036875008.0,-0.03284691274166107
3037812480.0,-0.03749122470617294
3038749952.0,-0.041218679398298264
3039687424.0,-0.04623698070645332
3040624896.0,-0.04983985051512718
3041562624.0,-0.05317458510398865
3042500096.0,-0.056327786296606064
3043437568.0,-0.05919139087200165
3044375040.0,-0.06200076639652252
3045312512.0,-0.06384237855672836
3046249984.0,-0.06439981609582901
3047187456.0,-0.06567920744419098
3048124928.0,-0.06596441566944122
3049062400.0,-0.0652061402797699
3049999872.0,-0.06500120460987091
3050937600.0,-0.06381751596927643
3051875072.0,-0.061158742755651474
3052812544.0,-0.05837881192564964
3053750016.0,-0.05465608462691307
3054687488.0,-0.050372425466775894
3055624960.0,-0.04521825909614563
3056562432.0,-0.03949633613228798
3057499904.0,-0.032843705266714096
3058437376.0,-0.02504616789519787
3059375104.0,-0.01686594821512699
3060312576.0,-0.008350920863449574
3061250048.0,0.0011504722060635686
3062187520.0,0.011634314432740211
3063124992.0,0.02176944725215435
3064062464.0,0.033524468541145325
3064999936.0,0.04600772261619568
3065937408.0,0.058344632387161255
3066874880.0,0.0709851086139679
3067812608.0,0.13984347879886627
3068750080.0,0.14470911026000977
3069687552.0,0.14850908517837524
3070625024.0,0.15174546837806702
3071562496.0,0.15347586572170258
3072499968.0,0.15331198275089264
3073437440.0,0.15243597328662872
3074374912.0,0.1491319090127945
3075312384.0,0.14541345834732056
3076250112.0,0.1392001360654831
3077187584.0,0.13222530484199524
3078125056.0,0.12485886365175247
3079062528.0,0.11608299612998962
3080000000.0,0.10679410398006439
3080937472.0,0.09653720259666443
3081874944.0,0.08515895158052444
3082812416.0,0.07427660375833511
3083749888.0,0.06343776732683182
3084687616.0,0.05157824233174324
3085625088.0,0.0400749146938324
3086562560.0,0.029536793008446693
3087500032.0,0.018492652103304863
3088437504.0,0.009045787155628204
3089374976.0,0.0006266037235036492
3090312448.0,-0.008800482377409935
3091249920.0,-0.01642621122300625
3092187392.0,-0.02314651571214199
3093125120.0,-0.02869560569524765
3094062592.0,-0.0317184180021286
3095000064.0,-0.035037562251091
3095937536.0,-0.03678927198052406
3096875008.0,-0.03703506290912628
3097812480.0,-0.03722459077835083
3098749952.0,-0.03605544939637184
3099687424.0,-0.033685632050037384
3100624896.0,-0.029933927580714226
3101562624.0,-0.02472756803035736
3102500096.0,-0.018317649140954018
3103437568.0,-0.013263252563774586
3104375040.0,-0.0060840025544166565
3105312512.0,0.0012828751932829618
3106249984.0,0.01014284323900938
3107187456.0,0.01735973358154297
3108124928.0,0.02656356804072857
3109062400.0,0.03430845960974693
3110000128.0,0.0430978462100029
3110937600.0,0.05238783359527588
3111875072.0,0.06010943278670311
3112812544.0,0.06783707439899445
3113750016.0,0.07608833909034729
3114687488.0,0.0835416316986084
3115624960.0,0.09014008939266205
3116562432.0,0.09654656797647476
3117499904.0,0.10245437175035477
3118437376.0,0.10812318325042725
3119375104.0,0.11271537840366364
3120312576.0,0.11737780272960663
3121250048.0,0.12171690165996552
3122187520.0,0.12504127621650696
3123124992.0,0.12748929858207703
3124062464.0,0.1310410499572754
3124999936.0,0.13288716971874237
3125937408.0,0.1361525058746338
3126874880.0,0.13910676538944244
3127812608.0,0.14502328634262085
3128750080.0,0.1455334722995758
3129687552.0,0.14553578197956085
3130625024.0,0.1445370614528656
3131562496.0,0.14286421239376068
3132499968.0,0.14205396175384521
3133437440.0,0.13914059102535248
3134374912.0,0.13600434362888336
3135312384.0,0.13347935676574707
3136250112.0,0.13040634989738464
3137187584.0,0.1275266706943512
3138125056.0,0.12471459805965424
3139062528.0,0.12258800119161606
3140000000.0,0.12212623655796051
3140937472.0,0.12228052318096161
3141874944.0,0.12300272285938263
3142812416.0,0.12663806974887848
3143749888.0,0.12944097816944122
3144687616.0,0.13429014384746552
3145625088.0,0.1396881639957428
3146562560.0,0.14561349153518677
3147500032.0,0.149948388338089
3148437504.0,0.15411615371704102
3149374976.0,0.15674254298210144
3150312448.0,0.15770521759986877
3151249920.0,0.15608568489551544
3152187392.0,0.1529710292816162
3153125120.0,0.14733856916427612
3154062592.0,0.13991233706474304
3155000064.0,0.13004794716835022
3155937536.0,0.11844293773174286
3156875008.0,0.10502045601606369
3157812480.0,0.09206360578536987
3158749952.0,0.07546982914209366
3159687424.0,0.060343142598867416
3160624896.0,0.04533670097589493
3161562624.0,0.029392065480351448
3162500096.0,0.014626115560531616
3163437568.0,0.00093244289746508
3164375040.0,-0.011370574124157429
3165312512.0,-0.02182386815547943
3166249984.0,-0.030988922342658043
3167187456.0,-0.037154316902160645
3168124928.0,-0.04107826203107834
3169062400.0,-0.04287392646074295
3169999872.0,-0.042807091027498245
3170937600.0,-0.039694931358098984
3171875072.0,-0.033918142318725586
3172812544.0,-0.02743581309914589
3173750016.0,-0.017809825018048286
3174687488.0,-0.007960173301398754
3175624960.0,0.0041547794826328754
3176562432.0,0.017402024939656258
3177499904.0,0.03271424397826195
3178437376.0,0.047437574714422226
3179375104.0,0.0617440901696682
3180312576.0,0.07755374908447266
3181250048.0,0.09320604056119919
3182187520.0,0.10792166739702225
3183124992.0,0.12311634421348572
3184062464.0,0.13703866302967072
3184999936.0,0.15097032487392426
3185937408.0,0.1636963188648224
3186874880.0,0.1755373179912567
3187812608.0,0.14686420559883118
3188750080.0,0.14338290691375732
3189687552.0,0.13945427536964417
3190625024.0,0.1341439038515091
3191562496.0,0.1292305588722229
3192499968.0,0.12390009313821793
3193437440.0,0.11887023597955704
3194374912.0,0.11294202506542206
3195312384.0,0.10840009897947311
3196250112.0,0.10325418412685394
3197187584.0,0.09941387921571732
3198125056.0,0.09519204497337341
3199062528.0,0.0915391743183136
3200000000.0,0.08769968152046204
3200937472.0,0.08657772839069366
3201874944.0,0.08491678535938263
3202812416.0,0.0855613574385643
3203749888.0,0.08493755012750626
3204687616.0,0.08651823550462723
3205625088.0,0.08789770305156708
3206562560.0,0.08891554176807404
3207500032.0,0.09125804156064987
3208437504.0,0.09410564601421356
3209374976.0,0.09668871760368347
3210312448.0,0.09878583252429962
3211249920.0,0.10101311653852463
3212187392.0,0.1040240004658699
3213125120.0,0.10677587240934372
3214062592.0,0.1091262623667717
3215000064.0,0.11194179952144623
3215937536.0,0.11349853873252869
3216875008.0,0.11476308107376099
3217812480.0,0.11540097743272781
3218749952.0,0.11621914058923721
3219687424.0,0.11696790903806686
3220624896.0,0.11687517166137695
3221562624.0,0.11686690896749496
3222500096.0,0.11625371873378754
3223437568.0,0.11393491178750992
3224375040.0,0.11320839077234268
3225312512.0,0.1120261624455452
3226249984.0,0.11059334129095078
3227187456.0,0.10946140438318253
3228124928.0,0.10787133872509003
3229062400.0,0.1069696694612503
3230000128.0,0.10645537078380585
3230937600.0,0.1061541736125946
3231875072.0,0.10590780526399612
3232812544.0,0.1058066338300705
3233750016.0,0.10750416666269302
3234687488.0,0.10896510630846024
3235624960.0,0.11084210872650146
3236562432.0,0.11433262377977371
3237499904.0,0.11735944449901581
3238437376.0,0.12152708321809769
3239375104.0,0.1266394555568695
3240312576.0,0.1319558322429657
3241250048.0,0.1376151442527771
3242187520.0,0.14400269091129303
3243124992.0,0.14987614750862122
3244062464.0,0.15567819774150848
3244999936.0,0.16151976585388184
3245937408.0,0.16741058230400085
3246874880.0,0.1729319989681244
3247812608.0,0.08412741124629974
3248750080.0,0.0753089189529419
3249687552.0,0.06668869405984879
3250625024.0,0.05684284493327141
3251562496.0,0.047283537685871124
3252499968.0,0.038924090564250946
3253437440.0,0.029387354850769043
3254374912.0,0.022898856550455093
3255312384.0,0.01661715842783451
3256250112.0,0.013116661459207535
3257187584.0,0.010729874484241009
3258125056.0,0.01008062344044447
3259062528.0,0.012211684137582779
3260000000.0,0.014108664356172085
3260937472.0,0.019710728898644447
3261874944.0,0.023385396227240562
3262812416.0,0.029197650030255318
3263749888.0,0.03359191492199898
3264687616.0,0.03876565769314766
3265625088.0,0.04395046457648277
3266562560.0,0.0491257905960083
3267500032.0,0.05289565399289131
3268437504.0,0.05641060322523117
3269374976.0,0.060603946447372437
3270312448.0,0.06280527263879776
3271249920.0,0.06598901003599167
3272187392.0,0.0687134861946106
3273125120.0,0.07174743711948395
3274062592.0,0.07368161529302597
3275000064.0,0.0752599686384201
3275937536.0,0.07695168256759644
3276875008.0,0.0786672905087471
3277812480.0,0.08009245991706848
3278749952.0,0.08103325217962265
3279687424.0,0.08211243897676468
3280624896.0,0.0825117826461792
3281562624.0,0.08362433314323425
3282500096.0,0.08376727253198624
3283437568.0,0.0834425762295723
3284375040.0,0.08416184782981873
3285312512.0,0.0839383527636528
3286249984.0,0.08434642106294632
3287187456.0,0.0833401158452034
3288124928.0,0.083806112408638
3289062400.0,0.08229106664657593
3289999872.0,0.08162914216518402
3290937600.0,0.08104010671377182
3291875072.0,0.08043740689754486
3292812544.0,0.0799870416522026
3293750016.0,0.0794464573264122
3294687488.0,0.08050018548965454
3295624960.0,0.08043621480464935
3296562432.0,0.079927459359169
3297499904.0,0.08174566924571991
3298437376.0,0.08316685259342194
3299375104.0,0.08479425311088562
3300312576.0,0.08753078430891037
3301250048.0,0.0894370973110199
3302187520.0,0.0915256217122078
3303124992.0,0.09609126299619675
3304062464.0,0.09913177788257599
3304999936.0,0.10332100838422775
3305937408.0,0.10793288797140121
3306874880.0,0.1134747862815857
3307812608.0,0.12445855140686035
3308750080.0,0.1322268694639206
3309687552.0,0.1410115510225296
3310625024.0,0.1484750360250473
3311562496.0,0.15693293511867523
3312499968.0,0.16400976479053497
3313437440.0,0.1725234091281891
3314374912.0,0.18031589686870575
3315312384.0,0.18753071129322052
3316250112.0,0.19396346807479858
3317187584.0,0.20009781420230865
3318125056.0,0.20511238276958466
3319062528.0,0.20993849635124207
3320000000.0,0.21381665766239166
3320937472.0,0.21621139347553253
3321874944.0,0.21797356009483337
3322812416.0,0.21826060116291046
3323749888.0,0.21722978353500366
3324687616.0,0.21532611548900604
3325625088.0,0.21247075498104095
3326562560.0,0.20771704614162445
3327500032.0,0.2017190158367157
3328437504.0,0.19591224193572998
3329374976.0,0.18822742998600006
3330312448.0,0.17968446016311646
3331249920.0,0.17048797011375427
3332187392.0,0.16047942638397217
3333125120.0,0.1496526449918747
3334062592.0,0.1388963907957077
3335000064.0,0.12740378081798553
3335937536.0,0.11681821197271347
3336875008.0,0.10494472831487656
3337812480.0,0.09449005126953125
3338749952.0,0.0831994116306305
3339687424.0,0.07283138483762741
3340624896.0,0.06282170116901398
3341562624.0,0.053272683173418045
3342500096.0,0.04492765665054321
3343437568.0,0.037301477044820786
3344375040.0,0.030155915766954422
3345312512.0,0.0250317994505167
3346249984.0,0.02026747353374958
3347187456.0,0.01615127921104431
3348124928.0,0.014715541154146194
3349062400.0,0.013762329705059528
3350000128.0,0.013922069221735
3350937600.0,0.014703582972288132
3351875072.0,0.018036309629678726
3352812544.0,0.021124854683876038
3353750016.0,0.026704197749495506
3354687488.0,0.032877497375011444
3355624960.0,0.03967427834868431
3356562432.0,0.047029267996549606
3357499904.0,0.05573628842830658
3358437376.0,0.06507942080497742
3359375104.0,0.07416390627622604
3360312576.0,0.08461946994066238
3361250048.0,0.09506098181009293
3362187520.0,0.10484565049409866
3363124992.0,0.1146639734506607
3364062464.0,0.12464839220046997
3364999936.0,0.1345510482788086
3365937408.0,0.14333535730838776
3366874880.0,0.1514158993959427
3367812608.0,0.03496214374899864
3368750080.0,0.03847227245569229
3369687552.0,0.04284550994634628
3370625024.0,0.0462539978325367
3371562496.0,0.049080003052949905
3372499968.0,0.051303256303071976
3373437440.0,0.053633809089660645
3374374912.0,0.05548173934221268
3375312384.0,0.05399579182267189
3376250112.0,0.052573978900909424
3377187584.0,0.05080077424645424
3378125056.0,0.04748003929853439
3379062528.0,0.04308244213461876
3380000000.0,0.037636157125234604
3380937472.0,0.031764544546604156
3381874944.0,0.024292485788464546
3382812416.0,0.0161125548183918
3383749888.0,0.006042830646038055
3384687616.0,-0.00433073565363884
3385625088.0,-0.013866053894162178
3386562560.0,-0.02540314570069313
3387500032.0,-0.03524107113480568
3388437504.0,-0.04680270701646805
3389374976.0,-0.058406710624694824
3390312448.0,-0.06938871741294861
3391249920.0,-0.08076082915067673
3392187392.0,-0.09168069064617157
3393125120.0,-0.10093750059604645
3394062592.0,-0.11060844361782074
3395000064.0,-0.12018925696611404
3395937536.0,-0.12753826379776
3396875008.0,-0.1361757218837738
3397812480.0,-0.1430477350950241
3398749952.0,-0.14858129620552063
3399687424.0,-0.15255087614059448
3400624896.0,-0.15744449198246002
3401562624.0,-0.16009250283241272
3402500096.0,-0.1622607260942459
3403437568.0,-0.16387277841567993
3404375040.0,-0.16478821635246277
3405312512.0,-0.16519416868686676
3406249984.0,-0.16538023948669434
3407187456.0,-0.16493330895900726
3408124928.0,-0.165465846657753
3409062400.0,-0.1656518429517746
3409999872.0,-0.16513653099536896
3410937600.0,-0.16492457687854767
3411875072.0,-0.16696596145629883
3412812544.0,-0.1684412807226181
3413750016.0,-0.1714608371257782
3414687488.0,-0.17540243268013
3415624960.0,-0.18163278698921204
3416562432.0,-0.18769395351409912
3417499904.0,-0.19655048847198486
3418437376.0,-0.20692409574985504
3419375104.0,-0.21956107020378113
3420312576.0,-0.23478619754314423
3421250048.0,-0.2515740990638733
3422187520.0,-0.269054651260376
3423124992.0,-0.29014852643013
3424062464.0,-0.3126462697982788
3424999936.0,-0.3367171287536621
3425937408.0,-0.363179475069046
3426874880.0,-0.3908401429653168
3427812608.0,-0.421470582485199
3428750080.0,-0.4494922161102295
3429687552.0,-0.4782400131225586
3430625024.0,-0.5064746141433716
3431562496.0,-0.5341219902038574
3432499968.0,-0.5609695315361023
3433437440.0,-0.5879400372505188
3434374912.0,-0.6152451634407043
3435312384.0,-0.6425020098686218
3436250112.0,-0.670002281665802
3437187584.0,-0.6980707049369812
3438125056.0,-0.7253374457359314
3439062528.0,-0.7538155317306519
3440000000.0,-0.7840656638145447
3440937472.0,-0.8154355883598328
3441874944.0,-0.848259449005127
3442812416.0,-0.8827230334281921
3443749888.0,-0.919352114200592
3444687616.0,-0.9588202238082886
3445625088.0,-1.0009437799453735
3446562560.0,-1.0447114706039429
3447500032.0,-1.091417670249939
3448437504.0,-1.1405714750289917
3449374976.0,-1.1932224035263062
3450312448.0,-1.2486693859100342
3451249920.0,-1.3068441152572632
3452187392.0,-1.365673542022705
3453125120.0,-1.4278627634048462
3454062592.0,-1.4902753829956055
3455000064.0,-1.5522589683532715
3455937536.0,-1.6135551929473877
3456875008.0,-1.6727819442749023
3457812480.0,-1.7289930582046509
3458749952.0,-1.7792271375656128
3459687424.0,-1.8245655298233032
3460624896.0,-1.8630526065826416
3461562624.0,-1.8958091735839844
3462500096.0,-1.9211463928222656
3463437568.0,-1.9403775930404663
3464375040.0,-1.9507274627685547
3465312512.0,-1.956437349319458
3466249984.0,-1.9548122882843018
3467187456.0,-1.948529839515686
3468124928.0,-1.9344768524169922
3469062400.0,-1.9144892692565918
3470000128.0,-1.886997938156128
3470937600.0,-1.8530161380767822
3471875072.0,-1.8137691020965576
3472812544.0,-1.7697340250015259
3473750016.0,-1.7210774421691895
3474687488.0,-1.6697598695755005
3475624960.0,-1.6159281730651855
3476562432.0,-1.560990571975708
3477499904.0,-1.5053294897079468
3478437376.0,-1.4504069089889526
3479375104.0,-1.395284652709961
3480312576.0,-1.3454549312591553
3481250048.0,-1.2973780632019043
3482187520.0,-1.2502398490905762
3483124992.0,-1.2024075984954834
3484062464.0,-1.1572190523147583
3484999936.0,-1.1123709678649902
3485937408.0,-1.0704129934310913
3486874880.0,-1.0299259424209595
3487812608.0,-1.0250872373580933
3488750080.0,-0.9874109625816345
3489687552.0,-0.9506072998046875
3490625024.0,-0.9145976305007935
3491562496.0,-0.8808398246765137
3492499968.0,-0.8500192165374756
3493437440.0,-0.8199307322502136
3494374912.0,-0.7915136814117432
3495312384.0,-0.7651159167289734
3496250112.0,-0.7403926253318787
3497187584.0,-0.7198882102966309
3498125056.0,-0.7018367052078247
3499062528.0,-0.6865650415420532
3500000000.0,-0.6710910201072693
3500937472.0,-0.6577520966529846
3501874944.0,-0.6445975303649902
3502812416.0,-0.6314287781715393
3503749888.0,-0.6185042262077332
3504687616.0,-0.6059898138046265
3505625088.0,-0.5929895639419556
3506562560.0,-0.5814775824546814
3507500032.0,-0.5696385502815247
3508437504.0,-0.5578517317771912
3509374976.0,-0.5456002354621887
3510312448.0,-0.533537745475769
3511249920.0,-0.5196857452392578
3512187392.0,-0.5068434476852417
3513125120.0,-0.49257129430770874
3514062592.0,-0.4779838025569916
3515000064.0,-0.46430110931396484
3515937536.0,-0.44833970069885254
3516875008.0,-0.4306700527667999
3517812480.0,-0.41280701756477356
3518749952.0,-0.39550381898880005
3519687424.0,-0.3763955235481262
3520624896.0,-0.3594975471496582
3521562624.0,-0.3412666320800781
3522500096.0,-0.3222982585430145
3523437568.0,-0.3031572103500366
3524375040.0,-0.28461888432502747
3525312512.0,-0.2665277123451233
3526249984.0,-0.2485220730304718
3527187456.0,-0.2302260845899582
3528124928.0,-0.21276137232780457
3529062400.0,-0.19461970031261444
3529999872.0,-0.1793685257434845
3530937600.0,-0.16477113962173462
3531875072.0,-0.15265175700187683
3532812544.0,-0.14125601947307587
3533750016.0,-0.13197822868824005
3534687488.0,-0.12376406788825989
3535624960.0,-0.11792998760938644
3536562432.0,-0.11329011619091034
3537499904.0,-0.11178133636713028
3538437376.0,-0.1107511892914772
3539375104.0,-0.11035613715648651
3540312576.0,-0.11254429072141647
3541250048.0,-0.1166665181517601
3542187520.0,-0.1206253170967102
3543124992.0,-0.12603414058685303
3544062464.0,-0.13308852910995483
3544999936.0,-0.1413586288690567
3545937408.0,-0.15032930672168732
3546874880.0,-0.16138657927513123
3547812608.0,-0.2017706036567688
3548750080.0,-0.19368281960487366
3549687552.0,-0.1848451793193817
3550625024.0,-0.17682690918445587
3551562496.0,-0.16870443522930145
3552499968.0,-0.16178272664546967
3553437440.0,-0.15602420270442963
3554374912.0,-0.1494608223438263
3555312384.0,-0.1457991749048233
3556250112.0,-0.14297066628932953
3557187584.0,-0.14006051421165466
3558125056.0,-0.13673751056194305
3559062528.0,-0.13334132730960846
3560000000.0,-0.13074888288974762
3560937472.0,-0.12723983824253082
3561874944.0,-0.12513089179992676
3562812416.0,-0.1229536309838295
3563749888.0,-0.11954669654369354
3564687616.0,-0.11710724979639053
3565625088.0,-0.11414776742458344
3566562560.0,-0.11305554956197739
3567500032.0,-0.11037936806678772
3568437504.0,-0.1085183322429657
3569374976.0,-0.10570238530635834
3570312448.0,-0.10418951511383057
3571249920.0,-0.10085195302963257
3572187392.0,-0.09778224676847458
3573125120.0,-0.09499181061983109
3574062592.0,-0.09171980619430542
3575000064.0,-0.08813106268644333
3575937536.0,-0.08516966551542282
3576875008.0,-0.08113157004117966
3577812480.0,-0.0782909244298935
3578749952.0,-0.07377784699201584
3579687424.0,-0.0707855150103569
3580624896.0,-0.06741277128458023
3581562624.0,-0.064773328602314
3582500096.0,-0.060652874410152435
3583437568.0,-0.05739762634038925
3584375040.0,-0.053699832409620285
3585312512.0,-0.05213521420955658
3586249984.0,-0.04952298477292061
3587187456.0,-0.046971555799245834
3588124928.0,-0.04553806036710739
3589062400.0,-0.044045764952898026
3590000128.0,-0.04263986274600029
3590937600.0,-0.04102201387286186
3591875072.0,-0.04037905111908913
3592812544.0,-0.04001149907708168
3593750016.0,-0.03969342261552811
3594687488.0,-0.039696238934993744
3595624960.0,-0.04186472296714783
3596562432.0,-0.04429170861840248
3597499904.0,-0.04583100229501724
3598437376.0,-0.04808908328413963
3599375104.0,-0.050596293061971664
3600312576.0,-0.05321087688207626
3601250048.0,-0.05525268241763115
3602187520.0,-0.05907807499170303
3603124992.0,-0.0609767846763134
3604062464.0,-0.06324493139982224
3604999936.0,-0.06478407233953476
3605937408.0,-0.06704011559486389
3606874880.0,-0.06836889684200287
3607812608.0,-0.07426539808511734
3608750080.0,-0.07253817468881607
3609687552.0,-0.07064705342054367
3610625024.0,-0.06938361376523972
3611562496.0,-0.0696013793349266
3612499968.0,-0.07003295421600342
3613437440.0,-0.07157443463802338
3614374912.0,-0.07306227833032608
3615312384.0,-0.0753282830119133
3616250112.0,-0.07750687003135681
3617187584.0,-0.07977648824453354
3618125056.0,-0.08243134617805481
3619062528.0,-0.08559838682413101
3620000000.0,-0.08860542625188828
3620937472.0,-0.09202813357114792
3621874944.0,-0.09561425447463989
3622812416.0,-0.09954485297203064
3623749888.0,-0.10268767923116684
3624687616.0,-0.10483639687299728
3625625088.0,-0.10874007642269135
3626562560.0,-0.11196926981210709
3627500032.0,-0.1149020567536354
3628437504.0,-0.11641878634691238
3629374976.0,-0.11823413521051407
3630312448.0,-0.11894509941339493
3631249920.0,-0.11943097412586212
3632187392.0,-0.11896435916423798
3633125120.0,-0.11778579652309418
3634062592.0,-0.11585991084575653
3635000064.0,-0.11333654820919037
3635937536.0,-0.1097441241145134
3636875008.0,-0.10632916539907455
3637812480.0,-0.10159208625555038
3638749952.0,-0.09593498706817627
3639687424.0,-0.08955250680446625
3640624896.0,-0.08278758823871613
3641562624.0,-0.07518614083528519
3642500096.0,-0.06731504201889038
3643437568.0,-0.05920225754380226
3644375040.0,-0.05195005238056183
3645312512.0,-0.04389607533812523
3646249984.0,-0.03597336634993553
3647187456.0,-0.02731294557452202
3648124928.0,-0.019764715805649757
3649062400.0,-0.012551581487059593
3649999872.0,-0.0057372297160327435
3650937600.0,0.002321919659152627
3651875072.0,0.009291292168200016
3652812544.0,0.01628001593053341
3653750016.0,0.02249070629477501
3654687488.0,0.02754070982336998
3655624960.0,0.03225134313106537
3656562432.0,0.03553582727909088
3657499904.0,0.03841687738895416
3658437376.0,0.04091154411435127
3659375104.0,0.042329657822847366
3660312576.0,0.044004954397678375
3661250048.0,0.04292634502053261
3662187520.0,0.042674992233514786
3663124992.0,0.040380824357271194
3664062464.0,0.03816455975174904
3664999936.0,0.032843269407749176
3665937408.0,0.029303424060344696
3666874880.0,0.023591576144099236
3667812608.0,0.015559114515781403
3668750080.0,0.011292125098407269
3669687552.0,0.0065298317931592464
3670625024.0,0.0018370416946709156
3671562496.0,-0.0005476468941196799
3672499968.0,-0.004388842731714249
3673437440.0,-0.005926151294261217
3674374912.0,-0.008446121588349342
3675312384.0,-0.009920664131641388
3676250112.0,-0.010254480876028538
3677187584.0,-0.01057418528944254
3678125056.0,-0.009777817875146866
3679062528.0,-0.01048289705067873
3680000000.0,-0.01032355334609747
3680937472.0,-0.008690780028700829
3681874944.0,-0.006290603894740343
3682812416.0,-0.004686503205448389
3683749888.0,-0.003314743284136057
3684687616.0,-0.0014824661193415523
3685625088.0,0.00024102070892695338
3686562560.0,0.0032306225039064884
3687500032.0,0.005057681351900101
3688437504.0,0.006940439343452454
3689374976.0,0.009604382328689098
3690312448.0,0.012898558750748634
3691249920.0,0.015615479089319706
3692187392.0,0.0178657416254282
3693125120.0,0.020410863682627678
3694062592.0,0.02363765798509121
3695000064.0,0.0256405808031559
3695937536.0,0.027477718889713287
3696875008.0,0.029529696330428123
3697812480.0,0.031190326437354088
3698749952.0,0.033733244985342026
3699687424.0,0.034437064081430435
3700624896.0,0.034622494131326675
3701562624.0,0.03388327732682228
3702500096.0,0.032741811126470566
3703437568.0,0.030363623052835464
3704375040.0,0.027334576472640038
3705312512.0,0.023287780582904816
3706249984.0,0.018538352102041245
3707187456.0,0.011922162026166916
3708124928.0,0.003510093782097101
3709062400.0,-0.005478851497173309
3710000128.0,-0.015506883151829243
3710937600.0,-0.027272265404462814
3711875072.0,-0.04090501740574837
3712812544.0,-0.056126050651073456
3713750016.0,-0.07313107699155807
3714687488.0,-0.09077609330415726
3715624960.0,-0.10930966585874557
3716562432.0,-0.12931661307811737
3717499904.0,-0.1509018987417221
3718437376.0,-0.17154555022716522
3719375104.0,-0.1939043402671814
3720312576.0,-0.214950829744339
3721250048.0,-0.2360062152147293
3722187520.0,-0.25662606954574585
3723124992.0,-0.2773417532444
3724062464.0,-0.2971387803554535
3724999936.0,-0.3145604431629181
3725937408.0,-0.33117926120758057
3726874880.0,-0.3462430238723755
3727812608.0,-0.036506909877061844
3728750080.0,-0.03622698411345482
3729687552.0,-0.0369255468249321
3730625024.0,-0.03742380440235138
3731562496.0,-0.038715578615665436
3732499968.0,-0.04164889082312584
3733437440.0,-0.044509124010801315
3734374912.0,-0.04698583856225014
3735312384.0,-0.050345420837402344
3736250112.0,-0.051626283675432205
3737187584.0,-0.054528966546058655
3738125056.0,-0.05599598586559296
3739062528.0,-0.05691419914364815
3740000000.0,-0.05552825704216957
3740937472.0,-0.05625458434224129
3741874944.0,-0.05352833867073059
3742812416.0,-0.05034543201327324
3743749888.0,-0.0472189299762249
3744687616.0,-0.04357613995671272
3745625088.0,-0.038747575134038925
3746562560.0,-0.030486861243844032
3747500032.0,-0.02348208613693714
3748437504.0,-0.014786101877689362
3749374976.0,-0.005635990761220455
3750312448.0,0.0048356871120631695
3751249920.0,0.015586866065859795
3752187392.0,0.02696785144507885
3753125120.0,0.038946595042943954
3754062592.0,0.04969693720340729
3755000064.0,0.061105601489543915
3755937536.0,0.07170078158378601
3756875008.0,0.08264248818159103
3757812480.0,0.09130700677633286
3758749952.0,0.10106402635574341
3759687424.0,0.10826484858989716
3760624896.0,0.11597126722335815
3761562624.0,0.1218390017747879
3762500096.0,0.12650135159492493
3763437568.0,0.12964124977588654
3764375040.0,0.13144831359386444
3765312512.0,0.1315772980451584
3766249984.0,0.13038285076618195
3767187456.0,0.12800434231758118
3768124928.0,0.12411095947027206
3769062400.0,0.11915405094623566
3769999872.0,0.11259768158197403
3770937600.0,0.1049029678106308
3771875072.0,0.09583497792482376
3772812544.0,0.08684474974870682
3773750016.0,0.07629985362291336
3774687488.0,0.06435463577508926
3775624960.0,0.05153440311551094
3776562432.0,0.038393039256334305
3777499904.0,0.024918310344219208
3778437376.0,0.012215479277074337
3779375104.0,-0.0005718418979085982
3780312576.0,-0.013789042830467224
3781250048.0,-0.026816051453351974
3782187520.0,-0.03889702260494232
3783124992.0,-0.050335682928562164
3784062464.0,-0.06198795512318611
3784999936.0,-0.07338698953390121
3785937408.0,-0.08378354460000992
3786874880.0,-0.08002341538667679
3787812608.0,-0.08372091501951218
3788750080.0,-0.08715329319238663
3789687552.0,-0.09100162982940674
3790625024.0,-0.09426262974739075
3791562496.0,-0.09796641767024994
3792499968.0,-0.102652907371521
3793437440.0,-0.10582204163074493
3794374912.0,-0.10749189555644989
3795312384.0,-0.10890233516693115
3796250112.0,-0.11029846221208572
3797187584.0,-0.10950057208538055
3798125056.0,-0.10856883227825165
3799062528.0,-0.1071946918964386
3800000000.0,-0.10345877707004547
3800937472.0,-0.09891236573457718
3801874944.0,-0.0950683131814003
3802812416.0,-0.08803936094045639
3803749888.0,-0.08098147064447403
3804687616.0,-0.07326361536979675
3805625088.0,-0.06558793038129807
3806562560.0,-0.05602814257144928
3807500032.0,-0.04683469980955124
3808437504.0,-0.03712556138634682
3809374976.0,-0.027537142857909203
3810312448.0,-0.019075199961662292
3811249920.0,-0.010527714155614376
3812187392.0,-0.0029103632550686598
3813125120.0,0.005380645859986544
3814062592.0,0.0126856230199337
3815000064.0,0.020725533366203308
3815937536.0,0.026354681700468063
3816875008.0,0.03284711018204689
3817812480.0,0.037696413695812225
3818749952.0,0.04294999688863754
3819687424.0,0.046371471136808395
3820624896.0,0.048892781138420105
3821562624.0,0.05134318023920059
3822500096.0,0.05238007381558418
3823437568.0,0.053228482604026794
3824375040.0,0.052127182483673096
3825312512.0,0.051452603191137314
3826249984.0,0.04839276522397995
3827187456.0,0.045276105403900146
3828124928.0,0.04183822497725487
3829062400.0,0.037162937223911285
3830000128.0,0.03177883103489876
3830937600.0,0.027139464393258095
3831875072.0,0.02236701175570488
3832812544.0,0.016971535980701447
3833750016.0,0.011950131505727768
3834687488.0,0.006132430396974087
3835624960.0,0.0006774755311198533
3836562432.0,-0.005184215027838945
3837499904.0,-0.01074167899787426
3838437376.0,-0.01608654484152794
3839375104.0,-0.022088851779699326
3840312576.0,-0.025538092479109764
3841250048.0,-0.02933141402900219
3842187520.0,-0.034235987812280655
3843124992.0,-0.03858058154582977
3844062464.0,-0.042378250509500504
3844999936.0,-0.04671635851264
3845937408.0,-0.05033626779913902
3846874880.0,-0.04851078987121582
3847812608.0,-0.051852528005838394
3848750080.0,-0.05443534255027771
3849687552.0,-0.056238219141960144
3850625024.0,-0.05880732834339142
3851562496.0,-0.060881808400154114
3852499968.0,-0.06163112074136734
3853437440.0,-0.06333721429109573
3854374912.0,-0.0636954978108406
3855312384.0,-0.06448742002248764
3856250112.0,-0.06420672684907913
3857187584.0,-0.06416414678096771
3858125056.0,-0.06284229457378387
3859062528.0,-0.06138281151652336
3860000000.0,-0.06068950146436691
3860937472.0,-0.05905492231249809
3861874944.0,-0.05594512075185776
3862812416.0,-0.05357559397816658
3863749888.0,-0.052287351340055466
3864687616.0,-0.05134018138051033
3865625088.0,-0.05229157209396362
3866562560.0,-0.0533793643116951
3867500032.0,-0.05754958093166351
3868437504.0,-0.06277068704366684
3869374976.0,-0.07005809247493744
3870312448.0,-0.07884278148412704
3871249920.0,-0.0891958549618721
3872187392.0,-0.09966301172971725
3873125120.0,-0.10982079058885574
3874062592.0,-0.12174136936664581
3875000064.0,-0.13329024612903595
3875937536.0,-0.14410729706287384
3876875008.0,-0.15388192236423492
3877812480.0,-0.16251249611377716
3878749952.0,-0.1700281947851181
3879687424.0,-0.1751200258731842
3880624896.0,-0.17975030839443207
3881562624.0,-0.1807555854320526
3882500096.0,-0.18027065694332123
3883437568.0,-0.17812681198120117
3884375040.0,-0.17397557199001312
3885312512.0,-0.168357253074646
3886249984.0,-0.1598191261291504
3887187456.0,-0.15071192383766174
3888124928.0,-0.14132264256477356
3889062400.0,-0.12982968986034393
3889999872.0,-0.11750327050685883
3890937600.0,-0.10553786903619766
3891875072.0,-0.09298344701528549
3892812544.0,-0.08121796697378159
3893750016.0,-0.07073929160833359
3894687488.0,-0.06031646579504013
3895624960.0,-0.051504917442798615
3896562432.0,-0.04289395362138748
3897499904.0,-0.03692653775215149
3898437376.0,-0.03148356452584267
3899375104.0,-0.027263732627034187
3900312576.0,-0.023442788049578667
3901250048.0,-0.02086317539215088
3902187520.0,-0.01942627504467964
3903124992.0,-0.018401727080345154
3904062464.0,-0.01696184277534485
3904999936.0,-0.015403683297336102
3905937408.0,-0.013274268247187138
3906874880.0,-0.019617382436990738
3907812608.0,-0.027097582817077637
3908750080.0,-0.033639565110206604
3909687552.0,-0.03908836469054222
3910625024.0,-0.0419648252427578
3911562496.0,-0.04335632920265198
3912499968.0,-0.042669281363487244
3913437440.0,-0.04051337391138077
3914374912.0,-0.036367740482091904
3915312384.0,-0.030359920114278793
3916250112.0,-0.02291497029364109
3917187584.0,-0.014019076712429523
3918125056.0,-0.004516090732067823
3919062528.0,0.0057916343212127686
3920000000.0,0.01762952283024788
3920937472.0,0.029239574447274208
3921874944.0,0.04070882126688957
3922812416.0,0.05182454362511635
3923749888.0,0.06331190466880798
3924687616.0,0.07313469797372818
3925625088.0,0.08338414877653122
3926562560.0,0.09230872243642807
3927500032.0,0.09996819496154785
3928437504.0,0.10661215335130692
3929374976.0,0.11187063157558441
3930312448.0,0.11582280695438385
3931249920.0,0.11699489504098892
3932187392.0,0.11837387084960938
3933125120.0,0.11815620958805084
3934062592.0,0.11446770280599594
3935000064.0,0.11090852320194244
3935937536.0,0.10511399060487747
3936875008.0,0.09833285212516785
3937812480.0,0.08991125971078873
3938749952.0,0.07937954366207123
3939687424.0,0.06946324557065964
3940624896.0,0.057976752519607544
3941562624.0,0.046076200902462006
3942500096.0,0.03266560286283493
3943437568.0,0.018898529931902885
3944375040.0,0.005394332576543093
3945312512.0,-0.009801936335861683
3946249984.0,-0.024320557713508606
3947187456.0,-0.039084844291210175
3948124928.0,-0.05219537392258644
3949062400.0,-0.06649298220872879
3950000128.0,-0.07982994616031647
3950937600.0,-0.09201537072658539
3951875072.0,-0.10354287177324295
3952812544.0,-0.11496095359325409
3953750016.0,-0.12440476566553116
3954687488.0,-0.1351187825202942
3955624960.0,-0.1435243934392929
3956562432.0,-0.1519760638475418
3957499904.0,-0.159521222114563
3958437376.0,-0.1675032526254654
3959375104.0,-0.17432455718517303
3960312576.0,-0.1801820546388626
3961250048.0,-0.18642066419124603
3962187520.0,-0.19208528101444244
3963124992.0,-0.1978161484003067
3964062464.0,-0.20230820775032043
3964999936.0,-0.20730194449424744
3965937408.0,-0.2115509957075119
3966874880.0,-0.10244949162006378
3967812608.0,-0.10828831791877747
3968750080.0,-0.11378505825996399
3969687552.0,-0.11727208644151688
3970625024.0,-0.12065251171588898
3971562496.0,-0.12331843376159668
3972499968.0,-0.1253332644701004
3973437440.0,-0.12446645647287369
3974374912.0,-0.12603983283042908
3975312384.0,-0.12624895572662354
3976250112.0,-0.12473424524068832
3977187584.0,-0.12296956032514572
3978125056.0,-0.12023881822824478
3979062528.0,-0.11605758965015411
3980000000.0,-0.11063560098409653
3980937472.0,-0.1055033951997757
3981874944.0,-0.09969223290681839
3982812416.0,-0.0933561697602272
3983749888.0,-0.08699715882539749
3984687616.0,-0.0801888182759285
3985625088.0,-0.0727686658501625
3986562560.0,-0.06605956703424454
3987500032.0,-0.06025801599025726
3988437504.0,-0.05316117778420448
3989374976.0,-0.04634332284331322
3990312448.0,-0.03942861407995224
3991249920.0,-0.03291845694184303
3992187392.0,-0.027624890208244324
3993125120.0,-0.022756202146410942
3994062592.0,-0.01864917203783989
3995000064.0,-0.015730498358607292
3995937536.0,-0.01247561164200306
3996875008.0,-0.012144828215241432
3997812480.0,-0.011269181035459042
3998749952.0,-0.01160573773086071
3999687424.0,-0.011455138213932514
4000624896.0,-0.0037667544092983007
4001562624.0,-0.008739236742258072
4002500096.0,-0.01333637349307537
4003437568.0,-0.020772963762283325
4004375040.0,-0.027451880276203156
4005312512.0,-0.03451379016041756
4006249984.0,-0.04320074990391731
4007187456.0,-0.05068483203649521
4008124928.0,-0.05889219418168068
4009062400.0,-0.06715087592601776
4009999872.0,-0.07672665268182755
4010937600.0,-0.08532165735960007
4011875072.0,-0.0942767783999443
4012812544.0,-0.10277952253818512
4013750016.0,-0.11162878572940826
4014687488.0,-0.12052476406097412
4015624960.0,-0.12959735095500946
4016562432.0,-0.13838925957679749
4017499904.0,-0.1468731015920639
4018437376.0,-0.15483583509922028
4019375104.0,-0.16204817593097687
4020312576.0,-0.16890853643417358
4021250048.0,-0.1765039563179016
4022187520.0,-0.18234100937843323
4023124992.0,-0.18846198916435242
4024062464.0,-0.1938854455947876
4024999936.0,-0.20009760558605194
4025937408.0,-0.20431464910507202
4026874880.0,-0.19748327136039734
4027812608.0,-0.1998743712902069
4028750080.0,-0.20282328128814697
4029687552.0,-0.20472805202007294
4030625024.0,-0.2078305035829544
4031562496.0,-0.21008507907390594
4032499968.0,-0.21133503317832947
4033437440.0,-0.2131827473640442
4034374912.0,-0.2150990217924118
4035312384.0,-0.21593092381954193
4036250112.0,-0.21537035703659058
4037187584.0,-0.21549229323863983
4038125056.0,-0.2142893373966217
4039062528.0,-0.2128559947013855
4040000000.0,-0.21282607316970825
4040937472.0,-0.21132385730743408
4041874944.0,-0.20979587733745575
4042812416.0,-0.2078583687543869
4043749888.0,-0.20577000081539154
4044687616.0,-0.20186644792556763
4045625088.0,-0.19792696833610535
4046562560.0,-0.1920938491821289
4047500032.0,-0.18471510708332062
4048437504.0,-0.17709176242351532
4049374976.0,-0.16821108758449554
4050312448.0,-0.15949667990207672
4051249920.0,-0.14816080033779144
4052187392.0,-0.13705453276634216
4053125120.0,-0.12602867186069489
4054062592.0,-0.11487675458192825
4055000064.0,-0.1010575219988823
4055937536.0,-0.08881779760122299
4056875008.0,-0.07540234178304672
4057812480.0,-0.062253955751657486
4058749952.0,-0.04954599216580391
4059687424.0,-0.03737612068653107
4060624896.0,-0.025571607053279877
4061562624.0,-0.013293778523802757
4062500096.0,-0.003532568458467722
4063437568.0,0.006379762198776007
4064375040.0,0.014415333047509193
4065312512.0,0.022471709176898003
4066249984.0,0.029426464810967445
4067187456.0,0.035148389637470245
4068124928.0,0.03835727274417877
4069062400.0,0.04219629615545273
4070000128.0,0.04466396942734718
4070937600.0,0.045015785843133926
4071875072.0,0.04556472599506378
4072812544.0,0.04360617697238922
4073750016.0,0.041596487164497375
4074687488.0,0.0374356172978878
4075624960.0,0.03318141773343086
4076562432.0,0.02723829075694084
4077499904.0,0.020800147205591202
4078437376.0,0.01493766624480486
4079375104.0,0.0075730858370661736
4080312576.0,-0.0009017894044518471
4081250048.0,-0.009748481214046478
4082187520.0,-0.020318811759352684
4083124992.0,-0.030720198526978493
4084062464.0,-0.04095732048153877
4084999936.0,-0.0507642962038517
4085937408.0,-0.059889283031225204
4086874880.0,-0.08460009098052979
4087812608.0,-0.09093020111322403
4088750080.0,-0.09659507870674133
4089687552.0,-0.10142876207828522
4090625024.0,-0.10566654801368713
4091562496.0,-0.10923802852630615
4092499968.0,-0.11171640455722809
4093437440.0,-0.11377991735935211
4094374912.0,-0.11561940610408783
4095312384.0,-0.11715755611658096
4096250112.0,-0.11830827593803406
4097187584.0,-0.12045066058635712
4098125056.0,-0.12274575978517532
4099062528.0,-0.1245318278670311
4100000000.0,-0.12669658660888672
4100937472.0,-0.12931475043296814
4101874944.0,-0.1321922391653061
4102812416.0,-0.13346217572689056
4103749888.0,-0.13488952815532684
4104687616.0,-0.13851693272590637
4105625088.0,-0.14004917442798615
4106562560.0,-0.14237521588802338
4107500032.0,-0.1440117359161377
4108437504.0,-0.14461573958396912
4109374976.0,-0.1470271199941635
4110312448.0,-0.14877966046333313
4111249920.0,-0.1492258608341217
4112187392.0,-0.15096226334571838
4113125120.0,-0.15138264000415802
4114062592.0,-0.15135879814624786
4115000064.0,-0.1516919583082199
4115937536.0,-0.15068884193897247
4116875008.0,-0.14993338286876678
4117812480.0,-0.14891387522220612
4118749952.0,-0.14654852449893951
4119687424.0,-0.14497795701026917
4120624896.0,-0.14097145199775696
4121562624.0,-0.1378239095211029
4122500096.0,-0.13482588529586792
4123437568.0,-0.13057784736156464
4124375040.0,-0.126651793718338
4125312512.0,-0.12256527692079544
4126249984.0,-0.11798809468746185
4127187456.0,-0.11486120522022247
4128124928.0,-0.11128784716129303
4129062400.0,-0.10718467831611633
4129999872.0,-0.1040286123752594
4130937600.0,-0.09998919814825058
4131875072.0,-0.09639692306518555
4132812544.0,-0.09128504991531372
4133750016.0,-0.08726868033409119
4134687488.0,-0.08468645066022873
4135624960.0,-0.08025484532117844
4136562432.0,-0.07777250558137894
4137499904.0,-0.07462196797132492
4138437376.0,-0.0720776617527008
4139375104.0,-0.06956251710653305
4140312576.0,-0.06774149090051651
4141250048.0,-0.0646328255534172
4142187520.0,-0.06300574541091919
4143124992.0,-0.06059246137738228
4144062464.0,-0.059428561478853226
4144999936.0,-0.05759527534246445
4145937408.0,-0.0554797537624836
4146874880.0,-0.09025754779577255
4147812608.0,-0.0931180864572525
4148750080.0,-0.09356756508350372
4149687552.0,-0.09451712667942047
4150625024.0,-0.09363991022109985
4151562496.0,-0.09252718836069107
4152499968.0,-0.09168944507837296
4153437440.0,-0.08916956931352615
4154374912.0,-0.08701466023921967
4155312384.0,-0.08342466503381729
4156250112.0,-0.07967041432857513
4157187584.0,-0.07617850601673126
4158125056.0,-0.07186806946992874
4159062528.0,-0.06760570406913757
4160000000.0,-0.06203823164105415
4160937472.0,-0.05760091915726662
4161874944.0,-0.0523199662566185
4162812416.0,-0.04819042235612869
4163749888.0,-0.043523866683244705
4164687616.0,-0.03951292484998703
4165625088.0,-0.03674308583140373
4166562560.0,-0.033838145434856415
4167500032.0,-0.03326455503702164
4168437504.0,-0.03263893723487854
4169374976.0,-0.03274330869317055
4170312448.0,-0.033954765647649765
4171249920.0,-0.03459163010120392
4172187392.0,-0.03657666966319084
4173125120.0,-0.03853802755475044
4174062592.0,-0.0403331033885479
4175000064.0,-0.04560045897960663
4175937536.0,-0.04937594383955002
4176875008.0,-0.0532069131731987
4177812480.0,-0.058661822229623795
4178749952.0,-0.06432104855775833
4179687424.0,-0.07010098546743393
4180624896.0,-0.07489574700593948
4181562624.0,-0.08004628121852875
4182500096.0,-0.0847558081150055
4183437568.0,-0.08966388553380966
4184375040.0,-0.09439465403556824
4185312512.0,-0.09944941103458405
4186249984.0,-0.10403866320848465
4187187456.0,-0.1075046956539154
4188124928.0,-0.1128232553601265
4189062400.0,-0.1161976084113121
4190000128.0,-0.12030746042728424
4190937600.0,-0.1239202544093132
4191875072.0,-0.12800392508506775
4192812544.0,-0.13190162181854248
4193750016.0,-0.13492605090141296
4194687488.0,-0.1387884020805359
4195624960.0,-0.1426352709531784
4196562432.0,-0.14716476202011108
4197499904.0,-0.15125803649425507
4198437376.0,-0.1561615914106369
4199375104.0,-0.16062210500240326
4200312576.0,-0.16575296223163605
4201250048.0,-0.17160388827323914
4202187520.0,-0.17682480812072754
4203124992.0,-0.1823289841413498
4204062464.0,-0.18766218423843384
4204999936.0,-0.19269272685050964
4205937408.0,-0.19772806763648987
4206874880.0,-0.18880994617938995
4207812608.0,-0.19441722333431244
4208750080.0,-0.19916900992393494
4209687552.0,-0.2035076916217804
4210625024.0,-0.20812807977199554
4211562496.0,-0.2104829102754593
4212499968.0,-0.21290551126003265
4213437440.0,-0.2146999090909958
4214374912.0,-0.2154209315776825
4215312384.0,-0.21529202163219452
4216250112.0,-0.21337078511714935
4217187584.0,-0.20976686477661133
4218125056.0,-0.2053319364786148
4219062528.0,-0.20004652440547943
4220000000.0,-0.19213445484638214
4220937472.0,-0.1842464953660965
4221874944.0,-0.17458714544773102
4222812416.0,-0.16330057382583618
4223749888.0,-0.1498785763978958
4224687616.0,-0.13707584142684937
4225625088.0,-0.12191376090049744
4226562560.0,-0.10535651445388794
4227500032.0,-0.08855977654457092
4228437504.0,-0.06995619088411331
4229374976.0,-0.052129115909338
4230312448.0,-0.034922875463962555
4231249920.0,-0.016331233084201813
4232187392.0,0.0004010990378446877
4233125120.0,0.01793590374290943
4234062592.0,0.03507629409432411
4235000064.0,0.05127179995179176
4235937536.0,0.06651893258094788
4236875008.0,0.08182581514120102
4237812480.0,0.09513197839260101
4238749952.0,0.10747268795967102
4239687424.0,0.11776050180196762
4240624896.0,0.12673912942409515
4241562624.0,0.13439980149269104
4242500096.0,0.1415841430425644
4243437568.0,0.14596490561962128
4244375040.0,0.14900851249694824
4245312512.0,0.15079554915428162
4246249984.0,0.15025146305561066
4247187456.0,0.1485525369644165
4248124928.0,0.14421446621418
4249062400.0,0.13859380781650543
4249999872.0,0.13255655765533447
4250937600.0,0.12301860004663467
4251875072.0,0.11282871663570404
4252812544.0,0.09918127954006195
4253750016.0,0.0847233384847641
4254687488.0,0.06846123933792114
4255624960.0,0.05125864967703819
4256562432.0,0.03175297752022743
4257499904.0,0.011970194056630135
4258437376.0,-0.007317023351788521
4259375104.0,-0.02946370467543602
4260312576.0,-0.051387470215559006
4261250048.0,-0.07333245873451233
4262187520.0,-0.09647884219884872
4263124992.0,-0.11999834328889847
4264062464.0,-0.14322957396507263
4264999936.0,-0.1665160059928894
4265937408.0,-0.18944045901298523
4266874880.0,-0.20626527070999146
4267812608.0,-0.21772730350494385
4268750080.0,-0.22819693386554718
4269687552.0,-0.23705577850341797
4270625024.0,-0.24575181305408478
4271562496.0,-0.2546735405921936
4272499968.0,-0.2614753544330597
4273437440.0,-0.2669619917869568
4274374912.0,-0.27092215418815613
4275312384.0,-0.27380165457725525
4276250112.0,-0.2732357382774353
4277187584.0,-0.271769642829895
4278125056.0,-0.26888740062713623
4279062528.0,-0.2624474763870239
4280000000.0,-0.25385284423828125
4280937472.0,-0.24323917925357819
4281874944.0,-0.23024983704090118
4282812416.0,-0.2142753154039383
4283749888.0,-0.1988368034362793
4284687616.0,-0.18117302656173706
4285625088.0,-0.16090339422225952
4286562560.0,-0.14019860327243805
4287500032.0,-0.11723235249519348
4288437504.0,-0.09302949160337448
4289374976.0,-0.06854665279388428
4290312448.0,-0.04294290021061897
4291249920.0,-0.017535390332341194
4292187392.0,0.007589756976813078
4293125120.0,0.03218122944235802
4294062592.0,0.055964138358831406
4295000064.0,0.0787637010216713
4295937536.0,0.10039161145687103
4296875008.0,0.11971832066774368
4297812480.0,0.13654844462871552
4298749952.0,0.1516968011856079
4299687424.0,0.16519400477409363
4300624896.0,0.17550693452358246
4301562368.0,0.18374840915203094
4302499840.0,0.18996843695640564
4303437312.0,0.19380412995815277
4304374784.0,0.19349642097949982
4305312256.0,0.19257327914237976
4306250240.0,0.18873566389083862
4307187712.0,0.18305134773254395
4308125184.0,0.17446017265319824
4309062656.0,0.16286560893058777
4310000128.0,0.1494816243648529
4310937600.0,0.13478539884090424
4311875072.0,0.11877124756574631
4312812544.0,0.1008576825261116
4313750016.0,0.08201514929533005
4314687488.0,0.0628887489438057
4315624960.0,0.04384240880608559
4316562432.0,0.023389717563986778
4317499904.0,0.0034251257311552763
4318437376.0,-0.016736017540097237
4319374848.0,-0.03674517944455147
4320312320.0,-0.055235203355550766
4321249792.0,-0.07283631712198257
4322187264.0,-0.08982757478952408
4323125248.0,-0.10622654855251312
4324062720.0,-0.12091302126646042
4325000192.0,-0.13501378893852234
4325937664.0,-0.14733874797821045
4326875136.0,-0.21373169124126434
4327812608.0,-0.21471020579338074
4328750080.0,-0.21426913142204285
4329687552.0,-0.21203963458538055
4330625024.0,-0.20776565372943878
4331562496.0,-0.2030760943889618
4332499968.0,-0.19770197570323944
4333437440.0,-0.19146931171417236
4334374912.0,-0.18457217514514923
4335312384.0,-0.17574407160282135
4336249856.0,-0.16671647131443024
4337187328.0,-0.15821543335914612
4338124800.0,-0.14983975887298584
4339062272.0,-0.14147280156612396
4339999744.0,-0.13371384143829346
4340937728.0,-0.12644678354263306
4341875200.0,-0.12025611847639084
4342812672.0,-0.11346543580293655
4343750144.0,-0.10750719904899597
4344687616.0,-0.10175074636936188
4345625088.0,-0.09769079834222794
4346562560.0,-0.09333774447441101
4347500032.0,-0.09127061814069748
4348437504.0,-0.08866939693689346
4349374976.0,-0.08719632774591446
4350312448.0,-0.08639208227396011
4351249920.0,-0.08577948063611984
4352187392.0,-0.08525848388671875
4353124864.0,-0.08543267101049423
4354062336.0,-0.0852210596203804
4354999808.0,-0.08623946458101273
4355937280.0,-0.08721062541007996
4356874752.0,-0.08866367489099503
4357812736.0,-0.09032459557056427
4358750208.0,-0.09123539179563522
4359687680.0,-0.09319350868463516
4360625152.0,-0.0960664376616478
4361562624.0,-0.09719156473875046
4362500096.0,-0.09998617321252823
4363437568.0,-0.10229700803756714
4364375040.0,-0.10425340384244919
4365312512.0,-0.1070680171251297
4366249984.0,-0.10981586575508118
4367187456.0,-0.11305584758520126
4368124928.0,-0.11629466712474823
4369062400.0,-0.12011539936065674
4369999872.0,-0.12393304705619812
4370937344.0,-0.12842585146427155
4371874816.0,-0.13145169615745544
4372812288.0,-0.1359630525112152
4373749760.0,-0.14018510282039642
4374687744.0,-0.14438779652118683
4375625216.0,-0.14921557903289795
4376562688.0,-0.1546289175748825
4377500160.0,-0.16033445298671722
4378437632.0,-0.1661801040172577
4379375104.0,-0.1730886697769165
4380312576.0,-0.1802808791399002
4381250048.0,-0.18852636218070984
4382187520.0,-0.19726818799972534
4383124992.0,-0.205815851688385
4384062464.0,-0.21591664850711823
4384999936.0,-0.22621408104896545
4385937408.0,-0.23770543932914734
4386874880.0,-0.31357088685035706
4387812352.0,-0.3213239908218384
4388749824.0,-0.32963094115257263
4389687296.0,-0.33461877703666687
4390624768.0,-0.3398227393627167
4391562752.0,-0.3414391875267029
4392500224.0,-0.341703325510025
4393437696.0,-0.34031492471694946
4394375168.0,-0.3368645906448364
4395312640.0,-0.333041787147522
4396250112.0,-0.3264261484146118
4397187584.0,-0.3181857168674469
4398125056.0,-0.3096258044242859
4399062528.0,-0.2972339689731598
4400000000.0,-0.2836802899837494
4400937472.0,-0.26930999755859375
4401874944.0,-0.2536664307117462
4402812416.0,-0.2377515584230423
4403749888.0,-0.22089236974716187
4404687360.0,-0.20188961923122406
4405624832.0,-0.1829705834388733
4406562304.0,-0.16425016522407532
4407499776.0,-0.14606516063213348
4408437248.0,-0.1280522495508194
4409375232.0,-0.11206424236297607
4410312704.0,-0.09583079069852829
4411250176.0,-0.0813596174120903
4412187648.0,-0.06809327006340027
4413125120.0,-0.05596698075532913
4414062592.0,-0.04548642411828041
4415000064.0,-0.0374777726829052
4415937536.0,-0.031097855418920517
4416875008.0,-0.027709072455763817
4417812480.0,-0.025485586374998093
4418749952.0,-0.026572633534669876
4419687424.0,-0.029385346919298172
4420624896.0,-0.03468824177980423
4421562368.0,-0.042201340198516846
4422499840.0,-0.05161852762103081
4423437312.0,-0.06293017417192459
4424374784.0,-0.0760767012834549
4425312256.0,-0.09096472710371017
4426250240.0,-0.10756316035985947
4427187712.0,-0.126471608877182
4428125184.0,-0.1468479037284851
4429062656.0,-0.16731756925582886
4430000128.0,-0.19062083959579468
4430937600.0,-0.21389074623584747
4431875072.0,-0.23827044665813446
4432812544.0,-0.2633019685745239
4433750016.0,-0.28851497173309326
4434687488.0,-0.3147165775299072
4435624960.0,-0.33854758739471436
4436562432.0,-0.36400893330574036
4437499904.0,-0.38649022579193115
4438437376.0,-0.40919336676597595
4439374848.0,-0.4314959645271301
4440312320.0,-0.45049235224723816
4441249792.0,-0.46898436546325684
4442187264.0,-0.48516759276390076
4443125248.0,-0.4999152421951294
4444062720.0,-0.5123681426048279
4445000192.0,-0.5234805941581726
4445937664.0,-0.5307993292808533
4446875136.0,-0.5426743626594543
4447812608.0,-0.550524890422821
4448750080.0,-0.5561505556106567
4449687552.0,-0.5600306391716003
4450625024.0,-0.5630277991294861
4451562496.0,-0.564325213432312
4452499968.0,-0.5633664131164551
4453437440.0,-0.5605595111846924
4454374912.0,-0.5536853671073914
4455312384.0,-0.54608154296875
4456249856.0,-0.5360596776008606
4457187328.0,-0.5230875015258789
4458124800.0,-0.5096367597579956
4459062272.0,-0.4932308495044708
4460000256.0,-0.4758206605911255
4460937728.0,-0.45769551396369934
4461875200.0,-0.4395785927772522
4462812672.0,-0.42112797498703003
4463750144.0,-0.4015893042087555
4464687616.0,-0.3829534351825714
4465625088.0,-0.36514467000961304
4466562560.0,-0.3476407527923584
4467500032.0,-0.3310890197753906
4468437504.0,-0.3160536587238312
4469374976.0,-0.30188989639282227
4470312448.0,-0.2891700267791748
4471249920.0,-0.2788034677505493
4472187392.0,-0.2684365212917328
4473124864.0,-0.26077696681022644
4474062336.0,-0.255128413438797
4474999808.0,-0.2499827742576599
4475937280.0,-0.24743755161762238
4476874752.0,-0.2466793656349182
4477812736.0,-0.2472991645336151
4478750208.0,-0.24984531104564667
4479687680.0,-0.2548207640647888
4480625152.0,-0.26295316219329834
4481562624.0,-0.27374735474586487
4482500096.0,-0.2863959074020386
4483437568.0,-0.3031480014324188
4484375040.0,-0.3214094638824463
4485312512.0,-0.3439945578575134
4486249984.0,-0.3683505654335022
4487187456.0,-0.39382490515708923
4488124928.0,-0.42114266753196716
4489062400.0,-0.4507218301296234
4489999872.0,-0.48115992546081543
4490937344.0,-0.5118313431739807
4491874816.0,-0.5444976091384888
4492812288.0,-0.5772982835769653
4493749760.0,-0.6120415329933167
4494687744.0,-0.6460790634155273
4495625216.0,-0.6801474690437317
4496562688.0,-0.7125899195671082
4497500160.0,-0.7465160489082336
4498437632.0,-0.7795745730400085
4499375104.0,-0.8114908933639526
4500312576.0,-0.8414190411567688
4501250048.0,-0.8696976900100708
4502187520.0,-0.8962703943252563
4503124992.0,-0.9223364591598511
4504062464.0,-0.944827675819397
4504999936.0,-0.9662719368934631
4505937408.0,-0.9848561882972717
4506874880.0,-0.9514464139938354
4507812352.0,-0.9668880105018616
4508749824.0,-0.9803236126899719
4509687296.0,-0.9894386529922485
4510624768.0,-0.9971923232078552
4511562752.0,-1.002461552619934
4512500224.0,-1.0037704706192017
4513437696.0,-1.0036159753799438
4514375168.0,-0.999706506729126
4515312640.0,-0.9945381879806519
4516250112.0,-0.987200140953064
4517187584.0,-0.9780483841896057
4518125056.0,-0.9659916162490845
4519062528.0,-0.9532890319824219
4520000000.0,-0.9385923743247986
4520937472.0,-0.9235609769821167
4521874944.0,-0.9068216681480408
4522812416.0,-0.8900975584983826
4523749888.0,-0.874065101146698
4524687360.0,-0.8574267625808716
4525624832.0,-0.8432496786117554
4526562304.0,-0.8308154344558716
4527499776.0,-0.8186435699462891
4528437248.0,-0.807532548904419
4529375232.0,-0.7980368137359619
4530312704.0,-0.7911402583122253
4531250176.0,-0.7872308492660522
4532187648.0,-0.7860051393508911
4533125120.0,-0.7881518006324768
4534062592.0,-0.7933186888694763
4535000064.0,-0.8016532063484192
4535937536.0,-0.8110927939414978
4536875008.0,-0.8262062668800354
4537812480.0,-0.843894898891449
4538749952.0,-0.8658645749092102
4539687424.0,-0.8912926912307739
4540624896.0,-0.921779990196228
4541562368.0,-0.9537093043327332
4542499840.0,-0.9902256727218628
4543437312.0,-1.0312068462371826
4544374784.0,-1.0748087167739868
4545312256.0,-1.1215194463729858
4546250240.0,-1.1697198152542114
4547187712.0,-1.2209433317184448
4548125184.0,-1.2749018669128418
4549062656.0,-1.3311058282852173
4550000128.0,-1.3938965797424316
4550937600.0,-1.4580304622650146
4551875072.0,-1.52649986743927
4552812544.0,-1.5967645645141602
4553750016.0,-1.6694979667663574
4554687488.0,-1.7434929609298706
4555624960.0,-1.8177236318588257
4556562432.0,-1.8942012786865234
4557499904.0,-1.9691269397735596
4558437376.0,-2.0427727699279785
4559374848.0,-2.114527702331543
4560312320.0,-2.1838834285736084
4561249792.0,-2.2519779205322266
4562187264.0,-2.31740140914917
4563125248.0,-2.3812496662139893
4564062720.0,-2.4421048164367676
4565000192.0,-2.503342866897583
4565937664.0,-2.565558910369873
4566875136.0,-2.4596376419067383
4567812608.0,-2.497699737548828
4568750080.0,-2.53367280960083
4569687552.0,-2.566481828689575
4570625024.0,-2.598209857940674
4571562496.0,-2.6285946369171143
4572499968.0,-2.658616065979004
4573437440.0,-2.687101364135742
4574374912.0,-2.7160449028015137
4575312384.0,-2.7446768283843994
4576249856.0,-2.7748615741729736
4577187328.0,-2.806779623031616
4578124800.0,-2.8402669429779053
4579062272.0,-2.8779048919677734
4579999744.0,-2.9149985313415527
4580937728.0,-2.9536616802215576
4581875200.0,-2.9909961223602295
4582812672.0,-3.0266730785369873
4583750144.0,-3.06311297416687
4584687616.0,-3.098982572555542
4585625088.0,-3.134274482727051
4586562560.0,-3.169707775115967
4587500032.0,-3.2046985626220703
4588437504.0,-3.2393839359283447
4589374976.0,-3.2748734951019287
4590312448.0,-3.308671236038208
4591249920.0,-3.3442094326019287
4592187392.0,-3.3788328170776367
4593124864.0,-3.416029930114746
4594062336.0,-3.454735040664673
4594999808.0,-3.493987798690796
4595937280.0,-3.533712148666382
4596874752.0,-3.5752553939819336
4597812736.0,-3.6174027919769287
4598750208.0,-3.663742780685425
4599687680.0,-3.7132341861724854
4600625152.0,-3.765993118286133
4601562624.0,-3.821288824081421
4602500096.0,-3.8742220401763916
4603437568.0,-3.926272392272949
4604375040.0,-3.97464656829834
4605312512.0,-4.0195441246032715
4606249984.0,-4.058511734008789
4607187456.0,-4.0964460372924805
4608124928.0,-4.132046699523926
4609062400.0,-4.168139934539795
4609999872.0,-4.203153610229492
4610937344.0,-4.240116596221924
4611874816.0,-4.27757453918457
4612812288.0,-4.31549596786499
4613749760.0,-4.352887153625488
4614687744.0,-4.389644145965576
4615625216.0,-4.4237141609191895
4616562688.0,-4.453210353851318
4617500160.0,-4.47531270980835
4618437632.0,-4.491925239562988
4619375104.0,-4.504922866821289
4620312576.0,-4.510529041290283
4621250048.0,-4.51464319229126
4622187520.0,-4.514690399169922
4623124992.0,-4.513240814208984
4624062464.0,-4.50810432434082
4624999936.0,-4.496755599975586
4625937408.0,-4.478562355041504
4626874880.0,-4.651371002197266
4627812352.0,-4.601813793182373
4628749824.0,-4.543206691741943
4629687296.0,-4.477838039398193
4630624768.0,-4.406597137451172
4631562752.0,-4.328747749328613
4632500224.0,-4.244288444519043
4633437696.0,-4.151534080505371
4634375168.0,-4.055964946746826
4635312640.0,-3.9558982849121094
4636250112.0,-3.85482120513916
4637187584.0,-3.7503468990325928
4638125056.0,-3.6446473598480225
4639062528.0,-3.5374176502227783
4640000000.0,-3.4289088249206543
4640937472.0,-3.319706916809082
4641874944.0,-3.2095823287963867
4642812416.0,-3.0963077545166016
4643749888.0,-2.984252452850342
4644687360.0,-2.8750898838043213
4645624832.0,-2.76853609085083
4646562304.0,-2.6658525466918945
4647499776.0,-2.564241409301758
4648437248.0,-2.4659554958343506
4649375232.0,-2.370924949645996
4650312704.0,-2.278653860092163
4651250176.0,-2.191525459289551
4652187648.0,-2.1070210933685303
4653125120.0,-2.0263943672180176
4654062592.0,-1.9500017166137695
4655000064.0,-1.8777883052825928
4655937536.0,-1.8095996379852295
4656875008.0,-1.7453162670135498
4657812480.0,-1.6860523223876953
4658749952.0,-1.6309947967529297
4659687424.0,-1.580196499824524
4660624896.0,-1.5357954502105713
4661562368.0,-1.4953525066375732
4662499840.0,-1.4597930908203125
4663437312.0,-1.4298138618469238
4664374784.0,-1.4020642042160034
4665312256.0,-1.377624750137329
4666250240.0,-1.3554131984710693
4667187712.0,-1.336125373840332
4668125184.0,-1.3209419250488281
4669062656.0,-1.3077478408813477
4670000128.0,-1.2966797351837158
4670937600.0,-1.2891863584518433
4671875072.0,-1.2808072566986084
4672812544.0,-1.2759593725204468
4673750016.0,-1.2697209119796753
4674687488.0,-1.263649582862854
4675624960.0,-1.2564259767532349
4676562432.0,-1.2490768432617188
4677499904.0,-1.240740418434143
4678437376.0,-1.2307095527648926
4679374848.0,-1.218937635421753
4680312320.0,-1.2063360214233398
4681249792.0,-1.1903709173202515
4682187264.0,-1.172906517982483
4683125248.0,-1.1520884037017822
4684062720.0,-1.1313682794570923
4685000192.0,-1.1101661920547485
4685937664.0,-1.0881128311157227
4686875136.0,-1.0901405811309814
4687812608.0,-1.0661653280258179
4688750080.0,-1.0414798259735107
4689687552.0,-1.0149861574172974
4690625024.0,-0.9882938265800476
4691562496.0,-0.9592515230178833
4692499968.0,-0.9304434061050415
4693437440.0,-0.8994283080101013
4694374912.0,-0.86827152967453
4695312384.0,-0.8363638520240784
4696249856.0,-0.8047082424163818
4697187328.0,-0.7722100615501404
4698124800.0,-0.7391247153282166
4699062272.0,-0.7057743072509766
4700000256.0,-0.6725350618362427
4700937728.0,-0.6397374272346497
4701875200.0,-0.6065270304679871
4702812672.0,-0.5745569467544556
4703750144.0,-0.5423815846443176
4704687616.0,-0.5112736821174622
4705625088.0,-0.4826660752296448
4706562560.0,-0.45471587777137756
4707500032.0,-0.4280230700969696
4708437504.0,-0.4019034802913666
4709374976.0,-0.3785644769668579
4710312448.0,-0.356878399848938
4711249920.0,-0.33667680621147156
4712187392.0,-0.3171403408050537
4713124864.0,-0.30115658044815063
4714062336.0,-0.28706514835357666
4714999808.0,-0.2743045389652252
4715937280.0,-0.263785719871521
4716874752.0,-0.2538550794124603
4717812736.0,-0.2469916194677353
4718750208.0,-0.24190691113471985
4719687680.0,-0.23849552869796753
4720625152.0,-0.23640620708465576
4721562624.0,-0.2371312528848648
4722500096.0,-0.23977112770080566
4723437568.0,-0.24612204730510712
4724375040.0,-0.25280624628067017
4725312512.0,-0.2617921829223633
4726249984.0,-0.2730996608734131
4727187456.0,-0.2858755588531494
4728124928.0,-0.29968515038490295
4729062400.0,-0.31592223048210144
4729999872.0,-0.33270037174224854
4730937344.0,-0.3497034013271332
4731874816.0,-0.36701372265815735
4732812288.0,-0.3855327367782593
4733749760.0,-0.40475451946258545
4734687744.0,-0.4235532581806183
4735625216.0,-0.4420675039291382
4736562688.0,-0.4611474573612213
4737500160.0,-0.47946491837501526
4738437632.0,-0.4965519905090332
4739375104.0,-0.5140761733055115
4740312576.0,-0.5301964282989502
4741250048.0,-0.5458812117576599
4742187520.0,-0.5601306557655334
4743124992.0,-0.5731595158576965
4744062464.0,-0.5870549082756042
4744999936.0,-0.5986136794090271
4745937408.0,-0.6084336042404175
4746874880.0,-0.4285815954208374
4747812352.0,-0.429749995470047
4748749824.0,-0.4296654760837555
4749687296.0,-0.4303448796272278
4750624768.0,-0.429457426071167
4751562752.0,-0.42856523394584656
4752500224.0,-0.4263366758823395
4753437696.0,-0.42446017265319824
4754375168.0,-0.4211224615573883
4755312640.0,-0.41760385036468506
4756250112.0,-0.41423600912094116
4757187584.0,-0.41144195199012756
4758125056.0,-0.40663307905197144
4759062528.0,-0.40170225501060486
4760000000.0,-0.39541885256767273
4760937472.0,-0.38847166299819946
4761874944.0,-0.38114044070243835
4762812416.0,-0.3724967837333679
4763749888.0,-0.3636947274208069
4764687360.0,-0.3539811670780182
4765624832.0,-0.34374693036079407
4766562304.0,-0.3324795067310333
4767499776.0,-0.3212028741836548
4768437248.0,-0.3098326623439789
4769375232.0,-0.29679617285728455
4770312704.0,-0.2835787236690521
4771250176.0,-0.2689414322376251
4772187648.0,-0.2537265717983246
4773125120.0,-0.23764435946941376
4774062592.0,-0.22110576927661896
4775000064.0,-0.20289018750190735
4775937536.0,-0.18382087349891663
4776875008.0,-0.164800763130188
4777812480.0,-0.14475928246974945
4778749952.0,-0.12459149211645126
4779687424.0,-0.1032172292470932
4780624896.0,-0.0824720486998558
4781562368.0,-0.06015315651893616
4782499840.0,-0.03721575438976288
4783437312.0,-0.015631835907697678
4784374784.0,0.0058318027295172215
4785312256.0,0.028426308184862137
4786250240.0,0.04966273158788681
4787187712.0,0.07060975581407547
4788125184.0,0.09109407663345337
4789062656.0,0.10878638923168182
4790000128.0,0.12635792791843414
4790937600.0,0.14154678583145142
4791875072.0,0.15615218877792358
4792812544.0,0.1684955358505249
4793750016.0,0.1793948858976364
4794687488.0,0.18760523200035095
4795624960.0,0.19265194237232208
4796562432.0,0.1962296962738037
4797499904.0,0.1966019719839096
4798437376.0,0.19384217262268066
4799374848.0,0.18907783925533295
4800312320.0,0.18074551224708557
4801249792.0,0.16994433104991913
4802187264.0,0.15562209486961365
4803125248.0,0.14052486419677734
4804062720.0,0.12211410701274872
4805000192.0,0.10089410841464996
4805937664.0,0.07745487987995148
4806875136.0,-0.21124471724033356
4807812608.0,-0.21917560696601868
4808750080.0,-0.22640880942344666
4809687552.0,-0.23419368267059326
4810625024.0,-0.24106541275978088
4811562496.0,-0.24816352128982544
4812499968.0,-0.25475069880485535
4813437440.0,-0.2607913613319397
4814374912.0,-0.2672804296016693
4815312384.0,-0.27218377590179443
4816249856.0,-0.27640631794929504
4817187328.0,-0.28011736273765564
4818124800.0,-0.28298819065093994
4819062272.0,-0.28400737047195435
4819999744.0,-0.28407996892929077
4820937728.0,-0.2831236720085144
4821875200.0,-0.28202342987060547
4822812672.0,-0.2793591022491455
4823750144.0,-0.2756277620792389
4824687616.0,-0.2714727818965912
4825625088.0,-0.26511186361312866
4826562560.0,-0.258602499961853
4827500032.0,-0.2506927251815796
4828437504.0,-0.24227197468280792
4829374976.0,-0.23259207606315613
4830312448.0,-0.22293400764465332
4831249920.0,-0.21219485998153687
4832187392.0,-0.20228824019432068
4833124864.0,-0.19096343219280243
4834062336.0,-0.17943552136421204
4834999808.0,-0.16773338615894318
4835937280.0,-0.15691262483596802
4836874752.0,-0.1460646539926529
4837812736.0,-0.13467533886432648
4838750208.0,-0.12571458518505096
4839687680.0,-0.11585335433483124
4840625152.0,-0.10830293595790863
4841562624.0,-0.10175078362226486
4842500096.0,-0.09605627506971359
4843437568.0,-0.0914715975522995
4844375040.0,-0.08873830735683441
4845312512.0,-0.08721651881933212
4846249984.0,-0.08741462230682373
4847187456.0,-0.09030193090438843
4848124928.0,-0.09249607473611832
4849062400.0,-0.0973014310002327
4849999872.0,-0.10265844315290451
4850937344.0,-0.11068300157785416
4851874816.0,-0.11914799362421036
4852812288.0,-0.12960274517536163
4853749760.0,-0.14084766805171967
4854687744.0,-0.15355291962623596
4855625216.0,-0.16655613481998444
4856562688.0,-0.18142080307006836
4857500160.0,-0.19492003321647644
4858437632.0,-0.2095465064048767
4859375104.0,-0.22364801168441772
4860312576.0,-0.23676759004592896
4861250048.0,-0.24985195696353912
4862187520.0,-0.2617111802101135
4863124992.0,-0.2733989655971527
4864062464.0,-0.2844207286834717
4864999936.0,-0.29374271631240845
4865937408.0,-0.3017633557319641
4866874880.0,-0.28906843066215515
4867812352.0,-0.2959694266319275
4868749824.0,-0.3020268678665161
4869687296.0,-0.3081226944923401
4870624768.0,-0.3133576810359955
4871562752.0,-0.3160277009010315
4872500224.0,-0.3190357983112335
4873437696.0,-0.3213706612586975
4874375168.0,-0.32338497042655945
4875312640.0,-0.32277771830558777
4876250112.0,-0.32294076681137085
4877187584.0,-0.32094112038612366
4878125056.0,-0.3172987401485443
4879062528.0,-0.3125471770763397
4880000000.0,-0.3072598874568939
4880937472.0,-0.3004559874534607
4881874944.0,-0.293950617313385
4882812416.0,-0.2850867211818695
4883749888.0,-0.2760641276836395
4884687360.0,-0.26645898818969727
4885624832.0,-0.2560606896877289
4886562304.0,-0.2437712550163269
4887499776.0,-0.23202772438526154
4888437248.0,-0.22003886103630066
4889375232.0,-0.20632080733776093
4890312704.0,-0.19339586794376373
4891250176.0,-0.17923380434513092
4892187648.0,-0.16604872047901154
4893125120.0,-0.15251268446445465
4894062592.0,-0.1381130963563919
4895000064.0,-0.1230676919221878
4895937536.0,-0.10966161638498306
4896875008.0,-0.09485046565532684
4897812480.0,-0.08244115114212036
4898749952.0,-0.06821037828922272
4899687424.0,-0.05563010275363922
4900624896.0,-0.04339475929737091
4901562368.0,-0.0323333665728569
4902499840.0,-0.021933626383543015
4903437312.0,-0.011944366618990898
4904374784.0,-0.005408838856965303
4905312256.0,0.0027902747970074415
4906250240.0,0.007893582805991173
4907187712.0,0.013157876208424568
4908125184.0,0.0160992294549942
4909062656.0,0.01800486259162426
4910000128.0,0.019388888031244278
4910937600.0,0.018478697165846825
4911875072.0,0.01637645624577999
4912812544.0,0.013622033409774303
4913750016.0,0.009011923335492611
4914687488.0,0.0034566244576126337
4915624960.0,-0.0031134372111409903
4916562432.0,-0.011401682160794735
4917499904.0,-0.019347693771123886
4918437376.0,-0.029344068840146065
4919374848.0,-0.040162842720746994
4920312320.0,-0.0511234775185585
4921249792.0,-0.06160556152462959
4922187264.0,-0.07403121143579483
4923125248.0,-0.08648747950792313
4924062720.0,-0.09848982840776443
4925000192.0,-0.11074979603290558
4925937664.0,-0.17710432410240173
4926875136.0,-0.17849445343017578
4927812608.0,-0.17977596819400787
4928750080.0,-0.18010582029819489
4929687552.0,-0.1812766194343567
4930625024.0,-0.18269406259059906
4931562496.0,-0.1824416220188141
4932499968.0,-0.18277287483215332
4933437440.0,-0.18182215094566345
4934374912.0,-0.18176023662090302
4935312384.0,-0.18049661815166473
4936249856.0,-0.17787517607212067
4937187328.0,-0.17515334486961365
4938124800.0,-0.17184478044509888
4939062272.0,-0.167972132563591
4940000256.0,-0.16386784613132477
4940937728.0,-0.15818771719932556
4941875200.0,-0.1514367163181305
4942812672.0,-0.14537855982780457
4943750144.0,-0.13743701577186584
4944687616.0,-0.1296888142824173
4945625088.0,-0.1218566969037056
4946562560.0,-0.11236494779586792
4947500032.0,-0.1032407358288765
4948437504.0,-0.09327396750450134
4949374976.0,-0.08209476619958878
4950312448.0,-0.07145311683416367
4951249920.0,-0.059591226279735565
4952187392.0,-0.049286648631095886
4953124864.0,-0.037953998893499374
4954062336.0,-0.026857364922761917
4954999808.0,-0.01697094552218914
4955937280.0,-0.0061832936480641365
4956874752.0,0.0038307702634483576
4957812736.0,0.012538833543658257
4958750208.0,0.021610785275697708
4959687680.0,0.02866131067276001
4960625152.0,0.03574910759925842
4961562624.0,0.041492149233818054
4962500096.0,0.0460759773850441
4963437568.0,0.04929881915450096
4964375040.0,0.053325675427913666
4965312512.0,0.05432272329926491
4966249984.0,0.05407438054680824
4967187456.0,0.05310257524251938
4968124928.0,0.05207015201449394
4969062400.0,0.047790948301553726
4969999872.0,0.04372347518801689
4970937344.0,0.03747003152966499
4971874816.0,0.031207481399178505
4972812288.0,0.022827645763754845
4973749760.0,0.015135160647332668
4974687744.0,0.005003653932362795
4975625216.0,-0.005327040795236826
4976562688.0,-0.014985666610300541
4977500160.0,-0.02656441554427147
4978437632.0,-0.03704829141497612
4979375104.0,-0.0485653430223465
4980312576.0,-0.05967665836215019
4981250048.0,-0.06994206458330154
4982187520.0,-0.08150666952133179
4983124992.0,-0.09164851158857346
4984062464.0,-0.10132433474063873
4984999936.0,-0.10993235558271408
4985937408.0,-0.15413017570972443
4986874880.0,-0.16385746002197266
4987812352.0,-0.17418158054351807
4988749824.0,-0.18378420174121857
4989687296.0,-0.1919715255498886
4990624768.0,-0.19915786385536194
4991562752.0,-0.20492081344127655
4992500224.0,-0.20982332527637482
4993437696.0,-0.21320368349552155
4994375168.0,-0.2149013727903366
4995312640.0,-0.2140529453754425
4996250112.0,-0.21339797973632812
4997187584.0,-0.21101273596286774
4998125056.0,-0.2069850116968155
4999062528.0,-0.20126156508922577
5000000000.0,-0.19541029632091522
5000937472.0,-0.1876000612974167
5001874944.0,-0.17955558001995087
5002812416.0,-0.17052550613880157
5003749888.0,-0.1601504683494568
5004687360.0,-0.1490468978881836
5005624832.0,-0.13781243562698364
5006562304.0,-0.12547272443771362
5007499776.0,-0.11358978599309921
5008437248.0,-0.09955643117427826
5009375232.0,-0.08661897480487823
5010312704.0,-0.07370869070291519
5011250176.0,-0.06160368770360947
5012187648.0,-0.04800598323345184
5013125120.0,-0.03584882989525795
5014062592.0,-0.02428940124809742
5015000064.0,-0.013144449330866337
5015937536.0,-0.0031093971338123083
5016875008.0,0.007203941233456135
5017812480.0,0.015959875658154488
5018749952.0,0.024376027286052704
5019687424.0,0.03133637458086014
5020624896.0,0.037736475467681885
5021562368.0,0.04358716309070587
5022499840.0,0.048143401741981506
5023437312.0,0.05138278752565384
5024374784.0,0.05375086888670921
5025312256.0,0.05633210018277168
5026250240.0,0.056644391268491745
5027187712.0,0.05604975298047066
5028125184.0,0.055576957762241364
5029062656.0,0.05366137623786926
5030000128.0,0.049793727695941925
5030937600.0,0.04597608745098114
5031875072.0,0.041073646396398544
5032812544.0,0.03516185283660889
5033750016.0,0.0290492232888937
5034687488.0,0.021983567625284195
5035624960.0,0.014758707955479622
5036562432.0,0.005673111882060766
5037499904.0,-0.0015452166553586721
5038437376.0,-0.010867209173738956
5039374848.0,-0.02028842270374298
5040312320.0,-0.029420457780361176
5041249792.0,-0.03967706114053726
5042187264.0,-0.04888784885406494
5043125248.0,-0.05815556272864342
5044062720.0,-0.06774982064962387
5045000192.0,-0.07665446400642395
5045937664.0,-0.09605373442173004
5046875136.0,-0.10484038293361664
5047812608.0,-0.11459976434707642
5048750080.0,-0.12368554621934891
5049687552.0,-0.13164395093917847
5050625024.0,-0.14024335145950317
5051562496.0,-0.14691764116287231
5052499968.0,-0.15384796261787415
5053437440.0,-0.15953680872917175
5054374912.0,-0.1638517677783966
5055312384.0,-0.17006920278072357
5056249856.0,-0.1729133278131485
5057187328.0,-0.17657198011875153
5058124800.0,-0.1801096796989441
5059062272.0,-0.18252325057983398
5059999744.0,-0.18258212506771088
5060937728.0,-0.18458472192287445
5061875200.0,-0.1833956241607666
5062812672.0,-0.1821596324443817
5063750144.0,-0.17994584143161774
5064687616.0,-0.17747126519680023
5065625088.0,-0.17529070377349854
5066562560.0,-0.17003774642944336
5067500032.0,-0.16588611900806427
5068437504.0,-0.1605944186449051
5069374976.0,-0.15411970019340515
5070312448.0,-0.1474352329969406
5071249920.0,-0.14028458297252655
5072187392.0,-0.13350243866443634
5073124864.0,-0.12661296129226685
5074062336.0,-0.11968902498483658
5074999808.0,-0.11308933049440384
5075937280.0,-0.10553527623414993
5076874752.0,-0.09793630242347717
5077812736.0,-0.09009163081645966
5078750208.0,-0.08276695758104324
5079687680.0,-0.07662861049175262
5080625152.0,-0.06939899921417236
5081562624.0,-0.06205708906054497
5082500096.0,-0.05646958947181702
5083437568.0,-0.050501443445682526
5084375040.0,-0.044447220861911774
5085312512.0,-0.03994586318731308
5086249984.0,-0.035390473902225494
5087187456.0,-0.03192334622144699
5088124928.0,-0.02980801835656166
5089062400.0,-0.027843954041600227
5089999872.0,-0.02600833773612976
5090937344.0,-0.02454090677201748
5091874816.0,-0.023975195363163948
5092812288.0,-0.0233078021556139
5093749760.0,-0.023638786748051643
5094687744.0,-0.024852393195033073
5095625216.0,-0.024569425731897354
5096562688.0,-0.026771964505314827
5097500160.0,-0.028070906177163124
5098437632.0,-0.03145427256822586
5099375104.0,-0.034186773002147675
5100312576.0,-0.037144262343645096
5101250048.0,-0.04147004336118698
5102187520.0,-0.044892292469739914
5103124992.0,-0.049362700432538986
5104062464.0,-0.05270962044596672
5104999936.0,-0.05781882628798485
5105937408.0,-0.1306903064250946
5106874880.0,-0.13667453825473785
5107812352.0,-0.1426631361246109
5108749824.0,-0.14755366742610931
5109687296.0,-0.1520633101463318
5110624768.0,-0.15649919211864471
5111562752.0,-0.1584082841873169
5112500224.0,-0.15981732308864594
5113437696.0,-0.161203995347023
5114375168.0,-0.161817267537117
5115312640.0,-0.16146081686019897
5116250112.0,-0.15947578847408295
5117187584.0,-0.15795303881168365
5118125056.0,-0.15552397072315216
5119062528.0,-0.15293563902378082
5120000000.0,-0.14824582636356354
5120937472.0,-0.14536355435848236
5121874944.0,-0.14100031554698944
5122812416.0,-0.13673807680606842
5123749888.0,-0.13320639729499817
5124687360.0,-0.12806707620620728
5125624832.0,-0.1226312518119812
5126562304.0,-0.1178346499800682
5127499776.0,-0.11286278069019318
5128437248.0,-0.10911745578050613
5129375232.0,-0.10462064296007156
5130312704.0,-0.10055394470691681
5131250176.0,-0.09605924785137177
5132187648.0,-0.09161365032196045
5133125120.0,-0.08777571469545364
5134062592.0,-0.08401311933994293
5135000064.0,-0.08033832162618637
5135937536.0,-0.07756249606609344
5136875008.0,-0.07461056858301163
5137812480.0,-0.07217511534690857
5138749952.0,-0.0703357607126236
5139687424.0,-0.06939559429883957
5140624896.0,-0.0683022066950798
5141562368.0,-0.0673653706908226
5142499840.0,-0.06735111773014069
5143437312.0,-0.06930021196603775
5144374784.0,-0.06971652060747147
5145312256.0,-0.07145801931619644
5146250240.0,-0.0753105953335762
5147187712.0,-0.07809679955244064
5148125184.0,-0.08163660019636154
5149062656.0,-0.08540467917919159
5150000128.0,-0.08888696879148483
5150937600.0,-0.09347473084926605
5151875072.0,-0.09947071969509125
5152812544.0,-0.10367853939533234
5153750016.0,-0.10934183746576309
5154687488.0,-0.11531585454940796
5155624960.0,-0.12257090210914612
5156562432.0,-0.1293412744998932
5157499904.0,-0.13695946335792542
5158437376.0,-0.144369974732399
5159374848.0,-0.15148283541202545
5160312320.0,-0.1603071242570877
5161249792.0,-0.16840791702270508
5162187264.0,-0.1764090657234192
5163125248.0,-0.18488755822181702
5164062720.0,-0.193651482462883
5165000192.0,-0.20190338790416718
5165937664.0,-0.20085129141807556
5166875136.0,-0.2122098058462143
5167812608.0,-0.2222832590341568
5168750080.0,-0.23155255615711212
5169687552.0,-0.23974399268627167
5170625024.0,-0.24733805656433105
5171562496.0,-0.2519567310810089
5172499968.0,-0.2569272518157959
5173437440.0,-0.26010826230049133
5174374912.0,-0.26307231187820435
5175312384.0,-0.2647945284843445
5176249856.0,-0.26403480768203735
5177187328.0,-0.26218733191490173
5178124800.0,-0.2582234740257263
5179062272.0,-0.25444939732551575
5180000256.0,-0.24930831789970398
5180937728.0,-0.2417105734348297
5181875200.0,-0.2329084426164627
5182812672.0,-0.2256692349910736
5183750144.0,-0.2154817283153534
5184687616.0,-0.20497490465641022
5185625088.0,-0.19404414296150208
5186562560.0,-0.18195781111717224
5187500032.0,-0.16898156702518463
5188437504.0,-0.15727423131465912
5189374976.0,-0.144252747297287
5190312448.0,-0.13135117292404175
5191249920.0,-0.11723480373620987
5192187392.0,-0.10453464090824127
5193124864.0,-0.09148616343736649
5194062336.0,-0.07951515167951584
5194999808.0,-0.06740915775299072
5195937280.0,-0.05503673106431961
5196874752.0,-0.04436219483613968
5197812736.0,-0.032622430473566055
5198750208.0,-0.023588253185153008
5199687680.0,-0.013670266605913639
5200625152.0,-0.006597219500690699
5201562624.0,0.0021083555184304714
5202500096.0,0.007558886893093586
5203437568.0,0.013166854158043861
5204375040.0,0.016596972942352295
5205312512.0,0.019483143463730812
5206249984.0,0.019924895837903023
5207187456.0,0.020633023232221603
5208124928.0,0.01938740164041519
5209062400.0,0.016538552939891815
5209999872.0,0.011739525012671947
5210937344.0,0.006587997544556856
5211874816.0,-0.0004931744770146906
5212812288.0,-0.007534614764153957
5213749760.0,-0.016875192523002625
5214687744.0,-0.027701443061232567
5215625216.0,-0.039991945028305054
5216562688.0,-0.05304370075464249
5217500160.0,-0.06670859456062317
5218437632.0,-0.08153655380010605
5219375104.0,-0.09712940454483032
5220312576.0,-0.11354182660579681
5221250048.0,-0.12955603003501892
5222187520.0,-0.14781230688095093
5223124992.0,-0.16377151012420654
5224062464.0,-0.18161849677562714
5224999936.0,-0.19798482954502106
5225937408.0,-0.20831298828125
5226874880.0,-0.22369073331356049
5227812352.0,-0.23720169067382812
5228749824.0,-0.2500593364238739
5229687296.0,-0.26152387261390686
5230624768.0,-0.27258267998695374
5231562752.0,-0.2806195914745331
5232500224.0,-0.28985604643821716
5233437696.0,-0.2948964834213257
5234375168.0,-0.30064743757247925
5235312640.0,-0.3022439479827881
5236250112.0,-0.3016450107097626
5237187584.0,-0.301570326089859
5238125056.0,-0.29904916882514954
5239062528.0,-0.29251471161842346
5240000000.0,-0.28679975867271423
5240937472.0,-0.2777043282985687
5241874944.0,-0.2674683630466461
5242812416.0,-0.25470688939094543
5243749888.0,-0.24199411273002625
5244687360.0,-0.2281961590051651
5245624832.0,-0.2118600606918335
5246562304.0,-0.19555170834064484
5247499776.0,-0.17871780693531036
5248437248.0,-0.16015446186065674
5249375232.0,-0.14198529720306396
5250312704.0,-0.12425914406776428
5251250176.0,-0.10494425892829895
5252187648.0,-0.08658219128847122
5253125120.0,-0.06871511042118073
5254062592.0,-0.05211425572633743
5255000064.0,-0.03395048901438713
5255937536.0,-0.018779445439577103
5256875008.0,-0.004801231436431408
5257812480.0,0.008094225078821182
5258749952.0,0.020453277975320816
5259687424.0,0.031085122376680374
5260624896.0,0.03959086164832115
5261562368.0,0.047789379954338074
5262499840.0,0.05347162485122681
5263437312.0,0.05699800327420235
5264374784.0,0.06001011282205582
5265312256.0,0.06196743622422218
5266250240.0,0.06260175257921219
5267187712.0,0.061900507658720016
5268125184.0,0.058345090597867966
5269062656.0,0.05478909611701965
5270000128.0,0.04976402223110199
5270937600.0,0.04382982850074768
5271875072.0,0.03556247055530548
5272812544.0,0.026163969188928604
5273750016.0,0.016187505796551704
5274687488.0,0.0037896318826824427
5275624960.0,-0.00815517921000719
5276562432.0,-0.021888120099902153
5277499904.0,-0.03626111522316933
5278437376.0,-0.050276316702365875
5279374848.0,-0.06530196964740753
5280312320.0,-0.08099310845136642
5281249792.0,-0.09647222608327866
5282187264.0,-0.11126638948917389
5283125248.0,-0.12820830941200256
5284062720.0,-0.14407505095005035
5285000192.0,-0.15929822623729706
5285937664.0,-0.187710702419281
5286875136.0,-0.2031676024198532
5287812608.0,-0.219635471701622
5288750080.0,-0.23430538177490234
5289687552.0,-0.24904903769493103
5290625024.0,-0.2644990384578705
5291562496.0,-0.27757683396339417
5292499968.0,-0.29253512620925903
5293437440.0,-0.30810514092445374
5294374912.0,-0.32198214530944824
5295312384.0,-0.3347419500350952
5296249856.0,-0.34639108180999756
5297187328.0,-0.35573914647102356
5298124800.0,-0.36493876576423645
5299062272.0,-0.37324392795562744
5299999744.0,-0.3802357017993927
5300937728.0,-0.38407620787620544
5301875200.0,-0.38653936982154846
5302812672.0,-0.38901299238204956
5303750144.0,-0.38839444518089294
5304687616.0,-0.385884165763855
5305625088.0,-0.383280485868454
5306562560.0,-0.37882116436958313
5307500032.0,-0.3725542724132538
5308437504.0,-0.36450475454330444
5309374976.0,-0.35417941212654114
5310312448.0,-0.3429866433143616
5311249920.0,-0.33048394322395325
5312187392.0,-0.31757688522338867
5313124864.0,-0.3035357594490051
5314062336.0,-0.2877098619937897
5314999808.0,-0.2712147831916809
5315937280.0,-0.25245505571365356
5316874752.0,-0.23474855720996857
5317812736.0,-0.2170868068933487
5318750208.0,-0.19820518791675568
5319687680.0,-0.17921948432922363
5320625152.0,-0.15967980027198792
5321562624.0,-0.1411539763212204
5322500096.0,-0.12188172340393066
5323437568.0,-0.10310273617506027
5324375040.0,-0.08406724035739899
5325312512.0,-0.06607513874769211
5326249984.0,-0.04890645295381546
5327187456.0,-0.03297020122408867
5328124928.0,-0.016696719452738762
5329062400.0,-0.003197493264451623
5329999872.0,0.010159711353480816
5330937344.0,0.021485768258571625
5331874816.0,0.032910123467445374
5332812288.0,0.0385199710726738
5333749760.0,0.04376295953989029
5334687744.0,0.046732764691114426
5335625216.0,0.04826681315898895
5336562688.0,0.04793838411569595
5337500160.0,0.045114677399396896
5338437632.0,0.04135880619287491
5339375104.0,0.033917952328920364
5340312576.0,0.025656644254922867
5341250048.0,0.014466112479567528
5342187520.0,0.0013214199570938945
5343124992.0,-0.01336841844022274
5344062464.0,-0.030119366943836212
5344999936.0,-0.05010858550667763
5345937408.0,-0.33534058928489685
5346874880.0,-0.3494186997413635
5347812352.0,-0.3649740219116211
5348749824.0,-0.37888944149017334
5349687296.0,-0.39274701476097107
5350624768.0,-0.4055977165699005
5351562752.0,-0.4199296832084656
5352500224.0,-0.43141603469848633
5353437696.0,-0.4429745376110077
5354375168.0,-0.45131704211235046
5355312640.0,-0.45963239669799805
5356250112.0,-0.4657919108867645
5357187584.0,-0.4710752069950104
5358125056.0,-0.47384750843048096
5359062528.0,-0.4756619930267334
5360000000.0,-0.4757058024406433
5360937472.0,-0.4726906716823578
5361874944.0,-0.4684615135192871
5362812416.0,-0.4623739421367645
5363749888.0,-0.4547944664955139
5364687360.0,-0.4457336366176605
5365624832.0,-0.435115784406662
5366562304.0,-0.4221588671207428
5367499776.0,-0.4082303047180176
5368437248.0,-0.39267927408218384
5369375232.0,-0.3768584132194519
5370312704.0,-0.3591783940792084
5371250176.0,-0.3424410820007324
5372187648.0,-0.3251931667327881
5373125120.0,-0.3056010603904724
5374062592.0,-0.2886156141757965
5375000064.0,-0.26989465951919556
5375937536.0,-0.2525177001953125
5376875008.0,-0.23446999490261078
5377812480.0,-0.21691952645778656
5378749952.0,-0.1985400915145874
5379687424.0,-0.18153062462806702
5380624896.0,-0.16540692746639252
5381562368.0,-0.15019330382347107
5382499840.0,-0.13487476110458374
5383437312.0,-0.12028098851442337
5384374784.0,-0.10680518299341202
5385312256.0,-0.09567160159349442
5386250240.0,-0.08638673275709152
5387187712.0,-0.07965336740016937
5388125184.0,-0.0739259347319603
5389062656.0,-0.07098732143640518
5390000128.0,-0.06977301836013794
5390937600.0,-0.07155069708824158
5391875072.0,-0.07514436542987823
5392812544.0,-0.0796331837773323
5393750016.0,-0.08678924292325974
5394687488.0,-0.09568211436271667
5395624960.0,-0.10676064342260361
5396562432.0,-0.12080173939466476
5397499904.0,-0.13690927624702454
5398437376.0,-0.15410257875919342
5399374848.0,-0.1721542477607727
5400312320.0,-0.19315417110919952
5401249792.0,-0.21464815735816956
5402187264.0,-0.23503640294075012
5403125248.0,-0.2571572959423065
5404062720.0,-0.2786606550216675
5405000192.0,-0.2990899980068207
5405937664.0,-0.346421480178833
5406875136.0,-0.3616674840450287
5407812608.0,-0.3763338029384613
5408750080.0,-0.38916143774986267
5409687552.0,-0.4002872407436371
5410625024.0,-0.4093185067176819
5411562496.0,-0.4167534112930298
5412499968.0,-0.42192649841308594
5413437440.0,-0.4243033826351166
5414374912.0,-0.4246032238006592
5415312384.0,-0.42241236567497253
5416249856.0,-0.41785818338394165
5417187328.0,-0.40992671251296997
5418124800.0,-0.40000516176223755
5419062272.0,-0.3871288597583771
5420000256.0,-0.37330523133277893
5420937728.0,-0.3559551537036896
5421875200.0,-0.3385378420352936
5422812672.0,-0.3184839189052582
5423750144.0,-0.29910942912101746
5424687616.0,-0.27832356095314026
5425625088.0,-0.25714918971061707
5426562560.0,-0.2349501997232437
5427500032.0,-0.21370404958724976
5428437504.0,-0.19182062149047852
5429374976.0,-0.17184455692768097
5430312448.0,-0.15099316835403442
5431249920.0,-0.13216178119182587
5432187392.0,-0.11399727314710617
5433124864.0,-0.0960523784160614
5434062336.0,-0.08087535202503204
5434999808.0,-0.06644274294376373
5435937280.0,-0.054549891501665115
5436874752.0,-0.044266533106565475
5437812736.0,-0.036670345813035965
5438750208.0,-0.030529510229825974
5439687680.0,-0.02667688950896263
5440625152.0,-0.027523264288902283
5441562624.0,-0.028866512700915337
5442500096.0,-0.0332987979054451
5443437568.0,-0.04026615247130394
5444375040.0,-0.05070493742823601
5445312512.0,-0.06230988726019859
5446249984.0,-0.07597622275352478
5447187456.0,-0.09242202341556549
5448124928.0,-0.11038701981306076
5449062400.0,-0.13108143210411072
5449999872.0,-0.15286435186862946
5450937344.0,-0.177448108792305
5451874816.0,-0.20247988402843475
5452812288.0,-0.2297239452600479
5453749760.0,-0.2568689286708832
5454687744.0,-0.2844342887401581
5455625216.0,-0.3125193417072296
5456562688.0,-0.34058743715286255
5457500160.0,-0.3689345121383667
5458437632.0,-0.39684221148490906
5459375104.0,-0.42446768283843994
5460312576.0,-0.45006343722343445
5461250048.0,-0.4740147888660431
5462187520.0,-0.49656325578689575
5463124992.0,-0.5187169313430786
5464062464.0,-0.536662220954895
5464999936.0,-0.5541682839393616
5465937408.0,-0.47737768292427063
5466874880.0,-0.4924302101135254
5467812352.0,-0.5045345425605774
5468749824.0,-0.5166050791740417
5469687296.0,-0.5265060663223267
5470624768.0,-0.5339301824569702
5471562752.0,-0.5375837683677673
5472500224.0,-0.539329469203949
5473437696.0,-0.5377768278121948
5474375168.0,-0.5329544544219971
5475312640.0,-0.5256571173667908
5476250112.0,-0.5159971117973328
5477187584.0,-0.5052410364151001
5478125056.0,-0.4916505217552185
5479062528.0,-0.4750465750694275
5480000000.0,-0.45613354444503784
5480937472.0,-0.4349551498889923
5481874944.0,-0.4133462905883789
5482812416.0,-0.3915884792804718
5483749888.0,-0.3686649203300476
5484687360.0,-0.3473435044288635
5485624832.0,-0.32445454597473145
5486562304.0,-0.303132027387619
5487499776.0,-0.28200599551200867
5488437248.0,-0.2624945342540741
5489375232.0,-0.24285687506198883
5490312704.0,-0.22496582567691803
5491250176.0,-0.20800743997097015
5492187648.0,-0.19392962753772736
5493125120.0,-0.18146993219852448
5494062592.0,-0.1709095984697342
5495000064.0,-0.16395117342472076
5495937536.0,-0.15854059159755707
5496875008.0,-0.1554347276687622
5497812480.0,-0.1552370935678482
5498749952.0,-0.15793828666210175
5499687424.0,-0.16184355318546295
5500624896.0,-0.16862474381923676
5501562368.0,-0.1773318201303482
5502499840.0,-0.1878092885017395
5503437312.0,-0.20099978148937225
5504374784.0,-0.21535608172416687
5505312256.0,-0.2317744344472885
5506250240.0,-0.24935325980186462
5507187712.0,-0.2711998522281647
5508125184.0,-0.29396122694015503
5509062656.0,-0.3188965618610382
5510000128.0,-0.34730908274650574
5510937600.0,-0.3777673840522766
5511875072.0,-0.4096323847770691
5512812544.0,-0.4427691698074341
5513750016.0,-0.47610583901405334
5514687488.0,-0.5093944072723389
5515624960.0,-0.5439785718917847
5516562432.0,-0.5791006088256836
5517499904.0,-0.6131070256233215
5518437376.0,-0.6475890874862671
5519374848.0,-0.6808575987815857
5520312320.0,-0.7138720750808716
5521249792.0,-0.7454525828361511
5522187264.0,-0.77639240026474
5523125248.0,-0.8069136738777161
5524062720.0,-0.8361835479736328
5525000192.0,-0.8657169342041016
5525937664.0,-0.7480107545852661
5526875136.0,-0.7604774236679077
5527812608.0,-0.7721312642097473
5528750080.0,-0.7870505452156067
5529687552.0,-0.8012678623199463
5530625024.0,-0.8191176056861877
5531562496.0,-0.8377134799957275
5532499968.0,-0.8585802316665649
5533437440.0,-0.8814079165458679
5534374912.0,-0.9044831991195679
5535312384.0,-0.929141104221344
5536249856.0,-0.9545161128044128
5537187328.0,-0.9796013236045837
5538124800.0,-1.0040838718414307
5539062272.0,-1.026094913482666
5539999744.0,-1.0462197065353394
5540937728.0,-1.0642685890197754
5541875200.0,-1.0795421600341797
5542812672.0,-1.0925824642181396
5543750144.0,-1.1013386249542236
5544687616.0,-1.106550693511963
5545625088.0,-1.1078054904937744
5546562560.0,-1.1056170463562012
5547500032.0,-1.0986764430999756
5548437504.0,-1.0862839221954346
5549374976.0,-1.069860577583313
5550312448.0,-1.0492006540298462
5551249920.0,-1.0242252349853516
5552187392.0,-0.9974899291992188
5553124864.0,-0.9676148891448975
5554062336.0,-0.9360360503196716
5554999808.0,-0.9029131531715393
5555937280.0,-0.8677127957344055
5556874752.0,-0.8337191939353943
5557812736.0,-0.7998335957527161
5558750208.0,-0.7678388953208923
5559687680.0,-0.7370678782463074
5560625152.0,-0.7071764469146729
5561562624.0,-0.6781043410301208
5562500096.0,-0.6514900326728821
5563437568.0,-0.6286118626594543
5564375040.0,-0.606946587562561
5565312512.0,-0.5886685252189636
5566249984.0,-0.5726063251495361
5567187456.0,-0.5573688745498657
5568124928.0,-0.5438991785049438
5569062400.0,-0.5305981636047363
5569999872.0,-0.5177291035652161
5570937344.0,-0.5055940747261047
5571874816.0,-0.49445757269859314
5572812288.0,-0.48231637477874756
5573749760.0,-0.4721328020095825
5574687744.0,-0.4622606933116913
5575625216.0,-0.45416995882987976
5576562688.0,-0.44630172848701477
5577500160.0,-0.4404880106449127
5578437632.0,-0.4354974627494812
5579375104.0,-0.43322691321372986
5580312576.0,-0.43313533067703247
5581250048.0,-0.43268924951553345
5582187520.0,-0.4336596727371216
5583124992.0,-0.43609029054641724
5584062464.0,-0.43911486864089966
5584999936.0,-0.44200584292411804
5585937408.0,-0.418235182762146
5586874880.0,-0.40939831733703613
5587812352.0,-0.399208128452301
5588749824.0,-0.3880860507488251
5589687296.0,-0.3744620680809021
5590624768.0,-0.36054688692092896
5591562752.0,-0.34432241320610046
5592500224.0,-0.32835322618484497
5593437696.0,-0.3116951584815979
5594375168.0,-0.2933970093727112
5595312640.0,-0.27595025300979614
5596250112.0,-0.2568019926548004
5597187584.0,-0.23861783742904663
5598125056.0,-0.2208140343427658
5599062528.0,-0.20307601988315582
5600000000.0,-0.18465900421142578
5600937472.0,-0.16696995496749878
5601874944.0,-0.1503288447856903
5602812416.0,-0.13506008684635162
5603749888.0,-0.11983712762594223
5604687360.0,-0.10595395416021347
5605624832.0,-0.09365949034690857
5606562304.0,-0.08362781256437302
5607499776.0,-0.07404490560293198
5608437248.0,-0.06731288135051727
5609375232.0,-0.0613720677793026
5610312704.0,-0.057425934821367264
5611250176.0,-0.05576667934656143
5612187648.0,-0.055337876081466675
5613125120.0,-0.05661710351705551
5614062592.0,-0.058543670922517776
5615000064.0,-0.06393171846866608
5615937536.0,-0.06956218183040619
5616875008.0,-0.0772123783826828
5617812480.0,-0.08606071770191193
5618749952.0,-0.09702989459037781
5619687424.0,-0.10747416317462921
5620624896.0,-0.12040479481220245
5621562368.0,-0.13224753737449646
5622499840.0,-0.14607588946819305
5623437312.0,-0.16044439375400543
5624374784.0,-0.17505328357219696
5625312256.0,-0.18816082179546356
5626250240.0,-0.20265470445156097
5627187712.0,-0.2154751420021057
5628125184.0,-0.22849175333976746
5629062656.0,-0.2404143065214157
5630000128.0,-0.2511698603630066
5630937600.0,-0.26069140434265137
5631875072.0,-0.26933082938194275
5632812544.0,-0.2776440382003784
5633750016.0,-0.28222382068634033
5634687488.0,-0.28654107451438904
5635624960.0,-0.28907617926597595
5636562432.0,-0.2903639078140259
5637499904.0,-0.2890266180038452
5638437376.0,-0.2861596941947937
5639374848.0,-0.2819429636001587
5640312320.0,-0.27593743801116943
5641249792.0,-0.26772746443748474
5642187264.0,-0.2591097056865692
5643125248.0,-0.2497023344039917
5644062720.0,-0.23856639862060547
5645000192.0,-0.22643913328647614
5645937664.0,-0.18572470545768738
5646875136.0,-0.18998904526233673
5647812608.0,-0.19227080047130585
5648750080.0,-0.192482590675354
5649687552.0,-0.1917216032743454
5650625024.0,-0.18872910737991333
5651562496.0,-0.1841079145669937
5652499968.0,-0.17934225499629974
5653437440.0,-0.17439691722393036
5654374912.0,-0.16737666726112366
5655312384.0,-0.1605573445558548
5656249856.0,-0.15262147784233093
5657187328.0,-0.14478635787963867
5658124800.0,-0.13698449730873108
5659062272.0,-0.1293889880180359
5660000256.0,-0.1207832545042038
5660937728.0,-0.11483757197856903
5661875200.0,-0.10732490569353104
5662812672.0,-0.101889967918396
5663750144.0,-0.09630950540304184
5664687616.0,-0.0925576388835907
5665625088.0,-0.09030080586671829
5666562560.0,-0.08777010440826416
5667500032.0,-0.08642813563346863
5668437504.0,-0.08652269095182419
5669374976.0,-0.0871562510728836
5670312448.0,-0.08945608884096146
5671249920.0,-0.09235592186450958
5672187392.0,-0.09631264954805374
5673124864.0,-0.10198365151882172
5674062336.0,-0.10801292955875397
5674999808.0,-0.11444207280874252
5675937280.0,-0.12242864817380905
5676874752.0,-0.1300535649061203
5677812736.0,-0.1397271752357483
5678750208.0,-0.14828214049339294
5679687680.0,-0.15830321609973907
5680625152.0,-0.1678013652563095
5681562624.0,-0.1775926798582077
5682500096.0,-0.1874627321958542
5683437568.0,-0.19588331878185272
5684375040.0,-0.20469160377979279
5685312512.0,-0.212174192070961
5686249984.0,-0.2206999659538269
5687187456.0,-0.22693389654159546
5688124928.0,-0.23325635492801666
5689062400.0,-0.23939719796180725
5689999872.0,-0.24419686198234558
5690937344.0,-0.2481878101825714
5691874816.0,-0.2543618977069855
5692812288.0,-0.2596285045146942
5693749760.0,-0.26484018564224243
5694687744.0,-0.26773396134376526
5695625216.0,-0.2723584771156311
5696562688.0,-0.27653270959854126
5697500160.0,-0.2805940508842468
5698437632.0,-0.2858017683029175
5699375104.0,-0.2908048927783966
5700312576.0,-0.2979419231414795
5701250048.0,-0.30511099100112915
5702187520.0,-0.3133464455604553
5703124992.0,-0.32231083512306213
5704062464.0,-0.3327244222164154
5704999936.0,-0.3429282307624817
5705937408.0,-0.229654461145401
5706874880.0,-0.24918875098228455
5707812352.0,-0.26956823468208313
5708749824.0,-0.2893832325935364
5709687296.0,-0.30860310792922974
5710624768.0,-0.3289114832878113
5711562752.0,-0.34572675824165344
5712500224.0,-0.3617834746837616
5713437696.0,-0.37602731585502625
5714375168.0,-0.38646677136421204
5715312640.0,-0.39335906505584717
5716250112.0,-0.3973095118999481
5717187584.0,-0.3966147005558014
5718125056.0,-0.39129623770713806
5719062528.0,-0.38164588809013367
5720000000.0,-0.3672304153442383
5720937472.0,-0.34867146611213684
5721874944.0,-0.32696059346199036
5722812416.0,-0.29955437779426575
5723749888.0,-0.27004194259643555
5724687360.0,-0.2372235655784607
5725624832.0,-0.20045165717601776
5726562304.0,-0.16170518100261688
5727499776.0,-0.121190145611763
5728437248.0,-0.08100651949644089
5729375232.0,-0.040121015161275864
5730312704.0,-0.0005740168271586299
5731250176.0,0.03881586715579033
5732187648.0,0.07510261982679367
5733125120.0,0.1079336404800415
5734062592.0,0.13753367960453033
5735000064.0,0.16311882436275482
5735937536.0,0.18374715745449066
5736875008.0,0.20060141384601593
5737812480.0,0.21075987815856934
5738749952.0,0.21849781274795532
5739687424.0,0.2219429314136505
5740624896.0,0.22198627889156342
5741562368.0,0.21724478900432587
5742499840.0,0.20948950946331024
5743437312.0,0.19898691773414612
5744374784.0,0.18604274094104767
5745312256.0,0.17272800207138062
5746250240.0,0.15828609466552734
5747187712.0,0.14371180534362793
5748125184.0,0.12906460464000702
5749062656.0,0.1143670380115509
5750000128.0,0.09962403774261475
5750937600.0,0.08665569871664047
5751875072.0,0.07456475496292114
5752812544.0,0.06271876394748688
5753750016.0,0.051846399903297424
5754687488.0,0.04125244915485382
5755624960.0,0.028114113956689835
5756562432.0,0.008489473722875118
5757499904.0,-0.014184330590069294
5758437376.0,-0.03840896114706993
5759374848.0,-0.06444535404443741
5760312320.0,-0.09413409233093262
5761249792.0,-0.12378497421741486
5762187264.0,-0.15414199233055115
5763125248.0,-0.18627965450286865
5764062720.0,-0.21700455248355865
5765000192.0,-0.24771744012832642
5765937664.0,-0.200359046459198
5766875136.0,-0.20673614740371704
5767812608.0,-0.2156493365764618
5768750080.0,-0.22328951954841614
5769687552.0,-0.23117932677268982
5770625024.0,-0.23933565616607666
5771562496.0,-0.24846333265304565
5772499968.0,-0.25753581523895264
5773437440.0,-0.26809194684028625
5774374912.0,-0.2781077027320862
5775312384.0,-0.2894437611103058
5776249856.0,-0.30176764726638794
5777187328.0,-0.31305041909217834
5778124800.0,-0.3262733519077301
5779062272.0,-0.33660539984703064
5779999744.0,-0.3483370244503021
5780937728.0,-0.3588940501213074
5781875200.0,-0.36972013115882874
5782812672.0,-0.38042429089546204
5783750144.0,-0.3898337483406067
5784687616.0,-0.40011167526245117
5785625088.0,-0.4095253646373749
5786562560.0,-0.4176539480686188
5787500032.0,-0.42545285820961
5788437504.0,-0.43313655257225037
5789374976.0,-0.43938174843788147
5790312448.0,-0.44450733065605164
5791249920.0,-0.4489801228046417
5792187392.0,-0.4524172842502594
5793124864.0,-0.45437246561050415
5794062336.0,-0.4541832208633423
5794999808.0,-0.4540814757347107
5795937280.0,-0.4518756568431854
5796874752.0,-0.4487385153770447
5797812736.0,-0.4434489905834198
5798750208.0,-0.43776071071624756
5799687680.0,-0.42865467071533203
5800625152.0,-0.4180782437324524
5801562624.0,-0.4058736264705658
5802500096.0,-0.3918409049510956
5803437568.0,-0.3785874545574188
5804375040.0,-0.3623846173286438
5805312512.0,-0.3449104130268097
5806249984.0,-0.3258873522281647
5807187456.0,-0.30808204412460327
5808124928.0,-0.28863564133644104
5809062400.0,-0.2683107554912567
5809999872.0,-0.2483394593000412
5810937344.0,-0.22802016139030457
5811874816.0,-0.20821717381477356
5812812288.0,-0.18894733488559723
5813749760.0,-0.16968566179275513
5814687744.0,-0.15290114283561707
5815625216.0,-0.13647162914276123
5816562688.0,-0.12128468602895737
5817500160.0,-0.10769473761320114
5818437632.0,-0.09473405033349991
5819375104.0,-0.08211208879947662
5820312576.0,-0.07330220937728882
5821250048.0,-0.06515439599752426
5822187520.0,-0.05969724804162979
5823124992.0,-0.05559537932276726
5824062464.0,-0.05376443266868591
5824999936.0,-0.05302631855010986
5825937408.0,-0.24655373394489288
5826874880.0,-0.24714425206184387
5827812352.0,-0.24987559020519257
5828749824.0,-0.2521016001701355
5829687296.0,-0.25334179401397705
5830624768.0,-0.25652143359184265
5831562752.0,-0.2589530050754547
5832500224.0,-0.2608806788921356
5833437696.0,-0.26307085156440735
5834375168.0,-0.2650035619735718
5835312640.0,-0.2679116427898407
5836250112.0,-0.27018117904663086
5837187584.0,-0.27301663160324097
5838125056.0,-0.27664780616760254
5839062528.0,-0.279864102602005
5840000000.0,-0.2851383090019226
5840937472.0,-0.29185882210731506
5841874944.0,-0.2975403964519501
5842812416.0,-0.30382040143013
5843749888.0,-0.3098449110984802
5844687360.0,-0.31594929099082947
5845624832.0,-0.323122501373291
5846562304.0,-0.32893458008766174
5847499776.0,-0.33484509587287903
5848437248.0,-0.3410498797893524
5849375232.0,-0.347687304019928
5850312704.0,-0.352284699678421
5851250176.0,-0.35879406332969666
5852187648.0,-0.3632306158542633
5853125120.0,-0.3688119947910309
5854062592.0,-0.37130793929100037
5855000064.0,-0.37553733587265015
5855937536.0,-0.37724989652633667
5856875008.0,-0.3789997696876526
5857812480.0,-0.37861984968185425
5858749952.0,-0.3777155876159668
5859687424.0,-0.3769359588623047
5860624896.0,-0.37538784742355347
5861562368.0,-0.3739956319332123
5862499840.0,-0.3719138503074646
5863437312.0,-0.36976003646850586
5864374784.0,-0.36782270669937134
5865312256.0,-0.363832950592041
5866250240.0,-0.3622719645500183
5867187712.0,-0.3572407066822052
5868125184.0,-0.3538702428340912
5869062656.0,-0.3497566878795624
5870000128.0,-0.34699609875679016
5870937600.0,-0.3433898985385895
5871875072.0,-0.33943718671798706
5872812544.0,-0.33728542923927307
5873750016.0,-0.3357143998146057
5874687488.0,-0.3334217667579651
5875624960.0,-0.33298489451408386
5876562432.0,-0.33308088779449463
5877499904.0,-0.33324646949768066
5878437376.0,-0.3345605134963989
5879374848.0,-0.3368881642818451
5880312320.0,-0.339092493057251
5881249792.0,-0.3420630395412445
5882187264.0,-0.3446338176727295
5883125248.0,-0.3479708135128021
5884062720.0,-0.3522673547267914
5885000192.0,-0.3564307987689972
5885937664.0,-0.3686041831970215
5886875136.0,-0.37308692932128906
5887812608.0,-0.37800610065460205
5888750080.0,-0.3817581832408905
5889687552.0,-0.38490286469459534
5890625024.0,-0.3879437744617462
5891562496.0,-0.3901723027229309
5892499968.0,-0.3917361795902252
5893437440.0,-0.3934922516345978
5894374912.0,-0.3939151167869568
5895312384.0,-0.3954174220561981
5896249856.0,-0.3951321840286255
5897187328.0,-0.39533981680870056
5898124800.0,-0.3946954607963562
5899062272.0,-0.39493584632873535
5900000256.0,-0.3947009742259979
5900937728.0,-0.3931964039802551
5901875200.0,-0.3932248055934906
5902812672.0,-0.3905819356441498
5903750144.0,-0.389301061630249
5904687616.0,-0.386881560087204
5905625088.0,-0.3872050344944
5906562560.0,-0.3864009380340576
5907500032.0,-0.38549867272377014
5908437504.0,-0.3856290876865387
5909374976.0,-0.3854629099369049
5910312448.0,-0.3874015510082245
5911249920.0,-0.3873419761657715
5912187392.0,-0.38863271474838257
5913124864.0,-0.39006665349006653
5914062336.0,-0.39302733540534973
5914999808.0,-0.3956942856311798
5915937280.0,-0.39900338649749756
5916874752.0,-0.40231800079345703
5917812736.0,-0.4067308306694031
5918750208.0,-0.41262689232826233
5919687680.0,-0.41900861263275146
5920625152.0,-0.42455849051475525
5921562624.0,-0.4336162507534027
5922500096.0,-0.44024670124053955
5923437568.0,-0.4488145112991333
5924375040.0,-0.4584791958332062
5925312512.0,-0.4669910967350006
5926249984.0,-0.4769369661808014
5927187456.0,-0.48696470260620117
5928124928.0,-0.49854567646980286
5929062400.0,-0.5082220435142517
5929999872.0,-0.5189579725265503
5930937344.0,-0.5289636850357056
5931874816.0,-0.540828287601471
5932812288.0,-0.5504531264305115
5933749760.0,-0.560222327709198
5934687744.0,-0.5707118511199951
5935625216.0,-0.5803609490394592
5936562688.0,-0.5894321203231812
5937500160.0,-0.5983229279518127
5938437632.0,-0.6065784096717834
5939375104.0,-0.6143423914909363
5940312576.0,-0.621566891670227
5941250048.0,-0.6280971765518188
5942187520.0,-0.6328642964363098
5943124992.0,-0.6361550688743591
5944062464.0,-0.6392097473144531
5944999936.0,-0.6406904458999634
5945937408.0,-0.41298621892929077
5946874880.0,-0.42793750762939453
5947812352.0,-0.4449729323387146
5948749824.0,-0.4607609510421753
5949687296.0,-0.47646206617355347
5950624768.0,-0.49296867847442627
5951562752.0,-0.506846010684967
5952500224.0,-0.5197099447250366
5953437696.0,-0.5315106511116028
5954375168.0,-0.5426321029663086
5955312640.0,-0.5527434349060059
5956250112.0,-0.5593792200088501
5957187584.0,-0.5665655732154846
5958125056.0,-0.5705347657203674
5959062528.0,-0.5734508037567139
5960000000.0,-0.5750107169151306
5960937472.0,-0.5740934014320374
5961874944.0,-0.5730869770050049
5962812416.0,-0.5695977807044983
5963749888.0,-0.5641241073608398
5964687360.0,-0.5572976469993591
5965624832.0,-0.5495554208755493
5966562304.0,-0.5394622683525085
5967499776.0,-0.5300906300544739
5968437248.0,-0.5195379257202148
5969375232.0,-0.5079655051231384
5970312704.0,-0.49603885412216187
5971250176.0,-0.4839118421077728
5972187648.0,-0.4726380407810211
5973125120.0,-0.4624389111995697
5974062592.0,-0.45183637738227844
5975000064.0,-0.44492682814598083
5975937536.0,-0.4370476007461548
5976875008.0,-0.43090584874153137
5977812480.0,-0.42649704217910767
5978749952.0,-0.4222668707370758
5979687424.0,-0.4177852272987366
5980624896.0,-0.41504091024398804
5981562368.0,-0.4126476049423218
5982499840.0,-0.4106159210205078
5983437312.0,-0.40970292687416077
5984374784.0,-0.41034093499183655
5985312256.0,-0.4114021956920624
5986250240.0,-0.41314929723739624
5987187712.0,-0.41627180576324463
5988125184.0,-0.4188626706600189
5989062656.0,-0.4231293201446533
5990000128.0,-0.4269460439682007
5990937600.0,-0.43139779567718506
5991875072.0,-0.43499845266342163
5992812544.0,-0.4387682378292084
5993750016.0,-0.4425384998321533
5994687488.0,-0.4473859369754791
5995624960.0,-0.45070892572402954
5996562432.0,-0.45434755086898804
5997499904.0,-0.4587673544883728
5998437376.0,-0.46334657073020935
5999374848.0,-0.4673655927181244
6000312320.0,-0.47129756212234497
6001249792.0,-0.47497162222862244
6002187264.0,-0.48015913367271423
6003125248.0,-0.4837898313999176
6004062720.0,-0.48813244700431824
6005000192.0,-0.38303741812705994
6005937664.0,-0.39237460494041443
6006875136.0,-0.40294063091278076
6007812608.0,-0.41471031308174133
6008750080.0,-0.42746803164482117
6009687552.0,-0.44156789779663086
6010625024.0,-0.4561614990234375
6011562496.0,-0.4730045199394226
6012499968.0,-0.4897763729095459
6013437440.0,-0.5064698457717896
6014374912.0,-0.5240005254745483
6015312384.0,-0.5424985885620117
6016249856.0,-0.5609756112098694
6017187328.0,-0.5788763761520386
6018124800.0,-0.597350537776947
6019062272.0,-0.6144073009490967
6019999744.0,-0.6306611895561218
6020937728.0,-0.6472140550613403
6021875200.0,-0.6623323559761047
6022812672.0,-0.6752911806106567
6023750144.0,-0.6874566078186035
6024687616.0,-0.6977198719978333
6025625088.0,-0.7075430750846863
6026562560.0,-0.7162250280380249
6027500032.0,-0.7238898277282715
6028437504.0,-0.7276228666305542
6029374976.0,-0.7312821745872498
6030312448.0,-0.7327121496200562
6031249920.0,-0.7317537069320679
6032187392.0,-0.7286418080329895
6033124864.0,-0.7241690754890442
6034062336.0,-0.7170146107673645
6034999808.0,-0.7075537443161011
6035937280.0,-0.6963593363761902
6036874752.0,-0.6827353835105896
6037812736.0,-0.6682553291320801
6038750208.0,-0.6523234248161316
6039687680.0,-0.6356128454208374
6040625152.0,-0.6171923279762268
6041562624.0,-0.6000938415527344
6042500096.0,-0.5818468332290649
6043437568.0,-0.5664047598838806
6044375040.0,-0.5495445132255554
6045312512.0,-0.532562255859375
6046249984.0,-0.5171352624893188
6047187456.0,-0.5004206895828247
6048124928.0,-0.4850793182849884
6049062400.0,-0.4695892930030823
6049999872.0,-0.45636892318725586
6050937344.0,-0.4445708692073822
6051874816.0,-0.4343140125274658
6052812288.0,-0.4252866804599762
6053749760.0,-0.4177388846874237
6054687744.0,-0.412943959236145
6055625216.0,-0.4084804356098175
6056562688.0,-0.4063234329223633
6057500160.0,-0.40455642342567444
6058437632.0,-0.40484488010406494
6059375104.0,-0.4064713716506958
6060312576.0,-0.408053994178772
6061250048.0,-0.41067108511924744
6062187520.0,-0.41405776143074036
6063124992.0,-0.4169723689556122
6064062464.0,-0.4207261800765991
6064999936.0,-0.4182981252670288
6065937408.0,-0.42395254969596863
6066874880.0,-0.42959415912628174
6067812352.0,-0.43600454926490784
6068749824.0,-0.4430314898490906
6069687296.0,-0.45100852847099304
6070624768.0,-0.4587114453315735
6071562752.0,-0.4675544202327728
6072500224.0,-0.4768538177013397
6073437696.0,-0.48706817626953125
6074375168.0,-0.4990534484386444
6075312640.0,-0.5103833675384521
6076250112.0,-0.5201135873794556
6077187584.0,-0.5314943194389343
6078125056.0,-0.5413686633110046
6079062528.0,-0.5519531965255737
6080000000.0,-0.5623894929885864
6080937472.0,-0.5726150274276733
6081874944.0,-0.5810835957527161
6082812416.0,-0.590863823890686
6083749888.0,-0.5976819396018982
6084687360.0,-0.6050454378128052
6085624832.0,-0.6098921298980713
6086562304.0,-0.6155669689178467
6087499776.0,-0.6190524101257324
6088437248.0,-0.6205551624298096
6089375232.0,-0.6215010285377502
6090312704.0,-0.621549665927887
6091250176.0,-0.6202719807624817
6092187648.0,-0.618166983127594
6093125120.0,-0.6144062876701355
6094062592.0,-0.61006098985672
6095000064.0,-0.6032929420471191
6095937536.0,-0.5955402851104736
6096875008.0,-0.5871366262435913
6097812480.0,-0.5793482065200806
6098749952.0,-0.5695840716362
6099687424.0,-0.559429943561554
6100624896.0,-0.55036860704422
6101562368.0,-0.5392608642578125
6102499840.0,-0.5290336608886719
6103437312.0,-0.518091082572937
6104374784.0,-0.5074314475059509
6105312256.0,-0.49634870886802673
6106250240.0,-0.4878350794315338
6107187712.0,-0.4781301021575928
6108125184.0,-0.4692622125148773
6109062656.0,-0.4611181616783142
6110000128.0,-0.4537394046783447
6110937600.0,-0.447124719619751
6111875072.0,-0.44025060534477234
6112812544.0,-0.43262651562690735
6113750016.0,-0.4282599091529846
6114687488.0,-0.4231194257736206
6115624960.0,-0.4174056351184845
6116562432.0,-0.4137512445449829
6117499904.0,-0.41066277027130127
6118437376.0,-0.4088771939277649
6119374848.0,-0.407906174659729
6120312320.0,-0.4063831865787506
6121249792.0,-0.40510085225105286
6122187264.0,-0.404334157705307
6123125248.0,-0.4044799208641052
6124062720.0,-0.40472549200057983
6125000192.0,-0.589858889579773
6125937664.0,-0.6007077097892761
6126875136.0,-0.6097498536109924
6127812608.0,-0.6187843680381775
6128750080.0,-0.6274880170822144
6129687552.0,-0.6360585689544678
6130625024.0,-0.6439290642738342
6131562496.0,-0.6491747498512268
6132499968.0,-0.6549617648124695
6133437440.0,-0.6595386266708374
6134374912.0,-0.6633746027946472
6135312384.0,-0.6668376326560974
6136249856.0,-0.6687819957733154
6137187328.0,-0.6706153154373169
6138124800.0,-0.6717038750648499
6139062272.0,-0.6713433861732483
6140000256.0,-0.6715940833091736
6140937728.0,-0.6708588004112244
6141875200.0,-0.6697708964347839
6142812672.0,-0.6682616472244263
6143750144.0,-0.6657700538635254
6144687616.0,-0.6625430583953857
6145625088.0,-0.6589069962501526
6146562560.0,-0.6550927758216858
6147500032.0,-0.6519626975059509
6148437504.0,-0.6475817561149597
6149374976.0,-0.6440148949623108
6150312448.0,-0.6399532556533813
6151249920.0,-0.6379907727241516
6152187392.0,-0.6369054913520813
6153124864.0,-0.6362455487251282
6154062336.0,-0.6356776356697083
6154999808.0,-0.6351869106292725
6155937280.0,-0.6357123851776123
6156874752.0,-0.6349397301673889
6157812736.0,-0.6347005367279053
6158750208.0,-0.6356058120727539
6159687680.0,-0.63632732629776
6160625152.0,-0.6374875903129578
6161562624.0,-0.6391926407814026
6162500096.0,-0.6420174837112427
6163437568.0,-0.6468542814254761
6164375040.0,-0.6505264043807983
6165312512.0,-0.6548762321472168
6166249984.0,-0.6607126593589783
6167187456.0,-0.6669426560401917
6168124928.0,-0.6735242009162903
6169062400.0,-0.6806098818778992
6169999872.0,-0.6886824369430542
6170937344.0,-0.6957395672798157
6171874816.0,-0.70455002784729
6172812288.0,-0.7125149369239807
6173749760.0,-0.7205771803855896
6174687744.0,-0.7281846404075623
6175625216.0,-0.7361465692520142
6176562688.0,-0.7430239319801331
6177500160.0,-0.750817060470581
6178437632.0,-0.758800745010376
6179375104.0,-0.766060471534729
6180312576.0,-0.7743400931358337
6181250048.0,-0.779994547367096
6182187520.0,-0.7867421507835388
6183124992.0,-0.792273223400116
6184062464.0,-0.7963961958885193
6184999936.0,-0.6276168823242188
6185937408.0,-0.6467123627662659
6186874880.0,-0.6648021340370178
6187812352.0,-0.6830746531486511
6188749824.0,-0.7017092108726501
6189687296.0,-0.7199352383613586
6190624768.0,-0.7389286160469055
6191562752.0,-0.7568880915641785
6192500224.0,-0.7754219174385071
6193437696.0,-0.7923756837844849
6194375168.0,-0.808518648147583
6195312640.0,-0.8235152959823608
6196250112.0,-0.838019073009491
6197187584.0,-0.8507183790206909
6198125056.0,-0.8621200919151306
6199062528.0,-0.8718417882919312
6200000000.0,-0.8799155354499817
6200937472.0,-0.8877058029174805
6201874944.0,-0.8924859166145325
6202812416.0,-0.895763635635376
6203749888.0,-0.8956491351127625
6204687360.0,-0.8936706185340881
6205624832.0,-0.890400230884552
6206562304.0,-0.8865185379981995
6207499776.0,-0.8791543841362
6208437248.0,-0.8712663650512695
6209375232.0,-0.8625261187553406
6210312704.0,-0.8528112769126892
6211250176.0,-0.8419970870018005
6212187648.0,-0.8307729363441467
6213125120.0,-0.8188972473144531
6214062592.0,-0.8061768412590027
6215000064.0,-0.7936229705810547
6215937536.0,-0.7802147269248962
6216875008.0,-0.7665010094642639
6217812480.0,-0.7527930736541748
6218749952.0,-0.7391394376754761
6219687424.0,-0.724876344203949
6220624896.0,-0.7113673090934753
6221562368.0,-0.6985113024711609
6222499840.0,-0.6849578022956848
6223437312.0,-0.6720651984214783
6224374784.0,-0.6613914370536804
6225312256.0,-0.65080726146698
6226250240.0,-0.6407288908958435
6227187712.0,-0.631275475025177
6228125184.0,-0.6226467490196228
6229062656.0,-0.614845871925354
6230000128.0,-0.6089633703231812
6230937600.0,-0.6052007675170898
6231875072.0,-0.6018801331520081
6232812544.0,-0.6004399061203003
6233750016.0,-0.5993412733078003
6234687488.0,-0.5990384817123413
6235624960.0,-0.6009386777877808
6236562432.0,-0.6036840081214905
6237499904.0,-0.6078773140907288
6238437376.0,-0.6131971478462219
6239374848.0,-0.6192339658737183
6240312320.0,-0.6276153922080994
6241249792.0,-0.6368763446807861
6242187264.0,-0.6469986438751221
6243125248.0,-0.6582353115081787
6244062720.0,-0.6695449352264404
6245000192.0,-0.676389217376709
6245937664.0,-0.6895243525505066
6246875136.0,-0.7028875350952148
6247812608.0,-0.7163000702857971
6248750080.0,-0.7307741641998291
6249687552.0,-0.7449749112129211
6250625024.0,-0.7586937546730042
6251562496.0,-0.7721228003501892
6252499968.0,-0.7861981391906738
6253437440.0,-0.7996183037757874
6254374912.0,-0.811374843120575
6255312384.0,-0.8229816555976868
6256249856.0,-0.8338613510131836
6257187328.0,-0.8448191285133362
6258124800.0,-0.854274570941925
6259062272.0,-0.8642456531524658
6259999744.0,-0.8720961809158325
6260937728.0,-0.8803550004959106
6261875200.0,-0.8854862451553345
6262812672.0,-0.8897947072982788
6263750144.0,-0.8933317065238953
6264687616.0,-0.8949350714683533
6265625088.0,-0.8965429067611694
6266562560.0,-0.8964553475379944
6267500032.0,-0.8942118883132935
6268437504.0,-0.8924509286880493
6269374976.0,-0.8912079930305481
6270312448.0,-0.8882986307144165
6271249920.0,-0.8846861720085144
6272187392.0,-0.881486713886261
6273124864.0,-0.8785445690155029
6274062336.0,-0.875339150428772
6274999808.0,-0.8724730014801025
6275937280.0,-0.8688648343086243
6276874752.0,-0.8667910695075989
6277812736.0,-0.8641923069953918
6278750208.0,-0.8617604374885559
6279687680.0,-0.8590734601020813
6280625152.0,-0.8560176491737366
6281562624.0,-0.8541668653488159
6282500096.0,-0.8534956574440002
6283437568.0,-0.8522315621376038
6284375040.0,-0.8532267808914185
6285312512.0,-0.8515254259109497
6286249984.0,-0.8519965410232544
6287187456.0,-0.8525509238243103
6288124928.0,-0.8532522916793823
6289062400.0,-0.8551115989685059
6289999872.0,-0.8580767512321472
6290937344.0,-0.8613302111625671
6291874816.0,-0.8637558817863464
6292812288.0,-0.8681460618972778
6293749760.0,-0.8708660006523132
6294687744.0,-0.874064028263092
6295625216.0,-0.8785252571105957
6296562688.0,-0.8830165266990662
6297500160.0,-0.8878369331359863
6298437632.0,-0.8942904472351074
6299375104.0,-0.9011542201042175
6300312576.0,-0.9097696542739868
6301250048.0,-0.9197794198989868
6302187520.0,-0.929602324962616
6303124992.0,-0.941892147064209
6304062464.0,-0.9545115828514099
6304999936.0,-0.9861807227134705
6305937408.0,-0.9969421029090881
6306874880.0,-1.0102267265319824
6307812352.0,-1.0217941999435425
6308749824.0,-1.034644603729248
6309687296.0,-1.0441614389419556
6310624768.0,-1.0550397634506226
6311562752.0,-1.065555453300476
6312500224.0,-1.0729444026947021
6313437696.0,-1.0825715065002441
6314375168.0,-1.0906310081481934
6315312640.0,-1.0998250246047974
6316250112.0,-1.1102420091629028
6317187584.0,-1.1199114322662354
6318125056.0,-1.1304962635040283
6319062528.0,-1.1402208805084229
6320000000.0,-1.151447057723999
6320937472.0,-1.161584734916687
6321874944.0,-1.1721512079238892
6322812416.0,-1.1828488111495972
6323749888.0,-1.19338059425354
6324687360.0,-1.2033882141113281
6325624832.0,-1.2130972146987915
6326562304.0,-1.2240064144134521
6327499776.0,-1.2355929613113403
6328437248.0,-1.2460544109344482
6329375232.0,-1.254932165145874
6330312704.0,-1.2623026371002197
6331250176.0,-1.2696757316589355
6332187648.0,-1.276709794998169
6333125120.0,-1.2819079160690308
6334062592.0,-1.2866493463516235
6335000064.0,-1.2920435667037964
6335937536.0,-1.2965601682662964
6336875008.0,-1.2996575832366943
6337812480.0,-1.3026115894317627
6338749952.0,-1.303444266319275
6339687424.0,-1.3044681549072266
6340624896.0,-1.3036439418792725
6341562368.0,-1.300042986869812
6342499840.0,-1.294844388961792
6343437312.0,-1.2856756448745728
6344374784.0,-1.2738581895828247
6345312256.0,-1.261313557624817
6346250240.0,-1.2464265823364258
6347187712.0,-1.2331657409667969
6348125184.0,-1.2191673517227173
6349062656.0,-1.2051801681518555
6350000128.0,-1.1912890672683716
6350937600.0,-1.176263451576233
6351875072.0,-1.162267804145813
6352812544.0,-1.1480629444122314
6353750016.0,-1.134948492050171
6354687488.0,-1.1217340230941772
6355624960.0,-1.1079829931259155
6356562432.0,-1.0962625741958618
6357499904.0,-1.0849189758300781
6358437376.0,-1.0734754800796509
6359374848.0,-1.0621455907821655
6360312320.0,-1.0524026155471802
6361249792.0,-1.0427095890045166
6362187264.0,-1.0344407558441162
6363125248.0,-1.0272706747055054
6364062720.0,-1.0223840475082397
6365000192.0,-1.3792794942855835
6365937664.0,-1.3918558359146118
6366875136.0,-1.4055712223052979
6367812608.0,-1.419064998626709
6368750080.0,-1.4330589771270752
6369687552.0,-1.44677734375
6370625024.0,-1.4621094465255737
6371562496.0,-1.4778960943222046
6372499968.0,-1.4936397075653076
6373437440.0,-1.508406400680542
6374374912.0,-1.5232454538345337
6375312384.0,-1.5359416007995605
6376249856.0,-1.5469681024551392
6377187328.0,-1.556650996208191
6378124800.0,-1.5637145042419434
6379062272.0,-1.569900393486023
6380000256.0,-1.575189232826233
6380937728.0,-1.578421711921692
6381875200.0,-1.5810580253601074
6382812672.0,-1.583479404449463
6383750144.0,-1.586293339729309
6384687616.0,-1.588289499282837
6385625088.0,-1.5895904302597046
6386562560.0,-1.5885555744171143
6387500032.0,-1.58707857131958
6388437504.0,-1.5849794149398804
6389374976.0,-1.5802003145217896
6390312448.0,-1.5756171941757202
6391249920.0,-1.5705071687698364
6392187392.0,-1.5645487308502197
6393124864.0,-1.5583631992340088
6394062336.0,-1.5520000457763672
6394999808.0,-1.5440051555633545
6395937280.0,-1.5350074768066406
6396874752.0,-1.526389479637146
6397812736.0,-1.5168263912200928
6398750208.0,-1.5081214904785156
6399687680.0,-1.5004706382751465
6400625152.0,-1.491086483001709
6401562624.0,-1.4836616516113281
6402500096.0,-1.4760791063308716
6403437568.0,-1.4689220190048218
6404375040.0,-1.4638580083847046
6405312512.0,-1.4602206945419312
6406249984.0,-1.460263729095459
6407187456.0,-1.461010217666626
6408124928.0,-1.465693712234497
6409062400.0,-1.472955584526062
6409999872.0,-1.4801231622695923
6410937344.0,-1.489925742149353
6411874816.0,-1.5028904676437378
6412812288.0,-1.516423225402832
6413749760.0,-1.5322182178497314
6414687744.0,-1.5479028224945068
6415625216.0,-1.566663384437561
6416562688.0,-1.586012840270996
6417500160.0,-1.607862114906311
6418437632.0,-1.6320198774337769
6419375104.0,-1.6564722061157227
6420312576.0,-1.6802037954330444
6421250048.0,-1.7048488855361938
6422187520.0,-1.7285186052322388
6423124992.0,-1.7547320127487183
6424062464.0,-1.78227961063385
6424999936.0,-1.8131961822509766
6425937408.0,-1.840936541557312
6426874880.0,-1.8700957298278809
6427812352.0,-1.897499918937683
6428749824.0,-1.9249917268753052
6429687296.0,-1.9517040252685547
6430624768.0,-1.9803978204727173
6431562752.0,-2.009730100631714
6432500224.0,-2.0397281646728516
6433437696.0,-2.0713424682617188
6434375168.0,-2.101868152618408
6435312640.0,-2.131455898284912
6436250112.0,-2.1607518196105957
6437187584.0,-2.189141273498535
6438125056.0,-2.215392589569092
6439062528.0,-2.237762928009033
6440000000.0,-2.260615825653076
6440937472.0,-2.281287431716919
6441874944.0,-2.300968647003174
6442812416.0,-2.3158769607543945
6443749888.0,-2.332306385040283
6444687360.0,-2.3453195095062256
6445624832.0,-2.3564093112945557
6446562304.0,-2.3669018745422363
6447499776.0,-2.3758018016815186
6448437248.0,-2.382460832595825
6449375232.0,-2.387943983078003
6450312704.0,-2.392864227294922
6451250176.0,-2.3953773975372314
6452187648.0,-2.3984079360961914
6453125120.0,-2.4001100063323975
6454062592.0,-2.3998184204101562
6455000064.0,-2.3993477821350098
6455937536.0,-2.3960230350494385
6456875008.0,-2.3927040100097656
6457812480.0,-2.390176773071289
6458749952.0,-2.3873486518859863
6459687424.0,-2.3860344886779785
6460624896.0,-2.3845367431640625
6461562368.0,-2.3838624954223633
6462499840.0,-2.381924867630005
6463437312.0,-2.3803391456604004
6464374784.0,-2.3795526027679443
6465312256.0,-2.379887104034424
6466250240.0,-2.3797731399536133
6467187712.0,-2.381343126296997
6468125184.0,-2.3836796283721924
6469062656.0,-2.3868260383605957
6470000128.0,-2.3917980194091797
6470937600.0,-2.398423194885254
6471875072.0,-2.407998561859131
6472812544.0,-2.4175796508789062
6473750016.0,-2.4301483631134033
6474687488.0,-2.4447102546691895
6475624960.0,-2.4615285396575928
6476562432.0,-2.4803686141967773
6477499904.0,-2.5009124279022217
6478437376.0,-2.5214765071868896
6479374848.0,-2.5438780784606934
6480312320.0,-2.5692014694213867
6481249792.0,-2.5955724716186523
6482187264.0,-2.6237752437591553
6483125248.0,-2.652728319168091
6484062720.0,-2.6833770275115967
6485000192.0,-2.784116506576538
6485937664.0,-2.807032346725464
6486875136.0,-2.8285200595855713
6487812608.0,-2.8528895378112793
6488750080.0,-2.8753488063812256
6489687552.0,-2.8992178440093994
6490625024.0,-2.923945426940918
6491562496.0,-2.9486169815063477
6492499968.0,-2.974518299102783
6493437440.0,-3.002235174179077
6494374912.0,-3.0321552753448486
6495312384.0,-3.061739206314087
6496249856.0,-3.092620611190796
6497187328.0,-3.1235015392303467
6498124800.0,-3.153778553009033
6499062272.0,-3.1856958866119385
6499999744.0,-3.215087413787842
6500937728.0,-3.245145082473755
6501875200.0,-3.2722725868225098
6502812672.0,-3.297528028488159
6503750144.0,-3.3227927684783936
6504687616.0,-3.3468353748321533
6505625088.0,-3.369633913040161
6506562560.0,-3.3911690711975098
6507500032.0,-3.4130942821502686
6508437504.0,-3.4337825775146484
6509374976.0,-3.4590094089508057
6510312448.0,-3.4844329357147217
6511249920.0,-3.5114147663116455
6512187392.0,-3.5413646697998047
6513124864.0,-3.572857141494751
6514062336.0,-3.6061887741088867
6514999808.0,-3.6402666568756104
6515937280.0,-3.6772866249084473
6516874752.0,-3.7139761447906494
6517812736.0,-3.753621816635132
6518750208.0,-3.7903828620910645
6519687680.0,-3.828362464904785
6520625152.0,-3.8649234771728516
6521562624.0,-3.900953769683838
6522500096.0,-3.935424566268921
6523437568.0,-3.9700658321380615
6524375040.0,-4.0060811042785645
6525312512.0,-4.0428385734558105
6526249984.0,-4.081577777862549
6527187456.0,-4.123988151550293
6528124928.0,-4.166492938995361
6529062400.0,-4.209524631500244
6529999872.0,-4.252612590789795
6530937344.0,-4.2953290939331055
6531874816.0,-4.337223529815674
6532812288.0,-4.375483989715576
6533749760.0,-4.417847156524658
6534687744.0,-4.462172985076904
6535625216.0,-4.508493900299072
6536562688.0,-4.5557026863098145
6537500160.0,-4.605523109436035
6538437632.0,-4.654293537139893
6539375104.0,-4.702563285827637
6540312576.0,-4.750451564788818
6541250048.0,-4.798339366912842
6542187520.0,-4.846700191497803
6543124992.0,-4.891847610473633
6544062464.0,-4.938178062438965
6544999936.0,-4.977492809295654
6545937408.0,-5.027191638946533
6546874880.0,-5.077032089233398
6547812352.0,-5.125990867614746
6548749824.0,-5.173220157623291
6549687296.0,-5.217920303344727
6550624768.0,-5.261595726013184
6551562752.0,-5.304292678833008
6552500224.0,-5.350409984588623
6553437696.0,-5.39447546005249
6554375168.0,-5.4376220703125
6555312640.0,-5.482553482055664
6556250112.0,-5.5284833908081055
6557187584.0,-5.577465534210205
6558125056.0,-5.625382900238037
6559062528.0,-5.676990032196045
6560000000.0,-5.731074810028076
6560937472.0,-5.786633014678955
6561874944.0,-5.844531059265137
6562812416.0,-5.907689571380615
6563749888.0,-5.970932960510254
6564687360.0,-6.033819675445557
6565624832.0,-6.094080924987793
6566562304.0,-6.152102470397949
6567499776.0,-6.2098388671875
6568437248.0,-6.267087936401367
6569375232.0,-6.329619884490967
6570312704.0,-6.395084381103516
6571250176.0,-6.463528633117676
6572187648.0,-6.534299850463867
6573125120.0,-6.607129096984863
6574062592.0,-6.680732250213623
6575000064.0,-6.753384590148926
6575937536.0,-6.824493885040283
6576875008.0,-6.9011945724487305
6577812480.0,-6.984609127044678
6578749952.0,-7.071885108947754
6579687424.0,-7.165225982666016
6580624896.0,-7.262163162231445
6581562368.0,-7.359783172607422
6582499840.0,-7.461040496826172
6583437312.0,-7.5558881759643555
6584374784.0,-7.65684175491333
6585312256.0,-7.75200891494751
6586250240.0,-7.847023010253906
6587187712.0,-7.937196731567383
6588125184.0,-8.026777267456055
6589062656.0,-8.116605758666992
6590000128.0,-8.207311630249023
6590937600.0,-8.300606727600098
6591875072.0,-8.397912979125977
6592812544.0,-8.499547004699707
6593750016.0,-8.600950241088867
6594687488.0,-8.699935913085938
6595624960.0,-8.803838729858398
6596562432.0,-8.911412239074707
6597499904.0,-9.021500587463379
6598437376.0,-9.134937286376953
6599374848.0,-9.251564979553223
6600312320.0,-9.370518684387207
6601249792.0,-9.491803169250488
6602187264.0,-9.611812591552734
6603125248.0,-9.729217529296875
6604062720.0,-9.843273162841797
6605000192.0,-9.947006225585938
6605937664.0,-10.049921989440918
6606875136.0,-10.148819923400879
6607812608.0,-10.243443489074707
6608750080.0,-10.332563400268555
6609687552.0,-10.425339698791504
6610625024.0,-10.513697624206543
6611562496.0,-10.603845596313477
6612499968.0,-10.689472198486328
6613437440.0,-10.770514488220215
6614374912.0,-10.845046997070312
6615312384.0,-10.913713455200195
6616249856.0,-10.9778470993042
6617187328.0,-11.043312072753906
6618124800.0,-11.105470657348633
6619062272.0,-11.17704963684082
6620000256.0,-11.246355056762695
6620937728.0,-11.314159393310547
6621875200.0,-11.379817962646484
6622812672.0,-11.439659118652344
6623750144.0,-11.49237060546875
6624687616.0,-11.536776542663574
6625625088.0,-11.576455116271973
6626562560.0,-11.608318328857422
6627500032.0,-11.63448715209961
6628437504.0,-11.649861335754395
6629374976.0,-11.653130531311035
6630312448.0,-11.647583961486816
6631249920.0,-11.634076118469238
6632187392.0,-11.625819206237793
6633124864.0,-11.62014102935791
6634062336.0,-11.619889259338379
6634999808.0,-11.622809410095215
6635937280.0,-11.620627403259277
6636874752.0,-11.61749267578125
6637812736.0,-11.610309600830078
6638750208.0,-11.597383499145508
6639687680.0,-11.573322296142578
6640625152.0,-11.543471336364746
6641562624.0,-11.500658988952637
6642500096.0,-11.450403213500977
6643437568.0,-11.393972396850586
6644375040.0,-11.334090232849121
6645312512.0,-11.270048141479492
6646249984.0,-11.199230194091797
6647187456.0,-11.134415626525879
6648124928.0,-11.064619064331055
6649062400.0,-10.992337226867676
6649999872.0,-10.919241905212402
6650937344.0,-10.836552619934082
6651874816.0,-10.752687454223633
6652812288.0,-10.665874481201172
6653749760.0,-10.58240032196045
6654687744.0,-10.493268013000488
6655625216.0,-10.405245780944824
6656562688.0,-10.311270713806152
6657500160.0,-10.21053695678711
6658437632.0,-10.100968360900879
6659375104.0,-9.9871244430542
6660312576.0,-9.868978500366211
6661250048.0,-9.746552467346191
6662187520.0,-9.630111694335938
6663124992.0,-9.513923645019531
6664062464.0,-9.402545928955078
6664999936.0,-9.275614738464355
6665937408.0,-9.173091888427734
6666874880.0,-9.06865406036377
6667812352.0,-8.96778678894043
6668749824.0,-8.867902755737305
6669687296.0,-8.765486717224121
6670624768.0,-8.668951034545898
6671562752.0,-8.568509101867676
6672500224.0,-8.465686798095703
6673437696.0,-8.36217975616455
6674375168.0,-8.256559371948242
6675312640.0,-8.153365135192871
6676250112.0,-8.050820350646973
6677187584.0,-7.939348220825195
6678125056.0,-7.833463191986084
6679062528.0,-7.727548599243164
6680000000.0,-7.62477445602417
6680937472.0,-7.527993202209473
6681874944.0,-7.4367475509643555
6682812416.0,-7.35094690322876
6683749888.0,-7.2713189125061035
6684687360.0,-7.193978309631348
6685624832.0,-7.123156547546387
6686562304.0,-7.052712440490723
6687499776.0,-6.984476089477539
6688437248.0,-6.916275501251221
6689375232.0,-6.851382732391357
6690312704.0,-6.7874674797058105
6691250176.0,-6.726528167724609
6692187648.0,-6.665013790130615
6693125120.0,-6.6051459312438965
6694062592.0,-6.544583797454834
6695000064.0,-6.482918739318848
6695937536.0,-6.422316551208496
6696875008.0,-6.362326622009277
6697812480.0,-6.303463935852051
6698749952.0,-6.249831199645996
6699687424.0,-6.19525671005249
6700624896.0,-6.142547130584717
6701562368.0,-6.089406490325928
6702499840.0,-6.035206317901611
6703437312.0,-5.978689670562744
6704374784.0,-5.9207634925842285
6705312256.0,-5.86359977722168
6706250240.0,-5.809449672698975
6707187712.0,-5.756219387054443
6708125184.0,-5.703562259674072
6709062656.0,-5.649026393890381
6710000128.0,-5.592935562133789
6710937600.0,-5.534763336181641
6711875072.0,-5.475200176239014
6712812544.0,-5.418294429779053
6713750016.0,-5.359999656677246
6714687488.0,-5.300766468048096
6715624960.0,-5.240971088409424
6716562432.0,-5.178102493286133
6717499904.0,-5.116283893585205
6718437376.0,-5.0534749031066895
6719374848.0,-4.989421367645264
6720312320.0,-4.926482200622559
6721249792.0,-4.862644672393799
6722187264.0,-4.797323703765869
6723125248.0,-4.731525897979736
6724062720.0,-4.666036128997803
6725000192.0,-4.394297122955322
6725937664.0,-4.319561004638672
6726875136.0,-4.2460408210754395
6727812608.0,-4.176466464996338
6728750080.0,-4.107872486114502
6729687552.0,-4.0433526039123535
6730625024.0,-3.9798190593719482
6731562496.0,-3.920299768447876
6732499968.0,-3.861884355545044
6733437440.0,-3.806603193283081
6734374912.0,-3.755072593688965
6735312384.0,-3.7043581008911133
6736249856.0,-3.654258966445923
6737187328.0,-3.6065523624420166
6738124800.0,-3.559089422225952
6739062272.0,-3.5161969661712646
6739999744.0,-3.4748971462249756
6740937728.0,-3.4364218711853027
6741875200.0,-3.4022226333618164
6742812672.0,-3.3691396713256836
6743750144.0,-3.339172601699829
6744687616.0,-3.31030535697937
6745625088.0,-3.2836673259735107
6746562560.0,-3.2563421726226807
6747500032.0,-3.2318999767303467
6748437504.0,-3.207286834716797
6749374976.0,-3.18440842628479
6750312448.0,-3.161181926727295
6751249920.0,-3.1398305892944336
6752187392.0,-3.118556499481201
6753124864.0,-3.099834442138672
6754062336.0,-3.083357572555542
6754999808.0,-3.068499803543091
6755937280.0,-3.0550124645233154
6756874752.0,-3.0424413681030273
6757812736.0,-3.0269782543182373
6758750208.0,-3.0111732482910156
6759687680.0,-2.997091054916382
6760625152.0,-2.9814980030059814
6761562624.0,-2.9650561809539795
6762500096.0,-2.948218822479248
6763437568.0,-2.9301137924194336
6764375040.0,-2.9103097915649414
6765312512.0,-2.8890228271484375
6766249984.0,-2.866180658340454
6767187456.0,-2.8409297466278076
6768124928.0,-2.8150486946105957
6769062400.0,-2.7892439365386963
6769999872.0,-2.760749101638794
6770937344.0,-2.732478141784668
6771874816.0,-2.7010722160339355
6772812288.0,-2.6691856384277344
6773749760.0,-2.635734796524048
6774687744.0,-2.6006410121917725
6775625216.0,-2.565882444381714
6776562688.0,-2.530731678009033
6777500160.0,-2.4986960887908936
6778437632.0,-2.4703893661499023
6779375104.0,-2.4421966075897217
6780312576.0,-2.4129650592803955
6781250048.0,-2.383538007736206
6782187520.0,-2.3537111282348633
6783124992.0,-2.322432279586792
6784062464.0,-2.2935032844543457
6784999936.0,-2.267765760421753
6785937408.0,-2.2321245670318604
6786874880.0,-2.198051691055298
6787812352.0,-2.166309118270874
6788749824.0,-2.13602876663208
6789687296.0,-2.106635808944702
6790624768.0,-2.078462600708008
6791562752.0,-2.0517337322235107
6792500224.0,-2.0254688262939453
6793437696.0,-2.000669240951538
6794375168.0,-1.977504849433899
6795312640.0,-1.9557040929794312
6796250112.0,-1.934851884841919
6797187584.0,-1.9161314964294434
6798125056.0,-1.8987457752227783
6799062528.0,-1.881269097328186
6800000000.0,-1.8656920194625854
6800937472.0,-1.8511229753494263
6801874944.0,-1.8360166549682617
6802812416.0,-1.822536826133728
6803749888.0,-1.8104103803634644
6804687360.0,-1.7987005710601807
6805624832.0,-1.7883553504943848
6806562304.0,-1.778064250946045
6807499776.0,-1.7679858207702637
6808437248.0,-1.7574204206466675
6809375232.0,-1.7484840154647827
6810312704.0,-1.7368377447128296
6811250176.0,-1.7270411252975464
6812187648.0,-1.7152700424194336
6813125120.0,-1.7047414779663086
6814062592.0,-1.6927106380462646
6815000064.0,-1.6808406114578247
6815937536.0,-1.666932225227356
6816875008.0,-1.6536911725997925
6817812480.0,-1.6392427682876587
6818749952.0,-1.6254198551177979
6819687424.0,-1.6117266416549683
6820624896.0,-1.596459150314331
6821562368.0,-1.580198884010315
6822499840.0,-1.562506914138794
6823437312.0,-1.546050786972046
6824374784.0,-1.5264606475830078
6825312256.0,-1.507654070854187
6826250240.0,-1.486160159111023
6827187712.0,-1.4649848937988281
6828125184.0,-1.4424550533294678
6829062656.0,-1.4197758436203003
6830000128.0,-1.396384835243225
6830937600.0,-1.3730884790420532
6831875072.0,-1.349773645401001
6832812544.0,-1.3270756006240845
6833750016.0,-1.3034205436706543
6834687488.0,-1.2816169261932373
6835624960.0,-1.2588958740234375
6836562432.0,-1.2380239963531494
6837499904.0,-1.2157647609710693
6838437376.0,-1.1956554651260376
6839374848.0,-1.1766993999481201
6840312320.0,-1.1596686840057373
6841249792.0,-1.1424684524536133
6842187264.0,-1.1272189617156982
6843125248.0,-1.1141645908355713
6844062720.0,-1.1013567447662354
6845000192.0,-1.0640846490859985
6845937664.0,-1.0550774335861206
6846875136.0,-1.0458565950393677
6847812608.0,-1.0391879081726074
6848750080.0,-1.0325477123260498
6849687552.0,-1.0279556512832642
6850625024.0,-1.0241459608078003
6851562496.0,-1.0224502086639404
6852499968.0,-1.021063208580017
6853437440.0,-1.0222970247268677
6854374912.0,-1.0235495567321777
6855312384.0,-1.0247973203659058
6856249856.0,-1.0270789861679077
6857187328.0,-1.0300959348678589
6858124800.0,-1.0343965291976929
6859062272.0,-1.0411039590835571
6860000256.0,-1.0479031801223755
6860937728.0,-1.0568201541900635
6861875200.0,-1.0658735036849976
6862812672.0,-1.075851321220398
6863750144.0,-1.0866140127182007
6864687616.0,-1.0978782176971436
6865625088.0,-1.1095833778381348
6866562560.0,-1.1208597421646118
6867500032.0,-1.1326192617416382
6868437504.0,-1.1445024013519287
6869374976.0,-1.154874563217163
6870312448.0,-1.1647299528121948
6871249920.0,-1.1740045547485352
6872187392.0,-1.181749701499939
6873124864.0,-1.189047932624817
6874062336.0,-1.1940938234329224
6874999808.0,-1.1967440843582153
6875937280.0,-1.1983749866485596
6876874752.0,-1.198167324066162
6877812736.0,-1.1968169212341309
6878750208.0,-1.1923824548721313
6879687680.0,-1.185370922088623
6880625152.0,-1.174572467803955
6881562624.0,-1.161287546157837
6882500096.0,-1.147426962852478
6883437568.0,-1.130961298942566
6884375040.0,-1.1119444370269775
6885312512.0,-1.0926451683044434
6886249984.0,-1.0705879926681519
6887187456.0,-1.048471450805664
6888124928.0,-1.0243918895721436
6889062400.0,-0.9986344575881958
6889999872.0,-0.970875084400177
6890937344.0,-0.9432663321495056
6891874816.0,-0.9157722592353821
6892812288.0,-0.8872911930084229
6893749760.0,-0.8578707575798035
6894687744.0,-0.8275301456451416
6895625216.0,-0.7979497909545898
6896562688.0,-0.7667161226272583
6897500160.0,-0.7373232245445251
6898437632.0,-0.708673894405365
6899375104.0,-0.6792001128196716
6900312576.0,-0.6522721648216248
6901250048.0,-0.6251351237297058
6902187520.0,-0.5986025929450989
6903124992.0,-0.57344651222229
6904062464.0,-0.5489571690559387
6904999936.0,-0.5008631944656372
6905937408.0,-0.4948801100254059
6906874880.0,-0.4919340908527374
6907812352.0,-0.48917099833488464
6908749824.0,-0.48717620968818665
6909687296.0,-0.4875781536102295
6910624768.0,-0.48908400535583496
6911562752.0,-0.4902057349681854
6912500224.0,-0.4929353892803192
6913437696.0,-0.4967358410358429
6914375168.0,-0.5015814900398254
6915312640.0,-0.5070335865020752
6916250112.0,-0.5123497843742371
6917187584.0,-0.5180605053901672
6918125056.0,-0.5247429609298706
6919062528.0,-0.5321088433265686
6920000000.0,-0.5398057699203491
6920937472.0,-0.5474824905395508
6921874944.0,-0.5562657713890076
6922812416.0,-0.5641500949859619
6923749888.0,-0.572825014591217
6924687360.0,-0.5801535248756409
6925624832.0,-0.5882298350334167
6926562304.0,-0.5965980887413025
6927499776.0,-0.6042139530181885
6928437248.0,-0.6114252209663391
6929375232.0,-0.6185621619224548
6930312704.0,-0.6259717345237732
6931250176.0,-0.6360065340995789
6932187648.0,-0.6450645327568054
6933125120.0,-0.6533124446868896
6934062592.0,-0.6618209481239319
6935000064.0,-0.668302595615387
6935937536.0,-0.6754253506660461
6936875008.0,-0.6801532506942749
6937812480.0,-0.6847379207611084
6938749952.0,-0.6900029182434082
6939687424.0,-0.6927099823951721
6940624896.0,-0.6970496773719788
6941562368.0,-0.6991294026374817
6942499840.0,-0.7008276581764221
6943437312.0,-0.702020525932312
6944374784.0,-0.7017000913619995
6945312256.0,-0.7004977464675903
6946250240.0,-0.6986501216888428
6947187712.0,-0.6959276795387268
6948125184.0,-0.6918442249298096
6949062656.0,-0.68775475025177
6950000128.0,-0.6820306181907654
6950937600.0,-0.6751947999000549
6951875072.0,-0.6688336730003357
6952812544.0,-0.6599918603897095
6953750016.0,-0.6507585048675537
6954687488.0,-0.6399822235107422
6955624960.0,-0.6285768747329712
6956562432.0,-0.6176372766494751
6957499904.0,-0.6072884202003479
6958437376.0,-0.5959025621414185
6959374848.0,-0.5831055045127869
6960312320.0,-0.5696930885314941
6961249792.0,-0.5552874207496643
6962187264.0,-0.5411128401756287
6963125248.0,-0.525578498840332
6964062720.0,-0.5093623399734497
6965000192.0,-0.430303156375885
6965937664.0,-0.4212974011898041
6966875136.0,-0.41254541277885437
6967812608.0,-0.40397462248802185
6968750080.0,-0.3945658802986145
6969687552.0,-0.3865537643432617
6970625024.0,-0.3788565397262573
6971562496.0,-0.3708846867084503
6972499968.0,-0.36415719985961914
6973437440.0,-0.35701584815979004
6974374912.0,-0.35195574164390564
6975312384.0,-0.3473888337612152
6976249856.0,-0.3430401384830475
6977187328.0,-0.33957210183143616
6978124800.0,-0.33759385347366333
6979062272.0,-0.3372378349304199
6979999744.0,-0.3363281488418579
6980937728.0,-0.33667004108428955
6981875200.0,-0.3374207019805908
6982812672.0,-0.33904433250427246
6983750144.0,-0.34135010838508606
6984687616.0,-0.344339519739151
6985625088.0,-0.3492259383201599
6986562560.0,-0.3552907705307007
6987500032.0,-0.36293813586235046
6988437504.0,-0.37002450227737427
6989374976.0,-0.3804960250854492
6990312448.0,-0.3902878165245056
6991249920.0,-0.4015100598335266
6992187392.0,-0.4134606719017029
6993124864.0,-0.4258997142314911
6994062336.0,-0.4382431209087372
6994999808.0,-0.4504685699939728
6995937280.0,-0.4630865752696991
6996874752.0,-0.47520890831947327
6997812736.0,-0.48784035444259644
6998750208.0,-0.5007410645484924
6999687680.0,-0.5124127864837646
7000625152.0,-0.5232151746749878
7001562624.0,-0.5343132019042969
7002500096.0,-0.5438390970230103
7003437568.0,-0.5519521236419678
7004375040.0,-0.5600608587265015
7005312512.0,-0.5650395750999451
7006249984.0,-0.569551944732666
7007187456.0,-0.5731129050254822
7008124928.0,-0.5744177103042603
7009062400.0,-0.5748819708824158
7009999872.0,-0.5735377669334412
7010937344.0,-0.5719487071037292
7011874816.0,-0.5675907731056213
7012812288.0,-0.564341127872467
7013749760.0,-0.5580255389213562
7014687744.0,-0.5512170791625977
7015625216.0,-0.5438055992126465
7016562688.0,-0.5361108779907227
7017500160.0,-0.5268754959106445
7018437632.0,-0.5188527703285217
7019375104.0,-0.5092229843139648
7020312576.0,-0.500296950340271
7021250048.0,-0.49152687191963196
7022187520.0,-0.48161178827285767
7023124992.0,-0.4734672009944916
7024062464.0,-0.46513310074806213
7024999936.0,-0.43802762031555176
7025937408.0,-0.42903468012809753
7026874880.0,-0.4213283061981201
7027812352.0,-0.41509974002838135
7028749824.0,-0.40895339846611023
7029687296.0,-0.40458086133003235
7030624768.0,-0.3993907570838928
7031562752.0,-0.39838990569114685
7032500224.0,-0.39845919609069824
7033437696.0,-0.39855968952178955
7034375168.0,-0.4003174901008606
7035312640.0,-0.4049499034881592
7036250112.0,-0.4101002812385559
7037187584.0,-0.41684263944625854
7038125056.0,-0.4242691099643707
7039062528.0,-0.4328795373439789
7040000000.0,-0.44217827916145325
7040937472.0,-0.4522664546966553
7041874944.0,-0.4622088074684143
7042812416.0,-0.47239917516708374
7043749888.0,-0.48293256759643555
7044687360.0,-0.4926656484603882
7045624832.0,-0.5014880895614624
7046562304.0,-0.5096794366836548
7047499776.0,-0.516786515712738
7048437248.0,-0.5236079096794128
7049375232.0,-0.5282765030860901
7050312704.0,-0.531936526298523
7051250176.0,-0.532627284526825
7052187648.0,-0.5330771803855896
7053125120.0,-0.5311926007270813
7054062592.0,-0.5287094712257385
7055000064.0,-0.5224862694740295
7055937536.0,-0.5159685015678406
7056875008.0,-0.5067188143730164
7057812480.0,-0.49519553780555725
7058749952.0,-0.48096704483032227
7059687424.0,-0.4643714427947998
7060624896.0,-0.44764307141304016
7061562368.0,-0.42876797914505005
7062499840.0,-0.40929388999938965
7063437312.0,-0.38891613483428955
7064374784.0,-0.3685136139392853
7065312256.0,-0.34787997603416443
7066250240.0,-0.3260861337184906
7067187712.0,-0.30513763427734375
7068125184.0,-0.28478094935417175
7069062656.0,-0.26373380422592163
7070000128.0,-0.24263863265514374
7070937600.0,-0.22370657324790955
7071875072.0,-0.20574946701526642
7072812544.0,-0.18874290585517883
7073750016.0,-0.17267277836799622
7074687488.0,-0.15804839134216309
7075624960.0,-0.1469428986310959
7076562432.0,-0.1360228955745697
7077499904.0,-0.12706248462200165
7078437376.0,-0.1206013634800911
7079374848.0,-0.11616163700819016
7080312320.0,-0.1132686510682106
7081249792.0,-0.11426573991775513
7082187264.0,-0.11732643842697144
7083125248.0,-0.12171407043933868
7084062720.0,-0.12710361182689667
7085000192.0,-0.27862125635147095
7085937664.0,-0.2879483103752136
7086875136.0,-0.2998996078968048
7087812608.0,-0.31342771649360657
7088750080.0,-0.3288740813732147
7089687552.0,-0.34620988368988037
7090625024.0,-0.3661685585975647
7091562496.0,-0.38708198070526123
7092499968.0,-0.41087567806243896
7093437440.0,-0.4363531768321991
7094374912.0,-0.46312621235847473
7095312384.0,-0.4921298325061798
7096249856.0,-0.5220944285392761
7097187328.0,-0.5544569492340088
7098124800.0,-0.58741694688797
7099062272.0,-0.6210162043571472
7100000256.0,-0.6549822092056274
7100937728.0,-0.6899992227554321
7101875200.0,-0.7234014868736267
7102812672.0,-0.7561550140380859
7103750144.0,-0.7877197265625
7104687616.0,-0.8176321387290955
7105625088.0,-0.8458572626113892
7106562560.0,-0.871465802192688
7107500032.0,-0.8937221765518188
7108437504.0,-0.9129747152328491
7109374976.0,-0.9289939403533936
7110312448.0,-0.9411903619766235
7111249920.0,-0.9500365257263184
7112187392.0,-0.9544482231140137
7113124864.0,-0.9552551507949829
7114062336.0,-0.9515410661697388
7114999808.0,-0.9428452849388123
7115937280.0,-0.9316434860229492
7116874752.0,-0.9162723422050476
7117812736.0,-0.8974232077598572
7118750208.0,-0.8750354051589966
7119687680.0,-0.8490922451019287
7120625152.0,-0.8218139410018921
7121562624.0,-0.790927529335022
7122500096.0,-0.7588319182395935
7123437568.0,-0.725074827671051
7124375040.0,-0.6896829605102539
7125312512.0,-0.654723584651947
7126249984.0,-0.6173735857009888
7127187456.0,-0.5812850594520569
7128124928.0,-0.5445846915245056
7129062400.0,-0.5081760883331299
7129999872.0,-0.4727460741996765
7130937344.0,-0.4391445815563202
7131874816.0,-0.4061814248561859
7132812288.0,-0.3744121193885803
7133749760.0,-0.3441164195537567
7134687744.0,-0.31551265716552734
7135625216.0,-0.28976619243621826
7136562688.0,-0.26532962918281555
7137500160.0,-0.2422136664390564
7138437632.0,-0.22143499553203583
7139375104.0,-0.2028520703315735
7140312576.0,-0.18614012002944946
7141250048.0,-0.17096242308616638
7142187520.0,-0.1571657508611679
7143124992.0,-0.14576373994350433
7144062464.0,-0.22776636481285095
7144999936.0,-0.22656705975532532
7145937408.0,-0.22672195732593536
7146874880.0,-0.2272140085697174
7147812352.0,-0.2284865826368332
7148749824.0,-0.22945690155029297
7149687296.0,-0.23194433748722076
7150624768.0,-0.23579011857509613
7151562752.0,-0.23993760347366333
7152500224.0,-0.24749861657619476
7153437696.0,-0.25465643405914307
7154375168.0,-0.2652978301048279
7155312640.0,-0.27774274349212646
7156250112.0,-0.29329630732536316
7157187584.0,-0.3107283413410187
7158125056.0,-0.3313480317592621
7159062528.0,-0.356135755777359
7160000000.0,-0.3810385465621948
7160937472.0,-0.40880370140075684
7161874944.0,-0.43303072452545166
7162812416.0,-0.4548209607601166
7163749888.0,-0.4718731641769409
7164687360.0,-0.4874613285064697
7165624832.0,-0.49885034561157227
7166562304.0,-0.5085405707359314
7167499776.0,-0.51506108045578
7168437248.0,-0.5201566815376282
7169375232.0,-0.5244001746177673
7170312704.0,-0.5264386534690857
7171250176.0,-0.530070960521698
7172187648.0,-0.5324156880378723
7173125120.0,-0.537571132183075
7174062592.0,-0.5434145927429199
7175000064.0,-0.5498630404472351
7175937536.0,-0.5610904693603516
7176875008.0,-0.5728306174278259
7177812480.0,-0.5876694321632385
7178749952.0,-0.6052813529968262
7179687424.0,-0.6219983696937561
7180624896.0,-0.6435222029685974
7181562368.0,-0.6643072962760925
7182499840.0,-0.6860230565071106
7183437312.0,-0.7089917659759521
7184374784.0,-0.729901134967804
7185312256.0,-0.7491220831871033
7186250240.0,-0.7673411965370178
7187187712.0,-0.7830520272254944
7188125184.0,-0.7948518991470337
7189062656.0,-0.8038836717605591
7190000128.0,-0.8089184761047363
7190937600.0,-0.8108908534049988
7191875072.0,-0.8081124424934387
7192812544.0,-0.8020641803741455
7193750016.0,-0.7912991046905518
7194687488.0,-0.7772584557533264
7195624960.0,-0.7603373527526855
7196562432.0,-0.7409114241600037
7197499904.0,-0.7181525230407715
7198437376.0,-0.6933091282844543
7199374848.0,-0.6671226024627686
7200312320.0,-0.640275776386261
7201249792.0,-0.6145643591880798
7202187264.0,-0.5873534679412842
7203125248.0,-0.5618670582771301
7204062720.0,-0.6804243922233582
7205000192.0,-0.6698349714279175
7205937664.0,-0.662825345993042
7206875136.0,-0.6573733687400818
7207812608.0,-0.6513554453849792
7208750080.0,-0.6503690481185913
7209687552.0,-0.651827871799469
7210625024.0,-0.6560950875282288
7211562496.0,-0.6639835834503174
7212499968.0,-0.6760650873184204
7213437440.0,-0.6908076405525208
7214374912.0,-0.7067404985427856
7215312384.0,-0.7227088809013367
7216249856.0,-0.743647038936615
7217187328.0,-0.761737048625946
7218124800.0,-0.7833396196365356
7219062272.0,-0.8019230961799622
7219999744.0,-0.8225369453430176
7220937728.0,-0.8429766297340393
7221875200.0,-0.861875593662262
7222812672.0,-0.8805783987045288
7223750144.0,-0.8969888687133789
7224687616.0,-0.9132452011108398
7225625088.0,-0.9259090423583984
7226562560.0,-0.9390918016433716
7227500032.0,-0.9486912488937378
7228437504.0,-0.956037700176239
7229374976.0,-0.9611610174179077
7230312448.0,-0.9661037921905518
7231249920.0,-0.9671181440353394
7232187392.0,-0.9678866863250732
7233124864.0,-0.9670241475105286
7234062336.0,-0.9644968509674072
7234999808.0,-0.9602974057197571
7235937280.0,-0.9542632699012756
7236874752.0,-0.9504256248474121
7237812736.0,-0.9453068375587463
7238750208.0,-0.9383452534675598
7239687680.0,-0.9322394728660583
7240625152.0,-0.9270217418670654
7241562624.0,-0.9208877682685852
7242500096.0,-0.9163586497306824
7243437568.0,-0.912362277507782
7244375040.0,-0.9101645946502686
7245312512.0,-0.9101810455322266
7246249984.0,-0.9114839434623718
7247187456.0,-0.9144833087921143
7248124928.0,-0.918741762638092
7249062400.0,-0.9243444204330444
7249999872.0,-0.9320535659790039
7250937344.0,-0.9422121644020081
7251874816.0,-0.952789843082428
7252812288.0,-0.9653775095939636
7253749760.0,-0.9786383509635925
7254687744.0,-0.9938798546791077
7255625216.0,-1.007917881011963
7256562688.0,-1.024085283279419
7257500160.0,-1.0408767461776733
7258437632.0,-1.0566449165344238
7259375104.0,-1.0733368396759033
7260312576.0,-1.0903326272964478
7261250048.0,-1.105440378189087
7262187520.0,-1.120375156402588
7263124992.0,-1.1349154710769653
7264062464.0,-1.1627525091171265
7264999936.0,-1.17777419090271
7265937408.0,-1.1909617185592651
7266874880.0,-1.2063978910446167
7267812352.0,-1.2205214500427246
7268749824.0,-1.234498143196106
7269687296.0,-1.2475688457489014
7270624768.0,-1.2608232498168945
7271562752.0,-1.273605465888977
7272500224.0,-1.2853667736053467
7273437696.0,-1.2973198890686035
7274375168.0,-1.3065613508224487
7275312640.0,-1.314987301826477
7276250112.0,-1.3218892812728882
7277187584.0,-1.3254002332687378
7278125056.0,-1.327157974243164
7279062528.0,-1.3263188600540161
7280000000.0,-1.322634220123291
7280937472.0,-1.3167383670806885
7281874944.0,-1.3094148635864258
7282812416.0,-1.2986884117126465
7283749888.0,-1.285345196723938
7284687360.0,-1.2699438333511353
7285624832.0,-1.252530813217163
7286562304.0,-1.2325552701950073
7287499776.0,-1.2111849784851074
7288437248.0,-1.1895689964294434
7289375232.0,-1.1629844903945923
7290312704.0,-1.136942744255066
7291250176.0,-1.108805775642395
7292187648.0,-1.078932285308838
7293125120.0,-1.0477006435394287
7294062592.0,-1.015234351158142
7295000064.0,-0.9824556112289429
7295937536.0,-0.9476941823959351
7296875008.0,-0.9125709533691406
7297812480.0,-0.876922070980072
7298749952.0,-0.840069591999054
7299687424.0,-0.8052545785903931
7300624896.0,-0.769629716873169
7301562368.0,-0.7343254089355469
7302499840.0,-0.6986158490180969
7303437312.0,-0.6635422110557556
7304374784.0,-0.6292317509651184
7305312256.0,-0.5957043766975403
7306250240.0,-0.5624192953109741
7307187712.0,-0.5293564796447754
7308125184.0,-0.49875032901763916
7309062656.0,-0.4691762626171112
7310000128.0,-0.4394892752170563
7310937600.0,-0.4112399220466614
7311875072.0,-0.3846609890460968
7312812544.0,-0.3612833321094513
7313750016.0,-0.34023359417915344
7314687488.0,-0.3217630684375763
7315624960.0,-0.3042060136795044
7316562432.0,-0.28970304131507874
7317499904.0,-0.27533847093582153
7318437376.0,-0.2630786895751953
7319374848.0,-0.25223639607429504
7320312320.0,-0.24375700950622559
7321249792.0,-0.2358289510011673
7322187264.0,-0.2322336882352829
7323125248.0,-0.2294374704360962
7324062720.0,-0.3910006284713745
7325000192.0,-0.38863077759742737
7325937664.0,-0.3865506052970886
7326875136.0,-0.3863042891025543
7327812608.0,-0.3877767324447632
7328750080.0,-0.39160096645355225
7329687552.0,-0.39582952857017517
7330625024.0,-0.40295514464378357
7331562496.0,-0.4109335243701935
7332499968.0,-0.4194846451282501
7333437440.0,-0.4297674596309662
7334374912.0,-0.43943795561790466
7335312384.0,-0.4505877196788788
7336249856.0,-0.46204957365989685
7337187328.0,-0.47370240092277527
7338124800.0,-0.48602724075317383
7339062272.0,-0.49664533138275146
7340000256.0,-0.5065444111824036
7340937728.0,-0.516028881072998
7341875200.0,-0.5230500102043152
7342812672.0,-0.5307920575141907
7343750144.0,-0.5380054712295532
7344687616.0,-0.5424658060073853
7345625088.0,-0.5477356910705566
7346562560.0,-0.5511419773101807
7347500032.0,-0.5532263517379761
7348437504.0,-0.5531260371208191
7349374976.0,-0.5527950525283813
7350312448.0,-0.5498766899108887
7351249920.0,-0.5456810593605042
7352187392.0,-0.5395569801330566
7353124864.0,-0.5332932472229004
7354062336.0,-0.5245424509048462
7354999808.0,-0.5151591300964355
7355937280.0,-0.5044351816177368
7356874752.0,-0.4945659041404724
7357812736.0,-0.4817666709423065
7358750208.0,-0.4696687161922455
7359687680.0,-0.45823749899864197
7360625152.0,-0.44453758001327515
7361562624.0,-0.4310013949871063
7362500096.0,-0.4178936779499054
7363437568.0,-0.4037269949913025
7364375040.0,-0.3861807882785797
7365312512.0,-0.3679792284965515
7366249984.0,-0.3491934537887573
7367187456.0,-0.33096057176589966
7368124928.0,-0.31282839179039
7369062400.0,-0.2945578396320343
7369999872.0,-0.2758026719093323
7370937344.0,-0.2568584382534027
7371874816.0,-0.2392924427986145
7372812288.0,-0.21928274631500244
7373749760.0,-0.20003312826156616
7374687744.0,-0.18198655545711517
7375625216.0,-0.16074830293655396
7376562688.0,-0.14118969440460205
7377500160.0,-0.1192593201994896
7378437632.0,-0.09926827996969223
7379375104.0,-0.07704764604568481
7380312576.0,-0.05575815215706825
7381250048.0,-0.03295448422431946
7382187520.0,-0.010841328650712967
7383124992.0,0.012398754246532917
7384062464.0,0.033041905611753464
7384999936.0,0.04031019285321236
7385937408.0,0.04710238426923752
7386874880.0,0.053730789572000504
7387812352.0,0.06066088378429413
7388749824.0,0.06562832742929459
7389687296.0,0.07186315208673477
7390624768.0,0.07772332429885864
7391562752.0,0.0831810012459755
7392500224.0,0.08893542736768723
7393437696.0,0.09321403503417969
7394375168.0,0.09810543060302734
7395312640.0,0.10506994277238846
7396250112.0,0.11074012517929077
7397187584.0,0.11804090440273285
7398125056.0,0.12474460154771805
7399062528.0,0.13142578303813934
7400000000.0,0.13986502587795258
7400937472.0,0.1473374366760254
7401874944.0,0.15600964426994324
7402812416.0,0.16245830059051514
7403749888.0,0.17080818116664886
7404687360.0,0.17779959738254547
7405624832.0,0.18370722234249115
7406562304.0,0.18896330893039703
7407499776.0,0.19272035360336304
7408437248.0,0.19450139999389648
7409375232.0,0.19365501403808594
7410312704.0,0.1919502168893814
7411250176.0,0.1871231496334076
7412187648.0,0.18092229962348938
7413125120.0,0.170441672205925
7414062592.0,0.15772154927253723
7415000064.0,0.1426473706960678
7415937536.0,0.12520438432693481
7416875008.0,0.10690609365701675
7417812480.0,0.08523216098546982
7418749952.0,0.0614025741815567
7419687424.0,0.03831636160612106
7420624896.0,0.012712815776467323
7421562368.0,-0.012750388123095036
7422499840.0,-0.03890145570039749
7423437312.0,-0.06433988362550735
7424374784.0,-0.08903710544109344
7425312256.0,-0.11406706273555756
7426250240.0,-0.1384660005569458
7427187712.0,-0.16078726947307587
7428125184.0,-0.18276184797286987
7429062656.0,-0.2022370845079422
7430000128.0,-0.22190642356872559
7430937600.0,-0.2395934760570526
7431875072.0,-0.2555508315563202
7432812544.0,-0.26974090933799744
7433750016.0,-0.2827288508415222
7434687488.0,-0.29547545313835144
7435624960.0,-0.30691441893577576
7436562432.0,-0.3157791495323181
7437499904.0,-0.3244211971759796
7438437376.0,-0.3329782485961914
7439374848.0,-0.33927422761917114
7440312320.0,-0.3432156443595886
7441249792.0,-0.3462377190589905
7442187264.0,-0.3481985032558441
7443125248.0,-0.34969183802604675
7444062720.0,-0.14432109892368317
7445000192.0,-0.12651127576828003
7445937664.0,-0.1094287782907486
7446875136.0,-0.09539710730314255
7447812608.0,-0.08479168266057968
7448750080.0,-0.07571754604578018
7449687552.0,-0.06871334463357925
7450625024.0,-0.0624740906059742
7451562496.0,-0.058345895260572433
7452499968.0,-0.05509773641824722
7453437440.0,-0.05227205529808998
7454374912.0,-0.050185348838567734
7455312384.0,-0.04948480799794197
7456249856.0,-0.0469401516020298
7457187328.0,-0.04422120749950409
7458124800.0,-0.04200594127178192
7459062272.0,-0.03693128749728203
7459999744.0,-0.032632458955049515
7460937728.0,-0.026659009978175163
7461875200.0,-0.01992669515311718
7462812672.0,-0.011358730494976044
7463750144.0,-0.0030202444177120924
7464687616.0,0.0068761627189815044
7465625088.0,0.01854870095849037
7466562560.0,0.029677752405405045
7467500032.0,0.04245437681674957
7468437504.0,0.05303388461470604
7469374976.0,0.06618107110261917
7470312448.0,0.07905662059783936
7471249920.0,0.09134035557508469
7472187392.0,0.10327371954917908
7473124864.0,0.11544159054756165
7474062336.0,0.12715154886245728
7474999808.0,0.13853609561920166
7475937280.0,0.14824996888637543
7476874752.0,0.15714579820632935
7477812736.0,0.16501133143901825
7478750208.0,0.17246182262897491
7479687680.0,0.17806288599967957
7480625152.0,0.18301673233509064
7481562624.0,0.18547232449054718
7482500096.0,0.18788787722587585
7483437568.0,0.18745140731334686
7484375040.0,0.18569980561733246
7485312512.0,0.18268993496894836
7486249984.0,0.17856453359127045
7487187456.0,0.17280258238315582
7488124928.0,0.16601744294166565
7489062400.0,0.15667103230953217
7489999872.0,0.14606255292892456
7490937344.0,0.13336081802845
7491874816.0,0.117707259953022
7492812288.0,0.10052312165498734
7493749760.0,0.08390334993600845
7494687744.0,0.06582776457071304
7495625216.0,0.046712812036275864
7496562688.0,0.027964552864432335
7497500160.0,0.008875844068825245
7498437632.0,-0.008855494670569897
7499375104.0,-0.027918798848986626
7500312576.0,-0.04549853876233101
7501250048.0,-0.06277774274349213
7502187520.0,-0.07934822887182236
7503124992.0,-0.09619715809822083
7504062464.0,-0.08436271548271179
7504999936.0,-0.09574554860591888
7505937408.0,-0.105660580098629
7506874880.0,-0.11614064872264862
7507812352.0,-0.1269032508134842
7508749824.0,-0.13697561621665955
7509687296.0,-0.1456310898065567
7510624768.0,-0.15401066839694977
7511562752.0,-0.16270595788955688
7512500224.0,-0.17007988691329956
7513437696.0,-0.17742124199867249
7514375168.0,-0.18302296102046967
7515312640.0,-0.1888294667005539
7516250112.0,-0.19408921897411346
7517187584.0,-0.19808538258075714
7518125056.0,-0.20344598591327667
7519062528.0,-0.20638258755207062
7520000000.0,-0.20841144025325775
7520937472.0,-0.20819786190986633
7521874944.0,-0.20740768313407898
7522812416.0,-0.20607152581214905
7523749888.0,-0.20448832213878632
7524687360.0,-0.20175224542617798
7525624832.0,-0.19675524532794952
7526562304.0,-0.19095870852470398
7527499776.0,-0.18621104955673218
7528437248.0,-0.17853744328022003
7529375232.0,-0.17046213150024414
7530312704.0,-0.16265855729579926
7531250176.0,-0.15220874547958374
7532187648.0,-0.14078164100646973
7533125120.0,-0.12933793663978577
7534062592.0,-0.11701411753892899
7535000064.0,-0.1040966808795929
7535937536.0,-0.08962148427963257
7536875008.0,-0.07316095381975174
7537812480.0,-0.058492034673690796
7538749952.0,-0.0423884391784668
7539687424.0,-0.025538403540849686
7540624896.0,-0.00793023407459259
7541562368.0,0.010462413541972637
7542499840.0,0.03006511926651001
7543437312.0,0.0503649041056633
7544374784.0,0.07038567215204239
7545312256.0,0.09100499749183655
7546250240.0,0.11210478097200394
7547187712.0,0.13238224387168884
7548125184.0,0.15359951555728912
7549062656.0,0.17422319948673248
7550000128.0,0.19512911140918732
7550937600.0,0.21430611610412598
7551875072.0,0.2340640425682068
7552812544.0,0.2539663016796112
7553750016.0,0.27228736877441406
7554687488.0,0.2911157011985779
7555624960.0,0.3071640133857727
7556562432.0,0.32369258999824524
7557499904.0,0.33744436502456665
7558437376.0,0.3509785532951355
7559374848.0,0.3631342053413391
7560312320.0,0.3738947808742523
7561249792.0,0.38229113817214966
7562187264.0,0.38943058252334595
7563125248.0,0.3944241404533386
7564062720.0,0.17712603509426117
7565000192.0,0.17572107911109924
7565937664.0,0.17599061131477356
7566875136.0,0.17513473331928253
7567812608.0,0.17258313298225403
7568750080.0,0.17185592651367188
7569687552.0,0.16954144835472107
7570625024.0,0.1652863770723343
7571562496.0,0.16272388398647308
7572499968.0,0.15503762662410736
7573437440.0,0.14869974553585052
7574374912.0,0.13994891941547394
7575312384.0,0.13120977580547333
7576249856.0,0.12105415016412735
7577187328.0,0.1099698543548584
7578124800.0,0.09859483689069748
7579062272.0,0.08442272990942001
7580000256.0,0.07000039517879486
7580937728.0,0.05493782088160515
7581875200.0,0.039369985461235046
7582812672.0,0.022392384707927704
7583750144.0,0.0044760690070688725
7584687616.0,-0.013377987779676914
7585625088.0,-0.032906439155340195
7586562560.0,-0.0524299293756485
7587500032.0,-0.07212213426828384
7588437504.0,-0.09161485731601715
7589374976.0,-0.1123027577996254
7590312448.0,-0.13317905366420746
7591249920.0,-0.152462899684906
7592187392.0,-0.17117834091186523
7593124864.0,-0.19069311022758484
7594062336.0,-0.20892302691936493
7594999808.0,-0.2268681526184082
7595937280.0,-0.24429982900619507
7596874752.0,-0.25994589924812317
7597812736.0,-0.2743956446647644
7598750208.0,-0.2879844009876251
7599687680.0,-0.2990491986274719
7600625152.0,-0.3094382882118225
7601562624.0,-0.3186505436897278
7602500096.0,-0.32487666606903076
7603437568.0,-0.3302810490131378
7604375040.0,-0.3337043225765228
7605312512.0,-0.3343154489994049
7606249984.0,-0.333920955657959
7607187456.0,-0.3320198655128479
7608124928.0,-0.3270120322704315
7609062400.0,-0.3213779926300049
7609999872.0,-0.3129163086414337
7610937344.0,-0.3022548258304596
7611874816.0,-0.28942421078681946
7612812288.0,-0.27508848905563354
7613749760.0,-0.25788596272468567
7614687744.0,-0.23902377486228943
7615625216.0,-0.21930858492851257
7616562688.0,-0.19887761771678925
7617500160.0,-0.17570209503173828
7618437632.0,-0.15169650316238403
7619375104.0,-0.12580029666423798
7620312576.0,-0.098683662712574
7621250048.0,-0.07173164188861847
7622187520.0,-0.04423980414867401
7623124992.0,-0.015993893146514893
7624062464.0,0.01147905271500349
7624999936.0,0.039876941591501236
7625937408.0,0.06744734942913055
7626874880.0,0.09501367062330246
7627812352.0,0.11940065026283264
7628749824.0,0.14446133375167847
7629687296.0,0.16844987869262695
7630624768.0,0.19086015224456787
7631562752.0,0.21159440279006958
7632500224.0,0.23134611546993256
7633437696.0,0.24977652728557587
7634375168.0,0.26425406336784363
7635312640.0,0.27729925513267517
7636250112.0,0.2888833284378052
7637187584.0,0.29902946949005127
7638125056.0,0.30697494745254517
7639062528.0,0.31268808245658875
7640000000.0,0.31631213426589966
7640937472.0,0.31754571199417114
7641874944.0,0.31682416796684265
7642812416.0,0.314241886138916
7643749888.0,0.31036803126335144
7644687360.0,0.3051776587963104
7645624832.0,0.2970788776874542
7646562304.0,0.2888641059398651
7647499776.0,0.2787947654724121
7648437248.0,0.2663365602493286
7649375232.0,0.25245174765586853
7650312704.0,0.23731787502765656
7651250176.0,0.2207767814397812
7652187648.0,0.20309829711914062
7653125120.0,0.18373790383338928
7654062592.0,0.16279397904872894
7655000064.0,0.14116090536117554
7655937536.0,0.11811946332454681
7656875008.0,0.09312349557876587
7657812480.0,0.0688733235001564
7658749952.0,0.04330269619822502
7659687424.0,0.01762678474187851
7660624896.0,-0.008335708640515804
7661562368.0,-0.03521563485264778
7662499840.0,-0.06222207099199295
7663437312.0,-0.0894787609577179
7664374784.0,-0.11595630645751953
7665312256.0,-0.14097459614276886
7666250240.0,-0.16499961912631989
7667187712.0,-0.1911086142063141
7668125184.0,-0.21367092430591583
7669062656.0,-0.23486129939556122
7670000128.0,-0.2549763023853302
7670937600.0,-0.273861825466156
7671875072.0,-0.2913825809955597
7672812544.0,-0.30627554655075073
7673750016.0,-0.31978559494018555
7674687488.0,-0.3303704857826233
7675624960.0,-0.3391122817993164
7676562432.0,-0.3457273244857788
7677499904.0,-0.3490700125694275
7678437376.0,-0.3498769700527191
7679374848.0,-0.3489890396595001
7680312320.0,-0.3452173173427582
7681249792.0,-0.33942902088165283
7682187264.0,-0.33038997650146484
7683125248.0,-0.3191227316856384
7684062720.0,-0.298094779253006
7685000192.0,-0.2903672158718109
7685937664.0,-0.2791632115840912
7686875136.0,-0.2669108808040619
7687812608.0,-0.2525806725025177
7688750080.0,-0.23796170949935913
7689687552.0,-0.22088728845119476
7690625024.0,-0.20403805375099182
7691562496.0,-0.18516463041305542
7692499968.0,-0.16596102714538574
7693437440.0,-0.14625605940818787
7694374912.0,-0.1253012865781784
7695312384.0,-0.10720529407262802
7696249856.0,-0.09040157496929169
7697187328.0,-0.07240205258131027
7698124800.0,-0.053801413625478745
7699062272.0,-0.03511202335357666
7699999744.0,-0.018516380339860916
7700937728.0,-0.001114299171604216
7701875200.0,0.016495227813720703
7702812672.0,0.03212953731417656
7703750144.0,0.04748969525098801
7704687616.0,0.06180012971162796
7705625088.0,0.07569906115531921
7706562560.0,0.08876807987689972
7707500032.0,0.10126393288373947
7708437504.0,0.11286767572164536
7709374976.0,0.12409082800149918
7710312448.0,0.13441823422908783
7711249920.0,0.14465738832950592
7712187392.0,0.15403632819652557
7713124864.0,0.16344693303108215
7714062336.0,0.17010019719600677
7714999808.0,0.17711864411830902
7715937280.0,0.18358555436134338
7716874752.0,0.19156329333782196
7717812736.0,0.19739219546318054
7718750208.0,0.20267830789089203
7719687680.0,0.20869646966457367
7720625152.0,0.21189862489700317
7721562624.0,0.21539729833602905
7722500096.0,0.2183430939912796
7723437568.0,0.22050084173679352
7724375040.0,0.22207286953926086
7725312512.0,0.22288018465042114
7726249984.0,0.22247089445590973
7727187456.0,0.22129054367542267
7728124928.0,0.2201145738363266
7729062400.0,0.21784520149230957
7729999872.0,0.21349577605724335
7730937344.0,0.20883159339427948
7731874816.0,0.20263411104679108
7732812288.0,0.1953309327363968
7733749760.0,0.18733181059360504
7734687744.0,0.17579993605613708
7735625216.0,0.16444885730743408
7736562688.0,0.15169960260391235
7737500160.0,0.13630568981170654
7738437632.0,0.11962145566940308
7739375104.0,0.10137877613306046
7740312576.0,0.08252262324094772
7741250048.0,0.061638183891773224
7742187520.0,0.03942977637052536
7743124992.0,0.01574193313717842
7744062464.0,-0.04222346469759941
7744999936.0,-0.04510536417365074
7745937408.0,-0.04874202609062195
7746874880.0,-0.0543169304728508
7747812352.0,-0.060888200998306274
7748749824.0,-0.06756884604692459
7749687296.0,-0.0773814246058464
7750624768.0,-0.08797752112150192
7751562752.0,-0.0990312397480011
7752500224.0,-0.11154291033744812
7753437696.0,-0.12550586462020874
7754375168.0,-0.14157408475875854
7755312640.0,-0.15713205933570862
7756250112.0,-0.17588767409324646
7757187584.0,-0.19391094148159027
7758125056.0,-0.21278119087219238
7759062528.0,-0.2314613163471222
7760000000.0,-0.2509516775608063
7760937472.0,-0.26943591237068176
7761874944.0,-0.2901485860347748
7762812416.0,-0.3086842894554138
7763749888.0,-0.32706257700920105
7764687360.0,-0.3447803854942322
7765624832.0,-0.36168015003204346
7766562304.0,-0.3773784339427948
7767499776.0,-0.3918217420578003
7768437248.0,-0.40520334243774414
7769375232.0,-0.41800349950790405
7770312704.0,-0.4281979501247406
7771250176.0,-0.4366019666194916
7772187648.0,-0.44411590695381165
7773125120.0,-0.45038923621177673
7774062592.0,-0.4530157744884491
7775000064.0,-0.4538537859916687
7775937536.0,-0.45174524188041687
7776875008.0,-0.44697725772857666
7777812480.0,-0.44045203924179077
7778749952.0,-0.43101805448532104
7779687424.0,-0.4205322265625
7780624896.0,-0.4054591953754425
7781562368.0,-0.38891908526420593
7782499840.0,-0.37003570795059204
7783437312.0,-0.3495744466781616
7784374784.0,-0.3257083594799042
7785312256.0,-0.30060893297195435
7786250240.0,-0.2729890048503876
7787187712.0,-0.244062602519989
7788125184.0,-0.2130827158689499
7789062656.0,-0.18167918920516968
7790000128.0,-0.14869531989097595
7790937600.0,-0.11519525200128555
7791875072.0,-0.08124721050262451
7792812544.0,-0.04744771122932434
7793750016.0,-0.012636647559702396
7794687488.0,0.021251019090414047
7795624960.0,0.05666360631585121
7796562432.0,0.09033820033073425
7797499904.0,0.1220487505197525
7798437376.0,0.15334120392799377
7799374848.0,0.18315528333187103
7800312320.0,0.2117101103067398
7801249792.0,0.23728756606578827
7802187264.0,0.26099085807800293
7803125248.0,0.2825426757335663
7804062720.0,0.11788755655288696
7805000192.0,0.13138408958911896
7805937664.0,0.1439310610294342
7806875136.0,0.15458600223064423
7807812608.0,0.1632922738790512
7808750080.0,0.17018277943134308
7809687552.0,0.17509987950325012
7810625024.0,0.17834243178367615
7811562496.0,0.17951127886772156
7812499968.0,0.1783352643251419
7813437440.0,0.17493566870689392
7814374912.0,0.17002607882022858
7815312384.0,0.16165927052497864
7816249856.0,0.15156190097332
7817187328.0,0.13942840695381165
7818124800.0,0.12425864487886429
7819062272.0,0.1075771376490593
7820000256.0,0.08874417096376419
7820937728.0,0.06822016835212708
7821875200.0,0.04608014225959778
7822812672.0,0.022877953946590424
7823750144.0,-0.0004931686562485993
7824687616.0,-0.026157710701227188
7825625088.0,-0.05290525034070015
7826562560.0,-0.07917972654104233
7827500032.0,-0.10767672210931778
7828437504.0,-0.13608112931251526
7829374976.0,-0.16377711296081543
7830312448.0,-0.19224320352077484
7831249920.0,-0.2202753871679306
7832187392.0,-0.24872437119483948
7833124864.0,-0.2757153809070587
7834062336.0,-0.30181780457496643
7834999808.0,-0.3275245428085327
7835937280.0,-0.3508319556713104
7836874752.0,-0.3735909163951874
7837812736.0,-0.3957420885562897
7838750208.0,-0.41447708010673523
7839687680.0,-0.43230822682380676
7840625152.0,-0.4492318332195282
7841562624.0,-0.46218574047088623
7842500096.0,-0.47470352053642273
7843437568.0,-0.4853043854236603
7844375040.0,-0.49316924810409546
7845312512.0,-0.4989917278289795
7846249984.0,-0.5034981369972229
7847187456.0,-0.5060933828353882
7848124928.0,-0.5032861232757568
7849062400.0,-0.49803781509399414
7849999872.0,-0.4909459352493286
7850937344.0,-0.48398473858833313
7851874816.0,-0.474254846572876
7852812288.0,-0.46395808458328247
7853749760.0,-0.4526801109313965
7854687744.0,-0.4387623965740204
7855625216.0,-0.42428213357925415
7856562688.0,-0.4096332788467407
7857500160.0,-0.3935149610042572
7858437632.0,-0.3778393566608429
7859375104.0,-0.3607267439365387
7860312576.0,-0.3431970179080963
7861250048.0,-0.324805349111557
7862187520.0,-0.3070802390575409
7863124992.0,-0.288225919008255
7864062464.0,-0.27137789130210876
7864999936.0,-0.2542131245136261
7865937408.0,-0.2360575795173645
7866874880.0,-0.2191396951675415
7867812352.0,-0.2018129825592041
7868749824.0,-0.1829315572977066
7869687296.0,-0.16549083590507507
7870624768.0,-0.14781923592090607
7871562752.0,-0.12961618602275848
7872500224.0,-0.1119721308350563
7873437696.0,-0.09400895237922668
7874375168.0,-0.07607534527778625
7875312640.0,-0.05987609922885895
7876250112.0,-0.04296839237213135
7877187584.0,-0.02837510220706463
7878125056.0,-0.014073372818529606
7879062528.0,-0.0037218029610812664
7880000000.0,0.007061510346829891
7880937472.0,0.015089152380824089
7881874944.0,0.020558180287480354
7882812416.0,0.023789847269654274
7883749888.0,0.02522268518805504
7884687360.0,0.022997094318270683
7885624832.0,0.01869295910000801
7886562304.0,0.012223733589053154
7887499776.0,0.0020753415301442146
7888437248.0,-0.010006854310631752
7889375232.0,-0.02313697338104248
7890312704.0,-0.0404861718416214
7891250176.0,-0.0590454638004303
7892187648.0,-0.07942169159650803
7893125120.0,-0.10110712796449661
7894062592.0,-0.12456012517213821
7895000064.0,-0.1491437554359436
7895937536.0,-0.1745702028274536
7896875008.0,-0.1999634951353073
7897812480.0,-0.22665151953697205
7898749952.0,-0.255286306142807
7899687424.0,-0.2829599380493164
7900624896.0,-0.3116857409477234
7901562368.0,-0.33962327241897583
7902499840.0,-0.36571770906448364
7903437312.0,-0.3920455574989319
7904374784.0,-0.41534778475761414
7905312256.0,-0.43884167075157166
7906250240.0,-0.46101114153862
7907187712.0,-0.48155540227890015
7908125184.0,-0.5022450089454651
7909062656.0,-0.5218855142593384
7910000128.0,-0.5402388572692871
7910937600.0,-0.5583902597427368
7911875072.0,-0.5756940841674805
7912812544.0,-0.5931352376937866
7913750016.0,-0.6105096936225891
7914687488.0,-0.6269267797470093
7915624960.0,-0.6448606252670288
7916562432.0,-0.6616843938827515
7917499904.0,-0.6801653504371643
7918437376.0,-0.6998226642608643
7919374848.0,-0.7190316915512085
7920312320.0,-0.739194393157959
7921249792.0,-0.7594393491744995
7922187264.0,-0.7812368273735046
7923125248.0,-0.8027428388595581
7924062720.0,-0.8559354543685913
7925000192.0,-0.8627604246139526
7925937664.0,-0.8684776425361633
7926875136.0,-0.8745825290679932
7927812608.0,-0.8808178901672363
7928750080.0,-0.8855041265487671
7929687552.0,-0.8899615406990051
7930625024.0,-0.8949354887008667
7931562496.0,-0.9000171422958374
7932499968.0,-0.9042688608169556
7933437440.0,-0.908203661441803
7934374912.0,-0.9093576073646545
7935312384.0,-0.9117726683616638
7936249856.0,-0.91214919090271
7937187328.0,-0.9110432267189026
7938124800.0,-0.9084236025810242
7939062272.0,-0.9048927426338196
7939999744.0,-0.8991711735725403
7940937728.0,-0.8936441540718079
7941875200.0,-0.8858234882354736
7942812672.0,-0.8776416182518005
7943750144.0,-0.868951678276062
7944687616.0,-0.8576604127883911
7945625088.0,-0.8448975682258606
7946562560.0,-0.8328045606613159
7947500032.0,-0.8168065547943115
7948437504.0,-0.7990508079528809
7949374976.0,-0.7812848687171936
7950312448.0,-0.7609001398086548
7951249920.0,-0.7406023740768433
7952187392.0,-0.7178295254707336
7953124864.0,-0.6936673521995544
7954062336.0,-0.6669549942016602
7954999808.0,-0.6412645578384399
7955937280.0,-0.6143980622291565
7956874752.0,-0.5860857367515564
7957812736.0,-0.557924747467041
7958750208.0,-0.528434693813324
7959687680.0,-0.5002984404563904
7960625152.0,-0.4704313576221466
7961562624.0,-0.44136157631874084
7962500096.0,-0.4109514057636261
7963437568.0,-0.38349953293800354
7964375040.0,-0.3563574552536011
7965312512.0,-0.32862868905067444
7966249984.0,-0.30260151624679565
7967187456.0,-0.27711063623428345
7968124928.0,-0.2551153004169464
7969062400.0,-0.23300781846046448
7969999872.0,-0.21133093535900116
7970937344.0,-0.19265829026699066
7971874816.0,-0.17473271489143372
7972812288.0,-0.15894781053066254
7973749760.0,-0.14514964818954468
7974687744.0,-0.1326584815979004
7975625216.0,-0.12305138260126114
7976562688.0,-0.11649242788553238
7977500160.0,-0.1110713854432106
7978437632.0,-0.10725561529397964
7979375104.0,-0.10472662001848221
7980312576.0,-0.1047486960887909
7981250048.0,-0.10695915669202805
7982187520.0,-0.11017227172851562
7983124992.0,-0.11531293392181396
7984062464.0,-0.24440880119800568
7984999936.0,-0.24394676089286804
7985937408.0,-0.24505507946014404
7986874880.0,-0.24587413668632507
7987812352.0,-0.24852105975151062
7988749824.0,-0.2515689730644226
7989687296.0,-0.25646913051605225
7990624768.0,-0.2629830241203308
7991562752.0,-0.2697855234146118
7992500224.0,-0.2767576575279236
7993437696.0,-0.28429001569747925
7994375168.0,-0.29292500019073486
7995312640.0,-0.301516056060791
7996250112.0,-0.31173092126846313
7997187584.0,-0.3210925757884979
7998125056.0,-0.33118775486946106
7999062528.0,-0.3428671658039093
8000000000.0,-0.35117387771606445
