Frequency (Hz),Measurement
2000000000.0,0.13454864919185638
2000937472.0,0.12803785502910614
2001874944.0,0.12414775043725967
2002812544.0,0.12066374719142914
2003750016.0,0.1169702410697937
2004687488.0,0.11240360140800476
2005624960.0,0.10688457638025284
2006562560.0,0.10319695621728897
2007500032.0,0.09878571331501007
2008437504.0,0.09349893033504486
2009374976.0,0.08824391663074493
2010312448.0,0.0827641710639
2011250048.0,0.0769370049238205
2012187520.0,0.07236996293067932
2013124992.0,0.0668572261929512
2014062464.0,0.06109191104769707
2015000064.0,0.054857317358255386
2015937536.0,0.049915824085474014
2016875008.0,0.044908154755830765
2017812480.0,0.039167456328868866
2018749952.0,0.0344490110874176
2019687552.0,0.030084697529673576
2020625024.0,0.02564101107418537
2021562496.0,0.022332049906253815
2022499968.0,0.019342802464962006
2023437440.0,0.01583060994744301
2024375040.0,0.013530009426176548
2025312512.0,0.011968144215643406
2026249984.0,0.011005934327840805
2027187456.0,0.011174889281392097
2028125056.0,0.010914544574916363
2029062528.0,0.013014434836804867
2030000000.0,0.015098942443728447
2030937472.0,0.01768728345632553
2031874944.0,0.021721627563238144
2032812544.0,0.026240434497594833
2033750016.0,0.031239641830325127
2034687488.0,0.0373787060379982
2035624960.0,0.04366930574178696
2036562560.0,0.05068616196513176
2037500032.0,0.05840619280934334
2038437504.0,0.06553018093109131
2039374976.0,0.07450933009386063
2040312448.0,0.08248288184404373
2041250048.0,0.09033138304948807
2042187520.0,0.098694808781147
2043124992.0,0.10711860656738281
2044062464.0,0.11372426152229309
2044999936.0,0.12022779136896133
2045937536.0,0.12639595568180084
2046875008.0,0.13141009211540222
2047812480.0,0.13479186594486237
2048749952.0,0.14417728781700134
2049687552.0,0.139646515250206
2050625024.0,0.1339791864156723
2051562496.0,0.1278497576713562
2052499968.0,0.12024427205324173
2053437440.0,0.11392056196928024
2054375040.0,0.10654200613498688
2055312512.0,0.09859020262956619
2056249984.0,0.09071822464466095
2057187456.0,0.08382511138916016
2058125056.0,0.0759168192744255
2059062528.0,0.06797584891319275
2060000000.0,0.06152946501970291
2060937472.0,0.05476952716708183
2061874944.0,0.048052020370960236
2062812544.0,0.04209813475608826
2063750016.0,0.03601677715778351
2064687488.0,0.02994515933096409
2065624960.0,0.025509145110845566
2066562560.0,0.019825482740998268
2067500032.0,0.015341264195740223
2068437504.0,0.01052203681319952
2069374976.0,0.007081883028149605
2070312448.0,0.003807556349784136
2071250048.0,0.0009852804942056537
2072187520.0,-0.002804620424285531
2073124992.0,-0.00443975068628788
2074062464.0,-0.005522958934307098
2075000064.0,-0.00861320924013853
2075937536.0,-0.009307864122092724
2076875008.0,-0.010054214857518673
2077812480.0,-0.010677888989448547
2078749952.0,-0.01138177327811718
2079687552.0,-0.010978958569467068
2080625024.0,-0.01021132618188858
2081562496.0,-0.009245570749044418
2082499968.0,-0.008005719631910324
2083437440.0,-0.005865833256393671
2084375040.0,-0.003962389193475246
2085312512.0,-0.0010389224626123905
2086249984.0,0.0029231489170342684
2087187456.0,0.0073061357252299786
2088125056.0,0.011220845393836498
2089062528.0,0.016844673082232475
2090000000.0,0.023050611838698387
2090937472.0,0.02837929129600525
2091874944.0,0.035839810967445374
2092812544.0,0.043387893587350845
2093750016.0,0.05144784599542618
2094687488.0,0.06007641553878784
2095624960.0,0.06903455406427383
2096562560.0,0.07915662974119186
2097500032.0,0.08993218094110489
2098437504.0,0.10182033479213715
2099374976.0,0.11364050954580307
2100312448.0,0.1257612556219101
2101250048.0,0.13874268531799316
2102187520.0,0.15135769546031952
2103124992.0,0.1653633862733841
2104062464.0,0.17886602878570557
2104999936.0,0.19304847717285156
2105937536.0,0.2058696746826172
2106875008.0,0.21943284571170807
2107812480.0,0.2322876900434494
2108749952.0,0.27134576439857483
2109687552.0,0.28026124835014343
2110625024.0,0.2880706191062927
2111562496.0,0.29561734199523926
2112499968.0,0.30198392271995544
2113437440.0,0.30763867497444153
2114375040.0,0.3103172779083252
2115312512.0,0.3119598627090454
2116249984.0,0.310104101896286
2117187456.0,0.3076007068157196
2118125056.0,0.3006528317928314
2119062528.0,0.29068148136138916
2120000000.0,0.27876225113868713
2120937472.0,0.2635338306427002
2121874944.0,0.24531422555446625
2122812544.0,0.22498273849487305
2123750016.0,0.20229022204875946
2124687488.0,0.17740018665790558
2125624960.0,0.1517976075410843
2126562560.0,0.12509217858314514
2127500032.0,0.0972442552447319
2128437504.0,0.0706421509385109
2129374976.0,0.043708380311727524
2130312448.0,0.018545884639024734
2131250048.0,-0.0062052714638412
2132187520.0,-0.02885659784078598
2133124992.0,-0.05046350136399269
2134062464.0,-0.06836621463298798
2135000064.0,-0.08427634835243225
2135937536.0,-0.09730680286884308
2136875008.0,-0.10727857798337936
2137812480.0,-0.11432626843452454
2138749952.0,-0.11825340986251831
2139687552.0,-0.120162233710289
2140625024.0,-0.11883827298879623
2141562496.0,-0.11486425250768661
2142499968.0,-0.10887275636196136
2143437440.0,-0.10049398243427277
2144375040.0,-0.08963841944932938
2145312512.0,-0.07870608568191528
2146249984.0,-0.06612271815538406
2147187456.0,-0.052831076085567474
2148124928.0,-0.039611492305994034
2149062400.0,-0.02423926442861557
2150000128.0,-0.00973132811486721
2150937600.0,0.0043619847856462
2151875072.0,0.01844683289527893
2152812544.0,0.03209470212459564
2153750016.0,0.0464782789349556
2154687488.0,0.05859720706939697
2155624960.0,0.07048734277486801
2156562432.0,0.08181112259626389
2157499904.0,0.09321725368499756
2158437376.0,0.10347568988800049
2159375104.0,0.11350319534540176
2160312576.0,0.12165907770395279
2161250048.0,0.13159452378749847
2162187520.0,0.14051906764507294
2163124992.0,0.1494094878435135
2164062464.0,0.15898476541042328
2164999936.0,0.1673518866300583
2165937408.0,0.1759124994277954
2166874880.0,0.18467983603477478
2167812608.0,0.1930941492319107
2168750080.0,0.21831877529621124
2169687552.0,0.23012281954288483
2170625024.0,0.24177958071231842
2171562496.0,0.2529588043689728
2172499968.0,0.2629215717315674
2173437440.0,0.27400463819503784
2174374912.0,0.28356775641441345
2175312384.0,0.2916595935821533
2176250112.0,0.29868078231811523
2177187584.0,0.30470696091651917
2178125056.0,0.30863505601882935
2179062528.0,0.311252236366272
2180000000.0,0.3111412823200226
2180937472.0,0.3097756803035736
2181874944.0,0.30549779534339905
2182812416.0,0.30001264810562134
2183749888.0,0.2917450964450836
2184687616.0,0.2823285758495331
2185625088.0,0.26983094215393066
2186562560.0,0.25536778569221497
2187500032.0,0.23957645893096924
2188437504.0,0.2232469767332077
2189374976.0,0.20398008823394775
2190312448.0,0.1838517040014267
2191249920.0,0.16414107382297516
2192187392.0,0.1420714110136032
2193125120.0,0.12057909369468689
2194062592.0,0.09926606714725494
2195000064.0,0.07810699194669724
2195937536.0,0.0578327514231205
2196875008.0,0.03832649812102318
2197812480.0,0.020262299105525017
2198749952.0,0.0028323389124125242
2199687424.0,-0.01234638225287199
2200624896.0,-0.025873830541968346
2201562624.0,-0.03722425550222397
2202500096.0,-0.04723072797060013
2203437568.0,-0.05415862426161766
2204375040.0,-0.058862145990133286
2205312512.0,-0.062064651399850845
2206249984.0,-0.06267621368169785
2207187456.0,-0.06111913174390793
2208124928.0,-0.05676569789648056
2209062400.0,-0.050569724291563034
2209999872.0,-0.042356330901384354
2210937600.0,-0.031866736710071564
2211875072.0,-0.021593404933810234
2212812544.0,-0.007787405978888273
2213750016.0,0.006576221901923418
2214687488.0,0.021532760933041573
2215624960.0,0.038091424852609634
2216562432.0,0.055432114750146866
2217499904.0,0.072039894759655
2218437376.0,0.08969675004482269
2219375104.0,0.10760330408811569
2220312576.0,0.12456615269184113
2221250048.0,0.14012569189071655
2222187520.0,0.15632151067256927
2223124992.0,0.1703031361103058
2224062464.0,0.18437281250953674
2224999936.0,0.19642923772335052
2225937408.0,0.20664912462234497
2226874880.0,0.21606303751468658
2227812608.0,0.22357122600078583
2228750080.0,0.19452734291553497
2229687552.0,0.20191971957683563
2230625024.0,0.2067870795726776
2231562496.0,0.21074919402599335
2232499968.0,0.21406394243240356
2233437440.0,0.21500848233699799
2234374912.0,0.21430228650569916
2235312384.0,0.21163661777973175
2236250112.0,0.20665624737739563
2237187584.0,0.2002035230398178
2238125056.0,0.1899595707654953
2239062528.0,0.17941054701805115
2240000000.0,0.16610877215862274
2240937472.0,0.15081843733787537
2241874944.0,0.13478653132915497
2242812416.0,0.11700330674648285
2243749888.0,0.09770721197128296
2244687616.0,0.07719863206148148
2245625088.0,0.05637491121888161
2246562560.0,0.036302611231803894
2247500032.0,0.014947093091905117
2248437504.0,-0.005536551587283611
2249374976.0,-0.024696778506040573
2250312448.0,-0.04382401332259178
2251249920.0,-0.06090521067380905
2252187392.0,-0.07608116418123245
2253125120.0,-0.09005997329950333
2254062592.0,-0.10161089897155762
2255000064.0,-0.10991819202899933
2255937536.0,-0.11713854968547821
2256875008.0,-0.12136891484260559
2257812480.0,-0.12331176549196243
2258749952.0,-0.12233205139636993
2259687424.0,-0.11951873451471329
2260624896.0,-0.1136050596833229
2261562624.0,-0.10587430000305176
2262500096.0,-0.09732118248939514
2263437568.0,-0.0857267677783966
2264375040.0,-0.0732438713312149
2265312512.0,-0.05928736552596092
2266249984.0,-0.04492919519543648
2267187456.0,-0.02836921438574791
2268124928.0,-0.011396847665309906
2269062400.0,0.004634810611605644
2270000128.0,0.022123849019408226
2270937600.0,0.04051434248685837
2271875072.0,0.05645300820469856
2272812544.0,0.0731673464179039
2273750016.0,0.09049457311630249
2274687488.0,0.10625993460416794
2275624960.0,0.12135129421949387
2276562432.0,0.13585540652275085
2277499904.0,0.14992713928222656
2278437376.0,0.16234374046325684
2279375104.0,0.17340870201587677
2280312576.0,0.18352282047271729
2281250048.0,0.19323895871639252
2282187520.0,0.20224067568778992
2283124992.0,0.2099979966878891
2284062464.0,0.21631157398223877
2284999936.0,0.22269828617572784
2285937408.0,0.22792524099349976
2286874880.0,0.23313890397548676
2287812608.0,0.23671680688858032
2288750080.0,0.24795694649219513
2289687552.0,0.25577110052108765
2290625024.0,0.2641436755657196
2291562496.0,0.2716043293476105
2292499968.0,0.2788412868976593
2293437440.0,0.2855934202671051
2294374912.0,0.292529433965683
2295312384.0,0.29738909006118774
2296250112.0,0.30259209871292114
2297187584.0,0.30635762214660645
2298125056.0,0.30848264694213867
2299062528.0,0.30798327922821045
2300000000.0,0.30711010098457336
2300937472.0,0.3028653860092163
2301874944.0,0.2966058850288391
2302812416.0,0.28807544708251953
2303749888.0,0.2769221365451813
2304687616.0,0.26264965534210205
2305625088.0,0.2466813325881958
2306562560.0,0.2267705798149109
2307500032.0,0.20635125041007996
2308437504.0,0.1826104372739792
2309374976.0,0.15690691769123077
2310312448.0,0.12988805770874023
2311249920.0,0.10165382921695709
2312187392.0,0.07300084084272385
2313125120.0,0.044013723731040955
2314062592.0,0.014663550071418285
2315000064.0,-0.013858391903340816
2315937536.0,-0.041308414191007614
2316875008.0,-0.06644570082426071
2317812480.0,-0.09010932594537735
2318749952.0,-0.11226218193769455
2319687424.0,-0.13212203979492188
2320624896.0,-0.14967001974582672
2321562624.0,-0.16423214972019196
2322500096.0,-0.17699766159057617
2323437568.0,-0.18693463504314423
2324375040.0,-0.19457228481769562
2325312512.0,-0.20018501579761505
2326249984.0,-0.20455476641654968
2327187456.0,-0.20623745024204254
2328124928.0,-0.20617462694644928
2329062400.0,-0.2033989578485489
2329999872.0,-0.2006579488515854
2330937600.0,-0.1951669454574585
2331875072.0,-0.18880976736545563
2332812544.0,-0.18112751841545105
2333750016.0,-0.17117853462696075
2334687488.0,-0.16000260412693024
2335624960.0,-0.1469750702381134
2336562432.0,-0.13272514939308167
2337499904.0,-0.11606794595718384
2338437376.0,-0.09824538975954056
2339375104.0,-0.07933971285820007
2340312576.0,-0.05823294445872307
2341250048.0,-0.0359019935131073
2342187520.0,-0.011946212500333786
2343124992.0,0.012273728847503662
2344062464.0,0.03809742629528046
2344999936.0,0.06403039395809174
2345937408.0,0.090421661734581
2346874880.0,0.1174418181180954
2347812608.0,0.14373084902763367
2348750080.0,0.20136788487434387
2349687552.0,0.21733514964580536
2350625024.0,0.23046432435512543
2351562496.0,0.239624485373497
2352499968.0,0.24701184034347534
2353437440.0,0.25006920099258423
2354374912.0,0.25014087557792664
2355312384.0,0.24564285576343536
2356250112.0,0.23849573731422424
2357187584.0,0.22717231512069702
2358125056.0,0.2133752852678299
2359062528.0,0.19593216478824615
2360000000.0,0.17558221518993378
2360937472.0,0.15380945801734924
2361874944.0,0.12878936529159546
2362812416.0,0.10147538036108017
2363749888.0,0.0747789591550827
2364687616.0,0.04493989795446396
2365625088.0,0.016113579273223877
2366562560.0,-0.013040858320891857
2367500032.0,-0.043362077325582504
2368437504.0,-0.07277294248342514
2369374976.0,-0.0996808260679245
2370312448.0,-0.12684322893619537
2371249920.0,-0.1519589126110077
2372187392.0,-0.1754108965396881
2373125120.0,-0.1961011439561844
2374062592.0,-0.21442903578281403
2375000064.0,-0.2308574765920639
2375937536.0,-0.2448137402534485
2376875008.0,-0.2559102475643158
2377812480.0,-0.2631209194660187
2378749952.0,-0.2671147882938385
2379687424.0,-0.2697376012802124
2380624896.0,-0.2690175473690033
2381562624.0,-0.2653363347053528
2382500096.0,-0.2586651146411896
2383437568.0,-0.2496698647737503
2384375040.0,-0.23843826353549957
2385312512.0,-0.22632895410060883
2386249984.0,-0.21234352886676788
2387187456.0,-0.19598916172981262
2388124928.0,-0.17971335351467133
2389062400.0,-0.16107989847660065
2390000128.0,-0.14265519380569458
2390937600.0,-0.12472116947174072
2391875072.0,-0.10594795644283295
2392812544.0,-0.08830394595861435
2393750016.0,-0.0713978037238121
2394687488.0,-0.05541028454899788
2395624960.0,-0.04010236635804176
2396562432.0,-0.025183774530887604
2397499904.0,-0.011583943851292133
2398437376.0,-0.00011554746015463024
2399375104.0,0.0101574482396245
2400312576.0,0.01912378892302513
2401250048.0,0.02605370804667473
2402187520.0,0.032521042972803116
2403124992.0,0.037168920040130615
2404062464.0,0.04121716320514679
2404999936.0,0.0434260256588459
2405937408.0,0.04433908313512802
2406874880.0,0.044647835195064545
2407812608.0,0.042531244456768036
2408750080.0,0.03669705614447594
2409687552.0,0.04371039196848869
2410625024.0,0.04782045632600784
2411562496.0,0.049260422587394714
2412499968.0,0.049027349799871445
2413437440.0,0.04644552990794182
2414374912.0,0.040330640971660614
2415312384.0,0.033403877168893814
2416250112.0,0.02374834194779396
2417187584.0,0.01153143122792244
2418125056.0,-0.00252010696567595
2419062528.0,-0.017774095758795738
2420000000.0,-0.035297710448503494
2420937472.0,-0.05466202273964882
2421874944.0,-0.0748114213347435
2422812416.0,-0.09544350951910019
2423749888.0,-0.11700702458620071
2424687616.0,-0.13924407958984375
2425625088.0,-0.1610419750213623
2426562560.0,-0.18322651088237762
2427500032.0,-0.20554012060165405
2428437504.0,-0.22673730552196503
2429374976.0,-0.2494981735944748
2430312448.0,-0.2697153687477112
2431249920.0,-0.2898079454898834
2432187392.0,-0.3111642301082611
2433125120.0,-0.32908895611763
2434062592.0,-0.3454797565937042
2435000064.0,-0.3616776168346405
2435937536.0,-0.3753662407398224
2436875008.0,-0.3877401351928711
2437812480.0,-0.3975473940372467
2438749952.0,-0.406377375125885
2439687424.0,-0.4143480658531189
2440624896.0,-0.4198346436023712
2441562624.0,-0.42499110102653503
2442500096.0,-0.4271065890789032
2443437568.0,-0.4289986789226532
2444375040.0,-0.42877936363220215
2445312512.0,-0.4286881387233734
2446249984.0,-0.4265133738517761
2447187456.0,-0.42308199405670166
2448124928.0,-0.4203248620033264
2449062400.0,-0.4155157506465912
2449999872.0,-0.41047054529190063
2450937600.0,-0.40428945422172546
2451875072.0,-0.3987485468387604
2452812544.0,-0.3921590745449066
2453750016.0,-0.38690385222435
2454687488.0,-0.380903422832489
2455624960.0,-0.3752782344818115
2456562432.0,-0.36861252784729004
2457499904.0,-0.363525390625
2458437376.0,-0.35723865032196045
2459375104.0,-0.35205283761024475
2460312576.0,-0.3476317524909973
2461250048.0,-0.34271353483200073
2462187520.0,-0.3411910831928253
2463124992.0,-0.33943602442741394
2464062464.0,-0.3400098383426666
2464999936.0,-0.34169521927833557
2465937408.0,-0.346762090921402
2466874880.0,-0.3524972200393677
2467812608.0,-0.36108794808387756
2468750080.0,-0.4484453797340393
2469687552.0,-0.4703221321105957
2470625024.0,-0.4940951466560364
2471562496.0,-0.5229207873344421
2472499968.0,-0.5534822344779968
2473437440.0,-0.5874364376068115
2474374912.0,-0.6238436698913574
2475312384.0,-0.6630587577819824
2476250112.0,-0.7067986130714417
2477187584.0,-0.7530454993247986
2478125056.0,-0.8025298118591309
2479062528.0,-0.8552207350730896
2480000000.0,-0.9116647839546204
2480937472.0,-0.9692532420158386
2481874944.0,-1.0313482284545898
2482812416.0,-1.0980173349380493
2483749888.0,-1.168799877166748
2484687616.0,-1.2444835901260376
2485625088.0,-1.323551058769226
2486562560.0,-1.406799077987671
2487500032.0,-1.493064045906067
2488437504.0,-1.5842801332473755
2489374976.0,-1.6794490814208984
2490312448.0,-1.7787306308746338
2491249920.0,-1.8829411268234253
2492187392.0,-1.9901825189590454
2493125120.0,-2.10257887840271
2494062592.0,-2.220860242843628
2495000064.0,-2.3466720581054688
2495937536.0,-2.478933095932007
2496875008.0,-2.6194138526916504
2497812480.0,-2.766505718231201
2498749952.0,-2.9223473072052
2499687424.0,-3.0879132747650146
2500624896.0,-3.2657315731048584
2501562624.0,-3.456789493560791
2502500096.0,-3.663008213043213
2503437568.0,-3.8835575580596924
2504375040.0,-4.123485088348389
2505312512.0,-4.380901336669922
2506249984.0,-4.657854080200195
2507187456.0,-4.955539703369141
2508124928.0,-5.2728753089904785
2509062400.0,-5.6092634201049805
2510000128.0,-5.9632673263549805
2510937600.0,-6.327528476715088
2511875072.0,-6.692172050476074
2512812544.0,-7.052526473999023
2513750016.0,-7.392239570617676
2514687488.0,-7.695091724395752
2515624960.0,-7.939612865447998
2516562432.0,-8.105501174926758
2517499904.0,-8.177377700805664
2518437376.0,-8.153554916381836
2519375104.0,-8.028122901916504
2520312576.0,-7.814610004425049
2521250048.0,-7.531445026397705
2522187520.0,-7.193976402282715
2523124992.0,-6.818473815917969
2524062464.0,-6.424705505371094
2524999936.0,-6.020360946655273
2525937408.0,-5.615585803985596
2526874880.0,-5.224519729614258
2527812608.0,-4.850382328033447
2528750080.0,-4.491711616516113
2529687552.0,-4.163145065307617
2530625024.0,-3.858596086502075
2531562496.0,-3.5751113891601562
2532499968.0,-3.3145194053649902
2533437440.0,-3.071638345718384
2534374912.0,-2.8486380577087402
2535312384.0,-2.6428425312042236
2536250112.0,-2.455035924911499
2537187584.0,-2.2811920642852783
2538125056.0,-2.1242425441741943
2539062528.0,-1.9810198545455933
2540000000.0,-1.853135108947754
2540937472.0,-1.7365769147872925
2541874944.0,-1.6311187744140625
2542812416.0,-1.536453127861023
2543749888.0,-1.4504435062408447
2544687616.0,-1.3735153675079346
2545625088.0,-1.304352045059204
2546562560.0,-1.2411799430847168
2547500032.0,-1.1832340955734253
2548437504.0,-1.1318913698196411
2549374976.0,-1.0853326320648193
2550312448.0,-1.0438365936279297
2551249920.0,-1.0070021152496338
2552187392.0,-0.9729178547859192
2553125120.0,-0.9427781701087952
2554062592.0,-0.9154443740844727
2555000064.0,-0.8905157446861267
2555937536.0,-0.8681069016456604
2556875008.0,-0.8465703129768372
2557812480.0,-0.8262773156166077
2558749952.0,-0.807162880897522
2559687424.0,-0.789418637752533
2560624896.0,-0.7704318165779114
2561562624.0,-0.7532632946968079
2562500096.0,-0.735214352607727
2563437568.0,-0.7177885174751282
2564375040.0,-0.6995808482170105
2565312512.0,-0.6809782385826111
2566249984.0,-0.6618991494178772
2567187456.0,-0.6402284502983093
2568124928.0,-0.6194466352462769
2569062400.0,-0.5974354147911072
2569999872.0,-0.5742843151092529
2570937600.0,-0.5501112937927246
2571875072.0,-0.5250352621078491
2572812544.0,-0.4990735948085785
2573750016.0,-0.47337010502815247
2574687488.0,-0.44466549158096313
2575624960.0,-0.416435182094574
2576562432.0,-0.3870236575603485
2577499904.0,-0.35687345266342163
2578437376.0,-0.32695671916007996
2579375104.0,-0.2959390878677368
2580312576.0,-0.2664726972579956
2581250048.0,-0.23617924749851227
2582187520.0,-0.20684711635112762
2583124992.0,-0.17728611826896667
2584062464.0,-0.14885352551937103
2584999936.0,-0.12191210687160492
2585937408.0,-0.09566555172204971
2586874880.0,-0.07217453420162201
2587812608.0,-0.04887407273054123
2588750080.0,-0.02386448159813881
2589687552.0,-0.010322174988687038
2590625024.0,0.002464344957843423
2591562496.0,0.012408260256052017
2592499968.0,0.02201051265001297
2593437440.0,0.02731318585574627
2594374912.0,0.032022640109062195
2595312384.0,0.03391534090042114
2596250112.0,0.035513460636138916
2597187584.0,0.03323976323008537
2598125056.0,0.03025020845234394
2599062528.0,0.025050446391105652
2600000000.0,0.018515603616833687
2600937472.0,0.010723629035055637
2601874944.0,0.0027536042034626007
2602812416.0,-0.007855639792978764
2603749888.0,-0.019246568903326988
2604687616.0,-0.032051172107458115
2605625088.0,-0.0452670156955719
2606562560.0,-0.05819684639573097
2607500032.0,-0.07233545184135437
2608437504.0,-0.08589300513267517
2609374976.0,-0.10070689767599106
2610312448.0,-0.11513727158308029
2611249920.0,-0.12851451337337494
2612187392.0,-0.1419082134962082
2613125120.0,-0.15504564344882965
2614062592.0,-0.1672077476978302
2615000064.0,-0.17849189043045044
2615937536.0,-0.18850842118263245
2616875008.0,-0.1975221484899521
2617812480.0,-0.20558927953243256
2618749952.0,-0.21268422901630402
2619687424.0,-0.21874003112316132
2620624896.0,-0.22251304984092712
2621562624.0,-0.22600464522838593
2622500096.0,-0.2273774892091751
2623437568.0,-0.22809699177742004
2624375040.0,-0.22512145340442657
2625312512.0,-0.2223445624113083
2626249984.0,-0.21682651340961456
2627187456.0,-0.21067816019058228
2628124928.0,-0.20336739718914032
2629062400.0,-0.19427776336669922
2630000128.0,-0.18362493813037872
2630937600.0,-0.17128358781337738
2631875072.0,-0.15825054049491882
2632812544.0,-0.1430278867483139
2633750016.0,-0.12720300257205963
2634687488.0,-0.11073565483093262
2635624960.0,-0.09313119947910309
2636562432.0,-0.07459546625614166
2637499904.0,-0.056776873767375946
2638437376.0,-0.03719893470406532
2639375104.0,-0.017856983467936516
2640312576.0,0.0015964409103617072
2641250048.0,0.020166119560599327
2642187520.0,0.03983034938573837
2643124992.0,0.058994557708501816
2644062464.0,0.07587915658950806
2644999936.0,0.09406084567308426
2645937408.0,0.11000475287437439
2646874880.0,0.12552252411842346
2647812608.0,0.15145066380500793
2648750080.0,0.1670801341533661
2649687552.0,0.17961066961288452
2650625024.0,0.19059716165065765
2651562496.0,0.19966231286525726
2652499968.0,0.20604592561721802
2653437440.0,0.21072116494178772
2654374912.0,0.2119789570569992
2655312384.0,0.2115354835987091
2656250112.0,0.208025723695755
2657187584.0,0.20130525529384613
2658125056.0,0.1931333839893341
2659062528.0,0.18265944719314575
2660000000.0,0.17006762325763702
2660937472.0,0.15640413761138916
2661874944.0,0.14028526842594147
2662812416.0,0.12330960482358932
2663749888.0,0.10448940098285675
2664687616.0,0.08488953113555908
2665625088.0,0.06526262313127518
2666562560.0,0.044097334146499634
2667500032.0,0.02322039194405079
2668437504.0,0.00251950416713953
2669374976.0,-0.018398867920041084
2670312448.0,-0.038192421197891235
2671249920.0,-0.05729593336582184
2672187392.0,-0.07561701536178589
2673125120.0,-0.09259776771068573
2674062592.0,-0.10823959857225418
2675000064.0,-0.12243122607469559
2675937536.0,-0.1353488713502884
2676875008.0,-0.14636173844337463
2677812480.0,-0.1550135463476181
2678749952.0,-0.16164736449718475
2679687424.0,-0.16683435440063477
2680624896.0,-0.16965937614440918
2681562624.0,-0.1702282577753067
2682500096.0,-0.1691654771566391
2683437568.0,-0.16615459322929382
2684375040.0,-0.1599874645471573
2685312512.0,-0.15332230925559998
2686249984.0,-0.1451655626296997
2687187456.0,-0.13403485715389252
2688124928.0,-0.12182207405567169
2689062400.0,-0.10823028534650803
2689999872.0,-0.09375427663326263
2690937600.0,-0.07790244370698929
2691875072.0,-0.06161356717348099
2692812544.0,-0.044514115899801254
2693750016.0,-0.02698696404695511
2694687488.0,-0.008350822143256664
2695624960.0,0.009716124273836613
2696562432.0,0.02736750990152359
2697499904.0,0.04443042352795601
2698437376.0,0.06204031780362129
2699375104.0,0.07866717129945755
2700312576.0,0.09493948519229889
2701250048.0,0.11077993363142014
2702187520.0,0.1250656247138977
2703124992.0,0.13822275400161743
2704062464.0,0.15106193721294403
2704999936.0,0.1620861440896988
2705937408.0,0.17235539853572845
2706874880.0,0.18075932562351227
2707812608.0,0.20028798282146454
2708750080.0,0.2048054337501526
2709687552.0,0.20908595621585846
2710625024.0,0.21155403554439545
2711562496.0,0.21351458132266998
2712499968.0,0.21498934924602509
2713437440.0,0.21353097259998322
2714374912.0,0.21055340766906738
2715312384.0,0.2086019515991211
2716250112.0,0.20349453389644623
2717187584.0,0.19790683686733246
2718125056.0,0.19071684777736664
2719062528.0,0.18164382874965668
2720000000.0,0.17189522087574005
2720937472.0,0.16091309487819672
2721874944.0,0.14787344634532928
2722812416.0,0.13420213758945465
2723749888.0,0.11969922482967377
2724687616.0,0.10363859683275223
2725625088.0,0.087466761469841
2726562560.0,0.06952660530805588
2727500032.0,0.05065368860960007
2728437504.0,0.03228277340531349
2729374976.0,0.012961724773049355
2730312448.0,-0.006599985528737307
2731249920.0,-0.025322915986180305
2732187392.0,-0.045254308730363846
2733125120.0,-0.06351274251937866
2734062592.0,-0.08239341527223587
2735000064.0,-0.09996552020311356
2735937536.0,-0.11582310497760773
2736875008.0,-0.13199234008789062
2737812480.0,-0.14680850505828857
2738749952.0,-0.15895771980285645
2739687424.0,-0.1692233681678772
2740624896.0,-0.17812897264957428
2741562624.0,-0.18427957594394684
2742500096.0,-0.18760061264038086
2743437568.0,-0.19014887511730194
2744375040.0,-0.19055378437042236
2745312512.0,-0.18776018917560577
2746249984.0,-0.1826266646385193
2747187456.0,-0.1753784865140915
2748124928.0,-0.16654518246650696
2749062400.0,-0.1553255170583725
2750000128.0,-0.14081500470638275
2750937600.0,-0.12631946802139282
2751875072.0,-0.10854767262935638
2752812544.0,-0.09110623598098755
2753750016.0,-0.07085692882537842
2754687488.0,-0.050266679376363754
2755624960.0,-0.027739079669117928
2756562432.0,-0.005473176948726177
2757499904.0,0.017532330006361008
2758437376.0,0.038616374135017395
2759375104.0,0.06061116233468056
2760312576.0,0.08189688622951508
2761250048.0,0.10274676978588104
2762187520.0,0.12033502012491226
2763124992.0,0.13927562534809113
2764062464.0,0.15512582659721375
2764999936.0,0.16926831007003784
2765937408.0,0.18220609426498413
2766874880.0,0.19243267178535461
2767812608.0,0.23462951183319092
2768750080.0,0.23930136859416962
2769687552.0,0.24089141190052032
2770625024.0,0.24157530069351196
2771562496.0,0.24026279151439667
2772499968.0,0.23783540725708008
2773437440.0,0.23395372927188873
2774374912.0,0.22815270721912384
2775312384.0,0.22132566571235657
2776250112.0,0.21296624839305878
2777187584.0,0.20317770540714264
2778125056.0,0.19235515594482422
2779062528.0,0.18112678825855255
2780000000.0,0.16904206573963165
2780937472.0,0.15543687343597412
2781874944.0,0.14129778742790222
2782812416.0,0.12735110521316528
2783749888.0,0.11206856369972229
2784687616.0,0.09674146771430969
2785625088.0,0.08195538818836212
2786562560.0,0.06690263003110886
2787500032.0,0.051581889390945435
2788437504.0,0.0361531637609005
2789374976.0,0.02090354450047016
2790312448.0,0.006656483747065067
2791249920.0,-0.00789971649646759
2792187392.0,-0.020151948556303978
2793125120.0,-0.03316850960254669
2794062592.0,-0.04561983793973923
2795000064.0,-0.05653627961874008
2795937536.0,-0.0663955956697464
2796875008.0,-0.07508277148008347
2797812480.0,-0.08275310695171356
2798749952.0,-0.08861766755580902
2799687424.0,-0.0935283824801445
2800624896.0,-0.09773042052984238
2801562624.0,-0.10078315436840057
2802500096.0,-0.10134176164865494
2803437568.0,-0.10063833743333817
2804375040.0,-0.09880108386278152
2805312512.0,-0.09574776887893677
2806249984.0,-0.09055119752883911
2807187456.0,-0.08369985222816467
2808124928.0,-0.07545244693756104
2809062400.0,-0.06580374389886856
2809999872.0,-0.054499462246894836
2810937600.0,-0.04286176711320877
2811875072.0,-0.029336025938391685
2812812544.0,-0.015595446340739727
2813750016.0,0.0004300750733818859
2814687488.0,0.01605556719005108
2815624960.0,0.03337328881025314
2816562432.0,0.049072641879320145
2817499904.0,0.06704576313495636
2818437376.0,0.08436424285173416
2819375104.0,0.10247056186199188
2820312576.0,0.11930473893880844
2821250048.0,0.13570164144039154
2822187520.0,0.15281696617603302
2823124992.0,0.16770273447036743
2824062464.0,0.181972473859787
2824999936.0,0.19550375640392303
2825937408.0,0.2065584361553192
2826874880.0,0.21673262119293213
2827812608.0,0.23066605627536774
2828750080.0,0.23701047897338867
2829687552.0,0.24137310683727264
2830625024.0,0.2433060109615326
2831562496.0,0.2427762746810913
2832499968.0,0.24236033856868744
2833437440.0,0.23803438246250153
2834374912.0,0.23237252235412598
2835312384.0,0.22588832676410675
2836250112.0,0.21658970415592194
2837187584.0,0.20645183324813843
2838125056.0,0.19452090561389923
2839062528.0,0.18112875521183014
2840000000.0,0.16582949459552765
2840937472.0,0.15122073888778687
2841874944.0,0.13454949855804443
2842812416.0,0.11713243275880814
2843749888.0,0.1002310961484909
2844687616.0,0.08215318620204926
2845625088.0,0.06495200842618942
2846562560.0,0.0468604639172554
2847500032.0,0.028537699952721596
2848437504.0,0.01093099545687437
2849374976.0,-0.006071926094591618
2850312448.0,-0.021870316937565804
2851249920.0,-0.03777246177196503
2852187392.0,-0.05277390778064728
2853125120.0,-0.06594236195087433
2854062592.0,-0.07756639271974564
2855000064.0,-0.08881235867738724
2855937536.0,-0.09959903359413147
2856875008.0,-0.1069282665848732
2857812480.0,-0.11302182078361511
2858749952.0,-0.1178712248802185
2859687424.0,-0.12118477374315262
2860624896.0,-0.12160547822713852
2861562624.0,-0.1221618577837944
2862500096.0,-0.11823276430368423
2863437568.0,-0.11466225236654282
2864375040.0,-0.10895514488220215
2865312512.0,-0.10145646333694458
2866249984.0,-0.09317928552627563
2867187456.0,-0.08244655281305313
2868124928.0,-0.07075217366218567
2869062400.0,-0.05723930895328522
2870000128.0,-0.043262988328933716
2870937600.0,-0.028078371658921242
2871875072.0,-0.012722655199468136
2872812544.0,0.003967607859522104
2873750016.0,0.021987974643707275
2874687488.0,0.03993774205446243
2875624960.0,0.058048613369464874
2876562432.0,0.07442819327116013
2877499904.0,0.09149355441331863
2878437376.0,0.10892666131258011
2879375104.0,0.1260141134262085
2880312576.0,0.1422489732503891
2881250048.0,0.15809635818004608
2882187520.0,0.17164179682731628
2883124992.0,0.18584109842777252
2884062464.0,0.19847315549850464
2884999936.0,0.2098250836133957
2885937408.0,0.21995244920253754
2886874880.0,0.22875750064849854
2887812608.0,0.21321390569210052
2888750080.0,0.21712735295295715
2889687552.0,0.2215733677148819
2890625024.0,0.22385165095329285
2891562496.0,0.22489073872566223
2892499968.0,0.226093128323555
2893437440.0,0.22538688778877258
2894374912.0,0.22293926775455475
2895312384.0,0.2201543003320694
2896250112.0,0.2146395444869995
2897187584.0,0.20822376012802124
2898125056.0,0.20027895271778107
2899062528.0,0.19037005305290222
2900000000.0,0.18046416342258453
2900937472.0,0.16781504452228546
2901874944.0,0.15374593436717987
2902812416.0,0.13837078213691711
2903749888.0,0.12270431965589523
2904687616.0,0.10658557713031769
2905625088.0,0.08815095573663712
2906562560.0,0.07073783874511719
2907500032.0,0.053018923848867416
2908437504.0,0.03505878522992134
2909374976.0,0.01700429432094097
2910312448.0,3.8889451388968155e-05
2911249920.0,-0.016762658953666687
2912187392.0,-0.03245800733566284
2913125120.0,-0.04704556614160538
2914062592.0,-0.059973202645778656
2915000064.0,-0.07153260707855225
2915937536.0,-0.08102961629629135
2916875008.0,-0.08917992562055588
2917812480.0,-0.09568946808576584
2918749952.0,-0.09967515617609024
2919687424.0,-0.10134542733430862
2920624896.0,-0.10124461352825165
2921562624.0,-0.09857021272182465
2922500096.0,-0.0948515310883522
2923437568.0,-0.08831436187028885
2924375040.0,-0.0789649486541748
2925312512.0,-0.06805973500013351
2926249984.0,-0.05572548136115074
2927187456.0,-0.04267774522304535
2928124928.0,-0.027980312705039978
2929062400.0,-0.010859905742108822
2929999872.0,0.005540756508708
2930937600.0,0.022944362834095955
2931875072.0,0.04032190516591072
2932812544.0,0.05785965919494629
2933750016.0,0.07559307664632797
2934687488.0,0.09282743185758591
2935624960.0,0.10986493527889252
2936562432.0,0.12549267709255219
2937499904.0,0.13987380266189575
2938437376.0,0.15366652607917786
2939375104.0,0.16691723465919495
2940312576.0,0.17671261727809906
2941250048.0,0.18678505718708038
2942187520.0,0.19593240320682526
2943124992.0,0.20249146223068237
2944062464.0,0.20865757763385773
2944999936.0,0.21374572813510895
2945937408.0,0.21687136590480804
2946874880.0,0.21842515468597412
2947812608.0,0.20040783286094666
2948750080.0,0.20024581253528595
2949687552.0,0.19813761115074158
2950625024.0,0.19575293362140656
2951562496.0,0.19332335889339447
2952499968.0,0.19039508700370789
2953437440.0,0.18665575981140137
2954374912.0,0.18344879150390625
2955312384.0,0.18054230511188507
2956250112.0,0.17652107775211334
2957187584.0,0.17391782999038696
2958125056.0,0.16950756311416626
2959062528.0,0.16577881574630737
2960000000.0,0.16098050773143768
2960937472.0,0.15545053780078888
2961874944.0,0.15179462730884552
2962812416.0,0.14727352559566498
2963749888.0,0.14180807769298553
2964687616.0,0.1363326758146286
2965625088.0,0.13043828308582306
2966562560.0,0.12446737289428711
2967500032.0,0.11690456420183182
2968437504.0,0.1107993945479393
2969374976.0,0.10394372045993805
2970312448.0,0.09767548739910126
2971249920.0,0.0905696302652359
2972187392.0,0.08222079277038574
2973125120.0,0.07429368048906326
2974062592.0,0.06708163768053055
2975000064.0,0.060054630041122437
2975937536.0,0.05212004482746124
2976875008.0,0.04392450302839279
2977812480.0,0.03726613149046898
2978749952.0,0.03117196448147297
2979687424.0,0.02458048053085804
2980624896.0,0.018837761133909225
2981562624.0,0.013954663649201393
2982500096.0,0.009343556128442287
2983437568.0,0.004332528915256262
2984375040.0,0.001174942241050303
2985312512.0,-0.0013677040114998817
2986249984.0,-0.0025874217972159386
2987187456.0,-0.00442841462790966
2988124928.0,-0.005605264566838741
2989062400.0,-0.005670740734785795
2990000128.0,-0.004975558258593082
2990937600.0,-0.004615420009940863
2991875072.0,-0.0032009955029934645
2992812544.0,-0.001392745180055499
2993750016.0,0.0006993256392888725
2994687488.0,0.0027489508502185345
2995624960.0,0.00395665830001235
2996562432.0,0.007105507422238588
2997499904.0,0.009431770071387291
2998437376.0,0.011568062007427216
2999375104.0,0.014331848360598087
3000312576.0,0.019945785403251648
3001250048.0,0.02262730523943901
3002187520.0,0.024689730256795883
3003124992.0,0.02683991566300392
3004062464.0,0.028891125693917274
3004999936.0,0.031245669350028038
3005937408.0,0.03197736293077469
3006874880.0,0.03411586955189705
3007812608.0,0.1265055388212204
3008750080.0,0.12450338155031204
3009687552.0,0.1217624768614769
3010625024.0,0.11804419755935669
3011562496.0,0.11338281631469727
3012499968.0,0.1102956235408783
3013437440.0,0.10575275123119354
3014374912.0,0.10070668160915375
3015312384.0,0.09607792645692825
3016250112.0,0.09039284288883209
3017187584.0,0.08577481657266617
3018125056.0,0.08008906990289688
3019062528.0,0.07435788214206696
3020000000.0,0.06862571090459824
3020937472.0,0.0626821517944336
3021874944.0,0.05746213346719742
3022812416.0,0.051363877952098846
3023749888.0,0.04527726396918297
3024687616.0,0.03897557407617569
3025625088.0,0.03342094272375107
3026562560.0,0.02704222872853279
3027500032.0,0.02145635522902012
3028437504.0,0.015751780942082405
3029374976.0,0.009594466537237167
3030312448.0,0.004309620708227158
3031249920.0,-0.0008169058128260076
3032187392.0,-0.006512378342449665
3033125120.0,-0.012358177453279495
3034062592.0,-0.018116073682904243
3035000064.0,-0.023143919184803963
3035937536.0,-0.027877969667315483
3036875008.0,-0.03250209242105484
3037812480.0,-0.03735718876123428
3038749952.0,-0.042121730744838715
3039687424.0,-0.045951999723911285
3040624896.0,-0.050670985132455826
3041562624.0,-0.053375452756881714
3042500096.0,-0.056057024747133255
3043437568.0,-0.059088483452796936
3044375040.0,-0.06132292374968529
3045312512.0,-0.06340298056602478
3046249984.0,-0.06431929022073746
3047187456.0,-0.06544047594070435
3048124928.0,-0.06613650918006897
3049062400.0,-0.06597302854061127
3049999872.0,-0.06502708047628403
3050937600.0,-0.06348282098770142
3051875072.0,-0.06123095378279686
3052812544.0,-0.0584033727645874
3053750016.0,-0.054469428956508636
3054687488.0,-0.05021536350250244
3055624960.0,-0.04548376053571701
3056562432.0,-0.039332762360572815
3057499904.0,-0.03202497214078903
3058437376.0,-0.024881692603230476
3059375104.0,-0.016488343477249146
3060312576.0,-0.007684323936700821
3061250048.0,0.0023055949714034796
3062187520.0,0.012574384920299053
3063124992.0,0.0233513992279768
3064062464.0,0.03448539972305298
3064999936.0,0.04626153036952019
3065937408.0,0.058798033744096756
3066874880.0,0.07158555090427399
3067812608.0,0.1401897668838501
3068750080.0,0.1449725329875946
3069687552.0,0.1495572179555893
3070625024.0,0.15213780105113983
3071562496.0,0.15361064672470093
3072499968.0,0.1533694863319397
3073437440.0,0.15175168216228485
3074374912.0,0.1492527574300766
3075312384.0,0.14520049095153809
3076250112.0,0.13915282487869263
3077187584.0,0.13253507018089294
3078125056.0,0.12450287491083145
3079062528.0,0.11575533449649811
3080000000.0,0.10592766851186752
3080937472.0,0.0956801250576973
3081874944.0,0.08453764766454697
3082812416.0,0.07361812889575958
3083749888.0,0.062197696417570114
3084687616.0,0.05116346850991249
3085625088.0,0.04043693095445633
3086562560.0,0.029869891703128815
3087500032.0,0.01988888718187809
3088437504.0,0.009074393659830093
3089374976.0,0.0004501370422076434
3090312448.0,-0.0084117092192173
3091249920.0,-0.015008913353085518
3092187392.0,-0.02164067141711712
3093125120.0,-0.027272164821624756
3094062592.0,-0.03201694041490555
3095000064.0,-0.03464102745056152
3095937536.0,-0.037454843521118164
3096875008.0,-0.037031449377536774
3097812480.0,-0.03695259615778923
3098749952.0,-0.03456940874457359
3099687424.0,-0.031916264444589615
3100624896.0,-0.028126569464802742
3101562624.0,-0.023269690573215485
3102500096.0,-0.017568783834576607
3103437568.0,-0.011500110849738121
3104375040.0,-0.004504141863435507
3105312512.0,0.002833497477695346
3106249984.0,0.0112295588478446
3107187456.0,0.01920386217534542
3108124928.0,0.02764296531677246
3109062400.0,0.03629126772284508
3110000128.0,0.04444929212331772
3110937600.0,0.05340806394815445
3111875072.0,0.06107759475708008
3112812544.0,0.06888028979301453
3113750016.0,0.07704076915979385
3114687488.0,0.0836700052022934
3115624960.0,0.09101523458957672
3116562432.0,0.0970851257443428
3117499904.0,0.10293363034725189
3118437376.0,0.10864497721195221
3119375104.0,0.11397375166416168
3120312576.0,0.11747193336486816
3121250048.0,0.12164472788572311
3122187520.0,0.1252034306526184
3123124992.0,0.12886962294578552
3124062464.0,0.13195067644119263
3124999936.0,0.13427047431468964
3125937408.0,0.13689404726028442
3126874880.0,0.13962580263614655
3127812608.0,0.1453355997800827
3128750080.0,0.14729787409305573
3129687552.0,0.14663153886795044
3130625024.0,0.14508281648159027
3131562496.0,0.14349886775016785
3132499968.0,0.1413702517747879
3133437440.0,0.13913701474666595
3134374912.0,0.13682304322719574
3135312384.0,0.13299931585788727
3136250112.0,0.1303478181362152
3137187584.0,0.1273786425590515
3138125056.0,0.1255335807800293
3139062528.0,0.12370371073484421
3140000000.0,0.12230108678340912
3140937472.0,0.12294771522283554
3141874944.0,0.12404655665159225
3142812416.0,0.12612859904766083
3143749888.0,0.13001716136932373
3144687616.0,0.13511544466018677
3145625088.0,0.14036232233047485
3146562560.0,0.1452399641275406
3147500032.0,0.15039023756980896
3148437504.0,0.1534903198480606
3149374976.0,0.15651731193065643
3150312448.0,0.15715555846691132
3151249920.0,0.15514415502548218
3152187392.0,0.152494415640831
3153125120.0,0.14667758345603943
3154062592.0,0.13913945853710175
3155000064.0,0.1298491358757019
3155937536.0,0.11997465044260025
3156875008.0,0.10589335113763809
3157812480.0,0.09123960137367249
3158749952.0,0.07617170363664627
3159687424.0,0.06016770005226135
3160624896.0,0.045338720083236694
3161562624.0,0.029063943773508072
3162500096.0,0.014091050252318382
3163437568.0,0.0006220000213943422
3164375040.0,-0.011395973153412342
3165312512.0,-0.02193376235663891
3166249984.0,-0.02948063798248768
3167187456.0,-0.036026403307914734
3168124928.0,-0.041010189801454544
3169062400.0,-0.042335864156484604
3169999872.0,-0.04168583080172539
3170937600.0,-0.03817704692482948
3171875072.0,-0.032666418701410294
3172812544.0,-0.025602223351597786
3173750016.0,-0.01611233502626419
3174687488.0,-0.00599734578281641
3175624960.0,0.006908383220434189
3176562432.0,0.01963036134839058
3177499904.0,0.03393373638391495
3178437376.0,0.048318471759557724
3179375104.0,0.06382568925619125
3180312576.0,0.07981403172016144
3181250048.0,0.09415016323328018
3182187520.0,0.10936345160007477
3183124992.0,0.12438824772834778
3184062464.0,0.13928891718387604
3184999936.0,0.15219582617282867
3185937408.0,0.1649760603904724
3186874880.0,0.17681556940078735
3187812608.0,0.1477240025997162
3188750080.0,0.14356036484241486
3189687552.0,0.13909092545509338
3190625024.0,0.13448193669319153
3191562496.0,0.12936967611312866
3192499968.0,0.12443607300519943
3193437440.0,0.11860159784555435
3194374912.0,0.11372893303632736
3195312384.0,0.10828779637813568
3196250112.0,0.1043434739112854
3197187584.0,0.09924457222223282
3198125056.0,0.09517952799797058
3199062528.0,0.09207688271999359
3200000000.0,0.08888266980648041
3200937472.0,0.08758364617824554
3201874944.0,0.08580130338668823
3202812416.0,0.08592942357063293
3203749888.0,0.08583780378103256
3204687616.0,0.08626095950603485
3205625088.0,0.08839678764343262
3206562560.0,0.08943596482276917
3207500032.0,0.09217483550310135
3208437504.0,0.09420113265514374
3209374976.0,0.09751413017511368
3210312448.0,0.09938416630029678
3211249920.0,0.10208983719348907
3212187392.0,0.10507982224225998
3213125120.0,0.10747679322957993
3214062592.0,0.11018050462007523
3215000064.0,0.112311951816082
3215937536.0,0.11291906237602234
3216875008.0,0.11478692293167114
3217812480.0,0.11650548130273819
3218749952.0,0.11677965521812439
3219687424.0,0.11732751131057739
3220624896.0,0.11677113175392151
3221562624.0,0.11734601855278015
3222500096.0,0.1163673847913742
3223437568.0,0.11510031670331955
3224375040.0,0.11450514942407608
3225312512.0,0.11339607834815979
3226249984.0,0.1118105873465538
3227187456.0,0.10995955020189285
3228124928.0,0.10816111415624619
3229062400.0,0.10769697278738022
3230000128.0,0.10659534484148026
3230937600.0,0.10620786994695663
3231875072.0,0.10524699091911316
3232812544.0,0.10623051971197128
3233750016.0,0.10740034282207489
3234687488.0,0.10919786244630814
3235624960.0,0.11080926656723022
3236562432.0,0.11422763764858246
3237499904.0,0.11809077858924866
3238437376.0,0.1217907965183258
3239375104.0,0.12659581005573273
3240312576.0,0.13217322528362274
3241250048.0,0.1371069997549057
3242187520.0,0.1441940814256668
3243124992.0,0.1500394493341446
3244062464.0,0.15643619000911713
3244999936.0,0.1630740761756897
3245937408.0,0.16850440204143524
3246874880.0,0.17318673431873322
3247812608.0,0.08475907891988754
3248750080.0,0.07590313255786896
3249687552.0,0.0676645040512085
3250625024.0,0.058426570147275925
3251562496.0,0.04859641566872597
3252499968.0,0.03879360109567642
3253437440.0,0.030406808480620384
3254374912.0,0.023084372282028198
3255312384.0,0.017408298328518867
3256250112.0,0.013471920043230057
3257187584.0,0.010683469474315643
3258125056.0,0.010477419011294842
3259062528.0,0.012617834843695164
3260000000.0,0.01609663851559162
3260937472.0,0.019689608365297318
3261874944.0,0.024892175570130348
3262812416.0,0.02993820607662201
3263749888.0,0.03469438850879669
3264687616.0,0.039942145347595215
3265625088.0,0.044592101126909256
3266562560.0,0.04862126708030701
3267500032.0,0.05357467755675316
3268437504.0,0.057650018483400345
3269374976.0,0.06093498319387436
3270312448.0,0.06416699290275574
3271249920.0,0.06688734143972397
3272187392.0,0.06971770524978638
3273125120.0,0.07170998305082321
3274062592.0,0.07462045550346375
3275000064.0,0.07627048343420029
3275937536.0,0.07795017957687378
3276875008.0,0.080714650452137
3277812480.0,0.0808427482843399
3278749952.0,0.08262966573238373
3279687424.0,0.08282959461212158
3280624896.0,0.08373762667179108
3281562624.0,0.08349788188934326
3282500096.0,0.0841788798570633
3283437568.0,0.08412356674671173
3284375040.0,0.08480238169431686
3285312512.0,0.08402292430400848
3286249984.0,0.08426494896411896
3287187456.0,0.08395887166261673
3288124928.0,0.08344344049692154
3289062400.0,0.08346932381391525
3289999872.0,0.08209726214408875
3290937600.0,0.08137406408786774
3291875072.0,0.08023504912853241
3292812544.0,0.0802929475903511
3293750016.0,0.08006460219621658
3294687488.0,0.08075899630784988
3295624960.0,0.08080049604177475
3296562432.0,0.08068504929542542
3297499904.0,0.08209038525819778
3298437376.0,0.08357018977403641
3299375104.0,0.08470378816127777
3300312576.0,0.08699842542409897
3301250048.0,0.08970469981431961
3302187520.0,0.09212863445281982
3303124992.0,0.09536811709403992
3304062464.0,0.0996536836028099
3304999936.0,0.10426212102174759
3305937408.0,0.10849417746067047
3306874880.0,0.11313655972480774
3307812608.0,0.1258445382118225
3308750080.0,0.13302521407604218
3309687552.0,0.14217239618301392
3310625024.0,0.1498146653175354
3311562496.0,0.15725846588611603
3312499968.0,0.16535697877407074
3313437440.0,0.17334595322608948
3314374912.0,0.1809481978416443
3315312384.0,0.1881318837404251
3316250112.0,0.1944432556629181
3317187584.0,0.20070920884609222
3318125056.0,0.20553484559059143
3319062528.0,0.2104404717683792
3320000000.0,0.21443764865398407
3320937472.0,0.21622493863105774
3321874944.0,0.21827232837677002
3322812416.0,0.21814042329788208
3323749888.0,0.21715198457241058
3324687616.0,0.21560189127922058
3325625088.0,0.21243664622306824
3326562560.0,0.20793446898460388
3327500032.0,0.20258598029613495
3328437504.0,0.1954250931739807
3329374976.0,0.18790656328201294
3330312448.0,0.179848775267601
3331249920.0,0.17112672328948975
3332187392.0,0.15978656709194183
3333125120.0,0.1494234949350357
3334062592.0,0.13878145813941956
3335000064.0,0.1281740814447403
3335937536.0,0.11625925451517105
3336875008.0,0.10502342134714127
3337812480.0,0.094027578830719
3338749952.0,0.08199828118085861
3339687424.0,0.07273156195878983
3340624896.0,0.06314421445131302
3341562624.0,0.053861767053604126
3342500096.0,0.044820576906204224
3343437568.0,0.03770215064287186
3344375040.0,0.03053898550570011
3345312512.0,0.02582640014588833
3346249984.0,0.02050904557108879
3347187456.0,0.017390405759215355
3348124928.0,0.015095457434654236
3349062400.0,0.013730105012655258
3350000128.0,0.013708896934986115
3350937600.0,0.01606081798672676
3351875072.0,0.018683334812521935
3352812544.0,0.022171951830387115
3353750016.0,0.0268726609647274
3354687488.0,0.03334272280335426
3355624960.0,0.03998063504695892
3356562432.0,0.048110365867614746
3357499904.0,0.056743323802948
3358437376.0,0.06617278605699539
3359375104.0,0.07535011321306229
3360312576.0,0.08564895391464233
3361250048.0,0.09544022381305695
3362187520.0,0.10534165799617767
3363124992.0,0.11531168967485428
3364062464.0,0.12485911697149277
3364999936.0,0.1348673701286316
3365937408.0,0.14352457225322723
3366874880.0,0.1520739495754242
3367812608.0,0.0345819927752018
3368750080.0,0.038661204278469086
3369687552.0,0.042616356164216995
3370625024.0,0.0469529889523983
3371562496.0,0.049236051738262177
3372499968.0,0.052007921040058136
3373437440.0,0.05346958339214325
3374374912.0,0.05499313771724701
3375312384.0,0.05490031838417053
3376250112.0,0.05382637307047844
3377187584.0,0.049976274371147156
3378125056.0,0.04714421555399895
3379062528.0,0.042536355555057526
3380000000.0,0.03776153177022934
3380937472.0,0.030872704461216927
3381874944.0,0.02312837541103363
3382812416.0,0.01541804987937212
3383749888.0,0.006096429191529751
3384687616.0,-0.0032869435381144285
3385625088.0,-0.01400466077029705
3386562560.0,-0.024259258061647415
3387500032.0,-0.03509284928441048
3388437504.0,-0.0465705506503582
3389374976.0,-0.05782423913478851
3390312448.0,-0.06864698976278305
3391249920.0,-0.08029110729694366
3392187392.0,-0.09036996960639954
3393125120.0,-0.10101873427629471
3394062592.0,-0.11016254127025604
3395000064.0,-0.11967203766107559
3395937536.0,-0.1275053322315216
3396875008.0,-0.13550102710723877
3397812480.0,-0.14223144948482513
3398749952.0,-0.1476525068283081
3399687424.0,-0.15195544064044952
3400624896.0,-0.15695716440677643
3401562624.0,-0.15991008281707764
3402500096.0,-0.16204074025154114
3403437568.0,-0.1638668030500412
3404375040.0,-0.16560685634613037
3405312512.0,-0.1664121299982071
3406249984.0,-0.16511061787605286
3407187456.0,-0.16545015573501587
3408124928.0,-0.16417470574378967
3409062400.0,-0.16506612300872803
3409999872.0,-0.1648600995540619
3410937600.0,-0.16457684338092804
3411875072.0,-0.16679762303829193
3412812544.0,-0.16834071278572083
3413750016.0,-0.17108528316020966
3414687488.0,-0.17525199055671692
3415624960.0,-0.1808929145336151
3416562432.0,-0.1879677176475525
3417499904.0,-0.1962340921163559
3418437376.0,-0.20774555206298828
3419375104.0,-0.22036579251289368
3420312576.0,-0.23486316204071045
3421250048.0,-0.2509235441684723
3422187520.0,-0.2691013514995575
3423124992.0,-0.28973281383514404
3424062464.0,-0.3123714327812195
3424999936.0,-0.3366047739982605
3425937408.0,-0.36379873752593994
3426874880.0,-0.3909856677055359
3427812608.0,-0.4220350980758667
3428750080.0,-0.4504985809326172
3429687552.0,-0.4774567782878876
3430625024.0,-0.5062592029571533
3431562496.0,-0.5346693992614746
3432499968.0,-0.5615419149398804
3433437440.0,-0.5890020132064819
3434374912.0,-0.6155550479888916
3435312384.0,-0.6430386304855347
3436250112.0,-0.6701195240020752
3437187584.0,-0.6969192028045654
3438125056.0,-0.7252129316329956
3439062528.0,-0.7537752985954285
3440000000.0,-0.7839978933334351
3440937472.0,-0.8152167201042175
3441874944.0,-0.8470648527145386
3442812416.0,-0.8821742534637451
3443749888.0,-0.9193536043167114
3444687616.0,-0.9585328698158264
3445625088.0,-1.0010179281234741
3446562560.0,-1.0465823411941528
3447500032.0,-1.0935524702072144
3448437504.0,-1.1430484056472778
3449374976.0,-1.1959575414657593
3450312448.0,-1.250882863998413
3451249920.0,-1.3075432777404785
3452187392.0,-1.3658170700073242
3453125120.0,-1.4256503582000732
3454062592.0,-1.4883960485458374
3455000064.0,-1.549554705619812
3455937536.0,-1.6117156744003296
3456875008.0,-1.6708563566207886
3457812480.0,-1.7279824018478394
3458749952.0,-1.7791694402694702
3459687424.0,-1.826122522354126
3460624896.0,-1.8672488927841187
3461562624.0,-1.900849461555481
3462500096.0,-1.927634835243225
3463437568.0,-1.9458523988723755
3464375040.0,-1.9575481414794922
3465312512.0,-1.9633280038833618
3466249984.0,-1.9607188701629639
3467187456.0,-1.9521347284317017
3468124928.0,-1.9361432790756226
3469062400.0,-1.9128879308700562
3470000128.0,-1.8824493885040283
3470937600.0,-1.845757246017456
3471875072.0,-1.8054202795028687
3472812544.0,-1.7615504264831543
3473750016.0,-1.715219259262085
3474687488.0,-1.6631498336791992
3475624960.0,-1.6109917163848877
3476562432.0,-1.556954264640808
3477499904.0,-1.503393292427063
3478437376.0,-1.4488415718078613
3479375104.0,-1.3945640325546265
3480312576.0,-1.344179391860962
3481250048.0,-1.2963402271270752
3482187520.0,-1.2466431856155396
3483124992.0,-1.1996148824691772
3484062464.0,-1.1539251804351807
3484999936.0,-1.1095951795578003
3485937408.0,-1.0670820474624634
3486874880.0,-1.0270746946334839
3487812608.0,-1.0216435194015503
3488750080.0,-0.9831367135047913
3489687552.0,-0.9473713636398315
3490625024.0,-0.9113938808441162
3491562496.0,-0.8771549463272095
3492499968.0,-0.8462106585502625
3493437440.0,-0.8160474300384521
3494374912.0,-0.7889478802680969
3495312384.0,-0.7633033394813538
3496250112.0,-0.7400854229927063
3497187584.0,-0.7192174196243286
3498125056.0,-0.7013410925865173
3499062528.0,-0.6849603056907654
3500000000.0,-0.6710195541381836
3500937472.0,-0.6576143503189087
3501874944.0,-0.6433635354042053
3502812416.0,-0.6306185722351074
3503749888.0,-0.6182640194892883
3504687616.0,-0.6058188676834106
3505625088.0,-0.5923909544944763
3506562560.0,-0.5803769826889038
3507500032.0,-0.5675071477890015
3508437504.0,-0.5557551383972168
3509374976.0,-0.5429003834724426
3510312448.0,-0.5312433242797852
3511249920.0,-0.5172451734542847
3512187392.0,-0.5045385956764221
3513125120.0,-0.4913855195045471
3514062592.0,-0.4768214821815491
3515000064.0,-0.4623074531555176
3515937536.0,-0.4466646611690521
3516875008.0,-0.42996644973754883
3517812480.0,-0.41131293773651123
3518749952.0,-0.3931807577610016
3519687424.0,-0.37580716609954834
3520624896.0,-0.35737696290016174
3521562624.0,-0.33928078413009644
3522500096.0,-0.3207729160785675
3523437568.0,-0.3017129898071289
3524375040.0,-0.2835133373737335
3525312512.0,-0.26555687189102173
3526249984.0,-0.2484792172908783
3527187456.0,-0.22957471013069153
3528124928.0,-0.21163587272167206
3529062400.0,-0.19445063173770905
3529999872.0,-0.17813155055046082
3530937600.0,-0.16316655278205872
3531875072.0,-0.1502297967672348
3532812544.0,-0.1396501660346985
3533750016.0,-0.13025949895381927
3534687488.0,-0.12223228812217712
3535624960.0,-0.11632224172353745
3536562432.0,-0.11234165728092194
3537499904.0,-0.10997191816568375
3538437376.0,-0.11078859120607376
3539375104.0,-0.11134839802980423
3540312576.0,-0.11384187638759613
3541250048.0,-0.1166222095489502
3542187520.0,-0.12115038931369781
3543124992.0,-0.12651672959327698
3544062464.0,-0.13366208970546722
3544999936.0,-0.14189285039901733
3545937408.0,-0.15208598971366882
3546874880.0,-0.16280409693717957
3547812608.0,-0.2025499939918518
3548750080.0,-0.1934618204832077
3549687552.0,-0.184533029794693
3550625024.0,-0.17600254714488983
3551562496.0,-0.16814154386520386
3552499968.0,-0.1613292694091797
3553437440.0,-0.1540917456150055
3554374912.0,-0.1489463746547699
3555312384.0,-0.1450634002685547
3556250112.0,-0.1406795084476471
3557187584.0,-0.13842712342739105
3558125056.0,-0.13523177802562714
3559062528.0,-0.13188989460468292
3560000000.0,-0.1291607767343521
3560937472.0,-0.12548699975013733
3561874944.0,-0.12314242124557495
3562812416.0,-0.12015929073095322
3563749888.0,-0.11784324049949646
3564687616.0,-0.11560878157615662
3565625088.0,-0.11303550750017166
3566562560.0,-0.11155927926301956
3567500032.0,-0.1099340096116066
3568437504.0,-0.1077643483877182
3569374976.0,-0.10501665621995926
3570312448.0,-0.10244406759738922
3571249920.0,-0.0991319939494133
3572187392.0,-0.09599646925926208
3573125120.0,-0.09308288246393204
3574062592.0,-0.08924245834350586
3575000064.0,-0.08719712495803833
3575937536.0,-0.08450924605131149
3576875008.0,-0.08001931756734848
3577812480.0,-0.07637887448072433
3578749952.0,-0.07231178134679794
3579687424.0,-0.06794711202383041
3580624896.0,-0.06555573642253876
3581562624.0,-0.061983294785022736
3582500096.0,-0.058768466114997864
3583437568.0,-0.05605030804872513
3584375040.0,-0.053226571530103683
3585312512.0,-0.05070706084370613
3586249984.0,-0.04733803868293762
3587187456.0,-0.04544626548886299
3588124928.0,-0.043280962854623795
3589062400.0,-0.043039966374635696
3590000128.0,-0.04201029986143112
3590937600.0,-0.04105140641331673
3591875072.0,-0.04006326571106911
3592812544.0,-0.04023486748337746
3593750016.0,-0.040332671254873276
3594687488.0,-0.04144326597452164
3595624960.0,-0.041259825229644775
3596562432.0,-0.0443367063999176
3597499904.0,-0.045922789722681046
3598437376.0,-0.04813408851623535
3599375104.0,-0.05060042813420296
3600312576.0,-0.05316993594169617
3601250048.0,-0.056182488799095154
3602187520.0,-0.05907587707042694
3603124992.0,-0.06172417849302292
3604062464.0,-0.06394224613904953
3604999936.0,-0.06589221209287643
3605937408.0,-0.06778394430875778
3606874880.0,-0.06948502361774445
3607812608.0,-0.07368392497301102
3608750080.0,-0.07170561701059341
3609687552.0,-0.06959635019302368
3610625024.0,-0.06872526556253433
3611562496.0,-0.06893559545278549
3612499968.0,-0.06977827847003937
3613437440.0,-0.07081131637096405
3614374912.0,-0.07275015115737915
3615312384.0,-0.0758298933506012
3616250112.0,-0.07734088599681854
3617187584.0,-0.08053020387887955
3618125056.0,-0.08277537673711777
3619062528.0,-0.08579232543706894
3620000000.0,-0.08878138661384583
3620937472.0,-0.09220416843891144
3621874944.0,-0.09556985646486282
3622812416.0,-0.09840644896030426
3623749888.0,-0.10221189260482788
3624687616.0,-0.10467205196619034
3625625088.0,-0.10811249911785126
3626562560.0,-0.11081697791814804
3627500032.0,-0.11348050087690353
3628437504.0,-0.11565175652503967
3629374976.0,-0.11733713746070862
3630312448.0,-0.11783395707607269
3631249920.0,-0.11803005635738373
3632187392.0,-0.11802355945110321
3633125120.0,-0.1166452094912529
3634062592.0,-0.11436957865953445
3635000064.0,-0.111700139939785
3635937536.0,-0.10891362279653549
3636875008.0,-0.10446909070014954
3637812480.0,-0.10075004398822784
3638749952.0,-0.09523778408765793
3639687424.0,-0.08868883550167084
3640624896.0,-0.08170224726200104
3641562624.0,-0.07415564358234406
3642500096.0,-0.06703384965658188
3643437568.0,-0.059483785182237625
3644375040.0,-0.05135205388069153
3645312512.0,-0.042716704308986664
3646249984.0,-0.035716712474823
3647187456.0,-0.027428017929196358
3648124928.0,-0.0192894134670496
3649062400.0,-0.010567652992904186
3649999872.0,-0.0028568569105118513
3650937600.0,0.005266324616968632
3651875072.0,0.01132472138851881
3652812544.0,0.018906664103269577
3653750016.0,0.024236930534243584
3654687488.0,0.028634874150156975
3655624960.0,0.032803330570459366
3656562432.0,0.03632326424121857
3657499904.0,0.03863807022571564
3658437376.0,0.039964478462934494
3659375104.0,0.04226332902908325
3660312576.0,0.043005187064409256
3661250048.0,0.04303186014294624
3662187520.0,0.041614290326833725
3663124992.0,0.04051404818892479
3664062464.0,0.03821687027812004
3664999936.0,0.03368186578154564
3665937408.0,0.02874836139380932
3666874880.0,0.02443775348365307
3667812608.0,0.015813268721103668
3668750080.0,0.010835641995072365
3669687552.0,0.006439678370952606
3670625024.0,0.002223098650574684
3671562496.0,-0.0015756739303469658
3672499968.0,-0.003982118796557188
3673437440.0,-0.006781863979995251
3674374912.0,-0.00872875563800335
3675312384.0,-0.009313644841313362
3676250112.0,-0.01021339651197195
3677187584.0,-0.011182441376149654
3678125056.0,-0.011043905280530453
3679062528.0,-0.010814194567501545
3680000000.0,-0.009432594291865826
3680937472.0,-0.007929361425340176
3681874944.0,-0.006352023221552372
3682812416.0,-0.004065176006406546
3683749888.0,-0.0029476149939000607
3684687616.0,-0.0006153846043162048
3685625088.0,0.0009723857510834932
3686562560.0,0.0036208501551300287
3687500032.0,0.006126273423433304
3688437504.0,0.008353713899850845
3689374976.0,0.01120473351329565
3690312448.0,0.013470490463078022
3691249920.0,0.01572992280125618
3692187392.0,0.018682515248656273
3693125120.0,0.02038474753499031
3694062592.0,0.023009134456515312
3695000064.0,0.024490421637892723
3695937536.0,0.027475008741021156
3696875008.0,0.030064314603805542
3697812480.0,0.03179759904742241
3698749952.0,0.033505383878946304
3699687424.0,0.03392801806330681
3700624896.0,0.035098616033792496
3701562624.0,0.03404916077852249
3702500096.0,0.033182378858327866
3703437568.0,0.03129655495285988
3704375040.0,0.02794736623764038
3705312512.0,0.023945553228259087
3706249984.0,0.01791880838572979
3707187456.0,0.010824445635080338
3708124928.0,0.0027599926106631756
3709062400.0,-0.006595116574317217
3710000128.0,-0.016613051295280457
3710937600.0,-0.02808235026896
3711875072.0,-0.04113996401429176
3712812544.0,-0.05614195391535759
3713750016.0,-0.07300584018230438
3714687488.0,-0.0902450680732727
3715624960.0,-0.10890724509954453
3716562432.0,-0.12821559607982635
3717499904.0,-0.1493542343378067
3718437376.0,-0.1712183654308319
3719375104.0,-0.1920514702796936
3720312576.0,-0.21368107199668884
3721250048.0,-0.23574092984199524
3722187520.0,-0.25610190629959106
3723124992.0,-0.27633729577064514
3724062464.0,-0.29529640078544617
3724999936.0,-0.312593013048172
3725937408.0,-0.3296879231929779
3726874880.0,-0.3444083034992218
3727812608.0,-0.034416522830724716
3728750080.0,-0.03446933999657631
3729687552.0,-0.03608682006597519
3730625024.0,-0.037222497165203094
3731562496.0,-0.039651867002248764
3732499968.0,-0.0416579432785511
3733437440.0,-0.04388292506337166
3734374912.0,-0.04624565318226814
3735312384.0,-0.04890768975019455
3736250112.0,-0.05137675255537033
3737187584.0,-0.05330199748277664
3738125056.0,-0.054904717952013016
3739062528.0,-0.05539008602499962
3740000000.0,-0.05613095685839653
3740937472.0,-0.05498635768890381
3741874944.0,-0.052999597042798996
3742812416.0,-0.050633758306503296
3743749888.0,-0.04672626405954361
3744687616.0,-0.04170893505215645
3745625088.0,-0.036413341760635376
3746562560.0,-0.030371850356459618
3747500032.0,-0.022271553054451942
3748437504.0,-0.013328971341252327
3749374976.0,-0.0042576054111123085
3750312448.0,0.005543900188058615
3751249920.0,0.017458640038967133
3752187392.0,0.02879275009036064
3753125120.0,0.039708126336336136
3754062592.0,0.050481535494327545
3755000064.0,0.061855558305978775
3755937536.0,0.07278911024332047
3756875008.0,0.08254237473011017
3757812480.0,0.09267027676105499
3758749952.0,0.1015288233757019
3759687424.0,0.10984944552183151
3760624896.0,0.11748911440372467
3761562624.0,0.12328536808490753
3762500096.0,0.12816932797431946
3763437568.0,0.13010065257549286
3764375040.0,0.13209371268749237
3765312512.0,0.13209158182144165
3766249984.0,0.13039158284664154
3767187456.0,0.12824103236198425
3768124928.0,0.12430769205093384
3769062400.0,0.11945942789316177
3769999872.0,0.11303335428237915
3770937600.0,0.10487329959869385
3771875072.0,0.09595388919115067
3772812544.0,0.08544043451547623
3773750016.0,0.07487200945615768
3774687488.0,0.06298313289880753
3775624960.0,0.05043178051710129
3776562432.0,0.03800983354449272
3777499904.0,0.024469509720802307
3778437376.0,0.010606396943330765
3779375104.0,-0.0015870948554947972
3780312576.0,-0.014914331026375294
3781250048.0,-0.027459407225251198
3782187520.0,-0.03997340425848961
3783124992.0,-0.051283787935972214
3784062464.0,-0.06265232712030411
3784999936.0,-0.07362253218889236
3785937408.0,-0.08352960646152496
3786874880.0,-0.0778605118393898
3787812608.0,-0.08222438395023346
3788750080.0,-0.08593923598527908
3789687552.0,-0.08904422074556351
3790625024.0,-0.09395654499530792
3791562496.0,-0.0974838137626648
3792499968.0,-0.10161557793617249
3793437440.0,-0.10493092983961105
3794374912.0,-0.10742715746164322
3795312384.0,-0.10971172153949738
3796250112.0,-0.11016388982534409
3797187584.0,-0.10991346091032028
3798125056.0,-0.10896392911672592
3799062528.0,-0.10692201554775238
3800000000.0,-0.10431590676307678
3800937472.0,-0.09963272511959076
3801874944.0,-0.09404830634593964
3802812416.0,-0.08738917112350464
3803749888.0,-0.0797463208436966
3804687616.0,-0.07306119799613953
3805625088.0,-0.0636165663599968
3806562560.0,-0.054470717906951904
3807500032.0,-0.04491345211863518
3808437504.0,-0.03573592007160187
3809374976.0,-0.026938294991850853
3810312448.0,-0.01802750863134861
3811249920.0,-0.009426494129002094
3812187392.0,-0.001919064437970519
3813125120.0,0.0058389934711158276
3814062592.0,0.013705690391361713
3815000064.0,0.02054891549050808
3815937536.0,0.027895186096429825
3816875008.0,0.033946339040994644
3817812480.0,0.038584060966968536
3818749952.0,0.043955691158771515
3819687424.0,0.04720553383231163
3820624896.0,0.04958034306764603
3821562624.0,0.050868064165115356
3822500096.0,0.05186958611011505
3823437568.0,0.052879542112350464
3824375040.0,0.05146369710564613
3825312512.0,0.05014323443174362
3826249984.0,0.04724951460957527
3827187456.0,0.044742219150066376
3828124928.0,0.04095451906323433
3829062400.0,0.03618597611784935
3830000128.0,0.03203370422124863
3830937600.0,0.0276087187230587
3831875072.0,0.023042337968945503
3832812544.0,0.018233705312013626
3833750016.0,0.013135864399373531
3834687488.0,0.006240484770387411
3835624960.0,0.00154963624663651
3836562432.0,-0.004422612488269806
3837499904.0,-0.010130790062248707
3838437376.0,-0.015733839944005013
3839375104.0,-0.01999114267528057
3840312576.0,-0.024890361353754997
3841250048.0,-0.029198072850704193
3842187520.0,-0.03373544663190842
3843124992.0,-0.03844897821545601
3844062464.0,-0.042068276554346085
3844999936.0,-0.04609436169266701
3845937408.0,-0.050635941326618195
3846874880.0,-0.04880431294441223
3847812608.0,-0.052194993942976
3848750080.0,-0.05493353679776192
3849687552.0,-0.05716825649142265
3850625024.0,-0.05864618346095085
3851562496.0,-0.05985100567340851
3852499968.0,-0.061570413410663605
3853437440.0,-0.0625934898853302
3854374912.0,-0.06331074237823486
3855312384.0,-0.0638103038072586
3856250112.0,-0.0633823499083519
3857187584.0,-0.06293263286352158
3858125056.0,-0.06325060874223709
3859062528.0,-0.0612715445458889
3860000000.0,-0.05988612025976181
3860937472.0,-0.057978980243206024
3861874944.0,-0.055333711206912994
3862812416.0,-0.05377655476331711
3863749888.0,-0.05167078971862793
3864687616.0,-0.05114726349711418
3865625088.0,-0.05175652354955673
3866562560.0,-0.05369580537080765
3867500032.0,-0.05771191418170929
3868437504.0,-0.06381913274526596
3869374976.0,-0.07078063488006592
3870312448.0,-0.0798601508140564
3871249920.0,-0.09029696136713028
3872187392.0,-0.10083112865686417
3873125120.0,-0.11154023557901382
3874062592.0,-0.12284732609987259
3875000064.0,-0.1341070979833603
3875937536.0,-0.14517566561698914
3876875008.0,-0.15467026829719543
3877812480.0,-0.16279298067092896
3878749952.0,-0.17080716788768768
3879687424.0,-0.17536553740501404
3880624896.0,-0.17915111780166626
3881562624.0,-0.1793108433485031
3882500096.0,-0.1797744631767273
3883437568.0,-0.1763947755098343
3884375040.0,-0.1715332269668579
3885312512.0,-0.16508400440216064
3886249984.0,-0.15766768157482147
3887187456.0,-0.14819632470607758
3888124928.0,-0.1372673660516739
3889062400.0,-0.1263400763273239
3889999872.0,-0.11530672013759613
3890937600.0,-0.10216883569955826
3891875072.0,-0.09061676263809204
3892812544.0,-0.07959848642349243
3893750016.0,-0.06880264729261398
3894687488.0,-0.058380547910928726
3895624960.0,-0.04897875711321831
3896562432.0,-0.04206843301653862
3897499904.0,-0.036062806844711304
3898437376.0,-0.03024737536907196
3899375104.0,-0.02571139484643936
3900312576.0,-0.0227105263620615
3901250048.0,-0.01966463029384613
3902187520.0,-0.018505390733480453
3903124992.0,-0.01762506365776062
3904062464.0,-0.015994945541024208
3904999936.0,-0.015146990306675434
3905937408.0,-0.012213548645377159
3906874880.0,-0.02024240605533123
3907812608.0,-0.027618559077382088
3908750080.0,-0.03334899991750717
3909687552.0,-0.03945443406701088
3910625024.0,-0.04193573072552681
3911562496.0,-0.043658990412950516
3912499968.0,-0.04272880405187607
3913437440.0,-0.040044523775577545
3914374912.0,-0.036533862352371216
3915312384.0,-0.030334176495671272
3916250112.0,-0.023165704682469368
3917187584.0,-0.01535357628017664
3918125056.0,-0.0050194282084703445
3919062528.0,0.00538822915405035
3920000000.0,0.017447801306843758
3920937472.0,0.028647439554333687
3921874944.0,0.0401717871427536
3922812416.0,0.052360329777002335
3923749888.0,0.06325605511665344
3924687616.0,0.07357801496982574
3925625088.0,0.08278872072696686
3926562560.0,0.09218214452266693
3927500032.0,0.1002117320895195
3928437504.0,0.10598588734865189
3929374976.0,0.11151231825351715
3930312448.0,0.11528600007295609
3931249920.0,0.11709780991077423
3932187392.0,0.11819330602884293
3933125120.0,0.11744263023138046
3934062592.0,0.11464131623506546
3935000064.0,0.1107310801744461
3935937536.0,0.1050848737359047
3936875008.0,0.09701225161552429
3937812480.0,0.0889512300491333
3938749952.0,0.08000080287456512
3939687424.0,0.06947308033704758
3940624896.0,0.058078568428754807
3941562624.0,0.046466000378131866
3942500096.0,0.03237510100007057
3943437568.0,0.020225806161761284
3944375040.0,0.005674641579389572
3945312512.0,-0.008682957850396633
3946249984.0,-0.023849453777074814
3947187456.0,-0.03752464801073074
3948124928.0,-0.05246010050177574
3949062400.0,-0.06481407582759857
3950000128.0,-0.0779973641037941
3950937600.0,-0.09023622423410416
3951875072.0,-0.1027500256896019
3952812544.0,-0.11527901887893677
3953750016.0,-0.12491756677627563
3954687488.0,-0.13519302010536194
3955624960.0,-0.14400088787078857
3956562432.0,-0.1526040881872177
3957499904.0,-0.1607438325881958
3958437376.0,-0.16789118945598602
3959375104.0,-0.17501221597194672
3960312576.0,-0.1808186024427414
3961250048.0,-0.1864120066165924
3962187520.0,-0.19157902896404266
3963124992.0,-0.19725270569324493
3964062464.0,-0.20196005702018738
3964999936.0,-0.20643258094787598
3965937408.0,-0.2104385942220688
3966874880.0,-0.10264085978269577
3967812608.0,-0.10800100117921829
3968750080.0,-0.11284113675355911
3969687552.0,-0.1164708137512207
3970625024.0,-0.11972571909427643
3971562496.0,-0.12145611643791199
3972499968.0,-0.12372653186321259
3973437440.0,-0.12386786192655563
3974374912.0,-0.12456002831459045
3975312384.0,-0.12399746477603912
3976250112.0,-0.12265028059482574
3977187584.0,-0.1201167181134224
3978125056.0,-0.11735111474990845
3979062528.0,-0.11398310959339142
3980000000.0,-0.10888246446847916
3980937472.0,-0.10326021164655685
3981874944.0,-0.09794691950082779
3982812416.0,-0.09018494933843613
3983749888.0,-0.08375397324562073
3984687616.0,-0.07715995609760284
3985625088.0,-0.07178390771150589
3986562560.0,-0.06481041014194489
3987500032.0,-0.058194033801555634
3988437504.0,-0.051206786185503006
3989374976.0,-0.04440390691161156
3990312448.0,-0.038202282041311264
3991249920.0,-0.03264307603240013
3992187392.0,-0.026953039690852165
3993125120.0,-0.02220226638019085
3994062592.0,-0.018497854471206665
3995000064.0,-0.01462648157030344
3995937536.0,-0.012482750229537487
3996875008.0,-0.011104574427008629
3997812480.0,-0.010169610381126404
3998749952.0,-0.010940718464553356
3999687424.0,-0.010636584833264351
4000624896.0,-0.0027985868509858847
4001562624.0,-0.008854112587869167
4002500096.0,-0.013469068333506584
4003437568.0,-0.020247111096978188
4004375040.0,-0.027066778391599655
4005312512.0,-0.03442433103919029
4006249984.0,-0.041773125529289246
4007187456.0,-0.05073728784918785
4008124928.0,-0.06026270240545273
4009062400.0,-0.06779062002897263
4009999872.0,-0.07644455879926682
4010937600.0,-0.0856618657708168
4011875072.0,-0.0951332226395607
4012812544.0,-0.10377401858568192
4013750016.0,-0.11390753835439682
4014687488.0,-0.12265216559171677
4015624960.0,-0.1310756951570511
4016562432.0,-0.13965407013893127
4017499904.0,-0.14797459542751312
4018437376.0,-0.15586631000041962
4019375104.0,-0.16262151300907135
4020312576.0,-0.16969555616378784
4021250048.0,-0.17696739733219147
4022187520.0,-0.18329623341560364
4023124992.0,-0.18874189257621765
4024062464.0,-0.19445587694644928
4024999936.0,-0.20020230114459991
4025937408.0,-0.20498187839984894
4026874880.0,-0.19783014059066772
4027812608.0,-0.20066037774085999
4028750080.0,-0.20308777689933777
4029687552.0,-0.206022709608078
4030625024.0,-0.2082592248916626
4031562496.0,-0.21107079088687897
4032499968.0,-0.2131446897983551
4033437440.0,-0.21439117193222046
4034374912.0,-0.21581952273845673
4035312384.0,-0.2157987356185913
4036250112.0,-0.21590681374073029
4037187584.0,-0.2152344137430191
4038125056.0,-0.21444451808929443
4039062528.0,-0.2151854783296585
4040000000.0,-0.2125619798898697
4040937472.0,-0.21048933267593384
4041874944.0,-0.2094249427318573
4042812416.0,-0.20754565298557281
4043749888.0,-0.20469455420970917
4044687616.0,-0.2010306864976883
4045625088.0,-0.19652561843395233
4046562560.0,-0.19044703245162964
4047500032.0,-0.18317092955112457
4048437504.0,-0.17564618587493896
4049374976.0,-0.1674870103597641
4050312448.0,-0.157035693526268
4051249920.0,-0.1473834365606308
4052187392.0,-0.13645465672016144
4053125120.0,-0.12456491589546204
4054062592.0,-0.11296848207712173
4055000064.0,-0.10112112015485764
4055937536.0,-0.08825476467609406
4056875008.0,-0.07520460337400436
4057812480.0,-0.0629325658082962
4058749952.0,-0.050372008234262466
4059687424.0,-0.03705636411905289
4060624896.0,-0.023994699120521545
4061562624.0,-0.013159088790416718
4062500096.0,-0.0020293553825467825
4063437568.0,0.00656532496213913
4064375040.0,0.015911750495433807
4065312512.0,0.023696156218647957
4066249984.0,0.029459163546562195
4067187456.0,0.03534944728016853
4068124928.0,0.03846883028745651
4069062400.0,0.04242531582713127
4070000128.0,0.045169323682785034
4070937600.0,0.0457315631210804
4071875072.0,0.04668513312935829
4072812544.0,0.04478021338582039
4073750016.0,0.04190567508339882
4074687488.0,0.0379159189760685
4075624960.0,0.03305606171488762
4076562432.0,0.027565041556954384
4077499904.0,0.020448122173547745
4078437376.0,0.014810816384851933
4079375104.0,0.006773099303245544
4080312576.0,-0.0008026211871765554
4081250048.0,-0.010496153496205807
4082187520.0,-0.020825376734137535
4083124992.0,-0.030463047325611115
4084062464.0,-0.04113361984491348
4084999936.0,-0.05083378776907921
4085937408.0,-0.059711556881666183
4086874880.0,-0.08472462743520737
4087812608.0,-0.09179084002971649
4088750080.0,-0.09654337167739868
4089687552.0,-0.10088247805833817
4090625024.0,-0.10432422161102295
4091562496.0,-0.10733950883150101
4092499968.0,-0.11044307798147202
4093437440.0,-0.11277971416711807
4094374912.0,-0.11480573564767838
4095312384.0,-0.11693815141916275
4096250112.0,-0.11796986311674118
4097187584.0,-0.11996534466743469
4098125056.0,-0.12164562195539474
4099062528.0,-0.12379831820726395
4100000000.0,-0.12643127143383026
4100937472.0,-0.12833455204963684
4101874944.0,-0.13113142549991608
4102812416.0,-0.13200229406356812
4103749888.0,-0.13616105914115906
4104687616.0,-0.13653063774108887
4105625088.0,-0.13933630287647247
4106562560.0,-0.1401386559009552
4107500032.0,-0.14158469438552856
4108437504.0,-0.14528127014636993
4109374976.0,-0.14399684965610504
4110312448.0,-0.14594802260398865
4111249920.0,-0.1479540467262268
4112187392.0,-0.1492425799369812
4113125120.0,-0.14990469813346863
4114062592.0,-0.15000717341899872
4115000064.0,-0.15012045204639435
4115937536.0,-0.15030166506767273
4116875008.0,-0.14802783727645874
4117812480.0,-0.1475462019443512
4118749952.0,-0.14569154381752014
4119687424.0,-0.14238719642162323
4120624896.0,-0.13893410563468933
4121562624.0,-0.1360298991203308
4122500096.0,-0.13204436004161835
4123437568.0,-0.1277105212211609
4124375040.0,-0.12371622025966644
4125312512.0,-0.119001105427742
4126249984.0,-0.11595986038446426
4127187456.0,-0.11241426318883896
4128124928.0,-0.1088496521115303
4129062400.0,-0.10401813685894012
4129999872.0,-0.10072090476751328
4130937600.0,-0.09796328097581863
4131875072.0,-0.09372739493846893
4132812544.0,-0.08993369340896606
4133750016.0,-0.08630367368459702
4134687488.0,-0.08272066712379456
4135624960.0,-0.07957439869642258
4136562432.0,-0.07613897323608398
4137499904.0,-0.07275968790054321
4138437376.0,-0.06959300488233566
4139375104.0,-0.06766318529844284
4140312576.0,-0.06418987363576889
4141250048.0,-0.06241188570857048
4142187520.0,-0.0598672553896904
4143124992.0,-0.05872480198740959
4144062464.0,-0.05679059028625488
4144999936.0,-0.05464049428701401
4145937408.0,-0.053300414234399796
4146874880.0,-0.0895310491323471
4147812608.0,-0.09198065847158432
4148750080.0,-0.09354002773761749
4149687552.0,-0.09397076070308685
4150625024.0,-0.0942625105381012
4151562496.0,-0.093875452876091
4152499968.0,-0.0924137607216835
4153437440.0,-0.090487539768219
4154374912.0,-0.08867943286895752
4155312384.0,-0.08555234968662262
4156250112.0,-0.08173702657222748
4157187584.0,-0.0773942843079567
4158125056.0,-0.07298821955919266
4159062528.0,-0.0678437352180481
4160000000.0,-0.0628238096833229
4160937472.0,-0.05745149403810501
4161874944.0,-0.05253341421484947
4162812416.0,-0.047812264412641525
4163749888.0,-0.04230235517024994
4164687616.0,-0.039410289376974106
4165625088.0,-0.03577949479222298
4166562560.0,-0.03270601108670235
4167500032.0,-0.03176608309149742
4168437504.0,-0.031917884945869446
4169374976.0,-0.032189734280109406
4170312448.0,-0.03262908756732941
4171249920.0,-0.03401684761047363
4172187392.0,-0.03703520819544792
4173125120.0,-0.03913341462612152
4174062592.0,-0.04235835000872612
4175000064.0,-0.04610743001103401
4175937536.0,-0.049838144332170486
4176875008.0,-0.0539044588804245
4177812480.0,-0.059482231736183167
4178749952.0,-0.06564381718635559
4179687424.0,-0.0713476687669754
4180624896.0,-0.0760497972369194
4181562624.0,-0.0810694545507431
4182500096.0,-0.08578115701675415
4183437568.0,-0.09008792042732239
4184375040.0,-0.09599713236093521
4185312512.0,-0.09978634864091873
4186249984.0,-0.10439494252204895
4187187456.0,-0.10844508558511734
4188124928.0,-0.11184684187173843
4189062400.0,-0.11676616221666336
4190000128.0,-0.12009359151124954
4190937600.0,-0.12351884692907333
4191875072.0,-0.12764351069927216
4192812544.0,-0.13129155337810516
4193750016.0,-0.13459213078022003
4194687488.0,-0.13889777660369873
4195624960.0,-0.14272326231002808
4196562432.0,-0.14713864028453827
4197499904.0,-0.15133941173553467
4198437376.0,-0.1559673398733139
4199375104.0,-0.16096240282058716
4200312576.0,-0.16546814143657684
4201250048.0,-0.17103847861289978
4202187520.0,-0.1763371080160141
4203124992.0,-0.18226023018360138
4204062464.0,-0.18674133718013763
4204999936.0,-0.19151975214481354
4205937408.0,-0.1964627206325531
4206874880.0,-0.18728671967983246
4207812608.0,-0.1927044540643692
4208750080.0,-0.19715569913387299
4209687552.0,-0.20275728404521942
4210625024.0,-0.20623847842216492
4211562496.0,-0.20970721542835236
4212499968.0,-0.21312059462070465
4213437440.0,-0.21346257627010345
4214374912.0,-0.21402141451835632
4215312384.0,-0.21385081112384796
4216250112.0,-0.2122921645641327
4217187584.0,-0.20866653323173523
4218125056.0,-0.20583932101726532
4219062528.0,-0.1995544582605362
4220000000.0,-0.1917567253112793
4220937472.0,-0.18317507207393646
4221874944.0,-0.17332491278648376
4222812416.0,-0.1617167890071869
4223749888.0,-0.14956486225128174
4224687616.0,-0.13535137474536896
4225625088.0,-0.12024551630020142
4226562560.0,-0.10332558304071426
4227500032.0,-0.08732587099075317
4228437504.0,-0.06906989961862564
4229374976.0,-0.052463702857494354
4230312448.0,-0.034711260348558426
4231249920.0,-0.016546860337257385
4232187392.0,0.0014298640890046954
4233125120.0,0.018496708944439888
4234062592.0,0.03526312857866287
4235000064.0,0.051804475486278534
4235937536.0,0.067430280148983
4236875008.0,0.08216790109872818
4237812480.0,0.09620534628629684
4238749952.0,0.10794388502836227
4239687424.0,0.11959059536457062
4240624896.0,0.12885652482509613
4241562624.0,0.1369907259941101
4242500096.0,0.14253124594688416
4243437568.0,0.14681604504585266
4244375040.0,0.14889831840991974
4245312512.0,0.15131574869155884
4246249984.0,0.1504596620798111
4247187456.0,0.14825297892093658
4248124928.0,0.14454659819602966
4249062400.0,0.13961495459079742
4249999872.0,0.13162855803966522
4250937600.0,0.12217775732278824
4251875072.0,0.11173238605260849
4252812544.0,0.09826073050498962
4253750016.0,0.08393140137195587
4254687488.0,0.06722326576709747
4255624960.0,0.05011891946196556
4256562432.0,0.0311683788895607
4257499904.0,0.011463078670203686
4258437376.0,-0.00923010054975748
4259375104.0,-0.03064584732055664
4260312576.0,-0.052712537348270416
4261250048.0,-0.07569420337677002
4262187520.0,-0.09873288869857788
4263124992.0,-0.12138566374778748
4264062464.0,-0.14428922533988953
4264999936.0,-0.16781365871429443
4265937408.0,-0.1884801983833313
4266874880.0,-0.2066715806722641
4267812608.0,-0.21608884632587433
4268750080.0,-0.2263587862253189
4269687552.0,-0.23632024228572845
4270625024.0,-0.2444290965795517
4271562496.0,-0.2527717053890228
4272499968.0,-0.25945284962654114
4273437440.0,-0.2654920816421509
4274374912.0,-0.2688993811607361
4275312384.0,-0.27202093601226807
4276250112.0,-0.27160319685935974
4277187584.0,-0.27058663964271545
4278125056.0,-0.266915500164032
4279062528.0,-0.2605039179325104
4280000000.0,-0.2524459958076477
4280937472.0,-0.24055783450603485
4281874944.0,-0.22831346094608307
4282812416.0,-0.2117806226015091
4283749888.0,-0.1953909695148468
4284687616.0,-0.1779257357120514
4285625088.0,-0.15805742144584656
4286562560.0,-0.13646015524864197
4287500032.0,-0.11386996507644653
4288437504.0,-0.09063027799129486
4289374976.0,-0.06585422158241272
4290312448.0,-0.039666179567575455
4291249920.0,-0.014247452840209007
4292187392.0,0.010520080104470253
4293125120.0,0.03470159322023392
4294062592.0,0.058070145547389984
4295000064.0,0.0800049751996994
4295937536.0,0.10020073503255844
4296875008.0,0.11868011206388474
4297812480.0,0.1373772919178009
4298749952.0,0.15211175382137299
4299687424.0,0.16527244448661804
4300624896.0,0.17577162384986877
4301562368.0,0.18432927131652832
4302499840.0,0.1907745897769928
4303437312.0,0.19384372234344482
4304374784.0,0.1949062943458557
4305312256.0,0.19388553500175476
4306250240.0,0.18936866521835327
4307187712.0,0.18200863897800446
4308125184.0,0.1739519089460373
4309062656.0,0.16250936686992645
4310000128.0,0.14872336387634277
4310937600.0,0.1342526227235794
4311875072.0,0.11787593364715576
4312812544.0,0.0996626690030098
4313750016.0,0.08146563172340393
4314687488.0,0.06206783279776573
4315624960.0,0.0418982058763504
4316562432.0,0.021054495126008987
4317499904.0,0.001909869839437306
4318437376.0,-0.01921396702528
4319374848.0,-0.03886959329247475
4320312320.0,-0.057818453758955
4321249792.0,-0.07584229111671448
4322187264.0,-0.09225950390100479
4323125248.0,-0.10874972492456436
4324062720.0,-0.12350379675626755
4325000192.0,-0.13743852078914642
4325937664.0,-0.1497982144355774
4326875136.0,-0.2156277745962143
4327812608.0,-0.21602001786231995
4328750080.0,-0.21565425395965576
4329687552.0,-0.21376268565654755
4330625024.0,-0.20991484820842743
4331562496.0,-0.2052067369222641
4332499968.0,-0.19941817224025726
4333437440.0,-0.19224883615970612
4334374912.0,-0.18499085307121277
4335312384.0,-0.1767386943101883
4336249856.0,-0.16797399520874023
4337187328.0,-0.15803855657577515
4338124800.0,-0.14901138842105865
4339062272.0,-0.1404089778661728
4339999744.0,-0.1320868283510208
4340937728.0,-0.12541364133358002
4341875200.0,-0.11863848567008972
4342812672.0,-0.1115666851401329
4343750144.0,-0.1063794419169426
4344687616.0,-0.10171710699796677
4345625088.0,-0.0977332592010498
4346562560.0,-0.09430888295173645
4347500032.0,-0.09131253510713577
4348437504.0,-0.08865698426961899
4349374976.0,-0.08646095544099808
4350312448.0,-0.08634372055530548
4351249920.0,-0.08517901599407196
4352187392.0,-0.08499066531658173
4353124864.0,-0.08483155816793442
4354062336.0,-0.08593342453241348
4354999808.0,-0.0861625224351883
4355937280.0,-0.08813226222991943
4356874752.0,-0.08942196518182755
4357812736.0,-0.09088435769081116
4358750208.0,-0.09241259843111038
4359687680.0,-0.09490357339382172
4360625152.0,-0.09663145989179611
4361562624.0,-0.09892451018095016
4362500096.0,-0.10045590996742249
4363437568.0,-0.10257353633642197
4364375040.0,-0.10433481633663177
4365312512.0,-0.10788211226463318
4366249984.0,-0.1093844547867775
4367187456.0,-0.11393701285123825
4368124928.0,-0.11750312149524689
4369062400.0,-0.12125308811664581
4369999872.0,-0.12534265220165253
4370937344.0,-0.12989076972007751
4371874816.0,-0.13300015032291412
4372812288.0,-0.1362980157136917
4373749760.0,-0.14076760411262512
4374687744.0,-0.14500868320465088
4375625216.0,-0.14969801902770996
4376562688.0,-0.1555684506893158
4377500160.0,-0.1615280658006668
4378437632.0,-0.1678474098443985
4379375104.0,-0.17506372928619385
4380312576.0,-0.1827164590358734
4381250048.0,-0.18992283940315247
4382187520.0,-0.1980733722448349
4383124992.0,-0.20746147632598877
4384062464.0,-0.2159932553768158
4384999936.0,-0.2261575162410736
4385937408.0,-0.23673005402088165
4386874880.0,-0.31054624915122986
4387812352.0,-0.3186851143836975
4388749824.0,-0.32618850469589233
4389687296.0,-0.33263927698135376
4390624768.0,-0.3365543484687805
4391562752.0,-0.33905768394470215
4392500224.0,-0.33963513374328613
4393437696.0,-0.3380448818206787
4394375168.0,-0.3356081545352936
4395312640.0,-0.33013808727264404
4396250112.0,-0.3249703347682953
4397187584.0,-0.31719666719436646
4398125056.0,-0.30619385838508606
4399062528.0,-0.2939740717411041
4400000000.0,-0.28089597821235657
4400937472.0,-0.26575207710266113
4401874944.0,-0.25000056624412537
4402812416.0,-0.2341509759426117
4403749888.0,-0.21739992499351501
4404687360.0,-0.19916272163391113
4405624832.0,-0.18001781404018402
4406562304.0,-0.16117018461227417
4407499776.0,-0.14284513890743256
4408437248.0,-0.12492334097623825
4409375232.0,-0.10877643525600433
4410312704.0,-0.09266338497400284
4411250176.0,-0.07794927805662155
4412187648.0,-0.06404272466897964
4413125120.0,-0.052302490919828415
4414062592.0,-0.04188528656959534
4415000064.0,-0.03425890952348709
4415937536.0,-0.02813887782394886
4416875008.0,-0.023479390889406204
4417812480.0,-0.02277022786438465
4418749952.0,-0.02414485067129135
4419687424.0,-0.027600370347499847
4420624896.0,-0.03294439613819122
4421562368.0,-0.041008345782756805
4422499840.0,-0.05082061514258385
4423437312.0,-0.0628647431731224
4424374784.0,-0.07673852145671844
4425312256.0,-0.09108013659715652
4426250240.0,-0.1067698523402214
4427187712.0,-0.12614895403385162
4428125184.0,-0.1455925852060318
4429062656.0,-0.16697336733341217
4430000128.0,-0.19028708338737488
4430937600.0,-0.2135748565196991
4431875072.0,-0.23848040401935577
4432812544.0,-0.2642957270145416
4433750016.0,-0.28921717405319214
4434687488.0,-0.3144160807132721
4435624960.0,-0.33962562680244446
4436562432.0,-0.3637092709541321
4437499904.0,-0.387218177318573
4438437376.0,-0.4097456932067871
4439374848.0,-0.4310830533504486
4440312320.0,-0.4510003626346588
4441249792.0,-0.4698506295681
4442187264.0,-0.4867115318775177
4443125248.0,-0.5025473237037659
4444062720.0,-0.5144785642623901
4445000192.0,-0.5249398350715637
4445937664.0,-0.5331636071205139
4446875136.0,-0.5439109802246094
4447812608.0,-0.5509635210037231
4448750080.0,-0.5558030009269714
4449687552.0,-0.5599717497825623
4450625024.0,-0.5629308223724365
4451562496.0,-0.5636627674102783
4452499968.0,-0.562235951423645
4453437440.0,-0.5596804618835449
4454374912.0,-0.5540808439254761
4455312384.0,-0.5451889634132385
4456249856.0,-0.5351718068122864
4457187328.0,-0.5223454236984253
4458124800.0,-0.5071321129798889
4459062272.0,-0.49099013209342957
4460000256.0,-0.473581999540329
4460937728.0,-0.45527592301368713
4461875200.0,-0.4372914433479309
4462812672.0,-0.41831350326538086
4463750144.0,-0.39856377243995667
4464687616.0,-0.38028785586357117
4465625088.0,-0.36245617270469666
4466562560.0,-0.34554198384284973
4467500032.0,-0.3296337425708771
4468437504.0,-0.31458842754364014
4469374976.0,-0.3016544282436371
4470312448.0,-0.2884359657764435
4471249920.0,-0.2776621878147125
4472187392.0,-0.267434686422348
4473124864.0,-0.2594245970249176
4474062336.0,-0.2532790005207062
4474999808.0,-0.2502710819244385
4475937280.0,-0.24790982902050018
4476874752.0,-0.24808257818222046
4477812736.0,-0.24944883584976196
4478750208.0,-0.2520553469657898
4479687680.0,-0.25816410779953003
4480625152.0,-0.26631319522857666
4481562624.0,-0.2774753272533417
4482500096.0,-0.2915536165237427
4483437568.0,-0.30680418014526367
4484375040.0,-0.325249582529068
4485312512.0,-0.3468148410320282
4486249984.0,-0.36962735652923584
4487187456.0,-0.3956906199455261
4488124928.0,-0.4236774742603302
4489062400.0,-0.4512784779071808
4489999872.0,-0.4815736413002014
4490937344.0,-0.5125821232795715
4491874816.0,-0.5457605123519897
4492812288.0,-0.5792451500892639
4493749760.0,-0.613641083240509
4494687744.0,-0.6476603150367737
4495625216.0,-0.6823248267173767
4496562688.0,-0.7155935168266296
4497500160.0,-0.7501417398452759
4498437632.0,-0.7836747169494629
4499375104.0,-0.8149097561836243
4500312576.0,-0.8448209762573242
4501250048.0,-0.872992217540741
4502187520.0,-0.8993958234786987
4503124992.0,-0.9225597977638245
4504062464.0,-0.9450746774673462
4504999936.0,-0.9655427932739258
4505937408.0,-0.9828720688819885
4506874880.0,-0.9504299163818359
4507812352.0,-0.9659282565116882
4508749824.0,-0.9800289869308472
4509687296.0,-0.9899693131446838
4510624768.0,-0.9996199607849121
4511562752.0,-1.004687786102295
4512500224.0,-1.008540391921997
4513437696.0,-1.0069210529327393
4514375168.0,-1.0049269199371338
4515312640.0,-0.9997528791427612
4516250112.0,-0.9916983842849731
4517187584.0,-0.9821485877037048
4518125056.0,-0.9686740636825562
4519062528.0,-0.9542256593704224
4520000000.0,-0.9399373531341553
4520937472.0,-0.923759937286377
4521874944.0,-0.9066610932350159
4522812416.0,-0.8883375525474548
4523749888.0,-0.8709651827812195
4524687360.0,-0.8541089296340942
4525624832.0,-0.8401128053665161
4526562304.0,-0.8260560631752014
4527499776.0,-0.8144325017929077
4528437248.0,-0.8040058612823486
4529375232.0,-0.7951218485832214
4530312704.0,-0.7891727685928345
4531250176.0,-0.7855117917060852
4532187648.0,-0.7865363359451294
4533125120.0,-0.7886574864387512
4534062592.0,-0.7942602634429932
4535000064.0,-0.8011646270751953
4535937536.0,-0.8131753206253052
4536875008.0,-0.8282758593559265
4537812480.0,-0.8456262350082397
4538749952.0,-0.8684558272361755
4539687424.0,-0.8933942914009094
4540624896.0,-0.9242031574249268
4541562368.0,-0.9557357430458069
4542499840.0,-0.9926463961601257
4543437312.0,-1.0331014394760132
4544374784.0,-1.0771564245224
4545312256.0,-1.122973084449768
4546250240.0,-1.1724200248718262
4547187712.0,-1.2245126962661743
4548125184.0,-1.2796109914779663
4549062656.0,-1.3382441997528076
4550000128.0,-1.3997596502304077
4550937600.0,-1.4646151065826416
4551875072.0,-1.5331951379776
4552812544.0,-1.6044161319732666
4553750016.0,-1.6768962144851685
4554687488.0,-1.750832438468933
4555624960.0,-1.8234518766403198
4556562432.0,-1.898774266242981
4557499904.0,-1.971740484237671
4558437376.0,-2.045483112335205
4559374848.0,-2.116119146347046
4560312320.0,-2.1858553886413574
4561249792.0,-2.2535109519958496
4562187264.0,-2.317897081375122
4563125248.0,-2.3804378509521484
4564062720.0,-2.4430041313171387
4565000192.0,-2.5039029121398926
4565937664.0,-2.567366600036621
4566875136.0,-2.4565789699554443
4567812608.0,-2.4946508407592773
4568750080.0,-2.530808448791504
4569687552.0,-2.56601881980896
4570625024.0,-2.597191333770752
4571562496.0,-2.6288907527923584
4572499968.0,-2.6586272716522217
4573437440.0,-2.685553789138794
4574374912.0,-2.7119789123535156
4575312384.0,-2.739409923553467
4576249856.0,-2.7700035572052
4577187328.0,-2.8022427558898926
4578124800.0,-2.83835506439209
4579062272.0,-2.8751673698425293
4579999744.0,-2.913165807723999
4580937728.0,-2.9519295692443848
4581875200.0,-2.9902660846710205
4582812672.0,-3.0274221897125244
4583750144.0,-3.062575578689575
4584687616.0,-3.0976827144622803
4585625088.0,-3.1344823837280273
4586562560.0,-3.168198823928833
4587500032.0,-3.2040185928344727
4588437504.0,-3.2400271892547607
4589374976.0,-3.274136781692505
4590312448.0,-3.306363105773926
4591249920.0,-3.339252233505249
4592187392.0,-3.3728444576263428
4593124864.0,-3.4086813926696777
4594062336.0,-3.4446918964385986
4594999808.0,-3.4840333461761475
4595937280.0,-3.5238819122314453
4596874752.0,-3.567617177963257
4597812736.0,-3.6124491691589355
4598750208.0,-3.661207437515259
4599687680.0,-3.7105588912963867
4600625152.0,-3.764270305633545
4601562624.0,-3.8196539878845215
4602500096.0,-3.8749074935913086
4603437568.0,-3.9260125160217285
4604375040.0,-3.975126266479492
4605312512.0,-4.019227504730225
4606249984.0,-4.059924602508545
4607187456.0,-4.1006245613098145
4608124928.0,-4.141075611114502
4609062400.0,-4.181225776672363
4609999872.0,-4.22063684463501
4610937344.0,-4.258209228515625
4611874816.0,-4.293150424957275
4612812288.0,-4.327886581420898
4613749760.0,-4.362119674682617
4614687744.0,-4.3928704261779785
4615625216.0,-4.421134948730469
4616562688.0,-4.445286273956299
4617500160.0,-4.464207172393799
4618437632.0,-4.478948593139648
4619375104.0,-4.488877773284912
4620312576.0,-4.49587345123291
4621250048.0,-4.497954368591309
4622187520.0,-4.4983601570129395
4623124992.0,-4.4967780113220215
4624062464.0,-4.491297721862793
4624999936.0,-4.4832916259765625
4625937408.0,-4.471419334411621
4626874880.0,-4.646492004394531
4627812352.0,-4.601296424865723
4628749824.0,-4.547145366668701
4629687296.0,-4.484713077545166
4630624768.0,-4.413339138031006
4631562752.0,-4.33497428894043
4632500224.0,-4.248744964599609
4633437696.0,-4.155514240264893
4634375168.0,-4.0591044425964355
4635312640.0,-3.956397771835327
4636250112.0,-3.8525185585021973
4637187584.0,-3.748053550720215
4638125056.0,-3.642157554626465
4639062528.0,-3.533339738845825
4640000000.0,-3.4269516468048096
4640937472.0,-3.3198494911193848
4641874944.0,-3.2109975814819336
4642812416.0,-3.099309206008911
4643749888.0,-2.9873971939086914
4644687360.0,-2.8760006427764893
4645624832.0,-2.766476631164551
4646562304.0,-2.6598634719848633
4647499776.0,-2.5569660663604736
4648437248.0,-2.456566572189331
4649375232.0,-2.361725091934204
4650312704.0,-2.270557403564453
4651250176.0,-2.184333086013794
4652187648.0,-2.1001763343811035
4653125120.0,-2.021209716796875
4654062592.0,-1.9464000463485718
4655000064.0,-1.8756150007247925
4655937536.0,-1.8088302612304688
4656875008.0,-1.747211217880249
4657812480.0,-1.6879786252975464
4658749952.0,-1.633442997932434
4659687424.0,-1.5823464393615723
4660624896.0,-1.5354913473129272
4661562368.0,-1.4951764345169067
4662499840.0,-1.4602363109588623
4663437312.0,-1.4304618835449219
4664374784.0,-1.4029624462127686
4665312256.0,-1.3780403137207031
4666250240.0,-1.3568817377090454
4667187712.0,-1.3371812105178833
4668125184.0,-1.3205523490905762
4669062656.0,-1.3091968297958374
4670000128.0,-1.2973006963729858
4670937600.0,-1.2886203527450562
4671875072.0,-1.2837454080581665
4672812544.0,-1.2789469957351685
4673750016.0,-1.2748819589614868
4674687488.0,-1.2695482969284058
4675624960.0,-1.2632122039794922
4676562432.0,-1.2558345794677734
4677499904.0,-1.2458200454711914
4678437376.0,-1.2339282035827637
4679374848.0,-1.2204583883285522
4680312320.0,-1.2051115036010742
4681249792.0,-1.1874967813491821
4682187264.0,-1.1681575775146484
4683125248.0,-1.148608684539795
4684062720.0,-1.1271467208862305
4685000192.0,-1.1052844524383545
4685937664.0,-1.0832442045211792
4686875136.0,-1.0846010446548462
4687812608.0,-1.0608494281768799
4688750080.0,-1.0368744134902954
4689687552.0,-1.010386347770691
4690625024.0,-0.9835335612297058
4691562496.0,-0.9543147683143616
4692499968.0,-0.9249115586280823
4693437440.0,-0.8943932056427002
4694374912.0,-0.864719569683075
4695312384.0,-0.8337304592132568
4696249856.0,-0.8008078932762146
4697187328.0,-0.7686266303062439
4698124800.0,-0.7368724346160889
4699062272.0,-0.7026475667953491
4700000256.0,-0.6699126958847046
4700937728.0,-0.6366104483604431
4701875200.0,-0.6037531495094299
4702812672.0,-0.5700517892837524
4703750144.0,-0.5389915108680725
4704687616.0,-0.508690357208252
4705625088.0,-0.47910982370376587
4706562560.0,-0.4512166380882263
4707500032.0,-0.425155907869339
4708437504.0,-0.4000137150287628
4709374976.0,-0.3769496977329254
4710312448.0,-0.35526639223098755
4711249920.0,-0.3343924880027771
4712187392.0,-0.31643542647361755
4713124864.0,-0.2999359667301178
4714062336.0,-0.28495725989341736
4714999808.0,-0.2722107470035553
4715937280.0,-0.262442022562027
4716874752.0,-0.25359514355659485
4717812736.0,-0.24770256876945496
4718750208.0,-0.24206140637397766
4719687680.0,-0.23965685069561005
4720625152.0,-0.2388906478881836
4721562624.0,-0.23862773180007935
4722500096.0,-0.2414310723543167
4723437568.0,-0.24641937017440796
4724375040.0,-0.25395238399505615
4725312512.0,-0.2623974084854126
4726249984.0,-0.2737963795661926
4727187456.0,-0.28650039434432983
4728124928.0,-0.3006730079650879
4729062400.0,-0.3163987696170807
4729999872.0,-0.3325869143009186
4730937344.0,-0.35022491216659546
4731874816.0,-0.3687971234321594
4732812288.0,-0.3869277834892273
4733749760.0,-0.405154824256897
4734687744.0,-0.4242764413356781
4735625216.0,-0.44301244616508484
4736562688.0,-0.4618542790412903
4737500160.0,-0.4793657064437866
4738437632.0,-0.49711331725120544
4739375104.0,-0.5144575238227844
4740312576.0,-0.5305327773094177
4741250048.0,-0.546384871006012
4742187520.0,-0.5604402422904968
4743124992.0,-0.5741127729415894
4744062464.0,-0.5863732695579529
4744999936.0,-0.5978463292121887
4745937408.0,-0.6085631251335144
4746874880.0,-0.42832210659980774
4747812352.0,-0.4295918643474579
4748749824.0,-0.42983540892601013
4749687296.0,-0.4301776885986328
4750624768.0,-0.42856365442276
4751562752.0,-0.4270576536655426
4752500224.0,-0.42534080147743225
4753437696.0,-0.4218514561653137
4754375168.0,-0.4186149537563324
4755312640.0,-0.4150179326534271
4756250112.0,-0.41173654794692993
4757187584.0,-0.40787407755851746
4758125056.0,-0.4043690860271454
4759062528.0,-0.39991140365600586
4760000000.0,-0.393894761800766
4760937472.0,-0.38749659061431885
4761874944.0,-0.3807981610298157
4762812416.0,-0.37233030796051025
4763749888.0,-0.3635382652282715
4764687360.0,-0.35293444991111755
4765624832.0,-0.3421393930912018
4766562304.0,-0.33111220598220825
4767499776.0,-0.32003775238990784
4768437248.0,-0.30822205543518066
4769375232.0,-0.29447558522224426
4770312704.0,-0.2815847098827362
4771250176.0,-0.2673996686935425
4772187648.0,-0.2516076862812042
4773125120.0,-0.23476453125476837
4774062592.0,-0.21783368289470673
4775000064.0,-0.19948533177375793
4775937536.0,-0.18075236678123474
4776875008.0,-0.16139619052410126
4777812480.0,-0.14214186370372772
4778749952.0,-0.12045305222272873
4779687424.0,-0.1001589298248291
4780624896.0,-0.0785519927740097
4781562368.0,-0.055516064167022705
4782499840.0,-0.03373432904481888
4783437312.0,-0.012153352610766888
4784374784.0,0.010248257778584957
4785312256.0,0.03230420500040054
4786250240.0,0.05278381332755089
4787187712.0,0.07343391329050064
4788125184.0,0.09268693625926971
4789062656.0,0.11152776330709457
4790000128.0,0.12836965918540955
4790937600.0,0.14393746852874756
4791875072.0,0.15840695798397064
4792812544.0,0.16966836154460907
4793750016.0,0.17982281744480133
4794687488.0,0.1886918693780899
4795624960.0,0.1928190141916275
4796562432.0,0.1959352344274521
4797499904.0,0.19559849798679352
4798437376.0,0.19326335191726685
4799374848.0,0.18754564225673676
4800312320.0,0.17955955862998962
4801249792.0,0.16888685524463654
4802187264.0,0.1557467132806778
4803125248.0,0.1386040300130844
4804062720.0,0.12048468738794327
4805000192.0,0.09899136424064636
4805937664.0,0.0763728991150856
4806875136.0,-0.2114221751689911
4807812608.0,-0.21837104856967926
4808750080.0,-0.22620056569576263
4809687552.0,-0.233908012509346
4810625024.0,-0.24206890165805817
4811562496.0,-0.2481369525194168
4812499968.0,-0.25535038113594055
4813437440.0,-0.2612024247646332
4814374912.0,-0.2672443389892578
4815312384.0,-0.272022545337677
4816249856.0,-0.27563828229904175
4817187328.0,-0.278361976146698
4818124800.0,-0.28071263432502747
4819062272.0,-0.28228625655174255
4819999744.0,-0.28184694051742554
4820937728.0,-0.28198006749153137
4821875200.0,-0.27998584508895874
4822812672.0,-0.2773225009441376
4823750144.0,-0.2739342749118805
4824687616.0,-0.2691010534763336
4825625088.0,-0.2628915309906006
4826562560.0,-0.2561778128147125
4827500032.0,-0.24845117330551147
4828437504.0,-0.2390293926000595
4829374976.0,-0.23009493947029114
4830312448.0,-0.22083361446857452
4831249920.0,-0.20994582772254944
4832187392.0,-0.1992768943309784
4833124864.0,-0.18789827823638916
4834062336.0,-0.1755150854587555
4834999808.0,-0.16524311900138855
4835937280.0,-0.15303629636764526
4836874752.0,-0.1426256150007248
4837812736.0,-0.13199804723262787
4838750208.0,-0.12246095389127731
4839687680.0,-0.11343949288129807
4840625152.0,-0.1057121530175209
4841562624.0,-0.09871593117713928
4842500096.0,-0.09417439252138138
4843437568.0,-0.0892246887087822
4844375040.0,-0.08660172671079636
4845312512.0,-0.08534637093544006
4846249984.0,-0.08567490428686142
4847187456.0,-0.08840464800596237
4848124928.0,-0.09209982305765152
4849062400.0,-0.09612900018692017
4849999872.0,-0.10194399952888489
4850937344.0,-0.11072435975074768
4851874816.0,-0.11923687160015106
4852812288.0,-0.1295618861913681
4853749760.0,-0.14165043830871582
4854687744.0,-0.1533329039812088
4855625216.0,-0.16755971312522888
4856562688.0,-0.18097013235092163
4857500160.0,-0.1948784738779068
4858437632.0,-0.20945988595485687
4859375104.0,-0.22378002107143402
4860312576.0,-0.23685245215892792
4861250048.0,-0.25030505657196045
4862187520.0,-0.26210376620292664
4863124992.0,-0.27428483963012695
4864062464.0,-0.2839050889015198
4864999936.0,-0.2944336235523224
4865937408.0,-0.3019859790802002
4866874880.0,-0.2877693474292755
4867812352.0,-0.2958950400352478
4868749824.0,-0.302834153175354
4869687296.0,-0.3084995150566101
4870624768.0,-0.3131212592124939
4871562752.0,-0.3162171542644501
4872500224.0,-0.31924694776535034
4873437696.0,-0.3208703398704529
4874375168.0,-0.3225504457950592
4875312640.0,-0.3222162127494812
4876250112.0,-0.32188549637794495
4877187584.0,-0.31964173913002014
4878125056.0,-0.31595465540885925
4879062528.0,-0.31145915389060974
4880000000.0,-0.30536970496177673
4880937472.0,-0.29861992597579956
4881874944.0,-0.2911648750305176
4882812416.0,-0.28314822912216187
4883749888.0,-0.2741397023200989
4884687360.0,-0.26392316818237305
4885624832.0,-0.2538725435733795
4886562304.0,-0.2420654445886612
4887499776.0,-0.23074673116207123
4888437248.0,-0.21703600883483887
4889375232.0,-0.2043125033378601
4890312704.0,-0.1903260499238968
4891250176.0,-0.176186665892601
4892187648.0,-0.16247859597206116
4893125120.0,-0.14847896993160248
4894062592.0,-0.1345139443874359
4895000064.0,-0.12088152021169662
4895937536.0,-0.10741975158452988
4896875008.0,-0.09341731667518616
4897812480.0,-0.08026175945997238
4898749952.0,-0.06590692698955536
4899687424.0,-0.05317310243844986
4900624896.0,-0.04218311607837677
4901562368.0,-0.03022470511496067
4902499840.0,-0.020626520738005638
4903437312.0,-0.010640876367688179
4904374784.0,-0.002627407666295767
4905312256.0,0.004082422703504562
4906250240.0,0.009900358505547047
4907187712.0,0.014103868044912815
4908125184.0,0.017892098054289818
4909062656.0,0.019248932600021362
4910000128.0,0.019894078373908997
4910937600.0,0.018710536882281303
4911875072.0,0.01798391528427601
4912812544.0,0.01533258892595768
4913750016.0,0.00998457707464695
4914687488.0,0.0036995678674429655
4915624960.0,-0.0021042986772954464
4916562432.0,-0.01081867702305317
4917499904.0,-0.01888064108788967
4918437376.0,-0.029517825692892075
4919374848.0,-0.039873745292425156
4920312320.0,-0.050592005252838135
4921249792.0,-0.06289651244878769
4922187264.0,-0.07473795115947723
4923125248.0,-0.08687882870435715
4924062720.0,-0.10024356842041016
4925000192.0,-0.112327940762043
4925937664.0,-0.17674463987350464
4926875136.0,-0.17827966809272766
4927812608.0,-0.179129496216774
4928750080.0,-0.1795457899570465
4929687552.0,-0.18091052770614624
4930625024.0,-0.181582510471344
4931562496.0,-0.1826726347208023
4932499968.0,-0.18215997517108917
4933437440.0,-0.18173500895500183
4934374912.0,-0.18051759898662567
4935312384.0,-0.17951840162277222
4936249856.0,-0.1777118444442749
4937187328.0,-0.174601212143898
4938124800.0,-0.1718084067106247
4939062272.0,-0.16811144351959229
4940000256.0,-0.16295909881591797
4940937728.0,-0.15737959742546082
4941875200.0,-0.15077176690101624
4942812672.0,-0.14417122304439545
4943750144.0,-0.13620293140411377
4944687616.0,-0.12866415083408356
4945625088.0,-0.11960526555776596
4946562560.0,-0.10982049256563187
4947500032.0,-0.10108331590890884
4948437504.0,-0.09137677401304245
4949374976.0,-0.08143927156925201
4950312448.0,-0.06998157501220703
4951249920.0,-0.0588790662586689
4952187392.0,-0.04927356541156769
4953124864.0,-0.036713484674692154
4954062336.0,-0.02623426541686058
4954999808.0,-0.014615479856729507
4955937280.0,-0.003843112615868449
4956874752.0,0.005846167448908091
4957812736.0,0.015483502298593521
4958750208.0,0.023593101650476456
4959687680.0,0.03116815909743309
4960625152.0,0.03806031867861748
4961562624.0,0.04351024329662323
4962500096.0,0.04877197742462158
4963437568.0,0.05208411440253258
4964375040.0,0.05372311547398567
4965312512.0,0.0568091906607151
4966249984.0,0.05574905872344971
4967187456.0,0.05466451868414879
4968124928.0,0.051851123571395874
4969062400.0,0.04904763400554657
4969999872.0,0.04420525208115578
4970937344.0,0.038517069071531296
4971874816.0,0.0321691520512104
4972812288.0,0.024219082668423653
4973749760.0,0.015934370458126068
4974687744.0,0.005163307301700115
4975625216.0,-0.0043700379319489
4976562688.0,-0.01568721979856491
4977500160.0,-0.024948785081505775
4978437632.0,-0.0364193469285965
4979375104.0,-0.04625147581100464
4980312576.0,-0.05769515037536621
4981250048.0,-0.0686228796839714
4982187520.0,-0.07808241248130798
4983124992.0,-0.08903668820858002
4984062464.0,-0.09870786964893341
4984999936.0,-0.10850109905004501
4985937408.0,-0.15194416046142578
4986874880.0,-0.1636030077934265
4987812352.0,-0.17330920696258545
4988749824.0,-0.18204273283481598
4989687296.0,-0.19048963487148285
4990624768.0,-0.19833025336265564
4991562752.0,-0.20334187150001526
4992500224.0,-0.20726251602172852
4993437696.0,-0.21104195713996887
4994375168.0,-0.21307970583438873
4995312640.0,-0.21267414093017578
4996250112.0,-0.2103995382785797
4997187584.0,-0.20858831703662872
4998125056.0,-0.2046099603176117
4999062528.0,-0.19927923381328583
5000000000.0,-0.19290921092033386
5000937472.0,-0.18455587327480316
5001874944.0,-0.17616485059261322
5002812416.0,-0.1670878678560257
5003749888.0,-0.15679630637168884
5004687360.0,-0.14625689387321472
5005624832.0,-0.13441486656665802
5006562304.0,-0.12197760492563248
5007499776.0,-0.109835684299469
5008437248.0,-0.09680066257715225
5009375232.0,-0.08320439606904984
5010312704.0,-0.07051359862089157
5011250176.0,-0.058112937957048416
5012187648.0,-0.0454462505877018
5013125120.0,-0.033455364406108856
5014062592.0,-0.022425467148423195
5015000064.0,-0.010771526023745537
5015937536.0,0.00036050056223757565
5016875008.0,0.0093647800385952
5017812480.0,0.018434986472129822
5018749952.0,0.026590105146169662
5019687424.0,0.03462831303477287
5020624896.0,0.0404692180454731
5021562368.0,0.045891206711530685
5022499840.0,0.050057269632816315
5023437312.0,0.05437814071774483
5024374784.0,0.05600537732243538
5025312256.0,0.058194272220134735
5026250240.0,0.058746207505464554
5027187712.0,0.058162443339824677
5028125184.0,0.05686387047171593
5029062656.0,0.05479906499385834
5030000128.0,0.0505417101085186
5030937600.0,0.047516968101263046
5031875072.0,0.041977960616350174
5032812544.0,0.035700082778930664
5033750016.0,0.02987303026020527
5034687488.0,0.0227004736661911
5035624960.0,0.015641510486602783
5036562432.0,0.007062994875013828
5037499904.0,-0.0009676428162492812
5038437376.0,-0.010296220891177654
5039374848.0,-0.02035900577902794
5040312320.0,-0.029697252437472343
5041249792.0,-0.03809196874499321
5042187264.0,-0.04808889329433441
5043125248.0,-0.05805851146578789
5044062720.0,-0.06775756180286407
5045000192.0,-0.07653476297855377
5045937664.0,-0.09475772827863693
5046875136.0,-0.10405465960502625
5047812608.0,-0.11331299692392349
5048750080.0,-0.1218366026878357
5049687552.0,-0.13114257156848907
5050625024.0,-0.13860291242599487
5051562496.0,-0.14648260176181793
5052499968.0,-0.15284419059753418
5053437440.0,-0.15942305326461792
5054374912.0,-0.16468781232833862
5055312384.0,-0.16991743445396423
5056249856.0,-0.1740652322769165
5057187328.0,-0.1767943650484085
5058124800.0,-0.18070806562900543
5059062272.0,-0.18186230957508087
5059999744.0,-0.1842266172170639
5060937728.0,-0.18291741609573364
5061875200.0,-0.18260614573955536
5062812672.0,-0.18177366256713867
5063750144.0,-0.17942261695861816
5064687616.0,-0.176397442817688
5065625088.0,-0.17392317950725555
5066562560.0,-0.16891711950302124
5067500032.0,-0.1635701209306717
5068437504.0,-0.158433735370636
5069374976.0,-0.15260890126228333
5070312448.0,-0.14601017534732819
5071249920.0,-0.13965977728366852
5072187392.0,-0.1327197402715683
5073124864.0,-0.12430733442306519
5074062336.0,-0.1173560693860054
5074999808.0,-0.11041451245546341
5075937280.0,-0.10390409827232361
5076874752.0,-0.09583944827318192
5077812736.0,-0.08887631446123123
5078750208.0,-0.08124572783708572
5079687680.0,-0.07501755654811859
5080625152.0,-0.06761434674263
5081562624.0,-0.06080878898501396
5082500096.0,-0.054997801780700684
5083437568.0,-0.04851934686303139
5084375040.0,-0.04334980249404907
5085312512.0,-0.03854043036699295
5086249984.0,-0.03409691900014877
5087187456.0,-0.031012430787086487
5088124928.0,-0.0275264922529459
5089062400.0,-0.02600311115384102
5089999872.0,-0.02458750642836094
5090937344.0,-0.02353612892329693
5091874816.0,-0.022824319079518318
5092812288.0,-0.02228374034166336
5093749760.0,-0.023137487471103668
5094687744.0,-0.022839896380901337
5095625216.0,-0.024647457525134087
5096562688.0,-0.024539846926927567
5097500160.0,-0.027057286351919174
5098437632.0,-0.030232219025492668
5099375104.0,-0.03306836262345314
5100312576.0,-0.03638967126607895
5101250048.0,-0.039649419486522675
5102187520.0,-0.04386676847934723
5103124992.0,-0.047712452709674835
5104062464.0,-0.05167108029127121
5104999936.0,-0.056249674409627914
5105937408.0,-0.12950488924980164
5106874880.0,-0.13585959374904633
5107812352.0,-0.14185933768749237
5108749824.0,-0.1461670845746994
5109687296.0,-0.15110470354557037
5110624768.0,-0.15414848923683167
5111562752.0,-0.1571631282567978
5112500224.0,-0.15955223143100739
5113437696.0,-0.16015799343585968
5114375168.0,-0.16012509167194366
5115312640.0,-0.16001982986927032
5116250112.0,-0.15888798236846924
5117187584.0,-0.15628761053085327
5118125056.0,-0.1547641158103943
5119062528.0,-0.15199987590312958
5120000000.0,-0.14818677306175232
5120937472.0,-0.14536374807357788
5121874944.0,-0.14026905596256256
5122812416.0,-0.1361333727836609
5123749888.0,-0.1314522624015808
5124687360.0,-0.12578165531158447
5125624832.0,-0.12100651860237122
5126562304.0,-0.11634985357522964
5127499776.0,-0.11201959103345871
5128437248.0,-0.10780449956655502
5129375232.0,-0.10339508950710297
5130312704.0,-0.09954430162906647
5131250176.0,-0.0942474976181984
5132187648.0,-0.09026090055704117
5133125120.0,-0.08591990172863007
5134062592.0,-0.08249296247959137
5135000064.0,-0.0793018788099289
5135937536.0,-0.07553303986787796
5136875008.0,-0.07280676066875458
5137812480.0,-0.07062765210866928
5138749952.0,-0.06793475896120071
5139687424.0,-0.06752903014421463
5140624896.0,-0.06608147919178009
5141562368.0,-0.06586553901433945
5142499840.0,-0.06579314172267914
5143437312.0,-0.06656529009342194
5144374784.0,-0.06866627186536789
5145312256.0,-0.06992360949516296
5146250240.0,-0.07273261994123459
5147187712.0,-0.07622307538986206
5148125184.0,-0.07998137921094894
5149062656.0,-0.08433461934328079
5150000128.0,-0.08757813274860382
5150937600.0,-0.09185352921485901
5151875072.0,-0.09751490503549576
5152812544.0,-0.10264541208744049
5153750016.0,-0.10831860452890396
5154687488.0,-0.11514291912317276
5155624960.0,-0.12125473469495773
5156562432.0,-0.12860901653766632
5157499904.0,-0.1358664333820343
5158437376.0,-0.14430992305278778
5159374848.0,-0.15375223755836487
5160312320.0,-0.16079136729240417
5161249792.0,-0.16943565011024475
5162187264.0,-0.1778467297554016
5163125248.0,-0.18595725297927856
5164062720.0,-0.19518038630485535
5165000192.0,-0.20289450883865356
5165937664.0,-0.20184515416622162
5166875136.0,-0.21159571409225464
5167812608.0,-0.2222115397453308
5168750080.0,-0.2314862161874771
5169687552.0,-0.23893927037715912
5170625024.0,-0.24589751660823822
5171562496.0,-0.2521103024482727
5172499968.0,-0.2557758390903473
5173437440.0,-0.2595289647579193
5174374912.0,-0.2615955173969269
5175312384.0,-0.26330506801605225
5176249856.0,-0.26247358322143555
5177187328.0,-0.2608390152454376
5178124800.0,-0.25787997245788574
5179062272.0,-0.25238049030303955
5180000256.0,-0.24757680296897888
5180937728.0,-0.24118977785110474
5181875200.0,-0.23268865048885345
5182812672.0,-0.2235633134841919
5183750144.0,-0.21359722316265106
5184687616.0,-0.20328474044799805
5185625088.0,-0.1911783516407013
5186562560.0,-0.17993515729904175
5187500032.0,-0.16793251037597656
5188437504.0,-0.15539051592350006
5189374976.0,-0.1423448771238327
5190312448.0,-0.1294996589422226
5191249920.0,-0.11511272937059402
5192187392.0,-0.1030629426240921
5193124864.0,-0.08957331627607346
5194062336.0,-0.07680188864469528
5194999808.0,-0.06596928089857101
5195937280.0,-0.052758194506168365
5196874752.0,-0.042435817420482635
5197812736.0,-0.03060786798596382
5198750208.0,-0.020690636709332466
5199687680.0,-0.01220165379345417
5200625152.0,-0.003296484239399433
5201562624.0,0.0027725400868803263
5202500096.0,0.008755027316510677
5203437568.0,0.013606100343167782
5204375040.0,0.018379107117652893
5205312512.0,0.01853426918387413
5206249984.0,0.021939625963568687
5207187456.0,0.021393146365880966
5208124928.0,0.020332761108875275
5209062400.0,0.017764616757631302
5209999872.0,0.014360587112605572
5210937344.0,0.008619205094873905
5211874816.0,0.002060041530057788
5212812288.0,-0.006206471938639879
5213749760.0,-0.016463490203022957
5214687744.0,-0.02715139649808407
5215625216.0,-0.03911278024315834
5216562688.0,-0.053412050008773804
5217500160.0,-0.06701803207397461
5218437632.0,-0.08231554925441742
5219375104.0,-0.09788795560598373
5220312576.0,-0.11337641626596451
5221250048.0,-0.129609614610672
5222187520.0,-0.14637595415115356
5223124992.0,-0.16363203525543213
5224062464.0,-0.17961810529232025
5224999936.0,-0.19721083343029022
5225937408.0,-0.2063831090927124
5226874880.0,-0.22166885435581207
5227812352.0,-0.23572304844856262
5228749824.0,-0.24890004098415375
5229687296.0,-0.26173335313796997
5230624768.0,-0.2717397212982178
5231562752.0,-0.2816329896450043
5232500224.0,-0.2891350984573364
5233437696.0,-0.29505741596221924
5234375168.0,-0.29824909567832947
5235312640.0,-0.2998875081539154
5236250112.0,-0.3004668951034546
5237187584.0,-0.2997782528400421
5238125056.0,-0.29538774490356445
5239062528.0,-0.2900386452674866
5240000000.0,-0.2834071218967438
5240937472.0,-0.27525395154953003
5241874944.0,-0.2651907801628113
5242812416.0,-0.2531003952026367
5243749888.0,-0.239293172955513
5244687360.0,-0.2250971496105194
5245624832.0,-0.209769606590271
5246562304.0,-0.1937807947397232
5247499776.0,-0.17527198791503906
5248437248.0,-0.15768755972385406
5249375232.0,-0.13880248367786407
5250312704.0,-0.12058628350496292
5251250176.0,-0.1019381508231163
5252187648.0,-0.08360908180475235
5253125120.0,-0.06630400568246841
5254062592.0,-0.04854642599821091
5255000064.0,-0.03292917087674141
5255937536.0,-0.017163589596748352
5256875008.0,-0.0012881819857284427
5257812480.0,0.011626849882304668
5258749952.0,0.023294227197766304
5259687424.0,0.03371144458651543
5260624896.0,0.04263921082019806
5261562368.0,0.04983394593000412
5262499840.0,0.05595523864030838
5263437312.0,0.05991344153881073
5264374784.0,0.06291478872299194
5265312256.0,0.06427159905433655
5266250240.0,0.06429023295640945
5267187712.0,0.06282073259353638
5268125184.0,0.06029678136110306
5269062656.0,0.05631089583039284
5270000128.0,0.05078740045428276
5270937600.0,0.045449111610651016
5271875072.0,0.037361543625593185
5272812544.0,0.027677049860358238
5273750016.0,0.017489571124315262
5274687488.0,0.005585114937275648
5275624960.0,-0.006883835420012474
5276562432.0,-0.019936978816986084
5277499904.0,-0.03398684039711952
5278437376.0,-0.048820264637470245
5279374848.0,-0.06418901681900024
5280312320.0,-0.07970128953456879
5281249792.0,-0.09447257220745087
5282187264.0,-0.10989441722631454
5283125248.0,-0.1257939487695694
5284062720.0,-0.1415347009897232
5285000192.0,-0.15829230844974518
5285937664.0,-0.1858639270067215
5286875136.0,-0.20139756798744202
5287812608.0,-0.21637210249900818
5288750080.0,-0.2319832295179367
5289687552.0,-0.24682237207889557
5290625024.0,-0.2620622515678406
5291562496.0,-0.2767276167869568
5292499968.0,-0.29217639565467834
5293437440.0,-0.30688872933387756
5294374912.0,-0.3211831748485565
5295312384.0,-0.3327963352203369
5296249856.0,-0.344759076833725
5297187328.0,-0.3553837537765503
5298124800.0,-0.36491650342941284
5299062272.0,-0.3720831573009491
5299999744.0,-0.3785538077354431
5300937728.0,-0.38304081559181213
5301875200.0,-0.38560041785240173
5302812672.0,-0.38633736968040466
5303750144.0,-0.3859153687953949
5304687616.0,-0.384922057390213
5305625088.0,-0.3811262249946594
5306562560.0,-0.3758769929409027
5307500032.0,-0.36864349246025085
5308437504.0,-0.36117610335350037
5309374976.0,-0.35022690892219543
5310312448.0,-0.3397403955459595
5311249920.0,-0.32718226313591003
5312187392.0,-0.31437644362449646
5313124864.0,-0.29991471767425537
5314062336.0,-0.2848115861415863
5314999808.0,-0.26835834980010986
5315937280.0,-0.2509247064590454
5316874752.0,-0.23321999609470367
5317812736.0,-0.21562519669532776
5318750208.0,-0.19630101323127747
5319687680.0,-0.1769096851348877
5320625152.0,-0.15890367329120636
5321562624.0,-0.13921797275543213
5322500096.0,-0.12008316069841385
5323437568.0,-0.10115238279104233
5324375040.0,-0.08220129460096359
5325312512.0,-0.0648675411939621
5326249984.0,-0.047393374145030975
5327187456.0,-0.03172836825251579
5328124928.0,-0.016431936994194984
5329062400.0,-0.0020302452612668276
5329999872.0,0.01059290487319231
5330937344.0,0.022035103291273117
5331874816.0,0.0340377576649189
5332812288.0,0.03946760669350624
5333749760.0,0.04486224055290222
5334687744.0,0.04705944284796715
5335625216.0,0.048206642270088196
5336562688.0,0.047885917127132416
5337500160.0,0.04449647665023804
5338437632.0,0.040395550429821014
5339375104.0,0.03357531130313873
5340312576.0,0.024557514116168022
5341250048.0,0.013733122497797012
5342187520.0,0.000540509878192097
5343124992.0,-0.014749402180314064
5344062464.0,-0.03270845115184784
5344999936.0,-0.05221661925315857
5345937408.0,-0.33667099475860596
5346874880.0,-0.351007878780365
5347812352.0,-0.36589497327804565
5348749824.0,-0.38018518686294556
5349687296.0,-0.3938155770301819
5350624768.0,-0.4061301648616791
5351562752.0,-0.4190120995044708
5352500224.0,-0.4300721287727356
5353437696.0,-0.4404502213001251
5354375168.0,-0.44999271631240845
5355312640.0,-0.45696961879730225
5356250112.0,-0.46387144923210144
5357187584.0,-0.4692639708518982
5358125056.0,-0.47296619415283203
5359062528.0,-0.47419261932373047
5360000000.0,-0.4729982912540436
5360937472.0,-0.47176018357276917
5361874944.0,-0.46609625220298767
5362812416.0,-0.4602394700050354
5363749888.0,-0.4527466893196106
5364687360.0,-0.4436380863189697
5365624832.0,-0.4315609931945801
5366562304.0,-0.41809937357902527
5367499776.0,-0.40491658449172974
5368437248.0,-0.39016643166542053
5369375232.0,-0.37335193157196045
5370312704.0,-0.3561030626296997
5371250176.0,-0.338765412569046
5372187648.0,-0.32135009765625
5373125120.0,-0.30338677763938904
5374062592.0,-0.28449124097824097
5375000064.0,-0.26653721928596497
5375937536.0,-0.24805167317390442
5376875008.0,-0.23076435923576355
5377812480.0,-0.2127433568239212
5378749952.0,-0.19484815001487732
5379687424.0,-0.1778515875339508
5380624896.0,-0.16172413527965546
5381562368.0,-0.1463833600282669
5382499840.0,-0.1337285339832306
5383437312.0,-0.11964917927980423
5384374784.0,-0.10636577010154724
5385312256.0,-0.0950724259018898
5386250240.0,-0.08580892533063889
5387187712.0,-0.07843098789453506
5388125184.0,-0.07275521010160446
5389062656.0,-0.06963306665420532
5390000128.0,-0.06870541721582413
5390937600.0,-0.0713074579834938
5391875072.0,-0.07400576770305634
5392812544.0,-0.0783633440732956
5393750016.0,-0.08550724387168884
5394687488.0,-0.0944460928440094
5395624960.0,-0.10634738206863403
5396562432.0,-0.12092464417219162
5397499904.0,-0.13579697906970978
5398437376.0,-0.15326222777366638
5399374848.0,-0.17228209972381592
5400312320.0,-0.19214662909507751
5401249792.0,-0.21348822116851807
5402187264.0,-0.23490945994853973
5403125248.0,-0.25678497552871704
5404062720.0,-0.2782110571861267
5405000192.0,-0.29931992292404175
5405937664.0,-0.34591639041900635
5406875136.0,-0.361837238073349
5407812608.0,-0.3770366907119751
5408750080.0,-0.38883090019226074
5409687552.0,-0.4012765884399414
5410625024.0,-0.4095340371131897
5411562496.0,-0.41572871804237366
5412499968.0,-0.42058199644088745
5413437440.0,-0.4223724901676178
5414374912.0,-0.42268580198287964
5415312384.0,-0.41963186860084534
5416249856.0,-0.4151178002357483
5417187328.0,-0.40710827708244324
5418124800.0,-0.3976474404335022
5419062272.0,-0.38429009914398193
5420000256.0,-0.3703938126564026
5420937728.0,-0.3539885878562927
5421875200.0,-0.33563414216041565
5422812672.0,-0.316078245639801
5423750144.0,-0.2960783541202545
5424687616.0,-0.27495789527893066
5425625088.0,-0.25322389602661133
5426562560.0,-0.23251844942569733
5427500032.0,-0.21017685532569885
5428437504.0,-0.18814370036125183
5429374976.0,-0.1679464429616928
5430312448.0,-0.14780743420124054
5431249920.0,-0.1290319859981537
5432187392.0,-0.10953213274478912
5433124864.0,-0.09252431243658066
5434062336.0,-0.07661445438861847
5434999808.0,-0.06315258890390396
5435937280.0,-0.05054304003715515
5436874752.0,-0.0410112664103508
5437812736.0,-0.0345614068210125
5438750208.0,-0.029048657044768333
5439687680.0,-0.026581140235066414
5440625152.0,-0.026987912133336067
5441562624.0,-0.02885742485523224
5442500096.0,-0.03374239429831505
5443437568.0,-0.0402689166367054
5444375040.0,-0.049512866884469986
5445312512.0,-0.06082059070467949
5446249984.0,-0.07463984936475754
5447187456.0,-0.09162204712629318
5448124928.0,-0.11135342717170715
5449062400.0,-0.13135549426078796
5449999872.0,-0.1544799655675888
5450937344.0,-0.17921759188175201
5451874816.0,-0.2049632966518402
5452812288.0,-0.2306649088859558
5453749760.0,-0.25765493512153625
5454687744.0,-0.28584882616996765
5455625216.0,-0.31400066614151
5456562688.0,-0.34276965260505676
5457500160.0,-0.37020647525787354
5458437632.0,-0.39897188544273376
5459375104.0,-0.4257996380329132
5460312576.0,-0.4510653614997864
5461250048.0,-0.47627612948417664
5462187520.0,-0.49921733140945435
5463124992.0,-0.5196791291236877
5464062464.0,-0.5380150675773621
5464999936.0,-0.5553820133209229
5465937408.0,-0.47773003578186035
5466874880.0,-0.4928165376186371
5467812352.0,-0.5044257044792175
5468749824.0,-0.5170227289199829
5469687296.0,-0.5263909101486206
5470624768.0,-0.532934308052063
5471562752.0,-0.536178708076477
5472500224.0,-0.5374835133552551
5473437696.0,-0.5353591442108154
5474375168.0,-0.5307027697563171
5475312640.0,-0.5239582657814026
5476250112.0,-0.5142971277236938
5477187584.0,-0.5030398368835449
5478125056.0,-0.4887411892414093
5479062528.0,-0.4721999764442444
5480000000.0,-0.4529954791069031
5480937472.0,-0.432548850774765
5481874944.0,-0.41097763180732727
5482812416.0,-0.38835442066192627
5483749888.0,-0.36604124307632446
5484687360.0,-0.34371262788772583
5485624832.0,-0.3222242593765259
5486562304.0,-0.30227285623550415
5487499776.0,-0.2802276015281677
5488437248.0,-0.2605658769607544
5489375232.0,-0.24114571511745453
5490312704.0,-0.22358423471450806
5491250176.0,-0.2085539698600769
5492187648.0,-0.19447766244411469
5493125120.0,-0.18287444114685059
5494062592.0,-0.17245875298976898
5495000064.0,-0.16468921303749084
5495937536.0,-0.1593640297651291
5496875008.0,-0.15629689395427704
5497812480.0,-0.1553041785955429
5498749952.0,-0.1568996161222458
5499687424.0,-0.16067902743816376
5500624896.0,-0.1679839938879013
5501562368.0,-0.17653770744800568
5502499840.0,-0.18685631453990936
5503437312.0,-0.2005041390657425
5504374784.0,-0.21410642564296722
5505312256.0,-0.23217526078224182
5506250240.0,-0.25178253650665283
5507187712.0,-0.27313780784606934
5508125184.0,-0.2982780337333679
5509062656.0,-0.32386115193367004
5510000128.0,-0.3527500629425049
5510937600.0,-0.3832896053791046
5511875072.0,-0.4154202938079834
5512812544.0,-0.4473690390586853
5513750016.0,-0.4806729555130005
5514687488.0,-0.513373851776123
5515624960.0,-0.5484558939933777
5516562432.0,-0.5827413201332092
5517499904.0,-0.6174758672714233
5518437376.0,-0.651339054107666
5519374848.0,-0.6840143799781799
5520312320.0,-0.7162926197052002
5521249792.0,-0.7478811144828796
5522187264.0,-0.7780085802078247
5523125248.0,-0.8089240193367004
5524062720.0,-0.8388533592224121
5525000192.0,-0.8676438331604004
5525937664.0,-0.7459776997566223
5526875136.0,-0.7574484348297119
5527812608.0,-0.7699811458587646
5528750080.0,-0.7835263013839722
5529687552.0,-0.7998175621032715
5530625024.0,-0.816889226436615
5531562496.0,-0.8365973830223083
5532499968.0,-0.8571062088012695
5533437440.0,-0.87918621301651
5534374912.0,-0.9031141996383667
5535312384.0,-0.9277350306510925
5536249856.0,-0.9528380632400513
5537187328.0,-0.9784690141677856
5538124800.0,-1.001428484916687
5539062272.0,-1.0245888233184814
5539999744.0,-1.0446467399597168
5540937728.0,-1.0633690357208252
5541875200.0,-1.076688289642334
5542812672.0,-1.0893511772155762
5543750144.0,-1.0970059633255005
5544687616.0,-1.1027162075042725
5545625088.0,-1.1029348373413086
5546562560.0,-1.0994484424591064
5547500032.0,-1.0926584005355835
5548437504.0,-1.0813812017440796
5549374976.0,-1.0651957988739014
5550312448.0,-1.0455732345581055
5551249920.0,-1.0217905044555664
5552187392.0,-0.9942499995231628
5553124864.0,-0.9646853804588318
5554062336.0,-0.9331443309783936
5554999808.0,-0.8997865915298462
5555937280.0,-0.8658982515335083
5556874752.0,-0.8318153023719788
5557812736.0,-0.7969728112220764
5558750208.0,-0.7642941474914551
5559687680.0,-0.7342146635055542
5560625152.0,-0.704589307308197
5561562624.0,-0.6763206720352173
5562500096.0,-0.6480633616447449
5563437568.0,-0.6256685853004456
5564375040.0,-0.6047795414924622
5565312512.0,-0.585745632648468
5566249984.0,-0.5695092082023621
5567187456.0,-0.5555379390716553
5568124928.0,-0.5419118404388428
5569062400.0,-0.5291978716850281
5569999872.0,-0.5168784260749817
5570937344.0,-0.5050261616706848
5571874816.0,-0.49337315559387207
5572812288.0,-0.48241496086120605
5573749760.0,-0.47015729546546936
5574687744.0,-0.46090254187583923
5575625216.0,-0.45198458433151245
5576562688.0,-0.4450964033603668
5577500160.0,-0.43937447667121887
5578437632.0,-0.435030072927475
5579375104.0,-0.43319058418273926
5580312576.0,-0.4321466386318207
5581250048.0,-0.43199628591537476
5582187520.0,-0.43364188075065613
5583124992.0,-0.43601691722869873
5584062464.0,-0.4381707012653351
5584999936.0,-0.4414735436439514
5585937408.0,-0.4169677495956421
5586874880.0,-0.40803834795951843
5587812352.0,-0.3975456655025482
5588749824.0,-0.38612037897109985
5589687296.0,-0.3733964264392853
5590624768.0,-0.3588421642780304
5591562752.0,-0.3434751629829407
5592500224.0,-0.3271140456199646
5593437696.0,-0.3090468645095825
5594375168.0,-0.29210978746414185
5595312640.0,-0.27417123317718506
5596250112.0,-0.2561796009540558
5597187584.0,-0.2380121797323227
5598125056.0,-0.21935886144638062
5599062528.0,-0.20089204609394073
5600000000.0,-0.18318761885166168
5600937472.0,-0.1645793318748474
5601874944.0,-0.14900463819503784
5602812416.0,-0.13286858797073364
5603749888.0,-0.11795599013566971
5604687360.0,-0.10421166568994522
5605624832.0,-0.09298906475305557
5606562304.0,-0.08207784593105316
5607499776.0,-0.07298538088798523
5608437248.0,-0.06639841198921204
5609375232.0,-0.0600435733795166
5610312704.0,-0.05605577304959297
5611250176.0,-0.05427846685051918
5612187648.0,-0.05327973887324333
5613125120.0,-0.054615508764982224
5614062592.0,-0.058651700615882874
5615000064.0,-0.06237122789025307
5615937536.0,-0.0688040480017662
5616875008.0,-0.07675495743751526
5617812480.0,-0.0858771875500679
5618749952.0,-0.0951702669262886
5619687424.0,-0.10745153576135635
5620624896.0,-0.11976590752601624
5621562368.0,-0.13304562866687775
5622499840.0,-0.14735238254070282
5623437312.0,-0.16048023104667664
5624374784.0,-0.174141064286232
5625312256.0,-0.18894575536251068
5626250240.0,-0.2035743147134781
5627187712.0,-0.21661829948425293
5628125184.0,-0.2289041429758072
5629062656.0,-0.24055607616901398
5630000128.0,-0.2514965832233429
5630937600.0,-0.26201707124710083
5631875072.0,-0.269723117351532
5632812544.0,-0.27719351649284363
5633750016.0,-0.28284239768981934
5634687488.0,-0.2872464954853058
5635624960.0,-0.29006168246269226
5636562432.0,-0.29001253843307495
5637499904.0,-0.288563072681427
5638437376.0,-0.2845990061759949
5639374848.0,-0.28068774938583374
5640312320.0,-0.27407050132751465
5641249792.0,-0.26653560996055603
5642187264.0,-0.2571197748184204
5643125248.0,-0.24732956290245056
5644062720.0,-0.2354186624288559
5645000192.0,-0.22340351343154907
5645937664.0,-0.18427720665931702
5646875136.0,-0.18821796774864197
5647812608.0,-0.19088707864284515
5648750080.0,-0.1908230036497116
5649687552.0,-0.19007787108421326
5650625024.0,-0.18591241538524628
5651562496.0,-0.1818142831325531
5652499968.0,-0.1776873767375946
5653437440.0,-0.17195922136306763
5654374912.0,-0.16533266007900238
5655312384.0,-0.158609077334404
5656249856.0,-0.15088775753974915
5657187328.0,-0.14291293919086456
5658124800.0,-0.13515496253967285
5659062272.0,-0.1272563338279724
5660000256.0,-0.1194678246974945
5660937728.0,-0.11140794306993484
5661875200.0,-0.10596656054258347
5662812672.0,-0.09952893853187561
5663750144.0,-0.09481386840343475
5664687616.0,-0.09116507321596146
5665625088.0,-0.0882696658372879
5666562560.0,-0.08539401739835739
5667500032.0,-0.08506566286087036
5668437504.0,-0.08520287275314331
5669374976.0,-0.0861310213804245
5670312448.0,-0.08818768709897995
5671249920.0,-0.09140466153621674
5672187392.0,-0.09615740925073624
5673124864.0,-0.10057339072227478
5674062336.0,-0.10673711448907852
5674999808.0,-0.11416076868772507
5675937280.0,-0.12269195169210434
5676874752.0,-0.1306229829788208
5677812736.0,-0.13949710130691528
5678750208.0,-0.14856716990470886
5679687680.0,-0.15728522837162018
5680625152.0,-0.16740034520626068
5681562624.0,-0.17684869468212128
5682500096.0,-0.1856437772512436
5683437568.0,-0.19463683664798737
5684375040.0,-0.2041042000055313
5685312512.0,-0.21081538498401642
5686249984.0,-0.21892432868480682
5687187456.0,-0.22550375759601593
5688124928.0,-0.23168863356113434
5689062400.0,-0.23861129581928253
5689999872.0,-0.24378526210784912
5690937344.0,-0.24933378398418427
5691874816.0,-0.25416621565818787
5692812288.0,-0.2587563693523407
5693749760.0,-0.26307588815689087
5694687744.0,-0.26672986149787903
5695625216.0,-0.271222859621048
5696562688.0,-0.27462103962898254
5697500160.0,-0.2803330719470978
5698437632.0,-0.28441888093948364
5699375104.0,-0.28980255126953125
5700312576.0,-0.2961989939212799
5701250048.0,-0.30371490120887756
5702187520.0,-0.31239619851112366
5703124992.0,-0.3202330768108368
5704062464.0,-0.3298662304878235
5704999936.0,-0.34153294563293457
5705937408.0,-0.22823718190193176
5706874880.0,-0.24787984788417816
5707812352.0,-0.2677350342273712
5708749824.0,-0.2887924015522003
5709687296.0,-0.30879077315330505
5710624768.0,-0.3283284902572632
5711562752.0,-0.34560146927833557
5712500224.0,-0.36153942346572876
5713437696.0,-0.3754132390022278
5714375168.0,-0.385589063167572
5715312640.0,-0.3921802043914795
5716250112.0,-0.3953060805797577
5717187584.0,-0.3932420015335083
5718125056.0,-0.3879433870315552
5719062528.0,-0.37770503759384155
5720000000.0,-0.36390218138694763
5720937472.0,-0.34468021988868713
5721874944.0,-0.3226717412471771
5722812416.0,-0.29582247138023376
5723749888.0,-0.26519975066185
5724687360.0,-0.23128299415111542
5725624832.0,-0.19521024823188782
5726562304.0,-0.15661433339118958
5727499776.0,-0.11590204387903214
5728437248.0,-0.07562635838985443
5729375232.0,-0.03465239703655243
5730312704.0,0.005699208937585354
5731250176.0,0.04371482878923416
5732187648.0,0.08000355958938599
5733125120.0,0.11367002874612808
5734062592.0,0.14290833473205566
5735000064.0,0.16741438210010529
5735937536.0,0.18807974457740784
5736875008.0,0.20394793152809143
5737812480.0,0.21529944241046906
5738749952.0,0.22209259867668152
5739687424.0,0.22434040904045105
5740624896.0,0.2231748402118683
5741562368.0,0.21870793402194977
5742499840.0,0.2106442004442215
5743437312.0,0.20035995543003082
5744374784.0,0.18798601627349854
5745312256.0,0.17367497086524963
5746250240.0,0.15821951627731323
5747187712.0,0.14356723427772522
5748125184.0,0.1284664124250412
5749062656.0,0.11387910693883896
5750000128.0,0.09929285943508148
5750937600.0,0.08666294068098068
5751875072.0,0.07366801798343658
5752812544.0,0.061699360609054565
5753750016.0,0.04994348809123039
5754687488.0,0.03935231640934944
5755624960.0,0.026769964024424553
5756562432.0,0.006565432529896498
5757499904.0,-0.01571325771510601
5758437376.0,-0.04044077917933464
5759374848.0,-0.06800571829080582
5760312320.0,-0.09624084085226059
5761249792.0,-0.126108780503273
5762187264.0,-0.15683095157146454
5763125248.0,-0.18895182013511658
5764062720.0,-0.21954190731048584
5765000192.0,-0.2513841986656189
5765937664.0,-0.19971056282520294
5766875136.0,-0.20621751248836517
5767812608.0,-0.21488653123378754
5768750080.0,-0.2232181280851364
5769687552.0,-0.2315540909767151
5770625024.0,-0.24030838906764984
5771562496.0,-0.24924781918525696
5772499968.0,-0.2584473788738251
5773437440.0,-0.26803529262542725
5774374912.0,-0.2789061367511749
5775312384.0,-0.2903105318546295
5776249856.0,-0.3009079098701477
5777187328.0,-0.31309840083122253
5778124800.0,-0.3243318796157837
5779062272.0,-0.33600497245788574
5779999744.0,-0.34762710332870483
5780937728.0,-0.3591476380825043
5781875200.0,-0.36954864859580994
5782812672.0,-0.379999577999115
5783750144.0,-0.39024654030799866
5784687616.0,-0.3996851146221161
5785625088.0,-0.4087792932987213
5786562560.0,-0.41753676533699036
5787500032.0,-0.4256424307823181
5788437504.0,-0.43234512209892273
5789374976.0,-0.4375729560852051
5790312448.0,-0.4422924816608429
5791249920.0,-0.4471726715564728
5792187392.0,-0.4497859477996826
5793124864.0,-0.45150455832481384
5794062336.0,-0.45280808210372925
5794999808.0,-0.4533694088459015
5795937280.0,-0.4498215913772583
5796874752.0,-0.446534663438797
5797812736.0,-0.44118353724479675
5798750208.0,-0.43420955538749695
5799687680.0,-0.4255138635635376
5800625152.0,-0.4151870608329773
5801562624.0,-0.40449631214141846
5802500096.0,-0.3899966776371002
5803437568.0,-0.37592488527297974
5804375040.0,-0.35898762941360474
5805312512.0,-0.34112465381622314
5806249984.0,-0.3230684995651245
5807187456.0,-0.30495506525039673
5808124928.0,-0.2839929759502411
5809062400.0,-0.26411187648773193
5809999872.0,-0.2452656775712967
5810937344.0,-0.22400961816310883
5811874816.0,-0.20495128631591797
5812812288.0,-0.18512468039989471
5813749760.0,-0.16584499180316925
5814687744.0,-0.15003623068332672
5815625216.0,-0.13299275934696198
5816562688.0,-0.11812601238489151
5817500160.0,-0.10368156433105469
5818437632.0,-0.09113193303346634
5819375104.0,-0.07976895570755005
5820312576.0,-0.06989423930644989
5821250048.0,-0.06245439127087593
5822187520.0,-0.05739307776093483
5823124992.0,-0.052598077803850174
5824062464.0,-0.05176352709531784
5824999936.0,-0.05199518799781799
5825937408.0,-0.2455916404724121
5826874880.0,-0.24710287153720856
5827812352.0,-0.24859638512134552
5828749824.0,-0.25123196840286255
5829687296.0,-0.25355249643325806
5830624768.0,-0.25579535961151123
5831562752.0,-0.2570401728153229
5832500224.0,-0.25890547037124634
5833437696.0,-0.26091495156288147
5834375168.0,-0.2633039057254791
5835312640.0,-0.2655371427536011
5836250112.0,-0.2687445878982544
5837187584.0,-0.2721683979034424
5838125056.0,-0.27571240067481995
5839062528.0,-0.27948197722435
5840000000.0,-0.2842837870121002
5840937472.0,-0.2910398244857788
5841874944.0,-0.2969256341457367
5842812416.0,-0.3026183843612671
5843749888.0,-0.3083098232746124
5844687360.0,-0.3150568902492523
5845624832.0,-0.3214010000228882
5846562304.0,-0.3278694748878479
5847499776.0,-0.333386093378067
5848437248.0,-0.34000954031944275
5849375232.0,-0.3451049029827118
5850312704.0,-0.3508831262588501
5851250176.0,-0.3572523593902588
5852187648.0,-0.3625120520591736
5853125120.0,-0.36694225668907166
5854062592.0,-0.37044063210487366
5855000064.0,-0.3740590810775757
5855937536.0,-0.37537893652915955
5856875008.0,-0.3773244619369507
5857812480.0,-0.378023624420166
5858749952.0,-0.37702786922454834
5859687424.0,-0.37563177943229675
5860624896.0,-0.37352925539016724
5861562368.0,-0.37175464630126953
5862499840.0,-0.36923307180404663
5863437312.0,-0.3666267395019531
5864374784.0,-0.36434105038642883
5865312256.0,-0.3607668876647949
5866250240.0,-0.3575644791126251
5867187712.0,-0.3549845218658447
5868125184.0,-0.3515661358833313
5869062656.0,-0.34717240929603577
5870000128.0,-0.34354913234710693
5870937600.0,-0.33996158838272095
5871875072.0,-0.3378753066062927
5872812544.0,-0.33499911427497864
5873750016.0,-0.3333393633365631
5874687488.0,-0.33181366324424744
5875624960.0,-0.33088821172714233
5876562432.0,-0.33038589358329773
5877499904.0,-0.33230870962142944
5878437376.0,-0.33333030343055725
5879374848.0,-0.3353191912174225
5880312320.0,-0.3368058502674103
5881249792.0,-0.3388691246509552
5882187264.0,-0.34266626834869385
5883125248.0,-0.34566599130630493
5884062720.0,-0.3500540852546692
5885000192.0,-0.35392439365386963
5885937664.0,-0.36681556701660156
5886875136.0,-0.371164470911026
5887812608.0,-0.37494269013404846
5888750080.0,-0.3800079822540283
5889687552.0,-0.38407835364341736
5890625024.0,-0.3865143954753876
5891562496.0,-0.38978278636932373
5892499968.0,-0.3904925286769867
5893437440.0,-0.39303815364837646
5894374912.0,-0.3934715688228607
5895312384.0,-0.3936478793621063
5896249856.0,-0.3943388760089874
5897187328.0,-0.39418649673461914
5898124800.0,-0.3937220275402069
5899062272.0,-0.39375585317611694
5900000256.0,-0.39238420128822327
5900937728.0,-0.3915422558784485
5901875200.0,-0.390985906124115
5902812672.0,-0.39044249057769775
5903750144.0,-0.3883041739463806
5904687616.0,-0.38666832447052
5905625088.0,-0.38521990180015564
5906562560.0,-0.383788526058197
5907500032.0,-0.38326355814933777
5908437504.0,-0.382477730512619
5909374976.0,-0.3827366530895233
5910312448.0,-0.38290709257125854
5911249920.0,-0.38417181372642517
5912187392.0,-0.38558053970336914
5913124864.0,-0.3882012367248535
5914062336.0,-0.3904194235801697
5914999808.0,-0.3929681181907654
5915937280.0,-0.39675259590148926
5916874752.0,-0.40137234330177307
5917812736.0,-0.4062071442604065
5918750208.0,-0.4108976125717163
5919687680.0,-0.4176662862300873
5920625152.0,-0.4242171049118042
5921562624.0,-0.4311157763004303
5922500096.0,-0.4397238492965698
5923437568.0,-0.4481666684150696
5924375040.0,-0.4571354389190674
5925312512.0,-0.4658006429672241
5926249984.0,-0.4769940972328186
5927187456.0,-0.48759984970092773
5928124928.0,-0.49847763776779175
5929062400.0,-0.5085650086402893
5929999872.0,-0.5189731121063232
5930937344.0,-0.5300517678260803
5931874816.0,-0.5410438776016235
5932812288.0,-0.5509457588195801
5933749760.0,-0.5609555840492249
5934687744.0,-0.5700984001159668
5935625216.0,-0.5805053114891052
5936562688.0,-0.5882388353347778
5937500160.0,-0.5959102511405945
5938437632.0,-0.604840099811554
5939375104.0,-0.6109731197357178
5940312576.0,-0.6177725791931152
5941250048.0,-0.6245039701461792
5942187520.0,-0.629102349281311
5943124992.0,-0.6325085163116455
5944062464.0,-0.6350170373916626
5944999936.0,-0.6370169520378113
5945937408.0,-0.41104039549827576
5946874880.0,-0.4279312193393707
5947812352.0,-0.4438525140285492
5948749824.0,-0.45843830704689026
5949687296.0,-0.4752908945083618
5950624768.0,-0.49013420939445496
5951562752.0,-0.5044309496879578
5952500224.0,-0.5180839896202087
5953437696.0,-0.5301465392112732
5954375168.0,-0.5400646328926086
5955312640.0,-0.5497167706489563
5956250112.0,-0.5577998757362366
5957187584.0,-0.5636649131774902
5958125056.0,-0.5683300495147705
5959062528.0,-0.5712015628814697
5960000000.0,-0.5729193687438965
5960937472.0,-0.5727866291999817
5961874944.0,-0.5710723400115967
5962812416.0,-0.5669055581092834
5963749888.0,-0.5618089437484741
5964687360.0,-0.5540505051612854
5965624832.0,-0.5465502738952637
5966562304.0,-0.5372369885444641
5967499776.0,-0.5267745852470398
5968437248.0,-0.5151751041412354
5969375232.0,-0.5050039291381836
5970312704.0,-0.4927830100059509
5971250176.0,-0.4816446304321289
5972187648.0,-0.46990472078323364
5973125120.0,-0.4593590795993805
5974062592.0,-0.45025181770324707
5975000064.0,-0.44145217537879944
5975937536.0,-0.434537410736084
5976875008.0,-0.42861059308052063
5977812480.0,-0.42523422837257385
5978749952.0,-0.42062056064605713
5979687424.0,-0.4174918532371521
5980624896.0,-0.41418296098709106
5981562368.0,-0.41121751070022583
5982499840.0,-0.4095238447189331
5983437312.0,-0.40983492136001587
5984374784.0,-0.40969088673591614
5985312256.0,-0.41075530648231506
5986250240.0,-0.41254234313964844
5987187712.0,-0.4160739779472351
5988125184.0,-0.4188850522041321
5989062656.0,-0.42273905873298645
5990000128.0,-0.42661064863204956
5990937600.0,-0.429991215467453
5991875072.0,-0.4337238371372223
5992812544.0,-0.4367755055427551
5993750016.0,-0.4412192106246948
5994687488.0,-0.444439560174942
5995624960.0,-0.4487149715423584
5996562432.0,-0.4531867206096649
5997499904.0,-0.4572575092315674
5998437376.0,-0.46147599816322327
5999374848.0,-0.4659499228000641
6000312320.0,-0.4705924093723297
6001249792.0,-0.47418487071990967
6002187264.0,-0.47900456190109253
6003125248.0,-0.4829197824001312
6004062720.0,-0.4877399504184723
6005000192.0,-0.383194237947464
6005937664.0,-0.39265233278274536
6006875136.0,-0.4038844406604767
6007812608.0,-0.41604748368263245
6008750080.0,-0.42840465903282166
6009687552.0,-0.4433554708957672
6010625024.0,-0.4578365981578827
6011562496.0,-0.4741607904434204
6012499968.0,-0.4905131459236145
6013437440.0,-0.5079053044319153
6014374912.0,-0.5253657102584839
6015312384.0,-0.5429359078407288
6016249856.0,-0.5614644289016724
6017187328.0,-0.5795533657073975
6018124800.0,-0.5976163744926453
6019062272.0,-0.6147608160972595
6019999744.0,-0.6312439441680908
6020937728.0,-0.6467961668968201
6021875200.0,-0.6616824865341187
6022812672.0,-0.6761502027511597
6023750144.0,-0.6867640018463135
6024687616.0,-0.6978168487548828
6025625088.0,-0.7076391577720642
6026562560.0,-0.7161895632743835
6027500032.0,-0.7220491766929626
6028437504.0,-0.7273099422454834
6029374976.0,-0.7303553223609924
6030312448.0,-0.7307722568511963
6031249920.0,-0.7299056053161621
6032187392.0,-0.7268657684326172
6033124864.0,-0.7220079898834229
6034062336.0,-0.7144539952278137
6034999808.0,-0.7055152654647827
6035937280.0,-0.6949682235717773
6036874752.0,-0.682796061038971
6037812736.0,-0.6683580875396729
6038750208.0,-0.6512764692306519
6039687680.0,-0.634579598903656
6040625152.0,-0.6170727014541626
6041562624.0,-0.5983400940895081
6042500096.0,-0.5807247161865234
6043437568.0,-0.5631961226463318
6044375040.0,-0.5460507273674011
6045312512.0,-0.5293897986412048
6046249984.0,-0.5129795670509338
6047187456.0,-0.497339129447937
6048124928.0,-0.48126962780952454
6049062400.0,-0.46666786074638367
6049999872.0,-0.45267075300216675
6050937344.0,-0.4411238431930542
6051874816.0,-0.4306069612503052
6052812288.0,-0.4214937686920166
6053749760.0,-0.41503238677978516
6054687744.0,-0.409230500459671
6055625216.0,-0.4053843915462494
6056562688.0,-0.4032306373119354
6057500160.0,-0.4026341438293457
6058437632.0,-0.4030034840106964
6059375104.0,-0.4046803116798401
6060312576.0,-0.40579676628112793
6061250048.0,-0.408652126789093
6062187520.0,-0.4113505780696869
6063124992.0,-0.4143040180206299
6064062464.0,-0.4178737699985504
6064999936.0,-0.41626834869384766
6065937408.0,-0.4209817945957184
6066874880.0,-0.4273437559604645
6067812352.0,-0.4343516528606415
6068749824.0,-0.44091862440109253
6069687296.0,-0.44754910469055176
6070624768.0,-0.45659956336021423
6071562752.0,-0.46572527289390564
6072500224.0,-0.4748498797416687
6073437696.0,-0.4858507215976715
6074375168.0,-0.4962199032306671
6075312640.0,-0.5078052282333374
6076250112.0,-0.5187938213348389
6077187584.0,-0.5289448499679565
6078125056.0,-0.5400832295417786
6079062528.0,-0.5494976043701172
6080000000.0,-0.5614967942237854
6080937472.0,-0.5703197717666626
6081874944.0,-0.5796167850494385
6082812416.0,-0.5875794291496277
6083749888.0,-0.5954670310020447
6084687360.0,-0.6009624004364014
6085624832.0,-0.6068471074104309
6086562304.0,-0.6114178895950317
6087499776.0,-0.6144158840179443
6088437248.0,-0.6163355112075806
6089375232.0,-0.6179356575012207
6090312704.0,-0.6185075640678406
6091250176.0,-0.6165866255760193
6092187648.0,-0.6143251657485962
6093125120.0,-0.6122167110443115
6094062592.0,-0.6064285635948181
6095000064.0,-0.599410891532898
6095937536.0,-0.5922651886940002
6096875008.0,-0.5845140814781189
6097812480.0,-0.5764824151992798
6098749952.0,-0.5673364996910095
6099687424.0,-0.5579920411109924
6100624896.0,-0.548503577709198
6101562368.0,-0.5385438799858093
6102499840.0,-0.5282229781150818
6103437312.0,-0.5170831084251404
6104374784.0,-0.5075015425682068
6105312256.0,-0.4962288737297058
6106250240.0,-0.48604467511177063
6107187712.0,-0.4766099750995636
6108125184.0,-0.468504935503006
6109062656.0,-0.4603480100631714
6110000128.0,-0.4526659846305847
6110937600.0,-0.44430020451545715
6111875072.0,-0.437721312046051
6112812544.0,-0.4319475591182709
6113750016.0,-0.42611023783683777
6114687488.0,-0.42182090878486633
6115624960.0,-0.41666948795318604
6116562432.0,-0.41247475147247314
6117499904.0,-0.4088957905769348
6118437376.0,-0.4073689877986908
6119374848.0,-0.40550848841667175
6120312320.0,-0.4051331579685211
6121249792.0,-0.403327077627182
6122187264.0,-0.4024929106235504
6123125248.0,-0.40175989270210266
6124062720.0,-0.40310177206993103
6125000192.0,-0.5877020359039307
6125937664.0,-0.598490834236145
6126875136.0,-0.6083613038063049
6127812608.0,-0.6172576546669006
6128750080.0,-0.6255473494529724
6129687552.0,-0.6345210671424866
6130625024.0,-0.6415626406669617
6131562496.0,-0.6478056907653809
6132499968.0,-0.6532489061355591
6133437440.0,-0.6589478850364685
6134374912.0,-0.6629369258880615
6135312384.0,-0.6656831502914429
6136249856.0,-0.6673526763916016
6137187328.0,-0.6686893701553345
6138124800.0,-0.6686749458312988
6139062272.0,-0.6695328950881958
6140000256.0,-0.6692360043525696
6140937728.0,-0.66837477684021
6141875200.0,-0.6655129790306091
6142812672.0,-0.6646683216094971
6143750144.0,-0.6625320315361023
6144687616.0,-0.6602978110313416
6145625088.0,-0.6574640274047852
6146562560.0,-0.6540992259979248
6147500032.0,-0.6507346630096436
6148437504.0,-0.6474669575691223
6149374976.0,-0.6446778178215027
6150312448.0,-0.6415878534317017
6151249920.0,-0.6397799253463745
6152187392.0,-0.6376967430114746
6153124864.0,-0.6365274786949158
6154062336.0,-0.6362499594688416
6154999808.0,-0.635161280632019
6155937280.0,-0.6343375444412231
6156874752.0,-0.6330177783966064
6157812736.0,-0.6328386068344116
6158750208.0,-0.6331096887588501
6159687680.0,-0.6345528364181519
6160625152.0,-0.6367084383964539
6161562624.0,-0.6374411582946777
6162500096.0,-0.6406965255737305
6163437568.0,-0.6445099115371704
6164375040.0,-0.6487765312194824
6165312512.0,-0.6532306671142578
6166249984.0,-0.6585413813591003
6167187456.0,-0.6657039523124695
6168124928.0,-0.6730493903160095
6169062400.0,-0.6804101467132568
6169999872.0,-0.6875580549240112
6170937344.0,-0.695417582988739
6171874816.0,-0.7029940485954285
6172812288.0,-0.7110520601272583
6173749760.0,-0.718078076839447
6174687744.0,-0.7268848419189453
6175625216.0,-0.7344303131103516
6176562688.0,-0.7416509389877319
6177500160.0,-0.7506458163261414
6178437632.0,-0.7575887441635132
6179375104.0,-0.7665312886238098
6180312576.0,-0.7736194133758545
6181250048.0,-0.7799088954925537
6182187520.0,-0.7860994338989258
6183124992.0,-0.7920437455177307
6184062464.0,-0.7971525192260742
6184999936.0,-0.6312596797943115
6185937408.0,-0.6480951905250549
6186874880.0,-0.666598379611969
6187812352.0,-0.6853926777839661
6188749824.0,-0.7047141194343567
6189687296.0,-0.7232178449630737
6190624768.0,-0.7422432899475098
6191562752.0,-0.7601593732833862
6192500224.0,-0.7773423194885254
6193437696.0,-0.7946421504020691
6194375168.0,-0.8096888661384583
6195312640.0,-0.8249599933624268
6196250112.0,-0.8377910852432251
6197187584.0,-0.8503074645996094
6198125056.0,-0.8612722158432007
6199062528.0,-0.8711936473846436
6200000000.0,-0.878180742263794
6200937472.0,-0.884779155254364
6201874944.0,-0.8886033296585083
6202812416.0,-0.8911718726158142
6203749888.0,-0.8912661671638489
6204687360.0,-0.8901054859161377
6205624832.0,-0.887457549571991
6206562304.0,-0.8820627331733704
6207499776.0,-0.8757094740867615
6208437248.0,-0.8693100214004517
6209375232.0,-0.8598276376724243
6210312704.0,-0.8493003845214844
6211250176.0,-0.838893711566925
6212187648.0,-0.8261786699295044
6213125120.0,-0.8133148550987244
6214062592.0,-0.8013120293617249
6215000064.0,-0.7879827618598938
6215937536.0,-0.7755839228630066
6216875008.0,-0.7616475224494934
6217812480.0,-0.7484276294708252
6218749952.0,-0.7361472845077515
6219687424.0,-0.7210040092468262
6220624896.0,-0.7085562348365784
6221562368.0,-0.6949617862701416
6222499840.0,-0.681481659412384
6223437312.0,-0.6691499948501587
6224374784.0,-0.6567026376724243
6225312256.0,-0.6455041170120239
6226250240.0,-0.635743260383606
6227187712.0,-0.6255693435668945
6228125184.0,-0.6178831458091736
6229062656.0,-0.6118802428245544
6230000128.0,-0.607572615146637
6230937600.0,-0.6029160618782043
6231875072.0,-0.6016397476196289
6232812544.0,-0.6002628207206726
6233750016.0,-0.5999913811683655
6234687488.0,-0.6014418005943298
6235624960.0,-0.6031371355056763
6236562432.0,-0.6056981682777405
6237499904.0,-0.6109440326690674
6238437376.0,-0.6161822080612183
6239374848.0,-0.6229556202888489
6240312320.0,-0.6306320428848267
6241249792.0,-0.6395567059516907
6242187264.0,-0.6487270593643188
6243125248.0,-0.6591156125068665
6244062720.0,-0.6699106097221375
6245000192.0,-0.676486074924469
6245937664.0,-0.6892356872558594
6246875136.0,-0.7027609348297119
6247812608.0,-0.7166187763214111
6248750080.0,-0.7303196787834167
6249687552.0,-0.7439559102058411
6250625024.0,-0.7591152191162109
6251562496.0,-0.7723276615142822
6252499968.0,-0.785438060760498
6253437440.0,-0.7986329197883606
6254374912.0,-0.8104346990585327
6255312384.0,-0.8228108286857605
6256249856.0,-0.8335019946098328
6257187328.0,-0.8438157439231873
6258124800.0,-0.854132890701294
6259062272.0,-0.863467276096344
6259999744.0,-0.871198296546936
6260937728.0,-0.8788881897926331
6261875200.0,-0.884332001209259
6262812672.0,-0.888654351234436
6263750144.0,-0.8914084434509277
6264687616.0,-0.8943731784820557
6265625088.0,-0.8951742053031921
6266562560.0,-0.8938988447189331
6267500032.0,-0.8941090106964111
6268437504.0,-0.8912561535835266
6269374976.0,-0.8905088901519775
6270312448.0,-0.8883322477340698
6271249920.0,-0.885277509689331
6272187392.0,-0.8818929195404053
6273124864.0,-0.8801069259643555
6274062336.0,-0.8774887323379517
6274999808.0,-0.875779926776886
6275937280.0,-0.8724803924560547
6276874752.0,-0.8691376447677612
6277812736.0,-0.8657197952270508
6278750208.0,-0.8623490333557129
6279687680.0,-0.8583202958106995
6280625152.0,-0.8558879494667053
6281562624.0,-0.8531985878944397
6282500096.0,-0.8517742156982422
6283437568.0,-0.8498106598854065
6284375040.0,-0.8508700728416443
6285312512.0,-0.8496991991996765
6286249984.0,-0.849628746509552
6287187456.0,-0.8494253754615784
6288124928.0,-0.851494312286377
6289062400.0,-0.853593647480011
6289999872.0,-0.8567097783088684
6290937344.0,-0.8608003854751587
6291874816.0,-0.8631353974342346
6292812288.0,-0.867699384689331
6293749760.0,-0.8711299896240234
6294687744.0,-0.8767274022102356
6295625216.0,-0.8809360265731812
6296562688.0,-0.8856586813926697
6297500160.0,-0.890144944190979
6298437632.0,-0.8979056477546692
6299375104.0,-0.9046470522880554
6300312576.0,-0.9141215085983276
6301250048.0,-0.9227814078330994
6302187520.0,-0.9341202974319458
6303124992.0,-0.9445945024490356
6304062464.0,-0.9560343623161316
6304999936.0,-0.9868457913398743
6305937408.0,-0.9990003108978271
6306874880.0,-1.0107779502868652
6307812352.0,-1.0225759744644165
6308749824.0,-1.0335023403167725
6309687296.0,-1.0447676181793213
6310624768.0,-1.0542210340499878
6311562752.0,-1.0652250051498413
6312500224.0,-1.074907660484314
6313437696.0,-1.0840013027191162
6314375168.0,-1.094614863395691
6315312640.0,-1.104257583618164
6316250112.0,-1.1142183542251587
6317187584.0,-1.1235193014144897
6318125056.0,-1.134590744972229
6319062528.0,-1.1448543071746826
6320000000.0,-1.1542903184890747
6320937472.0,-1.1647287607192993
6321874944.0,-1.1748167276382446
6322812416.0,-1.1854313611984253
6323749888.0,-1.1930952072143555
6324687360.0,-1.2028563022613525
6325624832.0,-1.211788296699524
6326562304.0,-1.2219959497451782
6327499776.0,-1.230406403541565
6328437248.0,-1.2404831647872925
6329375232.0,-1.2503559589385986
6330312704.0,-1.2588448524475098
6331250176.0,-1.2668224573135376
6332187648.0,-1.2735857963562012
6333125120.0,-1.2808572053909302
6334062592.0,-1.2864704132080078
6335000064.0,-1.2906044721603394
6335937536.0,-1.2936911582946777
6336875008.0,-1.2980313301086426
6337812480.0,-1.2998552322387695
6338749952.0,-1.3009083271026611
6339687424.0,-1.3029643297195435
6340624896.0,-1.300010323524475
6341562368.0,-1.297256350517273
6342499840.0,-1.2898643016815186
6343437312.0,-1.2806683778762817
6344374784.0,-1.2690016031265259
6345312256.0,-1.2566648721694946
6346250240.0,-1.2429819107055664
6347187712.0,-1.229978084564209
6348125184.0,-1.2162673473358154
6349062656.0,-1.2013925313949585
6350000128.0,-1.1871470212936401
6350937600.0,-1.172694444656372
6351875072.0,-1.157721996307373
6352812544.0,-1.1442136764526367
6353750016.0,-1.1294676065444946
6354687488.0,-1.1148781776428223
6355624960.0,-1.1006419658660889
6356562432.0,-1.087120771408081
6357499904.0,-1.0750387907028198
6358437376.0,-1.0634158849716187
6359374848.0,-1.0532952547073364
6360312320.0,-1.045591950416565
6361249792.0,-1.0389405488967896
6362187264.0,-1.031559944152832
6363125248.0,-1.0260369777679443
6364062720.0,-1.021538257598877
6365000192.0,-1.3812636137008667
6365937664.0,-1.3948872089385986
6366875136.0,-1.4087032079696655
6367812608.0,-1.4230525493621826
6368750080.0,-1.4367494583129883
6369687552.0,-1.451540470123291
6370625024.0,-1.4658095836639404
6371562496.0,-1.481657862663269
6372499968.0,-1.4961731433868408
6373437440.0,-1.5106972455978394
6374374912.0,-1.5238404273986816
6375312384.0,-1.5347650051116943
6376249856.0,-1.5454691648483276
6377187328.0,-1.5539097785949707
6378124800.0,-1.561131477355957
6379062272.0,-1.5668102502822876
6380000256.0,-1.571144938468933
6380937728.0,-1.5750926733016968
6381875200.0,-1.577562928199768
6382812672.0,-1.5801961421966553
6383750144.0,-1.5845786333084106
6384687616.0,-1.5857161283493042
6385625088.0,-1.5888901948928833
6386562560.0,-1.5881388187408447
6387500032.0,-1.5856914520263672
6388437504.0,-1.581804871559143
6389374976.0,-1.5767706632614136
6390312448.0,-1.5720080137252808
6391249920.0,-1.5657075643539429
6392187392.0,-1.5596436262130737
6393124864.0,-1.5523722171783447
6394062336.0,-1.544498085975647
6394999808.0,-1.5352195501327515
6395937280.0,-1.5266882181167603
6396874752.0,-1.5172432661056519
6397812736.0,-1.5095725059509277
6398750208.0,-1.502938985824585
6399687680.0,-1.4953781366348267
6400625152.0,-1.4870355129241943
6401562624.0,-1.4814451932907104
6402500096.0,-1.4757664203643799
6403437568.0,-1.4700456857681274
6404375040.0,-1.4655855894088745
6405312512.0,-1.4627059698104858
6406249984.0,-1.4629814624786377
6407187456.0,-1.4642090797424316
6408124928.0,-1.4664260149002075
6409062400.0,-1.4711298942565918
6409999872.0,-1.4785484075546265
6410937344.0,-1.487216830253601
6411874816.0,-1.4971178770065308
6412812288.0,-1.510300874710083
6413749760.0,-1.5235604047775269
6414687744.0,-1.5397632122039795
6415625216.0,-1.5582062005996704
6416562688.0,-1.5784997940063477
6417500160.0,-1.602247953414917
6418437632.0,-1.6248047351837158
6419375104.0,-1.6502416133880615
6420312576.0,-1.6767101287841797
6421250048.0,-1.703342318534851
6422187520.0,-1.7289491891860962
6423124992.0,-1.757839560508728
6424062464.0,-1.7874705791473389
6424999936.0,-1.8203023672103882
6425937408.0,-1.8506418466567993
6426874880.0,-1.879565954208374
6427812352.0,-1.9070250988006592
6428749824.0,-1.9350858926773071
6429687296.0,-1.9610023498535156
6430624768.0,-1.9873404502868652
6431562752.0,-2.0163087844848633
6432500224.0,-2.0461442470550537
6433437696.0,-2.0756537914276123
6434375168.0,-2.1059200763702393
6435312640.0,-2.1353957653045654
6436250112.0,-2.1647210121154785
6437187584.0,-2.191086769104004
6438125056.0,-2.2162399291992188
6439062528.0,-2.2399168014526367
6440000000.0,-2.2616333961486816
6440937472.0,-2.280592203140259
6441874944.0,-2.29923415184021
6442812416.0,-2.316037178039551
6443749888.0,-2.33115553855896
6444687360.0,-2.346219539642334
6445624832.0,-2.3574252128601074
6446562304.0,-2.3688361644744873
6447499776.0,-2.377913475036621
6448437248.0,-2.3839690685272217
6449375232.0,-2.3887717723846436
6450312704.0,-2.392029285430908
6451250176.0,-2.3940858840942383
6452187648.0,-2.3973450660705566
6453125120.0,-2.3973803520202637
6454062592.0,-2.396695613861084
6455000064.0,-2.396348476409912
6455937536.0,-2.3939096927642822
6456875008.0,-2.392059326171875
6457812480.0,-2.3888683319091797
6458749952.0,-2.3864521980285645
6459687424.0,-2.385822296142578
6460624896.0,-2.383157253265381
6461562368.0,-2.3820853233337402
6462499840.0,-2.3790340423583984
6463437312.0,-2.3769006729125977
6464374784.0,-2.3742520809173584
6465312256.0,-2.373684883117676
6466250240.0,-2.3737316131591797
6467187712.0,-2.375934362411499
6468125184.0,-2.378239631652832
6469062656.0,-2.38297700881958
6470000128.0,-2.3881592750549316
6470937600.0,-2.395420789718628
6471875072.0,-2.404751777648926
6472812544.0,-2.4157397747039795
6473750016.0,-2.427886962890625
6474687488.0,-2.4421257972717285
6475624960.0,-2.4595389366149902
6476562432.0,-2.477820634841919
6477499904.0,-2.4998226165771484
6478437376.0,-2.5244197845458984
6479374848.0,-2.5471718311309814
6480312320.0,-2.5754363536834717
6481249792.0,-2.604419708251953
6482187264.0,-2.6318106651306152
6483125248.0,-2.6631152629852295
6484062720.0,-2.694889783859253
6485000192.0,-2.795581340789795
6485937664.0,-2.8182554244995117
6486875136.0,-2.837545871734619
6487812608.0,-2.85866117477417
6488750080.0,-2.8799524307250977
6489687552.0,-2.9028286933898926
6490625024.0,-2.9248580932617188
6491562496.0,-2.948615074157715
6492499968.0,-2.9748942852020264
6493437440.0,-3.0013604164123535
6494374912.0,-3.0284523963928223
6495312384.0,-3.0585858821868896
6496249856.0,-3.090660572052002
6497187328.0,-3.1219239234924316
6498124800.0,-3.1528842449188232
6499062272.0,-3.1854238510131836
6499999744.0,-3.216207981109619
6500937728.0,-3.2455883026123047
6501875200.0,-3.2729249000549316
6502812672.0,-3.2979540824890137
6503750144.0,-3.3205628395080566
6504687616.0,-3.3429291248321533
6505625088.0,-3.3651998043060303
6506562560.0,-3.3859524726867676
6507500032.0,-3.4092061519622803
6508437504.0,-3.4324777126312256
6509374976.0,-3.456829786300659
6510312448.0,-3.485599994659424
6511249920.0,-3.512427806854248
6512187392.0,-3.5423505306243896
6513124864.0,-3.57388973236084
6514062336.0,-3.607107162475586
6514999808.0,-3.6425557136535645
6515937280.0,-3.6787381172180176
6516874752.0,-3.715294599533081
6517812736.0,-3.7533371448516846
6518750208.0,-3.7903900146484375
6519687680.0,-3.8290677070617676
6520625152.0,-3.8658509254455566
6521562624.0,-3.9025821685791016
6522500096.0,-3.9369335174560547
6523437568.0,-3.9716179370880127
6524375040.0,-4.007796287536621
6525312512.0,-4.046091079711914
6526249984.0,-4.088022708892822
6527187456.0,-4.129707336425781
6528124928.0,-4.173284530639648
6529062400.0,-4.2160820960998535
6529999872.0,-4.259944915771484
6530937344.0,-4.3036603927612305
6531874816.0,-4.34518575668335
6532812288.0,-4.386131286621094
6533749760.0,-4.428064346313477
6534687744.0,-4.469776153564453
6535625216.0,-4.513350486755371
6536562688.0,-4.557539939880371
6537500160.0,-4.602887153625488
6538437632.0,-4.648377895355225
6539375104.0,-4.694507122039795
6540312576.0,-4.740339756011963
6541250048.0,-4.787990093231201
6542187520.0,-4.833264350891113
6543124992.0,-4.87969446182251
6544062464.0,-4.924259662628174
6544999936.0,-4.965881824493408
6545937408.0,-5.015998840332031
6546874880.0,-5.065400123596191
6547812352.0,-5.112685680389404
6548749824.0,-5.16033411026001
6549687296.0,-5.205146312713623
6550624768.0,-5.250426292419434
6551562752.0,-5.294299602508545
6552500224.0,-5.33778715133667
6553437696.0,-5.383002281188965
6554375168.0,-5.425807476043701
6555312640.0,-5.471640586853027
6556250112.0,-5.518458843231201
6557187584.0,-5.56846809387207
6558125056.0,-5.618374347686768
6559062528.0,-5.6712565422058105
6560000000.0,-5.725647449493408
6560937472.0,-5.784646034240723
6561874944.0,-5.84490442276001
6562812416.0,-5.905031681060791
6563749888.0,-5.965856075286865
6564687360.0,-6.027650356292725
6565624832.0,-6.087327480316162
6566562304.0,-6.1472907066345215
6567499776.0,-6.206848621368408
6568437248.0,-6.268073081970215
6569375232.0,-6.330251216888428
6570312704.0,-6.398769378662109
6571250176.0,-6.470033168792725
6572187648.0,-6.542020797729492
6573125120.0,-6.615664005279541
6574062592.0,-6.686903476715088
6575000064.0,-6.755074501037598
6575937536.0,-6.8264617919921875
6576875008.0,-6.900589942932129
6577812480.0,-6.9807281494140625
6578749952.0,-7.066588878631592
6579687424.0,-7.158985614776611
6580624896.0,-7.254014015197754
6581562368.0,-7.3497467041015625
6582499840.0,-7.445732593536377
6583437312.0,-7.54205846786499
6584374784.0,-7.638980388641357
6585312256.0,-7.735853672027588
6586250240.0,-7.833751201629639
6587187712.0,-7.931132793426514
6588125184.0,-8.030342102050781
6589062656.0,-8.126684188842773
6590000128.0,-8.226091384887695
6590937600.0,-8.325580596923828
6591875072.0,-8.430404663085938
6592812544.0,-8.535932540893555
6593750016.0,-8.640080451965332
6594687488.0,-8.742369651794434
6595624960.0,-8.844679832458496
6596562432.0,-8.946813583374023
6597499904.0,-9.053674697875977
6598437376.0,-9.164138793945312
6599374848.0,-9.280168533325195
6600312320.0,-9.397156715393066
6601249792.0,-9.516468048095703
6602187264.0,-9.635284423828125
6603125248.0,-9.751609802246094
6604062720.0,-9.862749099731445
6605000192.0,-9.960814476013184
6605937664.0,-10.06069564819336
6606875136.0,-10.155179023742676
6607812608.0,-10.248165130615234
6608750080.0,-10.335290908813477
6609687552.0,-10.420802116394043
6610625024.0,-10.505062103271484
6611562496.0,-10.589648246765137
6612499968.0,-10.670578002929688
6613437440.0,-10.745124816894531
6614374912.0,-10.820758819580078
6615312384.0,-10.892163276672363
6616249856.0,-10.959630012512207
6617187328.0,-11.027438163757324
6618124800.0,-11.095911979675293
6619062272.0,-11.167027473449707
6620000256.0,-11.242119789123535
6620937728.0,-11.314992904663086
6621875200.0,-11.388558387756348
6622812672.0,-11.452621459960938
6623750144.0,-11.50943660736084
6624687616.0,-11.554055213928223
6625625088.0,-11.58908748626709
6626562560.0,-11.61357307434082
6627500032.0,-11.629697799682617
6628437504.0,-11.634764671325684
6629374976.0,-11.635560035705566
6630312448.0,-11.632340431213379
6631249920.0,-11.625404357910156
6632187392.0,-11.623394966125488
6633124864.0,-11.62642765045166
6634062336.0,-11.627674102783203
6634999808.0,-11.628439903259277
6635937280.0,-11.6248140335083
6636874752.0,-11.61438274383545
6637812736.0,-11.59915542602539
6638750208.0,-11.579737663269043
6639687680.0,-11.555323600769043
6640625152.0,-11.522050857543945
6641562624.0,-11.482707023620605
6642500096.0,-11.438987731933594
6643437568.0,-11.390869140625
6644375040.0,-11.335114479064941
6645312512.0,-11.273112297058105
6646249984.0,-11.21103286743164
6647187456.0,-11.14365291595459
6648124928.0,-11.07604694366455
6649062400.0,-10.997912406921387
6649999872.0,-10.91506290435791
6650937344.0,-10.826871871948242
6651874816.0,-10.741275787353516
6652812288.0,-10.64960765838623
6653749760.0,-10.561256408691406
6654687744.0,-10.470606803894043
6655625216.0,-10.3765287399292
6656562688.0,-10.28052043914795
6657500160.0,-10.177444458007812
6658437632.0,-10.073931694030762
6659375104.0,-9.963383674621582
6660312576.0,-9.85145092010498
6661250048.0,-9.73653507232666
6662187520.0,-9.622873306274414
6663124992.0,-9.512456893920898
6664062464.0,-9.402642250061035
6664999936.0,-9.278936386108398
6665937408.0,-9.17578411102295
6666874880.0,-9.066601753234863
6667812352.0,-8.959537506103516
6668749824.0,-8.850266456604004
6669687296.0,-8.742785453796387
6670624768.0,-8.64143180847168
6671562752.0,-8.537821769714355
6672500224.0,-8.437155723571777
6673437696.0,-8.33214282989502
6674375168.0,-8.231439590454102
6675312640.0,-8.129378318786621
6676250112.0,-8.02923583984375
6677187584.0,-7.927318572998047
6678125056.0,-7.827600002288818
6679062528.0,-7.72623348236084
6680000000.0,-7.626222133636475
6680937472.0,-7.534557342529297
6681874944.0,-7.4490766525268555
6682812416.0,-7.366814613342285
6683749888.0,-7.291409969329834
6684687360.0,-7.213047981262207
6685624832.0,-7.1395721435546875
6686562304.0,-7.066837310791016
6687499776.0,-6.998554229736328
6688437248.0,-6.929567337036133
6689375232.0,-6.863574981689453
6690312704.0,-6.79933500289917
6691250176.0,-6.735060214996338
6692187648.0,-6.6722798347473145
6693125120.0,-6.612218856811523
6694062592.0,-6.550920009613037
6695000064.0,-6.489447593688965
6695937536.0,-6.430851459503174
6696875008.0,-6.3727312088012695
6697812480.0,-6.317000865936279
6698749952.0,-6.262032508850098
6699687424.0,-6.205856800079346
6700624896.0,-6.15121603012085
6701562368.0,-6.093799114227295
6702499840.0,-6.037064552307129
6703437312.0,-5.975067615509033
6704374784.0,-5.918009281158447
6705312256.0,-5.861310005187988
6706250240.0,-5.807583808898926
6707187712.0,-5.753921031951904
6708125184.0,-5.7007365226745605
6709062656.0,-5.647305011749268
6710000128.0,-5.591365337371826
6710937600.0,-5.532757759094238
6711875072.0,-5.476217269897461
6712812544.0,-5.4155049324035645
6713750016.0,-5.355297565460205
6714687488.0,-5.293760299682617
6715624960.0,-5.230891704559326
6716562432.0,-5.166664123535156
6717499904.0,-5.102193832397461
6718437376.0,-5.036287307739258
6719374848.0,-4.971279621124268
6720312320.0,-4.907406806945801
6721249792.0,-4.8430914878845215
6722187264.0,-4.7789130210876465
6723125248.0,-4.71632194519043
6724062720.0,-4.655280590057373
6725000192.0,-4.383761405944824
6725937664.0,-4.310618877410889
6726875136.0,-4.239731311798096
6727812608.0,-4.169283866882324
6728750080.0,-4.099753379821777
6729687552.0,-4.034427165985107
6730625024.0,-3.9713268280029297
6731562496.0,-3.9106216430664062
6732499968.0,-3.8523519039154053
6733437440.0,-3.7983710765838623
6734374912.0,-3.745370626449585
6735312384.0,-3.6969714164733887
6736249856.0,-3.648671865463257
6737187328.0,-3.6012227535247803
6738124800.0,-3.5553767681121826
6739062272.0,-3.5122251510620117
6739999744.0,-3.4716479778289795
6740937728.0,-3.432264566421509
6741875200.0,-3.397216796875
6742812672.0,-3.3635740280151367
6743750144.0,-3.3324384689331055
6744687616.0,-3.304276943206787
6745625088.0,-3.278346061706543
6746562560.0,-3.252894878387451
6747500032.0,-3.227879524230957
6748437504.0,-3.205336570739746
6749374976.0,-3.18377685546875
6750312448.0,-3.162949323654175
6751249920.0,-3.1439335346221924
6752187392.0,-3.123124837875366
6753124864.0,-3.105508327484131
6754062336.0,-3.0901975631713867
6754999808.0,-3.0745229721069336
6755937280.0,-3.0598647594451904
6756874752.0,-3.0454211235046387
6757812736.0,-3.030194044113159
6758750208.0,-3.0160114765167236
6759687680.0,-3.002380847930908
6760625152.0,-2.9851577281951904
6761562624.0,-2.967911958694458
6762500096.0,-2.95045804977417
6763437568.0,-2.9307732582092285
6764375040.0,-2.9103968143463135
6765312512.0,-2.8877618312835693
6766249984.0,-2.8643743991851807
6767187456.0,-2.8392508029937744
6768124928.0,-2.812645435333252
6769062400.0,-2.7869226932525635
6769999872.0,-2.7582662105560303
6770937344.0,-2.7273130416870117
6771874816.0,-2.696849822998047
6772812288.0,-2.664202928543091
6773749760.0,-2.6308257579803467
6774687744.0,-2.597836971282959
6775625216.0,-2.564116954803467
6776562688.0,-2.53065824508667
6777500160.0,-2.498271942138672
6778437632.0,-2.469581127166748
6779375104.0,-2.440857410430908
6780312576.0,-2.412567138671875
6781250048.0,-2.3833370208740234
6782187520.0,-2.351410150527954
6783124992.0,-2.319927453994751
6784062464.0,-2.288353204727173
6784999936.0,-2.2645697593688965
6785937408.0,-2.2276511192321777
6786874880.0,-2.1919469833374023
6787812352.0,-2.159999370574951
6788749824.0,-2.127814531326294
6789687296.0,-2.099531650543213
6790624768.0,-2.0716981887817383
6791562752.0,-2.0455849170684814
6792500224.0,-2.019214630126953
6793437696.0,-1.9958360195159912
6794375168.0,-1.972046136856079
6795312640.0,-1.9502888917922974
6796250112.0,-1.9303035736083984
6797187584.0,-1.9113495349884033
6798125056.0,-1.8931596279144287
6799062528.0,-1.875962257385254
6800000000.0,-1.8622453212738037
6800937472.0,-1.8478071689605713
6801874944.0,-1.833630084991455
6802812416.0,-1.8213069438934326
6803749888.0,-1.8086198568344116
6804687360.0,-1.7986129522323608
6805624832.0,-1.7874855995178223
6806562304.0,-1.7777719497680664
6807499776.0,-1.7668063640594482
6808437248.0,-1.7575373649597168
6809375232.0,-1.747277021408081
6810312704.0,-1.7383612394332886
6811250176.0,-1.7268798351287842
6812187648.0,-1.716957688331604
6813125120.0,-1.705006718635559
6814062592.0,-1.6937593221664429
6815000064.0,-1.6815199851989746
6815937536.0,-1.6684938669204712
6816875008.0,-1.6552239656448364
6817812480.0,-1.641238808631897
6818749952.0,-1.626222848892212
6819687424.0,-1.6109431982040405
6820624896.0,-1.594642162322998
6821562368.0,-1.5776926279067993
6822499840.0,-1.5596612691879272
6823437312.0,-1.5404531955718994
6824374784.0,-1.5216253995895386
6825312256.0,-1.502114176750183
6826250240.0,-1.4816488027572632
6827187712.0,-1.4600872993469238
6828125184.0,-1.4380006790161133
6829062656.0,-1.4158623218536377
6830000128.0,-1.3915215730667114
6830937600.0,-1.3690372705459595
6831875072.0,-1.346313238143921
6832812544.0,-1.3246076107025146
6833750016.0,-1.3012402057647705
6834687488.0,-1.2797964811325073
6835624960.0,-1.2562114000320435
6836562432.0,-1.2345603704452515
6837499904.0,-1.213291883468628
6838437376.0,-1.1935787200927734
6839374848.0,-1.1749683618545532
6840312320.0,-1.156898021697998
6841249792.0,-1.1417107582092285
6842187264.0,-1.126812219619751
6843125248.0,-1.1143245697021484
6844062720.0,-1.1031137704849243
6845000192.0,-1.0668085813522339
6845937664.0,-1.0564451217651367
6846875136.0,-1.0487722158432007
6847812608.0,-1.0410012006759644
6848750080.0,-1.0347404479980469
6849687552.0,-1.0294731855392456
6850625024.0,-1.0267409086227417
6851562496.0,-1.0246756076812744
6852499968.0,-1.0233829021453857
6853437440.0,-1.0243421792984009
6854374912.0,-1.0248113870620728
6855312384.0,-1.0269728899002075
6856249856.0,-1.0285468101501465
6857187328.0,-1.0318654775619507
6858124800.0,-1.0375899076461792
6859062272.0,-1.0428904294967651
6860000256.0,-1.0497843027114868
6860937728.0,-1.058293342590332
6861875200.0,-1.0673974752426147
6862812672.0,-1.0764011144638062
6863750144.0,-1.0874738693237305
6864687616.0,-1.0981087684631348
6865625088.0,-1.1091291904449463
6866562560.0,-1.120669960975647
6867500032.0,-1.1319234371185303
6868437504.0,-1.1428842544555664
6869374976.0,-1.154281735420227
6870312448.0,-1.1643822193145752
6871249920.0,-1.1729100942611694
6872187392.0,-1.1805135011672974
6873124864.0,-1.1881182193756104
6874062336.0,-1.1926249265670776
6874999808.0,-1.1952210664749146
6875937280.0,-1.1975256204605103
6876874752.0,-1.1970808506011963
6877812736.0,-1.1949405670166016
6878750208.0,-1.1913766860961914
6879687680.0,-1.1840424537658691
6880625152.0,-1.1728626489639282
6881562624.0,-1.1590579748153687
6882500096.0,-1.144704818725586
6883437568.0,-1.1269481182098389
6884375040.0,-1.1093590259552002
6885312512.0,-1.0874691009521484
6886249984.0,-1.066017508506775
6887187456.0,-1.0424165725708008
6888124928.0,-1.0178841352462769
6889062400.0,-0.9906232357025146
6889999872.0,-0.9630732536315918
6890937344.0,-0.9373335838317871
6891874816.0,-0.9089897274971008
6892812288.0,-0.880429208278656
6893749760.0,-0.8513967990875244
6894687744.0,-0.8215148448944092
6895625216.0,-0.7923669219017029
6896562688.0,-0.7625383734703064
6897500160.0,-0.7332518696784973
6898437632.0,-0.7039517760276794
6899375104.0,-0.675710141658783
6900312576.0,-0.647407054901123
6901250048.0,-0.6210830211639404
6902187520.0,-0.5941394567489624
6903124992.0,-0.5689811110496521
6904062464.0,-0.545569658279419
6904999936.0,-0.4995056688785553
6905937408.0,-0.4945134222507477
6906874880.0,-0.49089521169662476
6907812352.0,-0.48798668384552
6908749824.0,-0.4855633080005646
6909687296.0,-0.4853008985519409
6910624768.0,-0.4862341582775116
6911562752.0,-0.4882095754146576
6912500224.0,-0.4909607768058777
6913437696.0,-0.49448734521865845
6914375168.0,-0.4994274377822876
6915312640.0,-0.5047367215156555
6916250112.0,-0.5102695226669312
6917187584.0,-0.5169028043746948
6918125056.0,-0.5242782235145569
6919062528.0,-0.5314133167266846
6920000000.0,-0.5387312769889832
6920937472.0,-0.546478271484375
6921874944.0,-0.5552853941917419
6922812416.0,-0.5630704164505005
6923749888.0,-0.5715325474739075
6924687360.0,-0.5801277160644531
6925624832.0,-0.5882716774940491
6926562304.0,-0.5965611934661865
6927499776.0,-0.6037166714668274
6928437248.0,-0.6108595728874207
6929375232.0,-0.6178439259529114
6930312704.0,-0.6249829530715942
6931250176.0,-0.6348836421966553
6932187648.0,-0.6435427665710449
6933125120.0,-0.6518049240112305
6934062592.0,-0.6592318415641785
6935000064.0,-0.6662405133247375
6935937536.0,-0.6722289323806763
6936875008.0,-0.6779529452323914
6937812480.0,-0.68352872133255
6938749952.0,-0.6866584420204163
6939687424.0,-0.6911178231239319
6940624896.0,-0.6940881609916687
6941562368.0,-0.6963444352149963
6942499840.0,-0.6981831789016724
6943437312.0,-0.6993585228919983
6944374784.0,-0.6990309953689575
6945312256.0,-0.6984320878982544
6946250240.0,-0.6964877843856812
6947187712.0,-0.6932043433189392
6948125184.0,-0.6896818280220032
6949062656.0,-0.6854541301727295
6950000128.0,-0.6798132658004761
6950937600.0,-0.6730799078941345
6951875072.0,-0.6660823225975037
6952812544.0,-0.6570708751678467
6953750016.0,-0.6477020978927612
6954687488.0,-0.6369721293449402
6955624960.0,-0.6251727938652039
6956562432.0,-0.615517795085907
6957499904.0,-0.6038856506347656
6958437376.0,-0.5917142033576965
6959374848.0,-0.5798608064651489
6960312320.0,-0.5664831399917603
6961249792.0,-0.5520623326301575
6962187264.0,-0.5376352071762085
6963125248.0,-0.5222252607345581
6964062720.0,-0.5060815215110779
6965000192.0,-0.42763277888298035
6965937664.0,-0.4178643226623535
6966875136.0,-0.4084146022796631
6967812608.0,-0.40024334192276
6968750080.0,-0.39209383726119995
6969687552.0,-0.383230984210968
6970625024.0,-0.3762068450450897
6971562496.0,-0.3679722845554352
6972499968.0,-0.361103892326355
6973437440.0,-0.35529211163520813
6974374912.0,-0.34905701875686646
6975312384.0,-0.3441486358642578
6976249856.0,-0.3393350839614868
6977187328.0,-0.33759555220603943
6978124800.0,-0.33531251549720764
6979062272.0,-0.3340597450733185
6979999744.0,-0.3338461220264435
6980937728.0,-0.3347105085849762
6981875200.0,-0.3364543318748474
6982812672.0,-0.33787745237350464
6983750144.0,-0.3401971161365509
6984687616.0,-0.34287431836128235
6985625088.0,-0.3484705090522766
6986562560.0,-0.3539917469024658
6987500032.0,-0.3625076711177826
6988437504.0,-0.371499240398407
6989374976.0,-0.3800662159919739
6990312448.0,-0.39063388109207153
6991249920.0,-0.4028114080429077
6992187392.0,-0.41455984115600586
6993124864.0,-0.4271586835384369
6994062336.0,-0.4396686553955078
6994999808.0,-0.45271360874176025
6995937280.0,-0.4640065133571625
6996874752.0,-0.47669491171836853
6997812736.0,-0.48898598551750183
6998750208.0,-0.5010879635810852
6999687680.0,-0.513424813747406
7000625152.0,-0.5237470269203186
7001562624.0,-0.5344319343566895
7002500096.0,-0.5440655946731567
7003437568.0,-0.5520633459091187
7004375040.0,-0.5585551261901855
7005312512.0,-0.5649237036705017
7006249984.0,-0.5704491138458252
7007187456.0,-0.5734768509864807
7008124928.0,-0.5753934979438782
7009062400.0,-0.5751145482063293
7009999872.0,-0.5747361779212952
7010937344.0,-0.5720674395561218
7011874816.0,-0.5693041682243347
7012812288.0,-0.5646885633468628
7013749760.0,-0.5585142374038696
7014687744.0,-0.5517808794975281
7015625216.0,-0.5441687703132629
7016562688.0,-0.536594808101654
7017500160.0,-0.5266905426979065
7018437632.0,-0.5171405673027039
7019375104.0,-0.5082882046699524
7020312576.0,-0.4992467164993286
7021250048.0,-0.48938286304473877
7022187520.0,-0.48070913553237915
7023124992.0,-0.4709635376930237
7024062464.0,-0.4621901512145996
7024999936.0,-0.43621858954429626
7025937408.0,-0.4273551404476166
7026874880.0,-0.42006388306617737
7027812352.0,-0.41335275769233704
7028749824.0,-0.4077189266681671
7029687296.0,-0.4025767743587494
7030624768.0,-0.39930805563926697
7031562752.0,-0.39757055044174194
7032500224.0,-0.3968406617641449
7033437696.0,-0.3978239893913269
7034375168.0,-0.4003450870513916
7035312640.0,-0.40375426411628723
7036250112.0,-0.4093949496746063
7037187584.0,-0.41613301634788513
7038125056.0,-0.42356953024864197
7039062528.0,-0.4323536157608032
7040000000.0,-0.4420202970504761
7040937472.0,-0.45157474279403687
7041874944.0,-0.46209487318992615
7042812416.0,-0.4721973240375519
7043749888.0,-0.48374277353286743
7044687360.0,-0.49300551414489746
7045624832.0,-0.5012228488922119
7046562304.0,-0.5089505314826965
7047499776.0,-0.5148745179176331
7048437248.0,-0.5213402509689331
7049375232.0,-0.5257799029350281
7050312704.0,-0.5287991166114807
7051250176.0,-0.5304707884788513
7052187648.0,-0.5319186449050903
7053125120.0,-0.5296802520751953
7054062592.0,-0.5255988836288452
7055000064.0,-0.5207763910293579
7055937536.0,-0.5131794214248657
7056875008.0,-0.5032926797866821
7057812480.0,-0.4911046028137207
7058749952.0,-0.477873295545578
7059687424.0,-0.4600595533847809
7060624896.0,-0.4432808458805084
7061562368.0,-0.4244026243686676
7062499840.0,-0.4040888249874115
7063437312.0,-0.3847568929195404
7064374784.0,-0.3641679883003235
7065312256.0,-0.34195390343666077
7066250240.0,-0.3216269314289093
7067187712.0,-0.2995487451553345
7068125184.0,-0.278045654296875
7069062656.0,-0.2581709325313568
7070000128.0,-0.23737205564975739
7070937600.0,-0.21845848858356476
7071875072.0,-0.20024122297763824
7072812544.0,-0.1835814118385315
7073750016.0,-0.16800646483898163
7074687488.0,-0.1541682928800583
7075624960.0,-0.14201568067073822
7076562432.0,-0.13102157413959503
7077499904.0,-0.12372983992099762
7078437376.0,-0.1178148165345192
7079374848.0,-0.11338609457015991
7080312320.0,-0.11195498704910278
7081249792.0,-0.11201870441436768
7082187264.0,-0.11484082043170929
7083125248.0,-0.12003515660762787
7084062720.0,-0.12648402154445648
7085000192.0,-0.2780081033706665
7085937664.0,-0.2876098155975342
7086875136.0,-0.2998773753643036
7087812608.0,-0.31326693296432495
7088750080.0,-0.3290709853172302
7089687552.0,-0.34671056270599365
7090625024.0,-0.3663609027862549
7091562496.0,-0.3870313763618469
7092499968.0,-0.4109154939651489
7093437440.0,-0.4370318353176117
7094374912.0,-0.4653945863246918
7095312384.0,-0.49349191784858704
7096249856.0,-0.5246843099594116
7097187328.0,-0.5562430620193481
7098124800.0,-0.5904126763343811
7099062272.0,-0.6238221526145935
7100000256.0,-0.6569299101829529
7100937728.0,-0.6928159594535828
7101875200.0,-0.7258108258247375
7102812672.0,-0.7582070231437683
7103750144.0,-0.7907274961471558
7104687616.0,-0.8193301558494568
7105625088.0,-0.8471059799194336
7106562560.0,-0.8720618486404419
7107500032.0,-0.8932375907897949
7108437504.0,-0.912580668926239
7109374976.0,-0.9278455376625061
7110312448.0,-0.9400010108947754
7111249920.0,-0.9474372863769531
7112187392.0,-0.9520032405853271
7113124864.0,-0.9519016146659851
7114062336.0,-0.9487513303756714
7114999808.0,-0.9400429129600525
7115937280.0,-0.9260725975036621
7116874752.0,-0.9100533723831177
7117812736.0,-0.8915426731109619
7118750208.0,-0.8676545023918152
7119687680.0,-0.8427348136901855
7120625152.0,-0.8133138418197632
7121562624.0,-0.7835337519645691
7122500096.0,-0.7510043382644653
7123437568.0,-0.7174465656280518
7124375040.0,-0.6822493076324463
7125312512.0,-0.6466185450553894
7126249984.0,-0.6100404262542725
7127187456.0,-0.573082685470581
7128124928.0,-0.5370171070098877
7129062400.0,-0.501101016998291
7129999872.0,-0.4654427766799927
7130937344.0,-0.4307909607887268
7131874816.0,-0.39739447832107544
7132812288.0,-0.36525872349739075
7133749760.0,-0.3350951075553894
7134687744.0,-0.30647706985473633
7135625216.0,-0.28023311495780945
7136562688.0,-0.25668686628341675
7137500160.0,-0.23442542552947998
7138437632.0,-0.21468408405780792
7139375104.0,-0.19632193446159363
7140312576.0,-0.17955417931079865
7141250048.0,-0.1654563844203949
7142187520.0,-0.1526518166065216
7143124992.0,-0.14054086804389954
7144062464.0,-0.22637541592121124
7144999936.0,-0.22468562424182892
7145937408.0,-0.22563382983207703
7146874880.0,-0.22485491633415222
7147812352.0,-0.22694872319698334
7148749824.0,-0.22912992537021637
7149687296.0,-0.23138631880283356
7150624768.0,-0.23491171002388
7151562752.0,-0.23969995975494385
7152500224.0,-0.24595391750335693
7153437696.0,-0.25425127148628235
7154375168.0,-0.2649863660335541
7155312640.0,-0.27771416306495667
7156250112.0,-0.2920365333557129
7157187584.0,-0.311286598443985
7158125056.0,-0.33272451162338257
7159062528.0,-0.35680124163627625
7160000000.0,-0.38301151990890503
7160937472.0,-0.410982221364975
7161874944.0,-0.4346931576728821
7162812416.0,-0.456548273563385
7163749888.0,-0.4747503995895386
7164687360.0,-0.4893477261066437
7165624832.0,-0.500417947769165
7166562304.0,-0.5088381171226501
7167499776.0,-0.5164473652839661
7168437248.0,-0.5212365388870239
7169375232.0,-0.5241255760192871
7170312704.0,-0.5274194478988647
7171250176.0,-0.5309334397315979
7172187648.0,-0.5336004495620728
7173125120.0,-0.5386914610862732
7174062592.0,-0.5437593460083008
7175000064.0,-0.5506769418716431
7175937536.0,-0.5608154535293579
7176875008.0,-0.5743252635002136
7177812480.0,-0.5894311666488647
7178749952.0,-0.6067317128181458
7179687424.0,-0.6250748038291931
7180624896.0,-0.646476686000824
7181562368.0,-0.6664959192276001
7182499840.0,-0.6894227266311646
7183437312.0,-0.7101685404777527
7184374784.0,-0.729809045791626
7185312256.0,-0.7498509287834167
7186250240.0,-0.7666265964508057
7187187712.0,-0.7820136547088623
7188125184.0,-0.793527364730835
7189062656.0,-0.8016059994697571
7190000128.0,-0.8060088157653809
7190937600.0,-0.8072726130485535
7191875072.0,-0.8044692873954773
7192812544.0,-0.797362744808197
7193750016.0,-0.7874706387519836
7194687488.0,-0.774232804775238
7195624960.0,-0.7571581602096558
7196562432.0,-0.7373340129852295
7197499904.0,-0.7147241234779358
7198437376.0,-0.6908648014068604
7199374848.0,-0.6646881699562073
7200312320.0,-0.6387002468109131
7201249792.0,-0.6113893985748291
7202187264.0,-0.5839623212814331
7203125248.0,-0.559196412563324
7204062720.0,-0.6776818633079529
7205000192.0,-0.6691048741340637
7205937664.0,-0.6608656644821167
7206875136.0,-0.6547596454620361
7207812608.0,-0.6509045958518982
7208750080.0,-0.6494073867797852
7209687552.0,-0.6517464518547058
7210625024.0,-0.6554189920425415
7211562496.0,-0.6653416752815247
7212499968.0,-0.6756644248962402
7213437440.0,-0.6914563179016113
7214374912.0,-0.706263542175293
7215312384.0,-0.7241530418395996
7216249856.0,-0.7426242828369141
7217187328.0,-0.7619902491569519
7218124800.0,-0.7824211716651917
7219062272.0,-0.8028314113616943
7219999744.0,-0.823876678943634
7220937728.0,-0.8420192003250122
7221875200.0,-0.8604788780212402
7222812672.0,-0.8794254660606384
7223750144.0,-0.8952009677886963
7224687616.0,-0.9107053279876709
7225625088.0,-0.9236705303192139
7226562560.0,-0.9355448484420776
7227500032.0,-0.9444897770881653
7228437504.0,-0.9522791504859924
7229374976.0,-0.9590105414390564
7230312448.0,-0.9628140330314636
7231249920.0,-0.965850830078125
7232187392.0,-0.9659025073051453
7233124864.0,-0.9646710157394409
7234062336.0,-0.9621290564537048
7234999808.0,-0.9585869908332825
7235937280.0,-0.9539101719856262
7236874752.0,-0.9496427774429321
7237812736.0,-0.9441537857055664
7238750208.0,-0.9381632208824158
7239687680.0,-0.9330211877822876
7240625152.0,-0.9262567758560181
7241562624.0,-0.9212818741798401
7242500096.0,-0.9153056740760803
7243437568.0,-0.9118649959564209
7244375040.0,-0.9096276760101318
7245312512.0,-0.9080834984779358
7246249984.0,-0.909732460975647
7247187456.0,-0.912971556186676
7248124928.0,-0.9175513982772827
7249062400.0,-0.9224368333816528
7249999872.0,-0.9306203722953796
7250937344.0,-0.9398150444030762
7251874816.0,-0.950807511806488
7252812288.0,-0.9634885787963867
7253749760.0,-0.9767521023750305
7254687744.0,-0.9912811517715454
7255625216.0,-1.0076738595962524
7256562688.0,-1.0228908061981201
7257500160.0,-1.0396950244903564
7258437632.0,-1.055985689163208
7259375104.0,-1.0735633373260498
7260312576.0,-1.0904576778411865
7261250048.0,-1.1068633794784546
7262187520.0,-1.1221330165863037
7263124992.0,-1.1358035802841187
7264062464.0,-1.1647284030914307
7264999936.0,-1.178012490272522
7265937408.0,-1.1934181451797485
7266874880.0,-1.2091668844223022
7267812352.0,-1.2228388786315918
7268749824.0,-1.236220359802246
7269687296.0,-1.2502999305725098
7270624768.0,-1.2621216773986816
7271562752.0,-1.2744009494781494
7272500224.0,-1.2852985858917236
7273437696.0,-1.2961268424987793
7274375168.0,-1.3043324947357178
7275312640.0,-1.3119258880615234
7276250112.0,-1.3164299726486206
7277187584.0,-1.3191211223602295
7278125056.0,-1.320946455001831
7279062528.0,-1.3191795349121094
7280000000.0,-1.3162425756454468
7280937472.0,-1.310802698135376
7281874944.0,-1.3039422035217285
7282812416.0,-1.294527530670166
7283749888.0,-1.2808852195739746
7284687360.0,-1.2649232149124146
7285624832.0,-1.2487887144088745
7286562304.0,-1.2286173105239868
7287499776.0,-1.206974744796753
7288437248.0,-1.184150218963623
7289375232.0,-1.1580830812454224
7290312704.0,-1.1310482025146484
7291250176.0,-1.101432204246521
7292187648.0,-1.0720958709716797
7293125120.0,-1.0415257215499878
7294062592.0,-1.008349895477295
7295000064.0,-0.97405606508255
7295937536.0,-0.9395845532417297
7296875008.0,-0.9060195088386536
7297812480.0,-0.8697233200073242
7298749952.0,-0.8344063758850098
7299687424.0,-0.7983606457710266
7300624896.0,-0.7632807493209839
7301562368.0,-0.7273712158203125
7302499840.0,-0.6925416588783264
7303437312.0,-0.6589273810386658
7304374784.0,-0.6248058080673218
7305312256.0,-0.591884970664978
7306250240.0,-0.5583035945892334
7307187712.0,-0.5259664058685303
7308125184.0,-0.494547039270401
7309062656.0,-0.46497586369514465
7310000128.0,-0.4351445734500885
7310937600.0,-0.40755605697631836
7311875072.0,-0.38159632682800293
7312812544.0,-0.35764649510383606
7313750016.0,-0.33838221430778503
7314687488.0,-0.3200436234474182
7315624960.0,-0.303040474653244
7316562432.0,-0.288057804107666
7317499904.0,-0.27480775117874146
7318437376.0,-0.2627597451210022
7319374848.0,-0.25245362520217896
7320312320.0,-0.24406647682189941
7321249792.0,-0.23709535598754883
7322187264.0,-0.2325969934463501
7323125248.0,-0.22986534237861633
7324062720.0,-0.39179182052612305
7325000192.0,-0.3888789713382721
7325937664.0,-0.3871602416038513
7326875136.0,-0.3880400061607361
7327812608.0,-0.390234112739563
7328750080.0,-0.393470823764801
7329687552.0,-0.3990857005119324
7330625024.0,-0.40547075867652893
7331562496.0,-0.4131760597229004
7332499968.0,-0.4217877686023712
7333437440.0,-0.4319368302822113
7334374912.0,-0.4418637752532959
7335312384.0,-0.45254752039909363
7336249856.0,-0.46463441848754883
7337187328.0,-0.47648218274116516
7338124800.0,-0.4871080219745636
7339062272.0,-0.49739429354667664
7340000256.0,-0.5075007677078247
7340937728.0,-0.5178906321525574
7341875200.0,-0.5252387523651123
7342812672.0,-0.5319714546203613
7343750144.0,-0.5387545228004456
7344687616.0,-0.5444592833518982
7345625088.0,-0.5495941638946533
7346562560.0,-0.5521855354309082
7347500032.0,-0.553428590297699
7348437504.0,-0.5543074011802673
7349374976.0,-0.5531527996063232
7350312448.0,-0.5503930449485779
7351249920.0,-0.5467010736465454
7352187392.0,-0.5408695340156555
7353124864.0,-0.5331846475601196
7354062336.0,-0.5253655910491943
7354999808.0,-0.515174925327301
7355937280.0,-0.5048030018806458
7356874752.0,-0.49327030777931213
7357812736.0,-0.48121047019958496
7358750208.0,-0.4672042429447174
7359687680.0,-0.4543001651763916
7360625152.0,-0.43985021114349365
7361562624.0,-0.42666399478912354
7362500096.0,-0.4135029911994934
7363437568.0,-0.398170530796051
7364375040.0,-0.3801290690898895
7365312512.0,-0.36238813400268555
7366249984.0,-0.34395530819892883
7367187456.0,-0.32621392607688904
7368124928.0,-0.30794575810432434
7369062400.0,-0.2899506688117981
7369999872.0,-0.27068859338760376
7370937344.0,-0.2521016299724579
7371874816.0,-0.23320651054382324
7372812288.0,-0.21403953433036804
7373749760.0,-0.19510798156261444
7374687744.0,-0.17541265487670898
7375625216.0,-0.15483570098876953
7376562688.0,-0.13399378955364227
7377500160.0,-0.11387480050325394
7378437632.0,-0.09303653985261917
7379375104.0,-0.07220093160867691
7380312576.0,-0.05009755864739418
7381250048.0,-0.027294455096125603
7382187520.0,-0.00461218087002635
7383124992.0,0.018360847607254982
7384062464.0,0.03639096021652222
7384999936.0,0.04322052001953125
7385937408.0,0.05056885629892349
7386874880.0,0.058096569031476974
7387812352.0,0.06331118196249008
7388749824.0,0.06865238398313522
7389687296.0,0.07429365068674088
7390624768.0,0.07972682267427444
7391562752.0,0.08511564880609512
7392500224.0,0.09014839679002762
7393437696.0,0.09557678550481796
7394375168.0,0.10214868932962418
7395312640.0,0.10739438980817795
7396250112.0,0.11291524022817612
7397187584.0,0.11885201930999756
7398125056.0,0.12587790191173553
7399062528.0,0.13382554054260254
7400000000.0,0.14168541133403778
7400937472.0,0.14931456744670868
7401874944.0,0.1569342017173767
7402812416.0,0.16424894332885742
7403749888.0,0.1720016747713089
7404687360.0,0.178722083568573
7405624832.0,0.18438711762428284
7406562304.0,0.1886126697063446
7407499776.0,0.19208215177059174
7408437248.0,0.1940142661333084
7409375232.0,0.1936427503824234
7410312704.0,0.19055168330669403
7411250176.0,0.1855664849281311
7412187648.0,0.1782001107931137
7413125120.0,0.1680736541748047
7414062592.0,0.15559542179107666
7415000064.0,0.139531672000885
7415937536.0,0.12233396619558334
7416875008.0,0.10287012159824371
7417812480.0,0.08182458579540253
7418749952.0,0.05899886414408684
7419687424.0,0.033754512667655945
7420624896.0,0.010130117647349834
7421562368.0,-0.016149045899510384
7422499840.0,-0.042266156524419785
7423437312.0,-0.06780317425727844
7424374784.0,-0.09379313886165619
7425312256.0,-0.1184459775686264
7426250240.0,-0.14222779870033264
7427187712.0,-0.16524866223335266
7428125184.0,-0.18612708151340485
7429062656.0,-0.2063554972410202
7430000128.0,-0.22433896362781525
7430937600.0,-0.24098506569862366
7431875072.0,-0.25762978196144104
7432812544.0,-0.27234694361686707
7433750016.0,-0.2850944697856903
7434687488.0,-0.29666343331336975
7435624960.0,-0.3072148263454437
7436562432.0,-0.316238671541214
7437499904.0,-0.3250875174999237
7438437376.0,-0.33248060941696167
7439374848.0,-0.3384588956832886
7440312320.0,-0.3427709639072418
7441249792.0,-0.34560972452163696
7442187264.0,-0.34836483001708984
7443125248.0,-0.34978964924812317
7444062720.0,-0.14140239357948303
7445000192.0,-0.12294342368841171
7445937664.0,-0.106387659907341
7446875136.0,-0.09314528107643127
7447812608.0,-0.08169110119342804
7448750080.0,-0.07308724522590637
7449687552.0,-0.06593046337366104
7450625024.0,-0.05977329984307289
7451562496.0,-0.05534639582037926
7452499968.0,-0.05227860063314438
7453437440.0,-0.049830444157123566
7454374912.0,-0.04831593111157417
7455312384.0,-0.04548822343349457
7456249856.0,-0.044285207986831665
7457187328.0,-0.04137632995843887
7458124800.0,-0.03909572586417198
7459062272.0,-0.034296177327632904
7459999744.0,-0.029355885460972786
7460937728.0,-0.0247420072555542
7461875200.0,-0.016793474555015564
7462812672.0,-0.0090972650796175
7463750144.0,0.000256028346484527
7464687616.0,0.010714632458984852
7465625088.0,0.0210210420191288
7466562560.0,0.03174714371562004
7467500032.0,0.04367426410317421
7468437504.0,0.05558597296476364
7469374976.0,0.06852938234806061
7470312448.0,0.08132634311914444
7471249920.0,0.09512075781822205
7472187392.0,0.10665006190538406
7473124864.0,0.11868947744369507
7474062336.0,0.13043108582496643
7474999808.0,0.1415037214756012
7475937280.0,0.15030793845653534
7476874752.0,0.15990538895130157
7477812736.0,0.1674915999174118
7478750208.0,0.17446592450141907
7479687680.0,0.1802840381860733
7480625152.0,0.1843031942844391
7481562624.0,0.18691109120845795
7482500096.0,0.18872538208961487
7483437568.0,0.18858452141284943
7484375040.0,0.18615415692329407
7485312512.0,0.18281184136867523
7486249984.0,0.17854133248329163
7487187456.0,0.1725252866744995
7488124928.0,0.16479091346263885
7489062400.0,0.15533530712127686
7489999872.0,0.14524604380130768
7490937344.0,0.1325431913137436
7491874816.0,0.11655493825674057
7492812288.0,0.09973641484975815
7493749760.0,0.08239748328924179
7494687744.0,0.06495453417301178
7495625216.0,0.04495948553085327
7496562688.0,0.026605233550071716
7497500160.0,0.008402049541473389
7498437632.0,-0.011716342531144619
7499375104.0,-0.03019425831735134
7500312576.0,-0.04786471650004387
7501250048.0,-0.06623002141714096
7502187520.0,-0.08207017928361893
7503124992.0,-0.09836673736572266
7504062464.0,-0.08634509146213531
7504999936.0,-0.09651042520999908
7505937408.0,-0.10725826770067215
7506874880.0,-0.11713899672031403
7507812352.0,-0.12644028663635254
7508749824.0,-0.1364142894744873
7509687296.0,-0.14632077515125275
7510624768.0,-0.1546923667192459
7511562752.0,-0.16173236072063446
7512500224.0,-0.170263409614563
7513437696.0,-0.17677150666713715
7514375168.0,-0.18252363801002502
7515312640.0,-0.1882343292236328
7516250112.0,-0.1929170936346054
7517187584.0,-0.1979055553674698
7518125056.0,-0.2010488361120224
7519062528.0,-0.20486700534820557
7520000000.0,-0.20618373155593872
7520937472.0,-0.20706850290298462
7521874944.0,-0.20688346028327942
7522812416.0,-0.20447418093681335
7523749888.0,-0.20258809626102448
7524687360.0,-0.1991797238588333
7525624832.0,-0.1950446218252182
7526562304.0,-0.18939222395420074
7527499776.0,-0.18331854045391083
7528437248.0,-0.17551729083061218
7529375232.0,-0.16732849180698395
7530312704.0,-0.1584116518497467
7531250176.0,-0.14896534383296967
7532187648.0,-0.13659325242042542
7533125120.0,-0.12481233477592468
7534062592.0,-0.11313924193382263
7535000064.0,-0.09972464293241501
7535937536.0,-0.08462504297494888
7536875008.0,-0.07021128386259079
7537812480.0,-0.05415983125567436
7538749952.0,-0.0382312573492527
7539687424.0,-0.02074979431927204
7540624896.0,-0.0032133401837199926
7541562368.0,0.014815089292824268
7542499840.0,0.0347445085644722
7543437312.0,0.05538814142346382
7544374784.0,0.0744587704539299
7545312256.0,0.09580644220113754
7546250240.0,0.11726097762584686
7547187712.0,0.1376063972711563
7548125184.0,0.15848791599273682
7549062656.0,0.17878186702728271
7550000128.0,0.19940029084682465
7550937600.0,0.22023214399814606
7551875072.0,0.23970897495746613
7552812544.0,0.257856547832489
7553750016.0,0.2760551869869232
7554687488.0,0.29441407322883606
7555624960.0,0.31075868010520935
7556562432.0,0.3271358013153076
7557499904.0,0.341868132352829
7558437376.0,0.3550989627838135
7559374848.0,0.36725449562072754
7560312320.0,0.37628069519996643
7561249792.0,0.3851412832736969
7562187264.0,0.39220425486564636
7563125248.0,0.39636871218681335
7564062720.0,0.17735959589481354
7565000192.0,0.1772909164428711
7565937664.0,0.17702926695346832
7566875136.0,0.17567604780197144
7567812608.0,0.17399826645851135
7568750080.0,0.17254166305065155
7569687552.0,0.16983860731124878
7570625024.0,0.1651037633419037
7571562496.0,0.16125047206878662
7572499968.0,0.15561558306217194
7573437440.0,0.1479678452014923
7574374912.0,0.1396898478269577
7575312384.0,0.13109062612056732
7576249856.0,0.1196814477443695
7577187328.0,0.1087362989783287
7578124800.0,0.09625992923974991
7579062272.0,0.08300825208425522
7580000256.0,0.06804092228412628
7580937728.0,0.053425293415784836
7581875200.0,0.036819808185100555
7582812672.0,0.020125791430473328
7583750144.0,0.0024515020195394754
7584687616.0,-0.016592489555478096
7585625088.0,-0.036208465695381165
7586562560.0,-0.05544592812657356
7587500032.0,-0.07498299330472946
7588437504.0,-0.09514334797859192
7589374976.0,-0.11519800871610641
7590312448.0,-0.13440628349781036
7591249920.0,-0.15440987050533295
7592187392.0,-0.17419378459453583
7593124864.0,-0.1930130571126938
7594062336.0,-0.21068070828914642
7594999808.0,-0.22858498990535736
7595937280.0,-0.24571578204631805
7596874752.0,-0.2608775198459625
7597812736.0,-0.2749900221824646
7598750208.0,-0.2882091999053955
7599687680.0,-0.2994745969772339
7600625152.0,-0.30967026948928833
7601562624.0,-0.31729093194007874
7602500096.0,-0.32433754205703735
7603437568.0,-0.3287176191806793
7604375040.0,-0.333186537027359
7605312512.0,-0.3335705101490021
7606249984.0,-0.33282721042633057
7607187456.0,-0.3300437033176422
7608124928.0,-0.3247328996658325
7609062400.0,-0.31867510080337524
7609999872.0,-0.309699147939682
7610937344.0,-0.29866310954093933
7611874816.0,-0.28498953580856323
7612812288.0,-0.2698039412498474
7613749760.0,-0.25225064158439636
7614687744.0,-0.23469936847686768
7615625216.0,-0.21419568359851837
7616562688.0,-0.19315771758556366
7617500160.0,-0.1693795919418335
7618437632.0,-0.14612683653831482
7619375104.0,-0.11881835013628006
7620312576.0,-0.09260345250368118
7621250048.0,-0.06571800261735916
7622187520.0,-0.03779582306742668
7623124992.0,-0.010772354900836945
7624062464.0,0.01763727329671383
7624999936.0,0.04472578689455986
7625937408.0,0.07354335486888885
7626874880.0,0.1005914956331253
7627812352.0,0.125163733959198
7628749824.0,0.15097643435001373
7629687296.0,0.17404630780220032
7630624768.0,0.1958424597978592
7631562752.0,0.21698042750358582
7632500224.0,0.2359313815832138
7633437696.0,0.25343483686447144
7634375168.0,0.26912736892700195
7635312640.0,0.28159964084625244
7636250112.0,0.2936127185821533
7637187584.0,0.3036980926990509
7638125056.0,0.310956746339798
7639062528.0,0.3157077431678772
7640000000.0,0.31962907314300537
7640937472.0,0.3196350634098053
7641874944.0,0.31923162937164307
7642812416.0,0.31550726294517517
7643749888.0,0.31178635358810425
7644687360.0,0.3058669865131378
7645624832.0,0.29890114068984985
7646562304.0,0.28922608494758606
7647499776.0,0.2789269685745239
7648437248.0,0.26585331559181213
7649375232.0,0.25224387645721436
7650312704.0,0.23722711205482483
7651250176.0,0.22004076838493347
7652187648.0,0.20110295712947845
7653125120.0,0.18175581097602844
7654062592.0,0.16065947711467743
7655000064.0,0.13768473267555237
7655937536.0,0.11551596969366074
7656875008.0,0.09152273833751678
7657812480.0,0.06665202230215073
7658749952.0,0.04143334925174713
7659687424.0,0.015048681758344173
7660624896.0,-0.01149787101894617
7661562368.0,-0.03893386200070381
7662499840.0,-0.06559038162231445
7663437312.0,-0.09112109988927841
7664374784.0,-0.11817450076341629
7665312256.0,-0.1436867117881775
7666250240.0,-0.16838763654232025
7667187712.0,-0.19262154400348663
7668125184.0,-0.21568910777568817
7669062656.0,-0.23727402091026306
7670000128.0,-0.2573090195655823
7670937600.0,-0.27678167819976807
7671875072.0,-0.29354527592658997
7672812544.0,-0.3082576394081116
7673750016.0,-0.32145261764526367
7674687488.0,-0.3308594226837158
7675624960.0,-0.3383226692676544
7676562432.0,-0.343959242105484
7677499904.0,-0.34776097536087036
7678437376.0,-0.34855639934539795
7679374848.0,-0.346969872713089
7680312320.0,-0.3425278961658478
7681249792.0,-0.3360104560852051
7682187264.0,-0.32579582929611206
7683125248.0,-0.3155532777309418
7684062720.0,-0.2938443720340729
7685000192.0,-0.28538745641708374
7685937664.0,-0.27479642629623413
7686875136.0,-0.2629545331001282
7687812608.0,-0.24758011102676392
7688750080.0,-0.23329253494739532
7689687552.0,-0.21573185920715332
7690625024.0,-0.19853606820106506
7691562496.0,-0.17957600951194763
7692499968.0,-0.16086798906326294
7693437440.0,-0.14082086086273193
7694374912.0,-0.12111519277095795
7695312384.0,-0.1032830998301506
7696249856.0,-0.08434806764125824
7697187328.0,-0.06593453884124756
7698124800.0,-0.0478208065032959
7699062272.0,-0.029601268470287323
7699999744.0,-0.013259079307317734
7700937728.0,0.0034520355984568596
7701875200.0,0.02149263769388199
7702812672.0,0.03643015772104263
7703750144.0,0.05282080918550491
7704687616.0,0.06712302565574646
7705625088.0,0.08050211519002914
7706562560.0,0.0933348536491394
7707500032.0,0.10448936372995377
7708437504.0,0.11703626066446304
7709374976.0,0.12826566398143768
7710312448.0,0.13881541788578033
7711249920.0,0.14776399731636047
7712187392.0,0.15693911910057068
7713124864.0,0.16477636992931366
7714062336.0,0.17269454896450043
7714999808.0,0.17977876961231232
7715937280.0,0.18778176605701447
7716874752.0,0.19352613389492035
7717812736.0,0.19917571544647217
7718750208.0,0.2049669325351715
7719687680.0,0.21017329394817352
7720625152.0,0.21405072510242462
7721562624.0,0.2168833613395691
7722500096.0,0.22021909058094025
7723437568.0,0.22154706716537476
7724375040.0,0.22396878898143768
7725312512.0,0.22398124635219574
7726249984.0,0.2242724746465683
7727187456.0,0.22258229553699493
7728124928.0,0.22036078572273254
7729062400.0,0.2174159437417984
7729999872.0,0.21277382969856262
7730937344.0,0.20833586156368256
7731874816.0,0.20207121968269348
7732812288.0,0.19399787485599518
7733749760.0,0.18491433560848236
7734687744.0,0.17419558763504028
7735625216.0,0.16340039670467377
7736562688.0,0.14972658455371857
7737500160.0,0.13529455661773682
7738437632.0,0.11853647232055664
7739375104.0,0.09939183294773102
7740312576.0,0.07915963977575302
7741250048.0,0.05841923505067825
7742187520.0,0.03778332844376564
7743124992.0,0.013548324815928936
7744062464.0,-0.042061399668455124
7744999936.0,-0.04443662241101265
7745937408.0,-0.04872063174843788
7746874880.0,-0.05390917509794235
7747812352.0,-0.05896152928471565
7748749824.0,-0.06744395941495895
7749687296.0,-0.07678454369306564
7750624768.0,-0.08654452860355377
7751562752.0,-0.09893482178449631
7752500224.0,-0.11199918389320374
7753437696.0,-0.12604962289333344
7754375168.0,-0.14243903756141663
7755312640.0,-0.15842083096504211
7756250112.0,-0.1757068783044815
7757187584.0,-0.19334624707698822
7758125056.0,-0.21258938312530518
7759062528.0,-0.23128898441791534
7760000000.0,-0.2504437267780304
7760937472.0,-0.27120450139045715
7761874944.0,-0.28969308733940125
7762812416.0,-0.309041291475296
7763749888.0,-0.32662343978881836
7764687360.0,-0.3442644774913788
7765624832.0,-0.36083054542541504
7766562304.0,-0.3758171796798706
7767499776.0,-0.39094778895378113
7768437248.0,-0.40366166830062866
7769375232.0,-0.4148711860179901
7770312704.0,-0.42495834827423096
7771250176.0,-0.43430784344673157
7772187648.0,-0.44067806005477905
7773125120.0,-0.4464564025402069
7774062592.0,-0.4489818215370178
7775000064.0,-0.44875019788742065
7775937536.0,-0.4476964473724365
7776875008.0,-0.4425455331802368
7777812480.0,-0.4353945553302765
7778749952.0,-0.4254632294178009
7779687424.0,-0.41390669345855713
7780624896.0,-0.39865225553512573
7781562368.0,-0.3819882869720459
7782499840.0,-0.3627287447452545
7783437312.0,-0.3407973051071167
7784374784.0,-0.3175716698169708
7785312256.0,-0.2924278676509857
7786250240.0,-0.26417168974876404
7787187712.0,-0.2357499897480011
7788125184.0,-0.20467492938041687
7789062656.0,-0.17334982752799988
7790000128.0,-0.14040839672088623
7790937600.0,-0.10691490024328232
7791875072.0,-0.07154933363199234
7792812544.0,-0.03810298070311546
7793750016.0,-0.0034320687409490347
7794687488.0,0.03121342323720455
7795624960.0,0.06535764783620834
7796562432.0,0.09862974286079407
7797499904.0,0.1299920380115509
7798437376.0,0.1597595512866974
7799374848.0,0.18949644267559052
7800312320.0,0.21768063306808472
7801249792.0,0.24271701276302338
7802187264.0,0.26710838079452515
7803125248.0,0.28775057196617126
7804062720.0,0.12318865209817886
7805000192.0,0.13605265319347382
7805937664.0,0.14820873737335205
7806875136.0,0.1579170823097229
7807812608.0,0.1667332500219345
7808750080.0,0.17311184108257294
7809687552.0,0.1772339791059494
7810625024.0,0.1813068687915802
7811562496.0,0.18189014494419098
7812499968.0,0.1811477392911911
7813437440.0,0.17791347205638885
7814374912.0,0.17173267900943756
7815312384.0,0.16281232237815857
7816249856.0,0.1521410495042801
7817187328.0,0.13920140266418457
7818124800.0,0.12335101515054703
7819062272.0,0.10667216032743454
7820000256.0,0.08765645325183868
7820937728.0,0.06561700999736786
7821875200.0,0.04379074275493622
7822812672.0,0.020484838634729385
7823750144.0,-0.0033983741886913776
7824687616.0,-0.028690747916698456
7825625088.0,-0.055374499410390854
7826562560.0,-0.0823463499546051
7827500032.0,-0.10914667695760727
7828437504.0,-0.13768917322158813
7829374976.0,-0.16594938933849335
7830312448.0,-0.19372263550758362
7831249920.0,-0.22298657894134521
7832187392.0,-0.25109514594078064
7833124864.0,-0.277342826128006
7834062336.0,-0.3035728633403778
7834999808.0,-0.3295151889324188
7835937280.0,-0.3524738550186157
7836874752.0,-0.37582486867904663
7837812736.0,-0.3968070149421692
7838750208.0,-0.41612860560417175
7839687680.0,-0.43285202980041504
7840625152.0,-0.44952595233917236
7841562624.0,-0.46255749464035034
7842500096.0,-0.47476473450660706
7843437568.0,-0.48494094610214233
7844375040.0,-0.4927533268928528
7845312512.0,-0.4981638193130493
7846249984.0,-0.5011338591575623
7847187456.0,-0.502644419670105
7848124928.0,-0.5005016326904297
7849062400.0,-0.49497807025909424
7849999872.0,-0.487321674823761
7850937344.0,-0.4800686538219452
7851874816.0,-0.46925994753837585
7852812288.0,-0.45898690819740295
7853749760.0,-0.4470527470111847
7854687744.0,-0.43216177821159363
7855625216.0,-0.41851571202278137
7856562688.0,-0.40237003564834595
7857500160.0,-0.3856165111064911
7858437632.0,-0.37028932571411133
7859375104.0,-0.35381028056144714
7860312576.0,-0.33577191829681396
7861250048.0,-0.31752434372901917
7862187520.0,-0.2992497682571411
7863124992.0,-0.2816024720668793
7864062464.0,-0.2645505964756012
7864999936.0,-0.246205672621727
7865937408.0,-0.22931984066963196
7866874880.0,-0.21162372827529907
7867812352.0,-0.19349907338619232
7868749824.0,-0.1753234565258026
7869687296.0,-0.15835809707641602
7870624768.0,-0.1406349241733551
7871562752.0,-0.12327302247285843
7872500224.0,-0.10523926466703415
7873437696.0,-0.08777347952127457
7874375168.0,-0.06967869400978088
7875312640.0,-0.052542030811309814
7876250112.0,-0.03676144778728485
7877187584.0,-0.021503381431102753
7878125056.0,-0.007874581962823868
7879062528.0,0.0032748368103057146
7880000000.0,0.012369402684271336
7880937472.0,0.020576121285557747
7881874944.0,0.02551375702023506
7882812416.0,0.02900395356118679
7883749888.0,0.028644723817706108
7884687360.0,0.02751799114048481
7885624832.0,0.021701904013752937
7886562304.0,0.014603610150516033
7887499776.0,0.004460615571588278
7888437248.0,-0.0073058875277638435
7889375232.0,-0.021463138982653618
7890312704.0,-0.03833442181348801
7891250176.0,-0.05824272334575653
7892187648.0,-0.07882656157016754
7893125120.0,-0.10075187683105469
7894062592.0,-0.12372509390115738
7895000064.0,-0.14861513674259186
7895937536.0,-0.17490516602993011
7896875008.0,-0.19997555017471313
7897812480.0,-0.22653234004974365
7898749952.0,-0.25502336025238037
7899687424.0,-0.2840539216995239
7900624896.0,-0.31156542897224426
7901562368.0,-0.33966347575187683
7902499840.0,-0.36542749404907227
7903437312.0,-0.3918969929218292
7904374784.0,-0.41656550765037537
7905312256.0,-0.4402059316635132
7906250240.0,-0.4618302285671234
7907187712.0,-0.485142320394516
7908125184.0,-0.5041201114654541
7909062656.0,-0.5243159532546997
7910000128.0,-0.5432212948799133
7910937600.0,-0.5611003041267395
7911875072.0,-0.5787361264228821
7912812544.0,-0.5955287218093872
7913750016.0,-0.6132241487503052
7914687488.0,-0.6307129859924316
7915624960.0,-0.6470522880554199
7916562432.0,-0.6647951006889343
7917499904.0,-0.6827253699302673
7918437376.0,-0.7015200853347778
7919374848.0,-0.720755398273468
7920312320.0,-0.741514265537262
7921249792.0,-0.7615804672241211
7922187264.0,-0.7824898958206177
7923125248.0,-0.8045331239700317
7924062720.0,-0.8550994992256165
7925000192.0,-0.8606486320495605
7925937664.0,-0.8652077913284302
7926875136.0,-0.8716466426849365
7927812608.0,-0.8774795532226562
7928750080.0,-0.8817790150642395
7929687552.0,-0.8872656226158142
7930625024.0,-0.8921703696250916
7931562496.0,-0.8965781927108765
7932499968.0,-0.900023341178894
7933437440.0,-0.9035034775733948
7934374912.0,-0.9062760472297668
7935312384.0,-0.9077396392822266
7936249856.0,-0.9079018235206604
7937187328.0,-0.9073126912117004
7938124800.0,-0.9046424031257629
7939062272.0,-0.9005709290504456
7939999744.0,-0.894972026348114
7940937728.0,-0.8898978233337402
7941875200.0,-0.8820344805717468
7942812672.0,-0.872846245765686
7943750144.0,-0.8638225197792053
7944687616.0,-0.8535493612289429
7945625088.0,-0.8397595882415771
7946562560.0,-0.8258580565452576
7947500032.0,-0.8106395602226257
7948437504.0,-0.7923904657363892
7949374976.0,-0.7728731632232666
7950312448.0,-0.7536439895629883
7951249920.0,-0.7316226959228516
7952187392.0,-0.7100464701652527
7953124864.0,-0.6856147646903992
7954062336.0,-0.6600578427314758
7954999808.0,-0.6337511539459229
7955937280.0,-0.6056149005889893
7956874752.0,-0.5771873593330383
7957812736.0,-0.54953533411026
7958750208.0,-0.5205686092376709
7959687680.0,-0.49136874079704285
7960625152.0,-0.46206575632095337
7961562624.0,-0.4334195554256439
7962500096.0,-0.40463563799858093
7963437568.0,-0.3767673969268799
7964375040.0,-0.3499077260494232
7965312512.0,-0.3225878179073334
7966249984.0,-0.2975732386112213
7967187456.0,-0.2713412344455719
7968124928.0,-0.24899841845035553
7969062400.0,-0.22674109041690826
7969999872.0,-0.20783497393131256
7970937344.0,-0.18841762840747833
7971874816.0,-0.17154571413993835
7972812288.0,-0.15711817145347595
7973749760.0,-0.1428477019071579
7974687744.0,-0.13130466639995575
7975625216.0,-0.12134210765361786
7976562688.0,-0.11518558114767075
7977500160.0,-0.10864809900522232
7978437632.0,-0.10567248612642288
7979375104.0,-0.10331185907125473
7980312576.0,-0.1039280965924263
7981250048.0,-0.10603179782629013
7982187520.0,-0.1102377325296402
7983124992.0,-0.11572015285491943
7984062464.0,-0.24233008921146393
7984999936.0,-0.24268925189971924
7985937408.0,-0.24329528212547302
7986874880.0,-0.2457941770553589
7987812352.0,-0.24854734539985657
7988749824.0,-0.2514461278915405
7989687296.0,-0.2575979232788086
7990624768.0,-0.2638495862483978
7991562752.0,-0.26988792419433594
7992500224.0,-0.2765829265117645
7993437696.0,-0.2848595678806305
7994375168.0,-0.29237911105155945
7995312640.0,-0.30233919620513916
7996250112.0,-0.3109552562236786
7997187584.0,-0.3213692903518677
7998125056.0,-0.331432968378067
7999062528.0,-0.3429970443248749
8000000000.0,-0.35162174701690674
