Frequency (Hz),Measurement
2000000000.0,0.1340176910161972
2000937472.0,0.12685446441173553
2001874944.0,0.12373772263526917
2002812544.0,0.11990600824356079
2003750016.0,0.11609616875648499
2004687488.0,0.1109866127371788
2005624960.0,0.1065424308180809
2006562560.0,0.10310524702072144
2007500032.0,0.09802751988172531
2008437504.0,0.09233665466308594
2009374976.0,0.08762890100479126
2010312448.0,0.082604318857193
2011250048.0,0.0776279866695404
2012187520.0,0.07140477746725082
2013124992.0,0.06617423892021179
2014062464.0,0.06044791266322136
2015000064.0,0.055882278829813004
2015937536.0,0.050012968480587006
2016875008.0,0.04458153247833252
2017812480.0,0.03953074663877487
2018749952.0,0.03461819887161255
2019687552.0,0.02932269126176834
2020625024.0,0.02573498524725437
2021562496.0,0.021584870293736458
2022499968.0,0.018654322251677513
2023437440.0,0.01585502363741398
2024375040.0,0.01340343989431858
2025312512.0,0.011653007939457893
2026249984.0,0.010793710127472878
2027187456.0,0.010981370694935322
2028125056.0,0.01073293574154377
2029062528.0,0.012543532066047192
2030000000.0,0.014834103174507618
2030937472.0,0.017899317666888237
2031874944.0,0.021528681740164757
2032812544.0,0.025696324184536934
2033750016.0,0.03135327622294426
2034687488.0,0.037482850253582
2035624960.0,0.0435284823179245
2036562560.0,0.0495610386133194
2037500032.0,0.05777595192193985
2038437504.0,0.06517238914966583
2039374976.0,0.07384564727544785
2040312448.0,0.081328384578228
2041250048.0,0.0891338586807251
2042187520.0,0.09716828167438507
2043124992.0,0.10574641823768616
2044062464.0,0.11251574754714966
2044999936.0,0.11927632987499237
2045937536.0,0.1251981407403946
2046875008.0,0.1300947517156601
2047812480.0,0.13401010632514954
2048749952.0,0.14331963658332825
2049687552.0,0.13812294602394104
2050625024.0,0.13298046588897705
2051562496.0,0.12574502825737
2052499968.0,0.11973443627357483
2053437440.0,0.11229156702756882
2054375040.0,0.10580000281333923
2055312512.0,0.09844186156988144
2056249984.0,0.09057430177927017
2057187456.0,0.08250028640031815
2058125056.0,0.07646526396274567
2059062528.0,0.06806980818510056
2060000000.0,0.060520850121974945
2060937472.0,0.0544198639690876
2061874944.0,0.04726434499025345
2062812544.0,0.041037462651729584
2063750016.0,0.03495517373085022
2064687488.0,0.02906104549765587
2065624960.0,0.024183379486203194
2066562560.0,0.01937177963554859
2067500032.0,0.014464806765317917
2068437504.0,0.010917345993220806
2069374976.0,0.007412612903863192
2070312448.0,0.003864249214529991
2071250048.0,0.0006645925459451973
2072187520.0,-0.0031602319795638323
2073124992.0,-0.005101735703647137
2074062464.0,-0.007576167583465576
2075000064.0,-0.008575888350605965
2075937536.0,-0.009698390029370785
2076875008.0,-0.010760556906461716
2077812480.0,-0.011517498642206192
2078749952.0,-0.012114626355469227
2079687552.0,-0.011060772463679314
2080625024.0,-0.011381696909666061
2081562496.0,-0.009786972776055336
2082499968.0,-0.007717767730355263
2083437440.0,-0.006591392681002617
2084375040.0,-0.004260111600160599
2085312512.0,-0.0013035462470725179
2086249984.0,0.00218754168599844
2087187456.0,0.005989206489175558
2088125056.0,0.010078903287649155
2089062528.0,0.01601462811231613
2090000000.0,0.021548805758357048
2090937472.0,0.028033727779984474
2091874944.0,0.033927395939826965
2092812544.0,0.04183569923043251
2093750016.0,0.05095531418919563
2094687488.0,0.05962628126144409
2095624960.0,0.06898466497659683
2096562560.0,0.07937706261873245
2097500032.0,0.08984095603227615
2098437504.0,0.10086130350828171
2099374976.0,0.11238467693328857
2100312448.0,0.124991774559021
2101250048.0,0.137997567653656
2102187520.0,0.15088792145252228
2103124992.0,0.1640021651983261
2104062464.0,0.17797468602657318
2104999936.0,0.19187243282794952
2105937536.0,0.20580029487609863
2106875008.0,0.2184240072965622
2107812480.0,0.23180077970027924
2108749952.0,0.2707902789115906
2109687552.0,0.27898287773132324
2110625024.0,0.28761935234069824
2111562496.0,0.29476967453956604
2112499968.0,0.3011989891529083
2113437440.0,0.3063999116420746
2114375040.0,0.3091180622577667
2115312512.0,0.3109748363494873
2116249984.0,0.31058284640312195
2117187456.0,0.3064900040626526
2118125056.0,0.2996649146080017
2119062528.0,0.29069995880126953
2120000000.0,0.2782105505466461
2120937472.0,0.26378023624420166
2121874944.0,0.24535232782363892
2122812544.0,0.22511710226535797
2123750016.0,0.20208480954170227
2124687488.0,0.17709751427173615
2125624960.0,0.15191924571990967
2126562560.0,0.12528328597545624
2127500032.0,0.09787864983081818
2128437504.0,0.07036969065666199
2129374976.0,0.043736573308706284
2130312448.0,0.018300555646419525
2131250048.0,-0.0069974083453416824
2132187520.0,-0.029605817049741745
2133124992.0,-0.050148144364356995
2134062464.0,-0.06824200600385666
2135000064.0,-0.08357777446508408
2135937536.0,-0.09756782650947571
2136875008.0,-0.1074315533041954
2137812480.0,-0.11455152928829193
2138749952.0,-0.11896461248397827
2139687552.0,-0.12059703469276428
2140625024.0,-0.11898597329854965
2141562496.0,-0.1150013729929924
2142499968.0,-0.1086132600903511
2143437440.0,-0.10110554099082947
2144375040.0,-0.091340571641922
2145312512.0,-0.07927866280078888
2146249984.0,-0.06725115329027176
2147187456.0,-0.053963225334882736
2148124928.0,-0.03926047310233116
2149062400.0,-0.025712423026561737
2150000128.0,-0.011451764032244682
2150937600.0,0.002701731165871024
2151875072.0,0.017870213836431503
2152812544.0,0.031447187066078186
2153750016.0,0.04459924250841141
2154687488.0,0.05710273236036301
2155624960.0,0.06869985908269882
2156562432.0,0.0811721459031105
2157499904.0,0.0906800776720047
2158437376.0,0.10234392434358597
2159375104.0,0.11258760094642639
2160312576.0,0.12159837037324905
2161250048.0,0.13062071800231934
2162187520.0,0.13953781127929688
2163124992.0,0.14867965877056122
2164062464.0,0.15811674296855927
2164999936.0,0.16635270416736603
2165937408.0,0.17500407993793488
2166874880.0,0.18350104987621307
2167812608.0,0.19196082651615143
2168750080.0,0.2168310433626175
2169687552.0,0.22891908884048462
2170625024.0,0.24032916128635406
2171562496.0,0.2522055208683014
2172499968.0,0.2635299563407898
2173437440.0,0.2729780375957489
2174374912.0,0.2827002704143524
2175312384.0,0.2911667823791504
2176250112.0,0.2987200915813446
2177187584.0,0.30399757623672485
2178125056.0,0.3083846867084503
2179062528.0,0.31023934483528137
2180000000.0,0.31092560291290283
2180937472.0,0.30907756090164185
2181874944.0,0.3053024113178253
2182812416.0,0.30020469427108765
2183749888.0,0.291246622800827
2184687616.0,0.28142106533050537
2185625088.0,0.26952144503593445
2186562560.0,0.2556844651699066
2187500032.0,0.23914216458797455
2188437504.0,0.22201816737651825
2189374976.0,0.2038041055202484
2190312448.0,0.18286827206611633
2191249920.0,0.16299693286418915
2192187392.0,0.14171560108661652
2193125120.0,0.12049924582242966
2194062592.0,0.09908904135227203
2195000064.0,0.07800905406475067
2195937536.0,0.05764726921916008
2196875008.0,0.037585753947496414
2197812480.0,0.021147819235920906
2198749952.0,0.0028938434552401304
2199687424.0,-0.012352369725704193
2200624896.0,-0.02534126490354538
2201562624.0,-0.03779120743274689
2202500096.0,-0.046990033239126205
2203437568.0,-0.054689325392246246
2204375040.0,-0.059909459203481674
2205312512.0,-0.06233847513794899
2206249984.0,-0.063681460916996
2207187456.0,-0.0607302151620388
2208124928.0,-0.056990642100572586
2209062400.0,-0.05099809914827347
2209999872.0,-0.0438913032412529
2210937600.0,-0.03219810500741005
2211875072.0,-0.022154832258820534
2212812544.0,-0.00866642501205206
2213750016.0,0.004596758168190718
2214687488.0,0.02033242955803871
2215624960.0,0.03676919266581535
2216562432.0,0.054391536861658096
2217499904.0,0.07137079536914825
2218437376.0,0.08974079042673111
2219375104.0,0.1059422716498375
2220312576.0,0.12230212241411209
2221250048.0,0.1385919749736786
2222187520.0,0.15454648435115814
2223124992.0,0.1688733696937561
2224062464.0,0.1824958622455597
2224999936.0,0.1950393170118332
2225937408.0,0.2051176279783249
2226874880.0,0.21474087238311768
2227812608.0,0.22148281335830688
2228750080.0,0.19500946998596191
2229687552.0,0.20053279399871826
2230625024.0,0.20553717017173767
2231562496.0,0.21010975539684296
2232499968.0,0.2120930403470993
2233437440.0,0.21438418328762054
2234374912.0,0.21324482560157776
2235312384.0,0.21017813682556152
2236250112.0,0.20594443380832672
2237187584.0,0.19951212406158447
2238125056.0,0.18987581133842468
2239062528.0,0.17914190888404846
2240000000.0,0.16540490090847015
2240937472.0,0.15058986842632294
2241874944.0,0.13363781571388245
2242812416.0,0.1164248138666153
2243749888.0,0.09681560099124908
2244687616.0,0.07668153196573257
2245625088.0,0.05643879622220993
2246562560.0,0.035957712680101395
2247500032.0,0.01467408612370491
2248437504.0,-0.005589979700744152
2249374976.0,-0.025502735748887062
2250312448.0,-0.04429718106985092
2251249920.0,-0.06179127097129822
2252187392.0,-0.07745496928691864
2253125120.0,-0.090423583984375
2254062592.0,-0.10183735191822052
2255000064.0,-0.11131689697504044
2255937536.0,-0.11770614236593246
2256875008.0,-0.12184246629476547
2257812480.0,-0.12406222522258759
2258749952.0,-0.12303966283798218
2259687424.0,-0.12067101150751114
2260624896.0,-0.11564839631319046
2261562624.0,-0.10798486322164536
2262500096.0,-0.09834793955087662
2263437568.0,-0.08769198507070541
2264375040.0,-0.07510961592197418
2265312512.0,-0.0614393912255764
2266249984.0,-0.04573133960366249
2267187456.0,-0.030015837401151657
2268124928.0,-0.013735768385231495
2269062400.0,0.003648855024948716
2270000128.0,0.021210448816418648
2270937600.0,0.03763218969106674
2271875072.0,0.055481117218732834
2272812544.0,0.07324782758951187
2273750016.0,0.0886446163058281
2274687488.0,0.10548532754182816
2275624960.0,0.1203320175409317
2276562432.0,0.1344706267118454
2277499904.0,0.14802005887031555
2278437376.0,0.16009140014648438
2279375104.0,0.17264041304588318
2280312576.0,0.1827259659767151
2281250048.0,0.19269950687885284
2282187520.0,0.20103755593299866
2283124992.0,0.20907142758369446
2284062464.0,0.21587535738945007
2284999936.0,0.22241181135177612
2285937408.0,0.22725941240787506
2286874880.0,0.23170042037963867
2287812608.0,0.2357277274131775
2288750080.0,0.24735431373119354
2289687552.0,0.25586655735969543
2290625024.0,0.26381951570510864
2291562496.0,0.270525723695755
2292499968.0,0.27846387028694153
2293437440.0,0.2855801582336426
2294374912.0,0.2912514805793762
2295312384.0,0.2980838716030121
2296250112.0,0.30174797773361206
2297187584.0,0.30602699518203735
2298125056.0,0.30750370025634766
2299062528.0,0.30810555815696716
2300000000.0,0.3063308894634247
2300937472.0,0.30195245146751404
2301874944.0,0.2962067127227783
2302812416.0,0.2873535752296448
2303749888.0,0.2768859267234802
2304687616.0,0.26225435733795166
2305625088.0,0.24642647802829742
2306562560.0,0.2277950495481491
2307500032.0,0.20696134865283966
2308437504.0,0.18291199207305908
2309374976.0,0.15706710517406464
2310312448.0,0.13027451932430267
2311249920.0,0.10219329595565796
2312187392.0,0.07288435846567154
2313125120.0,0.0436498299241066
2314062592.0,0.013671520166099072
2315000064.0,-0.014400654472410679
2315937536.0,-0.04190431535243988
2316875008.0,-0.06696943938732147
2317812480.0,-0.091105617582798
2318749952.0,-0.11353038251399994
2319687424.0,-0.13372743129730225
2320624896.0,-0.1499895453453064
2321562624.0,-0.16481713950634003
2322500096.0,-0.1772625893354416
2323437568.0,-0.1877196580171585
2324375040.0,-0.19613151252269745
2325312512.0,-0.20169557631015778
2326249984.0,-0.20485056936740875
2327187456.0,-0.20606966316699982
2328124928.0,-0.20585210621356964
2329062400.0,-0.2037181556224823
2329999872.0,-0.20034098625183105
2330937600.0,-0.19568505883216858
2331875072.0,-0.18909525871276855
2332812544.0,-0.1815301924943924
2333750016.0,-0.17186032235622406
2334687488.0,-0.1607261300086975
2335624960.0,-0.14802369475364685
2336562432.0,-0.1332838386297226
2337499904.0,-0.11713714152574539
2338437376.0,-0.0994785875082016
2339375104.0,-0.08044534176588058
2340312576.0,-0.059201907366514206
2341250048.0,-0.036996547132730484
2342187520.0,-0.013632489368319511
2343124992.0,0.010965771041810513
2344062464.0,0.03767171874642372
2344999936.0,0.06301812082529068
2345937408.0,0.08973579108715057
2346874880.0,0.1160733699798584
2347812608.0,0.1429240107536316
2348750080.0,0.20169951021671295
2349687552.0,0.21674701571464539
2350625024.0,0.2305395007133484
2351562496.0,0.24066868424415588
2352499968.0,0.24735328555107117
2353437440.0,0.25061678886413574
2354374912.0,0.2497929483652115
2355312384.0,0.2461847960948944
2356250112.0,0.23848988115787506
2357187584.0,0.22754928469657898
2358125056.0,0.21324008703231812
2359062528.0,0.19536511600017548
2360000000.0,0.17485889792442322
2360937472.0,0.15230593085289001
2361874944.0,0.12786534428596497
2362812416.0,0.10125590860843658
2363749888.0,0.07445091754198074
2364687616.0,0.04496863856911659
2365625088.0,0.015544173307716846
2366562560.0,-0.014277750626206398
2367500032.0,-0.04326432943344116
2368437504.0,-0.07203306257724762
2369374976.0,-0.10061117261648178
2370312448.0,-0.1272236406803131
2371249920.0,-0.15224559605121613
2372187392.0,-0.17625214159488678
2373125120.0,-0.19755512475967407
2374062592.0,-0.21711260080337524
2375000064.0,-0.23259302973747253
2375937536.0,-0.24679242074489594
2376875008.0,-0.2561797499656677
2377812480.0,-0.2639027237892151
2378749952.0,-0.26853352785110474
2379687424.0,-0.2715608775615692
2380624896.0,-0.27027976512908936
2381562624.0,-0.26662665605545044
2382500096.0,-0.26018044352531433
2383437568.0,-0.2525445222854614
2384375040.0,-0.2408289611339569
2385312512.0,-0.22857296466827393
2386249984.0,-0.21483522653579712
2387187456.0,-0.1983809471130371
2388124928.0,-0.1811273992061615
2389062400.0,-0.1627846360206604
2390000128.0,-0.14432331919670105
2390937600.0,-0.12564222514629364
2391875072.0,-0.10776672512292862
2392812544.0,-0.09017162024974823
2393750016.0,-0.07271614670753479
2394687488.0,-0.0561702735722065
2395624960.0,-0.04008534550666809
2396562432.0,-0.026112856343388557
2397499904.0,-0.012881210073828697
2398437376.0,-0.0011909899767488241
2399375104.0,0.009393799118697643
2400312576.0,0.01818758435547352
2401250048.0,0.02534765936434269
2402187520.0,0.031586047261953354
2403124992.0,0.037014346569776535
2404062464.0,0.04168481379747391
2404999936.0,0.04346058517694473
2405937408.0,0.04473903030157089
2406874880.0,0.044233497232198715
2407812608.0,0.043245602399110794
2408750080.0,0.038031451404094696
2409687552.0,0.04393971338868141
2410625024.0,0.04826540872454643
2411562496.0,0.049736179411411285
2412499968.0,0.04924985393881798
2413437440.0,0.04606960713863373
2414374912.0,0.04161448031663895
2415312384.0,0.03284972906112671
2416250112.0,0.023431191220879555
2417187584.0,0.011664312332868576
2418125056.0,-0.0026078850496560335
2419062528.0,-0.018495982512831688
2420000000.0,-0.036505088210105896
2420937472.0,-0.0549917034804821
2421874944.0,-0.0744333565235138
2422812416.0,-0.09630705416202545
2423749888.0,-0.11767926812171936
2424687616.0,-0.1383555680513382
2425625088.0,-0.16073226928710938
2426562560.0,-0.18373528122901917
2427500032.0,-0.2050066739320755
2428437504.0,-0.22724857926368713
2429374976.0,-0.2488590031862259
2430312448.0,-0.2703542113304138
2431249920.0,-0.2905619144439697
2432187392.0,-0.30941784381866455
2433125120.0,-0.3284427523612976
2434062592.0,-0.34527063369750977
2435000064.0,-0.36046287417411804
2435937536.0,-0.37452393770217896
2436875008.0,-0.3860699236392975
2437812480.0,-0.39714017510414124
2438749952.0,-0.4063992500305176
2439687424.0,-0.4136202931404114
2440624896.0,-0.4193662703037262
2441562624.0,-0.4246811866760254
2442500096.0,-0.42802906036376953
2443437568.0,-0.4298612177371979
2444375040.0,-0.42995384335517883
2445312512.0,-0.4298545718193054
2446249984.0,-0.4286451041698456
2447187456.0,-0.42538341879844666
2448124928.0,-0.42112648487091064
2449062400.0,-0.41598498821258545
2449999872.0,-0.4109674096107483
2450937600.0,-0.4057791829109192
2451875072.0,-0.3994624614715576
2452812544.0,-0.39301782846450806
2453750016.0,-0.3874419033527374
2454687488.0,-0.3816794157028198
2455624960.0,-0.3757585883140564
2456562432.0,-0.37049832940101624
2457499904.0,-0.36444541811943054
2458437376.0,-0.35851582884788513
2459375104.0,-0.35300809144973755
2460312576.0,-0.3488594591617584
2461250048.0,-0.34513309597969055
2462187520.0,-0.3429070711135864
2463124992.0,-0.3420434594154358
2464062464.0,-0.3425070643424988
2464999936.0,-0.34501370787620544
2465937408.0,-0.34931376576423645
2466874880.0,-0.3552030920982361
2467812608.0,-0.3651006519794464
2468750080.0,-0.4521960914134979
2469687552.0,-0.4738411009311676
2470625024.0,-0.49893462657928467
2471562496.0,-0.5265457630157471
2472499968.0,-0.5569155216217041
2473437440.0,-0.5910148024559021
2474374912.0,-0.6278245449066162
2475312384.0,-0.6675208806991577
2476250112.0,-0.7100653648376465
2477187584.0,-0.7566004991531372
2478125056.0,-0.8055781126022339
2479062528.0,-0.8592727780342102
2480000000.0,-0.9153026342391968
2480937472.0,-0.9753256440162659
2481874944.0,-1.0378448963165283
2482812416.0,-1.1042803525924683
2483749888.0,-1.1754993200302124
2484687616.0,-1.2507189512252808
2485625088.0,-1.3295011520385742
2486562560.0,-1.412571907043457
2487500032.0,-1.4986435174942017
2488437504.0,-1.590222716331482
2489374976.0,-1.6855863332748413
2490312448.0,-1.7846418619155884
2491249920.0,-1.8880492448806763
2492187392.0,-1.995651125907898
2493125120.0,-2.1086173057556152
2494062592.0,-2.226109743118286
2495000064.0,-2.351668357849121
2495937536.0,-2.4850287437438965
2496875008.0,-2.625293016433716
2497812480.0,-2.7737503051757812
2498749952.0,-2.929351568222046
2499687424.0,-3.0956430435180664
2500624896.0,-3.2708280086517334
2501562624.0,-3.4618916511535645
2502500096.0,-3.667099714279175
2503437568.0,-3.8877832889556885
2504375040.0,-4.127430438995361
2505312512.0,-4.383776664733887
2506249984.0,-4.662514686584473
2507187456.0,-4.96035099029541
2508124928.0,-5.279304027557373
2509062400.0,-5.6175923347473145
2510000128.0,-5.971912860870361
2510937600.0,-6.337778568267822
2511875072.0,-6.70724630355835
2512812544.0,-7.068889617919922
2513750016.0,-7.407037258148193
2514687488.0,-7.702802658081055
2515624960.0,-7.936709403991699
2516562432.0,-8.092867851257324
2517499904.0,-8.162677764892578
2518437376.0,-8.133286476135254
2519375104.0,-8.010018348693848
2520312576.0,-7.80127477645874
2521250048.0,-7.516991138458252
2522187520.0,-7.183177471160889
2523124992.0,-6.809482574462891
2524062464.0,-6.415987491607666
2524999936.0,-6.012619495391846
2525937408.0,-5.611249923706055
2526874880.0,-5.219734191894531
2527812608.0,-4.846982955932617
2528750080.0,-4.4873809814453125
2529687552.0,-4.158520221710205
2530625024.0,-3.852135419845581
2531562496.0,-3.5673561096191406
2532499968.0,-3.303868055343628
2533437440.0,-3.061570644378662
2534374912.0,-2.839479923248291
2535312384.0,-2.6356170177459717
2536250112.0,-2.448974370956421
2537187584.0,-2.2769994735717773
2538125056.0,-2.1212499141693115
2539062528.0,-1.9794098138809204
2540000000.0,-1.851090431213379
2540937472.0,-1.7346404790878296
2541874944.0,-1.6305371522903442
2542812416.0,-1.535813808441162
2543749888.0,-1.450728178024292
2544687616.0,-1.373077154159546
2545625088.0,-1.3024601936340332
2546562560.0,-1.2387404441833496
2547500032.0,-1.1825252771377563
2548437504.0,-1.1312609910964966
2549374976.0,-1.0864158868789673
2550312448.0,-1.045364499092102
2551249920.0,-1.0077884197235107
2552187392.0,-0.973958432674408
2553125120.0,-0.9441761374473572
2554062592.0,-0.9159345030784607
2555000064.0,-0.8920613527297974
2555937536.0,-0.8687748312950134
2556875008.0,-0.8475583791732788
2557812480.0,-0.8280621767044067
2558749952.0,-0.8081495761871338
2559687424.0,-0.7903547883033752
2560624896.0,-0.7719337344169617
2561562624.0,-0.7538232803344727
2562500096.0,-0.7369272112846375
2563437568.0,-0.7192485928535461
2564375040.0,-0.7003456950187683
2565312512.0,-0.6816706657409668
2566249984.0,-0.661928117275238
2567187456.0,-0.6414411664009094
2568124928.0,-0.6195664405822754
2569062400.0,-0.5985613465309143
2569999872.0,-0.5748014450073242
2570937600.0,-0.5516029000282288
2571875072.0,-0.5273774862289429
2572812544.0,-0.5002143383026123
2573750016.0,-0.4741273522377014
2574687488.0,-0.4465041756629944
2575624960.0,-0.41780751943588257
2576562432.0,-0.38859376311302185
2577499904.0,-0.3580370545387268
2578437376.0,-0.32847923040390015
2579375104.0,-0.2982412874698639
2580312576.0,-0.2673640847206116
2581250048.0,-0.237586110830307
2582187520.0,-0.20791900157928467
2583124992.0,-0.17887088656425476
2584062464.0,-0.1505955308675766
2584999936.0,-0.12368033826351166
2585937408.0,-0.09716238081455231
2586874880.0,-0.07365108281373978
2587812608.0,-0.05029413476586342
2588750080.0,-0.025479814037680626
2589687552.0,-0.012531846761703491
2590625024.0,0.001083863666281104
2591562496.0,0.010623790323734283
2592499968.0,0.020413454622030258
2593437440.0,0.025492195039987564
2594374912.0,0.029833270236849785
2595312384.0,0.03284616768360138
2596250112.0,0.0333145335316658
2597187584.0,0.03230844810605049
2598125056.0,0.029312115162611008
2599062528.0,0.02471100725233555
2600000000.0,0.018089810386300087
2600937472.0,0.010310264304280281
2601874944.0,0.0017303373897448182
2602812416.0,-0.00880083255469799
2603749888.0,-0.02068193629384041
2604687616.0,-0.033245667815208435
2605625088.0,-0.045717108994722366
2606562560.0,-0.059236686676740646
2607500032.0,-0.07324650883674622
2608437504.0,-0.08682806044816971
2609374976.0,-0.10054032504558563
2610312448.0,-0.11537057161331177
2611249920.0,-0.12930738925933838
2612187392.0,-0.1421356499195099
2613125120.0,-0.154678612947464
2614062592.0,-0.16689972579479218
2615000064.0,-0.17887328565120697
2615937536.0,-0.18864856660366058
2616875008.0,-0.19856485724449158
2617812480.0,-0.2057488113641739
2618749952.0,-0.21334843337535858
2619687424.0,-0.21968315541744232
2620624896.0,-0.2232360541820526
2621562624.0,-0.22668328881263733
2622500096.0,-0.22797437012195587
2623437568.0,-0.2285883128643036
2624375040.0,-0.22590872645378113
2625312512.0,-0.2233978658914566
2626249984.0,-0.21850818395614624
2627187456.0,-0.2121298909187317
2628124928.0,-0.20416440069675446
2629062400.0,-0.19426895678043365
2630000128.0,-0.18425214290618896
2630937600.0,-0.17230190336704254
2631875072.0,-0.1588878184556961
2632812544.0,-0.14423693716526031
2633750016.0,-0.1285577118396759
2634687488.0,-0.11166445910930634
2635624960.0,-0.09508198499679565
2636562432.0,-0.07591290771961212
2637499904.0,-0.056818895041942596
2638437376.0,-0.03896345943212509
2639375104.0,-0.018940772861242294
2640312576.0,0.0007117530331015587
2641250048.0,0.019465995952486992
2642187520.0,0.03829978406429291
2643124992.0,0.05634235963225365
2644062464.0,0.07577484101057053
2644999936.0,0.0922047346830368
2645937408.0,0.10945911705493927
2646874880.0,0.12449115514755249
2647812608.0,0.1499459147453308
2648750080.0,0.1653139442205429
2649687552.0,0.17907297611236572
2650625024.0,0.19005140662193298
2651562496.0,0.19867417216300964
2652499968.0,0.20522674918174744
2653437440.0,0.2092120349407196
2654374912.0,0.21057361364364624
2655312384.0,0.21036212146282196
2656250112.0,0.206663116812706
2657187584.0,0.20098012685775757
2658125056.0,0.19325467944145203
2659062528.0,0.18257910013198853
2660000000.0,0.1694841831922531
2660937472.0,0.156469464302063
2661874944.0,0.140085369348526
2662812416.0,0.12318480014801025
2663749888.0,0.10466104000806808
2664687616.0,0.08561932295560837
2665625088.0,0.06445720791816711
2666562560.0,0.044070735573768616
2667500032.0,0.022991517558693886
2668437504.0,0.0020816230680793524
2669374976.0,-0.01864253543317318
2670312448.0,-0.038640592247247696
2671249920.0,-0.05786237120628357
2672187392.0,-0.07676413655281067
2673125120.0,-0.09284445643424988
2674062592.0,-0.10798850655555725
2675000064.0,-0.12255887687206268
2675937536.0,-0.13549932837486267
2676875008.0,-0.1462344080209732
2677812480.0,-0.15514534711837769
2678749952.0,-0.16244661808013916
2679687424.0,-0.16761666536331177
2680624896.0,-0.17073982954025269
2681562624.0,-0.17110706865787506
2682500096.0,-0.16982431709766388
2683437568.0,-0.16693076491355896
2684375040.0,-0.1609829068183899
2685312512.0,-0.1549503207206726
2686249984.0,-0.14546963572502136
2687187456.0,-0.135478213429451
2688124928.0,-0.12294641137123108
2689062400.0,-0.10878857225179672
2689999872.0,-0.09524515271186829
2690937600.0,-0.07816377282142639
2691875072.0,-0.06251613795757294
2692812544.0,-0.0458349846303463
2693750016.0,-0.02893911674618721
2694687488.0,-0.010823244228959084
2695624960.0,0.007429528050124645
2696562432.0,0.025538930669426918
2697499904.0,0.04289503023028374
2698437376.0,0.06029093638062477
2699375104.0,0.07690860331058502
2700312576.0,0.09303725510835648
2701250048.0,0.10845260322093964
2702187520.0,0.12278483062982559
2703124992.0,0.13642369210720062
2704062464.0,0.1491287499666214
2704999936.0,0.16060957312583923
2705937408.0,0.17089323699474335
2706874880.0,0.17976689338684082
2707812608.0,0.1988825649023056
2708750080.0,0.20398761332035065
2709687552.0,0.208330899477005
2710625024.0,0.2102542668581009
2711562496.0,0.21252655982971191
2712499968.0,0.2127504050731659
2713437440.0,0.21192513406276703
2714374912.0,0.21029743552207947
2715312384.0,0.20726503431797028
2716250112.0,0.20263546705245972
2717187584.0,0.19634249806404114
2718125056.0,0.1897839903831482
2719062528.0,0.18170848488807678
2720000000.0,0.17153000831604004
2720937472.0,0.1605207771062851
2721874944.0,0.14781224727630615
2722812416.0,0.13387998938560486
2723749888.0,0.11891933530569077
2724687616.0,0.10350988805294037
2725625088.0,0.08681920915842056
2726562560.0,0.06890471279621124
2727500032.0,0.05100937560200691
2728437504.0,0.032251350581645966
2729374976.0,0.012794466689229012
2730312448.0,-0.006360320374369621
2731249920.0,-0.026194633916020393
2732187392.0,-0.0454118512570858
2733125120.0,-0.06428799033164978
2734062592.0,-0.08235916495323181
2735000064.0,-0.10035733878612518
2735937536.0,-0.11653003096580505
2736875008.0,-0.1317623406648636
2737812480.0,-0.14639486372470856
2738749952.0,-0.15828639268875122
2739687424.0,-0.16827236115932465
2740624896.0,-0.17735019326210022
2741562624.0,-0.18409259617328644
2742500096.0,-0.1877850443124771
2743437568.0,-0.19091926515102386
2744375040.0,-0.19055159389972687
2745312512.0,-0.18831045925617218
2746249984.0,-0.18420283496379852
2747187456.0,-0.1770470142364502
2748124928.0,-0.16672910749912262
2749062400.0,-0.15673114359378815
2750000128.0,-0.14225263893604279
2750937600.0,-0.12723524868488312
2751875072.0,-0.11025744676589966
2752812544.0,-0.09171442687511444
2753750016.0,-0.07145387679338455
2754687488.0,-0.051590584218502045
2755624960.0,-0.030026931315660477
2756562432.0,-0.007438366301357746
2757499904.0,0.0137247946113348
2758437376.0,0.03657620772719383
2759375104.0,0.05881254002451897
2760312576.0,0.0794343426823616
2761250048.0,0.0995599702000618
2762187520.0,0.11925438046455383
2763124992.0,0.13724179565906525
2764062464.0,0.1526491940021515
2764999936.0,0.16777253150939941
2765937408.0,0.18015941977500916
2766874880.0,0.19181735813617706
2767812608.0,0.2338327318429947
2768750080.0,0.23758529126644135
2769687552.0,0.2398877590894699
2770625024.0,0.24049991369247437
2771562496.0,0.23903784155845642
2772499968.0,0.23717722296714783
2773437440.0,0.23188304901123047
2774374912.0,0.226802259683609
2775312384.0,0.21899369359016418
2776250112.0,0.21188931167125702
2777187584.0,0.2024744302034378
2778125056.0,0.19079433381557465
2779062528.0,0.1793919801712036
2780000000.0,0.16756923496723175
2780937472.0,0.15424329042434692
2781874944.0,0.14096106588840485
2782812416.0,0.12607960402965546
2783749888.0,0.11134056001901627
2784687616.0,0.09622232615947723
2785625088.0,0.08131888508796692
2786562560.0,0.06552816182374954
2787500032.0,0.050487205386161804
2788437504.0,0.03560249134898186
2789374976.0,0.020490452647209167
2790312448.0,0.0061655850149691105
2791249920.0,-0.008495485410094261
2792187392.0,-0.022671189159154892
2793125120.0,-0.03462488204240799
2794062592.0,-0.04669109731912613
2795000064.0,-0.05746800824999809
2795937536.0,-0.06727205961942673
2796875008.0,-0.0768427774310112
2797812480.0,-0.08429595082998276
2798749952.0,-0.0907709077000618
2799687424.0,-0.095184326171875
2800624896.0,-0.09971935302019119
2801562624.0,-0.10228953510522842
2802500096.0,-0.10292138904333115
2803437568.0,-0.10257679224014282
2804375040.0,-0.09976764768362045
2805312512.0,-0.09657946228981018
2806249984.0,-0.09127479791641235
2807187456.0,-0.08454202860593796
2808124928.0,-0.07652787864208221
2809062400.0,-0.06700718402862549
2809999872.0,-0.05607709288597107
2810937600.0,-0.043680790811777115
2811875072.0,-0.030890032649040222
2812812544.0,-0.016570035368204117
2813750016.0,-0.0011750885751098394
2814687488.0,0.014585801400244236
2815624960.0,0.03133688122034073
2816562432.0,0.04915083944797516
2817499904.0,0.06616218388080597
2818437376.0,0.0837564617395401
2819375104.0,0.10096564143896103
2820312576.0,0.11813585460186005
2821250048.0,0.13533049821853638
2822187520.0,0.15183670818805695
2823124992.0,0.1670474261045456
2824062464.0,0.18125608563423157
2824999936.0,0.19445155560970306
2825937408.0,0.20596900582313538
2826874880.0,0.21686547994613647
2827812608.0,0.2302929311990738
2828750080.0,0.23683974146842957
2829687552.0,0.2407711297273636
2830625024.0,0.24312205612659454
2831562496.0,0.24261359870433807
2832499968.0,0.24128244817256927
2833437440.0,0.23808617889881134
2834374912.0,0.2321232110261917
2835312384.0,0.2249784767627716
2836250112.0,0.216309055685997
2837187584.0,0.2060348391532898
2838125056.0,0.1940467208623886
2839062528.0,0.18130628764629364
2840000000.0,0.16666832566261292
2840937472.0,0.1509709656238556
2841874944.0,0.13523046672344208
2842812416.0,0.11719537526369095
2843749888.0,0.0999295562505722
2844687616.0,0.08304475247859955
2845625088.0,0.06509513407945633
2846562560.0,0.04737013205885887
2847500032.0,0.02870597317814827
2848437504.0,0.011441622860729694
2849374976.0,-0.005408439319580793
2850312448.0,-0.021625787019729614
2851249920.0,-0.03780202567577362
2852187392.0,-0.05210515484213829
2853125120.0,-0.06577365100383759
2854062592.0,-0.07875529676675797
2855000064.0,-0.08968896418809891
2855937536.0,-0.09867306798696518
2856875008.0,-0.10709820687770844
2857812480.0,-0.11397106945514679
2858749952.0,-0.11889934539794922
2859687424.0,-0.12166538834571838
2860624896.0,-0.12217501550912857
2861562624.0,-0.12203092873096466
2862500096.0,-0.11955242604017258
2863437568.0,-0.11606574803590775
2864375040.0,-0.11007209122180939
2865312512.0,-0.10198110342025757
2866249984.0,-0.09364178031682968
2867187456.0,-0.08373284339904785
2868124928.0,-0.07141834497451782
2869062400.0,-0.05932307988405228
2870000128.0,-0.044949788600206375
2870937600.0,-0.029156027361750603
2871875072.0,-0.013070712797343731
2872812544.0,0.0032477849163115025
2873750016.0,0.01995924860239029
2874687488.0,0.037942059338092804
2875624960.0,0.05601237714290619
2876562432.0,0.07273410260677338
2877499904.0,0.09018654376268387
2878437376.0,0.10784383863210678
2879375104.0,0.12464392930269241
2880312576.0,0.14130140841007233
2881250048.0,0.15667679905891418
2882187520.0,0.17072424292564392
2883124992.0,0.18429617583751678
2884062464.0,0.19758525490760803
2884999936.0,0.20847389101982117
2885937408.0,0.21899117529392242
2886874880.0,0.22750699520111084
2887812608.0,0.21287840604782104
2888750080.0,0.2171524465084076
2889687552.0,0.22016417980194092
2890625024.0,0.2235957533121109
2891562496.0,0.22601205110549927
2892499968.0,0.22597761452198029
2893437440.0,0.2252463847398758
2894374912.0,0.2231975793838501
2895312384.0,0.2197297066450119
2896250112.0,0.21440519392490387
2897187584.0,0.20752675831317902
2898125056.0,0.20023395121097565
2899062528.0,0.18980470299720764
2900000000.0,0.17934873700141907
2900937472.0,0.16666071116924286
2901874944.0,0.1524466574192047
2902812416.0,0.13764184713363647
2903749888.0,0.12215163558721542
2904687616.0,0.1053408533334732
2905625088.0,0.08914019912481308
2906562560.0,0.07063842564821243
2907500032.0,0.05219116061925888
2908437504.0,0.03513510525226593
2909374976.0,0.016962343826889992
2910312448.0,-0.0007670137565582991
2911249920.0,-0.016677789390087128
2912187392.0,-0.03229107707738876
2913125120.0,-0.04672670736908913
2914062592.0,-0.06051826849579811
2915000064.0,-0.072580985724926
2915937536.0,-0.08295246213674545
2916875008.0,-0.08982115238904953
2917812480.0,-0.09658592194318771
2918749952.0,-0.1012297198176384
2919687424.0,-0.10208828747272491
2920624896.0,-0.1016312912106514
2921562624.0,-0.09931989759206772
2922500096.0,-0.09544084966182709
2923437568.0,-0.08832632005214691
2924375040.0,-0.08013734966516495
2925312512.0,-0.06927391141653061
2926249984.0,-0.05736963450908661
2927187456.0,-0.043433498591184616
2928124928.0,-0.0281204991042614
2929062400.0,-0.01195515412837267
2929999872.0,0.003963456489145756
2930937600.0,0.02217472344636917
2931875072.0,0.038877446204423904
2932812544.0,0.05678712949156761
2933750016.0,0.0745556652545929
2934687488.0,0.09141729772090912
2935624960.0,0.10784704238176346
2936562432.0,0.12464812397956848
2937499904.0,0.13861924409866333
2938437376.0,0.15178070962429047
2939375104.0,0.16526825726032257
2940312576.0,0.17583908140659332
2941250048.0,0.18601828813552856
2942187520.0,0.19437743723392487
2943124992.0,0.2025042623281479
2944062464.0,0.20733453333377838
2944999936.0,0.2119634449481964
2945937408.0,0.21626679599285126
2946874880.0,0.21815034747123718
2947812608.0,0.20032182335853577
2948750080.0,0.19866816699504852
2949687552.0,0.19678393006324768
2950625024.0,0.19469021260738373
2951562496.0,0.1921190619468689
2952499968.0,0.18991577625274658
2953437440.0,0.1873883605003357
2954374912.0,0.1829402893781662
2955312384.0,0.17969779670238495
2956250112.0,0.17693282663822174
2957187584.0,0.1730160266160965
2958125056.0,0.1688058227300644
2959062528.0,0.16534607112407684
2960000000.0,0.16092908382415771
2960937472.0,0.15615852177143097
2961874944.0,0.15160302817821503
2962812416.0,0.14629212021827698
2963749888.0,0.1414560079574585
2964687616.0,0.13543041050434113
2965625088.0,0.12996657192707062
2966562560.0,0.1244569793343544
2967500032.0,0.11757107824087143
2968437504.0,0.11163467168807983
2969374976.0,0.10424841195344925
2970312448.0,0.09719373285770416
2971249920.0,0.08969546109437943
2972187392.0,0.08176639676094055
2973125120.0,0.07500477880239487
2974062592.0,0.06646642088890076
2975000064.0,0.05953529477119446
2975937536.0,0.05190476402640343
2976875008.0,0.044099900871515274
2977812480.0,0.03720994293689728
2978749952.0,0.03142128884792328
2979687424.0,0.024094995111227036
2980624896.0,0.01929682493209839
2981562624.0,0.013362512923777103
2982500096.0,0.008980559185147285
2983437568.0,0.004911534488201141
2984375040.0,0.0016841460019350052
2985312512.0,-0.0011366187827661633
2986249984.0,-0.003789301961660385
2987187456.0,-0.004954039119184017
2988124928.0,-0.0051960754208266735
2989062400.0,-0.005039275623857975
2990000128.0,-0.0051708342507481575
2990937600.0,-0.004992855247110128
2991875072.0,-0.002801739377900958
2992812544.0,-0.0016033333959057927
2993750016.0,0.0002999891876243055
2994687488.0,0.0018320775125175714
2995624960.0,0.003969158511608839
2996562432.0,0.00614326074719429
2997499904.0,0.00907403789460659
2998437376.0,0.01210812572389841
2999375104.0,0.013952638953924179
3000312576.0,0.019525596871972084
3001250048.0,0.02201562561094761
3002187520.0,0.024644596502184868
3003124992.0,0.02699614129960537
3004062464.0,0.028630029410123825
3004999936.0,0.030053695663809776
3005937408.0,0.031520940363407135
3006874880.0,0.0330812968313694
3007812608.0,0.1257874220609665
3008750080.0,0.12444289028644562
3009687552.0,0.12099064141511917
3010625024.0,0.11736482381820679
3011562496.0,0.11377482116222382
3012499968.0,0.1096099242568016
3013437440.0,0.10552100837230682
3014374912.0,0.10060466080904007
3015312384.0,0.09523934870958328
3016250112.0,0.09094065427780151
3017187584.0,0.08540194481611252
3018125056.0,0.07970929145812988
3019062528.0,0.07462891936302185
3020000000.0,0.06859815865755081
3020937472.0,0.06265449523925781
3021874944.0,0.05629700422286987
3022812416.0,0.05075564607977867
3023749888.0,0.044032566249370575
3024687616.0,0.03861379623413086
3025625088.0,0.03225160762667656
3026562560.0,0.025820519775152206
3027500032.0,0.02031783014535904
3028437504.0,0.01477434579282999
3029374976.0,0.010126779787242413
3030312448.0,0.0031732898205518723
3031249920.0,-0.0020879716612398624
3032187392.0,-0.007004985585808754
3033125120.0,-0.012771449983119965
3034062592.0,-0.017688313499093056
3035000064.0,-0.023203495889902115
3035937536.0,-0.028972357511520386
3036875008.0,-0.03340018913149834
3037812480.0,-0.03762398287653923
3038749952.0,-0.042357008904218674
3039687424.0,-0.04595532640814781
3040624896.0,-0.05049949884414673
3041562624.0,-0.0537310428917408
3042500096.0,-0.05674850568175316
3043437568.0,-0.05978815257549286
3044375040.0,-0.06144848093390465
3045312512.0,-0.06397798657417297
3046249984.0,-0.06524466723203659
3047187456.0,-0.06542784720659256
3048124928.0,-0.06554791331291199
3049062400.0,-0.06592214107513428
3049999872.0,-0.06534630805253983
3050937600.0,-0.06288088113069534
3051875072.0,-0.06104394420981407
3052812544.0,-0.05873982608318329
3053750016.0,-0.05527601018548012
3054687488.0,-0.05026007816195488
3055624960.0,-0.04563251510262489
3056562432.0,-0.03865610063076019
3057499904.0,-0.03301125392317772
3058437376.0,-0.024767043069005013
3059375104.0,-0.016725357621908188
3060312576.0,-0.00795675627887249
3061250048.0,0.001350477454252541
3062187520.0,0.012053808197379112
3063124992.0,0.022892124950885773
3064062464.0,0.03504631668329239
3064999936.0,0.046276338398456573
3065937408.0,0.0589679479598999
3066874880.0,0.07097102701663971
3067812608.0,0.13966986536979675
3068750080.0,0.14438632130622864
3069687552.0,0.14970840513706207
3070625024.0,0.15213000774383545
3071562496.0,0.15320725739002228
3072499968.0,0.15294410288333893
3073437440.0,0.15156567096710205
3074374912.0,0.1487676203250885
3075312384.0,0.14471633732318878
3076250112.0,0.1388157159090042
3077187584.0,0.13203652203083038
3078125056.0,0.12429453432559967
3079062528.0,0.11567334830760956
3080000000.0,0.10640788078308105
3080937472.0,0.0958661139011383
3081874944.0,0.0845053568482399
3082812416.0,0.07459858059883118
3083749888.0,0.061511654406785965
3084687616.0,0.050418976694345474
3085625088.0,0.04021666944026947
3086562560.0,0.029421141371130943
3087500032.0,0.01979384943842888
3088437504.0,0.00802148412913084
3089374976.0,-7.54229913582094e-05
3090312448.0,-0.008886308409273624
3091249920.0,-0.016073305159807205
3092187392.0,-0.022098073735833168
3093125120.0,-0.028097951784729958
3094062592.0,-0.032106246799230576
3095000064.0,-0.035265758633613586
3095937536.0,-0.03748985007405281
3096875008.0,-0.037922244518995285
3097812480.0,-0.037768930196762085
3098749952.0,-0.036384906619787216
3099687424.0,-0.03366830572485924
3100624896.0,-0.028973672538995743
3101562624.0,-0.024797672405838966
3102500096.0,-0.019785596057772636
3103437568.0,-0.013681276701390743
3104375040.0,-0.0058008525520563126
3105312512.0,0.002049004891887307
3106249984.0,0.009408031590282917
3107187456.0,0.017616378143429756
3108124928.0,0.02604931779205799
3109062400.0,0.03461134433746338
3110000128.0,0.04389798641204834
3110937600.0,0.052038852125406265
3111875072.0,0.06060658395290375
3112812544.0,0.06862226873636246
3113750016.0,0.07631399482488632
3114687488.0,0.08387058973312378
3115624960.0,0.0909503847360611
3116562432.0,0.0967874601483345
3117499904.0,0.10327248275279999
3118437376.0,0.10846319049596786
3119375104.0,0.11295416951179504
3120312576.0,0.11798878014087677
3121250048.0,0.12164367735385895
3122187520.0,0.12508724629878998
3123124992.0,0.12876005470752716
3124062464.0,0.132213294506073
3124999936.0,0.1348465085029602
3125937408.0,0.13815471529960632
3126874880.0,0.1396944224834442
3127812608.0,0.14610910415649414
3128750080.0,0.14596055448055267
3129687552.0,0.14636802673339844
3130625024.0,0.14596043527126312
3131562496.0,0.1440453827381134
3132499968.0,0.142374649643898
3133437440.0,0.13947562873363495
3134374912.0,0.13633424043655396
3135312384.0,0.13390730321407318
3136250112.0,0.13061904907226562
3137187584.0,0.12815840542316437
3138125056.0,0.12548519670963287
3139062528.0,0.12394876033067703
3140000000.0,0.12282752245664597
3140937472.0,0.12242484092712402
3141874944.0,0.12453485280275345
3142812416.0,0.1266690194606781
3143749888.0,0.130455881357193
3144687616.0,0.13498812913894653
3145625088.0,0.1397995799779892
3146562560.0,0.1452825665473938
3147500032.0,0.15016598999500275
3148437504.0,0.154155433177948
3149374976.0,0.1568259447813034
3150312448.0,0.15692447125911713
3151249920.0,0.15531785786151886
3152187392.0,0.152715265750885
3153125120.0,0.14715422689914703
3154062592.0,0.13913004100322723
3155000064.0,0.12975317239761353
3155937536.0,0.11859133094549179
3156875008.0,0.10504063218832016
3157812480.0,0.09173664450645447
3158749952.0,0.0762556791305542
3159687424.0,0.0601360946893692
3160624896.0,0.04431960731744766
3161562624.0,0.02877357415854931
3162500096.0,0.014209217391908169
3163437568.0,0.0006856312393210828
3164375040.0,-0.01198152732104063
3165312512.0,-0.022417724132537842
3166249984.0,-0.030712850391864777
3167187456.0,-0.036583371460437775
3168124928.0,-0.04120742902159691
3169062400.0,-0.04208841174840927
3169999872.0,-0.041867446154356
3170937600.0,-0.038285501301288605
3171875072.0,-0.033658359199762344
3172812544.0,-0.026235004886984825
3173750016.0,-0.01869095116853714
3174687488.0,-0.006390289403498173
3175624960.0,0.005505315959453583
3176562432.0,0.018861984834074974
3177499904.0,0.033143509179353714
3178437376.0,0.04780285060405731
3179375104.0,0.06348466128110886
3180312576.0,0.07918010652065277
3181250048.0,0.09430151432752609
3182187520.0,0.10931470990180969
3183124992.0,0.12349486351013184
3184062464.0,0.13789141178131104
3184999936.0,0.15184713900089264
3185937408.0,0.16379235684871674
3186874880.0,0.17640672624111176
3187812608.0,0.14678369462490082
3188750080.0,0.14328819513320923
3189687552.0,0.13903695344924927
3190625024.0,0.13392555713653564
3191562496.0,0.1290850043296814
3192499968.0,0.1238861009478569
3193437440.0,0.11798547953367233
3194374912.0,0.11250996589660645
3195312384.0,0.10762744396924973
3196250112.0,0.10273554176092148
3197187584.0,0.09861689060926437
3198125056.0,0.09502796828746796
3199062528.0,0.09156450629234314
3200000000.0,0.08846183866262436
3200937472.0,0.08662405610084534
3201874944.0,0.08558342605829239
3202812416.0,0.08504242449998856
3203749888.0,0.08487929403781891
3204687616.0,0.08622509986162186
3205625088.0,0.08788256347179413
3206562560.0,0.0889686718583107
3207500032.0,0.09067884832620621
3208437504.0,0.09388326853513718
3209374976.0,0.09632234275341034
3210312448.0,0.0985918715596199
3211249920.0,0.10188960283994675
3212187392.0,0.10412494838237762
3213125120.0,0.10674020648002625
3214062592.0,0.1092570573091507
3215000064.0,0.11206941306591034
3215937536.0,0.11326662451028824
3216875008.0,0.11554638296365738
3217812480.0,0.11651775240898132
3218749952.0,0.11643858999013901
3219687424.0,0.11788393557071686
3220624896.0,0.11713751405477524
3221562624.0,0.11663026362657547
3222500096.0,0.11611095815896988
3223437568.0,0.11489579826593399
3224375040.0,0.11414003372192383
3225312512.0,0.11236133426427841
3226249984.0,0.11118493229150772
3227187456.0,0.10955550521612167
3228124928.0,0.10904578119516373
3229062400.0,0.1066095158457756
3230000128.0,0.10589893907308578
3230937600.0,0.1050160825252533
3231875072.0,0.1059422492980957
3232812544.0,0.10563333332538605
3233750016.0,0.10692329704761505
3234687488.0,0.10824672132730484
3235624960.0,0.11163655668497086
3236562432.0,0.11420231312513351
3237499904.0,0.11762622743844986
3238437376.0,0.12135627865791321
3239375104.0,0.1267763376235962
3240312576.0,0.13142654299736023
3241250048.0,0.13747316598892212
3242187520.0,0.14360782504081726
3243124992.0,0.14953239262104034
3244062464.0,0.15610213577747345
3244999936.0,0.16158616542816162
3245937408.0,0.16745033860206604
3246874880.0,0.17280517518520355
3247812608.0,0.08484603464603424
3248750080.0,0.07681525498628616
3249687552.0,0.06721863895654678
3250625024.0,0.05754006281495094
3251562496.0,0.04706309735774994
3252499968.0,0.038289446383714676
3253437440.0,0.029907632619142532
3254374912.0,0.022482726722955704
3255312384.0,0.016713375225663185
3256250112.0,0.013454033061861992
3257187584.0,0.011060395278036594
3258125056.0,0.011392254382371902
3259062528.0,0.01238228753209114
3260000000.0,0.016369899734854698
3260937472.0,0.019500598311424255
3261874944.0,0.024733103811740875
3262812416.0,0.029854249209165573
3263749888.0,0.03449317812919617
3264687616.0,0.03995482251048088
3265625088.0,0.04371991381049156
3266562560.0,0.04883997142314911
3267500032.0,0.05313633754849434
3268437504.0,0.05716664344072342
3269374976.0,0.061211977154016495
3270312448.0,0.06417141109704971
3271249920.0,0.06720533221960068
3272187392.0,0.0699811726808548
3273125120.0,0.0710550844669342
3274062592.0,0.07337110489606857
3275000064.0,0.07611168175935745
3275937536.0,0.07809330523014069
3276875008.0,0.07873263210058212
3277812480.0,0.0807730033993721
3278749952.0,0.08159375190734863
3279687424.0,0.08272930979728699
3280624896.0,0.08298729360103607
3281562624.0,0.08377731591463089
3282500096.0,0.08364534378051758
3283437568.0,0.08467322587966919
3284375040.0,0.08458685129880905
3285312512.0,0.08335597068071365
3286249984.0,0.08355367183685303
3287187456.0,0.08295552432537079
3288124928.0,0.0818878561258316
3289062400.0,0.08224524557590485
3289999872.0,0.08105985820293427
3290937600.0,0.08089060336351395
3291875072.0,0.07988257706165314
3292812544.0,0.0800308808684349
3293750016.0,0.08036811649799347
3294687488.0,0.07922891527414322
3295624960.0,0.07995923608541489
3296562432.0,0.08064943552017212
3297499904.0,0.08223459124565125
3298437376.0,0.08279973268508911
3299375104.0,0.08461137115955353
3300312576.0,0.0865422785282135
3301250048.0,0.08912110328674316
3302187520.0,0.09185000509023666
3303124992.0,0.0943702757358551
3304062464.0,0.09878114610910416
3304999936.0,0.10325125604867935
3305937408.0,0.10725599527359009
3306874880.0,0.11292929202318192
3307812608.0,0.12483987957239151
3308750080.0,0.13210493326187134
3309687552.0,0.14000633358955383
3310625024.0,0.14750555157661438
3311562496.0,0.15622909367084503
3312499968.0,0.16383323073387146
3313437440.0,0.17240238189697266
3314374912.0,0.17927183210849762
3315312384.0,0.18652361631393433
3316250112.0,0.1938040405511856
3317187584.0,0.19970199465751648
3318125056.0,0.20419514179229736
3319062528.0,0.2091081142425537
3320000000.0,0.21336790919303894
3320937472.0,0.21542364358901978
3321874944.0,0.21676473319530487
3322812416.0,0.21708223223686218
3323749888.0,0.21753056347370148
3324687616.0,0.21500784158706665
3325625088.0,0.21131397783756256
3326562560.0,0.20727083086967468
3327500032.0,0.20122294127941132
3328437504.0,0.1947319209575653
3329374976.0,0.18767844140529633
3330312448.0,0.17918656766414642
3331249920.0,0.1694532334804535
3332187392.0,0.159126415848732
3333125120.0,0.14910556375980377
3334062592.0,0.13837751746177673
3335000064.0,0.1272890567779541
3335937536.0,0.11575359106063843
3336875008.0,0.1040465384721756
3337812480.0,0.09269361197948456
3338749952.0,0.0829985961318016
3339687424.0,0.0719684362411499
3340624896.0,0.06227612867951393
3341562624.0,0.053572315722703934
3342500096.0,0.04507039859890938
3343437568.0,0.037827737629413605
3344375040.0,0.030983714386820793
3345312512.0,0.024991793558001518
3346249984.0,0.020330728963017464
3347187456.0,0.016499364748597145
3348124928.0,0.014557384885847569
3349062400.0,0.013923062942922115
3350000128.0,0.013137266039848328
3350937600.0,0.015228897333145142
3351875072.0,0.01785292848944664
3352812544.0,0.022832095623016357
3353750016.0,0.027196023613214493
3354687488.0,0.0330478698015213
3355624960.0,0.040257155895233154
3356562432.0,0.047643426805734634
3357499904.0,0.05625374615192413
3358437376.0,0.06504311412572861
3359375104.0,0.07470688223838806
3360312576.0,0.0850047767162323
3361250048.0,0.09513247758150101
3362187520.0,0.10478709638118744
3363124992.0,0.11588132381439209
3364062464.0,0.1252107322216034
3364999936.0,0.13396517932415009
3365937408.0,0.14256808161735535
3366874880.0,0.1516358107328415
3367812608.0,0.033513929694890976
3368750080.0,0.03868555650115013
3369687552.0,0.04262552037835121
3370625024.0,0.04572630301117897
3371562496.0,0.0490785576403141
3372499968.0,0.05122064799070358
3373437440.0,0.05335907265543938
3374374912.0,0.05446372553706169
3375312384.0,0.0539005845785141
3376250112.0,0.05289597809314728
3377187584.0,0.0498645193874836
3378125056.0,0.04719720780849457
3379062528.0,0.041985832154750824
3380000000.0,0.03671722486615181
3380937472.0,0.03077453188598156
3381874944.0,0.023395312950015068
3382812416.0,0.01497729867696762
3383749888.0,0.005831151735037565
3384687616.0,-0.003004687139764428
3385625088.0,-0.013896185904741287
3386562560.0,-0.02429507113993168
3387500032.0,-0.03627398982644081
3388437504.0,-0.04790892452001572
3389374976.0,-0.058985572308301926
3390312448.0,-0.06973192095756531
3391249920.0,-0.08151976764202118
3392187392.0,-0.0914539322257042
3393125120.0,-0.10213371366262436
3394062592.0,-0.11222577095031738
3395000064.0,-0.12012448161840439
3395937536.0,-0.12970653176307678
3396875008.0,-0.1360946148633957
3397812480.0,-0.14292381703853607
3398749952.0,-0.1485128104686737
3399687424.0,-0.1535094529390335
3400624896.0,-0.15811721980571747
3401562624.0,-0.16060000658035278
3402500096.0,-0.1626264750957489
3403437568.0,-0.16457848250865936
3404375040.0,-0.16613896191120148
3405312512.0,-0.16678078472614288
3406249984.0,-0.16607926785945892
3407187456.0,-0.1671966165304184
3408124928.0,-0.1667332947254181
3409062400.0,-0.166839137673378
3409999872.0,-0.16652438044548035
3410937600.0,-0.16741356253623962
3411875072.0,-0.1684926152229309
3412812544.0,-0.17037394642829895
3413750016.0,-0.173055037856102
3414687488.0,-0.17752394080162048
3415624960.0,-0.18221746385097504
3416562432.0,-0.19088402390480042
3417499904.0,-0.19976681470870972
3418437376.0,-0.2100125253200531
3419375104.0,-0.2227281779050827
3420312576.0,-0.23762597143650055
3421250048.0,-0.25363725423812866
3422187520.0,-0.271707147359848
3423124992.0,-0.29282352328300476
3424062464.0,-0.3151989281177521
3424999936.0,-0.33940157294273376
3425937408.0,-0.3654472529888153
3426874880.0,-0.3940272331237793
3427812608.0,-0.42441558837890625
3428750080.0,-0.45223647356033325
3429687552.0,-0.48042985796928406
3430625024.0,-0.508544921875
3431562496.0,-0.5368370413780212
3432499968.0,-0.5641905665397644
3433437440.0,-0.5921778082847595
3434374912.0,-0.618868887424469
3435312384.0,-0.6458554863929749
3436250112.0,-0.6725153923034668
3437187584.0,-0.6999784111976624
3438125056.0,-0.7281848788261414
3439062528.0,-0.7572592496871948
3440000000.0,-0.7866718173027039
3440937472.0,-0.8169042468070984
3441874944.0,-0.8504041433334351
3442812416.0,-0.8849844336509705
3443749888.0,-0.9214329123497009
3444687616.0,-0.9619589447975159
3445625088.0,-1.0028518438339233
3446562560.0,-1.0477559566497803
3447500032.0,-1.094406247138977
3448437504.0,-1.1437616348266602
3449374976.0,-1.196365475654602
3450312448.0,-1.2513184547424316
3451249920.0,-1.3076447248458862
3452187392.0,-1.366580605506897
3453125120.0,-1.428167700767517
3454062592.0,-1.490163803100586
3455000064.0,-1.5527957677841187
3455937536.0,-1.6150343418121338
3456875008.0,-1.6741694211959839
3457812480.0,-1.7299799919128418
3458749952.0,-1.7819194793701172
3459687424.0,-1.8282723426818848
3460624896.0,-1.8683066368103027
3461562624.0,-1.9008800983428955
3462500096.0,-1.9260143041610718
3463437568.0,-1.9436911344528198
3464375040.0,-1.9542495012283325
3465312512.0,-1.9592362642288208
3466249984.0,-1.9569647312164307
3467187456.0,-1.9484837055206299
3468124928.0,-1.932578444480896
3469062400.0,-1.9090608358383179
3470000128.0,-1.8792154788970947
3470937600.0,-1.8446232080459595
3471875072.0,-1.8041868209838867
3472812544.0,-1.759779453277588
3473750016.0,-1.71165931224823
3474687488.0,-1.6597399711608887
3475624960.0,-1.6061762571334839
3476562432.0,-1.55308198928833
3477499904.0,-1.5002703666687012
3478437376.0,-1.445724606513977
3479375104.0,-1.3929898738861084
3480312576.0,-1.342558741569519
3481250048.0,-1.2945111989974976
3482187520.0,-1.2463680505752563
3483124992.0,-1.1999597549438477
3484062464.0,-1.1533910036087036
3484999936.0,-1.110836386680603
3485937408.0,-1.068600058555603
3486874880.0,-1.0287264585494995
3487812608.0,-1.0238144397735596
3488750080.0,-0.9874891042709351
3489687552.0,-0.951378345489502
3490625024.0,-0.9145578145980835
3491562496.0,-0.879763126373291
3492499968.0,-0.8466833233833313
3493437440.0,-0.8152549266815186
3494374912.0,-0.7872660756111145
3495312384.0,-0.7611029744148254
3496250112.0,-0.7384547591209412
3497187584.0,-0.717149019241333
3498125056.0,-0.6991215348243713
3499062528.0,-0.6829728484153748
3500000000.0,-0.6687462329864502
3500937472.0,-0.6554961800575256
3501874944.0,-0.6428950428962708
3502812416.0,-0.6305692791938782
3503749888.0,-0.6182680726051331
3504687616.0,-0.6056300401687622
3505625088.0,-0.5931859016418457
3506562560.0,-0.5812131762504578
3507500032.0,-0.5685877799987793
3508437504.0,-0.5565576553344727
3509374976.0,-0.5442253351211548
3510312448.0,-0.5320468544960022
3511249920.0,-0.5179667472839355
3512187392.0,-0.5050126314163208
3513125120.0,-0.491298109292984
3514062592.0,-0.47655075788497925
3515000064.0,-0.4625707268714905
3515937536.0,-0.44683268666267395
3516875008.0,-0.42947208881378174
3517812480.0,-0.41238275170326233
3518749952.0,-0.3946225345134735
3519687424.0,-0.37725764513015747
3520624896.0,-0.35986313223838806
3521562624.0,-0.34174057841300964
3522500096.0,-0.32294678688049316
3523437568.0,-0.3040900230407715
3524375040.0,-0.28609973192214966
3525312512.0,-0.26719504594802856
3526249984.0,-0.248846635222435
3527187456.0,-0.23070365190505981
3528124928.0,-0.21259824931621552
3529062400.0,-0.1947331577539444
3529999872.0,-0.1785595715045929
3530937600.0,-0.16464577615261078
3531875072.0,-0.15163631737232208
3532812544.0,-0.14058762788772583
3533750016.0,-0.13070417940616608
3534687488.0,-0.12267941981554031
3535624960.0,-0.11619845777750015
3536562432.0,-0.11287857592105865
3537499904.0,-0.11028632521629333
3538437376.0,-0.1095484122633934
3539375104.0,-0.11024181544780731
3540312576.0,-0.11307553946971893
3541250048.0,-0.11611457914113998
3542187520.0,-0.11994687467813492
3543124992.0,-0.12612058222293854
3544062464.0,-0.1330646574497223
3544999936.0,-0.14221392571926117
3545937408.0,-0.1516796499490738
3546874880.0,-0.16234099864959717
3547812608.0,-0.2030215859413147
3548750080.0,-0.19414739310741425
3549687552.0,-0.18500201404094696
3550625024.0,-0.17731842398643494
3551562496.0,-0.16949205100536346
3552499968.0,-0.1619698703289032
3553437440.0,-0.15526285767555237
3554374912.0,-0.14930981397628784
3555312384.0,-0.1459481120109558
3556250112.0,-0.14267674088478088
3557187584.0,-0.13916566967964172
3558125056.0,-0.1362803727388382
3559062528.0,-0.1344347447156906
3560000000.0,-0.1307132989168167
3560937472.0,-0.12868113815784454
3561874944.0,-0.1250505894422531
3562812416.0,-0.12172922492027283
3563749888.0,-0.12052657455205917
3564687616.0,-0.11764020472764969
3565625088.0,-0.11599676311016083
3566562560.0,-0.11365268379449844
3567500032.0,-0.1108611449599266
3568437504.0,-0.10878676176071167
3569374976.0,-0.10658131539821625
3570312448.0,-0.10420799255371094
3571249920.0,-0.10112380981445312
3572187392.0,-0.0974661260843277
3573125120.0,-0.0950966402888298
3574062592.0,-0.09051189571619034
3575000064.0,-0.088040791451931
3575937536.0,-0.08429831266403198
3576875008.0,-0.08035864681005478
3577812480.0,-0.07651271671056747
3578749952.0,-0.07292763143777847
3579687424.0,-0.06989508867263794
3580624896.0,-0.06724376231431961
3581562624.0,-0.06339824944734573
3582500096.0,-0.060426630079746246
3583437568.0,-0.05712759122252464
3584375040.0,-0.0535421185195446
3585312512.0,-0.052200205624103546
3586249984.0,-0.049205660820007324
3587187456.0,-0.047102849930524826
3588124928.0,-0.04496268928050995
3589062400.0,-0.043814271688461304
3590000128.0,-0.04314591363072395
3590937600.0,-0.042308252304792404
3591875072.0,-0.04128095135092735
3592812544.0,-0.040993623435497284
3593750016.0,-0.04135320708155632
3594687488.0,-0.0420321486890316
3595624960.0,-0.04233657196164131
3596562432.0,-0.04419420659542084
3597499904.0,-0.04651079326868057
3598437376.0,-0.048406265676021576
3599375104.0,-0.050629328936338425
3600312576.0,-0.0533495657145977
3601250048.0,-0.056568488478660583
3602187520.0,-0.05919301509857178
3603124992.0,-0.06322351843118668
3604062464.0,-0.06561236828565598
3604999936.0,-0.06722418963909149
3605937408.0,-0.06850424408912659
3606874880.0,-0.07037919759750366
3607812608.0,-0.07526689767837524
3608750080.0,-0.07310512661933899
3609687552.0,-0.07164224237203598
3610625024.0,-0.07027976214885712
3611562496.0,-0.06973202526569366
3612499968.0,-0.0699845477938652
3613437440.0,-0.07095929980278015
3614374912.0,-0.07288354635238647
3615312384.0,-0.07501812279224396
3616250112.0,-0.0781697928905487
3617187584.0,-0.08013221621513367
3618125056.0,-0.08337090909481049
3619062528.0,-0.0864948183298111
3620000000.0,-0.09016409516334534
3620937472.0,-0.09398037940263748
3621874944.0,-0.09728920459747314
3622812416.0,-0.10033353418111801
3623749888.0,-0.1036403700709343
3624687616.0,-0.10634651780128479
3625625088.0,-0.10940401256084442
3626562560.0,-0.11212804168462753
3627500032.0,-0.11531700938940048
3628437504.0,-0.11770505458116531
3629374976.0,-0.1194593757390976
3630312448.0,-0.11956026405096054
3631249920.0,-0.12005564570426941
3632187392.0,-0.1187988668680191
3633125120.0,-0.11863480508327484
3634062592.0,-0.11648725718259811
3635000064.0,-0.11525362730026245
3635937536.0,-0.1113729476928711
3636875008.0,-0.10623214393854141
3637812480.0,-0.10195989161729813
3638749952.0,-0.09586597234010696
3639687424.0,-0.09052345901727676
3640624896.0,-0.08366984128952026
3641562624.0,-0.0758102759718895
3642500096.0,-0.06830660253763199
3643437568.0,-0.060572948306798935
3644375040.0,-0.0521257147192955
3645312512.0,-0.045264825224876404
3646249984.0,-0.037153296172618866
3647187456.0,-0.02981496974825859
3648124928.0,-0.021427657455205917
3649062400.0,-0.012834477238357067
3649999872.0,-0.005307192914187908
3650937600.0,0.0015832525677978992
3651875072.0,0.008916044607758522
3652812544.0,0.01565886102616787
3653750016.0,0.021402632817626
3654687488.0,0.027117954567074776
3655624960.0,0.03173910453915596
3656562432.0,0.03543752431869507
3657499904.0,0.03834235668182373
3658437376.0,0.04051534831523895
3659375104.0,0.042071014642715454
3660312576.0,0.042570263147354126
3661250048.0,0.042707301676273346
3662187520.0,0.042249638587236404
3663124992.0,0.0395018644630909
3664062464.0,0.037771862000226974
3664999936.0,0.03400091454386711
3665937408.0,0.030362872406840324
3666874880.0,0.02523580752313137
3667812608.0,0.016264962032437325
3668750080.0,0.012283884920179844
3669687552.0,0.007128829136490822
3670625024.0,0.002666238695383072
3671562496.0,-0.001069997320882976
3672499968.0,-0.004549230448901653
3673437440.0,-0.007494407705962658
3674374912.0,-0.00918570626527071
3675312384.0,-0.011117358691990376
3676250112.0,-0.01261230744421482
3677187584.0,-0.011540349572896957
3678125056.0,-0.012200013734400272
3679062528.0,-0.01152776088565588
3680000000.0,-0.009399332106113434
3680937472.0,-0.008908315561711788
3681874944.0,-0.007026125211268663
3682812416.0,-0.0048857624642550945
3683749888.0,-0.0031284939032047987
3684687616.0,-0.001631170161999762
3685625088.0,0.0006398437544703484
3686562560.0,0.002418655203655362
3687500032.0,0.005713870748877525
3688437504.0,0.008035809732973576
3689374976.0,0.010232720524072647
3690312448.0,0.013307572342455387
3691249920.0,0.015385912731289864
3692187392.0,0.018196264281868935
3693125120.0,0.020299820229411125
3694062592.0,0.023890750482678413
3695000064.0,0.02562582865357399
3695937536.0,0.02763567492365837
3696875008.0,0.029303397983312607
3697812480.0,0.031306322664022446
3698749952.0,0.03146243467926979
3699687424.0,0.03323732316493988
3700624896.0,0.03393317759037018
3701562624.0,0.03338176757097244
3702500096.0,0.032156266272068024
3703437568.0,0.0296070147305727
3704375040.0,0.0262809656560421
3705312512.0,0.02225787192583084
3706249984.0,0.017442351207137108
3707187456.0,0.010114024393260479
3708124928.0,0.0020884189289063215
3709062400.0,-0.006036043167114258
3710000128.0,-0.016806701198220253
3710937600.0,-0.0287333931773901
3711875072.0,-0.04179492965340614
3712812544.0,-0.05761091411113739
3713750016.0,-0.07296326756477356
3714687488.0,-0.09076549112796783
3715624960.0,-0.10893171280622482
3716562432.0,-0.1290915608406067
3717499904.0,-0.15082193911075592
3718437376.0,-0.17242972552776337
3719375104.0,-0.1932183802127838
3720312576.0,-0.21498525142669678
3721250048.0,-0.2362188845872879
3722187520.0,-0.2578876316547394
3723124992.0,-0.2769840657711029
3724062464.0,-0.2963641285896301
3724999936.0,-0.3152291476726532
3725937408.0,-0.3323051333427429
3726874880.0,-0.34634536504745483
3727812608.0,-0.037000689655542374
3728750080.0,-0.03681589290499687
3729687552.0,-0.03696537762880325
3730625024.0,-0.0384666733443737
3731562496.0,-0.04087487608194351
3732499968.0,-0.04231827333569527
3733437440.0,-0.04473250359296799
3734374912.0,-0.04743177443742752
3735312384.0,-0.05030770227313042
3736250112.0,-0.05309739708900452
3737187584.0,-0.054883211851119995
3738125056.0,-0.057168737053871155
3739062528.0,-0.057006049901247025
3740000000.0,-0.05708559602499008
3740937472.0,-0.05554739013314247
3741874944.0,-0.053504638373851776
3742812416.0,-0.05131170153617859
3743749888.0,-0.04735159873962402
3744687616.0,-0.04293631762266159
3745625088.0,-0.037363868206739426
3746562560.0,-0.030786404386162758
3747500032.0,-0.02246163599193096
3748437504.0,-0.014660853892564774
3749374976.0,-0.0051309410482645035
3750312448.0,0.005293514113873243
3751249920.0,0.016182901337742805
3752187392.0,0.027500925585627556
3753125120.0,0.03804074972867966
3754062592.0,0.049711525440216064
3755000064.0,0.06003911793231964
3755937536.0,0.07157488912343979
3756875008.0,0.0812009871006012
3757812480.0,0.09026426076889038
3758749952.0,0.09979226440191269
3759687424.0,0.10802602022886276
3760624896.0,0.11535084247589111
3761562624.0,0.12085206061601639
3762500096.0,0.1258094161748886
3763437568.0,0.1294512152671814
3764375040.0,0.13150155544281006
3765312512.0,0.13123182952404022
3766249984.0,0.1307864934206009
3767187456.0,0.12755484879016876
3768124928.0,0.1233358383178711
3769062400.0,0.11908656358718872
3769999872.0,0.11222170293331146
3770937600.0,0.10488107800483704
3771875072.0,0.0955408364534378
3772812544.0,0.08584043383598328
3773750016.0,0.07511329650878906
3774687488.0,0.06318257004022598
3775624960.0,0.05081656947731972
3776562432.0,0.038434259593486786
3777499904.0,0.024784304201602936
3778437376.0,0.011257659643888474
3779375104.0,-0.002343948697671294
3780312576.0,-0.015516369603574276
3781250048.0,-0.027678119018673897
3782187520.0,-0.04049806669354439
3783124992.0,-0.05320436879992485
3784062464.0,-0.06358487904071808
3784999936.0,-0.07472038269042969
3785937408.0,-0.08412428200244904
3786874880.0,-0.07938756793737411
3787812608.0,-0.08330053091049194
3788750080.0,-0.08755581080913544
3789687552.0,-0.09115035831928253
3790625024.0,-0.09562088549137115
3791562496.0,-0.09789326041936874
3792499968.0,-0.10225225239992142
3793437440.0,-0.10548929125070572
3794374912.0,-0.10871607065200806
3795312384.0,-0.10959048569202423
3796250112.0,-0.11103459447622299
3797187584.0,-0.10994412750005722
3798125056.0,-0.10950601100921631
3799062528.0,-0.10689157247543335
3800000000.0,-0.1040811613202095
3800937472.0,-0.09983750432729721
3801874944.0,-0.09456207603216171
3802812416.0,-0.08909925073385239
3803749888.0,-0.08150958269834518
3804687616.0,-0.07400307059288025
3805625088.0,-0.06631672382354736
3806562560.0,-0.05697067081928253
3807500032.0,-0.04818214103579521
3808437504.0,-0.03769107908010483
3809374976.0,-0.029146132990717888
3810312448.0,-0.020434005185961723
3811249920.0,-0.011124009266495705
3812187392.0,-0.003147339913994074
3813125120.0,0.005122531205415726
3814062592.0,0.012359065003693104
3815000064.0,0.02071230858564377
3815937536.0,0.02688196860253811
3816875008.0,0.03294586390256882
3817812480.0,0.03840146213769913
3818749952.0,0.04262964427471161
3819687424.0,0.04611026123166084
3820624896.0,0.04902653023600578
3821562624.0,0.051529694348573685
3822500096.0,0.05190278962254524
3823437568.0,0.05183492973446846
3824375040.0,0.05070289596915245
3825312512.0,0.04954671859741211
3826249984.0,0.04673297330737114
3827187456.0,0.044675879180431366
3828124928.0,0.0403563492000103
3829062400.0,0.03565290942788124
3830000128.0,0.030927566811442375
3830937600.0,0.02582559548318386
3831875072.0,0.02043934166431427
3832812544.0,0.016610516235232353
3833750016.0,0.011217317543923855
3834687488.0,0.005970155820250511
3835624960.0,-0.0001601861440576613
3836562432.0,-0.005356769077479839
3837499904.0,-0.011254538781940937
3838437376.0,-0.01641596294939518
3839375104.0,-0.021277178078889847
3840312576.0,-0.02571924962103367
3841250048.0,-0.029423149302601814
3842187520.0,-0.03463055565953255
3843124992.0,-0.03915940970182419
3844062464.0,-0.042277347296476364
3844999936.0,-0.04648803547024727
3845937408.0,-0.050956401973962784
3846874880.0,-0.04937038570642471
3847812608.0,-0.052727002650499344
3848750080.0,-0.054604753851890564
3849687552.0,-0.0564507320523262
3850625024.0,-0.05841904506087303
3851562496.0,-0.05977105349302292
3852499968.0,-0.061855241656303406
3853437440.0,-0.06312568485736847
3854374912.0,-0.0640704333782196
3855312384.0,-0.0650905892252922
3856250112.0,-0.06639561802148819
3857187584.0,-0.0658368319272995
3858125056.0,-0.06466197967529297
3859062528.0,-0.06319057941436768
3860000000.0,-0.06200574338436127
3860937472.0,-0.05953576788306236
3861874944.0,-0.056869905441999435
3862812416.0,-0.054997172206640244
3863749888.0,-0.05318340286612511
3864687616.0,-0.052315905690193176
3865625088.0,-0.051381587982177734
3866562560.0,-0.05329776182770729
3867500032.0,-0.05730687454342842
3868437504.0,-0.06366530805826187
3869374976.0,-0.07065623253583908
3870312448.0,-0.07924962043762207
3871249920.0,-0.08882115036249161
3872187392.0,-0.09964825958013535
3873125120.0,-0.11047536134719849
3874062592.0,-0.12157415598630905
3875000064.0,-0.13319575786590576
3875937536.0,-0.14331373572349548
3876875008.0,-0.15337076783180237
3877812480.0,-0.16244055330753326
3878749952.0,-0.1707175374031067
3879687424.0,-0.17660485208034515
3880624896.0,-0.1790362447500229
3881562624.0,-0.18085016310214996
3882500096.0,-0.17984816431999207
3883437568.0,-0.1776455193758011
3884375040.0,-0.17320257425308228
3885312512.0,-0.16705334186553955
3886249984.0,-0.15823566913604736
3887187456.0,-0.1497570425271988
3888124928.0,-0.13895292580127716
3889062400.0,-0.12728933990001678
3889999872.0,-0.11624046415090561
3890937600.0,-0.10414483398199081
3891875072.0,-0.09208898991346359
3892812544.0,-0.08082851022481918
3893750016.0,-0.07001876085996628
3894687488.0,-0.059969622641801834
3895624960.0,-0.05161365121603012
3896562432.0,-0.04399888589978218
3897499904.0,-0.03728383779525757
3898437376.0,-0.0327528715133667
3899375104.0,-0.028200728818774223
3900312576.0,-0.024837171658873558
3901250048.0,-0.020977430045604706
3902187520.0,-0.01985865645110607
3903124992.0,-0.019638018682599068
3904062464.0,-0.01789167895913124
3904999936.0,-0.01704159751534462
3905937408.0,-0.015936873853206635
3906874880.0,-0.022165630012750626
3907812608.0,-0.02993188053369522
3908750080.0,-0.03640208765864372
3909687552.0,-0.04180580750107765
3910625024.0,-0.0438741073012352
3911562496.0,-0.045165181159973145
3912499968.0,-0.044027067720890045
3913437440.0,-0.042678412050008774
3914374912.0,-0.03773922473192215
3915312384.0,-0.03206442669034004
3916250112.0,-0.024080384522676468
3917187584.0,-0.015177970752120018
3918125056.0,-0.005404029507189989
3919062528.0,0.005560590885579586
3920000000.0,0.016714299097657204
3920937472.0,0.028919894248247147
3921874944.0,0.04008977860212326
3922812416.0,0.05277898907661438
3923749888.0,0.06330881267786026
3924687616.0,0.07370416820049286
3925625088.0,0.08369967341423035
3926562560.0,0.0921243280172348
3927500032.0,0.09967092424631119
3928437504.0,0.10553642362356186
3929374976.0,0.1108936071395874
3930312448.0,0.11510676145553589
3931249920.0,0.11599425971508026
3932187392.0,0.11717890948057175
3933125120.0,0.11673547327518463
3934062592.0,0.11354167759418488
3935000064.0,0.10979387909173965
3935937536.0,0.10410989820957184
3936875008.0,0.09604167938232422
3937812480.0,0.08796585351228714
3938749952.0,0.0787542462348938
3939687424.0,0.06864761561155319
3940624896.0,0.05659161135554314
3941562624.0,0.04486114904284477
3942500096.0,0.03177478909492493
3943437568.0,0.018357880413532257
3944375040.0,0.0033292872831225395
3945312512.0,-0.011135108768939972
3946249984.0,-0.02536698803305626
3947187456.0,-0.03975452110171318
3948124928.0,-0.05299569293856621
3949062400.0,-0.06703346967697144
3950000128.0,-0.08012206852436066
3950937600.0,-0.09308355301618576
3951875072.0,-0.10481493920087814
3952812544.0,-0.11588675528764725
3953750016.0,-0.12595760822296143
3954687488.0,-0.1358385533094406
3955624960.0,-0.1442204713821411
3956562432.0,-0.15234579145908356
3957499904.0,-0.16156291961669922
3958437376.0,-0.16848799586296082
3959375104.0,-0.17534436285495758
3960312576.0,-0.18133002519607544
3961250048.0,-0.1877286583185196
3962187520.0,-0.19283287227153778
3963124992.0,-0.1977176070213318
3964062464.0,-0.20310671627521515
3964999936.0,-0.2065264731645584
3965937408.0,-0.21120025217533112
3966874880.0,-0.10215920209884644
3967812608.0,-0.10846015810966492
3968750080.0,-0.11479469388723373
3969687552.0,-0.11814848333597183
3970625024.0,-0.12136410921812057
3971562496.0,-0.12374240159988403
3972499968.0,-0.12538698315620422
3973437440.0,-0.1264929473400116
3974374912.0,-0.1270526498556137
3975312384.0,-0.12538820505142212
3976250112.0,-0.12512187659740448
3977187584.0,-0.12357494235038757
3978125056.0,-0.12067324668169022
3979062528.0,-0.11657383292913437
3980000000.0,-0.11086444556713104
3980937472.0,-0.10565506666898727
3981874944.0,-0.09996950626373291
3982812416.0,-0.09326951205730438
3983749888.0,-0.08620874583721161
3984687616.0,-0.07868754863739014
3985625088.0,-0.07296913117170334
3986562560.0,-0.06649990379810333
3987500032.0,-0.05961036682128906
3988437504.0,-0.05302510783076286
3989374976.0,-0.04692229628562927
3990312448.0,-0.04033270478248596
3991249920.0,-0.03379341959953308
3992187392.0,-0.028216462582349777
3993125120.0,-0.02267739176750183
3994062592.0,-0.018415765836834908
3995000064.0,-0.015316552482545376
3995937536.0,-0.012515122070908546
3996875008.0,-0.011144551448523998
3997812480.0,-0.010918903164565563
3998749952.0,-0.011029701679944992
3999687424.0,-0.011027143336832523
4000624896.0,-0.0035812093410640955
4001562624.0,-0.00802157074213028
4002500096.0,-0.013637594878673553
4003437568.0,-0.019019536674022675
4004375040.0,-0.026472123339772224
4005312512.0,-0.033600810915231705
4006249984.0,-0.04305484890937805
4007187456.0,-0.05122040584683418
4008124928.0,-0.059416212141513824
4009062400.0,-0.06798429787158966
4009999872.0,-0.07746731489896774
4010937600.0,-0.08733512461185455
4011875072.0,-0.09575128555297852
4012812544.0,-0.10499675571918488
4013750016.0,-0.11391497403383255
4014687488.0,-0.12235842645168304
4015624960.0,-0.13048526644706726
4016562432.0,-0.1399330049753189
4017499904.0,-0.14750589430332184
4018437376.0,-0.15601597726345062
4019375104.0,-0.1634615659713745
4020312576.0,-0.17039045691490173
4021250048.0,-0.1763949692249298
4022187520.0,-0.18334336578845978
4023124992.0,-0.18889278173446655
4024062464.0,-0.19400887191295624
4024999936.0,-0.1998075544834137
4025937408.0,-0.20415005087852478
4026874880.0,-0.1976090371608734
4027812608.0,-0.20045603811740875
4028750080.0,-0.20273540914058685
4029687552.0,-0.2052549123764038
4030625024.0,-0.20784860849380493
4031562496.0,-0.20994772017002106
4032499968.0,-0.21140418946743011
4033437440.0,-0.21256491541862488
4034374912.0,-0.2140994668006897
4035312384.0,-0.2148708552122116
4036250112.0,-0.21582026779651642
4037187584.0,-0.21563474833965302
4038125056.0,-0.2153983861207962
4039062528.0,-0.2150713950395584
4040000000.0,-0.2130875289440155
4040937472.0,-0.21210040152072906
4041874944.0,-0.2098677009344101
4042812416.0,-0.20790177583694458
4043749888.0,-0.20587708055973053
4044687616.0,-0.20265792310237885
4045625088.0,-0.1967296302318573
4046562560.0,-0.19103193283081055
4047500032.0,-0.18405631184577942
4048437504.0,-0.17665022611618042
4049374976.0,-0.16763101518154144
4050312448.0,-0.1576070785522461
4051249920.0,-0.14702042937278748
4052187392.0,-0.13585472106933594
4053125120.0,-0.12469077110290527
4054062592.0,-0.11300078779459
4055000064.0,-0.10050005465745926
4055937536.0,-0.08803913742303848
4056875008.0,-0.07446147501468658
4057812480.0,-0.06206830218434334
4058749952.0,-0.04940911754965782
4059687424.0,-0.03786130249500275
4060624896.0,-0.02544485218822956
4061562624.0,-0.014200774021446705
4062500096.0,-0.0033459446858614683
4063437568.0,0.006346000824123621
4064375040.0,0.015221786685287952
4065312512.0,0.021728871390223503
4066249984.0,0.0294862762093544
4067187456.0,0.03426597639918327
4068124928.0,0.03813041001558304
4069062400.0,0.04126059263944626
4070000128.0,0.043984804302453995
4070937600.0,0.04493338242173195
4071875072.0,0.04443778842687607
4072812544.0,0.04381528124213219
4073750016.0,0.04071180149912834
4074687488.0,0.03689398989081383
4075624960.0,0.032598827034235
4076562432.0,0.026380911469459534
4077499904.0,0.021019838750362396
4078437376.0,0.013801832683384418
4079375104.0,0.0064713964238762856
4080312576.0,-0.001759887207299471
4081250048.0,-0.01128928642719984
4082187520.0,-0.020921340212225914
4083124992.0,-0.030734073370695114
4084062464.0,-0.04156951606273651
4084999936.0,-0.05055903270840645
4085937408.0,-0.05992172658443451
4086874880.0,-0.0849456861615181
4087812608.0,-0.09208168089389801
4088750080.0,-0.09718584269285202
4089687552.0,-0.10193037986755371
4090625024.0,-0.10611364245414734
4091562496.0,-0.1097874864935875
4092499968.0,-0.11207465082406998
4093437440.0,-0.1140294149518013
4094374912.0,-0.11551766097545624
4095312384.0,-0.11730236560106277
4096250112.0,-0.11922115087509155
4097187584.0,-0.12103912979364395
4098125056.0,-0.12294986844062805
4099062528.0,-0.12495924532413483
4100000000.0,-0.1269017457962036
4100937472.0,-0.1296156942844391
4101874944.0,-0.13164378702640533
4102812416.0,-0.13394401967525482
4103749888.0,-0.13554821908473969
4104687616.0,-0.1380293071269989
4105625088.0,-0.13954727351665497
4106562560.0,-0.14153556525707245
4107500032.0,-0.14306017756462097
4108437504.0,-0.14533735811710358
4109374976.0,-0.1468111276626587
4110312448.0,-0.1486615389585495
4111249920.0,-0.1505686193704605
4112187392.0,-0.15097399055957794
4113125120.0,-0.15117643773555756
4114062592.0,-0.1528044193983078
4115000064.0,-0.15299199521541595
4115937536.0,-0.15213240683078766
4116875008.0,-0.15145371854305267
4117812480.0,-0.15062205493450165
4118749952.0,-0.14840586483478546
4119687424.0,-0.14664897322654724
4120624896.0,-0.14210245013237
4121562624.0,-0.13840407133102417
4122500096.0,-0.13463382422924042
4123437568.0,-0.13136792182922363
4124375040.0,-0.1269257813692093
4125312512.0,-0.122749924659729
4126249984.0,-0.11861471086740494
4127187456.0,-0.11427133530378342
4128124928.0,-0.11089139431715012
4129062400.0,-0.106788769364357
4129999872.0,-0.10357367992401123
4130937600.0,-0.10011840611696243
4131875072.0,-0.09563615173101425
4132812544.0,-0.09150172770023346
4133750016.0,-0.08757203817367554
4134687488.0,-0.08435076475143433
4135624960.0,-0.08094047755002975
4136562432.0,-0.0774611085653305
4137499904.0,-0.07505320012569427
4138437376.0,-0.07190191745758057
4139375104.0,-0.06887711584568024
4140312576.0,-0.06718428432941437
4141250048.0,-0.06446272134780884
4142187520.0,-0.063033826649189
4143124992.0,-0.060229476541280746
4144062464.0,-0.05822434648871422
4144999936.0,-0.05654680356383324
4145937408.0,-0.055031608790159225
4146874880.0,-0.09064634889364243
4147812608.0,-0.09278231114149094
4148750080.0,-0.09392046928405762
4149687552.0,-0.09547233581542969
4150625024.0,-0.09473781287670135
4151562496.0,-0.09480593353509903
4152499968.0,-0.093474842607975
4153437440.0,-0.09224659204483032
4154374912.0,-0.0897623673081398
4155312384.0,-0.08637133240699768
4156250112.0,-0.08277374505996704
4157187584.0,-0.07844065129756927
4158125056.0,-0.07444462925195694
4159062528.0,-0.0697292909026146
4160000000.0,-0.06406520307064056
4160937472.0,-0.059546347707509995
4161874944.0,-0.05340069904923439
4162812416.0,-0.04794916883111
4163749888.0,-0.04268088936805725
4164687616.0,-0.03828514739871025
4165625088.0,-0.035553883761167526
4166562560.0,-0.032947953790426254
4167500032.0,-0.0328674353659153
4168437504.0,-0.03145400434732437
4169374976.0,-0.03146512433886528
4170312448.0,-0.031680960208177567
4171249920.0,-0.032797254621982574
4172187392.0,-0.03514959290623665
4173125120.0,-0.037876591086387634
4174062592.0,-0.04086120426654816
4175000064.0,-0.04472573846578598
4175937536.0,-0.048109233379364014
4176875008.0,-0.05384054780006409
4177812480.0,-0.0585581436753273
4178749952.0,-0.06476952880620956
4179687424.0,-0.07070641219615936
4180624896.0,-0.07599668949842453
4181562624.0,-0.081959068775177
4182500096.0,-0.0868268758058548
4183437568.0,-0.09157480299472809
4184375040.0,-0.09619667381048203
4185312512.0,-0.10044439136981964
4186249984.0,-0.10530396550893784
4187187456.0,-0.1096893921494484
4188124928.0,-0.11300844699144363
4189062400.0,-0.11711166054010391
4190000128.0,-0.12131023406982422
4190937600.0,-0.12465976923704147
4191875072.0,-0.1286274492740631
4192812544.0,-0.13120046257972717
4193750016.0,-0.13527046144008636
4194687488.0,-0.14068064093589783
4195624960.0,-0.14371676743030548
4196562432.0,-0.14831478893756866
4197499904.0,-0.1518976092338562
4198437376.0,-0.15732872486114502
4199375104.0,-0.16217350959777832
4200312576.0,-0.16702227294445038
4201250048.0,-0.17213958501815796
4202187520.0,-0.1774207055568695
4203124992.0,-0.18210241198539734
4204062464.0,-0.18696235120296478
4204999936.0,-0.19090652465820312
4205937408.0,-0.1959017813205719
4206874880.0,-0.18661272525787354
4207812608.0,-0.1927734613418579
4208750080.0,-0.19755896925926208
4209687552.0,-0.2024596929550171
4210625024.0,-0.2063964605331421
4211562496.0,-0.21002215147018433
4212499968.0,-0.2134236991405487
4213437440.0,-0.21475563943386078
4214374912.0,-0.21571238338947296
4215312384.0,-0.21405711770057678
4216250112.0,-0.21212847530841827
4217187584.0,-0.21014422178268433
4218125056.0,-0.20483249425888062
4219062528.0,-0.19920025765895844
4220000000.0,-0.1930631846189499
4220937472.0,-0.18380635976791382
4221874944.0,-0.17413261532783508
4222812416.0,-0.1627931445837021
4223749888.0,-0.1503739058971405
4224687616.0,-0.1354757398366928
4225625088.0,-0.1213110089302063
4226562560.0,-0.10430385172367096
4227500032.0,-0.08733589202165604
4228437504.0,-0.070599764585495
4229374976.0,-0.053405728191137314
4230312448.0,-0.03581562265753746
4231249920.0,-0.018424706533551216
4232187392.0,-0.0002508224279154092
4233125120.0,0.0169850941747427
4234062592.0,0.03412451967597008
4235000064.0,0.05037165433168411
4235937536.0,0.06585164368152618
4236875008.0,0.08006308972835541
4237812480.0,0.09339123219251633
4238749952.0,0.10581624507904053
4239687424.0,0.11706973612308502
4240624896.0,0.12658561766147614
4241562624.0,0.1344447284936905
4242500096.0,0.1408337652683258
4243437568.0,0.14565296471118927
4244375040.0,0.14878173172473907
4245312512.0,0.14930838346481323
4246249984.0,0.14990191161632538
4247187456.0,0.1475416123867035
4248124928.0,0.14398132264614105
4249062400.0,0.13814613223075867
4249999872.0,0.13033515214920044
4250937600.0,0.12158820033073425
4251875072.0,0.1096690371632576
4252812544.0,0.09755191951990128
4253750016.0,0.0834360122680664
4254687488.0,0.06655135005712509
4255624960.0,0.04967764765024185
4256562432.0,0.031000709161162376
4257499904.0,0.010452041402459145
4258437376.0,-0.010130475275218487
4259375104.0,-0.030811142176389694
4260312576.0,-0.05348455160856247
4261250048.0,-0.07609406858682632
4262187520.0,-0.09855762869119644
4263124992.0,-0.12213344871997833
4264062464.0,-0.14477360248565674
4264999936.0,-0.16863059997558594
4265937408.0,-0.19113872945308685
4266874880.0,-0.2079724818468094
4267812608.0,-0.2191794514656067
4268750080.0,-0.2291329801082611
4269687552.0,-0.2378343790769577
4270625024.0,-0.2459706813097
4271562496.0,-0.25423988699913025
4272499968.0,-0.2609330117702484
4273437440.0,-0.265907883644104
4274374912.0,-0.2700280547142029
4275312384.0,-0.27279114723205566
4276250112.0,-0.2733149826526642
4277187584.0,-0.27220970392227173
4278125056.0,-0.26824435591697693
4279062528.0,-0.26288115978240967
4280000000.0,-0.2533959746360779
4280937472.0,-0.24307957291603088
4281874944.0,-0.2301904559135437
4282812416.0,-0.21424970030784607
4283749888.0,-0.19746144115924835
4284687616.0,-0.17876319587230682
4285625088.0,-0.15865276753902435
4286562560.0,-0.13729463517665863
4287500032.0,-0.11481903493404388
4288437504.0,-0.09087755531072617
4289374976.0,-0.0674777552485466
4290312448.0,-0.04178711399435997
4291249920.0,-0.016545044258236885
4292187392.0,0.009737237356603146
4293125120.0,0.03398372232913971
4294062592.0,0.05743588134646416
4295000064.0,0.07971940189599991
4295937536.0,0.10087532550096512
4296875008.0,0.12036272138357162
4297812480.0,0.13703955709934235
4298749952.0,0.1523987203836441
4299687424.0,0.16456423699855804
4300624896.0,0.1755773276090622
4301562368.0,0.18355397880077362
4302499840.0,0.19045664370059967
4303437312.0,0.19317632913589478
4304374784.0,0.19464686512947083
4305312256.0,0.19259463250637054
4306250240.0,0.18908528983592987
4307187712.0,0.1818789839744568
4308125184.0,0.17293372750282288
4309062656.0,0.16139736771583557
4310000128.0,0.14907079935073853
4310937600.0,0.13362979888916016
4311875072.0,0.1167631670832634
4312812544.0,0.09852438420057297
4313750016.0,0.08067505806684494
4314687488.0,0.062070250511169434
4315624960.0,0.04231656715273857
4316562432.0,0.021816283464431763
4317499904.0,0.001570682623423636
4318437376.0,-0.018474701792001724
4319374848.0,-0.03784116730093956
4320312320.0,-0.05690054967999458
4321249792.0,-0.07462579011917114
4322187264.0,-0.09165927767753601
4323125248.0,-0.10763280093669891
4324062720.0,-0.12302468717098236
4325000192.0,-0.13603930175304413
4325937664.0,-0.1495264768600464
4326875136.0,-0.21534912288188934
4327812608.0,-0.21681496500968933
4328750080.0,-0.21581438183784485
4329687552.0,-0.2127332240343094
4330625024.0,-0.21011410653591156
4331562496.0,-0.20491352677345276
4332499968.0,-0.19854509830474854
4333437440.0,-0.19209332764148712
4334374912.0,-0.18458421528339386
4335312384.0,-0.17585192620754242
4336249856.0,-0.16586285829544067
4337187328.0,-0.1575140655040741
4338124800.0,-0.14854823052883148
4339062272.0,-0.13957154750823975
4339999744.0,-0.1327192634344101
4340937728.0,-0.12665928900241852
4341875200.0,-0.11918424069881439
4342812672.0,-0.11393359303474426
4343750144.0,-0.10838820785284042
4344687616.0,-0.10378531366586685
4345625088.0,-0.100130096077919
4346562560.0,-0.09571633487939835
4347500032.0,-0.093113474547863
4348437504.0,-0.08953125029802322
4349374976.0,-0.08852319419384003
4350312448.0,-0.087508924305439
4351249920.0,-0.0874093547463417
4352187392.0,-0.08712270110845566
4353124864.0,-0.08707772195339203
4354062336.0,-0.08717337995767593
4354999808.0,-0.08762750774621964
4355937280.0,-0.08886457234621048
4356874752.0,-0.08968649059534073
4357812736.0,-0.09103959053754807
4358750208.0,-0.09172720462083817
4359687680.0,-0.09327220916748047
4360625152.0,-0.09510352462530136
4361562624.0,-0.09764541685581207
4362500096.0,-0.0998624786734581
4363437568.0,-0.10284821689128876
4364375040.0,-0.10541876405477524
4365312512.0,-0.10839324444532394
4366249984.0,-0.11068117618560791
4367187456.0,-0.11330509185791016
4368124928.0,-0.11821973323822021
4369062400.0,-0.12115343660116196
4369999872.0,-0.12551972270011902
4370937344.0,-0.12975309789180756
4371874816.0,-0.13437017798423767
4372812288.0,-0.13806410133838654
4373749760.0,-0.14140938222408295
4374687744.0,-0.14643816649913788
4375625216.0,-0.15018528699874878
4376562688.0,-0.15453940629959106
4377500160.0,-0.16114698350429535
4378437632.0,-0.16712512075901031
4379375104.0,-0.17513568699359894
4380312576.0,-0.18133629858493805
4381250048.0,-0.18983982503414154
4382187520.0,-0.19872057437896729
4383124992.0,-0.2074117362499237
4384062464.0,-0.21699950098991394
4384999936.0,-0.22772051393985748
4385937408.0,-0.23838552832603455
4386874880.0,-0.3139919340610504
4387812352.0,-0.3218085765838623
4388749824.0,-0.3293277621269226
4389687296.0,-0.33512797951698303
4390624768.0,-0.33951666951179504
4391562752.0,-0.3404565751552582
4392500224.0,-0.34151190519332886
4393437696.0,-0.3401045501232147
4394375168.0,-0.33872509002685547
4395312640.0,-0.33406925201416016
4396250112.0,-0.3276083469390869
4397187584.0,-0.3206583261489868
4398125056.0,-0.3091544210910797
4399062528.0,-0.2980424165725708
4400000000.0,-0.2836114168167114
4400937472.0,-0.26906895637512207
4401874944.0,-0.2532173693180084
4402812416.0,-0.2371409833431244
4403749888.0,-0.2203499674797058
4404687360.0,-0.2015504091978073
4405624832.0,-0.1831280142068863
4406562304.0,-0.16465182602405548
4407499776.0,-0.14700652658939362
4408437248.0,-0.12920868396759033
4409375232.0,-0.1124606505036354
4410312704.0,-0.09594294428825378
4411250176.0,-0.08126270025968552
4412187648.0,-0.067302405834198
4413125120.0,-0.054770372807979584
4414062592.0,-0.045103151351213455
4415000064.0,-0.036266688257455826
4415937536.0,-0.029805997386574745
4416875008.0,-0.026577306911349297
4417812480.0,-0.024371515959501266
4418749952.0,-0.02550099976360798
4419687424.0,-0.029569612815976143
4420624896.0,-0.034724507480859756
4421562368.0,-0.042248405516147614
4422499840.0,-0.052401889115571976
4423437312.0,-0.064742311835289
4424374784.0,-0.07744214683771133
4425312256.0,-0.09329304844141006
4426250240.0,-0.11068156361579895
4427187712.0,-0.1287389099597931
4428125184.0,-0.14915308356285095
4429062656.0,-0.1690736562013626
4430000128.0,-0.1921073943376541
4430937600.0,-0.21524326503276825
4431875072.0,-0.23917466402053833
4432812544.0,-0.2645491063594818
4433750016.0,-0.2894146740436554
4434687488.0,-0.3143572509288788
4435624960.0,-0.33914652466773987
4436562432.0,-0.3639247417449951
4437499904.0,-0.3878166973590851
4438437376.0,-0.4112459421157837
4439374848.0,-0.4318816065788269
4440312320.0,-0.45177149772644043
4441249792.0,-0.47005000710487366
4442187264.0,-0.48586326837539673
4443125248.0,-0.5013688206672668
4444062720.0,-0.5145909786224365
4445000192.0,-0.5252123475074768
4445937664.0,-0.5337559580802917
4446875136.0,-0.5452308058738708
4447812608.0,-0.552372395992279
4448750080.0,-0.5581129789352417
4449687552.0,-0.5634516477584839
4450625024.0,-0.5650693774223328
4451562496.0,-0.5667677521705627
4452499968.0,-0.5650961399078369
4453437440.0,-0.5611920952796936
4454374912.0,-0.5557979941368103
4455312384.0,-0.5479303598403931
4456249856.0,-0.5377159118652344
4457187328.0,-0.5260248184204102
4458124800.0,-0.5111891627311707
4459062272.0,-0.49573931097984314
4460000256.0,-0.4778275787830353
4460937728.0,-0.4596325159072876
4461875200.0,-0.4404039978981018
4462812672.0,-0.4210624098777771
4463750144.0,-0.40161338448524475
4464687616.0,-0.38230398297309875
4465625088.0,-0.3632538318634033
4466562560.0,-0.34480929374694824
4467500032.0,-0.3285401165485382
4468437504.0,-0.31401100754737854
4469374976.0,-0.30004411935806274
4470312448.0,-0.2878293991088867
4471249920.0,-0.27791160345077515
4472187392.0,-0.26873621344566345
4473124864.0,-0.261861652135849
4474062336.0,-0.2567291259765625
4474999808.0,-0.25367823243141174
4475937280.0,-0.25150761008262634
4476874752.0,-0.2505021393299103
4477812736.0,-0.2514352798461914
4478750208.0,-0.2546921968460083
4479687680.0,-0.26003846526145935
4480625152.0,-0.2671726942062378
4481562624.0,-0.2767769992351532
4482500096.0,-0.2897692620754242
4483437568.0,-0.30559349060058594
4484375040.0,-0.3241446912288666
4485312512.0,-0.3466145992279053
4486249984.0,-0.36955171823501587
4487187456.0,-0.3965303897857666
4488124928.0,-0.42378655076026917
4489062400.0,-0.45281800627708435
4489999872.0,-0.483076274394989
4490937344.0,-0.5139756202697754
4491874816.0,-0.546501636505127
4492812288.0,-0.5791418552398682
4493749760.0,-0.6118448376655579
4494687744.0,-0.6459026336669922
4495625216.0,-0.6793686151504517
4496562688.0,-0.7124248147010803
4497500160.0,-0.7470329999923706
4498437632.0,-0.7812453508377075
4499375104.0,-0.8139321804046631
4500312576.0,-0.8443824052810669
4501250048.0,-0.8721756339073181
4502187520.0,-0.8996555209159851
4503124992.0,-0.9232230186462402
4504062464.0,-0.9457672834396362
4504999936.0,-0.9666832685470581
4505937408.0,-0.9846887588500977
4506874880.0,-0.9511364698410034
4507812352.0,-0.9661794304847717
4508749824.0,-0.9804495573043823
4509687296.0,-0.9914272427558899
4510624768.0,-1.0002682209014893
4511562752.0,-1.0046931505203247
4512500224.0,-1.0064445734024048
4513437696.0,-1.0061994791030884
4514375168.0,-1.00333571434021
4515312640.0,-0.999991238117218
4516250112.0,-0.992142379283905
4517187584.0,-0.982979953289032
4518125056.0,-0.9704411625862122
4519062528.0,-0.9580576419830322
4520000000.0,-0.943462073802948
4520937472.0,-0.926497757434845
4521874944.0,-0.910841166973114
4522812416.0,-0.8939300179481506
4523749888.0,-0.8750971555709839
4524687360.0,-0.8578365445137024
4525624832.0,-0.8423389196395874
4526562304.0,-0.828356146812439
4527499776.0,-0.8156424760818481
4528437248.0,-0.8054844737052917
4529375232.0,-0.7957428097724915
4530312704.0,-0.7896157503128052
4531250176.0,-0.7859753370285034
4532187648.0,-0.7849197387695312
4533125120.0,-0.7878057956695557
4534062592.0,-0.7939451932907104
4535000064.0,-0.8017650842666626
4535937536.0,-0.8132033348083496
4536875008.0,-0.8270835280418396
4537812480.0,-0.8442360162734985
4538749952.0,-0.8667279481887817
4539687424.0,-0.8933140635490417
4540624896.0,-0.9224246144294739
4541562368.0,-0.9564171433448792
4542499840.0,-0.993796169757843
4543437312.0,-1.0345276594161987
4544374784.0,-1.0787708759307861
4545312256.0,-1.1258467435836792
4546250240.0,-1.173830509185791
4547187712.0,-1.226332664489746
4548125184.0,-1.2813969850540161
4549062656.0,-1.3390038013458252
4550000128.0,-1.4001997709274292
4550937600.0,-1.464964747428894
4551875072.0,-1.5314289331436157
4552812544.0,-1.6031805276870728
4553750016.0,-1.6769919395446777
4554687488.0,-1.749507188796997
4555624960.0,-1.8251935243606567
4556562432.0,-1.898855209350586
4557499904.0,-1.9704360961914062
4558437376.0,-2.0424556732177734
4559374848.0,-2.112229585647583
4560312320.0,-2.180424451828003
4561249792.0,-2.248988389968872
4562187264.0,-2.3145318031311035
4563125248.0,-2.3800015449523926
4564062720.0,-2.4438843727111816
4565000192.0,-2.5087149143218994
4565937664.0,-2.573066234588623
4566875136.0,-2.465543508529663
4567812608.0,-2.503394842147827
4568750080.0,-2.541308641433716
4569687552.0,-2.575209856033325
4570625024.0,-2.6093287467956543
4571562496.0,-2.641543388366699
4572499968.0,-2.67358660697937
4573437440.0,-2.7030961513519287
4574374912.0,-2.7292661666870117
4575312384.0,-2.7565486431121826
4576249856.0,-2.784407138824463
4577187328.0,-2.8134195804595947
4578124800.0,-2.8470065593719482
4579062272.0,-2.881401538848877
4579999744.0,-2.9191548824310303
4580937728.0,-2.9564931392669678
4581875200.0,-2.9955530166625977
4582812672.0,-3.0306663513183594
4583750144.0,-3.0648438930511475
4584687616.0,-3.0999836921691895
4585625088.0,-3.1336634159088135
4586562560.0,-3.1682217121124268
4587500032.0,-3.20146107673645
4588437504.0,-3.236090898513794
4589374976.0,-3.268291473388672
4590312448.0,-3.301830530166626
4591249920.0,-3.3365492820739746
4592187392.0,-3.373549461364746
4593124864.0,-3.411489486694336
4594062336.0,-3.4540646076202393
4594999808.0,-3.4940171241760254
4595937280.0,-3.5325305461883545
4596874752.0,-3.574263334274292
4597812736.0,-3.616248846054077
4598750208.0,-3.662689685821533
4599687680.0,-3.7118330001831055
4600625152.0,-3.7669057846069336
4601562624.0,-3.8234808444976807
4602500096.0,-3.8789849281311035
4603437568.0,-3.933411121368408
4604375040.0,-3.9832425117492676
4605312512.0,-4.029359340667725
4606249984.0,-4.072274684906006
4607187456.0,-4.11251974105835
4608124928.0,-4.150236129760742
4609062400.0,-4.187911510467529
4609999872.0,-4.221401214599609
4610937344.0,-4.255317687988281
4611874816.0,-4.2890753746032715
4612812288.0,-4.324291706085205
4613749760.0,-4.360150337219238
4614687744.0,-4.397273540496826
4615625216.0,-4.429533004760742
4616562688.0,-4.457650661468506
4617500160.0,-4.477399826049805
4618437632.0,-4.492400169372559
4619375104.0,-4.499795436859131
4620312576.0,-4.505125045776367
4621250048.0,-4.504876136779785
4622187520.0,-4.501863956451416
4623124992.0,-4.494679927825928
4624062464.0,-4.485633373260498
4624999936.0,-4.471058368682861
4625937408.0,-4.453657627105713
4626874880.0,-4.626789093017578
4627812352.0,-4.581409931182861
4628749824.0,-4.527342319488525
4629687296.0,-4.467586517333984
4630624768.0,-4.39953088760376
4631562752.0,-4.323200225830078
4632500224.0,-4.2383575439453125
4633437696.0,-4.146763324737549
4634375168.0,-4.048524856567383
4635312640.0,-3.9459891319274902
4636250112.0,-3.842642068862915
4637187584.0,-3.736936092376709
4638125056.0,-3.6325063705444336
4639062528.0,-3.526545524597168
4640000000.0,-3.4182534217834473
4640937472.0,-3.3101699352264404
4641874944.0,-3.2002131938934326
4642812416.0,-3.0903379917144775
4643749888.0,-2.9812426567077637
4644687360.0,-2.8714754581451416
4645624832.0,-2.7655787467956543
4646562304.0,-2.662705898284912
4647499776.0,-2.560575008392334
4648437248.0,-2.462193727493286
4649375232.0,-2.366696357727051
4650312704.0,-2.2759976387023926
4651250176.0,-2.1866331100463867
4652187648.0,-2.1028635501861572
4653125120.0,-2.022160768508911
4654062592.0,-1.945153832435608
4655000064.0,-1.8722493648529053
4655937536.0,-1.8038733005523682
4656875008.0,-1.7413259744644165
4657812480.0,-1.6814982891082764
4658749952.0,-1.6261111497879028
4659687424.0,-1.5764225721359253
4660624896.0,-1.529902696609497
4661562368.0,-1.4901649951934814
4662499840.0,-1.4550344944000244
4663437312.0,-1.42525315284729
4664374784.0,-1.3996275663375854
4665312256.0,-1.3757201433181763
4666250240.0,-1.3546783924102783
4667187712.0,-1.336783528327942
4668125184.0,-1.3210612535476685
4669062656.0,-1.3088685274124146
4670000128.0,-1.2983325719833374
4670937600.0,-1.290744662284851
4671875072.0,-1.2833298444747925
4672812544.0,-1.27854323387146
4673750016.0,-1.2725251913070679
4674687488.0,-1.2661242485046387
4675624960.0,-1.2596019506454468
4676562432.0,-1.2501825094223022
4677499904.0,-1.2406864166259766
4678437376.0,-1.2295478582382202
4679374848.0,-1.2156485319137573
4680312320.0,-1.2019506692886353
4681249792.0,-1.1853727102279663
4682187264.0,-1.1674864292144775
4683125248.0,-1.1490757465362549
4684062720.0,-1.1284985542297363
4685000192.0,-1.1068668365478516
4685937664.0,-1.0848078727722168
4686875136.0,-1.0882301330566406
4687812608.0,-1.065354347229004
4688750080.0,-1.0415496826171875
4689687552.0,-1.0149036645889282
4690625024.0,-0.9875181913375854
4691562496.0,-0.9594482183456421
4692499968.0,-0.9282252788543701
4693437440.0,-0.8983163833618164
4694374912.0,-0.8680714964866638
4695312384.0,-0.8360185623168945
4696249856.0,-0.8044242262840271
4697187328.0,-0.7723135948181152
4698124800.0,-0.739420473575592
4699062272.0,-0.7059340476989746
4700000256.0,-0.6732763051986694
4700937728.0,-0.6390507221221924
4701875200.0,-0.6059061884880066
4702812672.0,-0.5737134218215942
4703750144.0,-0.541774332523346
4704687616.0,-0.5105327367782593
4705625088.0,-0.48148220777511597
4706562560.0,-0.45368990302085876
4707500032.0,-0.427551805973053
4708437504.0,-0.4014129936695099
4709374976.0,-0.37818196415901184
4710312448.0,-0.3559741675853729
4711249920.0,-0.3362884819507599
4712187392.0,-0.31666508316993713
4713124864.0,-0.3004230260848999
4714062336.0,-0.2847490608692169
4714999808.0,-0.273084819316864
4715937280.0,-0.26151418685913086
4716874752.0,-0.25277745723724365
4717812736.0,-0.24545450508594513
4718750208.0,-0.24071185290813446
4719687680.0,-0.23828229308128357
4720625152.0,-0.23642267286777496
4721562624.0,-0.23783744871616364
4722500096.0,-0.24064938724040985
4723437568.0,-0.24583786725997925
4724375040.0,-0.2528751492500305
4725312512.0,-0.2625354826450348
4726249984.0,-0.2727705240249634
4727187456.0,-0.2865949273109436
4728124928.0,-0.30218663811683655
4729062400.0,-0.3176402449607849
4729999872.0,-0.33288878202438354
4730937344.0,-0.35075730085372925
4731874816.0,-0.36938148736953735
4732812288.0,-0.3864406645298004
4733749760.0,-0.4060702919960022
4734687744.0,-0.4253452718257904
4735625216.0,-0.44421881437301636
4736562688.0,-0.46263861656188965
4737500160.0,-0.4803824722766876
4738437632.0,-0.49955564737319946
4739375104.0,-0.5164793133735657
4740312576.0,-0.5327591896057129
4741250048.0,-0.5483194589614868
4742187520.0,-0.5621978640556335
4743124992.0,-0.5775669813156128
4744062464.0,-0.5892509818077087
4744999936.0,-0.6005330681800842
4745937408.0,-0.6106867790222168
4746874880.0,-0.43064194917678833
4747812352.0,-0.43193989992141724
4748749824.0,-0.4314110577106476
4749687296.0,-0.4320789873600006
4750624768.0,-0.4305374324321747
4751562752.0,-0.4292586147785187
4752500224.0,-0.4269998073577881
4753437696.0,-0.4239181578159332
4754375168.0,-0.42133745551109314
4755312640.0,-0.4184848368167877
4756250112.0,-0.4154095947742462
4757187584.0,-0.4120938181877136
4758125056.0,-0.40674492716789246
4759062528.0,-0.4019625782966614
4760000000.0,-0.39657917618751526
4760937472.0,-0.3898312449455261
4761874944.0,-0.38331174850463867
4762812416.0,-0.374632328748703
4763749888.0,-0.36538955569267273
4764687360.0,-0.35562393069267273
4765624832.0,-0.34492772817611694
4766562304.0,-0.3329852223396301
4767499776.0,-0.3226049244403839
4768437248.0,-0.30998802185058594
4769375232.0,-0.29747316241264343
4770312704.0,-0.28349798917770386
4771250176.0,-0.26957622170448303
4772187648.0,-0.2534480094909668
4773125120.0,-0.23765060305595398
4774062592.0,-0.22032864391803741
4775000064.0,-0.20226050913333893
4775937536.0,-0.18355606496334076
4776875008.0,-0.16402745246887207
4777812480.0,-0.14420652389526367
4778749952.0,-0.12390094250440598
4779687424.0,-0.10265609622001648
4780624896.0,-0.08172693103551865
4781562368.0,-0.060303397476673126
4782499840.0,-0.0368867889046669
4783437312.0,-0.015116406604647636
4784374784.0,0.00684844795614481
4785312256.0,0.02975652553141117
4786250240.0,0.05020507425069809
4787187712.0,0.07056424021720886
4788125184.0,0.09087461978197098
4789062656.0,0.10962359607219696
4790000128.0,0.12639223039150238
4790937600.0,0.14221753180027008
4791875072.0,0.15647155046463013
4792812544.0,0.1686176359653473
4793750016.0,0.17902636528015137
4794687488.0,0.18611451983451843
4795624960.0,0.19153690338134766
4796562432.0,0.1946587860584259
4797499904.0,0.1944650262594223
4798437376.0,0.19248352944850922
4799374848.0,0.18785341084003448
4800312320.0,0.17939960956573486
4801249792.0,0.16933174431324005
4802187264.0,0.1554524302482605
4803125248.0,0.13881705701351166
4804062720.0,0.12092817574739456
4805000192.0,0.10004519671201706
4805937664.0,0.07629315555095673
4806875136.0,-0.21130049228668213
4807812608.0,-0.21918940544128418
4808750080.0,-0.22780105471611023
4809687552.0,-0.23466108739376068
4810625024.0,-0.24228355288505554
4811562496.0,-0.24938556551933289
4812499968.0,-0.25577422976493835
4813437440.0,-0.2623439431190491
4814374912.0,-0.26855194568634033
4815312384.0,-0.2728295922279358
4816249856.0,-0.2770698666572571
4817187328.0,-0.2801249921321869
4818124800.0,-0.2827698290348053
4819062272.0,-0.28349384665489197
4819999744.0,-0.2837744355201721
4820937728.0,-0.28391459584236145
4821875200.0,-0.2822580933570862
4822812672.0,-0.2799599766731262
4823750144.0,-0.27632462978363037
4824687616.0,-0.2714117169380188
4825625088.0,-0.2651689350605011
4826562560.0,-0.2582535147666931
4827500032.0,-0.2502812147140503
4828437504.0,-0.24214115738868713
4829374976.0,-0.2321641445159912
4830312448.0,-0.2218308299779892
4831249920.0,-0.21285630762577057
4832187392.0,-0.20130158960819244
4833124864.0,-0.19112437963485718
4834062336.0,-0.17897066473960876
4834999808.0,-0.1680769920349121
4835937280.0,-0.15623682737350464
4836874752.0,-0.14392955601215363
4837812736.0,-0.134229838848114
4838750208.0,-0.1243012323975563
4839687680.0,-0.11497674137353897
4840625152.0,-0.10739258676767349
4841562624.0,-0.10085612535476685
4842500096.0,-0.09411042928695679
4843437568.0,-0.09097051620483398
4844375040.0,-0.08790106326341629
4845312512.0,-0.08605290204286575
4846249984.0,-0.08747933804988861
4847187456.0,-0.088863305747509
4848124928.0,-0.09356119483709335
4849062400.0,-0.09847667068243027
4849999872.0,-0.10312321782112122
4850937344.0,-0.11144904047250748
4851874816.0,-0.11993863433599472
4852812288.0,-0.13021540641784668
4853749760.0,-0.1412106305360794
4854687744.0,-0.15447966754436493
4855625216.0,-0.1677934229373932
4856562688.0,-0.18120411038398743
4857500160.0,-0.19546441733837128
4858437632.0,-0.210645854473114
4859375104.0,-0.22432348132133484
4860312576.0,-0.2369430959224701
4861250048.0,-0.2505687177181244
4862187520.0,-0.26241976022720337
4863124992.0,-0.2744051516056061
4864062464.0,-0.2842644155025482
4864999936.0,-0.29412347078323364
4865937408.0,-0.3011026978492737
4866874880.0,-0.28780320286750793
4867812352.0,-0.29534539580345154
4868749824.0,-0.302013099193573
4869687296.0,-0.3073728680610657
4870624768.0,-0.3117827773094177
4871562752.0,-0.31514766812324524
4872500224.0,-0.31871986389160156
4873437696.0,-0.3207460939884186
4874375168.0,-0.3226723372936249
4875312640.0,-0.3226272463798523
4876250112.0,-0.3216049373149872
4877187584.0,-0.3195963203907013
4878125056.0,-0.31594815850257874
4879062528.0,-0.31076765060424805
4880000000.0,-0.30587267875671387
4880937472.0,-0.299327552318573
4881874944.0,-0.2916359007358551
4882812416.0,-0.28397223353385925
4883749888.0,-0.2758193016052246
4884687360.0,-0.2650447189807892
4885624832.0,-0.2551409900188446
4886562304.0,-0.2430742383003235
4887499776.0,-0.23124851286411285
4888437248.0,-0.21947947144508362
4889375232.0,-0.20636755228042603
4890312704.0,-0.19246028363704681
4891250176.0,-0.17773275077342987
4892187648.0,-0.16373677551746368
4893125120.0,-0.14955787360668182
4894062592.0,-0.13516010344028473
4895000064.0,-0.1214679703116417
4895937536.0,-0.10798130929470062
4896875008.0,-0.09375522285699844
4897812480.0,-0.07978791743516922
4898749952.0,-0.06705036014318466
4899687424.0,-0.05467294901609421
4900624896.0,-0.041848909109830856
4901562368.0,-0.03130035474896431
4902499840.0,-0.020290274173021317
4903437312.0,-0.011797109618782997
4904374784.0,-0.004633305594325066
4905312256.0,0.0032564098946750164
4906250240.0,0.008821127936244011
4907187712.0,0.012248445302248001
4908125184.0,0.0171947181224823
4909062656.0,0.018104830756783485
4910000128.0,0.019961532205343246
4910937600.0,0.018857477232813835
4911875072.0,0.017131155356764793
4912812544.0,0.013533193618059158
4913750016.0,0.008726252242922783
4914687488.0,0.0033506390172988176
4915624960.0,-0.0029433523304760456
4916562432.0,-0.012089933268725872
4917499904.0,-0.01992226019501686
4918437376.0,-0.030122963711619377
4919374848.0,-0.04103582724928856
4920312320.0,-0.051548730581998825
4921249792.0,-0.06255263835191727
4922187264.0,-0.07461881637573242
4923125248.0,-0.08799280226230621
4924062720.0,-0.10045434534549713
4925000192.0,-0.112660251557827
4925937664.0,-0.17773430049419403
4926875136.0,-0.179512619972229
4927812608.0,-0.17868414521217346
4928750080.0,-0.180091992020607
4929687552.0,-0.18153128027915955
4930625024.0,-0.1824706345796585
4931562496.0,-0.18289950489997864
4932499968.0,-0.18244445323944092
4933437440.0,-0.18161310255527496
4934374912.0,-0.18116337060928345
4935312384.0,-0.1790897697210312
4936249856.0,-0.17760823667049408
4937187328.0,-0.17453093826770782
4938124800.0,-0.17178866267204285
4939062272.0,-0.168055921792984
4940000256.0,-0.16319912672042847
4940937728.0,-0.1577204316854477
4941875200.0,-0.15120138227939606
4942812672.0,-0.14405201375484467
4943750144.0,-0.1366780400276184
4944687616.0,-0.1288171410560608
4945625088.0,-0.12064322084188461
4946562560.0,-0.11136525869369507
4947500032.0,-0.10206136852502823
4948437504.0,-0.09200935810804367
4949374976.0,-0.08198083192110062
4950312448.0,-0.07090502232313156
4951249920.0,-0.06006893515586853
4952187392.0,-0.049107667058706284
4953124864.0,-0.03733174502849579
4954062336.0,-0.025767210870981216
4954999808.0,-0.015434352681040764
4955937280.0,-0.004488928709179163
4956874752.0,0.005762615241110325
4957812736.0,0.014192990027368069
4958750208.0,0.02233564853668213
4959687680.0,0.030252056196331978
4960625152.0,0.03742488473653793
4961562624.0,0.042496997863054276
4962500096.0,0.04685105383396149
4963437568.0,0.05080176144838333
4964375040.0,0.05326567217707634
4965312512.0,0.05370773375034332
4966249984.0,0.05405862256884575
4967187456.0,0.052867867052555084
4968124928.0,0.050954725593328476
4969062400.0,0.047300126403570175
4969999872.0,0.043007686734199524
4970937344.0,0.037757277488708496
4971874816.0,0.03110457770526409
4972812288.0,0.023566491901874542
4973749760.0,0.01483843196183443
4974687744.0,0.005265424959361553
4975625216.0,-0.0040657538920640945
4976562688.0,-0.015114609152078629
4977500160.0,-0.025717217475175858
4978437632.0,-0.0362887941300869
4979375104.0,-0.04747440665960312
4980312576.0,-0.058400437235832214
4981250048.0,-0.07020287960767746
4982187520.0,-0.07936633378267288
4983124992.0,-0.0903966948390007
4984062464.0,-0.09907261282205582
4984999936.0,-0.10890620946884155
4985937408.0,-0.1531234234571457
4986874880.0,-0.16386622190475464
4987812352.0,-0.17429283261299133
4988749824.0,-0.18333329260349274
4989687296.0,-0.1922072023153305
4990624768.0,-0.19899290800094604
4991562752.0,-0.2044815868139267
4992500224.0,-0.20998798310756683
4993437696.0,-0.2132118195295334
4994375168.0,-0.21417737007141113
4995312640.0,-0.21475036442279816
4996250112.0,-0.2132173478603363
4997187584.0,-0.21037770807743073
4998125056.0,-0.20571815967559814
4999062528.0,-0.2010985016822815
5000000000.0,-0.1950739473104477
5000937472.0,-0.18720023334026337
5001874944.0,-0.17828981578350067
5002812416.0,-0.1692253053188324
5003749888.0,-0.15833501517772675
5004687360.0,-0.14753617346286774
5005624832.0,-0.13589058816432953
5006562304.0,-0.12374703586101532
5007499776.0,-0.1110931783914566
5008437248.0,-0.09860756248235703
5009375232.0,-0.08578214794397354
5010312704.0,-0.07285758852958679
5011250176.0,-0.05944189056754112
5012187648.0,-0.046901118010282516
5013125120.0,-0.0344744510948658
5014062592.0,-0.023178959265351295
5015000064.0,-0.011907161213457584
5015937536.0,-0.0009952320251613855
5016875008.0,0.009144667536020279
5017812480.0,0.017258295789361
5018749952.0,0.025875117629766464
5019687424.0,0.0333821102976799
5020624896.0,0.039804961532354355
5021562368.0,0.04541880264878273
5022499840.0,0.04923031106591225
5023437312.0,0.053241681307554245
5024374784.0,0.05558375269174576
5025312256.0,0.057181768119335175
5026250240.0,0.05768891051411629
5027187712.0,0.05839420109987259
5028125184.0,0.05639520660042763
5029062656.0,0.05505566671490669
5030000128.0,0.05092374607920647
5030937600.0,0.04738686978816986
5031875072.0,0.04139474406838417
5032812544.0,0.037070438265800476
5033750016.0,0.02984217181801796
5034687488.0,0.023232588544487953
5035624960.0,0.014911895617842674
5036562432.0,0.006953949108719826
5037499904.0,-0.0014742061030119658
5038437376.0,-0.011558393947780132
5039374848.0,-0.0202857106924057
5040312320.0,-0.030883267521858215
5041249792.0,-0.03965546563267708
5042187264.0,-0.04910764470696449
5043125248.0,-0.05788018926978111
5044062720.0,-0.06800484657287598
5045000192.0,-0.07635483890771866
5045937664.0,-0.09577857702970505
5046875136.0,-0.10460571944713593
5047812608.0,-0.1141851618885994
5048750080.0,-0.12331399321556091
5049687552.0,-0.131363183259964
5050625024.0,-0.139948308467865
5051562496.0,-0.147751122713089
5052499968.0,-0.1542915403842926
5053437440.0,-0.1598416119813919
5054374912.0,-0.16500315070152283
5055312384.0,-0.17029303312301636
5056249856.0,-0.1737397164106369
5057187328.0,-0.17729654908180237
5058124800.0,-0.18072375655174255
5059062272.0,-0.1826217919588089
5059999744.0,-0.18412549793720245
5060937728.0,-0.18427056074142456
5061875200.0,-0.18448185920715332
5062812672.0,-0.18331076204776764
5063750144.0,-0.18159915506839752
5064687616.0,-0.17811420559883118
5065625088.0,-0.17377683520317078
5066562560.0,-0.17002026736736298
5067500032.0,-0.16521604359149933
5068437504.0,-0.16062894463539124
5069374976.0,-0.15474030375480652
5070312448.0,-0.14738091826438904
5071249920.0,-0.1404721885919571
5072187392.0,-0.13388408720493317
5073124864.0,-0.12694858014583588
5074062336.0,-0.11984985321760178
5074999808.0,-0.11224047839641571
5075937280.0,-0.10577293485403061
5076874752.0,-0.09785132110118866
5077812736.0,-0.09065967053174973
5078750208.0,-0.0829104334115982
5079687680.0,-0.07607436925172806
5080625152.0,-0.06868673115968704
5081562624.0,-0.06169358268380165
5082500096.0,-0.0559099018573761
5083437568.0,-0.0501403734087944
5084375040.0,-0.04493708536028862
5085312512.0,-0.0406811498105526
5086249984.0,-0.034715328365564346
5087187456.0,-0.0322612039744854
5088124928.0,-0.02968045324087143
5089062400.0,-0.027493136003613472
5089999872.0,-0.026324091479182243
5090937344.0,-0.02450620010495186
5091874816.0,-0.023932650685310364
5092812288.0,-0.02338235266506672
5093749760.0,-0.02388804778456688
5094687744.0,-0.024191964417696
5095625216.0,-0.024349486455321312
5096562688.0,-0.025694802403450012
5097500160.0,-0.027725454419851303
5098437632.0,-0.031032675877213478
5099375104.0,-0.03362864628434181
5100312576.0,-0.03710189461708069
5101250048.0,-0.04064341261982918
5102187520.0,-0.04411027580499649
5103124992.0,-0.047921836376190186
5104062464.0,-0.05241922289133072
5104999936.0,-0.05748826265335083
5105937408.0,-0.12971484661102295
5106874880.0,-0.13657218217849731
5107812352.0,-0.14172828197479248
5108749824.0,-0.1463814526796341
5109687296.0,-0.15157175064086914
5110624768.0,-0.15572041273117065
5111562752.0,-0.15815962851047516
5112500224.0,-0.1603296548128128
5113437696.0,-0.1606217473745346
5114375168.0,-0.16205629706382751
5115312640.0,-0.16027124226093292
5116250112.0,-0.15822812914848328
5117187584.0,-0.15655529499053955
5118125056.0,-0.15423044562339783
5119062528.0,-0.1507243663072586
5120000000.0,-0.1467212289571762
5120937472.0,-0.1438715010881424
5121874944.0,-0.13981547951698303
5122812416.0,-0.1367216855287552
5123749888.0,-0.13155809044837952
5124687360.0,-0.1268516182899475
5125624832.0,-0.12262801080942154
5126562304.0,-0.11703720688819885
5127499776.0,-0.11274979263544083
5128437248.0,-0.10858936607837677
5129375232.0,-0.10451670736074448
5130312704.0,-0.10085641592741013
5131250176.0,-0.09583551436662674
5132187648.0,-0.09145843982696533
5133125120.0,-0.08642055094242096
5134062592.0,-0.08270043879747391
5135000064.0,-0.07932816445827484
5135937536.0,-0.0770290344953537
5136875008.0,-0.0740918517112732
5137812480.0,-0.07203500717878342
5138749952.0,-0.07038649171590805
5139687424.0,-0.06939351558685303
5140624896.0,-0.06738855689764023
5141562368.0,-0.06778689473867416
5142499840.0,-0.06745951622724533
5143437312.0,-0.06746423244476318
5144374784.0,-0.06940445303916931
5145312256.0,-0.07083996385335922
5146250240.0,-0.07380489259958267
5147187712.0,-0.07609431445598602
5148125184.0,-0.08039667457342148
5149062656.0,-0.08328638970851898
5150000128.0,-0.08851982653141022
5150937600.0,-0.09249352663755417
5151875072.0,-0.09855874627828598
5152812544.0,-0.10368472337722778
5153750016.0,-0.10973305255174637
5154687488.0,-0.11551909148693085
5155624960.0,-0.12185736000537872
5156562432.0,-0.12952889502048492
5157499904.0,-0.1373848170042038
5158437376.0,-0.1446055918931961
5159374848.0,-0.15260200202465057
5160312320.0,-0.16080120205879211
5161249792.0,-0.1691959798336029
5162187264.0,-0.17745721340179443
5163125248.0,-0.18601317703723907
5164062720.0,-0.1945343166589737
5165000192.0,-0.20322857797145844
5165937664.0,-0.2013966143131256
5166875136.0,-0.21275560557842255
5167812608.0,-0.22259679436683655
5168750080.0,-0.23144620656967163
5169687552.0,-0.24012695252895355
5170625024.0,-0.2474740594625473
5171562496.0,-0.25364571809768677
5172499968.0,-0.257190465927124
5173437440.0,-0.2613765001296997
5174374912.0,-0.2633591592311859
5175312384.0,-0.2643117308616638
5176249856.0,-0.26314133405685425
5177187328.0,-0.26142388582229614
5178124800.0,-0.25838902592658997
5179062272.0,-0.25442638993263245
5180000256.0,-0.2487899661064148
5180937728.0,-0.24294622242450714
5181875200.0,-0.2343299388885498
5182812672.0,-0.22530603408813477
5183750144.0,-0.21461941301822662
5184687616.0,-0.20470990240573883
5185625088.0,-0.19309455156326294
5186562560.0,-0.18062672019004822
5187500032.0,-0.16938239336013794
5188437504.0,-0.15690484642982483
5189374976.0,-0.14372240006923676
5190312448.0,-0.13003325462341309
5191249920.0,-0.1169029250741005
5192187392.0,-0.10442547500133514
5193124864.0,-0.09034509211778641
5194062336.0,-0.07869501411914825
5194999808.0,-0.06636354327201843
5195937280.0,-0.054080042988061905
5196874752.0,-0.043442703783512115
5197812736.0,-0.03382159024477005
5198750208.0,-0.023203300312161446
5199687680.0,-0.01470138505101204
5200625152.0,-0.005879660602658987
5201562624.0,0.0014798807678744197
5202500096.0,0.007664633449167013
5203437568.0,0.012334264814853668
5204375040.0,0.016200313344597816
5205312512.0,0.01855430379509926
5206249984.0,0.01962699554860592
5207187456.0,0.019671490415930748
5208124928.0,0.018514534458518028
5209062400.0,0.01626093126833439
5209999872.0,0.012102389708161354
5210937344.0,0.006048102863132954
5211874816.0,-0.0004978266661055386
5212812288.0,-0.008570277132093906
5213749760.0,-0.01818370446562767
5214687744.0,-0.029446521773934364
5215625216.0,-0.041229553520679474
5216562688.0,-0.05401794984936714
5217500160.0,-0.06761877238750458
5218437632.0,-0.08241162449121475
5219375104.0,-0.09796138107776642
5220312576.0,-0.11437036097049713
5221250048.0,-0.1299581676721573
5222187520.0,-0.14680425822734833
5223124992.0,-0.16471539437770844
5224062464.0,-0.18110336363315582
5224999936.0,-0.19757072627544403
5225937408.0,-0.2088804394006729
5226874880.0,-0.22355268895626068
5227812352.0,-0.23820742964744568
5228749824.0,-0.25071343779563904
5229687296.0,-0.26283755898475647
5230624768.0,-0.2729257643222809
5231562752.0,-0.2816193997859955
5232500224.0,-0.28958800435066223
5233437696.0,-0.2954370975494385
5234375168.0,-0.2990042567253113
5235312640.0,-0.30162304639816284
5236250112.0,-0.3031826913356781
5237187584.0,-0.30117347836494446
5238125056.0,-0.2978151738643646
5239062528.0,-0.2926247715950012
5240000000.0,-0.2853747308254242
5240937472.0,-0.27716657519340515
5241874944.0,-0.2665853202342987
5242812416.0,-0.2550215423107147
5243749888.0,-0.24204251170158386
5244687360.0,-0.22716358304023743
5245624832.0,-0.21161912381649017
5246562304.0,-0.1947057694196701
5247499776.0,-0.1781255602836609
5248437248.0,-0.15915343165397644
5249375232.0,-0.14079971611499786
5250312704.0,-0.12215298414230347
5251250176.0,-0.10335204005241394
5252187648.0,-0.08511357009410858
5253125120.0,-0.0674721896648407
5254062592.0,-0.050446778535842896
5255000064.0,-0.0329437330365181
5255937536.0,-0.017789112403988838
5256875008.0,-0.0038139913231134415
5257812480.0,0.009491577744483948
5258749952.0,0.021410498768091202
5259687424.0,0.032214388251304626
5260624896.0,0.04106581211090088
5261562368.0,0.04822029545903206
5262499840.0,0.054627250880002975
5263437312.0,0.05804029479622841
5264374784.0,0.06112224981188774
5265312256.0,0.06216778606176376
5266250240.0,0.06368830054998398
5267187712.0,0.06239337474107742
5268125184.0,0.05893402174115181
5269062656.0,0.055280473083257675
5270000128.0,0.050629474222660065
5270937600.0,0.043884120881557465
5271875072.0,0.03605544939637184
5272812544.0,0.025584062561392784
5273750016.0,0.014926798641681671
5274687488.0,0.003820060985162854
5275624960.0,-0.008304312825202942
5276562432.0,-0.022098666056990623
5277499904.0,-0.03530246391892433
5278437376.0,-0.0501081719994545
5279374848.0,-0.06543038040399551
5280312320.0,-0.08057641237974167
5281249792.0,-0.0958981141448021
5282187264.0,-0.11193926632404327
5283125248.0,-0.12782499194145203
5284062720.0,-0.14385800063610077
5285000192.0,-0.15989188849925995
5285937664.0,-0.18728101253509521
5286875136.0,-0.2031419575214386
5287812608.0,-0.21913310885429382
5288750080.0,-0.23442521691322327
5289687552.0,-0.2500733733177185
5290625024.0,-0.26478883624076843
5291562496.0,-0.2789655923843384
5292499968.0,-0.29415351152420044
5293437440.0,-0.30861470103263855
5294374912.0,-0.32255885004997253
5295312384.0,-0.335176944732666
5296249856.0,-0.34606844186782837
5297187328.0,-0.3560512065887451
5298124800.0,-0.3653227388858795
5299062272.0,-0.3726728856563568
5299999744.0,-0.37922435998916626
5300937728.0,-0.38305479288101196
5301875200.0,-0.38629990816116333
5302812672.0,-0.38806524872779846
5303750144.0,-0.3873354494571686
5304687616.0,-0.3848157227039337
5305625088.0,-0.3826330304145813
5306562560.0,-0.37684181332588196
5307500032.0,-0.37050536274909973
5308437504.0,-0.36223700642585754
5309374976.0,-0.35235849022865295
5310312448.0,-0.3413923382759094
5311249920.0,-0.32904762029647827
5312187392.0,-0.3159145712852478
5313124864.0,-0.3016355037689209
5314062336.0,-0.28589168190956116
5314999808.0,-0.2688395082950592
5315937280.0,-0.25240907073020935
5316874752.0,-0.23488301038742065
5317812736.0,-0.21616306900978088
5318750208.0,-0.19838352501392365
5319687680.0,-0.17941656708717346
5320625152.0,-0.15931519865989685
5321562624.0,-0.14152683317661285
5322500096.0,-0.12123476713895798
5323437568.0,-0.1024223044514656
5324375040.0,-0.08448594808578491
5325312512.0,-0.06624361872673035
5326249984.0,-0.04879528284072876
5327187456.0,-0.032846271991729736
5328124928.0,-0.016983482986688614
5329062400.0,-0.004422125872224569
5329999872.0,0.008935419842600822
5330937344.0,0.02016500011086464
5331874816.0,0.03153777867555618
5332812288.0,0.0380268432199955
5333749760.0,0.042521726340055466
5334687744.0,0.04548344761133194
5335625216.0,0.04600996524095535
5336562688.0,0.04631662741303444
5337500160.0,0.04327360540628433
5338437632.0,0.03954392671585083
5339375104.0,0.03269952908158302
5340312576.0,0.024794451892375946
5341250048.0,0.013199304230511189
5342187520.0,0.0002316757309017703
5343124992.0,-0.014205372892320156
5344062464.0,-0.03171253204345703
5344999936.0,-0.052145011723041534
5345937408.0,-0.33582666516304016
5346874880.0,-0.35051801800727844
5347812352.0,-0.36620602011680603
5348749824.0,-0.38003063201904297
5349687296.0,-0.3936801254749298
5350624768.0,-0.40689677000045776
5351562752.0,-0.4202185273170471
5352500224.0,-0.4315008819103241
5353437696.0,-0.44152015447616577
5354375168.0,-0.45085597038269043
5355312640.0,-0.4587183892726898
5356250112.0,-0.46503016352653503
5357187584.0,-0.4704597294330597
5358125056.0,-0.47374770045280457
5359062528.0,-0.47388339042663574
5360000000.0,-0.47387439012527466
5360937472.0,-0.4713580310344696
5361874944.0,-0.4678856134414673
5362812416.0,-0.4624063968658447
5363749888.0,-0.4550032317638397
5364687360.0,-0.44483160972595215
5365624832.0,-0.4336740970611572
5366562304.0,-0.4211692214012146
5367499776.0,-0.40785056352615356
5368437248.0,-0.39201539754867554
5369375232.0,-0.3764137923717499
5370312704.0,-0.35958006978034973
5371250176.0,-0.3404988944530487
5372187648.0,-0.32377681136131287
5373125120.0,-0.30532464385032654
5374062592.0,-0.2873210906982422
5375000064.0,-0.26951879262924194
5375937536.0,-0.25140243768692017
5376875008.0,-0.23334313929080963
5377812480.0,-0.21594391763210297
5378749952.0,-0.1988099366426468
5379687424.0,-0.18215109407901764
5380624896.0,-0.16485100984573364
5381562368.0,-0.15046991407871246
5382499840.0,-0.13615719974040985
5383437312.0,-0.12207719683647156
5384374784.0,-0.10828247666358948
5385312256.0,-0.09678903222084045
5386250240.0,-0.08817574381828308
5387187712.0,-0.08057665824890137
5388125184.0,-0.07514075189828873
5389062656.0,-0.07213804125785828
5390000128.0,-0.07028704136610031
5390937600.0,-0.07193271815776825
5391875072.0,-0.07564908266067505
5392812544.0,-0.08043050765991211
5393750016.0,-0.08718325942754745
5394687488.0,-0.09646187722682953
5395624960.0,-0.10830220580101013
5396562432.0,-0.12124136090278625
5397499904.0,-0.13652071356773376
5398437376.0,-0.15458343923091888
5399374848.0,-0.17430394887924194
5400312320.0,-0.19331060349941254
5401249792.0,-0.2147822231054306
5402187264.0,-0.23639661073684692
5403125248.0,-0.257958322763443
5404062720.0,-0.279745876789093
5405000192.0,-0.3010098338127136
5405937664.0,-0.347140371799469
5406875136.0,-0.3627271354198456
5407812608.0,-0.37780848145484924
5408750080.0,-0.3903873562812805
5409687552.0,-0.4028216004371643
5410625024.0,-0.41059908270835876
5411562496.0,-0.4171181917190552
5412499968.0,-0.4216984212398529
5413437440.0,-0.42449522018432617
5414374912.0,-0.4244547188282013
5415312384.0,-0.42171618342399597
5416249856.0,-0.4164152145385742
5417187328.0,-0.408588707447052
5418124800.0,-0.39890602231025696
5419062272.0,-0.3856305778026581
5420000256.0,-0.371364951133728
5420937728.0,-0.3558793365955353
5421875200.0,-0.3380785584449768
5422812672.0,-0.3187282085418701
5423750144.0,-0.2984696626663208
5424687616.0,-0.27741754055023193
5425625088.0,-0.2559398412704468
5426562560.0,-0.2350853830575943
5427500032.0,-0.21401390433311462
5428437504.0,-0.19288212060928345
5429374976.0,-0.17229028046131134
5430312448.0,-0.15100839734077454
5431249920.0,-0.13209129869937897
5432187392.0,-0.1135612428188324
5433124864.0,-0.0958595722913742
5434062336.0,-0.08023416250944138
5434999808.0,-0.06588395684957504
5435937280.0,-0.054333508014678955
5436874752.0,-0.04387334734201431
5437812736.0,-0.03642896190285683
5438750208.0,-0.030806925147771835
5439687680.0,-0.028339598327875137
5440625152.0,-0.027925707399845123
5441562624.0,-0.029885562136769295
5442500096.0,-0.0344608835875988
5443437568.0,-0.04147368296980858
5444375040.0,-0.05053510144352913
5445312512.0,-0.06318262964487076
5446249984.0,-0.07660334557294846
5447187456.0,-0.09343916922807693
5448124928.0,-0.11112520843744278
5449062400.0,-0.13261649012565613
5449999872.0,-0.15551745891571045
5450937344.0,-0.18003207445144653
5451874816.0,-0.20591360330581665
5452812288.0,-0.23298516869544983
5453749760.0,-0.2598116397857666
5454687744.0,-0.2880091965198517
5455625216.0,-0.31577131152153015
5456562688.0,-0.34366726875305176
5457500160.0,-0.3726774752140045
5458437632.0,-0.4009053409099579
5459375104.0,-0.42688894271850586
5460312576.0,-0.4536394476890564
5461250048.0,-0.47769907116889954
5462187520.0,-0.5005845427513123
5463124992.0,-0.5216241478919983
5464062464.0,-0.5400356650352478
5464999936.0,-0.5557524561882019
5465937408.0,-0.47831249237060547
5466874880.0,-0.4942094087600708
5467812352.0,-0.5081193447113037
5468749824.0,-0.5201324820518494
5469687296.0,-0.528547465801239
5470624768.0,-0.5336896777153015
5471562752.0,-0.5376179814338684
5472500224.0,-0.5381938815116882
5473437696.0,-0.537274956703186
5474375168.0,-0.5326264500617981
5475312640.0,-0.5244314670562744
5476250112.0,-0.5152996182441711
5477187584.0,-0.5038653612136841
5478125056.0,-0.49001258611679077
5479062528.0,-0.4740420877933502
5480000000.0,-0.4559604823589325
5480937472.0,-0.43595167994499207
5481874944.0,-0.41379696130752563
5482812416.0,-0.39181286096572876
5483749888.0,-0.3694770336151123
5484687360.0,-0.3476729691028595
5485624832.0,-0.32529860734939575
5486562304.0,-0.3043472468852997
5487499776.0,-0.28343507647514343
5488437248.0,-0.2632375657558441
5489375232.0,-0.24403530359268188
5490312704.0,-0.22614669799804688
5491250176.0,-0.2097150981426239
5492187648.0,-0.19535097479820251
5493125120.0,-0.18320605158805847
5494062592.0,-0.17253939807415009
5495000064.0,-0.16465146839618683
5495937536.0,-0.1586161106824875
5496875008.0,-0.15566635131835938
5497812480.0,-0.1554151475429535
5498749952.0,-0.15683822333812714
5499687424.0,-0.16163642704486847
5500624896.0,-0.1689087152481079
5501562368.0,-0.17727923393249512
5502499840.0,-0.18980973958969116
5503437312.0,-0.20144978165626526
5504374784.0,-0.21524639427661896
5505312256.0,-0.23125886917114258
5506250240.0,-0.2508852183818817
5507187712.0,-0.2723294198513031
5508125184.0,-0.2967534065246582
5509062656.0,-0.3225078880786896
5510000128.0,-0.35053005814552307
5510937600.0,-0.3827865719795227
5511875072.0,-0.415078341960907
5512812544.0,-0.4469745457172394
5513750016.0,-0.4810008108615875
5514687488.0,-0.515274167060852
5515624960.0,-0.5489192008972168
5516562432.0,-0.583152711391449
5517499904.0,-0.6163074374198914
5518437376.0,-0.6513667702674866
5519374848.0,-0.6834522485733032
5520312320.0,-0.7166916131973267
5521249792.0,-0.7483649253845215
5522187264.0,-0.778719425201416
5523125248.0,-0.809236466884613
5524062720.0,-0.8391145467758179
5525000192.0,-0.8675073385238647
5525937664.0,-0.7481454610824585
5526875136.0,-0.7594314217567444
5527812608.0,-0.7732693552970886
5528750080.0,-0.7877655029296875
5529687552.0,-0.8035204410552979
5530625024.0,-0.8211790323257446
5531562496.0,-0.8405219912528992
5532499968.0,-0.8617739677429199
5533437440.0,-0.8834013342857361
5534374912.0,-0.9071925282478333
5535312384.0,-0.9309398531913757
5536249856.0,-0.9564194679260254
5537187328.0,-0.9808058738708496
5538124800.0,-1.004470705986023
5539062272.0,-1.0259393453598022
5539999744.0,-1.046208143234253
5540937728.0,-1.0635924339294434
5541875200.0,-1.0777322053909302
5542812672.0,-1.0908745527267456
5543750144.0,-1.099326252937317
5544687616.0,-1.1033865213394165
5545625088.0,-1.104919672012329
5546562560.0,-1.1018834114074707
5547500032.0,-1.0953577756881714
5548437504.0,-1.0833452939987183
5549374976.0,-1.0670751333236694
5550312448.0,-1.0470337867736816
5551249920.0,-1.0226593017578125
5552187392.0,-0.9955294132232666
5553124864.0,-0.9659936428070068
5554062336.0,-0.9335169196128845
5554999808.0,-0.9004639387130737
5555937280.0,-0.8662793636322021
5556874752.0,-0.8325084447860718
5557812736.0,-0.7990524172782898
5558750208.0,-0.766240656375885
5559687680.0,-0.7355206608772278
5560625152.0,-0.7055020928382874
5561562624.0,-0.6773951053619385
5562500096.0,-0.6510733366012573
5563437568.0,-0.6263701915740967
5564375040.0,-0.6055399775505066
5565312512.0,-0.5869858860969543
5566249984.0,-0.5698490142822266
5567187456.0,-0.5555070638656616
5568124928.0,-0.5412659049034119
5569062400.0,-0.5283145308494568
5569999872.0,-0.517198383808136
5570937344.0,-0.5045600533485413
5571874816.0,-0.4925311803817749
5572812288.0,-0.48245593905448914
5573749760.0,-0.47142672538757324
5574687744.0,-0.4624205231666565
5575625216.0,-0.4538067877292633
5576562688.0,-0.4464191496372223
5577500160.0,-0.4411848783493042
5578437632.0,-0.43638917803764343
5579375104.0,-0.43343478441238403
5580312576.0,-0.43312838673591614
5581250048.0,-0.43231046199798584
5582187520.0,-0.4346950948238373
5583124992.0,-0.43687865138053894
5584062464.0,-0.43916383385658264
5584999936.0,-0.4423583149909973
5585937408.0,-0.41902121901512146
5586874880.0,-0.40933990478515625
5587812352.0,-0.39977556467056274
5588749824.0,-0.38861483335494995
5589687296.0,-0.3752385079860687
5590624768.0,-0.36148759722709656
5591562752.0,-0.345305472612381
5592500224.0,-0.32858040928840637
5593437696.0,-0.311541885137558
5594375168.0,-0.293510764837265
5595312640.0,-0.2750638425350189
5596250112.0,-0.2573029100894928
5597187584.0,-0.23838074505329132
5598125056.0,-0.22062674164772034
5599062528.0,-0.20152799785137177
5600000000.0,-0.18313641846179962
5600937472.0,-0.16602011024951935
5601874944.0,-0.15011857450008392
5602812416.0,-0.13439948856830597
5603749888.0,-0.11985763162374496
5604687360.0,-0.10723715275526047
5605624832.0,-0.09429939091205597
5606562304.0,-0.08344384282827377
5607499776.0,-0.07520782947540283
5608437248.0,-0.06727592647075653
5609375232.0,-0.061540637165308
5610312704.0,-0.057554278522729874
5611250176.0,-0.05492481589317322
5612187648.0,-0.05408116430044174
5613125120.0,-0.05517108365893364
5614062592.0,-0.05818455293774605
5615000064.0,-0.06264908611774445
5615937536.0,-0.06951756775379181
5616875008.0,-0.07740563899278641
5617812480.0,-0.08624399453401566
5618749952.0,-0.09716551750898361
5619687424.0,-0.10865318030118942
5620624896.0,-0.12067263573408127
5621562368.0,-0.13452953100204468
5622499840.0,-0.14756610989570618
5623437312.0,-0.1618928164243698
5624374784.0,-0.17567111551761627
5625312256.0,-0.189347505569458
5626250240.0,-0.20363540947437286
5627187712.0,-0.21635702252388
5628125184.0,-0.22951146960258484
5629062656.0,-0.24142077565193176
5630000128.0,-0.252566933631897
5630937600.0,-0.2619786858558655
5631875072.0,-0.2710677981376648
5632812544.0,-0.27871835231781006
5633750016.0,-0.28430289030075073
5634687488.0,-0.28839465975761414
5635624960.0,-0.29131296277046204
5636562432.0,-0.29156479239463806
5637499904.0,-0.29033493995666504
5638437376.0,-0.2869589626789093
5639374848.0,-0.28154513239860535
5640312320.0,-0.27628186345100403
5641249792.0,-0.2685336172580719
5642187264.0,-0.25913795828819275
5643125248.0,-0.24908599257469177
5644062720.0,-0.23784257471561432
5645000192.0,-0.2255261242389679
5645937664.0,-0.18606843054294586
5646875136.0,-0.18980816006660461
5647812608.0,-0.19175009429454803
5648750080.0,-0.19211947917938232
5649687552.0,-0.19142931699752808
5650625024.0,-0.18804535269737244
5651562496.0,-0.18482090532779694
5652499968.0,-0.1791720688343048
5653437440.0,-0.17396517097949982
5654374912.0,-0.16753236949443817
5655312384.0,-0.16033855080604553
5656249856.0,-0.15178808569908142
5657187328.0,-0.14496943354606628
5658124800.0,-0.13769838213920593
5659062272.0,-0.12894557416439056
5660000256.0,-0.12089498341083527
5660937728.0,-0.11325325816869736
5661875200.0,-0.10664394497871399
5662812672.0,-0.10048379749059677
5663750144.0,-0.0959760919213295
5664687616.0,-0.09212739020586014
5665625088.0,-0.08974619954824448
5666562560.0,-0.08796090632677078
5667500032.0,-0.08663984388113022
5668437504.0,-0.08622383326292038
5669374976.0,-0.08712276816368103
5670312448.0,-0.08993832767009735
5671249920.0,-0.09316559880971909
5672187392.0,-0.09741217643022537
5673124864.0,-0.10246238857507706
5674062336.0,-0.10815098881721497
5674999808.0,-0.11473947018384933
5675937280.0,-0.12334636598825455
5676874752.0,-0.13165250420570374
5677812736.0,-0.14047212898731232
5678750208.0,-0.14920108020305634
5679687680.0,-0.15925529599189758
5680625152.0,-0.1683434695005417
5681562624.0,-0.17699773609638214
5682500096.0,-0.18725058436393738
5683437568.0,-0.195985808968544
5684375040.0,-0.20545782148838043
5685312512.0,-0.2123054713010788
5686249984.0,-0.22032397985458374
5687187456.0,-0.2278052717447281
5688124928.0,-0.2348262220621109
5689062400.0,-0.2400669902563095
5689999872.0,-0.245626300573349
5690937344.0,-0.250803142786026
5691874816.0,-0.25562772154808044
5692812288.0,-0.2606813311576843
5693749760.0,-0.2654091417789459
5694687744.0,-0.27049681544303894
5695625216.0,-0.27515333890914917
5696562688.0,-0.2794777750968933
5697500160.0,-0.2836570739746094
5698437632.0,-0.2891220152378082
5699375104.0,-0.29438433051109314
5700312576.0,-0.30100566148757935
5701250048.0,-0.30709391832351685
5702187520.0,-0.3149201273918152
5703124992.0,-0.3239307999610901
5704062464.0,-0.3333022892475128
5704999936.0,-0.3448289930820465
5705937408.0,-0.23072749376296997
5706874880.0,-0.24929416179656982
5707812352.0,-0.2696974277496338
5708749824.0,-0.2905459702014923
5709687296.0,-0.30997249484062195
5710624768.0,-0.32913661003112793
5711562752.0,-0.34713757038116455
5712500224.0,-0.3637847900390625
5713437696.0,-0.37674564123153687
5714375168.0,-0.3874039351940155
5715312640.0,-0.39507991075515747
5716250112.0,-0.397360235452652
5717187584.0,-0.39682963490486145
5718125056.0,-0.3903561532497406
5719062528.0,-0.3801983892917633
5720000000.0,-0.36619144678115845
5720937472.0,-0.34781602025032043
5721874944.0,-0.3258149027824402
5722812416.0,-0.2989547550678253
5723749888.0,-0.2673202455043793
5724687360.0,-0.23378732800483704
5725624832.0,-0.19719821214675903
5726562304.0,-0.15891490876674652
5727499776.0,-0.11833548545837402
5728437248.0,-0.07822056859731674
5729375232.0,-0.0376272089779377
5730312704.0,0.002139624208211899
5731250176.0,0.040399689227342606
5732187648.0,0.07628004997968674
5733125120.0,0.10933326184749603
5734062592.0,0.13938011229038239
5735000064.0,0.1649220734834671
5735937536.0,0.18564473092556
5736875008.0,0.200662299990654
5737812480.0,0.21198345720767975
5738749952.0,0.2190215289592743
5739687424.0,0.22257596254348755
5740624896.0,0.22166350483894348
5741562368.0,0.21740296483039856
5742499840.0,0.20916393399238586
5743437312.0,0.19822901487350464
5744374784.0,0.18653781712055206
5745312256.0,0.1720239222049713
5746250240.0,0.15792430937290192
5747187712.0,0.14319652318954468
5748125184.0,0.12757422029972076
5749062656.0,0.11376384645700455
5750000128.0,0.09922783821821213
5750937600.0,0.08515235781669617
5751875072.0,0.07338850200176239
5752812544.0,0.0613473579287529
5753750016.0,0.050238970667123795
5754687488.0,0.039618708193302155
5755624960.0,0.02601531893014908
5756562432.0,0.006189815234392881
5757499904.0,-0.0161299929022789
5758437376.0,-0.04152729734778404
5759374848.0,-0.06784547865390778
5760312320.0,-0.09597740322351456
5761249792.0,-0.12564663589000702
5762187264.0,-0.15712881088256836
5763125248.0,-0.18858563899993896
5764062720.0,-0.2195708453655243
5765000192.0,-0.25023606419563293
5765937664.0,-0.2003890573978424
5766875136.0,-0.20899170637130737
5767812608.0,-0.21575897932052612
5768750080.0,-0.22386182844638824
5769687552.0,-0.233024463057518
5770625024.0,-0.24041268229484558
5771562496.0,-0.24965900182724
5772499968.0,-0.25848549604415894
5773437440.0,-0.26863229274749756
5774374912.0,-0.27940231561660767
5775312384.0,-0.28992959856987
5776249856.0,-0.30195099115371704
5777187328.0,-0.313678503036499
5778124800.0,-0.3251393139362335
5779062272.0,-0.3365437984466553
5779999744.0,-0.34850460290908813
5780937728.0,-0.3592303693294525
5781875200.0,-0.369738906621933
5782812672.0,-0.3804763853549957
5783750144.0,-0.38978174328804016
5784687616.0,-0.3995046615600586
5785625088.0,-0.40906909108161926
5786562560.0,-0.417554646730423
5787500032.0,-0.4253230094909668
5788437504.0,-0.4320894479751587
5789374976.0,-0.43857207894325256
5790312448.0,-0.4429813325405121
5791249920.0,-0.44806331396102905
5792187392.0,-0.4518422484397888
5793124864.0,-0.4539708197116852
5794062336.0,-0.4538661241531372
5794999808.0,-0.4531705975532532
5795937280.0,-0.4511955678462982
5796874752.0,-0.4477091133594513
5797812736.0,-0.44150665402412415
5798750208.0,-0.43396276235580444
5799687680.0,-0.42624902725219727
5800625152.0,-0.41659700870513916
5801562624.0,-0.4049016535282135
5802500096.0,-0.3917825222015381
5803437568.0,-0.37734994292259216
5804375040.0,-0.3616408407688141
5805312512.0,-0.34365999698638916
5806249984.0,-0.3259010314941406
5807187456.0,-0.30689477920532227
5808124928.0,-0.2870042324066162
5809062400.0,-0.2675555944442749
5809999872.0,-0.24787598848342896
5810937344.0,-0.2277442365884781
5811874816.0,-0.2077503800392151
5812812288.0,-0.1886831820011139
5813749760.0,-0.1701820194721222
5814687744.0,-0.15204386413097382
5815625216.0,-0.13570037484169006
5816562688.0,-0.1196281686425209
5817500160.0,-0.1055145338177681
5818437632.0,-0.09352428466081619
5819375104.0,-0.08214325457811356
5820312576.0,-0.07184324413537979
5821250048.0,-0.06430897116661072
5822187520.0,-0.05735195800662041
5823124992.0,-0.05378265306353569
5824062464.0,-0.0524117648601532
5824999936.0,-0.053089600056409836
5825937408.0,-0.24519523978233337
5826874880.0,-0.24643635749816895
5827812352.0,-0.24875634908676147
5828749824.0,-0.2502049505710602
5829687296.0,-0.2527554929256439
5830624768.0,-0.2544277012348175
5831562752.0,-0.25697335600852966
5832500224.0,-0.259157657623291
5833437696.0,-0.2619210481643677
5834375168.0,-0.264056533575058
5835312640.0,-0.2663440406322479
5836250112.0,-0.2694298028945923
5837187584.0,-0.27344566583633423
5838125056.0,-0.2770867943763733
5839062528.0,-0.28052252531051636
5840000000.0,-0.2865387797355652
5840937472.0,-0.2917303442955017
5841874944.0,-0.29752615094184875
5842812416.0,-0.3041348457336426
5843749888.0,-0.30939480662345886
5844687360.0,-0.3169359266757965
5845624832.0,-0.3230530917644501
5846562304.0,-0.3288362920284271
5847499776.0,-0.33523085713386536
5848437248.0,-0.341765433549881
5849375232.0,-0.34736087918281555
5850312704.0,-0.35363152623176575
5851250176.0,-0.359308660030365
5852187648.0,-0.36429929733276367
5853125120.0,-0.36791592836380005
5854062592.0,-0.37222743034362793
5855000064.0,-0.37567511200904846
5855937536.0,-0.37790852785110474
5856875008.0,-0.3799137473106384
5857812480.0,-0.37916165590286255
5858749952.0,-0.37907248735427856
5859687424.0,-0.3786141276359558
5860624896.0,-0.3762681484222412
5861562368.0,-0.3744434118270874
5862499840.0,-0.3722584843635559
5863437312.0,-0.3708305060863495
5864374784.0,-0.36670684814453125
5865312256.0,-0.3645373582839966
5866250240.0,-0.36217182874679565
5867187712.0,-0.3573322892189026
5868125184.0,-0.35395729541778564
5869062656.0,-0.3499874472618103
5870000128.0,-0.34547221660614014
5870937600.0,-0.34284669160842896
5871875072.0,-0.340437650680542
5872812544.0,-0.33746474981307983
5873750016.0,-0.33506038784980774
5874687488.0,-0.33451783657073975
5875624960.0,-0.33274561166763306
5876562432.0,-0.3337614834308624
5877499904.0,-0.3328348696231842
5878437376.0,-0.3347204029560089
5879374848.0,-0.335978627204895
5880312320.0,-0.3383488655090332
5881249792.0,-0.341467022895813
5882187264.0,-0.34351903200149536
5883125248.0,-0.34722015261650085
5884062720.0,-0.35182714462280273
5885000192.0,-0.35634082555770874
5885937664.0,-0.3686467111110687
5886875136.0,-0.37412041425704956
5887812608.0,-0.37720805406570435
5888750080.0,-0.3820194900035858
5889687552.0,-0.38522928953170776
5890625024.0,-0.38862529397010803
5891562496.0,-0.3902764618396759
5892499968.0,-0.3924715220928192
5893437440.0,-0.39338546991348267
5894374912.0,-0.39466437697410583
5895312384.0,-0.394736647605896
5896249856.0,-0.39436349272727966
5897187328.0,-0.39406073093414307
5898124800.0,-0.39420968294143677
5899062272.0,-0.39362654089927673
5900000256.0,-0.3932751417160034
5900937728.0,-0.39314383268356323
5901875200.0,-0.3911925256252289
5902812672.0,-0.3902222216129303
5903750144.0,-0.38861289620399475
5904687616.0,-0.38803133368492126
5905625088.0,-0.38665831089019775
5906562560.0,-0.38499051332473755
5907500032.0,-0.38561129570007324
5908437504.0,-0.3848378658294678
5909374976.0,-0.3840072751045227
5910312448.0,-0.3846983015537262
5911249920.0,-0.3859531283378601
5912187392.0,-0.3887487053871155
5913124864.0,-0.3894800841808319
5914062336.0,-0.39268213510513306
5914999808.0,-0.3960057497024536
5915937280.0,-0.3988749086856842
5916874752.0,-0.40336933732032776
5917812736.0,-0.4068683385848999
5918750208.0,-0.4127124845981598
5919687680.0,-0.41785216331481934
5920625152.0,-0.4250306785106659
5921562624.0,-0.43265828490257263
5922500096.0,-0.43971526622772217
5923437568.0,-0.44869986176490784
5924375040.0,-0.45792603492736816
5925312512.0,-0.4671792984008789
5926249984.0,-0.47733771800994873
5927187456.0,-0.48817163705825806
5928124928.0,-0.4985525608062744
5929062400.0,-0.5086516737937927
5929999872.0,-0.520037829875946
5930937344.0,-0.5303988456726074
5931874816.0,-0.5419050455093384
5932812288.0,-0.5519322752952576
5933749760.0,-0.5622916221618652
5934687744.0,-0.5718626379966736
5935625216.0,-0.5808139443397522
5936562688.0,-0.5901158452033997
5937500160.0,-0.5993289351463318
5938437632.0,-0.6077378988265991
5939375104.0,-0.6145086884498596
5940312576.0,-0.6211408972740173
5941250048.0,-0.6263008713722229
5942187520.0,-0.6306334733963013
5943124992.0,-0.6337918639183044
5944062464.0,-0.6368387341499329
5944999936.0,-0.6375022530555725
5945937408.0,-0.41120797395706177
5946874880.0,-0.4274241030216217
5947812352.0,-0.4436161518096924
5948749824.0,-0.4596911668777466
5949687296.0,-0.47612622380256653
5950624768.0,-0.49151721596717834
5951562752.0,-0.5054504871368408
5952500224.0,-0.5195813775062561
5953437696.0,-0.5313747525215149
5954375168.0,-0.5424866676330566
5955312640.0,-0.5515812039375305
5956250112.0,-0.5588058233261108
5957187584.0,-0.5653688907623291
5958125056.0,-0.5698034763336182
5959062528.0,-0.5738717317581177
5960000000.0,-0.5743296146392822
5960937472.0,-0.5741825103759766
5961874944.0,-0.5716699957847595
5962812416.0,-0.5692777633666992
5963749888.0,-0.5639162063598633
5964687360.0,-0.5571236610412598
5965624832.0,-0.5482423305511475
5966562304.0,-0.5392824411392212
5967499776.0,-0.5293058156967163
5968437248.0,-0.5177879929542542
5969375232.0,-0.5078362226486206
5970312704.0,-0.495618999004364
5971250176.0,-0.4839938282966614
5972187648.0,-0.47172224521636963
5973125120.0,-0.4614339768886566
5974062592.0,-0.4526693522930145
5975000064.0,-0.442993700504303
5975937536.0,-0.4359235167503357
5976875008.0,-0.43039214611053467
5977812480.0,-0.4262138307094574
5978749952.0,-0.42131903767585754
5979687424.0,-0.4181409180164337
5980624896.0,-0.4145794212818146
5981562368.0,-0.4114593267440796
5982499840.0,-0.4106755256652832
5983437312.0,-0.40968143939971924
5984374784.0,-0.410866916179657
5985312256.0,-0.41288435459136963
5986250240.0,-0.4142649173736572
5987187712.0,-0.4171355068683624
5988125184.0,-0.42032021284103394
5989062656.0,-0.4232795238494873
5990000128.0,-0.426506906747818
5990937600.0,-0.4307502806186676
5991875072.0,-0.43524155020713806
5992812544.0,-0.43868356943130493
5993750016.0,-0.44191890954971313
5994687488.0,-0.4474901556968689
5995624960.0,-0.451489120721817
5996562432.0,-0.455635666847229
5997499904.0,-0.45992520451545715
5998437376.0,-0.46351104974746704
5999374848.0,-0.46789586544036865
6000312320.0,-0.47168073058128357
6001249792.0,-0.4755595326423645
6002187264.0,-0.47984787821769714
6003125248.0,-0.48359185457229614
6004062720.0,-0.4871736764907837
6005000192.0,-0.38313132524490356
6005937664.0,-0.39235740900039673
6006875136.0,-0.40333980321884155
6007812608.0,-0.4147154986858368
6008750080.0,-0.4279271364212036
6009687552.0,-0.4421340525150299
6010625024.0,-0.45756733417510986
6011562496.0,-0.47261327505111694
6012499968.0,-0.4896358847618103
6013437440.0,-0.5074652433395386
6014374912.0,-0.5250197052955627
6015312384.0,-0.5429775714874268
6016249856.0,-0.5614080429077148
6017187328.0,-0.5790702104568481
6018124800.0,-0.597352921962738
6019062272.0,-0.6141117811203003
6019999744.0,-0.6317420601844788
6020937728.0,-0.6474420428276062
6021875200.0,-0.66313236951828
6022812672.0,-0.6763252019882202
6023750144.0,-0.6883398294448853
6024687616.0,-0.698832094669342
6025625088.0,-0.7083094716072083
6026562560.0,-0.716541051864624
6027500032.0,-0.7242815494537354
6028437504.0,-0.7293200492858887
6029374976.0,-0.7317951321601868
6030312448.0,-0.7335859537124634
6031249920.0,-0.7332125306129456
6032187392.0,-0.7295215129852295
6033124864.0,-0.7242704033851624
6034062336.0,-0.7177181839942932
6034999808.0,-0.7086238265037537
6035937280.0,-0.6963509917259216
6036874752.0,-0.6827348470687866
6037812736.0,-0.6671121716499329
6038750208.0,-0.6513232588768005
6039687680.0,-0.6337884664535522
6040625152.0,-0.6171181797981262
6041562624.0,-0.5986912846565247
6042500096.0,-0.5816310048103333
6043437568.0,-0.5653234124183655
6044375040.0,-0.5490381121635437
6045312512.0,-0.5321328043937683
6046249984.0,-0.5151011943817139
6047187456.0,-0.49882036447525024
6048124928.0,-0.484167218208313
6049062400.0,-0.4695800542831421
6049999872.0,-0.45619603991508484
6050937344.0,-0.44435691833496094
6051874816.0,-0.43439000844955444
6052812288.0,-0.42529502511024475
6053749760.0,-0.4180073142051697
6054687744.0,-0.41245236992836
6055625216.0,-0.4077387750148773
6056562688.0,-0.40515297651290894
6057500160.0,-0.4035220742225647
6058437632.0,-0.40420499444007874
6059375104.0,-0.4056035876274109
6060312576.0,-0.4074111580848694
6061250048.0,-0.4095483422279358
6062187520.0,-0.4123992919921875
6063124992.0,-0.4164895713329315
6064062464.0,-0.4202296733856201
6064999936.0,-0.41785603761672974
6065937408.0,-0.4235106110572815
6066874880.0,-0.4288800358772278
6067812352.0,-0.43578580021858215
6068749824.0,-0.4426192045211792
6069687296.0,-0.45005157589912415
6070624768.0,-0.4584639370441437
6071562752.0,-0.46718934178352356
6072500224.0,-0.4769592881202698
6073437696.0,-0.4874970316886902
6074375168.0,-0.498409628868103
6075312640.0,-0.5097875595092773
6076250112.0,-0.5202967524528503
6077187584.0,-0.5303934812545776
6078125056.0,-0.5409607887268066
6079062528.0,-0.5520043969154358
6080000000.0,-0.561652421951294
6080937472.0,-0.5720521211624146
6081874944.0,-0.5812985897064209
6082812416.0,-0.5912486910820007
6083749888.0,-0.5989801287651062
6084687360.0,-0.6051623821258545
6085624832.0,-0.6112845540046692
6086562304.0,-0.6151350736618042
6087499776.0,-0.6182973384857178
6088437248.0,-0.6196057200431824
6089375232.0,-0.620607852935791
6090312704.0,-0.6204227209091187
6091250176.0,-0.6195605993270874
6092187648.0,-0.6187151670455933
6093125120.0,-0.6152499914169312
6094062592.0,-0.6087746024131775
6095000064.0,-0.6032358407974243
6095937536.0,-0.5957350134849548
6096875008.0,-0.5873537659645081
6097812480.0,-0.5780293941497803
6098749952.0,-0.5692699551582336
6099687424.0,-0.5595762133598328
6100624896.0,-0.5496447086334229
6101562368.0,-0.5388753414154053
6102499840.0,-0.5284585356712341
6103437312.0,-0.5181606411933899
6104374784.0,-0.5073251128196716
6105312256.0,-0.4975642263889313
6106250240.0,-0.48744070529937744
6107187712.0,-0.4781455397605896
6108125184.0,-0.46967288851737976
6109062656.0,-0.46196189522743225
6110000128.0,-0.4545183479785919
6110937600.0,-0.4473881125450134
6111875072.0,-0.4402649402618408
6112812544.0,-0.43374520540237427
6113750016.0,-0.4284757077693939
6114687488.0,-0.42376503348350525
6115624960.0,-0.41832366585731506
6116562432.0,-0.41366490721702576
6117499904.0,-0.41235604882240295
6118437376.0,-0.41043850779533386
6119374848.0,-0.40779349207878113
6120312320.0,-0.40681192278862
6121249792.0,-0.40536633133888245
6122187264.0,-0.40407899022102356
6123125248.0,-0.40362924337387085
6124062720.0,-0.40390101075172424
6125000192.0,-0.5897728800773621
6125937664.0,-0.6000409126281738
6126875136.0,-0.609734833240509
6127812608.0,-0.6194629669189453
6128750080.0,-0.6282240152359009
6129687552.0,-0.6356968283653259
6130625024.0,-0.6428539156913757
6131562496.0,-0.6494002938270569
6132499968.0,-0.6552721261978149
6133437440.0,-0.6600795984268188
6134374912.0,-0.6646361947059631
6135312384.0,-0.6664037704467773
6136249856.0,-0.6691176891326904
6137187328.0,-0.6698810458183289
6138124800.0,-0.6719582080841064
6139062272.0,-0.6723714470863342
6140000256.0,-0.6726899147033691
6140937728.0,-0.6720523834228516
6141875200.0,-0.6700322031974792
6142812672.0,-0.6683239340782166
6143750144.0,-0.6654607057571411
6144687616.0,-0.6620430946350098
6145625088.0,-0.6583548784255981
6146562560.0,-0.6539642214775085
6147500032.0,-0.6502230763435364
6148437504.0,-0.6450759172439575
6149374976.0,-0.6425666809082031
6150312448.0,-0.6386234760284424
6151249920.0,-0.6362565755844116
6152187392.0,-0.6345915794372559
6153124864.0,-0.6348415017127991
6154062336.0,-0.6345393657684326
6154999808.0,-0.634568452835083
6155937280.0,-0.6344713568687439
6156874752.0,-0.633884608745575
6157812736.0,-0.6342051029205322
6158750208.0,-0.6344141960144043
6159687680.0,-0.6351435780525208
6160625152.0,-0.6361572742462158
6161562624.0,-0.6386899352073669
6162500096.0,-0.6424074769020081
6163437568.0,-0.645871102809906
6164375040.0,-0.6504255533218384
6165312512.0,-0.6555125713348389
6166249984.0,-0.661784291267395
6167187456.0,-0.6683415174484253
6168124928.0,-0.6754614114761353
6169062400.0,-0.6826276779174805
6169999872.0,-0.6908653378486633
6170937344.0,-0.6992088556289673
6171874816.0,-0.7060888409614563
6172812288.0,-0.7140845656394958
6173749760.0,-0.7222650647163391
6174687744.0,-0.7297232747077942
6175625216.0,-0.7369292378425598
6176562688.0,-0.7439600825309753
6177500160.0,-0.7524644136428833
6178437632.0,-0.7590166330337524
6179375104.0,-0.7660849690437317
6180312576.0,-0.7741256356239319
6181250048.0,-0.7800979018211365
6182187520.0,-0.7864471077919006
6183124992.0,-0.7925699353218079
6184062464.0,-0.7978205680847168
6184999936.0,-0.6311420798301697
6185937408.0,-0.6506027579307556
6186874880.0,-0.6680585145950317
6187812352.0,-0.687269926071167
6188749824.0,-0.7060683965682983
6189687296.0,-0.724309504032135
6190624768.0,-0.7423505783081055
6191562752.0,-0.7620050311088562
6192500224.0,-0.7775731682777405
6193437696.0,-0.7951875329017639
6194375168.0,-0.8100679516792297
6195312640.0,-0.8246219158172607
6196250112.0,-0.839070737361908
6197187584.0,-0.8509830832481384
6198125056.0,-0.8618255257606506
6199062528.0,-0.871077299118042
6200000000.0,-0.8792372941970825
6200937472.0,-0.8855841159820557
6201874944.0,-0.8914680480957031
6202812416.0,-0.8937966227531433
6203749888.0,-0.8944661021232605
6204687360.0,-0.89249187707901
6205624832.0,-0.8892368078231812
6206562304.0,-0.8844321966171265
6207499776.0,-0.8787983059883118
6208437248.0,-0.8702329397201538
6209375232.0,-0.8626038432121277
6210312704.0,-0.8526012301445007
6211250176.0,-0.8420332670211792
6212187648.0,-0.8300884366035461
6213125120.0,-0.8188774585723877
6214062592.0,-0.8061840534210205
6215000064.0,-0.7924697399139404
6215937536.0,-0.7801882028579712
6216875008.0,-0.7659279704093933
6217812480.0,-0.7530732750892639
6218749952.0,-0.7380595803260803
6219687424.0,-0.7234476804733276
6220624896.0,-0.7104545831680298
6221562368.0,-0.6971050500869751
6222499840.0,-0.6840786337852478
6223437312.0,-0.6711230278015137
6224374784.0,-0.6593408584594727
6225312256.0,-0.6485822200775146
6226250240.0,-0.6387612819671631
6227187712.0,-0.6299687623977661
6228125184.0,-0.6214413046836853
6229062656.0,-0.6151034235954285
6230000128.0,-0.6095372438430786
6230937600.0,-0.6048622131347656
6231875072.0,-0.6023285984992981
6232812544.0,-0.6006742715835571
6233750016.0,-0.5997637510299683
6234687488.0,-0.6011960506439209
6235624960.0,-0.60379558801651
6236562432.0,-0.6059051752090454
6237499904.0,-0.6113013029098511
6238437376.0,-0.6171174049377441
6239374848.0,-0.6234402656555176
6240312320.0,-0.6313866972923279
6241249792.0,-0.6417821049690247
6242187264.0,-0.6509607434272766
6243125248.0,-0.6612094640731812
6244062720.0,-0.6724485754966736
6245000192.0,-0.6785297989845276
6245937664.0,-0.6916124820709229
6246875136.0,-0.7051522731781006
6247812608.0,-0.7197685837745667
6248750080.0,-0.7339797616004944
6249687552.0,-0.7480008602142334
6250625024.0,-0.762806236743927
6251562496.0,-0.7756466865539551
6252499968.0,-0.7888247966766357
6253437440.0,-0.8016586899757385
6254374912.0,-0.8144875764846802
6255312384.0,-0.8257547616958618
6256249856.0,-0.8369174599647522
6257187328.0,-0.8473764657974243
6258124800.0,-0.8560438752174377
6259062272.0,-0.8656936287879944
6259999744.0,-0.8734323978424072
6260937728.0,-0.8799967765808105
6261875200.0,-0.884932816028595
6262812672.0,-0.8900277018547058
6263750144.0,-0.8929705023765564
6264687616.0,-0.8956030607223511
6265625088.0,-0.8955232501029968
6266562560.0,-0.8963693976402283
6267500032.0,-0.8953993916511536
6268437504.0,-0.8937147259712219
6269374976.0,-0.8916133046150208
6270312448.0,-0.8888734579086304
6271249920.0,-0.8849852681159973
6272187392.0,-0.8828341960906982
6273124864.0,-0.8803392052650452
6274062336.0,-0.8770787715911865
6274999808.0,-0.8750866651535034
6275937280.0,-0.870752215385437
6276874752.0,-0.8691191673278809
6277812736.0,-0.864968478679657
6278750208.0,-0.8620190620422363
6279687680.0,-0.8597825765609741
6280625152.0,-0.8569244742393494
6281562624.0,-0.8550240993499756
6282500096.0,-0.8537324666976929
6283437568.0,-0.8528203964233398
6284375040.0,-0.8501514196395874
6285312512.0,-0.8501173853874207
6286249984.0,-0.8504431247711182
6287187456.0,-0.8510390520095825
6288124928.0,-0.8515030741691589
6289062400.0,-0.8542649149894714
6289999872.0,-0.8566019535064697
6290937344.0,-0.8598198890686035
6291874816.0,-0.8644618988037109
6292812288.0,-0.8686882853507996
6293749760.0,-0.8726590275764465
6294687744.0,-0.8772295117378235
6295625216.0,-0.8823010325431824
6296562688.0,-0.8855464458465576
6297500160.0,-0.8905924558639526
6298437632.0,-0.8970732092857361
6299375104.0,-0.9043160080909729
6300312576.0,-0.9135053753852844
6301250048.0,-0.9226905703544617
6302187520.0,-0.9344985485076904
6303124992.0,-0.9459728598594666
6304062464.0,-0.9581016898155212
6304999936.0,-0.9891587495803833
6305937408.0,-1.000679612159729
6306874880.0,-1.0120817422866821
6307812352.0,-1.0239189863204956
6308749824.0,-1.033369541168213
6309687296.0,-1.0439598560333252
6310624768.0,-1.053884506225586
6311562752.0,-1.063557744026184
6312500224.0,-1.071748971939087
6313437696.0,-1.0821020603179932
6314375168.0,-1.092218279838562
6315312640.0,-1.1013691425323486
6316250112.0,-1.1123161315917969
6317187584.0,-1.1223524808883667
6318125056.0,-1.131943702697754
6319062528.0,-1.1426748037338257
6320000000.0,-1.1543691158294678
6320937472.0,-1.1634740829467773
6321874944.0,-1.173628330230713
6322812416.0,-1.183370590209961
6323749888.0,-1.194493055343628
6324687360.0,-1.2059180736541748
6325624832.0,-1.216215968132019
6326562304.0,-1.2270601987838745
6327499776.0,-1.2370716333389282
6328437248.0,-1.2459592819213867
6329375232.0,-1.2563620805740356
6330312704.0,-1.2657690048217773
6331250176.0,-1.27413809299469
6332187648.0,-1.2798594236373901
6333125120.0,-1.2842601537704468
6334062592.0,-1.289749264717102
6335000064.0,-1.2923674583435059
6335937536.0,-1.296202301979065
6336875008.0,-1.299053430557251
6337812480.0,-1.3018007278442383
6338749952.0,-1.304024577140808
6339687424.0,-1.3054919242858887
6340624896.0,-1.3030437231063843
6341562368.0,-1.2995250225067139
6342499840.0,-1.2942817211151123
6343437312.0,-1.2860736846923828
6344374784.0,-1.274456262588501
6345312256.0,-1.2601255178451538
6346250240.0,-1.2458518743515015
6347187712.0,-1.232267141342163
6348125184.0,-1.2179319858551025
6349062656.0,-1.203238844871521
6350000128.0,-1.188825011253357
6350937600.0,-1.1748313903808594
6351875072.0,-1.1611733436584473
6352812544.0,-1.1463803052902222
6353750016.0,-1.133188009262085
6354687488.0,-1.1188039779663086
6355624960.0,-1.1064825057983398
6356562432.0,-1.0941966772079468
6357499904.0,-1.0825990438461304
6358437376.0,-1.0718560218811035
6359374848.0,-1.0614383220672607
6360312320.0,-1.051826000213623
6361249792.0,-1.0426552295684814
6362187264.0,-1.0344133377075195
6363125248.0,-1.0279046297073364
6364062720.0,-1.0233672857284546
6365000192.0,-1.3821780681610107
6365937664.0,-1.3956598043441772
6366875136.0,-1.4085683822631836
6367812608.0,-1.4233040809631348
6368750080.0,-1.437463402748108
6369687552.0,-1.452305555343628
6370625024.0,-1.4663429260253906
6371562496.0,-1.4820992946624756
6372499968.0,-1.496680498123169
6373437440.0,-1.5112590789794922
6374374912.0,-1.5256201028823853
6375312384.0,-1.5370831489562988
6376249856.0,-1.5478250980377197
6377187328.0,-1.5563933849334717
6378124800.0,-1.5652365684509277
6379062272.0,-1.5698297023773193
6380000256.0,-1.5746269226074219
6380937728.0,-1.57868230342865
6381875200.0,-1.5802271366119385
6382812672.0,-1.584288239479065
6383750144.0,-1.5864770412445068
6384687616.0,-1.589270830154419
6385625088.0,-1.5908849239349365
6386562560.0,-1.5906274318695068
6387500032.0,-1.5895484685897827
6388437504.0,-1.586102843284607
6389374976.0,-1.5820486545562744
6390312448.0,-1.5785852670669556
6391249920.0,-1.5715950727462769
6392187392.0,-1.566146731376648
6393124864.0,-1.5583934783935547
6394062336.0,-1.5501238107681274
6394999808.0,-1.5415469408035278
6395937280.0,-1.5329053401947021
6396874752.0,-1.5232630968093872
6397812736.0,-1.5149908065795898
6398750208.0,-1.5060354471206665
6399687680.0,-1.4985756874084473
6400625152.0,-1.4906423091888428
6401562624.0,-1.4848945140838623
6402500096.0,-1.4782259464263916
6403437568.0,-1.4713261127471924
6404375040.0,-1.4680466651916504
6405312512.0,-1.4645490646362305
6406249984.0,-1.4630465507507324
6407187456.0,-1.4637378454208374
6408124928.0,-1.4675123691558838
6409062400.0,-1.472882628440857
6409999872.0,-1.4796957969665527
6410937344.0,-1.4894425868988037
6411874816.0,-1.502082347869873
6412812288.0,-1.5162310600280762
6413749760.0,-1.5323342084884644
6414687744.0,-1.5496631860733032
6415625216.0,-1.568023920059204
6416562688.0,-1.5887879133224487
6417500160.0,-1.6108053922653198
6418437632.0,-1.635704755783081
6419375104.0,-1.660037636756897
6420312576.0,-1.6839122772216797
6421250048.0,-1.7089182138442993
6422187520.0,-1.7337453365325928
6423124992.0,-1.7605870962142944
6424062464.0,-1.7886135578155518
6424999936.0,-1.8199795484542847
6425937408.0,-1.8490345478057861
6426874880.0,-1.8772621154785156
6427812352.0,-1.904598355293274
6428749824.0,-1.9330443143844604
6429687296.0,-1.9594155550003052
6430624768.0,-1.9879474639892578
6431562752.0,-2.0157246589660645
6432500224.0,-2.046811819076538
6433437696.0,-2.0765533447265625
6434375168.0,-2.1062417030334473
6435312640.0,-2.1358728408813477
6436250112.0,-2.164492130279541
6437187584.0,-2.1909115314483643
6438125056.0,-2.216015338897705
6439062528.0,-2.2395451068878174
6440000000.0,-2.2611382007598877
6440937472.0,-2.2799813747406006
6441874944.0,-2.3007657527923584
6442812416.0,-2.317551374435425
6443749888.0,-2.332973003387451
6444687360.0,-2.3481369018554688
6445624832.0,-2.3594882488250732
6446562304.0,-2.370374917984009
6447499776.0,-2.3792006969451904
6448437248.0,-2.3859519958496094
6449375232.0,-2.390524387359619
6450312704.0,-2.3939387798309326
6451250176.0,-2.3982362747192383
6452187648.0,-2.398815631866455
6453125120.0,-2.3998799324035645
6454062592.0,-2.4002525806427
6455000064.0,-2.399272918701172
6455937536.0,-2.3981094360351562
6456875008.0,-2.394713878631592
6457812480.0,-2.3917548656463623
6458749952.0,-2.3882956504821777
6459687424.0,-2.386272668838501
6460624896.0,-2.38480281829834
6461562368.0,-2.3829472064971924
6462499840.0,-2.380708932876587
6463437312.0,-2.3778626918792725
6464374784.0,-2.376051902770996
6465312256.0,-2.3761003017425537
6466250240.0,-2.3766489028930664
6467187712.0,-2.3791306018829346
6468125184.0,-2.3812835216522217
6469062656.0,-2.3866782188415527
6470000128.0,-2.392253875732422
6470937600.0,-2.3992302417755127
6471875072.0,-2.408503293991089
6472812544.0,-2.4201014041900635
6473750016.0,-2.431905746459961
6474687488.0,-2.446324586868286
6475624960.0,-2.463310480117798
6476562432.0,-2.4833290576934814
6477499904.0,-2.5045316219329834
6478437376.0,-2.5268540382385254
6479374848.0,-2.5496912002563477
6480312320.0,-2.5765180587768555
6481249792.0,-2.6028435230255127
6482187264.0,-2.631883382797241
6483125248.0,-2.662740468978882
6484062720.0,-2.693354606628418
6485000192.0,-2.794356346130371
6485937664.0,-2.8162333965301514
6486875136.0,-2.8378515243530273
6487812608.0,-2.8600635528564453
6488750080.0,-2.882106304168701
6489687552.0,-2.903982162475586
6490625024.0,-2.9269862174987793
6491562496.0,-2.9508073329925537
6492499968.0,-2.9759984016418457
6493437440.0,-3.00268292427063
6494374912.0,-3.0316951274871826
6495312384.0,-3.0623703002929688
6496249856.0,-3.0927865505218506
6497187328.0,-3.125135660171509
6498124800.0,-3.1553430557250977
6499062272.0,-3.1883857250213623
6499999744.0,-3.2200472354888916
6500937728.0,-3.250049114227295
6501875200.0,-3.27838134765625
6502812672.0,-3.305535078048706
6503750144.0,-3.3301568031311035
6504687616.0,-3.3539557456970215
6505625088.0,-3.3761396408081055
6506562560.0,-3.3959388732910156
6507500032.0,-3.4162259101867676
6508437504.0,-3.4375088214874268
6509374976.0,-3.460371732711792
6510312448.0,-3.486114978790283
6511249920.0,-3.514855146408081
6512187392.0,-3.543607473373413
6513124864.0,-3.5750539302825928
6514062336.0,-3.608623743057251
6514999808.0,-3.6425979137420654
6515937280.0,-3.6792056560516357
6516874752.0,-3.7157557010650635
6517812736.0,-3.750406503677368
6518750208.0,-3.7862050533294678
6519687680.0,-3.824028491973877
6520625152.0,-3.8601558208465576
6521562624.0,-3.896160125732422
6522500096.0,-3.9319589138031006
6523437568.0,-3.9675981998443604
6524375040.0,-4.003728866577148
6525312512.0,-4.045925140380859
6526249984.0,-4.08677339553833
6527187456.0,-4.130560874938965
6528124928.0,-4.174383640289307
6529062400.0,-4.220732688903809
6529999872.0,-4.264405250549316
6530937344.0,-4.3083295822143555
6531874816.0,-4.347986698150635
6532812288.0,-4.388741493225098
6533749760.0,-4.429579734802246
6534687744.0,-4.474123477935791
6535625216.0,-4.5183000564575195
6536562688.0,-4.566112518310547
6537500160.0,-4.61466646194458
6538437632.0,-4.663691520690918
6539375104.0,-4.711019515991211
6540312576.0,-4.760579586029053
6541250048.0,-4.805978775024414
6542187520.0,-4.852845191955566
6543124992.0,-4.8987932205200195
6544062464.0,-4.9451775550842285
6544999936.0,-4.9870100021362305
6545937408.0,-5.036886215209961
6546874880.0,-5.086127758026123
6547812352.0,-5.133720874786377
6548749824.0,-5.179026126861572
6549687296.0,-5.219527721405029
6550624768.0,-5.262621879577637
6551562752.0,-5.304361343383789
6552500224.0,-5.345835208892822
6553437696.0,-5.388377666473389
6554375168.0,-5.4321160316467285
6555312640.0,-5.477213382720947
6556250112.0,-5.525888919830322
6557187584.0,-5.573727607727051
6558125056.0,-5.625370502471924
6559062528.0,-5.678535461425781
6560000000.0,-5.733238697052002
6560937472.0,-5.791451930999756
6561874944.0,-5.850100994110107
6562812416.0,-5.909785747528076
6563749888.0,-5.9730987548828125
6564687360.0,-6.034849166870117
6565624832.0,-6.099737167358398
6566562304.0,-6.160097599029541
6567499776.0,-6.223865985870361
6568437248.0,-6.283241271972656
6569375232.0,-6.344729423522949
6570312704.0,-6.4097795486450195
6571250176.0,-6.477092742919922
6572187648.0,-6.547169208526611
6573125120.0,-6.618571758270264
6574062592.0,-6.688680171966553
6575000064.0,-6.758212566375732
6575937536.0,-6.829071998596191
6576875008.0,-6.901218414306641
6577812480.0,-6.983213424682617
6578749952.0,-7.0707879066467285
6579687424.0,-7.1629486083984375
6580624896.0,-7.25661039352417
6581562368.0,-7.352421760559082
6582499840.0,-7.4473981857299805
6583437312.0,-7.542753219604492
6584374784.0,-7.638111114501953
6585312256.0,-7.733900547027588
6586250240.0,-7.8286566734313965
6587187712.0,-7.922257900238037
6588125184.0,-8.01328182220459
6589062656.0,-8.106040000915527
6590000128.0,-8.199403762817383
6590937600.0,-8.296733856201172
6591875072.0,-8.395590782165527
6592812544.0,-8.499866485595703
6593750016.0,-8.606081008911133
6594687488.0,-8.711775779724121
6595624960.0,-8.81684398651123
6596562432.0,-8.92838191986084
6597499904.0,-9.040716171264648
6598437376.0,-9.158556938171387
6599374848.0,-9.279536247253418
6600312320.0,-9.40038013458252
6601249792.0,-9.520145416259766
6602187264.0,-9.63945198059082
6603125248.0,-9.754765510559082
6604062720.0,-9.868062973022461
6605000192.0,-9.968587875366211
6605937664.0,-10.064788818359375
6606875136.0,-10.156676292419434
6607812608.0,-10.245078086853027
6608750080.0,-10.332230567932129
6609687552.0,-10.420656204223633
6610625024.0,-10.51430606842041
6611562496.0,-10.606800079345703
6612499968.0,-10.696783065795898
6613437440.0,-10.782838821411133
6614374912.0,-10.859539031982422
6615312384.0,-10.930547714233398
6616249856.0,-10.995904922485352
6617187328.0,-11.058382034301758
6618124800.0,-11.122461318969727
6619062272.0,-11.187381744384766
6620000256.0,-11.256291389465332
6620937728.0,-11.323978424072266
6621875200.0,-11.384100914001465
6622812672.0,-11.445199012756348
6623750144.0,-11.499855041503906
6624687616.0,-11.541036605834961
6625625088.0,-11.577301025390625
6626562560.0,-11.607731819152832
6627500032.0,-11.62972354888916
6628437504.0,-11.646026611328125
6629374976.0,-11.651751518249512
6630312448.0,-11.649720191955566
6631249920.0,-11.64370059967041
6632187392.0,-11.639358520507812
6633124864.0,-11.632641792297363
6634062336.0,-11.633298873901367
6634999808.0,-11.632689476013184
6635937280.0,-11.627689361572266
6636874752.0,-11.619208335876465
6637812736.0,-11.607827186584473
6638750208.0,-11.59074592590332
6639687680.0,-11.567182540893555
6640625152.0,-11.532361030578613
6641562624.0,-11.48640251159668
6642500096.0,-11.436178207397461
6643437568.0,-11.375006675720215
6644375040.0,-11.308281898498535
6645312512.0,-11.238973617553711
6646249984.0,-11.17000961303711
6647187456.0,-11.103991508483887
6648124928.0,-11.040879249572754
6649062400.0,-10.971416473388672
6649999872.0,-10.898307800292969
6650937344.0,-10.821792602539062
6651874816.0,-10.740056037902832
6652812288.0,-10.658894538879395
6653749760.0,-10.572078704833984
6654687744.0,-10.484932899475098
6655625216.0,-10.392340660095215
6656562688.0,-10.298190116882324
6657500160.0,-10.197820663452148
6658437632.0,-10.091334342956543
6659375104.0,-9.97966480255127
6660312576.0,-9.861876487731934
6661250048.0,-9.743085861206055
6662187520.0,-9.625222206115723
6663124992.0,-9.506877899169922
6664062464.0,-9.395306587219238
6664999936.0,-9.269405364990234
6665937408.0,-9.161102294921875
6666874880.0,-9.0546236038208
6667812352.0,-8.948708534240723
6668749824.0,-8.845561027526855
6669687296.0,-8.747499465942383
6670624768.0,-8.64986801147461
6671562752.0,-8.552361488342285
6672500224.0,-8.456770896911621
6673437696.0,-8.35787582397461
6674375168.0,-8.258964538574219
6675312640.0,-8.155637741088867
6676250112.0,-8.049595832824707
6677187584.0,-7.94263219833374
6678125056.0,-7.832691669464111
6679062528.0,-7.723490238189697
6680000000.0,-7.618131160736084
6680937472.0,-7.517647743225098
6681874944.0,-7.425262451171875
6682812416.0,-7.338630199432373
6683749888.0,-7.259756088256836
6684687360.0,-7.18428373336792
6685624832.0,-7.112739562988281
6686562304.0,-7.04394006729126
6687499776.0,-6.9786601066589355
6688437248.0,-6.911326885223389
6689375232.0,-6.849849700927734
6690312704.0,-6.787137508392334
6691250176.0,-6.725631237030029
6692187648.0,-6.665283203125
6693125120.0,-6.606576919555664
6694062592.0,-6.547224521636963
6695000064.0,-6.487096786499023
6695937536.0,-6.425020694732666
6696875008.0,-6.3626389503479
6697812480.0,-6.3016276359558105
6698749952.0,-6.24337911605835
6699687424.0,-6.187443256378174
6700624896.0,-6.132495880126953
6701562368.0,-6.078625679016113
6702499840.0,-6.02484655380249
6703437312.0,-5.9698805809021
6704374784.0,-5.915040969848633
6705312256.0,-5.859222412109375
6706250240.0,-5.805570602416992
6707187712.0,-5.7528791427612305
6708125184.0,-5.698777675628662
6709062656.0,-5.642429828643799
6710000128.0,-5.583948612213135
6710937600.0,-5.527254581451416
6711875072.0,-5.470749378204346
6712812544.0,-5.4149274826049805
6713750016.0,-5.3573408126831055
6714687488.0,-5.298023700714111
6715624960.0,-5.237459182739258
6716562432.0,-5.174405574798584
6717499904.0,-5.110297679901123
6718437376.0,-5.046570301055908
6719374848.0,-4.983267307281494
6720312320.0,-4.918801784515381
6721249792.0,-4.8555908203125
6722187264.0,-4.792388439178467
6723125248.0,-4.728641510009766
6724062720.0,-4.663797855377197
6725000192.0,-4.392238140106201
6725937664.0,-4.318736553192139
6726875136.0,-4.24393367767334
6727812608.0,-4.17357063293457
6728750080.0,-4.10520076751709
6729687552.0,-4.039140701293945
6730625024.0,-3.9761908054351807
6731562496.0,-3.914691925048828
6732499968.0,-3.8587448596954346
6733437440.0,-3.805043935775757
6734374912.0,-3.7533011436462402
6735312384.0,-3.702167272567749
6736249856.0,-3.655914783477783
6737187328.0,-3.6092467308044434
6738124800.0,-3.5639047622680664
6739062272.0,-3.5214898586273193
6739999744.0,-3.480492115020752
6740937728.0,-3.442512035369873
6741875200.0,-3.405229330062866
6742812672.0,-3.3725168704986572
6743750144.0,-3.3402135372161865
6744687616.0,-3.3118765354156494
6745625088.0,-3.283055543899536
6746562560.0,-3.254986047744751
6747500032.0,-3.23060941696167
6748437504.0,-3.20509934425354
6749374976.0,-3.1830203533172607
6750312448.0,-3.160202980041504
6751249920.0,-3.1395931243896484
6752187392.0,-3.1171321868896484
6753124864.0,-3.0991697311401367
6754062336.0,-3.083259344100952
6754999808.0,-3.067723035812378
6755937280.0,-3.0544443130493164
6756874752.0,-3.040403127670288
6757812736.0,-3.027393341064453
6758750208.0,-3.0135607719421387
6759687680.0,-2.997633457183838
6760625152.0,-2.984285831451416
6761562624.0,-2.9695229530334473
6762500096.0,-2.951760768890381
6763437568.0,-2.932060956954956
6764375040.0,-2.9124765396118164
6765312512.0,-2.8897199630737305
6766249984.0,-2.8659684658050537
6767187456.0,-2.841352939605713
6768124928.0,-2.8153879642486572
6769062400.0,-2.7885982990264893
6769999872.0,-2.7605714797973633
6770937344.0,-2.730587959289551
6771874816.0,-2.698699951171875
6772812288.0,-2.666323661804199
6773749760.0,-2.6323697566986084
6774687744.0,-2.599393129348755
6775625216.0,-2.56471586227417
6776562688.0,-2.532405376434326
6777500160.0,-2.498746156692505
6778437632.0,-2.470674991607666
6779375104.0,-2.4406979084014893
6780312576.0,-2.411050319671631
6781250048.0,-2.3821604251861572
6782187520.0,-2.3500630855560303
6783124992.0,-2.319103717803955
6784062464.0,-2.2873072624206543
6784999936.0,-2.2634594440460205
6785937408.0,-2.2269978523254395
6786874880.0,-2.1927523612976074
6787812352.0,-2.160966396331787
6788749824.0,-2.1308467388153076
6789687296.0,-2.1018564701080322
6790624768.0,-2.0739970207214355
6791562752.0,-2.0479581356048584
6792500224.0,-2.0224647521972656
6793437696.0,-1.9961371421813965
6794375168.0,-1.9737319946289062
6795312640.0,-1.953243374824524
6796250112.0,-1.9314554929733276
6797187584.0,-1.9139225482940674
6798125056.0,-1.8968039751052856
6799062528.0,-1.8804322481155396
6800000000.0,-1.8652352094650269
6800937472.0,-1.8504949808120728
6801874944.0,-1.8373470306396484
6802812416.0,-1.8232905864715576
6803749888.0,-1.8113154172897339
6804687360.0,-1.8001391887664795
6805624832.0,-1.7906666994094849
6806562304.0,-1.7801895141601562
6807499776.0,-1.769679069519043
6808437248.0,-1.7585500478744507
6809375232.0,-1.7489523887634277
6810312704.0,-1.737641453742981
6811250176.0,-1.726460576057434
6812187648.0,-1.715823769569397
6813125120.0,-1.7048821449279785
6814062592.0,-1.6921566724777222
6815000064.0,-1.6801588535308838
6815937536.0,-1.6668391227722168
6816875008.0,-1.653244137763977
6817812480.0,-1.6389586925506592
6818749952.0,-1.6240932941436768
6819687424.0,-1.6085437536239624
6820624896.0,-1.5938868522644043
6821562368.0,-1.5761868953704834
6822499840.0,-1.558032751083374
6823437312.0,-1.5403023958206177
6824374784.0,-1.5213801860809326
6825312256.0,-1.5020337104797363
6826250240.0,-1.4810389280319214
6827187712.0,-1.4602301120758057
6828125184.0,-1.4385614395141602
6829062656.0,-1.416311264038086
6830000128.0,-1.3926945924758911
6830937600.0,-1.3704019784927368
6831875072.0,-1.3484337329864502
6832812544.0,-1.32431960105896
6833750016.0,-1.3029335737228394
6834687488.0,-1.2801659107208252
6835624960.0,-1.258364200592041
6836562432.0,-1.235188364982605
6837499904.0,-1.2149595022201538
6838437376.0,-1.1935704946517944
6839374848.0,-1.1742089986801147
6840312320.0,-1.1574773788452148
6841249792.0,-1.1404385566711426
6842187264.0,-1.1270225048065186
6843125248.0,-1.113518476486206
6844062720.0,-1.101298213005066
6845000192.0,-1.0642095804214478
6845937664.0,-1.055356740951538
6846875136.0,-1.0470001697540283
6847812608.0,-1.0397064685821533
6848750080.0,-1.0344761610031128
6849687552.0,-1.0295732021331787
6850625024.0,-1.0253283977508545
6851562496.0,-1.0243796110153198
6852499968.0,-1.023008942604065
6853437440.0,-1.0231109857559204
6854374912.0,-1.0251325368881226
6855312384.0,-1.0261709690093994
6856249856.0,-1.028235912322998
6857187328.0,-1.0316420793533325
6858124800.0,-1.0369361639022827
6859062272.0,-1.041740894317627
6860000256.0,-1.049078345298767
6860937728.0,-1.0568609237670898
6861875200.0,-1.065725564956665
6862812672.0,-1.0760152339935303
6863750144.0,-1.086064100265503
6864687616.0,-1.0973490476608276
6865625088.0,-1.1086305379867554
6866562560.0,-1.1204098463058472
6867500032.0,-1.132967472076416
6868437504.0,-1.1437522172927856
6869374976.0,-1.1556663513183594
6870312448.0,-1.165262222290039
6871249920.0,-1.1750645637512207
6872187392.0,-1.1825884580612183
6873124864.0,-1.1892372369766235
6874062336.0,-1.194756031036377
6874999808.0,-1.1979315280914307
6875937280.0,-1.198004961013794
6876874752.0,-1.197058916091919
6877812736.0,-1.1951935291290283
6878750208.0,-1.190922737121582
6879687680.0,-1.1841686964035034
6880625152.0,-1.172348976135254
6881562624.0,-1.1600285768508911
6882500096.0,-1.1458123922348022
6883437568.0,-1.129589319229126
6884375040.0,-1.1099131107330322
6885312512.0,-1.0911329984664917
6886249984.0,-1.0683420896530151
6887187456.0,-1.0453393459320068
6888124928.0,-1.0209420919418335
6889062400.0,-0.9940305352210999
6889999872.0,-0.9676017761230469
6890937344.0,-0.9398662447929382
6891874816.0,-0.9109838604927063
6892812288.0,-0.8821989893913269
6893749760.0,-0.8525369167327881
6894687744.0,-0.8231742978096008
6895625216.0,-0.7936197519302368
6896562688.0,-0.7632449269294739
6897500160.0,-0.7333922982215881
6898437632.0,-0.7055445909500122
6899375104.0,-0.6759724020957947
6900312576.0,-0.64833664894104
6901250048.0,-0.6213133335113525
6902187520.0,-0.5949917435646057
6903124992.0,-0.5705724954605103
6904062464.0,-0.5470321774482727
6904999936.0,-0.4994593560695648
6905937408.0,-0.49498251080513
6906874880.0,-0.49028950929641724
6907812352.0,-0.48678261041641235
6908749824.0,-0.4856143295764923
6909687296.0,-0.4851004183292389
6910624768.0,-0.48613297939300537
6911562752.0,-0.48903852701187134
6912500224.0,-0.49178561568260193
6913437696.0,-0.49594905972480774
6914375168.0,-0.5012345910072327
6915312640.0,-0.5062060356140137
6916250112.0,-0.5120791792869568
6917187584.0,-0.5192162990570068
6918125056.0,-0.5251016616821289
6919062528.0,-0.5326226353645325
6920000000.0,-0.5403160452842712
6920937472.0,-0.5491976141929626
6921874944.0,-0.5572955012321472
6922812416.0,-0.5655286908149719
6923749888.0,-0.5739027261734009
6924687360.0,-0.5820886492729187
6925624832.0,-0.5894991755485535
6926562304.0,-0.5970079898834229
6927499776.0,-0.6046797633171082
6928437248.0,-0.6113808751106262
6929375232.0,-0.6183791160583496
6930312704.0,-0.6257250905036926
6931250176.0,-0.6353559494018555
6932187648.0,-0.6449486017227173
6933125120.0,-0.6529979705810547
6934062592.0,-0.6599233746528625
6935000064.0,-0.6671770811080933
6935937536.0,-0.6735163331031799
6936875008.0,-0.6793513298034668
6937812480.0,-0.6847438812255859
6938749952.0,-0.6883645057678223
6939687424.0,-0.6927174925804138
6940624896.0,-0.6959120631217957
6941562368.0,-0.6988712549209595
6942499840.0,-0.6998433470726013
6943437312.0,-0.7018378376960754
6944374784.0,-0.700647234916687
6945312256.0,-0.7002508640289307
6946250240.0,-0.6975123286247253
6947187712.0,-0.6945733428001404
6948125184.0,-0.6902773380279541
6949062656.0,-0.6856411695480347
6950000128.0,-0.6799147725105286
6950937600.0,-0.6730340123176575
6951875072.0,-0.6660403609275818
6952812544.0,-0.6573580503463745
6953750016.0,-0.6476218700408936
6954687488.0,-0.6372517347335815
6955624960.0,-0.6263633370399475
6956562432.0,-0.6157640814781189
6957499904.0,-0.6057198643684387
6958437376.0,-0.5932721495628357
6959374848.0,-0.5809807777404785
6960312320.0,-0.5682268738746643
6961249792.0,-0.5543712377548218
6962187264.0,-0.5396571159362793
6963125248.0,-0.5243827104568481
6964062720.0,-0.508310079574585
6965000192.0,-0.4286045730113983
6965937664.0,-0.4191928803920746
6966875136.0,-0.40988877415657043
6967812608.0,-0.4011988341808319
6968750080.0,-0.39195680618286133
6969687552.0,-0.3846999704837799
6970625024.0,-0.37652695178985596
6971562496.0,-0.3688110411167145
6972499968.0,-0.3628179728984833
6973437440.0,-0.3553234934806824
6974374912.0,-0.35029956698417664
6975312384.0,-0.34593039751052856
6976249856.0,-0.341103732585907
6977187328.0,-0.3384486436843872
6978124800.0,-0.33671823143959045
6979062272.0,-0.33606982231140137
6979999744.0,-0.33517488837242126
6980937728.0,-0.3351365625858307
6981875200.0,-0.33599990606307983
6982812672.0,-0.3383519649505615
6983750144.0,-0.3395211696624756
6984687616.0,-0.3440544307231903
6985625088.0,-0.3492704927921295
6986562560.0,-0.3553906977176666
6987500032.0,-0.3630438446998596
6988437504.0,-0.37062105536460876
6989374976.0,-0.3793710172176361
6990312448.0,-0.39008450508117676
6991249920.0,-0.4026039242744446
6992187392.0,-0.4137210249900818
6993124864.0,-0.42558228969573975
6994062336.0,-0.43894171714782715
6994999808.0,-0.45096343755722046
6995937280.0,-0.4637412130832672
6996874752.0,-0.47572916746139526
6997812736.0,-0.48865506052970886
6998750208.0,-0.5012190341949463
6999687680.0,-0.5124321579933167
7000625152.0,-0.5242545008659363
7001562624.0,-0.5345954298973083
7002500096.0,-0.544140100479126
7003437568.0,-0.5537443161010742
7004375040.0,-0.5592241883277893
7005312512.0,-0.5659042596817017
7006249984.0,-0.571498453617096
7007187456.0,-0.5738131403923035
7008124928.0,-0.575668454170227
7009062400.0,-0.5753248929977417
7009999872.0,-0.5748062133789062
7010937344.0,-0.5727648138999939
7011874816.0,-0.5675018429756165
7012812288.0,-0.5636767745018005
7013749760.0,-0.558189332485199
7014687744.0,-0.5515033602714539
7015625216.0,-0.5438621640205383
7016562688.0,-0.535926103591919
7017500160.0,-0.5271966457366943
7018437632.0,-0.5186924338340759
7019375104.0,-0.5083088278770447
7020312576.0,-0.4991854429244995
7021250048.0,-0.4906995892524719
7022187520.0,-0.4813515543937683
7023124992.0,-0.4735261797904968
7024062464.0,-0.4641701877117157
7024999936.0,-0.43712127208709717
7025937408.0,-0.4289409816265106
7026874880.0,-0.422157347202301
7027812352.0,-0.4158936142921448
7028749824.0,-0.4096778929233551
7029687296.0,-0.40528950095176697
7030624768.0,-0.40139108896255493
7031562752.0,-0.3998189866542816
7032500224.0,-0.39842697978019714
7033437696.0,-0.39957350492477417
7034375168.0,-0.40192529559135437
7035312640.0,-0.40603992342948914
7036250112.0,-0.409898966550827
7037187584.0,-0.4171447157859802
7038125056.0,-0.42375996708869934
7039062528.0,-0.43315112590789795
7040000000.0,-0.44233787059783936
7040937472.0,-0.45160433650016785
7041874944.0,-0.46182918548583984
7042812416.0,-0.4713182747364044
7043749888.0,-0.4827309250831604
7044687360.0,-0.4909425973892212
7045624832.0,-0.5000619292259216
7046562304.0,-0.5087093710899353
7047499776.0,-0.5159102082252502
7048437248.0,-0.5216007232666016
7049375232.0,-0.5278837084770203
7050312704.0,-0.5296138525009155
7051250176.0,-0.5328008532524109
7052187648.0,-0.5321470499038696
7053125120.0,-0.5303729772567749
7054062592.0,-0.5274938941001892
7055000064.0,-0.521718442440033
7055937536.0,-0.5148597359657288
7056875008.0,-0.5052878260612488
7057812480.0,-0.4934925436973572
7058749952.0,-0.4788893163204193
7059687424.0,-0.46264365315437317
7060624896.0,-0.44465184211730957
7061562368.0,-0.4261767864227295
7062499840.0,-0.4079643785953522
7063437312.0,-0.386854887008667
7064374784.0,-0.3660098910331726
7065312256.0,-0.34471726417541504
7066250240.0,-0.3236002027988434
7067187712.0,-0.3025640547275543
7068125184.0,-0.28149622678756714
7069062656.0,-0.2606857717037201
7070000128.0,-0.24107329547405243
7070937600.0,-0.2220749855041504
7071875072.0,-0.20406045019626617
7072812544.0,-0.18667584657669067
7073750016.0,-0.1712896078824997
7074687488.0,-0.15779176354408264
7075624960.0,-0.14466626942157745
7076562432.0,-0.13479430973529816
7077499904.0,-0.12632817029953003
7078437376.0,-0.11937014013528824
7079374848.0,-0.11518777906894684
7080312320.0,-0.11356319487094879
7081249792.0,-0.11293257027864456
7082187264.0,-0.11620805412530899
7083125248.0,-0.12145467102527618
7084062720.0,-0.12679030001163483
7085000192.0,-0.27883055806159973
7085937664.0,-0.28949105739593506
7086875136.0,-0.30035290122032166
7087812608.0,-0.31501898169517517
7088750080.0,-0.33005446195602417
7089687552.0,-0.34845075011253357
7090625024.0,-0.36655670404434204
7091562496.0,-0.38802847266197205
7092499968.0,-0.41130733489990234
7093437440.0,-0.43711787462234497
7094374912.0,-0.4642539918422699
7095312384.0,-0.49436482787132263
7096249856.0,-0.5253322124481201
7097187328.0,-0.5564247369766235
7098124800.0,-0.5901527404785156
7099062272.0,-0.623617947101593
7100000256.0,-0.6575104594230652
7100937728.0,-0.6916235089302063
7101875200.0,-0.7249855399131775
7102812672.0,-0.7588962316513062
7103750144.0,-0.7907184958457947
7104687616.0,-0.8206925988197327
7105625088.0,-0.847495436668396
7106562560.0,-0.8733683824539185
7107500032.0,-0.8953797221183777
7108437504.0,-0.9130039215087891
7109374976.0,-0.9286433458328247
7110312448.0,-0.9411219954490662
7111249920.0,-0.9496709108352661
7112187392.0,-0.9539920687675476
7113124864.0,-0.9547925591468811
7114062336.0,-0.9493899941444397
7114999808.0,-0.9416949152946472
7115937280.0,-0.929433286190033
7116874752.0,-0.913896381855011
7117812736.0,-0.8948884010314941
7118750208.0,-0.8709401488304138
7119687680.0,-0.846110999584198
7120625152.0,-0.8182662725448608
7121562624.0,-0.7876466512680054
7122500096.0,-0.7551023364067078
7123437568.0,-0.7210166454315186
7124375040.0,-0.6858872175216675
7125312512.0,-0.6496249437332153
7126249984.0,-0.6137878894805908
7127187456.0,-0.5770696997642517
7128124928.0,-0.5408645868301392
7129062400.0,-0.5048375725746155
7129999872.0,-0.46972790360450745
7130937344.0,-0.4349290728569031
7131874816.0,-0.4019102156162262
7132812288.0,-0.3709101676940918
7133749760.0,-0.33973172307014465
7134687744.0,-0.31130725145339966
7135625216.0,-0.2857527434825897
7136562688.0,-0.26147428154945374
7137500160.0,-0.23853395879268646
7138437632.0,-0.21793530881404877
7139375104.0,-0.19859188795089722
7140312576.0,-0.18252545595169067
7141250048.0,-0.1679474115371704
7142187520.0,-0.15475524961948395
7143124992.0,-0.1431620866060257
7144062464.0,-0.2278255671262741
7144999936.0,-0.22685928642749786
7145937408.0,-0.2259887158870697
7146874880.0,-0.22647742927074432
7147812352.0,-0.22707049548625946
7148749824.0,-0.22974157333374023
7149687296.0,-0.2317226678133011
7150624768.0,-0.2368766963481903
7151562752.0,-0.2412167638540268
7152500224.0,-0.24819985032081604
7153437696.0,-0.2561134994029999
7154375168.0,-0.26590749621391296
7155312640.0,-0.2784522771835327
7156250112.0,-0.29364290833473206
7157187584.0,-0.3107476234436035
7158125056.0,-0.3320314884185791
7159062528.0,-0.35729843378067017
7160000000.0,-0.38292112946510315
7160937472.0,-0.40957877039909363
7161874944.0,-0.43532344698905945
7162812416.0,-0.4558192491531372
7163749888.0,-0.4749539792537689
7164687360.0,-0.49004995822906494
7165624832.0,-0.5014777183532715
7166562304.0,-0.509842574596405
7167499776.0,-0.5155484676361084
7168437248.0,-0.5214112401008606
7169375232.0,-0.5243464112281799
7170312704.0,-0.5279900431632996
7171250176.0,-0.5313926935195923
7172187648.0,-0.5349491834640503
7173125120.0,-0.5383366942405701
7174062592.0,-0.5441398620605469
7175000064.0,-0.5521102547645569
7175937536.0,-0.5606971979141235
7176875008.0,-0.573575496673584
7177812480.0,-0.5886759161949158
7178749952.0,-0.6048622131347656
7179687424.0,-0.6239112019538879
7180624896.0,-0.6440528035163879
7181562368.0,-0.6656120419502258
7182499840.0,-0.6879040598869324
7183437312.0,-0.7095130681991577
7184374784.0,-0.7310181260108948
7185312256.0,-0.7508884072303772
7186250240.0,-0.7679026126861572
7187187712.0,-0.7831513285636902
7188125184.0,-0.7964858412742615
7189062656.0,-0.8053569793701172
7190000128.0,-0.810492992401123
7190937600.0,-0.8108658194541931
7191875072.0,-0.8081232309341431
7192812544.0,-0.8015452027320862
7193750016.0,-0.7913615703582764
7194687488.0,-0.7768719792366028
7195624960.0,-0.7606396079063416
7196562432.0,-0.7399855256080627
7197499904.0,-0.7175025939941406
7198437376.0,-0.692548394203186
7199374848.0,-0.6658645272254944
7200312320.0,-0.639325737953186
7201249792.0,-0.6111816763877869
7202187264.0,-0.5844528675079346
7203125248.0,-0.5594279766082764
7204062720.0,-0.6791290044784546
7205000192.0,-0.667715311050415
7205937664.0,-0.6602726578712463
7206875136.0,-0.6551437973976135
7207812608.0,-0.6516283750534058
7208750080.0,-0.6502442359924316
7209687552.0,-0.6509395241737366
7210625024.0,-0.6565189957618713
7211562496.0,-0.6647310853004456
7212499968.0,-0.6777451038360596
7213437440.0,-0.6926246285438538
7214374912.0,-0.7083892226219177
7215312384.0,-0.7253585457801819
7216249856.0,-0.7448961734771729
7217187328.0,-0.7644587755203247
7218124800.0,-0.7849239110946655
7219062272.0,-0.8054100871086121
7219999744.0,-0.8261223435401917
7220937728.0,-0.8452849388122559
7221875200.0,-0.8641304969787598
7222812672.0,-0.8823236227035522
7223750144.0,-0.8983844518661499
7224687616.0,-0.9148745536804199
7225625088.0,-0.927727222442627
7226562560.0,-0.9398683905601501
7227500032.0,-0.9488853812217712
7228437504.0,-0.9555487632751465
7229374976.0,-0.961750328540802
7230312448.0,-0.9656758308410645
7231249920.0,-0.9673793315887451
7232187392.0,-0.9677761197090149
7233124864.0,-0.9662150740623474
7234062336.0,-0.9637815952301025
7234999808.0,-0.958585262298584
7235937280.0,-0.9536154866218567
7236874752.0,-0.9487918615341187
7237812736.0,-0.9436776041984558
7238750208.0,-0.9390736818313599
7239687680.0,-0.9340904951095581
7240625152.0,-0.9284272193908691
7241562624.0,-0.9225738048553467
7242500096.0,-0.9177799224853516
7243437568.0,-0.9143929481506348
7244375040.0,-0.9126819968223572
7245312512.0,-0.9117967486381531
7246249984.0,-0.9122121930122375
7247187456.0,-0.9154359102249146
7248124928.0,-0.9187696576118469
7249062400.0,-0.9248493313789368
7249999872.0,-0.932252824306488
7250937344.0,-0.9407652616500854
7251874816.0,-0.952301561832428
7252812288.0,-0.9646055698394775
7253749760.0,-0.978273868560791
7254687744.0,-0.9932215809822083
7255625216.0,-1.0089200735092163
7256562688.0,-1.0234365463256836
7257500160.0,-1.0393732786178589
7258437632.0,-1.055523157119751
7259375104.0,-1.072676181793213
7260312576.0,-1.0887099504470825
7261250048.0,-1.104831576347351
7262187520.0,-1.1200504302978516
7263124992.0,-1.1341525316238403
7264062464.0,-1.162660837173462
7264999936.0,-1.1774202585220337
7265937408.0,-1.1929172277450562
7266874880.0,-1.2074097394943237
7267812352.0,-1.2236568927764893
7268749824.0,-1.2379862070083618
7269687296.0,-1.2515803575515747
7270624768.0,-1.264843225479126
7271562752.0,-1.2779985666275024
7272500224.0,-1.2881407737731934
7273437696.0,-1.2995957136154175
7274375168.0,-1.308608889579773
7275312640.0,-1.3167437314987183
7276250112.0,-1.322113037109375
7277187584.0,-1.3250592947006226
7278125056.0,-1.3259789943695068
7279062528.0,-1.3253531455993652
7280000000.0,-1.321230411529541
7280937472.0,-1.3158152103424072
7281874944.0,-1.3066517114639282
7282812416.0,-1.2962534427642822
7283749888.0,-1.2837800979614258
7284687360.0,-1.2674311399459839
7285624832.0,-1.2488306760787964
7286562304.0,-1.2288073301315308
7287499776.0,-1.2081422805786133
7288437248.0,-1.1844621896743774
7289375232.0,-1.1587347984313965
7290312704.0,-1.132143259048462
7291250176.0,-1.1046972274780273
7292187648.0,-1.072914719581604
7293125120.0,-1.0437920093536377
7294062592.0,-1.0111802816390991
7295000064.0,-0.9775039553642273
7295937536.0,-0.9437963366508484
7296875008.0,-0.9089611768722534
7297812480.0,-0.8736921548843384
7298749952.0,-0.8379705548286438
7299687424.0,-0.8019620776176453
7300624896.0,-0.7655401825904846
7301562368.0,-0.7310733795166016
7302499840.0,-0.6954209804534912
7303437312.0,-0.6602206230163574
7304374784.0,-0.625514566898346
7305312256.0,-0.5924496054649353
7306250240.0,-0.55916827917099
7307187712.0,-0.5277746915817261
7308125184.0,-0.49716657400131226
7309062656.0,-0.4662841558456421
7310000128.0,-0.43748101592063904
7310937600.0,-0.40876755118370056
7311875072.0,-0.3822922110557556
7312812544.0,-0.3591304421424866
7313750016.0,-0.3388642966747284
7314687488.0,-0.32128024101257324
7315624960.0,-0.3039821982383728
7316562432.0,-0.2889310419559479
7317499904.0,-0.2748514413833618
7318437376.0,-0.26279956102371216
7319374848.0,-0.25226983428001404
7320312320.0,-0.2439938187599182
7321249792.0,-0.23775285482406616
7322187264.0,-0.23248906433582306
7323125248.0,-0.2305271029472351
7324062720.0,-0.3917917311191559
7325000192.0,-0.38812023401260376
7325937664.0,-0.38716039061546326
7326875136.0,-0.38672953844070435
7327812608.0,-0.38949093222618103
7328750080.0,-0.39289966225624084
7329687552.0,-0.3983611464500427
7330625024.0,-0.40460410714149475
7331562496.0,-0.41176167130470276
7332499968.0,-0.4221431612968445
7333437440.0,-0.43157997727394104
7334374912.0,-0.44198039174079895
7335312384.0,-0.4521828591823578
7336249856.0,-0.4630853235721588
7337187328.0,-0.4759935438632965
7338124800.0,-0.4876630902290344
7339062272.0,-0.49833741784095764
7340000256.0,-0.5078683495521545
7340937728.0,-0.5179741382598877
7341875200.0,-0.5264788866043091
7342812672.0,-0.5334101915359497
7343750144.0,-0.5401909351348877
7344687616.0,-0.5453987121582031
7345625088.0,-0.5495049357414246
7346562560.0,-0.5520742535591125
7347500032.0,-0.5538957118988037
7348437504.0,-0.5537513494491577
7349374976.0,-0.5526890158653259
7350312448.0,-0.5507705807685852
7351249920.0,-0.5462192893028259
7352187392.0,-0.5398069024085999
7353124864.0,-0.5326140522956848
7354062336.0,-0.5240234136581421
7354999808.0,-0.5145686268806458
7355937280.0,-0.5050861835479736
7356874752.0,-0.49295172095298767
7357812736.0,-0.48093441128730774
7358750208.0,-0.4697185456752777
7359687680.0,-0.4562828838825226
7360625152.0,-0.4432598650455475
7361562624.0,-0.42935943603515625
7362500096.0,-0.4159656763076782
7363437568.0,-0.40115517377853394
7364375040.0,-0.3834342062473297
7365312512.0,-0.36623865365982056
7366249984.0,-0.3478221893310547
7367187456.0,-0.32971787452697754
7368124928.0,-0.31143611669540405
7369062400.0,-0.29289373755455017
7369999872.0,-0.27385756373405457
7370937344.0,-0.2550802528858185
7371874816.0,-0.23624269664287567
7372812288.0,-0.21788598597049713
7373749760.0,-0.19744306802749634
7374687744.0,-0.17758385837078094
7375625216.0,-0.15771080553531647
7376562688.0,-0.13755276799201965
7377500160.0,-0.11730363219976425
7378437632.0,-0.09599318355321884
7379375104.0,-0.0731419026851654
7380312576.0,-0.052502959966659546
7381250048.0,-0.030655574053525925
7382187520.0,-0.008218527771532536
7383124992.0,0.014200599864125252
7384062464.0,0.0339282788336277
7384999936.0,0.04260461404919624
7385937408.0,0.04866086691617966
7386874880.0,0.05526956915855408
7387812352.0,0.06171703711152077
7388749824.0,0.0675116628408432
7389687296.0,0.07269473373889923
7390624768.0,0.07798528671264648
7391562752.0,0.08289392292499542
7392500224.0,0.08856824785470963
7393437696.0,0.0944167748093605
7394375168.0,0.10004635900259018
7395312640.0,0.10595270246267319
7396250112.0,0.11195091903209686
7397187584.0,0.11775583773851395
7398125056.0,0.1250821202993393
7399062528.0,0.1319645494222641
7400000000.0,0.14020700752735138
7400937472.0,0.14745275676250458
7401874944.0,0.15577811002731323
7402812416.0,0.16296742856502533
7403749888.0,0.17026010155677795
7404687360.0,0.17806345224380493
7405624832.0,0.18345795571804047
7406562304.0,0.18696343898773193
7407499776.0,0.19136229157447815
7408437248.0,0.1921534240245819
7409375232.0,0.19265249371528625
7410312704.0,0.18959178030490875
7411250176.0,0.18594986200332642
7412187648.0,0.17788967490196228
7413125120.0,0.16797588765621185
7414062592.0,0.15559729933738708
7415000064.0,0.13946665823459625
7415937536.0,0.122097909450531
7416875008.0,0.10363154858350754
7417812480.0,0.08155588805675507
7418749952.0,0.05870634317398071
7419687424.0,0.03530501574277878
7420624896.0,0.009897606447339058
7421562368.0,-0.01576896756887436
7422499840.0,-0.042387705296278
7423437312.0,-0.06774111837148666
7424374784.0,-0.093219093978405
7425312256.0,-0.11809538304805756
7426250240.0,-0.14174558222293854
7427187712.0,-0.16338197886943817
7428125184.0,-0.18600475788116455
7429062656.0,-0.20550772547721863
7430000128.0,-0.2249242067337036
7430937600.0,-0.24198497831821442
7431875072.0,-0.2575962543487549
7432812544.0,-0.27223122119903564
7433750016.0,-0.28508085012435913
7434687488.0,-0.29679808020591736
7435624960.0,-0.30759063363075256
7436562432.0,-0.3173787295818329
7437499904.0,-0.3252297043800354
7438437376.0,-0.33349472284317017
7439374848.0,-0.340268611907959
7440312320.0,-0.3443584144115448
7441249792.0,-0.3474714159965515
7442187264.0,-0.3490011692047119
7443125248.0,-0.3500083088874817
7444062720.0,-0.14318692684173584
7445000192.0,-0.12486842274665833
7445937664.0,-0.10955706238746643
7446875136.0,-0.09552424401044846
7447812608.0,-0.08339859545230865
7448750080.0,-0.07519509643316269
7449687552.0,-0.06796709448099136
7450625024.0,-0.06149931997060776
7451562496.0,-0.0582607164978981
7452499968.0,-0.05493002384901047
7453437440.0,-0.05229301005601883
7454374912.0,-0.0500476136803627
7455312384.0,-0.04792651906609535
7456249856.0,-0.045748431235551834
7457187328.0,-0.044159866869449615
7458124800.0,-0.04012322425842285
7459062272.0,-0.03630277141928673
7459999744.0,-0.03201285004615784
7460937728.0,-0.025378776714205742
7461875200.0,-0.01942649856209755
7462812672.0,-0.010950061492621899
7463750144.0,-0.001330081489868462
7464687616.0,0.007714602164924145
7465625088.0,0.01828818954527378
7466562560.0,0.030104229226708412
7467500032.0,0.04219136759638786
7468437504.0,0.05383431538939476
7469374976.0,0.06719852983951569
7470312448.0,0.0799923688173294
7471249920.0,0.09263870120048523
7472187392.0,0.10478569567203522
7473124864.0,0.11679612845182419
7474062336.0,0.1281755417585373
7474999808.0,0.1396961212158203
7475937280.0,0.14823155105113983
7476874752.0,0.15921996533870697
7477812736.0,0.16484923660755157
7478750208.0,0.1729564070701599
7479687680.0,0.17811672389507294
7480625152.0,0.1828719675540924
7481562624.0,0.18578271567821503
7482500096.0,0.18705397844314575
7483437568.0,0.18796999752521515
7484375040.0,0.18564733862876892
7485312512.0,0.18313170969486237
7486249984.0,0.17799822986125946
7487187456.0,0.1721924990415573
7488124928.0,0.16351266205310822
7489062400.0,0.15522906184196472
7489999872.0,0.14495673775672913
7490937344.0,0.132168248295784
7491874816.0,0.11743947863578796
7492812288.0,0.10046885907649994
7493749760.0,0.0822974368929863
7494687744.0,0.06376544386148453
7495625216.0,0.04491586238145828
7496562688.0,0.02630685642361641
7497500160.0,0.007148323580622673
7498437632.0,-0.010842257179319859
7499375104.0,-0.030280817300081253
7500312576.0,-0.047561731189489365
7501250048.0,-0.06505057215690613
7502187520.0,-0.0819985643029213
7503124992.0,-0.09727758169174194
7504062464.0,-0.08591083437204361
7504999936.0,-0.09664744883775711
7505937408.0,-0.10729427635669708
7506874880.0,-0.11739197373390198
7507812352.0,-0.12806423008441925
7508749824.0,-0.13650469481945038
7509687296.0,-0.1458379477262497
7510624768.0,-0.15492968261241913
7511562752.0,-0.16375547647476196
7512500224.0,-0.1718652844429016
7513437696.0,-0.17759719491004944
7514375168.0,-0.18383850157260895
7515312640.0,-0.18941332399845123
7516250112.0,-0.19455604255199432
7517187584.0,-0.19899585843086243
7518125056.0,-0.2028663456439972
7519062528.0,-0.20630396902561188
7520000000.0,-0.20784270763397217
7520937472.0,-0.20948676764965057
7521874944.0,-0.20769812166690826
7522812416.0,-0.20710591971874237
7523749888.0,-0.20492495596408844
7524687360.0,-0.2013552486896515
7525624832.0,-0.19730693101882935
7526562304.0,-0.1914341300725937
7527499776.0,-0.18559704720973969
7528437248.0,-0.1784389466047287
7529375232.0,-0.17042739689350128
7530312704.0,-0.1603175401687622
7531250176.0,-0.15080443024635315
7532187648.0,-0.1399724781513214
7533125120.0,-0.12832306325435638
7534062592.0,-0.11547710001468658
7535000064.0,-0.10205700248479843
7535937536.0,-0.08812215179204941
7536875008.0,-0.07291757315397263
7537812480.0,-0.056577492505311966
7538749952.0,-0.039990078657865524
7539687424.0,-0.02218105085194111
7540624896.0,-0.006119227036833763
7541562368.0,0.012225352227687836
7542499840.0,0.0316547192633152
7543437312.0,0.051937948912382126
7544374784.0,0.07212310284376144
7545312256.0,0.0928233414888382
7546250240.0,0.11324960738420486
7547187712.0,0.13450849056243896
7548125184.0,0.15501664578914642
7549062656.0,0.1760905385017395
7550000128.0,0.1970297396183014
7550937600.0,0.21703128516674042
7551875072.0,0.23793372511863708
7552812544.0,0.2559782862663269
7553750016.0,0.2751714885234833
7554687488.0,0.29245662689208984
7555624960.0,0.30978113412857056
7556562432.0,0.3245021402835846
7557499904.0,0.338615357875824
7558437376.0,0.35131126642227173
7559374848.0,0.36470848321914673
7560312320.0,0.37488237023353577
7561249792.0,0.38289353251457214
7562187264.0,0.3898879587650299
7563125248.0,0.3946221172809601
7564062720.0,0.1758602410554886
7565000192.0,0.17561013996601105
7565937664.0,0.1748620569705963
7566875136.0,0.17340174317359924
7567812608.0,0.17257829010486603
7568750080.0,0.17112216353416443
7569687552.0,0.16823960840702057
7570625024.0,0.16420947015285492
7571562496.0,0.15994323790073395
7572499968.0,0.15418733656406403
7573437440.0,0.1477818340063095
7574374912.0,0.13992266356945038
7575312384.0,0.13075470924377441
7576249856.0,0.11952830106019974
7577187328.0,0.10874469578266144
7578124800.0,0.09564023464918137
7579062272.0,0.08224818110466003
7580000256.0,0.0686207115650177
7580937728.0,0.052719131112098694
7581875200.0,0.03633087873458862
7582812672.0,0.018894929438829422
7583750144.0,0.0013507581315934658
7584687616.0,-0.01761389896273613
7585625088.0,-0.03613301366567612
7586562560.0,-0.05546857416629791
7587500032.0,-0.07561910897493362
7588437504.0,-0.09455668181180954
7589374976.0,-0.11392652243375778
7590312448.0,-0.1349865049123764
7591249920.0,-0.15460209548473358
7592187392.0,-0.17496787011623383
7593124864.0,-0.19298461079597473
7594062336.0,-0.21190929412841797
7594999808.0,-0.23001651465892792
7595937280.0,-0.24637217819690704
7596874752.0,-0.261766642332077
7597812736.0,-0.2768910527229309
7598750208.0,-0.290070503950119
7599687680.0,-0.3015895187854767
7600625152.0,-0.3120826780796051
7601562624.0,-0.31889596581459045
7602500096.0,-0.3254689872264862
7603437568.0,-0.33044007420539856
7604375040.0,-0.33431926369667053
7605312512.0,-0.3352793753147125
7606249984.0,-0.33473989367485046
7607187456.0,-0.3314899206161499
7608124928.0,-0.32657667994499207
7609062400.0,-0.3202686607837677
7609999872.0,-0.31183329224586487
7610937344.0,-0.30058223009109497
7611874816.0,-0.2876273989677429
7612812288.0,-0.27217012643814087
7613749760.0,-0.25601693987846375
7614687744.0,-0.23736059665679932
7615625216.0,-0.21887756884098053
7616562688.0,-0.19641900062561035
7617500160.0,-0.1728142946958542
7618437632.0,-0.1483398675918579
7619375104.0,-0.12329404801130295
7620312576.0,-0.09602677077054977
7621250048.0,-0.067900151014328
7622187520.0,-0.040495485067367554
7623124992.0,-0.013085110113024712
7624062464.0,0.014581895433366299
7624999936.0,0.042066220194101334
7625937408.0,0.07012254744768143
7626874880.0,0.09685857594013214
7627812352.0,0.12331017851829529
7628749824.0,0.14761151373386383
7629687296.0,0.17204605042934418
7630624768.0,0.19324666261672974
7631562752.0,0.2142016887664795
7632500224.0,0.23439253866672516
7633437696.0,0.25065889954566956
7634375168.0,0.2661169767379761
7635312640.0,0.2792374789714813
7636250112.0,0.2909882664680481
7637187584.0,0.3004913032054901
7638125056.0,0.3086356818675995
7639062528.0,0.3138892650604248
7640000000.0,0.3167741894721985
7640937472.0,0.31838569045066833
7641874944.0,0.3172135055065155
7642812416.0,0.31436362862586975
7643749888.0,0.3093806505203247
7644687360.0,0.30488768219947815
7645624832.0,0.2976749539375305
7646562304.0,0.28889647126197815
7647499776.0,0.2777285575866699
7648437248.0,0.2658255100250244
7649375232.0,0.2521511912345886
7650312704.0,0.23690703511238098
7651250176.0,0.2205173224210739
7652187648.0,0.20107494294643402
7653125120.0,0.18213458359241486
7654062592.0,0.16062003374099731
7655000064.0,0.13842643797397614
7655937536.0,0.11549820005893707
7656875008.0,0.09047362208366394
7657812480.0,0.06592992693185806
7658749952.0,0.04100719466805458
7659687424.0,0.014326565898954868
7660624896.0,-0.011693140491843224
7661562368.0,-0.03841505944728851
7662499840.0,-0.06517846882343292
7663437312.0,-0.09179168939590454
7664374784.0,-0.11895056813955307
7665312256.0,-0.14327025413513184
7666250240.0,-0.16990044713020325
7667187712.0,-0.1932055801153183
7668125184.0,-0.21635845303535461
7669062656.0,-0.23840822279453278
7670000128.0,-0.25775519013404846
7670937600.0,-0.27699777483940125
7671875072.0,-0.29479628801345825
7672812544.0,-0.309493750333786
7673750016.0,-0.3222315013408661
7674687488.0,-0.3326508104801178
7675624960.0,-0.3401174545288086
7676562432.0,-0.34656599164009094
7677499904.0,-0.3494372069835663
7678437376.0,-0.3501177728176117
7679374848.0,-0.34872832894325256
7680312320.0,-0.34453338384628296
7681249792.0,-0.33820870518684387
7682187264.0,-0.32849636673927307
7683125248.0,-0.31854963302612305
7684062720.0,-0.2969009578227997
7685000192.0,-0.28796330094337463
7685937664.0,-0.2772042453289032
7686875136.0,-0.2649024426937103
7687812608.0,-0.2502215802669525
7688750080.0,-0.2355029582977295
7689687552.0,-0.21800503134727478
7690625024.0,-0.20021384954452515
7691562496.0,-0.18185727298259735
7692499968.0,-0.16203327476978302
7693437440.0,-0.14260178804397583
7694374912.0,-0.12234596163034439
7695312384.0,-0.10389143973588943
7696249856.0,-0.08671585470438004
7697187328.0,-0.06788807362318039
7698124800.0,-0.049869488924741745
7699062272.0,-0.03156315162777901
7699999744.0,-0.014663467183709145
7700937728.0,0.003039349801838398
7701875200.0,0.019294166937470436
7702812672.0,0.03569342941045761
7703750144.0,0.0509914793074131
7704687616.0,0.06517013162374496
7705625088.0,0.07862544804811478
7706562560.0,0.09241008013486862
7707500032.0,0.10455302894115448
7708437504.0,0.11555061489343643
7709374976.0,0.1267726868391037
7710312448.0,0.1361982673406601
7711249920.0,0.14679530262947083
7712187392.0,0.15452183783054352
7713124864.0,0.16317936778068542
7714062336.0,0.17224857211112976
7714999808.0,0.17785826325416565
7715937280.0,0.185935840010643
7716874752.0,0.19174569845199585
7717812736.0,0.19764569401741028
7718750208.0,0.20308995246887207
7719687680.0,0.20861133933067322
7720625152.0,0.21282872557640076
7721562624.0,0.21642056107521057
7722500096.0,0.21833719313144684
7723437568.0,0.22074927389621735
7724375040.0,0.2219519168138504
7725312512.0,0.22337234020233154
7726249984.0,0.2225695252418518
7727187456.0,0.221433624625206
7728124928.0,0.21891678869724274
7729062400.0,0.21691925823688507
7729999872.0,0.21200188994407654
7730937344.0,0.20807161927223206
7731874816.0,0.20124444365501404
7732812288.0,0.19454704225063324
7733749760.0,0.18533113598823547
7734687744.0,0.17473489046096802
7735625216.0,0.16259658336639404
7736562688.0,0.14905387163162231
7737500160.0,0.1340060830116272
7738437632.0,0.11762848496437073
7739375104.0,0.09921073168516159
7740312576.0,0.07960432022809982
7741250048.0,0.05858723446726799
7742187520.0,0.037069760262966156
7743124992.0,0.014108043164014816
7744062464.0,-0.04279165342450142
7744999936.0,-0.045619234442710876
7745937408.0,-0.04934357851743698
7746874880.0,-0.05448254570364952
7747812352.0,-0.06109873205423355
7748749824.0,-0.06879021227359772
7749687296.0,-0.07820884138345718
7750624768.0,-0.08828727900981903
7751562752.0,-0.0997147336602211
7752500224.0,-0.11204823851585388
7753437696.0,-0.12739524245262146
7754375168.0,-0.14164318144321442
7755312640.0,-0.15850453078746796
7756250112.0,-0.17626386880874634
7757187584.0,-0.19441932439804077
7758125056.0,-0.2130248099565506
7759062528.0,-0.23342062532901764
7760000000.0,-0.25234901905059814
7760937472.0,-0.2714558243751526
7761874944.0,-0.2904495894908905
7762812416.0,-0.30992501974105835
7763749888.0,-0.32837367057800293
7764687360.0,-0.34514540433883667
7765624832.0,-0.3612446188926697
7766562304.0,-0.37678056955337524
7767499776.0,-0.391720712184906
7768437248.0,-0.40473034977912903
7769375232.0,-0.4162501394748688
7770312704.0,-0.42686235904693604
7771250176.0,-0.4349956512451172
7772187648.0,-0.44166073203086853
7773125120.0,-0.44716987013816833
7774062592.0,-0.4513986110687256
7775000064.0,-0.45055699348449707
7775937536.0,-0.44929516315460205
7776875008.0,-0.4450891315937042
7777812480.0,-0.436998188495636
7778749952.0,-0.42778363823890686
7779687424.0,-0.41532573103904724
7780624896.0,-0.4015999734401703
7781562368.0,-0.384387731552124
7782499840.0,-0.3658011555671692
7783437312.0,-0.3442411720752716
7784374784.0,-0.32019802927970886
7785312256.0,-0.2949890196323395
7786250240.0,-0.26815539598464966
7787187712.0,-0.23975206911563873
7788125184.0,-0.20788557827472687
7789062656.0,-0.17672143876552582
7790000128.0,-0.14405517280101776
7790937600.0,-0.11053871363401413
7791875072.0,-0.07680575549602509
7792812544.0,-0.04137202352285385
7793750016.0,-0.006927052512764931
7794687488.0,0.02736695110797882
7795624960.0,0.06124674528837204
7796562432.0,0.09467640519142151
7797499904.0,0.12583838403224945
7798437376.0,0.15788011252880096
7799374848.0,0.1873673051595688
7800312320.0,0.21538448333740234
7801249792.0,0.24052180349826813
7802187264.0,0.26411259174346924
7803125248.0,0.28600072860717773
7804062720.0,0.12128625810146332
7805000192.0,0.1347765177488327
7805937664.0,0.14571209251880646
7806875136.0,0.15659137070178986
7807812608.0,0.16484752297401428
7808750080.0,0.17169544100761414
7809687552.0,0.1766127198934555
7810625024.0,0.17954562604427338
7811562496.0,0.18151865899562836
7812499968.0,0.17893356084823608
7813437440.0,0.17546869814395905
7814374912.0,0.169866144657135
7815312384.0,0.1611541509628296
7816249856.0,0.15086671710014343
7817187328.0,0.13840441405773163
7818124800.0,0.1238488033413887
7819062272.0,0.10609123110771179
7820000256.0,0.08747798949480057
7820937728.0,0.0671834796667099
7821875200.0,0.044401492923498154
7822812672.0,0.021880075335502625
7823750144.0,-0.002862785244360566
7824687616.0,-0.027853693813085556
7825625088.0,-0.05411431938409805
7826562560.0,-0.08163145184516907
7827500032.0,-0.10950031876564026
7828437504.0,-0.13724394142627716
7829374976.0,-0.165939599275589
7830312448.0,-0.19399413466453552
7831249920.0,-0.2228878140449524
7832187392.0,-0.2500598430633545
7833124864.0,-0.27836260199546814
7834062336.0,-0.30428841710090637
7834999808.0,-0.3284642994403839
7835937280.0,-0.352732390165329
7836874752.0,-0.3755802810192108
7837812736.0,-0.3963899612426758
7838750208.0,-0.4159383177757263
7839687680.0,-0.4327349066734314
7840625152.0,-0.44892212748527527
7841562624.0,-0.46329712867736816
7842500096.0,-0.4750604033470154
7843437568.0,-0.4853653311729431
7844375040.0,-0.4941170811653137
7845312512.0,-0.499833881855011
7846249984.0,-0.5032275319099426
7847187456.0,-0.5054637789726257
7848124928.0,-0.502021312713623
7849062400.0,-0.496117502450943
7849999872.0,-0.48909682035446167
7850937344.0,-0.480629026889801
7851874816.0,-0.47230878472328186
7852812288.0,-0.4609239101409912
7853749760.0,-0.4495159089565277
7854687744.0,-0.43560028076171875
7855625216.0,-0.42183324694633484
7856562688.0,-0.40588438510894775
7857500160.0,-0.3900706171989441
7858437632.0,-0.37296590209007263
7859375104.0,-0.35652315616607666
7860312576.0,-0.33912086486816406
7861250048.0,-0.3208661675453186
7862187520.0,-0.30404528975486755
7863124992.0,-0.2845337688922882
7864062464.0,-0.2681882977485657
7864999936.0,-0.24998927116394043
7865937408.0,-0.23316483199596405
7866874880.0,-0.21434037387371063
7867812352.0,-0.19808918237686157
7868749824.0,-0.17891950905323029
7869687296.0,-0.1608460247516632
7870624768.0,-0.1429108828306198
7871562752.0,-0.12507347762584686
7872500224.0,-0.10735781490802765
7873437696.0,-0.09018028527498245
7874375168.0,-0.07240913063287735
7875312640.0,-0.0562686026096344
7876250112.0,-0.03899531438946724
7877187584.0,-0.024905627593398094
7878125056.0,-0.011587213724851608
7879062528.0,0.00041185360169038177
7880000000.0,0.010563715361058712
7880937472.0,0.01768551953136921
7881874944.0,0.023236270993947983
7882812416.0,0.02553849294781685
7883749888.0,0.027238985523581505
7884687360.0,0.02439337596297264
7885624832.0,0.01955452933907509
7886562304.0,0.012409662827849388
7887499776.0,0.0038439021445810795
7888437248.0,-0.009039546363055706
7889375232.0,-0.02380930446088314
7890312704.0,-0.040452901273965836
7891250176.0,-0.05918950214982033
7892187648.0,-0.08003319054841995
7893125120.0,-0.10109233111143112
7894062592.0,-0.12472210079431534
7895000064.0,-0.1497393101453781
7895937536.0,-0.1756991147994995
7896875008.0,-0.2014642208814621
7897812480.0,-0.22890345752239227
7898749952.0,-0.25771012902259827
7899687424.0,-0.2848162353038788
7900624896.0,-0.314054936170578
7901562368.0,-0.34130483865737915
7902499840.0,-0.367960661649704
7903437312.0,-0.39312800765037537
7904374784.0,-0.4184146225452423
7905312256.0,-0.4414899945259094
7906250240.0,-0.46342793107032776
7907187712.0,-0.4853852689266205
7908125184.0,-0.5045281648635864
7909062656.0,-0.5236329436302185
7910000128.0,-0.5418095588684082
7910937600.0,-0.5599936842918396
7911875072.0,-0.5770931839942932
7912812544.0,-0.5941451787948608
7913750016.0,-0.6118453145027161
7914687488.0,-0.6288478970527649
7915624960.0,-0.6464351415634155
7916562432.0,-0.6640510559082031
7917499904.0,-0.6819733381271362
7918437376.0,-0.7010595202445984
7919374848.0,-0.7202287912368774
7920312320.0,-0.7401753664016724
7921249792.0,-0.7621579170227051
7922187264.0,-0.7831190824508667
7923125248.0,-0.8053664565086365
7924062720.0,-0.8557680249214172
7925000192.0,-0.8611882328987122
7925937664.0,-0.8677068948745728
7926875136.0,-0.8732861876487732
7927812608.0,-0.8796060681343079
7928750080.0,-0.8840036988258362
7929687552.0,-0.889167070388794
7930625024.0,-0.8934934139251709
7931562496.0,-0.8975968360900879
7932499968.0,-0.9002869129180908
7933437440.0,-0.9043811559677124
7934374912.0,-0.9063367247581482
7935312384.0,-0.9072779417037964
7936249856.0,-0.9095417857170105
7937187328.0,-0.9081334471702576
7938124800.0,-0.9057208299636841
7939062272.0,-0.9014261960983276
7939999744.0,-0.8969890475273132
7940937728.0,-0.8905078172683716
7941875200.0,-0.8834417462348938
7942812672.0,-0.8755515813827515
7943750144.0,-0.8659396171569824
7944687616.0,-0.8550910949707031
7945625088.0,-0.8428910970687866
7946562560.0,-0.8294795751571655
7947500032.0,-0.8124063611030579
7948437504.0,-0.7967338562011719
7949374976.0,-0.7769015431404114
7950312448.0,-0.7578497529029846
7951249920.0,-0.7347301244735718
7952187392.0,-0.7122714519500732
7953124864.0,-0.6886322498321533
7954062336.0,-0.6625224351882935
7954999808.0,-0.6374558210372925
7955937280.0,-0.610356867313385
7956874752.0,-0.5826593637466431
7957812736.0,-0.5540278553962708
7958750208.0,-0.5255405306816101
7959687680.0,-0.4963884651660919
7960625152.0,-0.4672585725784302
7961562624.0,-0.4366855323314667
7962500096.0,-0.4087216258049011
7963437568.0,-0.3797340393066406
7964375040.0,-0.35220596194267273
7965312512.0,-0.32566219568252563
7966249984.0,-0.29862290620803833
7967187456.0,-0.2740359902381897
7968124928.0,-0.25124281644821167
7969062400.0,-0.22897113859653473
7969999872.0,-0.20773757994174957
7970937344.0,-0.18933548033237457
7971874816.0,-0.17206130921840668
7972812288.0,-0.1565771996974945
7973749760.0,-0.14310941100120544
7974687744.0,-0.13230359554290771
7975625216.0,-0.12294912338256836
7976562688.0,-0.1158548966050148
7977500160.0,-0.11001420766115189
7978437632.0,-0.10555195063352585
7979375104.0,-0.1041274294257164
7980312576.0,-0.10458846390247345
7981250048.0,-0.10721353441476822
7982187520.0,-0.11101516336202621
7983124992.0,-0.11654876172542572
7984062464.0,-0.24293096363544464
7984999936.0,-0.24437472224235535
7985937408.0,-0.24447542428970337
7986874880.0,-0.24582479894161224
7987812352.0,-0.24944321811199188
7988749824.0,-0.2527301609516144
7989687296.0,-0.257273405790329
7990624768.0,-0.26321181654930115
7991562752.0,-0.26949864625930786
7992500224.0,-0.2771647870540619
7993437696.0,-0.28441715240478516
7994375168.0,-0.2935270369052887
7995312640.0,-0.30261850357055664
7996250112.0,-0.3123086988925934
7997187584.0,-0.32223227620124817
7998125056.0,-0.3322981297969818
7999062528.0,-0.3431292176246643
8000000000.0,-0.3519614040851593
