Frequency (Hz),Measurement
2000000000.0,0.14738866686820984
2000937472.0,0.14092928171157837
2001874944.0,0.13710111379623413
2002812544.0,0.1322999894618988
2003750016.0,0.12793973088264465
2004687488.0,0.12294403463602066
2005624960.0,0.11824509501457214
2006562560.0,0.11281413584947586
2007500032.0,0.10829637944698334
2008437504.0,0.10251765698194504
2009374976.0,0.09683529287576675
2010312448.0,0.09075762331485748
2011250048.0,0.08480976521968842
2012187520.0,0.07847288250923157
2013124992.0,0.07265748083591461
2014062464.0,0.06585461646318436
2015000064.0,0.05977970361709595
2015937536.0,0.054226331412792206
2016875008.0,0.048692863434553146
2017812480.0,0.04245655611157417
2018749952.0,0.03770049288868904
2019687552.0,0.03187589719891548
2020625024.0,0.027893291786313057
2021562496.0,0.02377215400338173
2022499968.0,0.020562421530485153
2023437440.0,0.01713978871703148
2024375040.0,0.014631256461143494
2025312512.0,0.012272362597286701
2026249984.0,0.01245723757892847
2027187456.0,0.012014801613986492
2028125056.0,0.012813238427042961
2029062528.0,0.013891263864934444
2030000000.0,0.016762232407927513
2030937472.0,0.020041795447468758
2031874944.0,0.023864690214395523
2032812544.0,0.02721329964697361
2033750016.0,0.033687036484479904
2034687488.0,0.039926763623952866
2035624960.0,0.04697052761912346
2036562560.0,0.05402202531695366
2037500032.0,0.06079274043440819
2038437504.0,0.06975823640823364
2039374976.0,0.07762131839990616
2040312448.0,0.0855458602309227
2041250048.0,0.09488128870725632
2042187520.0,0.10200054198503494
2043124992.0,0.1105465218424797
2044062464.0,0.11799018830060959
2044999936.0,0.12437143176794052
2045937536.0,0.13065388798713684
2046875008.0,0.1356024146080017
2047812480.0,0.1404355764389038
2048749952.0,0.14947576820850372
2049687552.0,0.14538967609405518
2050625024.0,0.1391972154378891
2051562496.0,0.13349275290966034
2052499968.0,0.12627629935741425
2053437440.0,0.1196059137582779
2054375040.0,0.11319570243358612
2055312512.0,0.10612522065639496
2056249984.0,0.09838149696588516
2057187456.0,0.09090100228786469
2058125056.0,0.08352939039468765
2059062528.0,0.07664754986763
2060000000.0,0.0696004331111908
2060937472.0,0.06250961869955063
2061874944.0,0.056376535445451736
2062812544.0,0.05026320740580559
2063750016.0,0.044399406760931015
2064687488.0,0.038569677621126175
2065624960.0,0.03294021263718605
2066562560.0,0.028809446841478348
2067500032.0,0.024562297388911247
2068437504.0,0.02041814662516117
2069374976.0,0.016582077369093895
2070312448.0,0.013298225589096546
2071250048.0,0.011524285189807415
2072187520.0,0.008611570112407207
2073124992.0,0.00590934744104743
2074062464.0,0.003889793995767832
2075000064.0,0.0019172461470589042
2075937536.0,0.0002786804107017815
2076875008.0,-0.00022253853967413306
2077812480.0,-0.0009724296978674829
2078749952.0,-0.0016862861812114716
2079687552.0,-0.0011535754892975092
2080625024.0,-3.171640128130093e-05
2081562496.0,0.000978564377874136
2082499968.0,0.001836264505982399
2083437440.0,0.0032808471005409956
2084375040.0,0.00662634801119566
2085312512.0,0.009644976817071438
2086249984.0,0.012326023541390896
2087187456.0,0.016655592247843742
2088125056.0,0.021981824189424515
2089062528.0,0.026386357843875885
2090000000.0,0.03164132311940193
2090937472.0,0.03841887041926384
2091874944.0,0.04491206258535385
2092812544.0,0.05236862972378731
2093750016.0,0.05995330214500427
2094687488.0,0.06921222805976868
2095624960.0,0.07907003909349442
2096562560.0,0.08843735605478287
2097500032.0,0.09912160038948059
2098437504.0,0.11045464128255844
2099374976.0,0.12119137495756149
2100312448.0,0.1332404911518097
2101250048.0,0.1456524133682251
2102187520.0,0.15879756212234497
2103124992.0,0.1716054528951645
2104062464.0,0.18546615540981293
2104999936.0,0.19857850670814514
2105937536.0,0.21168529987335205
2106875008.0,0.2249315232038498
2107812480.0,0.23758277297019958
2108749952.0,0.2765572965145111
2109687552.0,0.2847185432910919
2110625024.0,0.29208531975746155
2111562496.0,0.2989136874675751
2112499968.0,0.30446669459342957
2113437440.0,0.3084773123264313
2114375040.0,0.3108530044555664
2115312512.0,0.3119949400424957
2116249984.0,0.31035199761390686
2117187456.0,0.30591902136802673
2118125056.0,0.2989574372768402
2119062528.0,0.28925108909606934
2120000000.0,0.27619943022727966
2120937472.0,0.26037880778312683
2121874944.0,0.2417507916688919
2122812544.0,0.22018805146217346
2123750016.0,0.19807372987270355
2124687488.0,0.1722256988286972
2125624960.0,0.14626063406467438
2126562560.0,0.1195489764213562
2127500032.0,0.09181376546621323
2128437504.0,0.06493612378835678
2129374976.0,0.039065293967723846
2130312448.0,0.014218318276107311
2131250048.0,-0.010040589608252048
2132187520.0,-0.03253674507141113
2133124992.0,-0.052573785185813904
2134062464.0,-0.06983520835638046
2135000064.0,-0.08346922695636749
2135937536.0,-0.09559975564479828
2136875008.0,-0.10486695915460587
2137812480.0,-0.11158420890569687
2138749952.0,-0.11393630504608154
2139687552.0,-0.1139361560344696
2140625024.0,-0.11146726459264755
2141562496.0,-0.10597749054431915
2142499968.0,-0.09891896694898605
2143437440.0,-0.08999279886484146
2144375040.0,-0.07940852642059326
2145312512.0,-0.06725344061851501
2146249984.0,-0.0542214959859848
2147187456.0,-0.03991600126028061
2148124928.0,-0.026181470602750778
2149062400.0,-0.010598775930702686
2150000128.0,0.004127732943743467
2150937600.0,0.019041109830141068
2151875072.0,0.03390401229262352
2152812544.0,0.04854420945048332
2153750016.0,0.06105606257915497
2154687488.0,0.07464814186096191
2155624960.0,0.08632002025842667
2156562432.0,0.09828490018844604
2157499904.0,0.10911151021718979
2158437376.0,0.118312306702137
2159375104.0,0.12784481048583984
2160312576.0,0.1367127001285553
2161250048.0,0.14574889838695526
2162187520.0,0.15441085398197174
2163124992.0,0.1628817766904831
2164062464.0,0.17187631130218506
2164999936.0,0.17993512749671936
2165937408.0,0.1878165751695633
2166874880.0,0.1959039568901062
2167812608.0,0.20407302677631378
2168750080.0,0.22951216995716095
2169687552.0,0.2402762770652771
2170625024.0,0.25153324007987976
2171562496.0,0.2623850703239441
2172499968.0,0.27200907468795776
2173437440.0,0.2817935645580292
2174374912.0,0.28970813751220703
2175312384.0,0.29763293266296387
2176250112.0,0.30406153202056885
2177187584.0,0.30857375264167786
2178125056.0,0.31166747212409973
2179062528.0,0.3127064108848572
2180000000.0,0.3115094006061554
2180937472.0,0.3086528778076172
2181874944.0,0.3045063316822052
2182812416.0,0.2972998023033142
2183749888.0,0.28915178775787354
2184687616.0,0.2783997654914856
2185625088.0,0.2658972144126892
2186562560.0,0.2512447237968445
2187500032.0,0.23505721986293793
2188437504.0,0.21716561913490295
2189374976.0,0.19880209863185883
2190312448.0,0.1791684627532959
2191249920.0,0.1593162715435028
2192187392.0,0.1380549520254135
2193125120.0,0.11632543057203293
2194062592.0,0.09549014270305634
2195000064.0,0.075175940990448
2195937536.0,0.0557306632399559
2196875008.0,0.03610749915242195
2197812480.0,0.018825700506567955
2198749952.0,0.002679764060303569
2199687424.0,-0.011998261325061321
2200624896.0,-0.02420024201273918
2201562624.0,-0.03467288985848427
2202500096.0,-0.04338210076093674
2203437568.0,-0.04932597279548645
2204375040.0,-0.05404262617230415
2205312512.0,-0.056375883519649506
2206249984.0,-0.05430611968040466
2207187456.0,-0.05220465362071991
2208124928.0,-0.04730020463466644
2209062400.0,-0.039373643696308136
2209999872.0,-0.030639322474598885
2210937600.0,-0.020367540419101715
2211875072.0,-0.007215030957013369
2212812544.0,0.005981450900435448
2213750016.0,0.021582074463367462
2214687488.0,0.037106238305568695
2215624960.0,0.05349501967430115
2216562432.0,0.07104220241308212
2217499904.0,0.08888182789087296
2218437376.0,0.1064329445362091
2219375104.0,0.12303170561790466
2220312576.0,0.13986149430274963
2221250048.0,0.15683524310588837
2222187520.0,0.1710698902606964
2223124992.0,0.18559010326862335
2224062464.0,0.19946366548538208
2224999936.0,0.21120673418045044
2225937408.0,0.22092634439468384
2226874880.0,0.22964416444301605
2227812608.0,0.23648110032081604
2228750080.0,0.2083912044763565
2229687552.0,0.21365606784820557
2230625024.0,0.2184356302022934
2231562496.0,0.221731498837471
2232499968.0,0.22494302690029144
2233437440.0,0.2246282994747162
2234374912.0,0.2233380377292633
2235312384.0,0.2201027274131775
2236250112.0,0.21335679292678833
2237187584.0,0.20564347505569458
2238125056.0,0.1966983526945114
2239062528.0,0.1852877289056778
2240000000.0,0.17132289707660675
2240937472.0,0.15518024563789368
2241874944.0,0.13890591263771057
2242812416.0,0.12026073783636093
2243749888.0,0.10109751671552658
2244687616.0,0.0802868977189064
2245625088.0,0.05868620052933693
2246562560.0,0.037899717688560486
2247500032.0,0.016778185963630676
2248437504.0,-0.0027008401229977608
2249374976.0,-0.022492211312055588
2250312448.0,-0.04102744907140732
2251249920.0,-0.05828017368912697
2252187392.0,-0.07413087785243988
2253125120.0,-0.0860113576054573
2254062592.0,-0.09836554527282715
2255000064.0,-0.10629826039075851
2255937536.0,-0.11229410767555237
2256875008.0,-0.11626981943845749
2257812480.0,-0.11755605041980743
2258749952.0,-0.11595521122217178
2259687424.0,-0.11240314692258835
2260624896.0,-0.10685957968235016
2261562624.0,-0.09858829528093338
2262500096.0,-0.08831595629453659
2263437568.0,-0.07680343091487885
2264375040.0,-0.06482261419296265
2265312512.0,-0.04906081408262253
2266249984.0,-0.03418314456939697
2267187456.0,-0.018504302948713303
2268124928.0,-0.001493428135290742
2269062400.0,0.015989704057574272
2270000128.0,0.03300418332219124
2270937600.0,0.05080650746822357
2271875072.0,0.06884609907865524
2272812544.0,0.08584048599004745
2273750016.0,0.10184111446142197
2274687488.0,0.11815496534109116
2275624960.0,0.13363854587078094
2276562432.0,0.14781519770622253
2277499904.0,0.16102363169193268
2278437376.0,0.17306604981422424
2279375104.0,0.1845485419034958
2280312576.0,0.1953994482755661
2281250048.0,0.2042904794216156
2282187520.0,0.21373775601387024
2283124992.0,0.22059094905853271
2284062464.0,0.22826245427131653
2284999936.0,0.23409031331539154
2285937408.0,0.23917175829410553
2286874880.0,0.24361982941627502
2287812608.0,0.24743936955928802
2288750080.0,0.259046345949173
2289687552.0,0.2680845558643341
2290625024.0,0.2758551239967346
2291562496.0,0.28296738862991333
2292499968.0,0.2915137708187103
2293437440.0,0.2975815534591675
2294374912.0,0.30494722723960876
2295312384.0,0.31014519929885864
2296250112.0,0.31486645340919495
2297187584.0,0.31772080063819885
2298125056.0,0.31929606199264526
2299062528.0,0.31966859102249146
2300000000.0,0.3177175223827362
2300937472.0,0.3145720958709717
2301874944.0,0.3079553246498108
2302812416.0,0.2989862561225891
2303749888.0,0.28724193572998047
2304687616.0,0.273147851228714
2305625088.0,0.25564831495285034
2306562560.0,0.23658592998981476
2307500032.0,0.21450002491474152
2308437504.0,0.19078774750232697
2309374976.0,0.16525939106941223
2310312448.0,0.13847054541110992
2311249920.0,0.11061999201774597
2312187392.0,0.08229658007621765
2313125120.0,0.05229528248310089
2314062592.0,0.023159006610512733
2315000064.0,-0.006353035569190979
2315937536.0,-0.033045314252376556
2316875008.0,-0.058220840990543365
2317812480.0,-0.0827389657497406
2318749952.0,-0.10365456342697144
2319687424.0,-0.12395172566175461
2320624896.0,-0.14028440415859222
2321562624.0,-0.15443067252635956
2322500096.0,-0.16711309552192688
2323437568.0,-0.17679712176322937
2324375040.0,-0.184085875749588
2325312512.0,-0.19036813080310822
2326249984.0,-0.19407010078430176
2327187456.0,-0.19512978196144104
2328124928.0,-0.19583402574062347
2329062400.0,-0.19412995874881744
2329999872.0,-0.19014771282672882
2330937600.0,-0.18594053387641907
2331875072.0,-0.17959223687648773
2332812544.0,-0.17132793366909027
2333750016.0,-0.16247940063476562
2334687488.0,-0.15107692778110504
2335624960.0,-0.1384565681219101
2336562432.0,-0.12422966957092285
2337499904.0,-0.1071452721953392
2338437376.0,-0.08989670872688293
2339375104.0,-0.07041303813457489
2340312576.0,-0.04924215003848076
2341250048.0,-0.02736310288310051
2342187520.0,-0.0036806606221944094
2343124992.0,0.020295588299632072
2344062464.0,0.04604099318385124
2344999936.0,0.07193367928266525
2345937408.0,0.09839774668216705
2346874880.0,0.12472748756408691
2347812608.0,0.1505388468503952
2348750080.0,0.2033187299966812
2349687552.0,0.21930420398712158
2350625024.0,0.2314339280128479
2351562496.0,0.2407616674900055
2352499968.0,0.24633634090423584
2353437440.0,0.24876849353313446
2354374912.0,0.24728195369243622
2355312384.0,0.24370776116847992
2356250112.0,0.23525811731815338
2357187584.0,0.22418493032455444
2358125056.0,0.2098006308078766
2359062528.0,0.19215130805969238
2360000000.0,0.1727186143398285
2360937472.0,0.15051618218421936
2361874944.0,0.1252666413784027
2362812416.0,0.09889854490756989
2363749888.0,0.07073990255594254
2364687616.0,0.04265124350786209
2365625088.0,0.013444392010569572
2366562560.0,-0.014901993796229362
2367500032.0,-0.04253927245736122
2368437504.0,-0.07150796055793762
2369374976.0,-0.09896057844161987
2370312448.0,-0.12415961176156998
2371249920.0,-0.14888708293437958
2372187392.0,-0.17175906896591187
2373125120.0,-0.19188152253627777
2374062592.0,-0.20993053913116455
2375000064.0,-0.22399887442588806
2375937536.0,-0.23609860241413116
2376875008.0,-0.24613544344902039
2377812480.0,-0.25220543146133423
2378749952.0,-0.2562808692455292
2379687424.0,-0.25729894638061523
2380624896.0,-0.25582292675971985
2381562624.0,-0.2507033050060272
2382500096.0,-0.2441437542438507
2383437568.0,-0.2351306527853012
2384375040.0,-0.22392408549785614
2385312512.0,-0.21140770614147186
2386249984.0,-0.19690698385238647
2387187456.0,-0.18027551472187042
2388124928.0,-0.1636170893907547
2389062400.0,-0.14629051089286804
2390000128.0,-0.12925837934017181
2390937600.0,-0.11116719990968704
2391875072.0,-0.09392666071653366
2392812544.0,-0.077381931245327
2393750016.0,-0.06125093623995781
2394687488.0,-0.045542292296886444
2395624960.0,-0.032178446650505066
2396562432.0,-0.018295396119356155
2397499904.0,-0.0069383312948048115
2398437376.0,0.0032791714183986187
2399375104.0,0.012848286889493465
2400312576.0,0.02132161520421505
2401250048.0,0.027615290135145187
2402187520.0,0.031742267310619354
2403124992.0,0.03582817688584328
2404062464.0,0.03778601437807083
2404999936.0,0.03918972238898277
2405937408.0,0.03812593221664429
2406874880.0,0.037002019584178925
2407812608.0,0.03421551361680031
2408750080.0,0.03067859262228012
2409687552.0,0.036472491919994354
2410625024.0,0.0385860875248909
2411562496.0,0.03958485648036003
2412499968.0,0.03805431351065636
2413437440.0,0.03509124740958214
2414374912.0,0.028805885463953018
2415312384.0,0.020315470173954964
2416250112.0,0.010532411746680737
2417187584.0,-0.0018986215582117438
2418125056.0,-0.016789915040135384
2419062528.0,-0.03243458271026611
2420000000.0,-0.04947521910071373
2420937472.0,-0.06779644638299942
2421874944.0,-0.08891667425632477
2422812416.0,-0.11033514142036438
2423749888.0,-0.13162565231323242
2424687616.0,-0.1530851125717163
2425625088.0,-0.17582562565803528
2426562560.0,-0.1963358372449875
2427500032.0,-0.21823528409004211
2428437504.0,-0.2390008121728897
2429374976.0,-0.25959426164627075
2430312448.0,-0.27948442101478577
2431249920.0,-0.29849880933761597
2432187392.0,-0.3163962960243225
2433125120.0,-0.33326441049575806
2434062592.0,-0.3484953045845032
2435000064.0,-0.36250215768814087
2435937536.0,-0.37583598494529724
2436875008.0,-0.387192964553833
2437812480.0,-0.39756152033805847
2438749952.0,-0.4059107303619385
2439687424.0,-0.41287511587142944
2440624896.0,-0.4182429909706116
2441562624.0,-0.4225946068763733
2442500096.0,-0.4255681335926056
2443437568.0,-0.42727404832839966
2444375040.0,-0.4278491735458374
2445312512.0,-0.4260537028312683
2446249984.0,-0.4230431020259857
2447187456.0,-0.4192711114883423
2448124928.0,-0.41435733437538147
2449062400.0,-0.4097931981086731
2449999872.0,-0.40396496653556824
2450937600.0,-0.39871859550476074
2451875072.0,-0.3912564516067505
2452812544.0,-0.3853527903556824
2453750016.0,-0.3780333995819092
2454687488.0,-0.3719260096549988
2455624960.0,-0.3649020493030548
2456562432.0,-0.3588397800922394
2457499904.0,-0.3518127501010895
2458437376.0,-0.3469274640083313
2459375104.0,-0.3413543105125427
2460312576.0,-0.3365159332752228
2461250048.0,-0.33325523138046265
2462187520.0,-0.3316231667995453
2463124992.0,-0.33145561814308167
2464062464.0,-0.3331230878829956
2464999936.0,-0.3365512490272522
2465937408.0,-0.3414321839809418
2466874880.0,-0.34808555245399475
2467812608.0,-0.3581625521183014
2468750080.0,-0.4459279179573059
2469687552.0,-0.4676678776741028
2470625024.0,-0.49105894565582275
2471562496.0,-0.5174421072006226
2472499968.0,-0.5473262667655945
2473437440.0,-0.5795384049415588
2474374912.0,-0.6154443025588989
2475312384.0,-0.6548963189125061
2476250112.0,-0.6969470977783203
2477187584.0,-0.7431781888008118
2478125056.0,-0.7923378348350525
2479062528.0,-0.844265878200531
2480000000.0,-0.9005215764045715
2480937472.0,-0.9594618082046509
2481874944.0,-1.0233356952667236
2482812416.0,-1.089124083518982
2483749888.0,-1.1579320430755615
2484687616.0,-1.2313287258148193
2485625088.0,-1.307997465133667
2486562560.0,-1.38689124584198
2487500032.0,-1.4682729244232178
2488437504.0,-1.5540199279785156
2489374976.0,-1.642496109008789
2490312448.0,-1.7353312969207764
2491249920.0,-1.8317945003509521
2492187392.0,-1.9335836172103882
2493125120.0,-2.040451765060425
2494062592.0,-2.153076648712158
2495000064.0,-2.270766019821167
2495937536.0,-2.394519567489624
2496875008.0,-2.5256385803222656
2497812480.0,-2.664595603942871
2498749952.0,-2.8103530406951904
2499687424.0,-2.967681407928467
2500624896.0,-3.1327013969421387
2501562624.0,-3.308865547180176
2502500096.0,-3.4995157718658447
2503437568.0,-3.7052714824676514
2504375040.0,-3.9276132583618164
2505312512.0,-4.165957450866699
2506249984.0,-4.421658992767334
2507187456.0,-4.694290637969971
2508124928.0,-4.98444128036499
2509062400.0,-5.295807838439941
2510000128.0,-5.627996921539307
2510937600.0,-5.977580547332764
2511875072.0,-6.340966701507568
2512812544.0,-6.70774507522583
2513750016.0,-7.064360618591309
2514687488.0,-7.394750118255615
2515624960.0,-7.682891845703125
2516562432.0,-7.911135673522949
2517499904.0,-8.065939903259277
2518437376.0,-8.133278846740723
2519375104.0,-8.105650901794434
2520312576.0,-7.9825005531311035
2521250048.0,-7.770935535430908
2522187520.0,-7.48595666885376
2523124992.0,-7.1446661949157715
2524062464.0,-6.763775825500488
2524999936.0,-6.365106582641602
2525937408.0,-5.958789348602295
2526874880.0,-5.554089069366455
2527812608.0,-5.162959575653076
2528750080.0,-4.784886360168457
2529687552.0,-4.4364399909973145
2530625024.0,-4.110111713409424
2531562496.0,-3.8031179904937744
2532499968.0,-3.5173556804656982
2533437440.0,-3.2526357173919678
2534374912.0,-3.0101683139801025
2535312384.0,-2.788874387741089
2536250112.0,-2.586698293685913
2537187584.0,-2.402149200439453
2538125056.0,-2.2324254512786865
2539062528.0,-2.0779266357421875
2540000000.0,-1.9388478994369507
2540937472.0,-1.8121058940887451
2541874944.0,-1.6977111101150513
2542812416.0,-1.595289707183838
2543749888.0,-1.5012234449386597
2544687616.0,-1.4166581630706787
2545625088.0,-1.3425264358520508
2546562560.0,-1.274518370628357
2547500032.0,-1.2137908935546875
2548437504.0,-1.1599862575531006
2549374976.0,-1.1106561422348022
2550312448.0,-1.067234992980957
2551249920.0,-1.026940107345581
2552187392.0,-0.9912999272346497
2553125120.0,-0.9597719311714172
2554062592.0,-0.9323984384536743
2555000064.0,-0.9052920937538147
2555937536.0,-0.8818121552467346
2556875008.0,-0.8593878746032715
2557812480.0,-0.8379458785057068
2558749952.0,-0.8184530735015869
2559687424.0,-0.7984313368797302
2560624896.0,-0.7789149880409241
2561562624.0,-0.7597387433052063
2562500096.0,-0.7410789728164673
2563437568.0,-0.7225639820098877
2564375040.0,-0.7032423615455627
2565312512.0,-0.6832919120788574
2566249984.0,-0.6629292964935303
2567187456.0,-0.6420261263847351
2568124928.0,-0.6209856271743774
2569062400.0,-0.5982556343078613
2569999872.0,-0.5749363303184509
2570937600.0,-0.5503406524658203
2571875072.0,-0.5257507562637329
2572812544.0,-0.4988647699356079
2573750016.0,-0.471873939037323
2574687488.0,-0.44446784257888794
2575624960.0,-0.4136732220649719
2576562432.0,-0.38427627086639404
2577499904.0,-0.3541495203971863
2578437376.0,-0.32371389865875244
2579375104.0,-0.2935793101787567
2580312576.0,-0.262799471616745
2581250048.0,-0.2324264645576477
2582187520.0,-0.20248955488204956
2583124992.0,-0.17338630557060242
2584062464.0,-0.1457001268863678
2584999936.0,-0.11841205507516861
2585937408.0,-0.09345913678407669
2586874880.0,-0.06839350610971451
2587812608.0,-0.04604905843734741
2588750080.0,-0.021288307383656502
2589687552.0,-0.00753924623131752
2590625024.0,0.003693168517202139
2591562496.0,0.014942270703613758
2592499968.0,0.023277735337615013
2593437440.0,0.0290164053440094
2594374912.0,0.03320419415831566
2595312384.0,0.036187831312417984
2596250112.0,0.03555552661418915
2597187584.0,0.03385619819164276
2598125056.0,0.030486732721328735
2599062528.0,0.02546415664255619
2600000000.0,0.018374094739556313
2600937472.0,0.010417130775749683
2601874944.0,0.0017993133515119553
2602812416.0,-0.009248322807252407
2603749888.0,-0.020960340276360512
2604687616.0,-0.032730862498283386
2605625088.0,-0.04565678909420967
2606562560.0,-0.05838272348046303
2607500032.0,-0.07249629497528076
2608437504.0,-0.08608700335025787
2609374976.0,-0.09874384850263596
2610312448.0,-0.11368778347969055
2611249920.0,-0.12641163170337677
2612187392.0,-0.1390068680047989
2613125120.0,-0.15184760093688965
2614062592.0,-0.16255222260951996
2615000064.0,-0.17356866598129272
2615937536.0,-0.18375372886657715
2616875008.0,-0.1919453740119934
2617812480.0,-0.19985637068748474
2618749952.0,-0.20603805780410767
2619687424.0,-0.211665540933609
2620624896.0,-0.21486490964889526
2621562624.0,-0.21699102222919464
2622500096.0,-0.21819043159484863
2623437568.0,-0.21698231995105743
2624375040.0,-0.2141348123550415
2625312512.0,-0.21047145128250122
2626249984.0,-0.20446021854877472
2627187456.0,-0.1983044594526291
2628124928.0,-0.18986095488071442
2629062400.0,-0.18009024858474731
2630000128.0,-0.1686842441558838
2630937600.0,-0.15606828033924103
2631875072.0,-0.14191028475761414
2632812544.0,-0.1275850385427475
2633750016.0,-0.11133234202861786
2634687488.0,-0.09491346031427383
2635624960.0,-0.07671219855546951
2636562432.0,-0.05811280757188797
2637499904.0,-0.03986259922385216
2638437376.0,-0.021846095100045204
2639375104.0,-0.0027238032780587673
2640312576.0,0.017256679013371468
2641250048.0,0.03534739464521408
2642187520.0,0.05443732067942619
2643124992.0,0.07247570157051086
2644062464.0,0.08988066017627716
2644999936.0,0.10638734698295593
2645937408.0,0.12223716080188751
2646874880.0,0.1368759423494339
2647812608.0,0.16135387122631073
2648750080.0,0.17569850385189056
2649687552.0,0.18796369433403015
2650625024.0,0.19686399400234222
2651562496.0,0.20604951679706573
2652499968.0,0.21106824278831482
2653437440.0,0.21340985596179962
2654374912.0,0.2146218866109848
2655312384.0,0.21171285212039948
2656250112.0,0.20778387784957886
2657187584.0,0.20053860545158386
2658125056.0,0.19109196960926056
2659062528.0,0.17982935905456543
2660000000.0,0.166111558675766
2660937472.0,0.1516849249601364
2661874944.0,0.1345224529504776
2662812416.0,0.11653127521276474
2663749888.0,0.09743396937847137
2664687616.0,0.07694461196660995
2665625088.0,0.05679842829704285
2666562560.0,0.036225635558366776
2667500032.0,0.015620064921677113
2668437504.0,-0.005542547907680273
2669374976.0,-0.02556781657040119
2670312448.0,-0.04491573944687843
2671249920.0,-0.06375523656606674
2672187392.0,-0.08129135519266129
2673125120.0,-0.09812817722558975
2674062592.0,-0.11314377188682556
2675000064.0,-0.12565471231937408
2675937536.0,-0.1370498538017273
2676875008.0,-0.14693672955036163
2677812480.0,-0.15504957735538483
2678749952.0,-0.1600264608860016
2679687424.0,-0.1643080860376358
2680624896.0,-0.1659964621067047
2681562624.0,-0.165256068110466
2682500096.0,-0.1617533415555954
2683437568.0,-0.15758463740348816
2684375040.0,-0.15066291391849518
2685312512.0,-0.14189764857292175
2686249984.0,-0.13136249780654907
2687187456.0,-0.12009512633085251
2688124928.0,-0.10661111027002335
2689062400.0,-0.09171205759048462
2689999872.0,-0.07565434277057648
2690937600.0,-0.0581984668970108
2691875072.0,-0.04211321845650673
2692812544.0,-0.02426835335791111
2693750016.0,-0.004873878788203001
2694687488.0,0.014234468340873718
2695624960.0,0.03148764744400978
2696562432.0,0.05086062476038933
2697499904.0,0.06880208849906921
2698437376.0,0.0853767916560173
2699375104.0,0.1031779944896698
2700312576.0,0.11940425634384155
2701250048.0,0.13324478268623352
2702187520.0,0.14789333939552307
2703124992.0,0.16032226383686066
2704062464.0,0.1735144406557083
2704999936.0,0.18382737040519714
2705937408.0,0.1931944638490677
2706874880.0,0.20010998845100403
2707812608.0,0.21892184019088745
2708750080.0,0.22355985641479492
2709687552.0,0.2257501184940338
2710625024.0,0.2275955229997635
2711562496.0,0.22776535153388977
2712499968.0,0.2268146574497223
2713437440.0,0.22477422654628754
2714374912.0,0.22139783203601837
2715312384.0,0.2168160080909729
2716250112.0,0.2112959772348404
2717187584.0,0.20334671437740326
2718125056.0,0.19454175233840942
2719062528.0,0.18471236526966095
2720000000.0,0.17443342506885529
2720937472.0,0.16186127066612244
2721874944.0,0.14810079336166382
2722812416.0,0.13322074711322784
2723749888.0,0.11744727194309235
2724687616.0,0.10054605454206467
2725625088.0,0.08271785825490952
2726562560.0,0.06401615589857101
2727500032.0,0.04481133818626404
2728437504.0,0.02477259747684002
2729374976.0,0.005469737108796835
2730312448.0,-0.014097698964178562
2731249920.0,-0.03454853966832161
2732187392.0,-0.053045570850372314
2733125120.0,-0.07221247255802155
2734062592.0,-0.09079408645629883
2735000064.0,-0.10808004438877106
2735937536.0,-0.12440577149391174
2736875008.0,-0.13897307217121124
2737812480.0,-0.15221084654331207
2738749952.0,-0.16377732157707214
2739687424.0,-0.17360056936740875
2740624896.0,-0.1808895617723465
2741562624.0,-0.18570658564567566
2742500096.0,-0.19021497666835785
2743437568.0,-0.19025954604148865
2744375040.0,-0.1891164779663086
2745312512.0,-0.18607832491397858
2746249984.0,-0.17955881357192993
2747187456.0,-0.17074286937713623
2748124928.0,-0.1604832112789154
2749062400.0,-0.1470070630311966
2750000128.0,-0.13193663954734802
2750937600.0,-0.11629123240709305
2751875072.0,-0.09692343324422836
2752812544.0,-0.07725440710783005
2753750016.0,-0.05667499452829361
2754687488.0,-0.03522603213787079
2755624960.0,-0.012489432469010353
2756562432.0,0.010319473221898079
2757499904.0,0.03259222209453583
2758437376.0,0.05561095103621483
2759375104.0,0.07799112796783447
2760312576.0,0.0997176468372345
2761250048.0,0.12073388695716858
2762187520.0,0.14042596518993378
2763124992.0,0.1572723388671875
2764062464.0,0.17303210496902466
2764999936.0,0.1886102706193924
2765937408.0,0.19962580502033234
2766874880.0,0.2093888521194458
2767812608.0,0.25074511766433716
2768750080.0,0.2528105080127716
2769687552.0,0.2542368471622467
2770625024.0,0.2543691098690033
2771562496.0,0.25269877910614014
2772499968.0,0.2496994435787201
2773437440.0,0.2448754608631134
2774374912.0,0.23822195827960968
2775312384.0,0.2308778464794159
2776250112.0,0.2217358648777008
2777187584.0,0.2118644118309021
2778125056.0,0.20024487376213074
2779062528.0,0.18813656270503998
2780000000.0,0.17460870742797852
2780937472.0,0.16115689277648926
2781874944.0,0.1468782126903534
2782812416.0,0.13200771808624268
2783749888.0,0.11654412746429443
2784687616.0,0.10137975960969925
2785625088.0,0.08608300238847733
2786562560.0,0.07023029029369354
2787500032.0,0.05444781109690666
2788437504.0,0.04021453484892845
2789374976.0,0.02425958402454853
2790312448.0,0.010396021418273449
2791249920.0,-0.0035274794790893793
2792187392.0,-0.01733596995472908
2793125120.0,-0.0300295352935791
2794062592.0,-0.041129518300294876
2795000064.0,-0.05253275856375694
2795937536.0,-0.06156081333756447
2796875008.0,-0.07084797322750092
2797812480.0,-0.07809975743293762
2798749952.0,-0.08475537598133087
2799687424.0,-0.08920000493526459
2800624896.0,-0.09240103513002396
2801562624.0,-0.09386484324932098
2802500096.0,-0.09414050728082657
2803437568.0,-0.09322204440832138
2804375040.0,-0.09025920182466507
2805312512.0,-0.08688318729400635
2806249984.0,-0.08116098493337631
2807187456.0,-0.07374257594347
2808124928.0,-0.06591207534074783
2809062400.0,-0.055262815207242966
2809999872.0,-0.04426067695021629
2810937600.0,-0.032698601484298706
2811875072.0,-0.0179111547768116
2812812544.0,-0.003542555496096611
2813750016.0,0.011487677693367004
2814687488.0,0.02729681506752968
2815624960.0,0.04414007067680359
2816562432.0,0.06085789576172829
2817499904.0,0.07836693525314331
2818437376.0,0.09525953978300095
2819375104.0,0.11244336515665054
2820312576.0,0.12918055057525635
2821250048.0,0.14530545473098755
2822187520.0,0.16041375696659088
2823124992.0,0.1757322996854782
2824062464.0,0.189397394657135
2824999936.0,0.20237605273723602
2825937408.0,0.21249382197856903
2826874880.0,0.2217160016298294
2827812608.0,0.2357080727815628
2828750080.0,0.24081861972808838
2829687552.0,0.24431626498699188
2830625024.0,0.24466025829315186
2831562496.0,0.2445693165063858
2832499968.0,0.24104289710521698
2833437440.0,0.23721235990524292
2834374912.0,0.2308538407087326
2835312384.0,0.22314190864562988
2836250112.0,0.2132415473461151
2837187584.0,0.20331066846847534
2838125056.0,0.19070228934288025
2839062528.0,0.1772087812423706
2840000000.0,0.1632014811038971
2840937472.0,0.14711527526378632
2841874944.0,0.13163967430591583
2842812416.0,0.1147424578666687
2843749888.0,0.09784387797117233
2844687616.0,0.0804235115647316
2845625088.0,0.06312134116888046
2846562560.0,0.04508763179183006
2847500032.0,0.029157627373933792
2848437504.0,0.012857692316174507
2849374976.0,-0.00401298375800252
2850312448.0,-0.0185270756483078
2851249920.0,-0.03360195830464363
2852187392.0,-0.04682793468236923
2853125120.0,-0.05967075377702713
2854062592.0,-0.07122458517551422
2855000064.0,-0.08096267282962799
2855937536.0,-0.08832520246505737
2856875008.0,-0.09498599916696548
2857812480.0,-0.10073031485080719
2858749952.0,-0.10362912714481354
2859687424.0,-0.10557102411985397
2860624896.0,-0.10597582906484604
2861562624.0,-0.10383020341396332
2862500096.0,-0.10000969469547272
2863437568.0,-0.09505048394203186
2864375040.0,-0.08828379213809967
2865312512.0,-0.08008746057748795
2866249984.0,-0.07016941905021667
2867187456.0,-0.059412773698568344
2868124928.0,-0.046878740191459656
2869062400.0,-0.03381705656647682
2870000128.0,-0.01928924396634102
2870937600.0,-0.004133585374802351
2871875072.0,0.011508536525070667
2872812544.0,0.028418341651558876
2873750016.0,0.04538200423121452
2874687488.0,0.06297311186790466
2875624960.0,0.07942485064268112
2876562432.0,0.09674341976642609
2877499904.0,0.11315704137086868
2878437376.0,0.12891654670238495
2879375104.0,0.1447272151708603
2880312576.0,0.15986667573451996
2881250048.0,0.17449939250946045
2882187520.0,0.18730488419532776
2883124992.0,0.19962318241596222
2884062464.0,0.21103864908218384
2884999936.0,0.22100365161895752
2885937408.0,0.22877641022205353
2886874880.0,0.23591139912605286
2887812608.0,0.21840231120586395
2888750080.0,0.22207076847553253
2889687552.0,0.22360992431640625
2890625024.0,0.22561433911323547
2891562496.0,0.22617897391319275
2892499968.0,0.22423887252807617
2893437440.0,0.22341369092464447
2894374912.0,0.2198972851037979
2895312384.0,0.21518173813819885
2896250112.0,0.20890256762504578
2897187584.0,0.20222212374210358
2898125056.0,0.19361251592636108
2899062528.0,0.1827903687953949
2900000000.0,0.17185039818286896
2900937472.0,0.15869995951652527
2901874944.0,0.14455170929431915
2902812416.0,0.13056990504264832
2903749888.0,0.1134946197271347
2904687616.0,0.09764273464679718
2905625088.0,0.08100155740976334
2906562560.0,0.06346242129802704
2907500032.0,0.046003080904483795
2908437504.0,0.029226217418909073
2909374976.0,0.012013508938252926
2910312448.0,-0.004821218084543943
2911249920.0,-0.01955018751323223
2912187392.0,-0.03444176912307739
2913125120.0,-0.047506287693977356
2914062592.0,-0.05932562053203583
2915000064.0,-0.06825190037488937
2915937536.0,-0.07662002742290497
2916875008.0,-0.0833844318985939
2917812480.0,-0.08785215765237808
2918749952.0,-0.0896444171667099
2919687424.0,-0.08880302309989929
2920624896.0,-0.0864979699254036
2921562624.0,-0.08294517546892166
2922500096.0,-0.0769190639257431
2923437568.0,-0.0680050253868103
2924375040.0,-0.058514952659606934
2925312512.0,-0.04618339613080025
2926249984.0,-0.033131252974271774
2927187456.0,-0.017260147258639336
2928124928.0,-0.0026330305263400078
2929062400.0,0.014802254736423492
2929999872.0,0.032120052725076675
2930937600.0,0.050163403153419495
2931875072.0,0.06794364005327225
2932812544.0,0.08440899848937988
2933750016.0,0.10309707373380661
2934687488.0,0.11977389454841614
2935624960.0,0.1370822936296463
2936562432.0,0.15239159762859344
2937499904.0,0.16584493219852448
2938437376.0,0.1783958524465561
2939375104.0,0.1904110610485077
2940312576.0,0.20012983679771423
2941250048.0,0.20895279943943024
2942187520.0,0.21733206510543823
2943124992.0,0.22345110774040222
2944062464.0,0.2272215485572815
2944999936.0,0.2307715117931366
2945937408.0,0.23339775204658508
2946874880.0,0.2339944690465927
2947812608.0,0.2128802239894867
2948750080.0,0.21067899465560913
2949687552.0,0.20783033967018127
2950625024.0,0.20404615998268127
2951562496.0,0.20038041472434998
2952499968.0,0.19727107882499695
2953437440.0,0.19301548600196838
2954374912.0,0.18865269422531128
2955312384.0,0.18464942276477814
2956250112.0,0.17980559170246124
2957187584.0,0.17579792439937592
2958125056.0,0.17059826850891113
2959062528.0,0.16571079194545746
2960000000.0,0.16040097177028656
2960937472.0,0.15569829940795898
2961874944.0,0.1499931365251541
2962812416.0,0.14452756941318512
2963749888.0,0.13972224295139313
2964687616.0,0.13335436582565308
2965625088.0,0.12737157940864563
2966562560.0,0.12151585519313812
2967500032.0,0.11421483010053635
2968437504.0,0.10745231807231903
2969374976.0,0.10071546584367752
2970312448.0,0.09327606111764908
2971249920.0,0.08612672239542007
2972187392.0,0.07904424518346786
2973125120.0,0.0719609409570694
2974062592.0,0.06439653038978577
2975000064.0,0.05658230185508728
2975937536.0,0.04953419417142868
2976875008.0,0.043257128447294235
2977812480.0,0.03667392209172249
2978749952.0,0.03059491328895092
2979687424.0,0.024544544517993927
2980624896.0,0.01961515285074711
2981562624.0,0.014953028410673141
2982500096.0,0.010179132223129272
2983437568.0,0.008309740573167801
2984375040.0,0.005187794100493193
2985312512.0,0.0023318356834352016
2986249984.0,0.001762908068485558
2987187456.0,0.0010309109929949045
2988124928.0,0.0008611691300757229
2989062400.0,0.002019330160692334
2990000128.0,0.0024507942143827677
2990937600.0,0.004347625654190779
2991875072.0,0.0058564902283251286
2992812544.0,0.008435644209384918
2993750016.0,0.01044973824173212
2994687488.0,0.013408620841801167
2995624960.0,0.015964964404702187
2996562432.0,0.01840406470000744
2997499904.0,0.02087542787194252
2998437376.0,0.023282092064619064
2999375104.0,0.026650091633200645
3000312576.0,0.03207289054989815
3001250048.0,0.034451697021722794
3002187520.0,0.03607047349214554
3003124992.0,0.03889430686831474
3004062464.0,0.04118768125772476
3004999936.0,0.043747760355472565
3005937408.0,0.045627206563949585
3006874880.0,0.047433629631996155
3007812608.0,0.13875074684619904
3008750080.0,0.1347937136888504
3009687552.0,0.13261102139949799
3010625024.0,0.1287529170513153
3011562496.0,0.12565761804580688
3012499968.0,0.12091989815235138
3013437440.0,0.11615272611379623
3014374912.0,0.11136322468519211
3015312384.0,0.10616692900657654
3016250112.0,0.10065644234418869
3017187584.0,0.09558578580617905
3018125056.0,0.08945966511964798
3019062528.0,0.0839792937040329
3020000000.0,0.07800120115280151
3020937472.0,0.07241315394639969
3021874944.0,0.06592895835638046
3022812416.0,0.06049291044473648
3023749888.0,0.053322210907936096
3024687616.0,0.04860658571124077
3025625088.0,0.041878413408994675
3026562560.0,0.03570283576846123
3027500032.0,0.029675375670194626
3028437504.0,0.0239198487251997
3029374976.0,0.0181188452988863
3030312448.0,0.012340246699750423
3031249920.0,0.007309781387448311
3032187392.0,0.0006230347789824009
3033125120.0,-0.003983708098530769
3034062592.0,-0.010224798694252968
3035000064.0,-0.014599291607737541
3035937536.0,-0.020411236211657524
3036875008.0,-0.025685865432024002
3037812480.0,-0.030260616913437843
3038749952.0,-0.035479992628097534
3039687424.0,-0.03942985460162163
3040624896.0,-0.043482787907123566
3041562624.0,-0.04701757803559303
3042500096.0,-0.05058837682008743
3043437568.0,-0.05291961133480072
3044375040.0,-0.055812444537878036
3045312512.0,-0.057886991649866104
3046249984.0,-0.058861143887043
3047187456.0,-0.06108837574720383
3048124928.0,-0.06080735847353935
3049062400.0,-0.06072454899549484
3049999872.0,-0.060209792107343674
3050937600.0,-0.058229830116033554
3051875072.0,-0.05649017542600632
3052812544.0,-0.05370979383587837
3053750016.0,-0.049205485731363297
3054687488.0,-0.045517697930336
3055624960.0,-0.040096133947372437
3056562432.0,-0.03363603353500366
3057499904.0,-0.027141187340021133
3058437376.0,-0.019557764753699303
3059375104.0,-0.010784455575048923
3060312576.0,-0.0022904938086867332
3061250048.0,0.007924536243081093
3062187520.0,0.01930161751806736
3063124992.0,0.029879681766033173
3064062464.0,0.04223690927028656
3064999936.0,0.05403025820851326
3065937408.0,0.06725434958934784
3066874880.0,0.07971545308828354
3067812608.0,0.14361824095249176
3068750080.0,0.1488952934741974
3069687552.0,0.15266111493110657
3070625024.0,0.15632212162017822
3071562496.0,0.1574779748916626
3072499968.0,0.15758751332759857
3073437440.0,0.15610498189926147
3074374912.0,0.15327952802181244
3075312384.0,0.1489751935005188
3076250112.0,0.14402036368846893
3077187584.0,0.13760332763195038
3078125056.0,0.12943236529827118
3079062528.0,0.12202786654233932
3080000000.0,0.11252033710479736
3080937472.0,0.10331585258245468
3081874944.0,0.0935760885477066
3082812416.0,0.08293382823467255
3083749888.0,0.07181832939386368
3084687616.0,0.06075350567698479
3085625088.0,0.050738219171762466
3086562560.0,0.0403241403400898
3087500032.0,0.03090178221464157
3088437504.0,0.02230667695403099
3089374976.0,0.013450350612401962
3090312448.0,0.005861252546310425
3091249920.0,-0.0005101960268802941
3092187392.0,-0.006135221105068922
3093125120.0,-0.012010454200208187
3094062592.0,-0.015122612938284874
3095000064.0,-0.017976511269807816
3095937536.0,-0.01943269744515419
3096875008.0,-0.019617129117250443
3097812480.0,-0.017737841233611107
3098749952.0,-0.015983374789357185
3099687424.0,-0.013184376992285252
3100624896.0,-0.009638805873692036
3101562624.0,-0.004075065720826387
3102500096.0,0.001589244231581688
3103437568.0,0.006912626791745424
3104375040.0,0.014218255877494812
3105312512.0,0.021796774119138718
3106249984.0,0.029546836391091347
3107187456.0,0.0366705060005188
3108124928.0,0.04433528706431389
3109062400.0,0.05206577852368355
3110000128.0,0.059921469539403915
3110937600.0,0.06761910766363144
3111875072.0,0.07477080821990967
3112812544.0,0.0824538916349411
3113750016.0,0.08908934146165848
3114687488.0,0.09586907178163528
3115624960.0,0.10185448825359344
3116562432.0,0.10652289539575577
3117499904.0,0.11210225522518158
3118437376.0,0.11646132171154022
3119375104.0,0.12082892656326294
3120312576.0,0.12406995892524719
3121250048.0,0.1276862770318985
3122187520.0,0.13008062541484833
3123124992.0,0.13266347348690033
3124062464.0,0.13447023928165436
3124999936.0,0.13722608983516693
3125937408.0,0.13891679048538208
3126874880.0,0.1413181573152542
3127812608.0,0.14647743105888367
3128750080.0,0.14699003100395203
3129687552.0,0.14557170867919922
3130625024.0,0.14465148746967316
3131562496.0,0.14289186894893646
3132499968.0,0.141390860080719
3133437440.0,0.13878796994686127
3134374912.0,0.1361643373966217
3135312384.0,0.1323515772819519
3136250112.0,0.12965773046016693
3137187584.0,0.12634731829166412
3138125056.0,0.12372999638319016
3139062528.0,0.12270049750804901
3140000000.0,0.12279203534126282
3140937472.0,0.12263797968626022
3141874944.0,0.12451012432575226
3142812416.0,0.12740153074264526
3143749888.0,0.13117821514606476
3144687616.0,0.1375577449798584
3145625088.0,0.14200051128864288
3146562560.0,0.14761270582675934
3147500032.0,0.1533873975276947
3148437504.0,0.15751561522483826
3149374976.0,0.16002023220062256
3150312448.0,0.1619734764099121
3151249920.0,0.1609717607498169
3152187392.0,0.15710029006004333
3153125120.0,0.1518431007862091
3154062592.0,0.14461727440357208
3155000064.0,0.13535001873970032
3155937536.0,0.12482832372188568
3156875008.0,0.11200875788927078
3157812480.0,0.09838445484638214
3158749952.0,0.08306338638067245
3159687424.0,0.06850703060626984
3160624896.0,0.05330062657594681
3161562624.0,0.03848228231072426
3162500096.0,0.024539852514863014
3163437568.0,0.011824103072285652
3164375040.0,0.00046128383837640285
3165312512.0,-0.008192954584956169
3166249984.0,-0.016097314655780792
3167187456.0,-0.021464481949806213
3168124928.0,-0.024990839883685112
3169062400.0,-0.02520943433046341
3169999872.0,-0.0231330506503582
3170937600.0,-0.018831400200724602
3171875072.0,-0.013109005056321621
3172812544.0,-0.004921791609376669
3173750016.0,0.005400592926889658
3174687488.0,0.016632556915283203
3175624960.0,0.029554186388850212
3176562432.0,0.042870454490184784
3177499904.0,0.05746764689683914
3178437376.0,0.07232385873794556
3179375104.0,0.08760686218738556
3180312576.0,0.10338068753480911
3181250048.0,0.11829230934381485
3182187520.0,0.13298159837722778
3183124992.0,0.14748117327690125
3184062464.0,0.16077542304992676
3184999936.0,0.17330409586429596
3185937408.0,0.1856769174337387
3186874880.0,0.19642557203769684
3187812608.0,0.16081605851650238
3188750080.0,0.1554701179265976
3189687552.0,0.1496470868587494
3190625024.0,0.14443768560886383
3191562496.0,0.1380285918712616
3192499968.0,0.13150064647197723
3193437440.0,0.12659327685832977
3194374912.0,0.11960858851671219
3195312384.0,0.11413832753896713
3196250112.0,0.10822026431560516
3197187584.0,0.10326500982046127
3198125056.0,0.09922861307859421
3199062528.0,0.09549509733915329
3200000000.0,0.09279870986938477
3200937472.0,0.08990569412708282
3201874944.0,0.08772064745426178
3202812416.0,0.08756948262453079
3203749888.0,0.08768294006586075
3204687616.0,0.08744189143180847
3205625088.0,0.08872237056493759
3206562560.0,0.09011879563331604
3207500032.0,0.09237394481897354
3208437504.0,0.09390661120414734
3209374976.0,0.09609339386224747
3210312448.0,0.09811414778232574
3211249920.0,0.101038359105587
3212187392.0,0.10383884608745575
3213125120.0,0.10732933133840561
3214062592.0,0.10870391130447388
3215000064.0,0.11138679087162018
3215937536.0,0.11349621415138245
3216875008.0,0.11436326801776886
3217812480.0,0.11596208065748215
3218749952.0,0.11688176542520523
3219687424.0,0.11791497468948364
3220624896.0,0.11858608573675156
3221562624.0,0.11765564978122711
3222500096.0,0.11743766814470291
3223437568.0,0.11704098433256149
3224375040.0,0.11633424460887909
3225312512.0,0.11583921313285828
3226249984.0,0.11510694772005081
3227187456.0,0.11465901881456375
3228124928.0,0.11488857865333557
3229062400.0,0.11497476696968079
3230000128.0,0.11519285291433334
3230937600.0,0.11654145270586014
3231875072.0,0.1176203116774559
3232812544.0,0.1185220256447792
3233750016.0,0.12108185142278671
3234687488.0,0.12356065958738327
3235624960.0,0.12709741294384003
3236562432.0,0.13069820404052734
3237499904.0,0.1355237364768982
3238437376.0,0.1404591202735901
3239375104.0,0.14678268134593964
3240312576.0,0.1527842879295349
3241250048.0,0.15925180912017822
3242187520.0,0.16570177674293518
3243124992.0,0.17272888123989105
3244062464.0,0.179327130317688
3244999936.0,0.1856507509946823
3245937408.0,0.19110120832920074
3246874880.0,0.19820067286491394
3247812608.0,0.10817543417215347
3248750080.0,0.09902866184711456
3249687552.0,0.08957374095916748
3250625024.0,0.0793420672416687
3251562496.0,0.06952185183763504
3252499968.0,0.05890946090221405
3253437440.0,0.049741968512535095
3254374912.0,0.041351281106472015
3255312384.0,0.03370365500450134
3256250112.0,0.02779395505785942
3257187584.0,0.02337210439145565
3258125056.0,0.022573476657271385
3259062528.0,0.022213952615857124
3260000000.0,0.023529604077339172
3260937472.0,0.026280904188752174
3261874944.0,0.029622642323374748
3262812416.0,0.03369259089231491
3263749888.0,0.03825168311595917
3264687616.0,0.04316374287009239
3265625088.0,0.04720071330666542
3266562560.0,0.05155186727643013
3267500032.0,0.05528068542480469
3268437504.0,0.05901840701699257
3269374976.0,0.06194651126861572
3270312448.0,0.06479451805353165
3271249920.0,0.06705228984355927
3272187392.0,0.0698743611574173
3273125120.0,0.0711536854505539
3274062592.0,0.07269992679357529
3275000064.0,0.07472241669893265
3275937536.0,0.07610005885362625
3276875008.0,0.07657930999994278
3277812480.0,0.07785937935113907
3278749952.0,0.07904674112796783
3279687424.0,0.07941644638776779
3280624896.0,0.08049328625202179
3281562624.0,0.08091018348932266
3282500096.0,0.08153679966926575
3283437568.0,0.0818156898021698
3284375040.0,0.08185962587594986
3285312512.0,0.08188576996326447
3286249984.0,0.08244948834180832
3287187456.0,0.08199132233858109
3288124928.0,0.08160603046417236
3289062400.0,0.08164792507886887
3289999872.0,0.08043550699949265
3290937600.0,0.08097612857818604
3291875072.0,0.08010119944810867
3292812544.0,0.0811634510755539
3293750016.0,0.0821119099855423
3294687488.0,0.0824374109506607
3295624960.0,0.08362085372209549
3296562432.0,0.08452605456113815
3297499904.0,0.08715949207544327
3298437376.0,0.08831101655960083
3299375104.0,0.09067120403051376
3300312576.0,0.09426968544721603
3301250048.0,0.09726554155349731
3302187520.0,0.10011296719312668
3303124992.0,0.1039646714925766
3304062464.0,0.10877504199743271
3304999936.0,0.11285611987113953
3305937408.0,0.118756502866745
3306874880.0,0.12440557777881622
3307812608.0,0.13686877489089966
3308750080.0,0.14475254714488983
3309687552.0,0.15246812999248505
3310625024.0,0.1603611558675766
3311562496.0,0.16903997957706451
3312499968.0,0.1782970279455185
3313437440.0,0.18560978770256042
3314374912.0,0.19390568137168884
3315312384.0,0.20033381879329681
3316250112.0,0.206375852227211
3317187584.0,0.21248187124729156
3318125056.0,0.2177850902080536
3319062528.0,0.221206933259964
3320000000.0,0.22485633194446564
3320937472.0,0.2263558804988861
3321874944.0,0.22734367847442627
3322812416.0,0.2276662290096283
3323749888.0,0.22520607709884644
3324687616.0,0.2234155684709549
3325625088.0,0.219941183924675
3326562560.0,0.21490736305713654
3327500032.0,0.20786793529987335
3328437504.0,0.20171025395393372
3329374976.0,0.19301465153694153
3330312448.0,0.18375903367996216
3331249920.0,0.17425601184368134
3332187392.0,0.16500456631183624
3333125120.0,0.1542859822511673
3334062592.0,0.14327573776245117
3335000064.0,0.13242323696613312
3335937536.0,0.12119941413402557
3336875008.0,0.10977563261985779
3337812480.0,0.09888894110918045
3338749952.0,0.08785895258188248
3339687424.0,0.07759907841682434
3340624896.0,0.06766051799058914
3341562624.0,0.05906929820775986
3342500096.0,0.050113607197999954
3343437568.0,0.043120622634887695
3344375040.0,0.037213318049907684
3345312512.0,0.031979747116565704
3346249984.0,0.02740231156349182
3347187456.0,0.02451898343861103
3348124928.0,0.022097241133451462
3349062400.0,0.02232389710843563
3350000128.0,0.023318177089095116
3350937600.0,0.024757584556937218
3351875072.0,0.027637816965579987
3352812544.0,0.032251618802547455
3353750016.0,0.036518145352602005
3354687488.0,0.04327809065580368
3355624960.0,0.050634052604436874
3356562432.0,0.057466454803943634
3357499904.0,0.06691177934408188
3358437376.0,0.07582210004329681
3359375104.0,0.084754079580307
3360312576.0,0.09395311027765274
3361250048.0,0.10472279042005539
3362187520.0,0.1140512153506279
3363124992.0,0.1237567663192749
3364062464.0,0.13387057185173035
3364999936.0,0.1417771726846695
3365937408.0,0.15052133798599243
3366874880.0,0.15720635652542114
3367812608.0,0.03914496302604675
3368750080.0,0.04326483979821205
3369687552.0,0.04650147259235382
3370625024.0,0.05018322169780731
3371562496.0,0.05274822935461998
3372499968.0,0.0543912798166275
3373437440.0,0.055088188499212265
3374374912.0,0.05633771792054176
3375312384.0,0.05594613775610924
3376250112.0,0.05372265353798866
3377187584.0,0.05089354142546654
3378125056.0,0.04754934832453728
3379062528.0,0.04313388466835022
3380000000.0,0.03746499493718147
3380937472.0,0.030916599556803703
3381874944.0,0.022935234010219574
3382812416.0,0.014733482152223587
3383749888.0,0.00576381990686059
3384687616.0,-0.0033633895218372345
3385625088.0,-0.013291167095303535
3386562560.0,-0.023624226450920105
3387500032.0,-0.03415397182106972
3388437504.0,-0.04449239745736122
3389374976.0,-0.05449993908405304
3390312448.0,-0.06535261124372482
3391249920.0,-0.07491178065538406
3392187392.0,-0.08438147604465485
3393125120.0,-0.09248356521129608
3394062592.0,-0.10179509967565536
3395000064.0,-0.10932140797376633
3395937536.0,-0.11539101600646973
3396875008.0,-0.1207929253578186
3397812480.0,-0.12671153247356415
3398749952.0,-0.13058997690677643
3399687424.0,-0.1330818235874176
3400624896.0,-0.1365726888179779
3401562624.0,-0.13849413394927979
3402500096.0,-0.13837528228759766
3403437568.0,-0.13992062211036682
3404375040.0,-0.13982932269573212
3405312512.0,-0.13940031826496124
3406249984.0,-0.13758568465709686
3407187456.0,-0.1373063176870346
3408124928.0,-0.13588522374629974
3409062400.0,-0.13443221151828766
3409999872.0,-0.13342708349227905
3410937600.0,-0.13296061754226685
3411875072.0,-0.13346914947032928
3412812544.0,-0.1348177194595337
3413750016.0,-0.13702276349067688
3414687488.0,-0.14082381129264832
3415624960.0,-0.14544112980365753
3416562432.0,-0.15285052359104156
3417499904.0,-0.16088014841079712
3418437376.0,-0.17207667231559753
3419375104.0,-0.18444594740867615
3420312576.0,-0.19968706369400024
3421250048.0,-0.21576230227947235
3422187520.0,-0.23474355041980743
3423124992.0,-0.25639671087265015
3424062464.0,-0.2795124053955078
3424999936.0,-0.3038231432437897
3425937408.0,-0.33080923557281494
3426874880.0,-0.3594379127025604
3427812608.0,-0.3894810080528259
3428750080.0,-0.41678115725517273
3429687552.0,-0.44533029198646545
3430625024.0,-0.4740183353424072
3431562496.0,-0.502823531627655
3432499968.0,-0.5308213829994202
3433437440.0,-0.5572903752326965
3434374912.0,-0.5844730734825134
3435312384.0,-0.6110765933990479
3436250112.0,-0.6377519369125366
3437187584.0,-0.6641028523445129
3438125056.0,-0.6922803521156311
3439062528.0,-0.72083580493927
3440000000.0,-0.7499496340751648
3440937472.0,-0.7806646823883057
3441874944.0,-0.8124387264251709
3442812416.0,-0.8464766144752502
3443749888.0,-0.8832323551177979
3444687616.0,-0.9228354096412659
3445625088.0,-0.9659761190414429
3446562560.0,-1.0126079320907593
3447500032.0,-1.0629271268844604
3448437504.0,-1.1163488626480103
3449374976.0,-1.173169732093811
3450312448.0,-1.2327767610549927
3451249920.0,-1.2947372198104858
3452187392.0,-1.35747230052948
3453125120.0,-1.4226323366165161
3454062592.0,-1.4871575832366943
3455000064.0,-1.5498958826065063
3455937536.0,-1.612087368965149
3456875008.0,-1.672195553779602
3457812480.0,-1.7291408777236938
3458749952.0,-1.7825583219528198
3459687424.0,-1.8323286771774292
3460624896.0,-1.8752094507217407
3461562624.0,-1.912038803100586
3462500096.0,-1.9410091638565063
3463437568.0,-1.9619030952453613
3464375040.0,-1.9771212339401245
3465312512.0,-1.9827622175216675
3466249984.0,-1.9798544645309448
3467187456.0,-1.9690008163452148
3468124928.0,-1.9527448415756226
3469062400.0,-1.9292937517166138
3470000128.0,-1.901795744895935
3470937600.0,-1.8682934045791626
3471875072.0,-1.8294614553451538
3472812544.0,-1.7873095273971558
3473750016.0,-1.7404162883758545
3474687488.0,-1.6897629499435425
3475624960.0,-1.6377593278884888
3476562432.0,-1.5825706720352173
3477499904.0,-1.5266131162643433
3478437376.0,-1.4699808359146118
3479375104.0,-1.4132795333862305
3480312576.0,-1.3621209859848022
3481250048.0,-1.3133050203323364
3482187520.0,-1.2660175561904907
3483124992.0,-1.2210081815719604
3484062464.0,-1.1769325733184814
3484999936.0,-1.1343348026275635
3485937408.0,-1.0928601026535034
3486874880.0,-1.052834391593933
3487812608.0,-1.0474177598953247
3488750080.0,-1.0081068277359009
3489687552.0,-0.9699724912643433
3490625024.0,-0.9325475692749023
3491562496.0,-0.8974685668945312
3492499968.0,-0.8639973402023315
3493437440.0,-0.8321807980537415
3494374912.0,-0.802735447883606
3495312384.0,-0.773872971534729
3496250112.0,-0.749320387840271
3497187584.0,-0.7271772623062134
3498125056.0,-0.70774245262146
3499062528.0,-0.692047119140625
3500000000.0,-0.677141010761261
3500937472.0,-0.6622405052185059
3501874944.0,-0.6480492949485779
3502812416.0,-0.6341657042503357
3503749888.0,-0.6213086843490601
3504687616.0,-0.6093477010726929
3505625088.0,-0.5996250510215759
3506562560.0,-0.5883665680885315
3507500032.0,-0.5769330859184265
3508437504.0,-0.5655056238174438
3509374976.0,-0.5543561577796936
3510312448.0,-0.5422582626342773
3511249920.0,-0.5298005938529968
3512187392.0,-0.5162919163703918
3513125120.0,-0.5019537210464478
3514062592.0,-0.48602980375289917
3515000064.0,-0.46979716420173645
3515937536.0,-0.45398619771003723
3516875008.0,-0.4386889338493347
3517812480.0,-0.42116156220436096
3518749952.0,-0.4046030640602112
3519687424.0,-0.3872327208518982
3520624896.0,-0.3700597882270813
3521562624.0,-0.35010382533073425
3522500096.0,-0.33151790499687195
3523437568.0,-0.3130558431148529
3524375040.0,-0.29443782567977905
3525312512.0,-0.27622872591018677
3526249984.0,-0.2595677971839905
3527187456.0,-0.24199332296848297
3528124928.0,-0.22515276074409485
3529062400.0,-0.20970425009727478
3529999872.0,-0.1934768110513687
3530937600.0,-0.17910929024219513
3531875072.0,-0.16580499708652496
3532812544.0,-0.15480542182922363
3533750016.0,-0.14507097005844116
3534687488.0,-0.1370217204093933
3535624960.0,-0.1304093450307846
3536562432.0,-0.12588058412075043
3537499904.0,-0.12263181805610657
3538437376.0,-0.12164036929607391
3539375104.0,-0.1224287673830986
3540312576.0,-0.12488611042499542
3541250048.0,-0.12865003943443298
3542187520.0,-0.13380256295204163
3543124992.0,-0.14000757038593292
3544062464.0,-0.14736920595169067
3544999936.0,-0.15683992207050323
3545937408.0,-0.16736602783203125
3546874880.0,-0.17922969162464142
3547812608.0,-0.20854027569293976
3548750080.0,-0.19856634736061096
3549687552.0,-0.19002938270568848
3550625024.0,-0.18146921694278717
3551562496.0,-0.17285121977329254
3552499968.0,-0.16479413211345673
3553437440.0,-0.15878792107105255
3554374912.0,-0.15338526666164398
3555312384.0,-0.1480323225259781
3556250112.0,-0.14361630380153656
3557187584.0,-0.13890182971954346
3558125056.0,-0.1339477300643921
3559062528.0,-0.12934893369674683
3560000000.0,-0.12533459067344666
3560937472.0,-0.12124400585889816
3561874944.0,-0.11772714555263519
3562812416.0,-0.11446107178926468
3563749888.0,-0.11212429404258728
3564687616.0,-0.1089504212141037
3565625088.0,-0.10762453824281693
3566562560.0,-0.10579913854598999
3567500032.0,-0.10537078976631165
3568437504.0,-0.10351503640413284
3569374976.0,-0.10100285708904266
3570312448.0,-0.09846045076847076
3571249920.0,-0.09581507742404938
3572187392.0,-0.09348182380199432
3573125120.0,-0.09005513787269592
3574062592.0,-0.08580812811851501
3575000064.0,-0.08119790256023407
3575937536.0,-0.07673332840204239
3576875008.0,-0.07091198116540909
3577812480.0,-0.06673581153154373
3578749952.0,-0.06302434951066971
3579687424.0,-0.05846681818366051
3580624896.0,-0.05458899214863777
3581562624.0,-0.050736796110868454
3582500096.0,-0.04970884323120117
3583437568.0,-0.04748805612325668
3584375040.0,-0.04581715911626816
3585312512.0,-0.04455559700727463
3586249984.0,-0.04296714812517166
3587187456.0,-0.042366039007902145
3588124928.0,-0.04210684075951576
3589062400.0,-0.04206664115190506
3590000128.0,-0.04161969944834709
3590937600.0,-0.04257359355688095
3591875072.0,-0.043573442846536636
3592812544.0,-0.04342777281999588
3593750016.0,-0.044392820447683334
3594687488.0,-0.04558788239955902
3595624960.0,-0.04752786085009575
3596562432.0,-0.05073309689760208
3597499904.0,-0.05314336717128754
3598437376.0,-0.05634047091007233
3599375104.0,-0.05929239094257355
3600312576.0,-0.061756882816553116
3601250048.0,-0.06537337601184845
3602187520.0,-0.06832780689001083
3603124992.0,-0.07152876257896423
3604062464.0,-0.07453158497810364
3604999936.0,-0.07627883553504944
3605937408.0,-0.07892563194036484
3606874880.0,-0.08057371526956558
3607812608.0,-0.08603402972221375
3608750080.0,-0.08417864888906479
3609687552.0,-0.08215141296386719
3610625024.0,-0.08200620114803314
3611562496.0,-0.081724613904953
3612499968.0,-0.08129963278770447
3613437440.0,-0.0819251760840416
3614374912.0,-0.08242442458868027
3615312384.0,-0.08315403759479523
3616250112.0,-0.08426573127508163
3617187584.0,-0.08722085505723953
3618125056.0,-0.08876094222068787
3619062528.0,-0.09133709222078323
3620000000.0,-0.0939025729894638
3620937472.0,-0.09582095593214035
3621874944.0,-0.09725336730480194
3622812416.0,-0.09917555749416351
3623749888.0,-0.10199897736310959
3624687616.0,-0.1024974063038826
3625625088.0,-0.10465424507856369
3626562560.0,-0.10691742599010468
3627500032.0,-0.10784792900085449
3628437504.0,-0.10855800658464432
3629374976.0,-0.10972275584936142
3630312448.0,-0.11025707423686981
3631249920.0,-0.11056464165449142
3632187392.0,-0.1083579733967781
3633125120.0,-0.10667011141777039
3634062592.0,-0.10405917465686798
3635000064.0,-0.1001586839556694
3635937536.0,-0.09601181745529175
3636875008.0,-0.09096536785364151
3637812480.0,-0.08426525443792343
3638749952.0,-0.0776335671544075
3639687424.0,-0.07013960927724838
3640624896.0,-0.0628010630607605
3641562624.0,-0.05432822182774544
3642500096.0,-0.04743609577417374
3643437568.0,-0.038891371339559555
3644375040.0,-0.031464386731386185
3645312512.0,-0.023511532694101334
3646249984.0,-0.014420229010283947
3647187456.0,-0.006949426140636206
3648124928.0,0.0019025882938876748
3649062400.0,0.010186119936406612
3649999872.0,0.017431696876883507
3650937600.0,0.024144122377038002
3651875072.0,0.03100580908358097
3652812544.0,0.03581495210528374
3653750016.0,0.04194650799036026
3654687488.0,0.046530913561582565
3655624960.0,0.050092071294784546
3656562432.0,0.053744275122880936
3657499904.0,0.055450648069381714
3658437376.0,0.05679123103618622
3659375104.0,0.058074820786714554
3660312576.0,0.05746684968471527
3661250048.0,0.05670923367142677
3662187520.0,0.05482154339551926
3663124992.0,0.051578912883996964
3664062464.0,0.04791129380464554
3664999936.0,0.04175467789173126
3665937408.0,0.03577636182308197
3666874880.0,0.02956962026655674
3667812608.0,0.02066822722554207
3668750080.0,0.014635971747338772
3669687552.0,0.008882272988557816
3670625024.0,0.004126883577555418
3671562496.0,1.2523172699729912e-05
3672499968.0,-0.0032394377049058676
3673437440.0,-0.005758238490670919
3674374912.0,-0.007260260172188282
3675312384.0,-0.008390605449676514
3676250112.0,-0.009088241495192051
3677187584.0,-0.00915764644742012
3678125056.0,-0.010140998288989067
3679062528.0,-0.010970644652843475
3680000000.0,-0.010362803936004639
3680937472.0,-0.009787063114345074
3681874944.0,-0.009388428181409836
3682812416.0,-0.007877093739807606
3683749888.0,-0.005408148281276226
3684687616.0,-0.002824396826326847
3685625088.0,-0.0003542432386893779
3686562560.0,0.002104627201333642
3687500032.0,0.004128338769078255
3688437504.0,0.006594955455511808
3689374976.0,0.008776293136179447
3690312448.0,0.011541053652763367
3691249920.0,0.014397728256881237
3692187392.0,0.017308533191680908
3693125120.0,0.02037002518773079
3694062592.0,0.02381398342549801
3695000064.0,0.026512309908866882
3695937536.0,0.02854759804904461
3696875008.0,0.03096793219447136
3697812480.0,0.032241832464933395
3698749952.0,0.03401639312505722
3699687424.0,0.03566404804587364
3700624896.0,0.036519087851047516
3701562624.0,0.03617167845368385
3702500096.0,0.03515107184648514
3703437568.0,0.033790428191423416
3704375040.0,0.031248074024915695
3705312512.0,0.02867126278579235
3706249984.0,0.02279592491686344
3707187456.0,0.016246866434812546
3708124928.0,0.007462367881089449
3709062400.0,-0.002143591409549117
3710000128.0,-0.01189971249550581
3710937600.0,-0.0235352274030447
3711875072.0,-0.03622553125023842
3712812544.0,-0.051556192338466644
3713750016.0,-0.06778814643621445
3714687488.0,-0.08499797433614731
3715624960.0,-0.10449480265378952
3716562432.0,-0.12437267601490021
3717499904.0,-0.14480039477348328
3718437376.0,-0.16544808447360992
3719375104.0,-0.18570730090141296
3720312576.0,-0.20651867985725403
3721250048.0,-0.22681590914726257
3722187520.0,-0.2465313822031021
3723124992.0,-0.26657721400260925
3724062464.0,-0.28406891226768494
3724999936.0,-0.300976425409317
3725937408.0,-0.31616854667663574
3726874880.0,-0.3294541537761688
3727812608.0,-0.012390922755002975
3728750080.0,-0.01329466700553894
3729687552.0,-0.013788210228085518
3730625024.0,-0.01641254499554634
3731562496.0,-0.019835298880934715
3732499968.0,-0.02218453213572502
3733437440.0,-0.02638881281018257
3734374912.0,-0.030162887647747993
3735312384.0,-0.03309061378240585
3736250112.0,-0.03550859913229942
3737187584.0,-0.03840206190943718
3738125056.0,-0.039235178381204605
3739062528.0,-0.03978392109274864
3740000000.0,-0.03994353860616684
3740937472.0,-0.03911759331822395
3741874944.0,-0.03713945671916008
3742812416.0,-0.034947194159030914
3743749888.0,-0.031241681426763535
3744687616.0,-0.026624955236911774
3745625088.0,-0.021526774391531944
3746562560.0,-0.014539539813995361
3747500032.0,-0.007911518216133118
3748437504.0,-0.0005664193886332214
3749374976.0,0.007717687636613846
3750312448.0,0.017378725111484528
3751249920.0,0.027396712452173233
3752187392.0,0.03752290830016136
3753125120.0,0.04837331548333168
3754062592.0,0.05839325487613678
3755000064.0,0.06868638098239899
3755937536.0,0.07795918732881546
3756875008.0,0.08751659095287323
3757812480.0,0.09633742272853851
3758749952.0,0.10448945313692093
3759687424.0,0.11179529130458832
3760624896.0,0.11934391409158707
3761562624.0,0.12499427795410156
3762500096.0,0.12864434719085693
3763437568.0,0.13207106292247772
3764375040.0,0.13308297097682953
3765312512.0,0.132789745926857
3766249984.0,0.13048774003982544
3767187456.0,0.1282566636800766
3768124928.0,0.12381654977798462
3769062400.0,0.11768552660942078
3769999872.0,0.11055238544940948
3770937600.0,0.1011214628815651
3771875072.0,0.09239225834608078
3772812544.0,0.08159051835536957
3773750016.0,0.0703834667801857
3774687488.0,0.060057103633880615
3775624960.0,0.047709159553050995
3776562432.0,0.03614690154790878
3777499904.0,0.023976195603609085
3778437376.0,0.011406267061829567
3779375104.0,-0.0005957899847999215
3780312576.0,-0.011354110203683376
3781250048.0,-0.023727603256702423
3782187520.0,-0.035351041704416275
3783124992.0,-0.045586373656988144
3784062464.0,-0.05610523745417595
3784999936.0,-0.06616093218326569
3785937408.0,-0.07499261200428009
3786874880.0,-0.061546266078948975
3787812608.0,-0.06435195356607437
3788750080.0,-0.06811050325632095
3789687552.0,-0.07183997333049774
3790625024.0,-0.07451070100069046
3791562496.0,-0.0760883241891861
3792499968.0,-0.07950721681118011
3793437440.0,-0.08184181153774261
3794374912.0,-0.08521892130374908
3795312384.0,-0.08599146455526352
3796250112.0,-0.0878087654709816
3797187584.0,-0.0871468186378479
3798125056.0,-0.08512546122074127
3799062528.0,-0.08271608501672745
3800000000.0,-0.07919836789369583
3800937472.0,-0.07427889108657837
3801874944.0,-0.06857746839523315
3802812416.0,-0.06285351514816284
3803749888.0,-0.05531936511397362
3804687616.0,-0.04757466912269592
3805625088.0,-0.03961174935102463
3806562560.0,-0.031107764691114426
3807500032.0,-0.021497167646884918
3808437504.0,-0.013467317447066307
3809374976.0,-0.003449826966971159
3810312448.0,0.004370771814137697
3811249920.0,0.011979542672634125
3812187392.0,0.02026374824345112
3813125120.0,0.028246745467185974
3814062592.0,0.03491711616516113
3815000064.0,0.04292357340455055
3815937536.0,0.049619246274232864
3816875008.0,0.053839728236198425
3817812480.0,0.05876419320702553
3818749952.0,0.06305187195539474
3819687424.0,0.06509299576282501
3820624896.0,0.06721645593643188
3821562624.0,0.06709795445203781
3822500096.0,0.06675424426794052
3823437568.0,0.06470619142055511
3824375040.0,0.06236610189080238
3825312512.0,0.05815422162413597
3826249984.0,0.054298754781484604
3827187456.0,0.051243651658296585
3828124928.0,0.046224284917116165
3829062400.0,0.04110647737979889
3830000128.0,0.03650735318660736
3830937600.0,0.03077881969511509
3831875072.0,0.02515995316207409
3832812544.0,0.01949670910835266
3833750016.0,0.012997579760849476
3834687488.0,0.007186741568148136
3835624960.0,0.0008233192493207753
3836562432.0,-0.0056999195367097855
3837499904.0,-0.011237449012696743
3838437376.0,-0.01763245090842247
3839375104.0,-0.02219494618475437
3840312576.0,-0.02713238075375557
3841250048.0,-0.03245207294821739
3842187520.0,-0.03640483319759369
3843124992.0,-0.040342796593904495
3844062464.0,-0.04403495788574219
3844999936.0,-0.04811882600188255
3845937408.0,-0.051625076681375504
3846874880.0,-0.0489824116230011
3847812608.0,-0.0510895662009716
3848750080.0,-0.05395757034420967
3849687552.0,-0.05610155314207077
3850625024.0,-0.057574428617954254
3851562496.0,-0.05857861787080765
3852499968.0,-0.06027907133102417
3853437440.0,-0.059658896178007126
3854374912.0,-0.06143095716834068
3855312384.0,-0.06178458407521248
3856250112.0,-0.06105145066976547
3857187584.0,-0.06084972992539406
3858125056.0,-0.05880274996161461
3859062528.0,-0.05722050741314888
3860000000.0,-0.055450208485126495
3860937472.0,-0.05237451568245888
3861874944.0,-0.05022383853793144
3862812416.0,-0.048225000500679016
3863749888.0,-0.046802010387182236
3864687616.0,-0.045516278594732285
3865625088.0,-0.04682261496782303
3866562560.0,-0.049237288534641266
3867500032.0,-0.05256514623761177
3868437504.0,-0.057959575206041336
3869374976.0,-0.0651630237698555
3870312448.0,-0.07336010038852692
3871249920.0,-0.08251706510782242
3872187392.0,-0.0921252965927124
3873125120.0,-0.10245242714881897
3874062592.0,-0.11377593129873276
3875000064.0,-0.12508587539196014
3875937536.0,-0.13512958586215973
3876875008.0,-0.1449110358953476
3877812480.0,-0.1524726301431656
3878749952.0,-0.15845660865306854
3879687424.0,-0.1629839837551117
3880624896.0,-0.16490396857261658
3881562624.0,-0.16572290658950806
3882500096.0,-0.16403022408485413
3883437568.0,-0.1598747968673706
3884375040.0,-0.15390928089618683
3885312512.0,-0.1473349630832672
3886249984.0,-0.13797664642333984
3887187456.0,-0.12778913974761963
3888124928.0,-0.11704635620117188
3889062400.0,-0.10572287440299988
3889999872.0,-0.09297512471675873
3890937600.0,-0.08051846921443939
3891875072.0,-0.06810598075389862
3892812544.0,-0.056781280785799026
3893750016.0,-0.04470266029238701
3894687488.0,-0.034966569393873215
3895624960.0,-0.025680694729089737
3896562432.0,-0.01809098571538925
3897499904.0,-0.011993738822638988
3898437376.0,-0.006205013021826744
3899375104.0,-0.0016827782383188605
3900312576.0,0.0013061206554993987
3901250048.0,0.0026825545355677605
3902187520.0,0.004954397212713957
3903124992.0,0.005488495342433453
3904062464.0,0.006022047251462936
3904999936.0,0.00681483605876565
3905937408.0,0.007047325372695923
3906874880.0,-0.006100350990891457
3907812608.0,-0.014502963982522488
3908750080.0,-0.022977983579039574
3909687552.0,-0.02852029539644718
3910625024.0,-0.031935885548591614
3911562496.0,-0.03351276367902756
3912499968.0,-0.033561352640390396
3913437440.0,-0.031059090048074722
3914374912.0,-0.026768498122692108
3915312384.0,-0.021867558360099792
3916250112.0,-0.015603781677782536
3917187584.0,-0.008166059851646423
3918125056.0,0.0022115756291896105
3919062528.0,0.011297089047729969
3920000000.0,0.0222508255392313
3920937472.0,0.032606255263090134
3921874944.0,0.04426022619009018
3922812416.0,0.05443029850721359
3923749888.0,0.0651920884847641
3924687616.0,0.07463183999061584
3925625088.0,0.08365126699209213
3926562560.0,0.09039448946714401
3927500032.0,0.09716182947158813
3928437504.0,0.10251471400260925
3929374976.0,0.10585247725248337
3930312448.0,0.10886175185441971
3931249920.0,0.10967177897691727
3932187392.0,0.10871440917253494
3933125120.0,0.1072704866528511
3934062592.0,0.10446127504110336
3935000064.0,0.09936904162168503
3935937536.0,0.09323964267969131
3936875008.0,0.08742886781692505
3937812480.0,0.07941297441720963
3938749952.0,0.06972169876098633
3939687424.0,0.059093911200761795
3940624896.0,0.04781704768538475
3941562624.0,0.0369354747235775
3942500096.0,0.024221286177635193
3943437568.0,0.012009215541183949
3944375040.0,-0.0006539779715240002
3945312512.0,-0.014262889511883259
3946249984.0,-0.02724331058561802
3947187456.0,-0.04140590876340866
3948124928.0,-0.05332695692777634
3949062400.0,-0.06404096633195877
3950000128.0,-0.07679528743028641
3950937600.0,-0.0875476822257042
3951875072.0,-0.09781187027692795
3952812544.0,-0.10770845413208008
3953750016.0,-0.11639225482940674
3954687488.0,-0.12607960402965546
3955624960.0,-0.13336756825447083
3956562432.0,-0.14075464010238647
3957499904.0,-0.14756688475608826
3958437376.0,-0.15319862961769104
3959375104.0,-0.1587955802679062
3960312576.0,-0.16433501243591309
3961250048.0,-0.1697913259267807
3962187520.0,-0.17552568018436432
3963124992.0,-0.17980802059173584
3964062464.0,-0.18491584062576294
3964999936.0,-0.18896359205245972
3965937408.0,-0.19318367540836334
3966874880.0,-0.08409291505813599
3967812608.0,-0.08945301920175552
3968750080.0,-0.09509545564651489
3969687552.0,-0.09789317846298218
3970625024.0,-0.10172814130783081
3971562496.0,-0.1040077805519104
3972499968.0,-0.10644859075546265
3973437440.0,-0.10816429555416107
3974374912.0,-0.10932570695877075
3975312384.0,-0.10900422930717468
3976250112.0,-0.10805664211511612
3977187584.0,-0.10705128312110901
3978125056.0,-0.10321982204914093
3979062528.0,-0.10027850419282913
3980000000.0,-0.09677361696958542
3980937472.0,-0.09173225611448288
3981874944.0,-0.08687656372785568
3982812416.0,-0.08125336468219757
3983749888.0,-0.07539442926645279
3984687616.0,-0.07024027407169342
3985625088.0,-0.06387502700090408
3986562560.0,-0.05817422270774841
3987500032.0,-0.0519183911383152
3988437504.0,-0.04698266461491585
3989374976.0,-0.04082600772380829
3990312448.0,-0.03551729395985603
3991249920.0,-0.030163777992129326
3992187392.0,-0.026335038244724274
3993125120.0,-0.023154035210609436
3994062592.0,-0.020542854443192482
3995000064.0,-0.02029251679778099
3995937536.0,-0.018251173198223114
3996875008.0,-0.016967156901955605
3997812480.0,-0.017137372866272926
3998749952.0,-0.0175776407122612
3999687424.0,-0.017251091077923775
4000624896.0,-0.011119067668914795
4001562624.0,-0.01572505012154579
4002500096.0,-0.02167445421218872
4003437568.0,-0.027996893972158432
4004375040.0,-0.03503056988120079
4005312512.0,-0.041799888014793396
4006249984.0,-0.05025605484843254
4007187456.0,-0.05932370573282242
4008124928.0,-0.06736411899328232
4009062400.0,-0.07538723945617676
4009999872.0,-0.08425434678792953
4010937600.0,-0.09242504090070724
4011875072.0,-0.10214713215827942
4012812544.0,-0.1093844622373581
4013750016.0,-0.1177414208650589
4014687488.0,-0.12562231719493866
4015624960.0,-0.13438299298286438
4016562432.0,-0.14233863353729248
4017499904.0,-0.14910663664340973
4018437376.0,-0.156324103474617
4019375104.0,-0.16281473636627197
4020312576.0,-0.16923749446868896
4021250048.0,-0.17506402730941772
4022187520.0,-0.18013808131217957
4023124992.0,-0.18531787395477295
4024062464.0,-0.19076868891716003
4024999936.0,-0.19512814283370972
4025937408.0,-0.1989673674106598
4026874880.0,-0.1917082518339157
4027812608.0,-0.19354702532291412
4028750080.0,-0.19473017752170563
4029687552.0,-0.19566817581653595
4030625024.0,-0.19688554108142853
4031562496.0,-0.19746018946170807
4032499968.0,-0.19839762151241302
4033437440.0,-0.19932030141353607
4034374912.0,-0.19963252544403076
4035312384.0,-0.20095373690128326
4036250112.0,-0.20077145099639893
4037187584.0,-0.20142784714698792
4038125056.0,-0.2013138085603714
4039062528.0,-0.20138759911060333
4040000000.0,-0.20021210610866547
4040937472.0,-0.1995629370212555
4041874944.0,-0.1976846307516098
4042812416.0,-0.19532373547554016
4043749888.0,-0.19144566357135773
4044687616.0,-0.18713423609733582
4045625088.0,-0.18227706849575043
4046562560.0,-0.17563189566135406
4047500032.0,-0.16825824975967407
4048437504.0,-0.16060267388820648
4049374976.0,-0.15158432722091675
4050312448.0,-0.14161087572574615
4051249920.0,-0.13039913773536682
4052187392.0,-0.11820587515830994
4053125120.0,-0.10766970366239548
4054062592.0,-0.09585893899202347
4055000064.0,-0.08479898422956467
4055937536.0,-0.07161884009838104
4056875008.0,-0.05899035930633545
4057812480.0,-0.04655291140079498
4058749952.0,-0.033974677324295044
4059687424.0,-0.022819330915808678
4060624896.0,-0.01228756457567215
4061562624.0,-0.0009688246645964682
4062500096.0,0.008275811560451984
4063437568.0,0.01709875278174877
4064375040.0,0.026577115058898926
4065312512.0,0.033702317625284195
4066249984.0,0.03908779099583626
4067187456.0,0.04464324191212654
4068124928.0,0.0479029044508934
4069062400.0,0.05062989518046379
4070000128.0,0.05098273605108261
4070937600.0,0.05144655704498291
4071875072.0,0.049780331552028656
4072812544.0,0.047102343291044235
4073750016.0,0.043236587196588516
4074687488.0,0.038386501371860504
4075624960.0,0.031539302319288254
4076562432.0,0.02485419623553753
4077499904.0,0.016990210860967636
4078437376.0,0.00856286846101284
4079375104.0,0.00012742918625008315
4080312576.0,-0.009308948181569576
4081250048.0,-0.01836274191737175
4082187520.0,-0.028934255242347717
4083124992.0,-0.03776559233665466
4084062464.0,-0.04735978692770004
4084999936.0,-0.05657477676868439
4085937408.0,-0.06545820087194443
4086874880.0,-0.0890597477555275
4087812608.0,-0.09475387632846832
4088750080.0,-0.09865334630012512
4089687552.0,-0.10231469571590424
4090625024.0,-0.10516864061355591
4091562496.0,-0.10880269855260849
4092499968.0,-0.11068912595510483
4093437440.0,-0.11328065395355225
4094374912.0,-0.11544666439294815
4095312384.0,-0.11651527136564255
4096250112.0,-0.11805829405784607
4097187584.0,-0.1185726597905159
4098125056.0,-0.11881162971258163
4099062528.0,-0.12000029534101486
4100000000.0,-0.12087750434875488
4100937472.0,-0.12123040109872818
4101874944.0,-0.12168700248003006
4102812416.0,-0.12261605262756348
4103749888.0,-0.12373548001050949
4104687616.0,-0.12465641647577286
4105625088.0,-0.1255640685558319
4106562560.0,-0.12663953006267548
4107500032.0,-0.12725524604320526
4108437504.0,-0.12826457619667053
4109374976.0,-0.12860386073589325
4110312448.0,-0.128413587808609
4111249920.0,-0.1284273862838745
4112187392.0,-0.12934382259845734
4113125120.0,-0.12819695472717285
4114062592.0,-0.12782248854637146
4115000064.0,-0.1263365000486374
4115937536.0,-0.12521758675575256
4116875008.0,-0.12339897453784943
4117812480.0,-0.11989191919565201
4118749952.0,-0.1175714060664177
4119687424.0,-0.11514198780059814
4120624896.0,-0.11149502545595169
4121562624.0,-0.108590267598629
4122500096.0,-0.10467779636383057
4123437568.0,-0.10092667490243912
4124375040.0,-0.09668108075857162
4125312512.0,-0.09314776957035065
4126249984.0,-0.08854150772094727
4127187456.0,-0.08398136496543884
4128124928.0,-0.08012913167476654
4129062400.0,-0.07703661918640137
4129999872.0,-0.07293777912855148
4130937600.0,-0.06936707347631454
4131875072.0,-0.06690022349357605
4132812544.0,-0.06351778656244278
4133750016.0,-0.06055257096886635
4134687488.0,-0.05752193182706833
4135624960.0,-0.05538277328014374
4136562432.0,-0.05321144312620163
4137499904.0,-0.05154795944690704
4138437376.0,-0.04955236241221428
4139375104.0,-0.04864666238427162
4140312576.0,-0.04691052436828613
4141250048.0,-0.04626012220978737
4142187520.0,-0.04575874283909798
4143124992.0,-0.04495691880583763
4144062464.0,-0.043869905173778534
4144999936.0,-0.043515272438526154
4145937408.0,-0.04110623151063919
4146874880.0,-0.08478212356567383
4147812608.0,-0.08671244233846664
4148750080.0,-0.08792316913604736
4149687552.0,-0.08796020597219467
4150625024.0,-0.0880209282040596
4151562496.0,-0.08609118312597275
4152499968.0,-0.08492346853017807
4153437440.0,-0.08133629709482193
4154374912.0,-0.07820601016283035
4155312384.0,-0.07439891993999481
4156250112.0,-0.07000867277383804
4157187584.0,-0.06545466929674149
4158125056.0,-0.060026202350854874
4159062528.0,-0.054937176406383514
4160000000.0,-0.05076025053858757
4160937472.0,-0.04580631107091904
4161874944.0,-0.04099909961223602
4162812416.0,-0.03726089000701904
4163749888.0,-0.031512241810560226
4164687616.0,-0.026858720928430557
4165625088.0,-0.02388717606663704
4166562560.0,-0.021103419363498688
4167500032.0,-0.02016506716609001
4168437504.0,-0.017860036343336105
4169374976.0,-0.01728021167218685
4170312448.0,-0.01871648244559765
4171249920.0,-0.01970825158059597
4172187392.0,-0.022040922194719315
4173125120.0,-0.02531052753329277
4174062592.0,-0.028180623427033424
4175000064.0,-0.03202271834015846
4175937536.0,-0.03714160993695259
4176875008.0,-0.04148930683732033
4177812480.0,-0.04575265571475029
4178749952.0,-0.05039014667272568
4179687424.0,-0.055026762187480927
4180624896.0,-0.060624703764915466
4181562624.0,-0.06676433235406876
4182500096.0,-0.07232948392629623
4183437568.0,-0.07677831500768661
4184375040.0,-0.0813809484243393
4185312512.0,-0.08589468896389008
4186249984.0,-0.09053515642881393
4187187456.0,-0.0935952290892601
4188124928.0,-0.09631519764661789
4189062400.0,-0.10043130815029144
4190000128.0,-0.10338418930768967
4190937600.0,-0.10732559114694595
4191875072.0,-0.1094035729765892
4192812544.0,-0.1132202073931694
4193750016.0,-0.11646853387355804
4194687488.0,-0.12067398428916931
4195624960.0,-0.12423563003540039
4196562432.0,-0.12848789989948273
4197499904.0,-0.13249866664409637
4198437376.0,-0.1369749754667282
4199375104.0,-0.14217330515384674
4200312576.0,-0.14712397754192352
4201250048.0,-0.15235169231891632
4202187520.0,-0.15813586115837097
4203124992.0,-0.16206909716129303
4204062464.0,-0.16712498664855957
4204999936.0,-0.17180407047271729
4205937408.0,-0.17701885104179382
4206874880.0,-0.1679554581642151
4207812608.0,-0.17393125593662262
4208750080.0,-0.18072858452796936
4209687552.0,-0.18606902658939362
4210625024.0,-0.19172444939613342
4211562496.0,-0.19405922293663025
4212499968.0,-0.19717079401016235
4213437440.0,-0.19806227087974548
4214374912.0,-0.1991342455148697
4215312384.0,-0.19764086604118347
4216250112.0,-0.1950545758008957
4217187584.0,-0.19070662558078766
4218125056.0,-0.18622978031635284
4219062528.0,-0.17982065677642822
4220000000.0,-0.17147651314735413
4220937472.0,-0.16196008026599884
4221874944.0,-0.15143457055091858
4222812416.0,-0.13975763320922852
4223749888.0,-0.1265607476234436
4224687616.0,-0.11431106179952621
4225625088.0,-0.1011216938495636
4226562560.0,-0.08532530069351196
4227500032.0,-0.06997733563184738
4228437504.0,-0.05208876356482506
4229374976.0,-0.03611051291227341
4230312448.0,-0.01909356750547886
4231249920.0,-0.0020012762397527695
4232187392.0,0.01565650850534439
4233125120.0,0.03190016373991966
4234062592.0,0.04765544831752777
4235000064.0,0.06294196099042892
4235937536.0,0.07636592537164688
4236875008.0,0.08946865051984787
4237812480.0,0.1015649139881134
4238749952.0,0.11255423724651337
4239687424.0,0.12227581441402435
4240624896.0,0.12976469099521637
4241562624.0,0.13760493695735931
4242500096.0,0.14223258197307587
4243437568.0,0.14711430668830872
4244375040.0,0.14805573225021362
4245312512.0,0.14886979758739471
4246249984.0,0.14807665348052979
4247187456.0,0.14570298790931702
4248124928.0,0.14081943035125732
4249062400.0,0.1356058418750763
4249999872.0,0.12667116522789001
4250937600.0,0.11611279100179672
4251875072.0,0.10427609831094742
4252812544.0,0.08943413943052292
4253750016.0,0.07420962303876877
4254687488.0,0.05733399838209152
4255624960.0,0.04057460278272629
4256562432.0,0.021009812131524086
4257499904.0,0.0021438125986605883
4258437376.0,-0.018456414341926575
4259375104.0,-0.037929967045784
4260312576.0,-0.05818507820367813
4261250048.0,-0.08020240068435669
4262187520.0,-0.10276579111814499
4263124992.0,-0.12468267232179642
4264062464.0,-0.14618085324764252
4264999936.0,-0.1669040471315384
4265937408.0,-0.18797604739665985
4266874880.0,-0.19584396481513977
4267812608.0,-0.20385688543319702
4268750080.0,-0.21219739317893982
4269687552.0,-0.22024230659008026
4270625024.0,-0.2269754707813263
4271562496.0,-0.23348645865917206
4272499968.0,-0.23850767314434052
4273437440.0,-0.24297915399074554
4274374912.0,-0.2454271912574768
4275312384.0,-0.2462327480316162
4276250112.0,-0.2456011325120926
4277187584.0,-0.24171002209186554
4278125056.0,-0.23750372231006622
4279062528.0,-0.2301485687494278
4280000000.0,-0.2212437093257904
4280937472.0,-0.20775794982910156
4281874944.0,-0.19348947703838348
4282812416.0,-0.17801815271377563
4283749888.0,-0.16028322279453278
4284687616.0,-0.1421581357717514
4285625088.0,-0.12080824375152588
4286562560.0,-0.09932282567024231
4287500032.0,-0.07678794860839844
4288437504.0,-0.053725894540548325
4289374976.0,-0.029682252556085587
4290312448.0,-0.006080816499888897
4291249920.0,0.01715601608157158
4292187392.0,0.04063481092453003
4293125120.0,0.062656469643116
4294062592.0,0.08489079773426056
4295000064.0,0.10479938983917236
4295937536.0,0.12355204671621323
4296875008.0,0.14029823243618011
4297812480.0,0.15502874553203583
4298749952.0,0.16790121793746948
4299687424.0,0.1793355792760849
4300624896.0,0.1877737194299698
4301562368.0,0.19347397983074188
4302499840.0,0.19717593491077423
4303437312.0,0.19863763451576233
4304374784.0,0.1969880312681198
4305312256.0,0.19245117902755737
4306250240.0,0.1850317418575287
4307187712.0,0.17544016242027283
4308125184.0,0.16395089030265808
4309062656.0,0.15040293335914612
4310000128.0,0.1344957947731018
4310937600.0,0.11702656745910645
4311875072.0,0.0997065007686615
4312812544.0,0.08100037276744843
4313750016.0,0.060785677284002304
4314687488.0,0.04063131660223007
4315624960.0,0.020334474742412567
4316562432.0,-1.5603140127495863e-05
4317499904.0,-0.019910408183932304
4318437376.0,-0.04063952714204788
4319374848.0,-0.06053406745195389
4320312320.0,-0.0805744081735611
4321249792.0,-0.09865540266036987
4322187264.0,-0.116091787815094
4323125248.0,-0.13123798370361328
4324062720.0,-0.1456826627254486
4325000192.0,-0.1589888632297516
4325937664.0,-0.17013218998908997
4326875136.0,-0.22416700422763824
4327812608.0,-0.2220836579799652
4328750080.0,-0.2189684361219406
4329687552.0,-0.21562716364860535
4330625024.0,-0.20890440046787262
4331562496.0,-0.20114421844482422
4332499968.0,-0.1931239515542984
4333437440.0,-0.18521317839622498
4334374912.0,-0.1757931411266327
4335312384.0,-0.16676872968673706
4336249856.0,-0.15808294713497162
4337187328.0,-0.14891134202480316
4338124800.0,-0.14049172401428223
4339062272.0,-0.13188469409942627
4339999744.0,-0.1239292174577713
4340937728.0,-0.11565834283828735
4341875200.0,-0.10885774344205856
4342812672.0,-0.10351067781448364
4343750144.0,-0.09747582674026489
4344687616.0,-0.09242461621761322
4345625088.0,-0.08732418715953827
4346562560.0,-0.08415936678647995
4347500032.0,-0.08051504194736481
4348437504.0,-0.07819241285324097
4349374976.0,-0.07605469226837158
4350312448.0,-0.07518412172794342
4351249920.0,-0.07475929707288742
4352187392.0,-0.07522480189800262
4353124864.0,-0.07655957341194153
4354062336.0,-0.07855286449193954
4354999808.0,-0.08037848025560379
4355937280.0,-0.08126876503229141
4356874752.0,-0.08443176001310349
4357812736.0,-0.08705748617649078
4358750208.0,-0.08986876159906387
4359687680.0,-0.09331653267145157
4360625152.0,-0.0969858393073082
4361562624.0,-0.10149914771318436
4362500096.0,-0.10513688623905182
4363437568.0,-0.1103188619017601
4364375040.0,-0.1150054931640625
4365312512.0,-0.1183772161602974
4366249984.0,-0.1233060285449028
4367187456.0,-0.12718486785888672
4368124928.0,-0.1314210593700409
4369062400.0,-0.13624192774295807
4369999872.0,-0.1406451016664505
4370937344.0,-0.14486171305179596
4371874816.0,-0.15004417300224304
4372812288.0,-0.15362529456615448
4373749760.0,-0.1585530936717987
4374687744.0,-0.16347761452198029
4375625216.0,-0.1691817045211792
4376562688.0,-0.17464198172092438
4377500160.0,-0.18113623559474945
4378437632.0,-0.18762347102165222
4379375104.0,-0.19435805082321167
4380312576.0,-0.2026793360710144
4381250048.0,-0.2115352898836136
4382187520.0,-0.22098374366760254
4383124992.0,-0.22919708490371704
4384062464.0,-0.2401430755853653
4384999936.0,-0.2500030994415283
4385937408.0,-0.26114481687545776
4386874880.0,-0.3271515667438507
4387812352.0,-0.33537939190864563
4388749824.0,-0.34063416719436646
4389687296.0,-0.3457532525062561
4390624768.0,-0.3479815423488617
4391562752.0,-0.3487713634967804
4392500224.0,-0.34706076979637146
4393437696.0,-0.3447597920894623
4394375168.0,-0.33880794048309326
4395312640.0,-0.33278101682662964
4396250112.0,-0.32355618476867676
4397187584.0,-0.3132959306240082
4398125056.0,-0.30147621035575867
4399062528.0,-0.2874727249145508
4400000000.0,-0.27426114678382874
4400937472.0,-0.259021133184433
4401874944.0,-0.24335385859012604
4402812416.0,-0.2269119918346405
4403749888.0,-0.20992332696914673
4404687360.0,-0.19112426042556763
4405624832.0,-0.17345699667930603
4406562304.0,-0.1559913456439972
4407499776.0,-0.1387884020805359
4408437248.0,-0.12210116535425186
4409375232.0,-0.10636008530855179
4410312704.0,-0.09231783449649811
4411250176.0,-0.07813742756843567
4412187648.0,-0.06591052561998367
4413125120.0,-0.05512760579586029
4414062592.0,-0.04491037502884865
4415000064.0,-0.036904044449329376
4415937536.0,-0.03228870779275894
4416875008.0,-0.029258623719215393
4417812480.0,-0.028733661398291588
4418749952.0,-0.03025646135210991
4419687424.0,-0.03568747639656067
4420624896.0,-0.042145632207393646
4421562368.0,-0.05081070214509964
4422499840.0,-0.062308575958013535
4423437312.0,-0.07544020563364029
4424374784.0,-0.0899999663233757
4425312256.0,-0.10647505521774292
4426250240.0,-0.12394251674413681
4427187712.0,-0.1435750424861908
4428125184.0,-0.16309505701065063
4429062656.0,-0.1834975779056549
4430000128.0,-0.20464596152305603
4430937600.0,-0.2286904901266098
4431875072.0,-0.25107088685035706
4432812544.0,-0.2736698389053345
4433750016.0,-0.2965141832828522
4434687488.0,-0.31958115100860596
4435624960.0,-0.34231382608413696
4436562432.0,-0.36663201451301575
4437499904.0,-0.3879251182079315
4438437376.0,-0.40919509530067444
4439374848.0,-0.42816996574401855
4440312320.0,-0.4466116726398468
4441249792.0,-0.4635978937149048
4442187264.0,-0.47779345512390137
4443125248.0,-0.49171656370162964
4444062720.0,-0.5045375227928162
4445000192.0,-0.5139851570129395
4445937664.0,-0.5222085118293762
4446875136.0,-0.532002329826355
4447812608.0,-0.5378842353820801
4448750080.0,-0.5425562262535095
4449687552.0,-0.5458348393440247
4450625024.0,-0.5458357334136963
4451562496.0,-0.5432456731796265
4452499968.0,-0.5384877920150757
4453437440.0,-0.5318753123283386
4454374912.0,-0.5230605602264404
4455312384.0,-0.512795627117157
4456249856.0,-0.5008334517478943
4457187328.0,-0.4870753884315491
4458124800.0,-0.47265246510505676
4459062272.0,-0.45673227310180664
4460000256.0,-0.44164198637008667
4460937728.0,-0.4247519075870514
4461875200.0,-0.408493310213089
4462812672.0,-0.3903603255748749
4463750144.0,-0.37394577264785767
4464687616.0,-0.35685959458351135
4465625088.0,-0.3409329354763031
4466562560.0,-0.3257088363170624
4467500032.0,-0.31227371096611023
4468437504.0,-0.29857414960861206
4469374976.0,-0.28598570823669434
4470312448.0,-0.2736996114253998
4471249920.0,-0.2637377083301544
4472187392.0,-0.2556721866130829
4473124864.0,-0.247308611869812
4474062336.0,-0.2416992038488388
4474999808.0,-0.23863355815410614
4475937280.0,-0.2380143702030182
4476874752.0,-0.2387353926897049
4477812736.0,-0.2431524097919464
4478750208.0,-0.24815669655799866
4479687680.0,-0.2566309869289398
4480625152.0,-0.2669529318809509
4481562624.0,-0.2782743275165558
4482500096.0,-0.29154983162879944
4483437568.0,-0.30778178572654724
4484375040.0,-0.32537439465522766
4485312512.0,-0.3469271957874298
4486249984.0,-0.37091490626335144
4487187456.0,-0.39653006196022034
4488124928.0,-0.42226576805114746
4489062400.0,-0.4507685601711273
4489999872.0,-0.47944194078445435
4490937344.0,-0.5097213983535767
4491874816.0,-0.5401968359947205
4492812288.0,-0.5724839568138123
4493749760.0,-0.6045168042182922
4494687744.0,-0.6379713416099548
4495625216.0,-0.6688313484191895
4496562688.0,-0.7013766169548035
4497500160.0,-0.7327772974967957
4498437632.0,-0.7626522779464722
4499375104.0,-0.7932246923446655
4500312576.0,-0.8226012587547302
4501250048.0,-0.8513350486755371
4502187520.0,-0.8790552020072937
4503124992.0,-0.9047195911407471
4504062464.0,-0.92811518907547
4504999936.0,-0.9485387206077576
4505937408.0,-0.9669747948646545
4506874880.0,-0.9310256242752075
4507812352.0,-0.9450808167457581
4508749824.0,-0.9567262530326843
4509687296.0,-0.9653879404067993
4510624768.0,-0.9706282615661621
4511562752.0,-0.9742392897605896
4512500224.0,-0.9756393432617188
4513437696.0,-0.9749228358268738
4514375168.0,-0.9695767164230347
4515312640.0,-0.961532711982727
4516250112.0,-0.948390007019043
4517187584.0,-0.9366815686225891
4518125056.0,-0.9218225479125977
4519062528.0,-0.9069396257400513
4520000000.0,-0.8911095857620239
4520937472.0,-0.8741607666015625
4521874944.0,-0.8575971722602844
4522812416.0,-0.8403723239898682
4523749888.0,-0.823707640171051
4524687360.0,-0.8070399761199951
4525624832.0,-0.7938371300697327
4526562304.0,-0.7816967964172363
4527499776.0,-0.771272599697113
4528437248.0,-0.763405978679657
4529375232.0,-0.7579007148742676
4530312704.0,-0.7540015578269958
4531250176.0,-0.753515362739563
4532187648.0,-0.7571994066238403
4533125120.0,-0.7622803449630737
4534062592.0,-0.7707040309906006
4535000064.0,-0.7834300398826599
4535937536.0,-0.7984635829925537
4536875008.0,-0.8164975643157959
4537812480.0,-0.8400090932846069
4538749952.0,-0.8672876954078674
4539687424.0,-0.8973392248153687
4540624896.0,-0.9310528635978699
4541562368.0,-0.966346025466919
4542499840.0,-1.0020126104354858
4543437312.0,-1.0395443439483643
4544374784.0,-1.0808873176574707
4545312256.0,-1.1252319812774658
4546250240.0,-1.172744870185852
4547187712.0,-1.2252733707427979
4548125184.0,-1.2816632986068726
4549062656.0,-1.341434121131897
4550000128.0,-1.4053905010223389
4550937600.0,-1.4706532955169678
4551875072.0,-1.5388580560684204
4552812544.0,-1.6074601411819458
4553750016.0,-1.678553581237793
4554687488.0,-1.7491413354873657
4555624960.0,-1.8227230310440063
4556562432.0,-1.893485188484192
4557499904.0,-1.9634567499160767
4558437376.0,-2.033273220062256
4559374848.0,-2.102832794189453
4560312320.0,-2.1710550785064697
4561249792.0,-2.23856782913208
4562187264.0,-2.3050718307495117
4563125248.0,-2.369828462600708
4564062720.0,-2.4337234497070312
4565000192.0,-2.496817111968994
4565937664.0,-2.55932879447937
4566875136.0,-2.4217042922973633
4567812608.0,-2.457972526550293
4568750080.0,-2.4925413131713867
4569687552.0,-2.5267834663391113
4570625024.0,-2.5609397888183594
4571562496.0,-2.5958683490753174
4572499968.0,-2.6280758380889893
4573437440.0,-2.661055088043213
4574374912.0,-2.693665027618408
4575312384.0,-2.726489543914795
4576249856.0,-2.7561042308807373
4577187328.0,-2.785946846008301
4578124800.0,-2.817019462585449
4579062272.0,-2.8489456176757812
4579999744.0,-2.878469944000244
4580937728.0,-2.9093542098999023
4581875200.0,-2.937474489212036
4582812672.0,-2.967550039291382
4583750144.0,-2.9983248710632324
4584687616.0,-3.0315723419189453
4585625088.0,-3.067625045776367
4586562560.0,-3.1022233963012695
4587500032.0,-3.1352744102478027
4588437504.0,-3.1684672832489014
4589374976.0,-3.2001428604125977
4590312448.0,-3.2349276542663574
4591249920.0,-3.270249843597412
4592187392.0,-3.310797691345215
4593124864.0,-3.3493549823760986
4594062336.0,-3.390651226043701
4594999808.0,-3.4343302249908447
4595937280.0,-3.478226900100708
4596874752.0,-3.521111011505127
4597812736.0,-3.563899040222168
4598750208.0,-3.6071741580963135
4599687680.0,-3.6515510082244873
4600625152.0,-3.702021598815918
4601562624.0,-3.7565054893493652
4602500096.0,-3.812483310699463
4603437568.0,-3.866969585418701
4604375040.0,-3.917083978652954
4605312512.0,-3.9654293060302734
4606249984.0,-4.014216423034668
4607187456.0,-4.063813209533691
4608124928.0,-4.1149210929870605
4609062400.0,-4.1650710105896
4609999872.0,-4.214048862457275
4610937344.0,-4.258395671844482
4611874816.0,-4.302022933959961
4612812288.0,-4.342028617858887
4613749760.0,-4.380870342254639
4614687744.0,-4.416338920593262
4615625216.0,-4.44828987121582
4616562688.0,-4.473998546600342
4617500160.0,-4.495617389678955
4618437632.0,-4.50836181640625
4619375104.0,-4.515994548797607
4620312576.0,-4.517993927001953
4621250048.0,-4.517524719238281
4622187520.0,-4.514734745025635
4623124992.0,-4.511730194091797
4624062464.0,-4.5075602531433105
4624999936.0,-4.50018835067749
4625937408.0,-4.4871602058410645
4626874880.0,-4.639339923858643
4627812352.0,-4.594361782073975
4628749824.0,-4.544557571411133
4629687296.0,-4.490146636962891
4630624768.0,-4.4300761222839355
4631562752.0,-4.364076614379883
4632500224.0,-4.2914934158325195
4633437696.0,-4.210993766784668
4634375168.0,-4.120804786682129
4635312640.0,-4.025485992431641
4636250112.0,-3.9242312908172607
4637187584.0,-3.821402072906494
4638125056.0,-3.7181525230407715
4639062528.0,-3.6130945682525635
4640000000.0,-3.5073647499084473
4640937472.0,-3.3968679904937744
4641874944.0,-3.285256862640381
4642812416.0,-3.1695477962493896
4643749888.0,-3.0539655685424805
4644687360.0,-2.938485622406006
4645624832.0,-2.826266288757324
4646562304.0,-2.7150492668151855
4647499776.0,-2.605940580368042
4648437248.0,-2.5003161430358887
4649375232.0,-2.399312734603882
4650312704.0,-2.302161931991577
4651250176.0,-2.2099874019622803
4652187648.0,-2.1223180294036865
4653125120.0,-2.040497303009033
4654062592.0,-1.9643319845199585
4655000064.0,-1.8909968137741089
4655937536.0,-1.8244361877441406
4656875008.0,-1.760818362236023
4657812480.0,-1.703046441078186
4658749952.0,-1.648634433746338
4659687424.0,-1.6003553867340088
4660624896.0,-1.5575594902038574
4661562368.0,-1.5201129913330078
4662499840.0,-1.48709237575531
4663437312.0,-1.4572809934616089
4664374784.0,-1.4306626319885254
4665312256.0,-1.4061106443405151
4666250240.0,-1.3829303979873657
4667187712.0,-1.3630669116973877
4668125184.0,-1.3447626829147339
4669062656.0,-1.3285703659057617
4670000128.0,-1.3157910108566284
4670937600.0,-1.3046653270721436
4671875072.0,-1.2943236827850342
4672812544.0,-1.2862083911895752
4673750016.0,-1.27609121799469
4674687488.0,-1.2667458057403564
4675624960.0,-1.256678581237793
4676562432.0,-1.247615933418274
4677499904.0,-1.2378603219985962
4678437376.0,-1.227001667022705
4679374848.0,-1.2151153087615967
4680312320.0,-1.2024357318878174
4681249792.0,-1.1870169639587402
4682187264.0,-1.1704916954040527
4683125248.0,-1.152961254119873
4684062720.0,-1.1336039304733276
4685000192.0,-1.1140532493591309
4685937664.0,-1.0913841724395752
4686875136.0,-1.0923495292663574
4687812608.0,-1.066185474395752
4688750080.0,-1.0394233465194702
4689687552.0,-1.0113013982772827
4690625024.0,-0.9823487401008606
4691562496.0,-0.9505740404129028
4692499968.0,-0.918935239315033
4693437440.0,-0.8851284980773926
4694374912.0,-0.8515965342521667
4695312384.0,-0.8169236183166504
4696249856.0,-0.7846132516860962
4697187328.0,-0.7514157295227051
4698124800.0,-0.717944860458374
4699062272.0,-0.6864310503005981
4700000256.0,-0.6543552279472351
4700937728.0,-0.6222677230834961
4701875200.0,-0.5896838903427124
4702812672.0,-0.558530330657959
4703750144.0,-0.529200553894043
4704687616.0,-0.5010075569152832
4705625088.0,-0.47310692071914673
4706562560.0,-0.445902019739151
4707500032.0,-0.42081138491630554
4708437504.0,-0.3966873288154602
4709374976.0,-0.3739274740219116
4710312448.0,-0.35352623462677
4711249920.0,-0.3355177044868469
4712187392.0,-0.3188110291957855
4713124864.0,-0.30498844385147095
4714062336.0,-0.2910328209400177
4714999808.0,-0.2801317870616913
4715937280.0,-0.2717711329460144
4716874752.0,-0.2643021047115326
4717812736.0,-0.25844329595565796
4718750208.0,-0.2546022832393646
4719687680.0,-0.25338730216026306
4720625152.0,-0.25440022349357605
4721562624.0,-0.2576148509979248
4722500096.0,-0.2622106671333313
4723437568.0,-0.26825234293937683
4724375040.0,-0.2763563096523285
4725312512.0,-0.2858843207359314
4726249984.0,-0.2967066466808319
4727187456.0,-0.3097599446773529
4728124928.0,-0.324197918176651
4729062400.0,-0.3402165174484253
4729999872.0,-0.3554669916629791
4730937344.0,-0.3734743297100067
4731874816.0,-0.39064380526542664
4732812288.0,-0.4073837101459503
4733749760.0,-0.4252219796180725
4734687744.0,-0.4431612491607666
4735625216.0,-0.46048930287361145
4736562688.0,-0.4789479374885559
4737500160.0,-0.4968404173851013
4738437632.0,-0.5129106640815735
4739375104.0,-0.5294080376625061
4740312576.0,-0.5443909168243408
4741250048.0,-0.5594412684440613
4742187520.0,-0.5724793076515198
4743124992.0,-0.5850129127502441
4744062464.0,-0.5948753952980042
4744999936.0,-0.6035723686218262
4745937408.0,-0.6101030707359314
4746874880.0,-0.4230632781982422
4747812352.0,-0.4227766990661621
4748749824.0,-0.42025789618492126
4749687296.0,-0.41861772537231445
4750624768.0,-0.4167744815349579
4751562752.0,-0.4140211343765259
4752500224.0,-0.4102170765399933
4753437696.0,-0.40700215101242065
4754375168.0,-0.40246182680130005
4755312640.0,-0.3988656997680664
4756250112.0,-0.39466968178749084
4757187584.0,-0.389410138130188
4758125056.0,-0.38435128331184387
4759062528.0,-0.37753695249557495
4760000000.0,-0.3700871169567108
4760937472.0,-0.3635590970516205
4761874944.0,-0.354903906583786
4762812416.0,-0.34566083550453186
4763749888.0,-0.33543598651885986
4764687360.0,-0.3266458809375763
4765624832.0,-0.3159675896167755
4766562304.0,-0.30431342124938965
4767499776.0,-0.2937268018722534
4768437248.0,-0.28208544850349426
4769375232.0,-0.2703910768032074
4770312704.0,-0.2565514147281647
4771250176.0,-0.24262851476669312
4772187648.0,-0.2275141179561615
4773125120.0,-0.21095746755599976
4774062592.0,-0.19472694396972656
4775000064.0,-0.17659133672714233
4775937536.0,-0.1579093635082245
4776875008.0,-0.13935932517051697
4777812480.0,-0.11820781230926514
4778749952.0,-0.09790954738855362
4779687424.0,-0.07862097024917603
4780624896.0,-0.056660111993551254
4781562368.0,-0.036535173654556274
4782499840.0,-0.015661349520087242
4783437312.0,0.004762277472764254
4784374784.0,0.0251882616430521
4785312256.0,0.04554262012243271
4786250240.0,0.06522279232740402
4787187712.0,0.08365723490715027
4788125184.0,0.10076992213726044
4789062656.0,0.11676081269979477
4790000128.0,0.131182461977005
4790937600.0,0.1449510008096695
4791875072.0,0.1566782146692276
4792812544.0,0.1658923625946045
4793750016.0,0.17340098321437836
4794687488.0,0.17843548953533173
4795624960.0,0.18122752010822296
4796562432.0,0.18216915428638458
4797499904.0,0.18083086609840393
4798437376.0,0.17680862545967102
4799374848.0,0.17035987973213196
4800312320.0,0.16115206480026245
4801249792.0,0.14948663115501404
4802187264.0,0.13565075397491455
4803125248.0,0.11823394149541855
4804062720.0,0.09962469339370728
4805000192.0,0.07821725308895111
4805937664.0,0.05466116592288017
4806875136.0,-0.21399913728237152
4807812608.0,-0.21852129697799683
4808750080.0,-0.22361540794372559
4809687552.0,-0.23052112758159637
4810625024.0,-0.23525860905647278
4811562496.0,-0.23983284831047058
4812499968.0,-0.2448345571756363
4813437440.0,-0.24927930533885956
4814374912.0,-0.2526600658893585
4815312384.0,-0.2558608651161194
4816249856.0,-0.2583484351634979
4817187328.0,-0.25855034589767456
4818124800.0,-0.25993701815605164
4819062272.0,-0.25885120034217834
4819999744.0,-0.2586280107498169
4820937728.0,-0.2559749484062195
4821875200.0,-0.25296831130981445
4822812672.0,-0.2483544647693634
4823750144.0,-0.24324405193328857
4824687616.0,-0.2372436672449112
4825625088.0,-0.229361891746521
4826562560.0,-0.22153399884700775
4827500032.0,-0.21298886835575104
4828437504.0,-0.20369820296764374
4829374976.0,-0.1935008019208908
4830312448.0,-0.18382646143436432
4831249920.0,-0.1732167750597
4832187392.0,-0.16183939576148987
4833124864.0,-0.15055209398269653
4834062336.0,-0.1399850845336914
4834999808.0,-0.12962482869625092
4835937280.0,-0.11952438205480576
4836874752.0,-0.1100357323884964
4837812736.0,-0.09991226345300674
4838750208.0,-0.09278253465890884
4839687680.0,-0.08464760333299637
4840625152.0,-0.07757958769798279
4841562624.0,-0.07369548082351685
4842500096.0,-0.06953530013561249
4843437568.0,-0.06710721552371979
4844375040.0,-0.06686343997716904
4845312512.0,-0.06700447201728821
4846249984.0,-0.07041428238153458
4847187456.0,-0.07382715493440628
4848124928.0,-0.07909344881772995
4849062400.0,-0.08562873303890228
4849999872.0,-0.09330793470144272
4850937344.0,-0.10381164401769638
4851874816.0,-0.11398538947105408
4852812288.0,-0.12673713266849518
4853749760.0,-0.1407027244567871
4854687744.0,-0.15417011082172394
4855625216.0,-0.16782458126544952
4856562688.0,-0.18332715332508087
4857500160.0,-0.1978594958782196
4858437632.0,-0.21266382932662964
4859375104.0,-0.22738298773765564
4860312576.0,-0.24149063229560852
4861250048.0,-0.25500714778900146
4862187520.0,-0.2671529948711395
4863124992.0,-0.2792280316352844
4864062464.0,-0.28977838158607483
4864999936.0,-0.29969820380210876
4865937408.0,-0.3065965473651886
4866874880.0,-0.2899972200393677
4867812352.0,-0.2957553565502167
4868749824.0,-0.3022737205028534
4869687296.0,-0.3086368143558502
4870624768.0,-0.313392698764801
4871562752.0,-0.31521493196487427
4872500224.0,-0.3177765905857086
4873437696.0,-0.31933489441871643
4874375168.0,-0.31934088468551636
4875312640.0,-0.3187585175037384
4876250112.0,-0.3164876699447632
4877187584.0,-0.31370842456817627
4878125056.0,-0.3087371587753296
4879062528.0,-0.3039390444755554
4880000000.0,-0.29726508259773254
4880937472.0,-0.28977108001708984
4881874944.0,-0.28208300471305847
4882812416.0,-0.2738044261932373
4883749888.0,-0.2642495930194855
4884687360.0,-0.25356391072273254
4885624832.0,-0.2417125403881073
4886562304.0,-0.23024439811706543
4887499776.0,-0.21824847161769867
4888437248.0,-0.20555955171585083
4889375232.0,-0.19267860054969788
4890312704.0,-0.17919792234897614
4891250176.0,-0.16510619223117828
4892187648.0,-0.1517392098903656
4893125120.0,-0.1375785768032074
4894062592.0,-0.12369836121797562
4895000064.0,-0.1089685782790184
4895937536.0,-0.09584338963031769
4896875008.0,-0.08201111108064651
4897812480.0,-0.06737901270389557
4898749952.0,-0.05425819754600525
4899687424.0,-0.042849887162446976
4900624896.0,-0.031053172424435616
4901562368.0,-0.02014336921274662
4902499840.0,-0.010662348009645939
4903437312.0,-0.00227427133359015
4904374784.0,0.004720442928373814
4905312256.0,0.0112910820171237
4906250240.0,0.016382116824388504
4907187712.0,0.019364137202501297
4908125184.0,0.021047934889793396
4909062656.0,0.022539107128977776
4910000128.0,0.020710064098238945
4910937600.0,0.019764689728617668
4911875072.0,0.015261661261320114
4912812544.0,0.010694243013858795
4913750016.0,0.005635848268866539
4914687488.0,-0.000718141149263829
4915624960.0,-0.009093153290450573
4916562432.0,-0.016700128093361855
4917499904.0,-0.026671942323446274
4918437376.0,-0.03745803236961365
4919374848.0,-0.047803718596696854
4920312320.0,-0.05812016502022743
4921249792.0,-0.0687786415219307
4922187264.0,-0.08159201592206955
4923125248.0,-0.09352768957614899
4924062720.0,-0.10655088722705841
4925000192.0,-0.11903933435678482
4925937664.0,-0.17430296540260315
4926875136.0,-0.17641259729862213
4927812608.0,-0.1772664338350296
4928750080.0,-0.17750200629234314
4929687552.0,-0.17805594205856323
4930625024.0,-0.17877909541130066
4931562496.0,-0.17832021415233612
4932499968.0,-0.1782425194978714
4933437440.0,-0.1775527447462082
4934374912.0,-0.17563407123088837
4935312384.0,-0.1753416657447815
4936249856.0,-0.17119118571281433
4937187328.0,-0.16893704235553741
4938124800.0,-0.16472114622592926
4939062272.0,-0.16003331542015076
4940000256.0,-0.15492993593215942
4940937728.0,-0.14865633845329285
4941875200.0,-0.14097917079925537
4942812672.0,-0.13308140635490417
4943750144.0,-0.12499311566352844
4944687616.0,-0.11653453856706619
4945625088.0,-0.10763908922672272
4946562560.0,-0.09766737371683121
4947500032.0,-0.08788002282381058
4948437504.0,-0.07721666991710663
4949374976.0,-0.06676091253757477
4950312448.0,-0.05558663234114647
4951249920.0,-0.04521695151925087
4952187392.0,-0.03397037833929062
4953124864.0,-0.023629991337656975
4954062336.0,-0.012779402546584606
4954999808.0,-0.00213955482468009
4955937280.0,0.0068033672869205475
4956874752.0,0.015875713899731636
4957812736.0,0.023846691474318504
4958750208.0,0.0314282663166523
4959687680.0,0.03881136700510979
4960625152.0,0.044217415153980255
4961562624.0,0.05042581260204315
4962500096.0,0.05394623056054115
4963437568.0,0.05632513761520386
4964375040.0,0.05857328325510025
4965312512.0,0.05891285464167595
4966249984.0,0.059078559279441833
4967187456.0,0.057531919330358505
4968124928.0,0.055038683116436005
4969062400.0,0.051174331456422806
4969999872.0,0.04595465213060379
4970937344.0,0.04031175374984741
4971874816.0,0.033254556357860565
4972812288.0,0.026587720960378647
4973749760.0,0.018563926219940186
4974687744.0,0.008945334702730179
4975625216.0,0.0005710436380468309
4976562688.0,-0.009599879384040833
4977500160.0,-0.018852418288588524
4978437632.0,-0.028482435271143913
4979375104.0,-0.03942978009581566
4980312576.0,-0.04942827299237251
4981250048.0,-0.05917120352387428
4982187520.0,-0.0689350962638855
4983124992.0,-0.07803602516651154
4984062464.0,-0.0870516449213028
4984999936.0,-0.09452720731496811
4985937408.0,-0.1370861977338791
4986874880.0,-0.14722959697246552
4987812352.0,-0.15570290386676788
4988749824.0,-0.16391010582447052
4989687296.0,-0.17012141644954681
4990624768.0,-0.17581871151924133
4991562752.0,-0.17966991662979126
4992500224.0,-0.18261271715164185
4993437696.0,-0.18261310458183289
4994375168.0,-0.1832049936056137
4995312640.0,-0.1810799092054367
4996250112.0,-0.1789836436510086
4997187584.0,-0.17502707242965698
4998125056.0,-0.17055368423461914
4999062528.0,-0.16394051909446716
5000000000.0,-0.1574343591928482
5000937472.0,-0.14942403137683868
5001874944.0,-0.14071844518184662
5002812416.0,-0.12978333234786987
5003749888.0,-0.11995203047990799
5004687360.0,-0.10850515961647034
5005624832.0,-0.09723009169101715
5006562304.0,-0.08489722013473511
5007499776.0,-0.07319708168506622
5008437248.0,-0.06115611270070076
5009375232.0,-0.04984741657972336
5010312704.0,-0.037678975611925125
5011250176.0,-0.0267348513007164
5012187648.0,-0.015372471883893013
5013125120.0,-0.005164112895727158
5014062592.0,0.0046994443982839584
5015000064.0,0.013695785775780678
5015937536.0,0.022674251347780228
5016875008.0,0.030196061357855797
5017812480.0,0.03736303001642227
5018749952.0,0.042884841561317444
5019687424.0,0.048926401883363724
5020624896.0,0.05263611674308777
5021562368.0,0.05678707733750343
5022499840.0,0.05973907187581062
5023437312.0,0.061723772436380386
5024374784.0,0.06267645955085754
5025312256.0,0.06273001432418823
5026250240.0,0.061548132449388504
5027187712.0,0.060009755194187164
5028125184.0,0.05718305706977844
5029062656.0,0.05382392928004265
5030000128.0,0.04916359484195709
5030937600.0,0.04429541155695915
5031875072.0,0.03798604756593704
5032812544.0,0.03139616549015045
5033750016.0,0.025853024795651436
5034687488.0,0.017644383013248444
5035624960.0,0.010253465734422207
5036562432.0,0.0014934578211978078
5037499904.0,-0.006251536309719086
5038437376.0,-0.014301934279501438
5039374848.0,-0.022544289007782936
5040312320.0,-0.030972139909863472
5041249792.0,-0.03922215849161148
5042187264.0,-0.047986097633838654
5043125248.0,-0.0551404245197773
5044062720.0,-0.06434324383735657
5045000192.0,-0.0729355663061142
5045937664.0,-0.08912328630685806
5046875136.0,-0.09758473187685013
5047812608.0,-0.1059461385011673
5048750080.0,-0.11352309584617615
5049687552.0,-0.12021922320127487
5050625024.0,-0.12634293735027313
5051562496.0,-0.13293343782424927
5052499968.0,-0.13892726600170135
5053437440.0,-0.14433230459690094
5054374912.0,-0.1484120935201645
5055312384.0,-0.15320205688476562
5056249856.0,-0.15638363361358643
5057187328.0,-0.15937504172325134
5058124800.0,-0.16078965365886688
5059062272.0,-0.16160117089748383
5059999744.0,-0.16181756556034088
5060937728.0,-0.161802276968956
5061875200.0,-0.16183750331401825
5062812672.0,-0.15941597521305084
5063750144.0,-0.15761765837669373
5064687616.0,-0.15476548671722412
5065625088.0,-0.15012378990650177
5066562560.0,-0.14678671956062317
5067500032.0,-0.14127394556999207
5068437504.0,-0.13462543487548828
5069374976.0,-0.12694500386714935
5070312448.0,-0.12142360210418701
5071249920.0,-0.114969901740551
5072187392.0,-0.10717836767435074
5073124864.0,-0.1005549505352974
5074062336.0,-0.094639353454113
5074999808.0,-0.08708538860082626
5075937280.0,-0.07947207987308502
5076874752.0,-0.07377412915229797
5077812736.0,-0.06630028784275055
5078750208.0,-0.0594785213470459
5079687680.0,-0.05372227355837822
5080625152.0,-0.04797405004501343
5081562624.0,-0.04367290809750557
5082500096.0,-0.03816109895706177
5083437568.0,-0.03391389176249504
5084375040.0,-0.0297364741563797
5085312512.0,-0.025926921516656876
5086249984.0,-0.022777721285820007
5087187456.0,-0.020419729873538017
5088124928.0,-0.01911025308072567
5089062400.0,-0.017063425853848457
5089999872.0,-0.015769436955451965
5090937344.0,-0.015033851377665997
5091874816.0,-0.014287143014371395
5092812288.0,-0.014929834753274918
5093749760.0,-0.015280842781066895
5094687744.0,-0.016392726451158524
5095625216.0,-0.019518261775374413
5096562688.0,-0.021448055282235146
5097500160.0,-0.02397654950618744
5098437632.0,-0.02755228616297245
5099375104.0,-0.031085094437003136
5100312576.0,-0.03347688540816307
5101250048.0,-0.03751716762781143
5102187520.0,-0.041579436510801315
5103124992.0,-0.045645929872989655
5104062464.0,-0.04928169399499893
5104999936.0,-0.053177397698163986
5105937408.0,-0.12745881080627441
5106874880.0,-0.1321718692779541
5107812352.0,-0.1365060955286026
5108749824.0,-0.14047209918498993
5109687296.0,-0.14411044120788574
5110624768.0,-0.14605708420276642
5111562752.0,-0.14741183817386627
5112500224.0,-0.14803488552570343
5113437696.0,-0.1484021693468094
5114375168.0,-0.14704683423042297
5115312640.0,-0.14638429880142212
5116250112.0,-0.14401492476463318
5117187584.0,-0.14063094556331635
5118125056.0,-0.13664713501930237
5119062528.0,-0.1326395720243454
5120000000.0,-0.1284923106431961
5120937472.0,-0.12368941307067871
5121874944.0,-0.11873835325241089
5122812416.0,-0.11360763758420944
5123749888.0,-0.1088375449180603
5124687360.0,-0.10442186892032623
5125624832.0,-0.09865621477365494
5126562304.0,-0.09431848675012589
5127499776.0,-0.0893646776676178
5128437248.0,-0.08370189368724823
5129375232.0,-0.07912202179431915
5130312704.0,-0.07448134571313858
5131250176.0,-0.06852756440639496
5132187648.0,-0.0631805956363678
5133125120.0,-0.05833924934267998
5134062592.0,-0.05348781496286392
5135000064.0,-0.05032960698008537
5135937536.0,-0.04621552675962448
5136875008.0,-0.04389691725373268
5137812480.0,-0.04169825464487076
5138749952.0,-0.04035379737615585
5139687424.0,-0.03927221894264221
5140624896.0,-0.0385301448404789
5141562368.0,-0.037733107805252075
5142499840.0,-0.03972649574279785
5143437312.0,-0.04031522944569588
5144374784.0,-0.04161783680319786
5145312256.0,-0.04559287056326866
5146250240.0,-0.049115005880594254
5147187712.0,-0.05299600213766098
5148125184.0,-0.057755667716264725
5149062656.0,-0.06312655657529831
5150000128.0,-0.06830278038978577
5150937600.0,-0.07279639691114426
5151875072.0,-0.07748556137084961
5152812544.0,-0.08353549987077713
5153750016.0,-0.08877149969339371
5154687488.0,-0.09576928615570068
5155624960.0,-0.10430705547332764
5156562432.0,-0.11108008027076721
5157499904.0,-0.11878394335508347
5158437376.0,-0.12803027033805847
5159374848.0,-0.13711798191070557
5160312320.0,-0.14504960179328918
5161249792.0,-0.1535009890794754
5162187264.0,-0.16311819851398468
5163125248.0,-0.1723632514476776
5164062720.0,-0.18142417073249817
5165000192.0,-0.1905231475830078
5165937664.0,-0.19032303988933563
5166875136.0,-0.20140066742897034
5167812608.0,-0.2117386758327484
5168750080.0,-0.22091788053512573
5169687552.0,-0.22915303707122803
5170625024.0,-0.2353750616312027
5171562496.0,-0.24072802066802979
5172499968.0,-0.2452184110879898
5173437440.0,-0.2485538125038147
5174374912.0,-0.24989080429077148
5175312384.0,-0.2505153715610504
5176249856.0,-0.24961023032665253
5177187328.0,-0.24710412323474884
5178124800.0,-0.24354757368564606
5179062272.0,-0.23851022124290466
5180000256.0,-0.23263123631477356
5180937728.0,-0.22476448118686676
5181875200.0,-0.21739917993545532
5182812672.0,-0.2088063657283783
5183750144.0,-0.19887687265872955
5184687616.0,-0.18850253522396088
5185625088.0,-0.1767183244228363
5186562560.0,-0.16595926880836487
5187500032.0,-0.15268026292324066
5188437504.0,-0.14116270840168
5189374976.0,-0.12783165276050568
5190312448.0,-0.11437737941741943
5191249920.0,-0.10170280188322067
5192187392.0,-0.08819783478975296
5193124864.0,-0.0752338245511055
5194062336.0,-0.062135931104421616
5194999808.0,-0.04962100461125374
5195937280.0,-0.03745169937610626
5196874752.0,-0.02646404318511486
5197812736.0,-0.01561067532747984
5198750208.0,-0.0060448357835412025
5199687680.0,0.0029210879001766443
5200625152.0,0.010081886313855648
5201562624.0,0.016286376863718033
5202500096.0,0.02162342146039009
5203437568.0,0.025356853380799294
5204375040.0,0.02694513648748398
5205312512.0,0.02809170074760914
5206249984.0,0.02828848548233509
5207187456.0,0.027666814625263214
5208124928.0,0.024642983451485634
5209062400.0,0.020933182910084724
5209999872.0,0.015514178201556206
5210937344.0,0.009599529206752777
5211874816.0,0.002840407658368349
5212812288.0,-0.00592299597337842
5213749760.0,-0.01521406788378954
5214687744.0,-0.026868930086493492
5215625216.0,-0.03786316141486168
5216562688.0,-0.050462111830711365
5217500160.0,-0.06489727646112442
5218437632.0,-0.07998857647180557
5219375104.0,-0.0962279811501503
5220312576.0,-0.11259233951568604
5221250048.0,-0.1285114884376526
5222187520.0,-0.14513328671455383
5223124992.0,-0.16251181066036224
5224062464.0,-0.17787358164787292
5224999936.0,-0.1934606432914734
5225937408.0,-0.20402488112449646
5226874880.0,-0.21900586783885956
5227812352.0,-0.2324541211128235
5228749824.0,-0.24480465054512024
5229687296.0,-0.2564965486526489
5230624768.0,-0.2665640115737915
5231562752.0,-0.2754661738872528
5232500224.0,-0.2824423909187317
5233437696.0,-0.2867833971977234
5234375168.0,-0.28996363282203674
5235312640.0,-0.2918280363082886
5236250112.0,-0.2906952500343323
5237187584.0,-0.28653183579444885
5238125056.0,-0.28220415115356445
5239062528.0,-0.2749624252319336
5240000000.0,-0.26609694957733154
5240937472.0,-0.25775447487831116
5241874944.0,-0.24667267501354218
5242812416.0,-0.2350943237543106
5243749888.0,-0.2202269434928894
5244687360.0,-0.20505467057228088
5245624832.0,-0.18861575424671173
5246562304.0,-0.1710728108882904
5247499776.0,-0.15452975034713745
5248437248.0,-0.13755866885185242
5249375232.0,-0.12025482207536697
5250312704.0,-0.10245825350284576
5251250176.0,-0.08590743690729141
5252187648.0,-0.06818519532680511
5253125120.0,-0.051962751895189285
5254062592.0,-0.03543480485677719
5255000064.0,-0.020457571372389793
5255937536.0,-0.006559612229466438
5256875008.0,0.006514367181807756
5257812480.0,0.01900559477508068
5258749952.0,0.029578208923339844
5259687424.0,0.0385928712785244
5260624896.0,0.04648102447390556
5261562368.0,0.052609607577323914
5262499840.0,0.05698009207844734
5263437312.0,0.059671252965927124
5264374784.0,0.061759062111377716
5265312256.0,0.062430936843156815
5266250240.0,0.061820805072784424
5267187712.0,0.059126462787389755
5268125184.0,0.05574396997690201
5269062656.0,0.05048537626862526
5270000128.0,0.04357319697737694
5270937600.0,0.03563673049211502
5271875072.0,0.02526969276368618
5272812544.0,0.01671869121491909
5273750016.0,0.004943312145769596
5274687488.0,-0.006965313106775284
5275624960.0,-0.01886211335659027
5276562432.0,-0.031881581991910934
5277499904.0,-0.04721318557858467
5278437376.0,-0.06160583347082138
5279374848.0,-0.07703953236341476
5280312320.0,-0.09286383539438248
5281249792.0,-0.10813872516155243
5282187264.0,-0.12418651580810547
5283125248.0,-0.13951945304870605
5284062720.0,-0.1542198657989502
5285000192.0,-0.1698087751865387
5285937664.0,-0.1960868239402771
5286875136.0,-0.2106456309556961
5287812608.0,-0.22493119537830353
5288750080.0,-0.23805338144302368
5289687552.0,-0.25186580419540405
5290625024.0,-0.2638743221759796
5291562496.0,-0.27619969844818115
5292499968.0,-0.28922468423843384
5293437440.0,-0.3032839000225067
5294374912.0,-0.3147536814212799
5295312384.0,-0.32562896609306335
5296249856.0,-0.33506539463996887
5297187328.0,-0.34215736389160156
5298124800.0,-0.34829938411712646
5299062272.0,-0.35302498936653137
5299999744.0,-0.35532617568969727
5300937728.0,-0.35759100317955017
5301875200.0,-0.35817456245422363
5302812672.0,-0.35728201270103455
5303750144.0,-0.35360223054885864
5304687616.0,-0.34968721866607666
5305625088.0,-0.34360405802726746
5306562560.0,-0.3373974561691284
5307500032.0,-0.3280019760131836
5308437504.0,-0.3189924657344818
5309374976.0,-0.309113085269928
5310312448.0,-0.2967988848686218
5311249920.0,-0.2838948965072632
5312187392.0,-0.26979413628578186
5313124864.0,-0.2555159330368042
5314062336.0,-0.23887017369270325
5314999808.0,-0.2227022796869278
5315937280.0,-0.20582343637943268
5316874752.0,-0.18892501294612885
5317812736.0,-0.17107900977134705
5318750208.0,-0.15425002574920654
5319687680.0,-0.1362084299325943
5320625152.0,-0.11881602555513382
5321562624.0,-0.10052699595689774
5322500096.0,-0.08313791453838348
5323437568.0,-0.06529271602630615
5324375040.0,-0.04862213879823685
5325312512.0,-0.03339330852031708
5326249984.0,-0.018439510837197304
5327187456.0,-0.004958687350153923
5328124928.0,0.009022381156682968
5329062400.0,0.021438129246234894
5329999872.0,0.03218093141913414
5330937344.0,0.04239854961633682
5331874816.0,0.0530509278178215
5332812288.0,0.05789082497358322
5333749760.0,0.06107880547642708
5334687744.0,0.06238440424203873
5335625216.0,0.0614846907556057
5336562688.0,0.05837444216012955
5337500160.0,0.05321754887700081
5338437632.0,0.04520775377750397
5339375104.0,0.035150934010744095
5340312576.0,0.023632120341062546
5341250048.0,0.00982862152159214
5342187520.0,-0.005902999080717564
5343124992.0,-0.024303313344717026
5344062464.0,-0.04358798637986183
5344999936.0,-0.06574607640504837
5345937408.0,-0.3417748510837555
5346874880.0,-0.35682952404022217
5347812352.0,-0.3708958923816681
5348749824.0,-0.38320741057395935
5349687296.0,-0.39655131101608276
5350624768.0,-0.4079131484031677
5351562752.0,-0.41687923669815063
5352500224.0,-0.4259575605392456
5353437696.0,-0.4326992928981781
5354375168.0,-0.43905019760131836
5355312640.0,-0.4440549314022064
5356250112.0,-0.4476996660232544
5357187584.0,-0.44970038533210754
5358125056.0,-0.4492184519767761
5359062528.0,-0.4464174807071686
5360000000.0,-0.44412899017333984
5360937472.0,-0.4386594295501709
5361874944.0,-0.43142738938331604
5362812416.0,-0.4239122271537781
5363749888.0,-0.41401436924934387
5364687360.0,-0.40408527851104736
5365624832.0,-0.390891969203949
5366562304.0,-0.3775177597999573
5367499776.0,-0.36233291029930115
5368437248.0,-0.34693586826324463
5369375232.0,-0.3298708498477936
5370312704.0,-0.3136191964149475
5371250176.0,-0.29609981179237366
5372187648.0,-0.2785360813140869
5373125120.0,-0.2595798969268799
5374062592.0,-0.24103271961212158
5375000064.0,-0.22246506810188293
5375937536.0,-0.2028811275959015
5376875008.0,-0.1847299337387085
5377812480.0,-0.16702871024608612
5378749952.0,-0.14954055845737457
5379687424.0,-0.1338016837835312
5380624896.0,-0.11822673678398132
5381562368.0,-0.10379577428102493
5382499840.0,-0.0900353193283081
5383437312.0,-0.07641400396823883
5384374784.0,-0.06527053564786911
5385312256.0,-0.054976530373096466
5386250240.0,-0.04721672087907791
5387187712.0,-0.04156585782766342
5388125184.0,-0.03810756653547287
5389062656.0,-0.037330739200115204
5390000128.0,-0.0377701036632061
5390937600.0,-0.040653206408023834
5391875072.0,-0.04618123546242714
5392812544.0,-0.054602134972810745
5393750016.0,-0.06382574141025543
5394687488.0,-0.07615721970796585
5395624960.0,-0.0900176465511322
5396562432.0,-0.10625014454126358
5397499904.0,-0.12353630363941193
5398437376.0,-0.1422475129365921
5399374848.0,-0.16200043261051178
5400312320.0,-0.18318480253219604
5401249792.0,-0.2042011171579361
5402187264.0,-0.22536687552928925
5403125248.0,-0.2477341890335083
5404062720.0,-0.2693729102611542
5405000192.0,-0.29118281602859497
5405937664.0,-0.3307639956474304
5406875136.0,-0.34621110558509827
5407812608.0,-0.36070212721824646
5408750080.0,-0.37255027890205383
5409687552.0,-0.38277408480644226
5410625024.0,-0.390839546918869
5411562496.0,-0.39733684062957764
5412499968.0,-0.4003065526485443
5413437440.0,-0.400884211063385
5414374912.0,-0.39918020367622375
5415312384.0,-0.39395710825920105
5416249856.0,-0.3868255615234375
5417187328.0,-0.3777751326560974
5418124800.0,-0.3660697937011719
5419062272.0,-0.35261061787605286
5420000256.0,-0.3362039625644684
5420937728.0,-0.31820088624954224
5421875200.0,-0.2999502420425415
5422812672.0,-0.28099513053894043
5423750144.0,-0.2593551278114319
5424687616.0,-0.23803052306175232
5425625088.0,-0.2166179120540619
5426562560.0,-0.19421236217021942
5427500032.0,-0.17168231308460236
5428437504.0,-0.15048019587993622
5429374976.0,-0.12894535064697266
5430312448.0,-0.10831984132528305
5431249920.0,-0.09014143794775009
5432187392.0,-0.07326640188694
5433124864.0,-0.05684392899274826
5434062336.0,-0.04320024326443672
5434999808.0,-0.031217996031045914
5435937280.0,-0.021269753575325012
5436874752.0,-0.012805098667740822
5437812736.0,-0.006034847814589739
5438750208.0,-0.0032595533411949873
5439687680.0,-0.0027010405901819468
5440625152.0,-0.003264384577050805
5441562624.0,-0.008014848455786705
5442500096.0,-0.014074154198169708
5443437568.0,-0.02381225861608982
5444375040.0,-0.03468596190214157
5445312512.0,-0.04826054722070694
5446249984.0,-0.06461722403764725
5447187456.0,-0.08214715123176575
5448124928.0,-0.10240408033132553
5449062400.0,-0.12410067766904831
5449999872.0,-0.14696890115737915
5450937344.0,-0.17362700402736664
5451874816.0,-0.20006534457206726
5452812288.0,-0.22733503580093384
5453749760.0,-0.2556745707988739
5454687744.0,-0.2843415439128876
5455625216.0,-0.314199835062027
5456562688.0,-0.34202513098716736
5457500160.0,-0.36993467807769775
5458437632.0,-0.39684176445007324
5459375104.0,-0.4215899109840393
5460312576.0,-0.44510436058044434
5461250048.0,-0.4662289619445801
5462187520.0,-0.4873006045818329
5463124992.0,-0.5052673816680908
5464062464.0,-0.5213008522987366
5464999936.0,-0.5350185632705688
5465937408.0,-0.4568672180175781
5466874880.0,-0.4706963002681732
5467812352.0,-0.4830963611602783
5468749824.0,-0.4919302463531494
5469687296.0,-0.4989136755466461
5470624768.0,-0.5043135285377502
5471562752.0,-0.5061883330345154
5472500224.0,-0.5054188966751099
5473437696.0,-0.5024064779281616
5474375168.0,-0.49581894278526306
5475312640.0,-0.487354040145874
5476250112.0,-0.47548699378967285
5477187584.0,-0.46344244480133057
5478125056.0,-0.4472682774066925
5479062528.0,-0.4316151738166809
5480000000.0,-0.41373032331466675
5480937472.0,-0.3949801027774811
5481874944.0,-0.3742906153202057
5482812416.0,-0.3541339933872223
5483749888.0,-0.3335905075073242
5484687360.0,-0.31180518865585327
5485624832.0,-0.29238441586494446
5486562304.0,-0.27190476655960083
5487499776.0,-0.25253546237945557
5488437248.0,-0.23268955945968628
5489375232.0,-0.21452860534191132
5490312704.0,-0.19802099466323853
5491250176.0,-0.18319405615329742
5492187648.0,-0.1704670786857605
5493125120.0,-0.15911108255386353
5494062592.0,-0.1499384194612503
5495000064.0,-0.1435220092535019
5495937536.0,-0.1388263702392578
5496875008.0,-0.137325718998909
5497812480.0,-0.13744840025901794
5498749952.0,-0.1405249536037445
5499687424.0,-0.14728130400180817
5500624896.0,-0.1565963178873062
5501562368.0,-0.16793976724147797
5502499840.0,-0.18389149010181427
5503437312.0,-0.20120714604854584
5504374784.0,-0.2206587940454483
5505312256.0,-0.2425038069486618
5506250240.0,-0.2668798267841339
5507187712.0,-0.29304951429367065
5508125184.0,-0.3204370141029358
5509062656.0,-0.348753958940506
5510000128.0,-0.3780048191547394
5510937600.0,-0.41018110513687134
5511875072.0,-0.44195225834846497
5512812544.0,-0.47513866424560547
5513750016.0,-0.5081369280815125
5514687488.0,-0.5413401126861572
5515624960.0,-0.5729408264160156
5516562432.0,-0.6054725050926208
5517499904.0,-0.6385157704353333
5518437376.0,-0.6704934239387512
5519374848.0,-0.701690673828125
5520312320.0,-0.7322238683700562
5521249792.0,-0.7626306414604187
5522187264.0,-0.7916930913925171
5523125248.0,-0.8193670511245728
5524062720.0,-0.8463388681411743
5525000192.0,-0.8737720847129822
5525937664.0,-0.729455828666687
5526875136.0,-0.7429649829864502
5527812608.0,-0.7570003271102905
5528750080.0,-0.7724909782409668
5529687552.0,-0.7903500199317932
5530625024.0,-0.8087854385375977
5531562496.0,-0.827739417552948
5532499968.0,-0.8478148579597473
5533437440.0,-0.8693806529045105
5534374912.0,-0.8923349380493164
5535312384.0,-0.9144659042358398
5536249856.0,-0.9379286170005798
5537187328.0,-0.9601619243621826
5538124800.0,-0.9832106232643127
5539062272.0,-1.0049238204956055
5539999744.0,-1.0247972011566162
5540937728.0,-1.0419096946716309
5541875200.0,-1.0560418367385864
5542812672.0,-1.067663311958313
5543750144.0,-1.0763136148452759
5544687616.0,-1.0783921480178833
5545625088.0,-1.0760785341262817
5546562560.0,-1.0704543590545654
5547500032.0,-1.0597435235977173
5548437504.0,-1.0454888343811035
5549374976.0,-1.0273196697235107
5550312448.0,-1.0056945085525513
5551249920.0,-0.9804878830909729
5552187392.0,-0.9543940424919128
5553124864.0,-0.9251998066902161
5554062336.0,-0.8941300511360168
5554999808.0,-0.8630105257034302
5555937280.0,-0.8321290612220764
5556874752.0,-0.799981951713562
5557812736.0,-0.7685225009918213
5558750208.0,-0.7388429641723633
5559687680.0,-0.7104825377464294
5560625152.0,-0.6842238306999207
5561562624.0,-0.6585773825645447
5562500096.0,-0.6348022818565369
5563437568.0,-0.616335928440094
5564375040.0,-0.597985029220581
5565312512.0,-0.5831282734870911
5566249984.0,-0.5688245296478271
5567187456.0,-0.5571264028549194
5568124928.0,-0.5451607704162598
5569062400.0,-0.5338578820228577
5569999872.0,-0.5238543748855591
5570937344.0,-0.5137220025062561
5571874816.0,-0.5027684569358826
5572812288.0,-0.4930068552494049
5573749760.0,-0.4844428598880768
5574687744.0,-0.47504597902297974
5575625216.0,-0.4672524929046631
5576562688.0,-0.46165281534194946
5577500160.0,-0.4559555947780609
5578437632.0,-0.45387792587280273
5579375104.0,-0.45207351446151733
5580312576.0,-0.45076730847358704
5581250048.0,-0.45193952322006226
5582187520.0,-0.4528734087944031
5583124992.0,-0.45452880859375
5584062464.0,-0.4553675651550293
5584999936.0,-0.45736032724380493
5585937408.0,-0.43255847692489624
5586874880.0,-0.42187318205833435
5587812352.0,-0.41019392013549805
5588749824.0,-0.3963801860809326
5589687296.0,-0.38213324546813965
5590624768.0,-0.3667791485786438
5591562752.0,-0.3501560389995575
5592500224.0,-0.33183348178863525
5593437696.0,-0.3131963312625885
5594375168.0,-0.2941237986087799
5595312640.0,-0.273965448141098
5596250112.0,-0.25416576862335205
5597187584.0,-0.23360779881477356
5598125056.0,-0.21353866159915924
5599062528.0,-0.19446943700313568
5600000000.0,-0.17592063546180725
5600937472.0,-0.15854480862617493
5601874944.0,-0.14212754368782043
5602812416.0,-0.1254194676876068
5603749888.0,-0.11118181049823761
5604687360.0,-0.09823942929506302
5605624832.0,-0.08671853691339493
5606562304.0,-0.07620005309581757
5607499776.0,-0.06908336281776428
5608437248.0,-0.06312623620033264
5609375232.0,-0.057538118213415146
5610312704.0,-0.05452173575758934
5611250176.0,-0.05243838205933571
5612187648.0,-0.05296870693564415
5613125120.0,-0.05533558130264282
5614062592.0,-0.05864502117037773
5615000064.0,-0.06373607367277145
5615937536.0,-0.07069191336631775
5616875008.0,-0.07950861006975174
5617812480.0,-0.08931562304496765
5618749952.0,-0.0995267853140831
5619687424.0,-0.11166078597307205
5620624896.0,-0.12425461411476135
5621562368.0,-0.13782569766044617
5622499840.0,-0.150889590382576
5623437312.0,-0.16396386921405792
5624374784.0,-0.17812977731227875
5625312256.0,-0.19160062074661255
5626250240.0,-0.20442794263362885
5627187712.0,-0.21692854166030884
5628125184.0,-0.22997285425662994
5629062656.0,-0.2405278980731964
5630000128.0,-0.2504103183746338
5630937600.0,-0.25958555936813354
5631875072.0,-0.26747167110443115
5632812544.0,-0.2731945812702179
5633750016.0,-0.27667245268821716
5634687488.0,-0.27899670600891113
5635624960.0,-0.2807128429412842
5636562432.0,-0.2792106568813324
5637499904.0,-0.2771407961845398
5638437376.0,-0.27271655201911926
5639374848.0,-0.26637810468673706
5640312320.0,-0.25893592834472656
5641249792.0,-0.25035664439201355
5642187264.0,-0.24008366465568542
5643125248.0,-0.2291775345802307
5644062720.0,-0.2171330749988556
5645000192.0,-0.2034803181886673
5645937664.0,-0.18020115792751312
5646875136.0,-0.18226194381713867
5647812608.0,-0.18378965556621552
5648750080.0,-0.18399080634117126
5649687552.0,-0.18353970348834991
5650625024.0,-0.18075384199619293
5651562496.0,-0.17663230001926422
5652499968.0,-0.17102758586406708
5653437440.0,-0.16588425636291504
5654374912.0,-0.15895286202430725
5655312384.0,-0.1514032781124115
5656249856.0,-0.14375720918178558
5657187328.0,-0.13560457527637482
5658124800.0,-0.12674973905086517
5659062272.0,-0.12009523063898087
5660000256.0,-0.11072435975074768
5660937728.0,-0.10416261106729507
5661875200.0,-0.09753631055355072
5662812672.0,-0.09195481985807419
5663750144.0,-0.08732931315898895
5664687616.0,-0.08387050032615662
5665625088.0,-0.079547218978405
5666562560.0,-0.07799646258354187
5667500032.0,-0.07622978091239929
5668437504.0,-0.0766625702381134
5669374976.0,-0.07740676403045654
5670312448.0,-0.07912123203277588
5671249920.0,-0.08301646262407303
5672187392.0,-0.08765126764774323
5673124864.0,-0.09337922930717468
5674062336.0,-0.09935445338487625
5674999808.0,-0.10739479959011078
5675937280.0,-0.11507246643304825
5676874752.0,-0.12319600582122803
5677812736.0,-0.1318972408771515
5678750208.0,-0.14043273031711578
5679687680.0,-0.1492309272289276
5680625152.0,-0.158054381608963
5681562624.0,-0.16703760623931885
5682500096.0,-0.17620040476322174
5683437568.0,-0.18378932774066925
5684375040.0,-0.192082941532135
5685312512.0,-0.19759592413902283
5686249984.0,-0.20441262423992157
5687187456.0,-0.21042828261852264
5688124928.0,-0.2153036743402481
5689062400.0,-0.22099952399730682
5689999872.0,-0.22408466041088104
5690937344.0,-0.22882886230945587
5691874816.0,-0.23191533982753754
5692812288.0,-0.2364443689584732
5693749760.0,-0.237660750746727
5694687744.0,-0.24321326613426208
5695625216.0,-0.24598851799964905
5696562688.0,-0.2493821531534195
5697500160.0,-0.2539328932762146
5698437632.0,-0.25797444581985474
5699375104.0,-0.26246377825737
5700312576.0,-0.2699589431285858
5701250048.0,-0.27659162878990173
5702187520.0,-0.28524577617645264
5703124992.0,-0.29507437348365784
5704062464.0,-0.305320143699646
5704999936.0,-0.31649157404899597
5705937408.0,-0.20793402194976807
5706874880.0,-0.22676122188568115
5707812352.0,-0.2472018152475357
5708749824.0,-0.26636362075805664
5709687296.0,-0.28581392765045166
5710624768.0,-0.302566796541214
5711562752.0,-0.3195134699344635
5712500224.0,-0.33445385098457336
5713437696.0,-0.344646692276001
5714375168.0,-0.3539028763771057
5715312640.0,-0.35939326882362366
5716250112.0,-0.35997912287712097
5717187584.0,-0.35730448365211487
5718125056.0,-0.3494592308998108
5719062528.0,-0.33782070875167847
5720000000.0,-0.32149821519851685
5720937472.0,-0.3013584017753601
5721874944.0,-0.27601540088653564
5722812416.0,-0.24682527780532837
5723749888.0,-0.21423481404781342
5724687360.0,-0.17962493002414703
5725624832.0,-0.14247404038906097
5726562304.0,-0.103353351354599
5727499776.0,-0.06249389424920082
5728437248.0,-0.022493107244372368
5729375232.0,0.01709924452006817
5730312704.0,0.0569612942636013
5731250176.0,0.09306082129478455
5732187648.0,0.12805061042308807
5733125120.0,0.15896765887737274
5734062592.0,0.18585734069347382
5735000064.0,0.20848442614078522
5735937536.0,0.2273368090391159
5736875008.0,0.24062253534793854
5737812480.0,0.24916476011276245
5738749952.0,0.2541094422340393
5739687424.0,0.2540210783481598
5740624896.0,0.2500363886356354
5741562368.0,0.24320867657661438
5742499840.0,0.2337334156036377
5743437312.0,0.2213202267885208
5744374784.0,0.20770731568336487
5745312256.0,0.19249984622001648
5746250240.0,0.17700594663619995
5747187712.0,0.16199991106987
5748125184.0,0.14591474831104279
5749062656.0,0.13123589754104614
5750000128.0,0.11618295311927795
5750937600.0,0.10231950134038925
5751875072.0,0.09055396169424057
5752812544.0,0.07794017344713211
5753750016.0,0.06602119654417038
5754687488.0,0.055036429315805435
5755624960.0,0.040565792471170425
5756562432.0,0.01879728026688099
5757499904.0,-0.005299658048897982
5758437376.0,-0.03198494017124176
5759374848.0,-0.060592424124479294
5760312320.0,-0.09014526009559631
5761249792.0,-0.12150056660175323
5762187264.0,-0.15297764539718628
5763125248.0,-0.18416835367679596
5764062720.0,-0.21531009674072266
5765000192.0,-0.24625526368618011
5765937664.0,-0.16983111202716827
5766875136.0,-0.17713163793087006
5767812608.0,-0.18524515628814697
5768750080.0,-0.1938416212797165
5769687552.0,-0.20386278629302979
5770625024.0,-0.2138429880142212
5771562496.0,-0.22364550828933716
5772499968.0,-0.23441848158836365
5773437440.0,-0.2446698695421219
5774374912.0,-0.2551439106464386
5775312384.0,-0.2654145359992981
5776249856.0,-0.27657389640808105
5777187328.0,-0.28750380873680115
5778124800.0,-0.2982635796070099
5779062272.0,-0.31007900834083557
5779999744.0,-0.3213641941547394
5780937728.0,-0.33209657669067383
5781875200.0,-0.34317547082901
5782812672.0,-0.35382115840911865
5783750144.0,-0.3635789453983307
5784687616.0,-0.3732793927192688
5785625088.0,-0.38230547308921814
5786562560.0,-0.3910224437713623
5787500032.0,-0.39842772483825684
5788437504.0,-0.4046264588832855
5789374976.0,-0.4097943603992462
5790312448.0,-0.4139745831489563
5791249920.0,-0.4165424108505249
5792187392.0,-0.4177902936935425
5793124864.0,-0.4183846414089203
5794062336.0,-0.4171117842197418
5794999808.0,-0.41608694195747375
5795937280.0,-0.4122811555862427
5796874752.0,-0.4071383476257324
5797812736.0,-0.40104562044143677
5798750208.0,-0.3926668167114258
5799687680.0,-0.3826557695865631
5800625152.0,-0.3706190288066864
5801562624.0,-0.3576158285140991
5802500096.0,-0.34434857964515686
5803437568.0,-0.32781726121902466
5804375040.0,-0.3107541799545288
5805312512.0,-0.2927863299846649
5806249984.0,-0.2744998335838318
5807187456.0,-0.2546834349632263
5808124928.0,-0.23587645590305328
5809062400.0,-0.2163821905851364
5809999872.0,-0.19689424335956573
5810937344.0,-0.17697285115718842
5811874816.0,-0.15867598354816437
5812812288.0,-0.13983683288097382
5813749760.0,-0.12316466867923737
5814687744.0,-0.10761383175849915
5815625216.0,-0.09374088048934937
5816562688.0,-0.08061467856168747
5817500160.0,-0.06928237527608871
5818437632.0,-0.06060733273625374
5819375104.0,-0.053063079714775085
5820312576.0,-0.046596694737672806
5821250048.0,-0.04219412803649902
5822187520.0,-0.040928877890110016
5823124992.0,-0.04017454758286476
5824062464.0,-0.041793402284383774
5824999936.0,-0.044802188873291016
5825937408.0,-0.23857592046260834
5826874880.0,-0.24126288294792175
5827812352.0,-0.24317502975463867
5828749824.0,-0.24473336338996887
5829687296.0,-0.246503546833992
5830624768.0,-0.2484988421201706
5831562752.0,-0.24996967613697052
5832500224.0,-0.2514346241950989
5833437696.0,-0.25238025188446045
5834375168.0,-0.255370557308197
5835312640.0,-0.2570991516113281
5836250112.0,-0.26184237003326416
5837187584.0,-0.2637154459953308
5838125056.0,-0.2678903341293335
5839062528.0,-0.27180933952331543
5840000000.0,-0.27833932638168335
5840937472.0,-0.2830013036727905
5841874944.0,-0.2895403504371643
5842812416.0,-0.2953963577747345
5843749888.0,-0.30289191007614136
5844687360.0,-0.3088820278644562
5845624832.0,-0.3147592842578888
5846562304.0,-0.3208020329475403
5847499776.0,-0.32522842288017273
5848437248.0,-0.33146998286247253
5849375232.0,-0.33482250571250916
5850312704.0,-0.3394363820552826
5851250176.0,-0.34324121475219727
5852187648.0,-0.34631597995758057
5853125120.0,-0.3496047258377075
5854062592.0,-0.35218918323516846
5855000064.0,-0.35278671979904175
5855937536.0,-0.35442009568214417
5856875008.0,-0.35486721992492676
5857812480.0,-0.3548254072666168
5858749952.0,-0.3543788194656372
5859687424.0,-0.3539777100086212
5860624896.0,-0.35374048352241516
5861562368.0,-0.3513597249984741
5862499840.0,-0.3500399589538574
5863437312.0,-0.3476260006427765
5864374784.0,-0.3425002694129944
5865312256.0,-0.3400402069091797
5866250240.0,-0.3362008035182953
5867187712.0,-0.3327963054180145
5868125184.0,-0.32900485396385193
5869062656.0,-0.32558000087738037
5870000128.0,-0.3218930959701538
5870937600.0,-0.3200331926345825
5871875072.0,-0.31775084137916565
5872812544.0,-0.318009614944458
5873750016.0,-0.3165619671344757
5874687488.0,-0.3173180818557739
5875624960.0,-0.31825345754623413
5876562432.0,-0.3207772374153137
5877499904.0,-0.32238033413887024
5878437376.0,-0.32594674825668335
5879374848.0,-0.32871291041374207
5880312320.0,-0.33243510127067566
5881249792.0,-0.33682823181152344
5882187264.0,-0.3423348665237427
5883125248.0,-0.3470061719417572
5884062720.0,-0.3519373834133148
5885000192.0,-0.35663580894470215
5885937664.0,-0.37141141295433044
5886875136.0,-0.3765820562839508
5887812608.0,-0.3797815144062042
5888750080.0,-0.38360464572906494
5889687552.0,-0.38782793283462524
5890625024.0,-0.3906146287918091
5891562496.0,-0.39262455701828003
5892499968.0,-0.39399921894073486
5893437440.0,-0.3947347402572632
5894374912.0,-0.3962806463241577
5895312384.0,-0.3957870602607727
5896249856.0,-0.39561375975608826
5897187328.0,-0.39505264163017273
5898124800.0,-0.39300745725631714
5899062272.0,-0.3929118812084198
5900000256.0,-0.390743225812912
5900937728.0,-0.38969072699546814
5901875200.0,-0.3882536292076111
5902812672.0,-0.38767972588539124
5903750144.0,-0.3868744671344757
5904687616.0,-0.38632190227508545
5905625088.0,-0.3843978941440582
5906562560.0,-0.3842613101005554
5907500032.0,-0.38390499353408813
5908437504.0,-0.38360288739204407
5909374976.0,-0.3825454115867615
5910312448.0,-0.3831973373889923
5911249920.0,-0.38341227173805237
5912187392.0,-0.3844138979911804
5913124864.0,-0.3869568407535553
5914062336.0,-0.3886478841304779
5914999808.0,-0.3911856710910797
5915937280.0,-0.3934929668903351
5916874752.0,-0.39710307121276855
5917812736.0,-0.4011300504207611
5918750208.0,-0.40631210803985596
5919687680.0,-0.41316744685173035
5920625152.0,-0.4190428555011749
5921562624.0,-0.4264727234840393
5922500096.0,-0.4344274401664734
5923437568.0,-0.44248688220977783
5924375040.0,-0.4517744183540344
5925312512.0,-0.46244016289711
5926249984.0,-0.4720041751861572
5927187456.0,-0.4820740818977356
5928124928.0,-0.4931180775165558
5929062400.0,-0.5044715404510498
5929999872.0,-0.5152592062950134
5930937344.0,-0.5256998538970947
5931874816.0,-0.5363303422927856
5932812288.0,-0.5470024943351746
5933749760.0,-0.5568748116493225
5934687744.0,-0.5668128728866577
5935625216.0,-0.574559211730957
5936562688.0,-0.5840218663215637
5937500160.0,-0.5925313830375671
5938437632.0,-0.599873423576355
5939375104.0,-0.6064735054969788
5940312576.0,-0.6125571727752686
5941250048.0,-0.615405261516571
5942187520.0,-0.6204026341438293
5943124992.0,-0.6220260262489319
5944062464.0,-0.6233850121498108
5944999936.0,-0.6220382452011108
5945937408.0,-0.4134008288383484
5946874880.0,-0.4291885197162628
5947812352.0,-0.44447582960128784
5948749824.0,-0.46043550968170166
5949687296.0,-0.47558078169822693
5950624768.0,-0.4903032183647156
5951562752.0,-0.5049512982368469
5952500224.0,-0.5183769464492798
5953437696.0,-0.5294885039329529
5954375168.0,-0.5394923686981201
5955312640.0,-0.5495100617408752
5956250112.0,-0.5556304454803467
5957187584.0,-0.5627226233482361
5958125056.0,-0.5655748248100281
5959062528.0,-0.5699830651283264
5960000000.0,-0.570995569229126
5960937472.0,-0.5694471001625061
5961874944.0,-0.5667808651924133
5962812416.0,-0.5623155832290649
5963749888.0,-0.5552219748497009
5964687360.0,-0.5469688773155212
5965624832.0,-0.538694441318512
5966562304.0,-0.5286661982536316
5967499776.0,-0.517058253288269
5968437248.0,-0.5047864317893982
5969375232.0,-0.49301621317863464
5970312704.0,-0.4815309941768646
5971250176.0,-0.46913978457450867
5972187648.0,-0.4579532742500305
5973125120.0,-0.44577258825302124
5974062592.0,-0.4352557063102722
5975000064.0,-0.4251744747161865
5975937536.0,-0.4156557321548462
5976875008.0,-0.40751856565475464
5977812480.0,-0.4010154604911804
5978749952.0,-0.396054744720459
5979687424.0,-0.39163875579833984
5980624896.0,-0.3884640336036682
5981562368.0,-0.38688600063323975
5982499840.0,-0.3868473768234253
5983437312.0,-0.3864385783672333
5984374784.0,-0.38781097531318665
5985312256.0,-0.39091557264328003
5986250240.0,-0.3936258852481842
5987187712.0,-0.39790189266204834
5988125184.0,-0.40107569098472595
5989062656.0,-0.40581655502319336
5990000128.0,-0.4112206697463989
5990937600.0,-0.41558754444122314
5991875072.0,-0.420991450548172
5992812544.0,-0.4257608652114868
5993750016.0,-0.4301920533180237
5994687488.0,-0.43454620242118835
5995624960.0,-0.439622163772583
5996562432.0,-0.44435322284698486
5997499904.0,-0.44839754700660706
5998437376.0,-0.4531390964984894
5999374848.0,-0.4575030207633972
6000312320.0,-0.461492657661438
6001249792.0,-0.46499672532081604
6002187264.0,-0.46913155913352966
6003125248.0,-0.4719635248184204
6004062720.0,-0.47564461827278137
6005000192.0,-0.3740463852882385
6005937664.0,-0.38372474908828735
6006875136.0,-0.39464694261550903
6007812608.0,-0.40664738416671753
6008750080.0,-0.41947177052497864
6009687552.0,-0.4331083595752716
6010625024.0,-0.4487771987915039
6011562496.0,-0.4640387296676636
6012499968.0,-0.480508029460907
6013437440.0,-0.4975305497646332
6014374912.0,-0.5160232186317444
6015312384.0,-0.5345172882080078
6016249856.0,-0.5521848797798157
6017187328.0,-0.5702751874923706
6018124800.0,-0.5880588293075562
6019062272.0,-0.6050072312355042
6019999744.0,-0.6199636459350586
6020937728.0,-0.6367771625518799
6021875200.0,-0.6498434543609619
6022812672.0,-0.6622704267501831
6023750144.0,-0.6727491617202759
6024687616.0,-0.6824938654899597
6025625088.0,-0.6893654465675354
6026562560.0,-0.6943992972373962
6027500032.0,-0.6976215243339539
6028437504.0,-0.700443685054779
6029374976.0,-0.7011367082595825
6030312448.0,-0.698755145072937
6031249920.0,-0.694895327091217
6032187392.0,-0.6881594657897949
6033124864.0,-0.6790273785591125
6034062336.0,-0.6690132021903992
6034999808.0,-0.6555166244506836
6035937280.0,-0.6418544054031372
6036874752.0,-0.6267979145050049
6037812736.0,-0.6110426187515259
6038750208.0,-0.5953345894813538
6039687680.0,-0.577794075012207
6040625152.0,-0.5606024861335754
6041562624.0,-0.5432794690132141
6042500096.0,-0.5270747542381287
6043437568.0,-0.5102847218513489
6044375040.0,-0.4945570230484009
6045312512.0,-0.479422390460968
6046249984.0,-0.46402350068092346
6047187456.0,-0.4502175450325012
6048124928.0,-0.43646240234375
6049062400.0,-0.42430204153060913
6049999872.0,-0.4123428463935852
6050937344.0,-0.40245145559310913
6051874816.0,-0.3935740888118744
6052812288.0,-0.3841305673122406
6053749760.0,-0.3768823444843292
6054687744.0,-0.37126624584198
6055625216.0,-0.36702030897140503
6056562688.0,-0.36363139748573303
6057500160.0,-0.36170077323913574
6058437632.0,-0.36063915491104126
6059375104.0,-0.3601977229118347
6060312576.0,-0.3621889054775238
6061250048.0,-0.3647703528404236
6062187520.0,-0.36756280064582825
6063124992.0,-0.37239721417427063
6064062464.0,-0.37717607617378235
6064999936.0,-0.37625372409820557
6065937408.0,-0.38211339712142944
6066874880.0,-0.3893187642097473
6067812352.0,-0.3966158926486969
6068749824.0,-0.40494754910469055
6069687296.0,-0.4139028489589691
6070624768.0,-0.4238414466381073
6071562752.0,-0.4330334961414337
6072500224.0,-0.4449138641357422
6073437696.0,-0.45506972074508667
6074375168.0,-0.46606025099754333
6075312640.0,-0.47683173418045044
6076250112.0,-0.48717740178108215
6077187584.0,-0.4968148171901703
6078125056.0,-0.5078506469726562
6079062528.0,-0.5169369578361511
6080000000.0,-0.5262521505355835
6080937472.0,-0.5348716974258423
6081874944.0,-0.5418797731399536
6082812416.0,-0.5488088726997375
6083749888.0,-0.553871214389801
6084687360.0,-0.5571407675743103
6085624832.0,-0.5604836344718933
6086562304.0,-0.5623173117637634
6087499776.0,-0.5633757710456848
6088437248.0,-0.5638905763626099
6089375232.0,-0.5638667941093445
6090312704.0,-0.5621612071990967
6091250176.0,-0.559935450553894
6092187648.0,-0.5577622652053833
6093125120.0,-0.5536445379257202
6094062592.0,-0.5477374196052551
6095000064.0,-0.5409017205238342
6095937536.0,-0.5329987406730652
6096875008.0,-0.524242103099823
6097812480.0,-0.5151588916778564
6098749952.0,-0.5046648979187012
6099687424.0,-0.49525710940361023
6100624896.0,-0.48521748185157776
6101562368.0,-0.4763496518135071
6102499840.0,-0.46714115142822266
6103437312.0,-0.45807167887687683
6104374784.0,-0.4504803717136383
6105312256.0,-0.44249120354652405
6106250240.0,-0.4338318109512329
6107187712.0,-0.42622894048690796
6108125184.0,-0.4181329011917114
6109062656.0,-0.41191765666007996
6110000128.0,-0.4060652256011963
6110937600.0,-0.39909493923187256
6111875072.0,-0.39409008622169495
6112812544.0,-0.3879450857639313
6113750016.0,-0.3845100402832031
6114687488.0,-0.38190582394599915
6115624960.0,-0.3770349621772766
6116562432.0,-0.3743840754032135
6117499904.0,-0.36995410919189453
6118437376.0,-0.36928436160087585
6119374848.0,-0.3682001531124115
6120312320.0,-0.36763158440589905
6121249792.0,-0.3677029609680176
6122187264.0,-0.3692564070224762
6123125248.0,-0.37150055170059204
6124062720.0,-0.37452584505081177
6125000192.0,-0.5720476508140564
6125937664.0,-0.5841952562332153
6126875136.0,-0.5952522158622742
6127812608.0,-0.6050069332122803
6128750080.0,-0.6140505075454712
6129687552.0,-0.6226192712783813
6130625024.0,-0.6296408772468567
6131562496.0,-0.6364597678184509
6132499968.0,-0.64178866147995
6133437440.0,-0.6468703150749207
6134374912.0,-0.6507205963134766
6135312384.0,-0.6539428234100342
6136249856.0,-0.6560114622116089
6137187328.0,-0.6575256586074829
6138124800.0,-0.6575555205345154
6139062272.0,-0.6568851470947266
6140000256.0,-0.656087338924408
6140937728.0,-0.6538466215133667
6141875200.0,-0.6514416337013245
6142812672.0,-0.6482072472572327
6143750144.0,-0.6458772420883179
6144687616.0,-0.6422402858734131
6145625088.0,-0.6386145949363708
6146562560.0,-0.6349013447761536
6147500032.0,-0.6314573884010315
6148437504.0,-0.62772536277771
6149374976.0,-0.6257110238075256
6150312448.0,-0.6225327253341675
6151249920.0,-0.6210609078407288
6152187392.0,-0.6196960210800171
6153124864.0,-0.6185657382011414
6154062336.0,-0.6177855730056763
6154999808.0,-0.6155549883842468
6155937280.0,-0.6150050759315491
6156874752.0,-0.6142326593399048
6157812736.0,-0.6139231324195862
6158750208.0,-0.6150052547454834
6159687680.0,-0.6167710423469543
6160625152.0,-0.6194219589233398
6161562624.0,-0.6228214502334595
6162500096.0,-0.6268908381462097
6163437568.0,-0.6310799717903137
6164375040.0,-0.6366047263145447
6165312512.0,-0.6409373879432678
6166249984.0,-0.6472762227058411
6167187456.0,-0.6523858904838562
6168124928.0,-0.6599257588386536
6169062400.0,-0.6674116253852844
6169999872.0,-0.6742112040519714
6170937344.0,-0.6806194186210632
6171874816.0,-0.6886340379714966
6172812288.0,-0.6956555247306824
6173749760.0,-0.7029215693473816
6174687744.0,-0.7110973596572876
6175625216.0,-0.7191828489303589
6176562688.0,-0.7265952825546265
6177500160.0,-0.7355955839157104
6178437632.0,-0.7431222200393677
6179375104.0,-0.75082927942276
6180312576.0,-0.7590987682342529
6181250048.0,-0.7665737271308899
6182187520.0,-0.7752888202667236
6183124992.0,-0.7821816205978394
6184062464.0,-0.789684534072876
6184999936.0,-0.633809506893158
6185937408.0,-0.6536596417427063
6186874880.0,-0.6737269759178162
6187812352.0,-0.6937226057052612
6188749824.0,-0.7141828536987305
6189687296.0,-0.7332251071929932
6190624768.0,-0.7521765828132629
6191562752.0,-0.7694234251976013
6192500224.0,-0.7862182259559631
6193437696.0,-0.8012510538101196
6194375168.0,-0.8159401416778564
6195312640.0,-0.8283142447471619
6196250112.0,-0.8422324061393738
6197187584.0,-0.853855311870575
6198125056.0,-0.865121603012085
6199062528.0,-0.8727506995201111
6200000000.0,-0.8811479210853577
6200937472.0,-0.8860206007957458
6201874944.0,-0.8896676898002625
6202812416.0,-0.8918672800064087
6203749888.0,-0.8934420347213745
6204687360.0,-0.8918107748031616
6205624832.0,-0.8885012865066528
6206562304.0,-0.8833069801330566
6207499776.0,-0.877608060836792
6208437248.0,-0.8685728311538696
6209375232.0,-0.8587251901626587
6210312704.0,-0.847541332244873
6211250176.0,-0.8351358771324158
6212187648.0,-0.8215640187263489
6213125120.0,-0.8085082173347473
6214062592.0,-0.7952971458435059
6215000064.0,-0.7813499569892883
6215937536.0,-0.7670685052871704
6216875008.0,-0.7520474791526794
6217812480.0,-0.7361324429512024
6218749952.0,-0.7203524708747864
6219687424.0,-0.7045056819915771
6220624896.0,-0.6903257966041565
6221562368.0,-0.6766476035118103
6222499840.0,-0.6640427708625793
6223437312.0,-0.651827335357666
6224374784.0,-0.639698326587677
6225312256.0,-0.6284672617912292
6226250240.0,-0.6191708445549011
6227187712.0,-0.610688328742981
6228125184.0,-0.6035228371620178
6229062656.0,-0.5984721183776855
6230000128.0,-0.5952797532081604
6230937600.0,-0.592186689376831
6231875072.0,-0.5906240344047546
6232812544.0,-0.5906373858451843
6233750016.0,-0.5911161303520203
6234687488.0,-0.592522919178009
6235624960.0,-0.5971648097038269
6236562432.0,-0.6020545959472656
6237499904.0,-0.6076687574386597
6238437376.0,-0.6162025928497314
6239374848.0,-0.626684844493866
6240312320.0,-0.6356027722358704
6241249792.0,-0.6464241743087769
6242187264.0,-0.6560947895050049
6243125248.0,-0.666835367679596
6244062720.0,-0.6783069968223572
6245000192.0,-0.6856986284255981
6245937664.0,-0.6990482211112976
6246875136.0,-0.7139843106269836
6247812608.0,-0.7267429828643799
6248750080.0,-0.7402178645133972
6249687552.0,-0.753635585308075
6250625024.0,-0.7692455649375916
6251562496.0,-0.7822471261024475
6252499968.0,-0.7964860796928406
6253437440.0,-0.8084695935249329
6254374912.0,-0.820196270942688
6255312384.0,-0.831375002861023
6256249856.0,-0.8411301970481873
6257187328.0,-0.8511080145835876
6258124800.0,-0.8584576845169067
6259062272.0,-0.8665677309036255
6259999744.0,-0.8730639815330505
6260937728.0,-0.8781278133392334
6261875200.0,-0.8828797936439514
6262812672.0,-0.8859398365020752
6263750144.0,-0.8874241709709167
6264687616.0,-0.8896227478981018
6265625088.0,-0.8906659483909607
6266562560.0,-0.8916102647781372
6267500032.0,-0.892193615436554
6268437504.0,-0.8907507658004761
6269374976.0,-0.8908740282058716
6270312448.0,-0.891058623790741
6271249920.0,-0.8899383544921875
6272187392.0,-0.8883256912231445
6273124864.0,-0.884259819984436
6274062336.0,-0.8807134032249451
6274999808.0,-0.8771378993988037
6275937280.0,-0.8722906708717346
6276874752.0,-0.8692549467086792
6277812736.0,-0.8653706312179565
6278750208.0,-0.8631033897399902
6279687680.0,-0.8610659241676331
6280625152.0,-0.8576356172561646
6281562624.0,-0.8551247715950012
6282500096.0,-0.8527936339378357
6283437568.0,-0.8501741290092468
6284375040.0,-0.8484297394752502
6285312512.0,-0.8468382954597473
6286249984.0,-0.8463208675384521
6287187456.0,-0.8477869629859924
6288124928.0,-0.8492668271064758
6289062400.0,-0.8503811359405518
6289999872.0,-0.8527086973190308
6290937344.0,-0.8555346131324768
6291874816.0,-0.8583577275276184
6292812288.0,-0.8628838062286377
6293749760.0,-0.8660763502120972
6294687744.0,-0.8725981116294861
6295625216.0,-0.8797886371612549
6296562688.0,-0.8875106573104858
6297500160.0,-0.8957827687263489
6298437632.0,-0.9032430052757263
6299375104.0,-0.9115608930587769
6300312576.0,-0.9199881553649902
6301250048.0,-0.9288431406021118
6302187520.0,-0.938658595085144
6303124992.0,-0.9491326808929443
6304062464.0,-0.9605748653411865
6304999936.0,-0.9875993132591248
6305937408.0,-0.9966537952423096
6306874880.0,-1.005397081375122
6307812352.0,-1.0151185989379883
6308749824.0,-1.0241577625274658
6309687296.0,-1.031969666481018
6310624768.0,-1.0405112504959106
6311562752.0,-1.0483424663543701
6312500224.0,-1.057878851890564
6313437696.0,-1.0666381120681763
6314375168.0,-1.0763697624206543
6315312640.0,-1.0856202840805054
6316250112.0,-1.0960932970046997
6317187584.0,-1.1075772047042847
6318125056.0,-1.1179503202438354
6319062528.0,-1.1297086477279663
6320000000.0,-1.1430058479309082
6320937472.0,-1.1555451154708862
6321874944.0,-1.1690696477890015
6322812416.0,-1.1819860935211182
6323749888.0,-1.1940373182296753
6324687360.0,-1.2044651508331299
6325624832.0,-1.2139068841934204
6326562304.0,-1.221859097480774
6327499776.0,-1.2278231382369995
6328437248.0,-1.2339645624160767
6329375232.0,-1.2402539253234863
6330312704.0,-1.2448153495788574
6331250176.0,-1.2489078044891357
6332187648.0,-1.253989577293396
6333125120.0,-1.2583239078521729
6334062592.0,-1.2616363763809204
6335000064.0,-1.2648283243179321
6335937536.0,-1.2654955387115479
6336875008.0,-1.2652783393859863
6337812480.0,-1.2627980709075928
6338749952.0,-1.2592893838882446
6339687424.0,-1.2555882930755615
6340624896.0,-1.2495670318603516
6341562368.0,-1.243777871131897
6342499840.0,-1.235890507698059
6343437312.0,-1.2259143590927124
6344374784.0,-1.2167826890945435
6345312256.0,-1.2059191465377808
6346250240.0,-1.1951134204864502
6347187712.0,-1.1840713024139404
6348125184.0,-1.1720783710479736
6349062656.0,-1.1600385904312134
6350000128.0,-1.146653413772583
6350937600.0,-1.132310390472412
6351875072.0,-1.1191893815994263
6352812544.0,-1.1065489053726196
6353750016.0,-1.0943504571914673
6354687488.0,-1.0818631649017334
6355624960.0,-1.070702314376831
6356562432.0,-1.0602877140045166
6357499904.0,-1.0495851039886475
6358437376.0,-1.0400010347366333
6359374848.0,-1.030829906463623
6360312320.0,-1.0237703323364258
6361249792.0,-1.0172532796859741
6362187264.0,-1.0135586261749268
6363125248.0,-1.0097213983535767
6364062720.0,-1.0084388256072998
6365000192.0,-1.3857940435409546
6365937664.0,-1.3994413614273071
6366875136.0,-1.4125405550003052
6367812608.0,-1.4264602661132812
6368750080.0,-1.4396172761917114
6369687552.0,-1.4540904760360718
6370625024.0,-1.4674005508422852
6371562496.0,-1.4814040660858154
6372499968.0,-1.4950165748596191
6373437440.0,-1.509035348892212
6374374912.0,-1.522341012954712
6375312384.0,-1.5345587730407715
6376249856.0,-1.5451467037200928
6377187328.0,-1.552937388420105
6378124800.0,-1.5591756105422974
6379062272.0,-1.5653178691864014
6380000256.0,-1.5695351362228394
6380937728.0,-1.5727674961090088
6381875200.0,-1.5747591257095337
6382812672.0,-1.5761747360229492
6383750144.0,-1.575351357460022
6384687616.0,-1.5728952884674072
6385625088.0,-1.570725440979004
6386562560.0,-1.5668120384216309
6387500032.0,-1.564042091369629
6388437504.0,-1.5575265884399414
6389374976.0,-1.552470326423645
6390312448.0,-1.5450092554092407
6391249920.0,-1.537203311920166
6392187392.0,-1.5280847549438477
6393124864.0,-1.5172066688537598
6394062336.0,-1.5064815282821655
6394999808.0,-1.4953258037567139
6395937280.0,-1.4815582036972046
6396874752.0,-1.4710566997528076
6397812736.0,-1.459736943244934
6398750208.0,-1.4490450620651245
6399687680.0,-1.4416567087173462
6400625152.0,-1.4346047639846802
6401562624.0,-1.429150104522705
6402500096.0,-1.4252080917358398
6403437568.0,-1.4228030443191528
6404375040.0,-1.4227466583251953
6405312512.0,-1.4244248867034912
6406249984.0,-1.4299523830413818
6407187456.0,-1.435637354850769
6408124928.0,-1.4434071779251099
6409062400.0,-1.4525729417800903
6409999872.0,-1.4642678499221802
6410937344.0,-1.4745862483978271
6411874816.0,-1.4877389669418335
6412812288.0,-1.49984872341156
6413749760.0,-1.5145610570907593
6414687744.0,-1.530861258506775
6415625216.0,-1.5490775108337402
6416562688.0,-1.5715264081954956
6417500160.0,-1.595271348953247
6418437632.0,-1.6199747323989868
6419375104.0,-1.6457797288894653
6420312576.0,-1.670003890991211
6421250048.0,-1.6970276832580566
6422187520.0,-1.721030354499817
6423124992.0,-1.7486448287963867
6424062464.0,-1.775424599647522
6424999936.0,-1.8059401512145996
6425937408.0,-1.8346822261810303
6426874880.0,-1.8658332824707031
6427812352.0,-1.8981068134307861
6428749824.0,-1.9312559366226196
6429687296.0,-1.9637186527252197
6430624768.0,-1.9954218864440918
6431562752.0,-2.027087450027466
6432500224.0,-2.056140661239624
6433437696.0,-2.084540843963623
6434375168.0,-2.1114537715911865
6435312640.0,-2.1363043785095215
6436250112.0,-2.159907341003418
6437187584.0,-2.1819777488708496
6438125056.0,-2.203333854675293
6439062528.0,-2.223013162612915
6440000000.0,-2.243555784225464
6440937472.0,-2.261740207672119
6441874944.0,-2.2802071571350098
6442812416.0,-2.295633554458618
6443749888.0,-2.3102335929870605
6444687360.0,-2.3216404914855957
6445624832.0,-2.333390951156616
6446562304.0,-2.342458963394165
6447499776.0,-2.3488552570343018
6448437248.0,-2.3526008129119873
6449375232.0,-2.355722665786743
6450312704.0,-2.3559601306915283
6451250176.0,-2.3554677963256836
6452187648.0,-2.3540327548980713
6453125120.0,-2.3532931804656982
6454062592.0,-2.348376750946045
6455000064.0,-2.345724582672119
6455937536.0,-2.3416154384613037
6456875008.0,-2.3385071754455566
6457812480.0,-2.3345446586608887
6458749952.0,-2.3289945125579834
6459687424.0,-2.3259801864624023
6460624896.0,-2.3220059871673584
6461562368.0,-2.3203465938568115
6462499840.0,-2.3182332515716553
6463437312.0,-2.317420244216919
6464374784.0,-2.3156776428222656
6465312256.0,-2.313570737838745
6466250240.0,-2.311361074447632
6467187712.0,-2.310084581375122
6468125184.0,-2.309635877609253
6469062656.0,-2.3102457523345947
6470000128.0,-2.3131215572357178
6470937600.0,-2.317019462585449
6471875072.0,-2.323578119277954
6472812544.0,-2.331705093383789
6473750016.0,-2.3406598567962646
6474687488.0,-2.350994110107422
6475624960.0,-2.3637888431549072
6476562432.0,-2.378068447113037
6477499904.0,-2.3948583602905273
6478437376.0,-2.4146857261657715
6479374848.0,-2.437734603881836
6480312320.0,-2.4629006385803223
6481249792.0,-2.487189292907715
6482187264.0,-2.515564203262329
6483125248.0,-2.5467379093170166
6484062720.0,-2.5809168815612793
6485000192.0,-2.6808481216430664
6485937664.0,-2.7118046283721924
6486875136.0,-2.743724822998047
6487812608.0,-2.7772843837738037
6488750080.0,-2.8102686405181885
6489687552.0,-2.8416554927825928
6490625024.0,-2.8721423149108887
6491562496.0,-2.9005978107452393
6492499968.0,-2.928940773010254
6493437440.0,-2.956491231918335
6494374912.0,-2.9860832691192627
6495312384.0,-3.0156543254852295
6496249856.0,-3.0476949214935303
6497187328.0,-3.08030366897583
6498124800.0,-3.11435866355896
6499062272.0,-3.1459622383117676
6499999744.0,-3.1765458583831787
6500937728.0,-3.2061357498168945
6501875200.0,-3.235750198364258
6502812672.0,-3.2627580165863037
6503750144.0,-3.291400909423828
6504687616.0,-3.3206961154937744
6505625088.0,-3.348912239074707
6506562560.0,-3.3774428367614746
6507500032.0,-3.404374837875366
6508437504.0,-3.429494857788086
6509374976.0,-3.454162836074829
6510312448.0,-3.4802889823913574
6511249920.0,-3.506730556488037
6512187392.0,-3.5363333225250244
6513124864.0,-3.5649993419647217
6514062336.0,-3.5942294597625732
6514999808.0,-3.6250081062316895
6515937280.0,-3.6531026363372803
6516874752.0,-3.680816411972046
6517812736.0,-3.706055164337158
6518750208.0,-3.731302261352539
6519687680.0,-3.756502866744995
6520625152.0,-3.782426595687866
6521562624.0,-3.8114967346191406
6522500096.0,-3.8449270725250244
6523437568.0,-3.881826639175415
6524375040.0,-3.9206759929656982
6525312512.0,-3.962379217147827
6526249984.0,-4.008519172668457
6527187456.0,-4.053058624267578
6528124928.0,-4.0973310470581055
6529062400.0,-4.142592906951904
6529999872.0,-4.188499450683594
6530937344.0,-4.2345733642578125
6531874816.0,-4.283204555511475
6532812288.0,-4.33376407623291
6533749760.0,-4.382501125335693
6534687744.0,-4.431242942810059
6535625216.0,-4.475384712219238
6536562688.0,-4.518134117126465
6537500160.0,-4.561975955963135
6538437632.0,-4.60282564163208
6539375104.0,-4.643492221832275
6540312576.0,-4.684199810028076
6541250048.0,-4.724919319152832
6542187520.0,-4.764370918273926
6543124992.0,-4.805758953094482
6544062464.0,-4.8477044105529785
6544999936.0,-4.884939670562744
6545937408.0,-4.930891513824463
6546874880.0,-4.976741790771484
6547812352.0,-5.022336483001709
6548749824.0,-5.066370964050293
6549687296.0,-5.111680030822754
6550624768.0,-5.156575679779053
6551562752.0,-5.205729007720947
6552500224.0,-5.252861976623535
6553437696.0,-5.304044723510742
6554375168.0,-5.355874538421631
6555312640.0,-5.409076690673828
6556250112.0,-5.462862014770508
6557187584.0,-5.515936851501465
6558125056.0,-5.5697021484375
6559062528.0,-5.623325347900391
6560000000.0,-5.676542282104492
6560937472.0,-5.729612827301025
6561874944.0,-5.784697532653809
6562812416.0,-5.841555118560791
6563749888.0,-5.896891117095947
6564687360.0,-5.952821254730225
6565624832.0,-6.008650302886963
6566562304.0,-6.068202972412109
6567499776.0,-6.129573822021484
6568437248.0,-6.195588111877441
6569375232.0,-6.266321659088135
6570312704.0,-6.339095592498779
6571250176.0,-6.413203716278076
6572187648.0,-6.487569808959961
6573125120.0,-6.55964994430542
6574062592.0,-6.635899543762207
6575000064.0,-6.7119460105896
6575937536.0,-6.788731575012207
6576875008.0,-6.869925498962402
6577812480.0,-6.952058792114258
6578749952.0,-7.036002159118652
6579687424.0,-7.122474193572998
6580624896.0,-7.2120561599731445
6581562368.0,-7.302420616149902
6582499840.0,-7.395587921142578
6583437312.0,-7.489303112030029
6584374784.0,-7.5833563804626465
6585312256.0,-7.674806118011475
6586250240.0,-7.766451358795166
6587187712.0,-7.859638214111328
6588125184.0,-7.952574253082275
6589062656.0,-8.048555374145508
6590000128.0,-8.143320083618164
6590937600.0,-8.237214088439941
6591875072.0,-8.329900741577148
6592812544.0,-8.423018455505371
6593750016.0,-8.516646385192871
6594687488.0,-8.611584663391113
6595624960.0,-8.705133438110352
6596562432.0,-8.80423641204834
6597499904.0,-8.901927947998047
6598437376.0,-9.003771781921387
6599374848.0,-9.100579261779785
6600312320.0,-9.20160961151123
6601249792.0,-9.301074028015137
6602187264.0,-9.398663520812988
6603125248.0,-9.49600601196289
6604062720.0,-9.596522331237793
6605000192.0,-9.685365676879883
6605937664.0,-9.781452178955078
6606875136.0,-9.878274917602539
6607812608.0,-9.973509788513184
6608750080.0,-10.062524795532227
6609687552.0,-10.151944160461426
6610625024.0,-10.240967750549316
6611562496.0,-10.329136848449707
6612499968.0,-10.419892311096191
6613437440.0,-10.507898330688477
6614374912.0,-10.58861255645752
6615312384.0,-10.662161827087402
6616249856.0,-10.731283187866211
6617187328.0,-10.80031967163086
6618124800.0,-10.87292766571045
6619062272.0,-10.940850257873535
6620000256.0,-11.008336067199707
6620937728.0,-11.079452514648438
6621875200.0,-11.147727966308594
6622812672.0,-11.212015151977539
6623750144.0,-11.271979331970215
6624687616.0,-11.329185485839844
6625625088.0,-11.388994216918945
6626562560.0,-11.446483612060547
6627500032.0,-11.496941566467285
6628437504.0,-11.536649703979492
6629374976.0,-11.562451362609863
6630312448.0,-11.575234413146973
6631249920.0,-11.57637882232666
6632187392.0,-11.5731840133667
6633124864.0,-11.566783905029297
6634062336.0,-11.560294151306152
6634999808.0,-11.553797721862793
6635937280.0,-11.545313835144043
6636874752.0,-11.542008399963379
6637812736.0,-11.536794662475586
6638750208.0,-11.532635688781738
6639687680.0,-11.52743911743164
6640625152.0,-11.512202262878418
6641562624.0,-11.486530303955078
6642500096.0,-11.44593620300293
6643437568.0,-11.39876937866211
6644375040.0,-11.343314170837402
6645312512.0,-11.283560752868652
6646249984.0,-11.229724884033203
6647187456.0,-11.175090789794922
6648124928.0,-11.12337589263916
6649062400.0,-11.068891525268555
6649999872.0,-11.010005950927734
6650937344.0,-10.940338134765625
6651874816.0,-10.862759590148926
6652812288.0,-10.77845287322998
6653749760.0,-10.685688018798828
6654687744.0,-10.58929443359375
6655625216.0,-10.492318153381348
6656562688.0,-10.394087791442871
6657500160.0,-10.287928581237793
6658437632.0,-10.182106018066406
6659375104.0,-10.072490692138672
6660312576.0,-9.967004776000977
6661250048.0,-9.863027572631836
6662187520.0,-9.762682914733887
6663124992.0,-9.669487953186035
6664062464.0,-9.573332786560059
6664999936.0,-9.460443496704102
6665937408.0,-9.364081382751465
6666874880.0,-9.265607833862305
6667812352.0,-9.16066837310791
6668749824.0,-9.055474281311035
6669687296.0,-8.949718475341797
6670624768.0,-8.841081619262695
6671562752.0,-8.734457969665527
6672500224.0,-8.62983226776123
6673437696.0,-8.526934623718262
6674375168.0,-8.426948547363281
6675312640.0,-8.326412200927734
6676250112.0,-8.226195335388184
6677187584.0,-8.125862121582031
6678125056.0,-8.028182983398438
6679062528.0,-7.934578895568848
6680000000.0,-7.842215061187744
6680937472.0,-7.749963760375977
6681874944.0,-7.657771110534668
6682812416.0,-7.565958023071289
6683749888.0,-7.476181983947754
6684687360.0,-7.384133815765381
6685624832.0,-7.296398162841797
6686562304.0,-7.209375381469727
6687499776.0,-7.125313758850098
6688437248.0,-7.044294357299805
6689375232.0,-6.968620300292969
6690312704.0,-6.893327713012695
6691250176.0,-6.822803020477295
6692187648.0,-6.758454322814941
6693125120.0,-6.6995720863342285
6694062592.0,-6.64400577545166
6695000064.0,-6.591238975524902
6695937536.0,-6.538920879364014
6696875008.0,-6.4860944747924805
6697812480.0,-6.431983947753906
6698749952.0,-6.373607635498047
6699687424.0,-6.314640998840332
6700624896.0,-6.2533440589904785
6701562368.0,-6.191384315490723
6702499840.0,-6.132915019989014
6703437312.0,-6.072129249572754
6704374784.0,-6.013208866119385
6705312256.0,-5.95357084274292
6706250240.0,-5.892204284667969
6707187712.0,-5.833629608154297
6708125184.0,-5.774725914001465
6709062656.0,-5.714370250701904
6710000128.0,-5.653458118438721
6710937600.0,-5.5865092277526855
6711875072.0,-5.521085262298584
6712812544.0,-5.452188968658447
6713750016.0,-5.3828125
6714687488.0,-5.310851097106934
6715624960.0,-5.242567539215088
6716562432.0,-5.1700873374938965
6717499904.0,-5.101099967956543
6718437376.0,-5.034851551055908
6719374848.0,-4.968348979949951
6720312320.0,-4.903077125549316
6721249792.0,-4.838027477264404
6722187264.0,-4.771267890930176
6723125248.0,-4.707183837890625
6724062720.0,-4.641616344451904
6725000192.0,-4.354859828948975
6725937664.0,-4.282567501068115
6726875136.0,-4.2121171951293945
6727812608.0,-4.143880367279053
6728750080.0,-4.075375556945801
6729687552.0,-4.009975910186768
6730625024.0,-3.9478487968444824
6731562496.0,-3.8883657455444336
6732499968.0,-3.8320462703704834
6733437440.0,-3.776784658432007
6734374912.0,-3.7220993041992188
6735312384.0,-3.671839952468872
6736249856.0,-3.6224541664123535
6737187328.0,-3.576411008834839
6738124800.0,-3.533437490463257
6739062272.0,-3.496286630630493
6739999744.0,-3.460345983505249
6740937728.0,-3.4280169010162354
6741875200.0,-3.396913528442383
6742812672.0,-3.3699605464935303
6743750144.0,-3.340718984603882
6744687616.0,-3.3157145977020264
6745625088.0,-3.2885890007019043
6746562560.0,-3.2621805667877197
6747500032.0,-3.236032009124756
6748437504.0,-3.212419033050537
6749374976.0,-3.1897239685058594
6750312448.0,-3.169050693511963
6751249920.0,-3.1501870155334473
6752187392.0,-3.1299221515655518
6753124864.0,-3.1118807792663574
6754062336.0,-3.096280813217163
6754999808.0,-3.077579975128174
6755937280.0,-3.059817314147949
6756874752.0,-3.041332960128784
6757812736.0,-3.0256025791168213
6758750208.0,-3.009681463241577
6759687680.0,-2.992642641067505
6760625152.0,-2.974245071411133
6761562624.0,-2.9541409015655518
6762500096.0,-2.9327383041381836
6763437568.0,-2.9097776412963867
6764375040.0,-2.8842947483062744
6765312512.0,-2.8589861392974854
6766249984.0,-2.831758737564087
6767187456.0,-2.8031115531921387
6768124928.0,-2.775498390197754
6769062400.0,-2.7448184490203857
6769999872.0,-2.714634418487549
6770937344.0,-2.6853928565979004
6771874816.0,-2.65673828125
6772812288.0,-2.6264500617980957
6773749760.0,-2.595503091812134
6774687744.0,-2.563873529434204
6775625216.0,-2.532489538192749
6776562688.0,-2.500889778137207
6777500160.0,-2.470644950866699
6778437632.0,-2.4427974224090576
6779375104.0,-2.4138259887695312
6780312576.0,-2.3883392810821533
6781250048.0,-2.3588249683380127
6782187520.0,-2.32904052734375
6783124992.0,-2.2983529567718506
6784062464.0,-2.2674407958984375
6784999936.0,-2.2442467212677
6785937408.0,-2.210599422454834
6786874880.0,-2.1764800548553467
6787812352.0,-2.1451234817504883
6788749824.0,-2.115489959716797
6789687296.0,-2.087489366531372
6790624768.0,-2.060051918029785
6791562752.0,-2.0351996421813965
6792500224.0,-2.011334180831909
6793437696.0,-1.9894685745239258
6794375168.0,-1.9688857793807983
6795312640.0,-1.9500571489334106
6796250112.0,-1.9317563772201538
6797187584.0,-1.9143978357315063
6798125056.0,-1.896567463874817
6799062528.0,-1.879305362701416
6800000000.0,-1.8628273010253906
6800937472.0,-1.8463833332061768
6801874944.0,-1.829809546470642
6802812416.0,-1.8153671026229858
6803749888.0,-1.8015345335006714
6804687360.0,-1.789911150932312
6805624832.0,-1.7790817022323608
6806562304.0,-1.767701268196106
6807499776.0,-1.7552868127822876
6808437248.0,-1.7437419891357422
6809375232.0,-1.733099102973938
6810312704.0,-1.7224202156066895
6811250176.0,-1.7116767168045044
6812187648.0,-1.701195240020752
6813125120.0,-1.6894766092300415
6814062592.0,-1.6779462099075317
6815000064.0,-1.665589451789856
6815937536.0,-1.6540637016296387
6816875008.0,-1.6405705213546753
6817812480.0,-1.6268032789230347
6818749952.0,-1.6115734577178955
6819687424.0,-1.5954984426498413
6820624896.0,-1.5770272016525269
6821562368.0,-1.56086003780365
6822499840.0,-1.541410207748413
6823437312.0,-1.5218466520309448
6824374784.0,-1.4997197389602661
6825312256.0,-1.4772223234176636
6826250240.0,-1.454908847808838
6827187712.0,-1.4323413372039795
6828125184.0,-1.4102368354797363
6829062656.0,-1.386889100074768
6830000128.0,-1.3619433641433716
6830937600.0,-1.3389297723770142
6831875072.0,-1.3157075643539429
6832812544.0,-1.2936525344848633
6833750016.0,-1.2713710069656372
6834687488.0,-1.251713752746582
6835624960.0,-1.230330228805542
6836562432.0,-1.211182713508606
6837499904.0,-1.1925158500671387
6838437376.0,-1.174482822418213
6839374848.0,-1.1578302383422852
6840312320.0,-1.1422041654586792
6841249792.0,-1.127847671508789
6842187264.0,-1.1136679649353027
6843125248.0,-1.100953459739685
6844062720.0,-1.090489149093628
6845000192.0,-1.05416738986969
6845937664.0,-1.0472407341003418
6846875136.0,-1.0400296449661255
6847812608.0,-1.0363712310791016
6848750080.0,-1.0321142673492432
6849687552.0,-1.0303888320922852
6850625024.0,-1.0302857160568237
6851562496.0,-1.0301954746246338
6852499968.0,-1.0311588048934937
6853437440.0,-1.0325652360916138
6854374912.0,-1.0350322723388672
6855312384.0,-1.0373743772506714
6856249856.0,-1.0401296615600586
6857187328.0,-1.0450574159622192
6858124800.0,-1.0512186288833618
6859062272.0,-1.0585358142852783
6860000256.0,-1.0667049884796143
6860937728.0,-1.0754363536834717
6861875200.0,-1.0852413177490234
6862812672.0,-1.096605658531189
6863750144.0,-1.1081501245498657
6864687616.0,-1.1183843612670898
6865625088.0,-1.1301215887069702
6866562560.0,-1.140010118484497
6867500032.0,-1.150672435760498
6868437504.0,-1.160656213760376
6869374976.0,-1.1700648069381714
6870312448.0,-1.1758687496185303
6871249920.0,-1.181962251663208
6872187392.0,-1.1874897480010986
6873124864.0,-1.1920658349990845
6874062336.0,-1.1947249174118042
6874999808.0,-1.194370150566101
6875937280.0,-1.193294644355774
6876874752.0,-1.1888264417648315
6877812736.0,-1.1832796335220337
6878750208.0,-1.1758391857147217
6879687680.0,-1.1653739213943481
6880625152.0,-1.1516401767730713
6881562624.0,-1.1360175609588623
6882500096.0,-1.1185276508331299
6883437568.0,-1.0997954607009888
6884375040.0,-1.0781593322753906
6885312512.0,-1.0546900033950806
6886249984.0,-1.0300767421722412
6887187456.0,-1.0039706230163574
6888124928.0,-0.9756203889846802
6889062400.0,-0.9462960958480835
6889999872.0,-0.9174391627311707
6890937344.0,-0.8882882595062256
6891874816.0,-0.8577027320861816
6892812288.0,-0.8277255296707153
6893749760.0,-0.7971869111061096
6894687744.0,-0.7677764296531677
6895625216.0,-0.737808108329773
6896562688.0,-0.709054708480835
6897500160.0,-0.6790015697479248
6898437632.0,-0.6517002582550049
6899375104.0,-0.6242774128913879
6900312576.0,-0.5959067344665527
6901250048.0,-0.5702792406082153
6902187520.0,-0.5464218854904175
6903124992.0,-0.5229965448379517
6904062464.0,-0.49926427006721497
6904999936.0,-0.4710384011268616
6905937408.0,-0.46782737970352173
6906874880.0,-0.46478989720344543
6907812352.0,-0.4650838077068329
6908749824.0,-0.4647919237613678
6909687296.0,-0.46754613518714905
6910624768.0,-0.4707944393157959
6911562752.0,-0.4755685329437256
6912500224.0,-0.4810653328895569
6913437696.0,-0.487161248922348
6914375168.0,-0.4939027726650238
6915312640.0,-0.5023361444473267
6916250112.0,-0.5106455087661743
6917187584.0,-0.5187239646911621
6918125056.0,-0.5273168683052063
6919062528.0,-0.536927342414856
6920000000.0,-0.5465284585952759
6920937472.0,-0.5550117492675781
6921874944.0,-0.5645764470100403
6922812416.0,-0.5735655426979065
6923749888.0,-0.5826754570007324
6924687360.0,-0.5913126468658447
6925624832.0,-0.6009055376052856
6926562304.0,-0.6097613573074341
6927499776.0,-0.6174706816673279
6928437248.0,-0.6246927976608276
6929375232.0,-0.631360650062561
6930312704.0,-0.6380511522293091
6931250176.0,-0.6482250094413757
6932187648.0,-0.6544100046157837
6933125120.0,-0.6622306704521179
6934062592.0,-0.6693769693374634
6935000064.0,-0.6740156412124634
6935937536.0,-0.6791332960128784
6936875008.0,-0.6824495196342468
6937812480.0,-0.6860397458076477
6938749952.0,-0.6878244280815125
6939687424.0,-0.6902778148651123
6940624896.0,-0.6902673244476318
6941562368.0,-0.6900988817214966
6942499840.0,-0.688708484172821
6943437312.0,-0.6868934035301208
6944374784.0,-0.6835235357284546
6945312256.0,-0.680098831653595
6946250240.0,-0.676965057849884
6947187712.0,-0.6713058352470398
6948125184.0,-0.6657574772834778
6949062656.0,-0.6582826972007751
6950000128.0,-0.649720311164856
6950937600.0,-0.6422524452209473
6951875072.0,-0.6323429942131042
6952812544.0,-0.6206965446472168
6953750016.0,-0.6092122793197632
6954687488.0,-0.5964062213897705
6955624960.0,-0.5823972821235657
6956562432.0,-0.5709063410758972
6957499904.0,-0.5580286383628845
6958437376.0,-0.5449859499931335
6959374848.0,-0.5315155982971191
6960312320.0,-0.5163213014602661
6961249792.0,-0.5019526481628418
6962187264.0,-0.4878743290901184
6963125248.0,-0.47227203845977783
6964062720.0,-0.4572703242301941
6965000192.0,-0.377485066652298
6965937664.0,-0.3697166442871094
6966875136.0,-0.3614165484905243
6967812608.0,-0.354086309671402
6968750080.0,-0.3485298454761505
6969687552.0,-0.34182262420654297
6970625024.0,-0.33491992950439453
6971562496.0,-0.32892078161239624
6972499968.0,-0.3238026797771454
6973437440.0,-0.3199082612991333
6974374912.0,-0.31710752844810486
6975312384.0,-0.31398987770080566
6976249856.0,-0.31158769130706787
6977187328.0,-0.31052258610725403
6978124800.0,-0.3106774091720581
6979062272.0,-0.31149399280548096
6979999744.0,-0.31262877583503723
6980937728.0,-0.3161650598049164
6981875200.0,-0.3200360834598541
6982812672.0,-0.325021892786026
6983750144.0,-0.3296211361885071
6984687616.0,-0.33591699600219727
6985625088.0,-0.3429723381996155
6986562560.0,-0.3513743579387665
6987500032.0,-0.359633207321167
6988437504.0,-0.3707742691040039
6989374976.0,-0.3807102143764496
6990312448.0,-0.3931027352809906
6991249920.0,-0.40517228841781616
6992187392.0,-0.41740551590919495
6993124864.0,-0.4295653998851776
6994062336.0,-0.4442114531993866
6994999808.0,-0.45789024233818054
6995937280.0,-0.4710395932197571
6996874752.0,-0.483700692653656
6997812736.0,-0.4961576461791992
6998750208.0,-0.5075148344039917
6999687680.0,-0.5185707807540894
7000625152.0,-0.5295726656913757
7001562624.0,-0.5380181670188904
7002500096.0,-0.5463241338729858
7003437568.0,-0.5517627596855164
7004375040.0,-0.5575658082962036
7005312512.0,-0.561653196811676
7006249984.0,-0.5641679763793945
7007187456.0,-0.5656912326812744
7008124928.0,-0.5651075839996338
7009062400.0,-0.5645602345466614
7009999872.0,-0.5618612170219421
7010937344.0,-0.5583833456039429
7011874816.0,-0.5533318519592285
7012812288.0,-0.5466728210449219
7013749760.0,-0.5393516421318054
7014687744.0,-0.5312148332595825
7015625216.0,-0.5226561427116394
7016562688.0,-0.5136400461196899
7017500160.0,-0.5039580464363098
7018437632.0,-0.4944447875022888
7019375104.0,-0.48491862416267395
7020312576.0,-0.47477856278419495
7021250048.0,-0.4653821587562561
7022187520.0,-0.4557247459888458
7023124992.0,-0.44740158319473267
7024062464.0,-0.43813562393188477
7024999936.0,-0.41100603342056274
7025937408.0,-0.40382838249206543
7026874880.0,-0.39621976017951965
7027812352.0,-0.39142027497291565
7028749824.0,-0.3869827091693878
7029687296.0,-0.38346555829048157
7030624768.0,-0.38134220242500305
7031562752.0,-0.379854291677475
7032500224.0,-0.38030439615249634
7033437696.0,-0.3821796178817749
7034375168.0,-0.385127991437912
7035312640.0,-0.3903048634529114
7036250112.0,-0.39610517024993896
7037187584.0,-0.40315279364585876
7038125056.0,-0.41224950551986694
7039062528.0,-0.4207618534564972
7040000000.0,-0.43047693371772766
7040937472.0,-0.43998590111732483
7041874944.0,-0.44988250732421875
7042812416.0,-0.4585488438606262
7043749888.0,-0.4670887291431427
7044687360.0,-0.47624650597572327
7045624832.0,-0.4838215112686157
7046562304.0,-0.49031442403793335
7047499776.0,-0.49575793743133545
7048437248.0,-0.5002636313438416
7049375232.0,-0.5042705535888672
7050312704.0,-0.5059817433357239
7051250176.0,-0.5076355338096619
7052187648.0,-0.505450963973999
7053125120.0,-0.5031248927116394
7054062592.0,-0.49738064408302307
7055000064.0,-0.4909534156322479
7055937536.0,-0.4819194972515106
7056875008.0,-0.4723789393901825
7057812480.0,-0.45977863669395447
7058749952.0,-0.44345542788505554
7059687424.0,-0.4264700710773468
7060624896.0,-0.4070810079574585
7061562368.0,-0.38761502504348755
7062499840.0,-0.36710819602012634
7063437312.0,-0.34595730900764465
7064374784.0,-0.32497087121009827
7065312256.0,-0.3034662902355194
7066250240.0,-0.28291139006614685
7067187712.0,-0.2613731324672699
7068125184.0,-0.24054595828056335
7069062656.0,-0.22217388451099396
7070000128.0,-0.20238977670669556
7070937600.0,-0.1840711086988449
7071875072.0,-0.1675049513578415
7072812544.0,-0.1519121378660202
7073750016.0,-0.13766446709632874
7074687488.0,-0.12574851512908936
7075624960.0,-0.11564908176660538
7076562432.0,-0.10680048167705536
7077499904.0,-0.09889300912618637
7078437376.0,-0.09470541030168533
7079374848.0,-0.09199422597885132
7080312320.0,-0.09254418313503265
7081249792.0,-0.09573174268007278
7082187264.0,-0.10042411088943481
7083125248.0,-0.10879113525152206
7084062720.0,-0.11814044415950775
7085000192.0,-0.27422767877578735
7085937664.0,-0.28697046637535095
7086875136.0,-0.30096516013145447
7087812608.0,-0.3166274130344391
7088750080.0,-0.3343855142593384
7089687552.0,-0.3545616567134857
7090625024.0,-0.3761277198791504
7091562496.0,-0.40036723017692566
7092499968.0,-0.4258553981781006
7093437440.0,-0.4517023265361786
7094374912.0,-0.48002856969833374
7095312384.0,-0.5101080536842346
7096249856.0,-0.5406258702278137
7097187328.0,-0.5726589560508728
7098124800.0,-0.6056861877441406
7099062272.0,-0.6383222341537476
7100000256.0,-0.6719883680343628
7100937728.0,-0.7045460939407349
7101875200.0,-0.7362121939659119
7102812672.0,-0.7673842310905457
7103750144.0,-0.7970563173294067
7104687616.0,-0.8235031366348267
7105625088.0,-0.8478499054908752
7106562560.0,-0.8682056069374084
7107500032.0,-0.8866034150123596
7108437504.0,-0.9013311266899109
7109374976.0,-0.9117224216461182
7110312448.0,-0.9190075397491455
7111249920.0,-0.9217622876167297
7112187392.0,-0.9208828806877136
7113124864.0,-0.9153215289115906
7114062336.0,-0.9073874950408936
7114999808.0,-0.8947724103927612
7115937280.0,-0.8777022361755371
7116874752.0,-0.8594106435775757
7117812736.0,-0.835376501083374
7118750208.0,-0.8102812767028809
7119687680.0,-0.7812026739120483
7120625152.0,-0.751046359539032
7121562624.0,-0.718630850315094
7122500096.0,-0.6845273971557617
7123437568.0,-0.6487560272216797
7124375040.0,-0.6135810613632202
7125312512.0,-0.5762341618537903
7126249984.0,-0.5391234159469604
7127187456.0,-0.5020855069160461
7128124928.0,-0.4654359221458435
7129062400.0,-0.4281926453113556
7129999872.0,-0.3929451107978821
7130937344.0,-0.3596305251121521
7131874816.0,-0.3264707624912262
7132812288.0,-0.29587703943252563
7133749760.0,-0.2655792832374573
7134687744.0,-0.23966388404369354
7135625216.0,-0.21415463089942932
7136562688.0,-0.19294404983520508
7137500160.0,-0.17155541479587555
7138437632.0,-0.15364541113376617
7139375104.0,-0.13697372376918793
7140312576.0,-0.12212352454662323
7141250048.0,-0.10897128283977509
7142187520.0,-0.09864719212055206
7143124992.0,-0.08922769874334335
7144062464.0,-0.19077157974243164
7144999936.0,-0.19237768650054932
7145937408.0,-0.19329644739627838
7146874880.0,-0.1960858702659607
7147812352.0,-0.19932930171489716
7148749824.0,-0.20503462851047516
7149687296.0,-0.21136431396007538
7150624768.0,-0.21868106722831726
7151562752.0,-0.22762776911258698
7152500224.0,-0.2380066215991974
7153437696.0,-0.25005394220352173
7154375168.0,-0.2631244957447052
7155312640.0,-0.28033632040023804
7156250112.0,-0.29873010516166687
7157187584.0,-0.31931474804878235
7158125056.0,-0.3431519865989685
7159062528.0,-0.3693503141403198
7160000000.0,-0.39652854204177856
7160937472.0,-0.4237799048423767
7161874944.0,-0.4457535743713379
7162812416.0,-0.4650527238845825
7163749888.0,-0.4816439151763916
7164687360.0,-0.49481824040412903
7165624832.0,-0.5053339600563049
7166562304.0,-0.5117158889770508
7167499776.0,-0.5160378217697144
7168437248.0,-0.5183544158935547
7169375232.0,-0.5207135081291199
7170312704.0,-0.5214482545852661
7171250176.0,-0.5233872532844543
7172187648.0,-0.5267829298973083
7173125120.0,-0.5298032760620117
7174062592.0,-0.5362618565559387
7175000064.0,-0.5439419746398926
7175937536.0,-0.5535187721252441
7176875008.0,-0.565448522567749
7177812480.0,-0.5802164077758789
7178749952.0,-0.5973238348960876
7179687424.0,-0.6152985692024231
7180624896.0,-0.636050820350647
7181562368.0,-0.6570190191268921
7182499840.0,-0.6770706176757812
7183437312.0,-0.6985084414482117
7184374784.0,-0.7180392146110535
7185312256.0,-0.7352926731109619
7186250240.0,-0.7501401901245117
7187187712.0,-0.7624090313911438
7188125184.0,-0.7715529799461365
7189062656.0,-0.7762576341629028
7190000128.0,-0.7779058218002319
7190937600.0,-0.7759295105934143
7191875072.0,-0.7707734704017639
7192812544.0,-0.7607646584510803
7193750016.0,-0.7473787069320679
7194687488.0,-0.731098473072052
7195624960.0,-0.7112664580345154
7196562432.0,-0.6899099349975586
7197499904.0,-0.664979875087738
7198437376.0,-0.6394960284233093
7199374848.0,-0.6123537421226501
7200312320.0,-0.5856484174728394
7201249792.0,-0.558634877204895
7202187264.0,-0.5332872271537781
7203125248.0,-0.5088355541229248
7204062720.0,-0.6360238790512085
7205000192.0,-0.6297202706336975
7205937664.0,-0.6245161890983582
7206875136.0,-0.6232823729515076
7207812608.0,-0.6228185892105103
7208750080.0,-0.6251773238182068
7209687552.0,-0.6286364793777466
7210625024.0,-0.6354750990867615
7211562496.0,-0.6473981142044067
7212499968.0,-0.6610201597213745
7213437440.0,-0.6765922904014587
7214374912.0,-0.6930477023124695
7215312384.0,-0.7104788422584534
7216249856.0,-0.7323383092880249
7217187328.0,-0.7515906095504761
7218124800.0,-0.7708531618118286
7219062272.0,-0.7931387424468994
7219999744.0,-0.8135815262794495
7220937728.0,-0.8320081233978271
7221875200.0,-0.8515391945838928
7222812672.0,-0.8692072033882141
7223750144.0,-0.8841291666030884
7224687616.0,-0.8986545205116272
7225625088.0,-0.9100897908210754
7226562560.0,-0.9201436638832092
7227500032.0,-0.9284396171569824
7228437504.0,-0.9338776469230652
7229374976.0,-0.9377405643463135
7230312448.0,-0.9397963881492615
7231249920.0,-0.9390276074409485
7232187392.0,-0.9386284351348877
7233124864.0,-0.9352168440818787
7234062336.0,-0.9330783486366272
7234999808.0,-0.9291466474533081
7235937280.0,-0.9246036410331726
7236874752.0,-0.923120379447937
7237812736.0,-0.9188315868377686
7238750208.0,-0.9165626764297485
7239687680.0,-0.9129890203475952
7240625152.0,-0.9100064039230347
7241562624.0,-0.9072549939155579
7242500096.0,-0.9060165286064148
7243437568.0,-0.9055132269859314
7244375040.0,-0.9046974182128906
7245312512.0,-0.9055575728416443
7246249984.0,-0.9066175222396851
7247187456.0,-0.909372091293335
7248124928.0,-0.9128760099411011
7249062400.0,-0.917809784412384
7249999872.0,-0.9249331951141357
7250937344.0,-0.9331001043319702
7251874816.0,-0.943743884563446
7252812288.0,-0.9563516974449158
7253749760.0,-0.9702231287956238
7254687744.0,-0.9856781959533691
7255625216.0,-1.0027947425842285
7256562688.0,-1.019461750984192
7257500160.0,-1.03683340549469
7258437632.0,-1.0562019348144531
7259375104.0,-1.075502634048462
7260312576.0,-1.0950124263763428
7261250048.0,-1.113938331604004
7262187520.0,-1.131181240081787
7263124992.0,-1.1468597650527954
7264062464.0,-1.1782612800598145
7264999936.0,-1.1934574842453003
7265937408.0,-1.207675576210022
7266874880.0,-1.22055184841156
7267812352.0,-1.2330818176269531
7268749824.0,-1.2464096546173096
7269687296.0,-1.2589913606643677
7270624768.0,-1.271725058555603
7271562752.0,-1.2836271524429321
7272500224.0,-1.29296875
7273437696.0,-1.3022152185440063
7274375168.0,-1.3088922500610352
7275312640.0,-1.3151512145996094
7276250112.0,-1.3195722103118896
7277187584.0,-1.3213142156600952
7278125056.0,-1.3210080862045288
7279062528.0,-1.31709885597229
7280000000.0,-1.3108257055282593
7280937472.0,-1.3026372194290161
7281874944.0,-1.291714072227478
7282812416.0,-1.278045415878296
7283749888.0,-1.2632447481155396
7284687360.0,-1.2457038164138794
7285624832.0,-1.226686716079712
7286562304.0,-1.2059372663497925
7287499776.0,-1.183012843132019
7288437248.0,-1.1597610712051392
7289375232.0,-1.1345821619033813
7290312704.0,-1.107774257659912
7291250176.0,-1.0795615911483765
7292187648.0,-1.0486648082733154
7293125120.0,-1.0171358585357666
7294062592.0,-0.9849275946617126
7295000064.0,-0.9508556127548218
7295937536.0,-0.9159330725669861
7296875008.0,-0.8810513615608215
7297812480.0,-0.8444558382034302
7298749952.0,-0.8084999322891235
7299687424.0,-0.7724552750587463
7300624896.0,-0.7361011505126953
7301562368.0,-0.7001585364341736
7302499840.0,-0.6652778387069702
7303437312.0,-0.6307679414749146
7304374784.0,-0.5964974164962769
7305312256.0,-0.5647672414779663
7306250240.0,-0.5322893261909485
7307187712.0,-0.5025402903556824
7308125184.0,-0.47233542799949646
7309062656.0,-0.44378960132598877
7310000128.0,-0.41708093881607056
7310937600.0,-0.39091429114341736
7311875072.0,-0.3668152093887329
7312812544.0,-0.34615659713745117
7313750016.0,-0.3277587890625
7314687488.0,-0.312372624874115
7315624960.0,-0.2972545027732849
7316562432.0,-0.28501150012016296
7317499904.0,-0.2735913097858429
7318437376.0,-0.26472917199134827
7319374848.0,-0.2572498321533203
7320312320.0,-0.25169262290000916
7321249792.0,-0.24855639040470123
7322187264.0,-0.24840719997882843
7323125248.0,-0.24913954734802246
7324062720.0,-0.4055521488189697
7325000192.0,-0.4044440984725952
7325937664.0,-0.4045824706554413
7326875136.0,-0.4056333303451538
7327812608.0,-0.4095086455345154
7328750080.0,-0.41286614537239075
7329687552.0,-0.41901642084121704
7330625024.0,-0.4257505536079407
7331562496.0,-0.43293073773384094
7332499968.0,-0.4415847063064575
7333437440.0,-0.45218753814697266
7334374912.0,-0.4627121388912201
7335312384.0,-0.47295844554901123
7336249856.0,-0.4830244481563568
7337187328.0,-0.49503293633461
7338124800.0,-0.5056903958320618
7339062272.0,-0.5145850777626038
7340000256.0,-0.5230098962783813
7340937728.0,-0.5312833189964294
7341875200.0,-0.5382577776908875
7342812672.0,-0.5438293218612671
7343750144.0,-0.5491923689842224
7344687616.0,-0.5523141622543335
7345625088.0,-0.5550342202186584
7346562560.0,-0.5565149188041687
7347500032.0,-0.5552918910980225
7348437504.0,-0.553438127040863
7349374976.0,-0.5494800806045532
7350312448.0,-0.5438279509544373
7351249920.0,-0.5382772088050842
7352187392.0,-0.5300859808921814
7353124864.0,-0.5206255316734314
7354062336.0,-0.511008620262146
7354999808.0,-0.49927592277526855
7355937280.0,-0.4863891005516052
7356874752.0,-0.4747099280357361
7357812736.0,-0.4610862135887146
7358750208.0,-0.4469160735607147
7359687680.0,-0.4328400790691376
7360625152.0,-0.4181615710258484
7361562624.0,-0.40307503938674927
7362500096.0,-0.38802021741867065
7363437568.0,-0.3722512722015381
7364375040.0,-0.353238582611084
7365312512.0,-0.33492568135261536
7366249984.0,-0.3154226243495941
7367187456.0,-0.29576829075813293
7368124928.0,-0.2767636477947235
7369062400.0,-0.2574336528778076
7369999872.0,-0.2370239496231079
7370937344.0,-0.21815867722034454
7371874816.0,-0.1980210542678833
7372812288.0,-0.1788291186094284
7373749760.0,-0.15933339297771454
7374687744.0,-0.14005161821842194
7375625216.0,-0.11986519396305084
7376562688.0,-0.09892731159925461
7377500160.0,-0.07833697646856308
7378437632.0,-0.05794686824083328
7379375104.0,-0.03563583642244339
7380312576.0,-0.013661118224263191
7381250048.0,0.00700347637757659
7382187520.0,0.029682081192731857
7383124992.0,0.051438070833683014
7384062464.0,0.058993540704250336
7384999936.0,0.0652887150645256
7385937408.0,0.07141312211751938
7386874880.0,0.0777713730931282
7387812352.0,0.08268233388662338
7388749824.0,0.08776627480983734
7389687296.0,0.09264054894447327
7390624768.0,0.09681345522403717
7391562752.0,0.10141877084970474
7392500224.0,0.10579563677310944
7393437696.0,0.11020417511463165
7394375168.0,0.11574045568704605
7395312640.0,0.11981400847434998
7396250112.0,0.1250350922346115
7397187584.0,0.13228394091129303
7398125056.0,0.1370258629322052
7399062528.0,0.14358676970005035
7400000000.0,0.1496114730834961
7400937472.0,0.15711750090122223
7401874944.0,0.16324573755264282
7402812416.0,0.16983948647975922
7403749888.0,0.17578071355819702
7404687360.0,0.18013249337673187
7405624832.0,0.1836271733045578
7406562304.0,0.18753822147846222
7407499776.0,0.1876152902841568
7408437248.0,0.18651185929775238
7409375232.0,0.1839948147535324
7410312704.0,0.1784828156232834
7411250176.0,0.17067204415798187
7412187648.0,0.16057002544403076
7413125120.0,0.14811696112155914
7414062592.0,0.13378790020942688
7415000064.0,0.11640384048223495
7415937536.0,0.09707553684711456
7416875008.0,0.07654297351837158
7417812480.0,0.05341101065278053
7418749952.0,0.030185602605342865
7419687424.0,0.0043982635252177715
7420624896.0,-0.020521141588687897
7421562368.0,-0.04698039963841438
7422499840.0,-0.0719897523522377
7423437312.0,-0.09887764602899551
7424374784.0,-0.12337741255760193
7425312256.0,-0.14817434549331665
7426250240.0,-0.17019023001194
7427187712.0,-0.19215065240859985
7428125184.0,-0.2126484215259552
7429062656.0,-0.23068691790103912
7430000128.0,-0.24795670807361603
7430937600.0,-0.2628803551197052
7431875072.0,-0.27645906805992126
7432812544.0,-0.2875078022480011
7433750016.0,-0.2986606955528259
7434687488.0,-0.3079274892807007
7435624960.0,-0.31546735763549805
7436562432.0,-0.32327908277511597
7437499904.0,-0.3280507028102875
7438437376.0,-0.3333309292793274
7439374848.0,-0.3376350700855255
7440312320.0,-0.33945316076278687
7441249792.0,-0.33938437700271606
7442187264.0,-0.3383679687976837
7443125248.0,-0.33678802847862244
7444062720.0,-0.11043224483728409
7445000192.0,-0.09162362664937973
7445937664.0,-0.07690923660993576
7446875136.0,-0.06354818493127823
7447812608.0,-0.053611282259225845
7448750080.0,-0.04444713145494461
7449687552.0,-0.038840848952531815
7450625024.0,-0.03296077251434326
7451562496.0,-0.029808877035975456
7452499968.0,-0.025897594168782234
7453437440.0,-0.023822899907827377
7454374912.0,-0.02240435965359211
7455312384.0,-0.020812632516026497
7456249856.0,-0.01849970780313015
7457187328.0,-0.014797516167163849
7458124800.0,-0.011458071880042553
7459062272.0,-0.006963903084397316
7459999744.0,-0.001398082124069333
7460937728.0,0.004356655292212963
7461875200.0,0.011025716550648212
7462812672.0,0.01919279247522354
7463750144.0,0.028070498257875443
7464687616.0,0.03744355961680412
7465625088.0,0.0473652109503746
7466562560.0,0.05828608572483063
7467500032.0,0.06990557163953781
7468437504.0,0.08239966630935669
7469374976.0,0.09462964534759521
7470312448.0,0.10685108602046967
7471249920.0,0.11902851611375809
7472187392.0,0.1314895898103714
7473124864.0,0.14257323741912842
7474062336.0,0.15299922227859497
7474999808.0,0.16263456642627716
7475937280.0,0.17181380093097687
7476874752.0,0.17988042533397675
7477812736.0,0.18697895109653473
7478750208.0,0.19255293905735016
7479687680.0,0.19584643840789795
7480625152.0,0.19874051213264465
7481562624.0,0.19925469160079956
7482500096.0,0.19919607043266296
7483437568.0,0.19714148342609406
7484375040.0,0.19314183294773102
7485312512.0,0.18821032345294952
7486249984.0,0.1819424331188202
7487187456.0,0.1739334613084793
7488124928.0,0.1642807573080063
7489062400.0,0.1535646915435791
7489999872.0,0.14249660074710846
7490937344.0,0.12937812507152557
7491874816.0,0.11157441884279251
7492812288.0,0.09375102818012238
7493749760.0,0.07547306269407272
7494687744.0,0.05702695623040199
7495625216.0,0.03823394328355789
7496562688.0,0.018979746848344803
7497500160.0,-0.00016809524095151573
7498437632.0,-0.019118260592222214
7499375104.0,-0.03697982430458069
7500312576.0,-0.0550399050116539
7501250048.0,-0.07198214530944824
7502187520.0,-0.08638668805360794
7503124992.0,-0.10227882117033005
7504062464.0,-0.08184614032506943
7504999936.0,-0.09106303751468658
7505937408.0,-0.10195479542016983
7506874880.0,-0.11053222417831421
7507812352.0,-0.1196214035153389
7508749824.0,-0.1287444531917572
7509687296.0,-0.13607998192310333
7510624768.0,-0.14565005898475647
7511562752.0,-0.15212874114513397
7512500224.0,-0.15791800618171692
7513437696.0,-0.16372135281562805
7514375168.0,-0.1684308499097824
7515312640.0,-0.17282256484031677
7516250112.0,-0.17657947540283203
7517187584.0,-0.17939569056034088
7518125056.0,-0.1819528043270111
7519062528.0,-0.18287307024002075
7520000000.0,-0.18432313203811646
7520937472.0,-0.18324294686317444
7521874944.0,-0.18225637078285217
7522812416.0,-0.17969967424869537
7523749888.0,-0.17576159536838531
7524687360.0,-0.17009717226028442
7525624832.0,-0.16331252455711365
7526562304.0,-0.15677131712436676
7527499776.0,-0.14965422451496124
7528437248.0,-0.14061379432678223
7529375232.0,-0.13044212758541107
7530312704.0,-0.11995378881692886
7531250176.0,-0.10810445249080658
7532187648.0,-0.0966067761182785
7533125120.0,-0.08288384974002838
7534062592.0,-0.0683092400431633
7535000064.0,-0.054616231471300125
7535937536.0,-0.038637325167655945
7536875008.0,-0.022545406594872475
7537812480.0,-0.0063187419436872005
7538749952.0,0.010922389104962349
7539687424.0,0.028508083894848824
7540624896.0,0.046680402010679245
7541562368.0,0.06551668047904968
7542499840.0,0.08478937298059464
7543437312.0,0.10535630583763123
7544374784.0,0.12508651614189148
7545312256.0,0.1457158476114273
7546250240.0,0.16677039861679077
7547187712.0,0.1874004304409027
7548125184.0,0.20833277702331543
7549062656.0,0.22810344398021698
7550000128.0,0.24817495048046112
7550937600.0,0.2683022618293762
7551875072.0,0.2867612838745117
7552812544.0,0.30548685789108276
7553750016.0,0.32138511538505554
7554687488.0,0.33894506096839905
7555624960.0,0.3537614047527313
7556562432.0,0.3678313195705414
7557499904.0,0.3809032738208771
7558437376.0,0.3923133313655853
7559374848.0,0.4025210440158844
7560312320.0,0.4107455313205719
7561249792.0,0.415644109249115
7562187264.0,0.41987016797065735
7563125248.0,0.4218420088291168
7564062720.0,0.20335760712623596
7565000192.0,0.20160453021526337
7565937664.0,0.1997728943824768
7566875136.0,0.19624969363212585
7567812608.0,0.19304637610912323
7568750080.0,0.19053307175636292
7569687552.0,0.18496833741664886
7570625024.0,0.17995955049991608
7571562496.0,0.1740168035030365
7572499968.0,0.1652810126543045
7573437440.0,0.15653617680072784
7574374912.0,0.14716091752052307
7575312384.0,0.1352776139974594
7576249856.0,0.12367017567157745
7577187328.0,0.11043587327003479
7578124800.0,0.09562653303146362
7579062272.0,0.08003472536802292
7580000256.0,0.06451526284217834
7580937728.0,0.048474349081516266
7581875200.0,0.030653730034828186
7582812672.0,0.012634458020329475
7583750144.0,-0.005642409436404705
7584687616.0,-0.02571629360318184
7585625088.0,-0.04506024345755577
7586562560.0,-0.06467640399932861
7587500032.0,-0.08439568430185318
7588437504.0,-0.10584677755832672
7589374976.0,-0.1250636875629425
7590312448.0,-0.14502309262752533
7591249920.0,-0.16372346878051758
7592187392.0,-0.1829797774553299
7593124864.0,-0.20248091220855713
7594062336.0,-0.219339519739151
7594999808.0,-0.23511101305484772
7595937280.0,-0.25012484192848206
7596874752.0,-0.2648477256298065
7597812736.0,-0.2766934037208557
7598750208.0,-0.28776124119758606
7599687680.0,-0.2982615828514099
7600625152.0,-0.3048971891403198
7601562624.0,-0.3115849792957306
7602500096.0,-0.31573808193206787
7603437568.0,-0.31840234994888306
7604375040.0,-0.3183324635028839
7605312512.0,-0.31636181473731995
7606249984.0,-0.312918484210968
7607187456.0,-0.308092325925827
7608124928.0,-0.29865971207618713
7609062400.0,-0.2889827489852905
7609999872.0,-0.2767915725708008
7610937344.0,-0.26411086320877075
7611874816.0,-0.24837687611579895
7612812288.0,-0.23079466819763184
7613749760.0,-0.21133354306221008
7614687744.0,-0.19009308516979218
7615625216.0,-0.169690802693367
7616562688.0,-0.14460520446300507
7617500160.0,-0.1201271340250969
7618437632.0,-0.09400881826877594
7619375104.0,-0.06823555380105972
7620312576.0,-0.04048139229416847
7621250048.0,-0.011881675571203232
7622187520.0,0.015460542403161526
7623124992.0,0.04269590228796005
7624062464.0,0.07005196809768677
7624999936.0,0.09728483110666275
7625937408.0,0.12380196899175644
7626874880.0,0.1498815268278122
7627812352.0,0.17332004010677338
7628749824.0,0.19634780287742615
7629687296.0,0.2177494913339615
7630624768.0,0.23769626021385193
7631562752.0,0.255339115858078
7632500224.0,0.27242395281791687
7633437696.0,0.2874443531036377
7634375168.0,0.30083218216896057
7635312640.0,0.3111381232738495
7636250112.0,0.31947165727615356
7637187584.0,0.32656463980674744
7638125056.0,0.33184197545051575
7639062528.0,0.33469513058662415
7640000000.0,0.3358464241027832
7640937472.0,0.3347873091697693
7641874944.0,0.3306475579738617
7642812416.0,0.32623130083084106
7643749888.0,0.31897225975990295
7644687360.0,0.3111179769039154
7645624832.0,0.3018620014190674
7646562304.0,0.28988924622535706
7647499776.0,0.2771291732788086
7648437248.0,0.26296597719192505
7649375232.0,0.24749334156513214
7650312704.0,0.22982759773731232
7651250176.0,0.2112540602684021
7652187648.0,0.1905401051044464
7653125120.0,0.1693457067012787
7654062592.0,0.14698293805122375
7655000064.0,0.12321040034294128
7655937536.0,0.09921757876873016
7656875008.0,0.07462179660797119
7657812480.0,0.04876053333282471
7658749952.0,0.022050319239497185
7659687424.0,-0.004826781805604696
7660624896.0,-0.030587663874030113
7661562368.0,-0.05744447186589241
7662499840.0,-0.08335459977388382
7663437312.0,-0.10827233642339706
7664374784.0,-0.13396403193473816
7665312256.0,-0.15832172334194183
7666250240.0,-0.18199215829372406
7667187712.0,-0.20374393463134766
7668125184.0,-0.2245510071516037
7669062656.0,-0.24574241042137146
7670000128.0,-0.26379290223121643
7670937600.0,-0.28061753511428833
7671875072.0,-0.2956787347793579
7672812544.0,-0.30878663063049316
7673750016.0,-0.3190641701221466
7674687488.0,-0.32592108845710754
7675624960.0,-0.3321545422077179
7676562432.0,-0.33349162340164185
7677499904.0,-0.33438926935195923
7678437376.0,-0.3328056037425995
7679374848.0,-0.3269028067588806
7680312320.0,-0.31992557644844055
7681249792.0,-0.31077200174331665
7682187264.0,-0.2991143763065338
7683125248.0,-0.28508228063583374
7684062720.0,-0.2606227993965149
7685000192.0,-0.25083020329475403
7685937664.0,-0.23842166364192963
7686875136.0,-0.22423027455806732
7687812608.0,-0.2085844874382019
7688750080.0,-0.1917169690132141
7689687552.0,-0.1738545447587967
7690625024.0,-0.15450294315814972
7691562496.0,-0.13478609919548035
7692499968.0,-0.11551789939403534
7693437440.0,-0.09397117793560028
7694374912.0,-0.07198948413133621
7695312384.0,-0.0545915812253952
7696249856.0,-0.03651571646332741
7697187328.0,-0.01796015165746212
7698124800.0,-0.00041870749555528164
7699062272.0,0.01655234582722187
7699999744.0,0.03421749547123909
7700937728.0,0.050715528428554535
7701875200.0,0.06631191074848175
7702812672.0,0.08116889744997025
7703750144.0,0.09472128748893738
7704687616.0,0.10714630782604218
7705625088.0,0.12017086893320084
7706562560.0,0.1311868578195572
7707500032.0,0.14174829423427582
7708437504.0,0.15202169120311737
7709374976.0,0.16192904114723206
7710312448.0,0.17100442945957184
7711249920.0,0.18000414967536926
7712187392.0,0.18673920631408691
7713124864.0,0.1946476697921753
7714062336.0,0.20112095773220062
7714999808.0,0.2068639099597931
7715937280.0,0.21445198357105255
7716874752.0,0.2201376110315323
7717812736.0,0.22472326457500458
7718750208.0,0.22861811518669128
7719687680.0,0.233396515250206
7720625152.0,0.2359263002872467
7721562624.0,0.2389899343252182
7722500096.0,0.2400241494178772
7723437568.0,0.24158422648906708
7724375040.0,0.24245339632034302
7725312512.0,0.24280273914337158
7726249984.0,0.24085083603858948
7727187456.0,0.23929548263549805
7728124928.0,0.2352447211742401
7729062400.0,0.2306978404521942
7729999872.0,0.2248978614807129
7730937344.0,0.21794936060905457
7731874816.0,0.20986175537109375
7732812288.0,0.2002962827682495
7733749760.0,0.18804383277893066
7734687744.0,0.17500749230384827
7735625216.0,0.16189752519130707
7736562688.0,0.14572589099407196
7737500160.0,0.1285603940486908
7738437632.0,0.11077473312616348
7739375104.0,0.09074492007493973
7740312576.0,0.06979084759950638
7741250048.0,0.048181477934122086
7742187520.0,0.025003569200634956
7743124992.0,0.0009373812354169786
7744062464.0,-0.028149353340268135
7744999936.0,-0.03161740303039551
7745937408.0,-0.03698936104774475
7746874880.0,-0.04256199300289154
7747812352.0,-0.05099060758948326
7748749824.0,-0.059842418879270554
7749687296.0,-0.06996826827526093
7750624768.0,-0.08098113536834717
7751562752.0,-0.09390737861394882
7752500224.0,-0.1086951196193695
7753437696.0,-0.12338712811470032
7754375168.0,-0.14071308076381683
7755312640.0,-0.15865251421928406
7756250112.0,-0.17663182318210602
7757187584.0,-0.19537320733070374
7758125056.0,-0.21420791745185852
7759062528.0,-0.23287592828273773
7760000000.0,-0.25190114974975586
7760937472.0,-0.2705669105052948
7761874944.0,-0.28887301683425903
7762812416.0,-0.3063991069793701
7763749888.0,-0.3236718773841858
7764687360.0,-0.3394232392311096
7765624832.0,-0.3541390299797058
7766562304.0,-0.3678722679615021
7767499776.0,-0.3792102634906769
7768437248.0,-0.39010196924209595
7769375232.0,-0.39902758598327637
7770312704.0,-0.40592604875564575
7771250176.0,-0.411410927772522
7772187648.0,-0.41428816318511963
7773125120.0,-0.41563892364501953
7774062592.0,-0.4145875871181488
7775000064.0,-0.4111856520175934
7775937536.0,-0.4051162600517273
7776875008.0,-0.39836379885673523
7777812480.0,-0.3869485557079315
7778749952.0,-0.37341558933258057
7779687424.0,-0.35851505398750305
7780624896.0,-0.3405061960220337
7781562368.0,-0.3205772638320923
7782499840.0,-0.29921460151672363
7783437312.0,-0.2739798128604889
7784374784.0,-0.24974104762077332
7785312256.0,-0.22258490324020386
7786250240.0,-0.19307510554790497
7787187712.0,-0.16399230062961578
7788125184.0,-0.1327575147151947
7789062656.0,-0.09948700666427612
7790000128.0,-0.06667999178171158
7790937600.0,-0.033529866486787796
7791875072.0,0.00028235965874046087
7792812544.0,0.034501172602176666
7793750016.0,0.06755449622869492
7794687488.0,0.10076369345188141
7795624960.0,0.13244812190532684
7796562432.0,0.16429591178894043
7797499904.0,0.19410592317581177
7798437376.0,0.2223997414112091
7799374848.0,0.24936236441135406
7800312320.0,0.27324992418289185
7801249792.0,0.2972543239593506
7802187264.0,0.3173399567604065
7803125248.0,0.33478572964668274
7804062720.0,0.16123130917549133
7805000192.0,0.1729506552219391
7805937664.0,0.18302859365940094
7806875136.0,0.19069942831993103
7807812608.0,0.19681569933891296
7808750080.0,0.20076675713062286
7809687552.0,0.2024526298046112
7810625024.0,0.20377348363399506
7811562496.0,0.20148979127407074
7812499968.0,0.1971539556980133
7813437440.0,0.1899811178445816
7814374912.0,0.1809638887643814
7815312384.0,0.17027661204338074
7816249856.0,0.15601366758346558
7817187328.0,0.14029128849506378
7818124800.0,0.12401463091373444
7819062272.0,0.10273714363574982
7820000256.0,0.0816301554441452
7820937728.0,0.05858001112937927
7821875200.0,0.03384729102253914
7822812672.0,0.009626440703868866
7823750144.0,-0.01650751754641533
7824687616.0,-0.042834848165512085
7825625088.0,-0.07060375064611435
7826562560.0,-0.09873317182064056
7827500032.0,-0.12565860152244568
7828437504.0,-0.153605118393898
7829374976.0,-0.18218281865119934
7830312448.0,-0.20993797481060028
7831249920.0,-0.23799987137317657
7832187392.0,-0.2650052607059479
7833124864.0,-0.29008948802948
7834062336.0,-0.3148452043533325
7834999808.0,-0.33908846974372864
7835937280.0,-0.36035802960395813
7836874752.0,-0.37989863753318787
7837812736.0,-0.39979270100593567
7838750208.0,-0.4164155423641205
7839687680.0,-0.4305214583873749
7840625152.0,-0.44433343410491943
7841562624.0,-0.4541405737400055
7842500096.0,-0.46314477920532227
7843437568.0,-0.4696289300918579
7844375040.0,-0.47468245029449463
7845312512.0,-0.4775535762310028
7846249984.0,-0.47855687141418457
7847187456.0,-0.47749730944633484
7848124928.0,-0.4711094796657562
7849062400.0,-0.46266409754753113
7849999872.0,-0.45362183451652527
7850937344.0,-0.44192034006118774
7851874816.0,-0.43027859926223755
7852812288.0,-0.41720983386039734
7853749760.0,-0.4023742079734802
7854687744.0,-0.387794554233551
7855625216.0,-0.3706381022930145
7856562688.0,-0.3528691828250885
7857500160.0,-0.33572131395339966
7858437632.0,-0.31780096888542175
7859375104.0,-0.2985202372074127
7860312576.0,-0.27997151017189026
7861250048.0,-0.26026737689971924
7862187520.0,-0.2410493940114975
7863124992.0,-0.22140976786613464
7864062464.0,-0.20381000638008118
7864999936.0,-0.18625031411647797
7865937408.0,-0.1679566353559494
7866874880.0,-0.15171097218990326
7867812352.0,-0.1337975561618805
7868749824.0,-0.11593947559595108
7869687296.0,-0.09823893010616302
7870624768.0,-0.08039385080337524
7871562752.0,-0.06363364309072495
7872500224.0,-0.048362940549850464
7873437696.0,-0.030051125213503838
7874375168.0,-0.014082309789955616
7875312640.0,0.002074922202154994
7876250112.0,0.016455238685011864
7877187584.0,0.02853984571993351
7878125056.0,0.040092844516038895
7879062528.0,0.049205224961042404
7880000000.0,0.05761800706386566
7880937472.0,0.06205350533127785
7881874944.0,0.06526708602905273
7882812416.0,0.06539323180913925
7883749888.0,0.06419707834720612
7884687360.0,0.058753062039613724
7885624832.0,0.052159931510686874
7886562304.0,0.04187947139143944
7887499776.0,0.02897336520254612
7888437248.0,0.014537801034748554
7889375232.0,-0.0034429230727255344
7890312704.0,-0.02333926595747471
7891250176.0,-0.04522320628166199
7892187648.0,-0.06847669929265976
7893125120.0,-0.0940835252404213
7894062592.0,-0.1200508251786232
7895000064.0,-0.14751982688903809
7895937536.0,-0.1755567491054535
7896875008.0,-0.20394542813301086
7897812480.0,-0.23168079555034637
7898749952.0,-0.26177433133125305
7899687424.0,-0.29182156920433044
7900624896.0,-0.32007598876953125
7901562368.0,-0.349666029214859
7902499840.0,-0.3761303424835205
7903437312.0,-0.4023456871509552
7904374784.0,-0.42850425839424133
7905312256.0,-0.45276060700416565
7906250240.0,-0.47631150484085083
7907187712.0,-0.498198002576828
7908125184.0,-0.5187472701072693
7909062656.0,-0.5388983488082886
7910000128.0,-0.5575574040412903
7910937600.0,-0.5768321752548218
7911875072.0,-0.5938711762428284
7912812544.0,-0.612112820148468
7913750016.0,-0.6304892301559448
7914687488.0,-0.649012565612793
7915624960.0,-0.6664298176765442
7916562432.0,-0.6854868531227112
7917499904.0,-0.7042731642723083
7918437376.0,-0.7241218090057373
7919374848.0,-0.7435644268989563
7920312320.0,-0.7635283470153809
7921249792.0,-0.7848426699638367
7922187264.0,-0.8056460618972778
7923125248.0,-0.8256973028182983
7924062720.0,-0.8589812517166138
7925000192.0,-0.8636380434036255
7925937664.0,-0.8675863146781921
7926875136.0,-0.8714302778244019
7927812608.0,-0.8736072182655334
7928750080.0,-0.8767898082733154
7929687552.0,-0.8786811232566833
7930625024.0,-0.8817151784896851
7931562496.0,-0.8828778266906738
7932499968.0,-0.8845153450965881
7933437440.0,-0.8850432634353638
7934374912.0,-0.885150134563446
7935312384.0,-0.8839039206504822
7936249856.0,-0.8813984394073486
7937187328.0,-0.8789941668510437
7938124800.0,-0.8749092221260071
7939062272.0,-0.869925856590271
7939999744.0,-0.8637510538101196
7940937728.0,-0.8553271889686584
7941875200.0,-0.8464102745056152
7942812672.0,-0.8361072540283203
7943750144.0,-0.8246622681617737
7944687616.0,-0.8093982934951782
7945625088.0,-0.7940837144851685
7946562560.0,-0.7776594161987305
7947500032.0,-0.7587481737136841
7948437504.0,-0.7377691268920898
7949374976.0,-0.7175600528717041
7950312448.0,-0.6955441832542419
7951249920.0,-0.6727273464202881
7952187392.0,-0.649225652217865
7953124864.0,-0.6249234676361084
7954062336.0,-0.5990179777145386
7954999808.0,-0.5729698538780212
7955937280.0,-0.5467467904090881
7956874752.0,-0.5183374285697937
7957812736.0,-0.49187394976615906
7958750208.0,-0.46364763379096985
7959687680.0,-0.4352661371231079
7960625152.0,-0.40800565481185913
7961562624.0,-0.3799479007720947
7962500096.0,-0.3522805869579315
7963437568.0,-0.32645267248153687
7964375040.0,-0.30087044835090637
7965312512.0,-0.2758350968360901
7966249984.0,-0.25218334794044495
7967187456.0,-0.2299204170703888
7968124928.0,-0.20918992161750793
7969062400.0,-0.18821769952774048
7969999872.0,-0.17153136432170868
7970937344.0,-0.15516440570354462
7971874816.0,-0.13980089128017426
7972812288.0,-0.12681084871292114
7973749760.0,-0.11757998913526535
7974687744.0,-0.10895531624555588
7975625216.0,-0.1038985326886177
7976562688.0,-0.10108772665262222
7977500160.0,-0.0986442118883133
7978437632.0,-0.09969174116849899
7979375104.0,-0.1017327681183815
7980312576.0,-0.10527268052101135
7981250048.0,-0.11112821102142334
7982187520.0,-0.11808592826128006
7983124992.0,-0.12763482332229614
7984062464.0,-0.24540148675441742
7984999936.0,-0.2464108169078827
7985937408.0,-0.25069257616996765
7986874880.0,-0.25391560792922974
7987812352.0,-0.2574785649776459
7988749824.0,-0.2633380889892578
7989687296.0,-0.26900264620780945
7990624768.0,-0.2755333483219147
7991562752.0,-0.282039999961853
7992500224.0,-0.29096531867980957
7993437696.0,-0.29951345920562744
7994375168.0,-0.3079060912132263
7995312640.0,-0.31655263900756836
7996250112.0,-0.32595354318618774
7997187584.0,-0.3364318609237671
7998125056.0,-0.3467937111854553
7999062528.0,-0.3577248156070709
8000000000.0,-0.3667105436325073
