Frequency (Hz),Measurement
2000000000.0,0.1432754546403885
2000937472.0,0.13720016181468964
2001874944.0,0.13334406912326813
2002812544.0,0.12925060093402863
2003750016.0,0.12448766082525253
2004687488.0,0.11941218376159668
2005624960.0,0.11411190778017044
2006562560.0,0.10993058979511261
2007500032.0,0.10414525121450424
2008437504.0,0.09935557842254639
2009374976.0,0.09348287433385849
2010312448.0,0.087430439889431
2011250048.0,0.08044843375682831
2012187520.0,0.0756501778960228
2013124992.0,0.06902524083852768
2014062464.0,0.06288448721170425
2015000064.0,0.05717625096440315
2015937536.0,0.0511275939643383
2016875008.0,0.0453752838075161
2017812480.0,0.04022103175520897
2018749952.0,0.03551230952143669
2019687552.0,0.03011852689087391
2020625024.0,0.025465942919254303
2021562496.0,0.02109203301370144
2022499968.0,0.01740351878106594
2023437440.0,0.014333280734717846
2024375040.0,0.011823579668998718
2025312512.0,0.010928806848824024
2026249984.0,0.009730000048875809
2027187456.0,0.009319529868662357
2028125056.0,0.010369124822318554
2029062528.0,0.011756232008337975
2030000000.0,0.013906164094805717
2030937472.0,0.01653962768614292
2031874944.0,0.02124795876443386
2032812544.0,0.025062132626771927
2033750016.0,0.031094934791326523
2034687488.0,0.03708099201321602
2035624960.0,0.044467080384492874
2036562560.0,0.05101729556918144
2037500032.0,0.05867647007107735
2038437504.0,0.06730952113866806
2039374976.0,0.07508798688650131
2040312448.0,0.0845329686999321
2041250048.0,0.09235218912363052
2042187520.0,0.1000092402100563
2043124992.0,0.10771649330854416
2044062464.0,0.11611426621675491
2044999936.0,0.12204647064208984
2045937536.0,0.12794990837574005
2046875008.0,0.13207782804965973
2047812480.0,0.1372111588716507
2048749952.0,0.14663605391979218
2049687552.0,0.14135180413722992
2050625024.0,0.13582457602024078
2051562496.0,0.13008761405944824
2052499968.0,0.12396270781755447
2053437440.0,0.11670777201652527
2054375040.0,0.1091664731502533
2055312512.0,0.10225699096918106
2056249984.0,0.09499247372150421
2057187456.0,0.08778456598520279
2058125056.0,0.0803002417087555
2059062528.0,0.07350443303585052
2060000000.0,0.06677008420228958
2060937472.0,0.059779684990644455
2061874944.0,0.05270076543092728
2062812544.0,0.046767789870500565
2063750016.0,0.041112422943115234
2064687488.0,0.03517107293009758
2065624960.0,0.03059709444642067
2066562560.0,0.026002950966358185
2067500032.0,0.0216145571321249
2068437504.0,0.017054742202162743
2069374976.0,0.013583870604634285
2070312448.0,0.010173917748034
2071250048.0,0.007275023497641087
2072187520.0,0.004429568070918322
2073124992.0,0.0027255176100879908
2074062464.0,0.0008855101186782122
2075000064.0,-0.0009521042229607701
2075937536.0,-0.002283096080645919
2076875008.0,-0.0029306034557521343
2077812480.0,-0.003455495461821556
2078749952.0,-0.003724746173247695
2079687552.0,-0.0037555359303951263
2080625024.0,-0.003965260926634073
2081562496.0,-0.0028029081877321005
2082499968.0,-0.0018455235986039042
2083437440.0,0.001016748952679336
2084375040.0,0.0023159438278526068
2085312512.0,0.006184682250022888
2086249984.0,0.00973362848162651
2087187456.0,0.01392434909939766
2088125056.0,0.017914285883307457
2089062528.0,0.022893592715263367
2090000000.0,0.027906863018870354
2090937472.0,0.03542991355061531
2091874944.0,0.04210400581359863
2092812544.0,0.048800382763147354
2093750016.0,0.05787572264671326
2094687488.0,0.06579914689064026
2095624960.0,0.07525186985731125
2096562560.0,0.0844978615641594
2097500032.0,0.09538665413856506
2098437504.0,0.1064094826579094
2099374976.0,0.11836351454257965
2100312448.0,0.13055850565433502
2101250048.0,0.14301645755767822
2102187520.0,0.15558932721614838
2103124992.0,0.16901664435863495
2104062464.0,0.18246541917324066
2104999936.0,0.19564589858055115
2105937536.0,0.20957466959953308
2106875008.0,0.2219921052455902
2107812480.0,0.23406866192817688
2108749952.0,0.27361857891082764
2109687552.0,0.28155624866485596
2110625024.0,0.289367139339447
2111562496.0,0.2965775430202484
2112499968.0,0.3024387061595917
2113437440.0,0.30625593662261963
2114375040.0,0.30937522649765015
2115312512.0,0.3097948729991913
2116249984.0,0.3082853853702545
2117187456.0,0.3039568364620209
2118125056.0,0.2970229983329773
2119062528.0,0.28644853830337524
2120000000.0,0.27467986941337585
2120937472.0,0.2590198814868927
2121874944.0,0.23961058259010315
2122812544.0,0.21924224495887756
2123750016.0,0.19639070332050323
2124687488.0,0.17070798575878143
2125624960.0,0.1459282636642456
2126562560.0,0.11881959438323975
2127500032.0,0.09197425097227097
2128437504.0,0.0640193298459053
2129374976.0,0.03798012062907219
2130312448.0,0.012756637297570705
2131250048.0,-0.011373739689588547
2132187520.0,-0.03359677642583847
2133124992.0,-0.05274485424160957
2134062464.0,-0.07090171426534653
2135000064.0,-0.08650880306959152
2135937536.0,-0.0983177050948143
2136875008.0,-0.10714176297187805
2137812480.0,-0.11336804926395416
2138749952.0,-0.1168522760272026
2139687552.0,-0.11634805053472519
2140625024.0,-0.11513873934745789
2141562496.0,-0.11008910089731216
2142499968.0,-0.10296908020973206
2143437440.0,-0.0942303016781807
2144375040.0,-0.0843256264925003
2145312512.0,-0.07088176906108856
2146249984.0,-0.05893568694591522
2147187456.0,-0.04505845159292221
2148124928.0,-0.0299768578261137
2149062400.0,-0.01495144609361887
2150000128.0,0.00010691091301850975
2150937600.0,0.014805126003921032
2151875072.0,0.02974829077720642
2152812544.0,0.04356735572218895
2153750016.0,0.056049201637506485
2154687488.0,0.06905628740787506
2155624960.0,0.08200833946466446
2156562432.0,0.0935542955994606
2157499904.0,0.10296081006526947
2158437376.0,0.11433856189250946
2159375104.0,0.12393990904092789
2160312576.0,0.13325326144695282
2161250048.0,0.1423288732767105
2162187520.0,0.15086320042610168
2163124992.0,0.15923354029655457
2164062464.0,0.16802802681922913
2164999936.0,0.17590799927711487
2165937408.0,0.1846594661474228
2166874880.0,0.19285233318805695
2167812608.0,0.2006620466709137
2168750080.0,0.22550205886363983
2169687552.0,0.2363271415233612
2170625024.0,0.2477031797170639
2171562496.0,0.2584325075149536
2172499968.0,0.26888543367385864
2173437440.0,0.2783878743648529
2174374912.0,0.28678643703460693
2175312384.0,0.29486754536628723
2176250112.0,0.3003210425376892
2177187584.0,0.30565232038497925
2178125056.0,0.30923765897750854
2179062528.0,0.3105115294456482
2180000000.0,0.3101857900619507
2180937472.0,0.3070771396160126
2181874944.0,0.30296215415000916
2182812416.0,0.2969089448451996
2183749888.0,0.2878841757774353
2184687616.0,0.27725642919540405
2185625088.0,0.26455798745155334
2186562560.0,0.25004470348358154
2187500032.0,0.23381926119327545
2188437504.0,0.21671435236930847
2189374976.0,0.1979382187128067
2190312448.0,0.1777850240468979
2191249920.0,0.15800543129444122
2192187392.0,0.137254536151886
2193125120.0,0.11537735164165497
2194062592.0,0.09438078850507736
2195000064.0,0.07391361147165298
2195937536.0,0.054324083030223846
2196875008.0,0.0351850725710392
2197812480.0,0.017387008294463158
2198749952.0,0.0007918302435427904
2199687424.0,-0.012605552561581135
2200624896.0,-0.02599705196917057
2201562624.0,-0.03685517981648445
2202500096.0,-0.045164771378040314
2203437568.0,-0.05182075500488281
2204375040.0,-0.05610070005059242
2205312512.0,-0.05802251771092415
2206249984.0,-0.05808283016085625
2207187456.0,-0.054777681827545166
2208124928.0,-0.04992769658565521
2209062400.0,-0.04286547377705574
2209999872.0,-0.03401393070816994
2210937600.0,-0.023492073640227318
2211875072.0,-0.011307170614600182
2212812544.0,0.002122163772583008
2213750016.0,0.016908885911107063
2214687488.0,0.032116763293743134
2215624960.0,0.05006515979766846
2216562432.0,0.06695276498794556
2217499904.0,0.0838853120803833
2218437376.0,0.10162806510925293
2219375104.0,0.11844610422849655
2220312576.0,0.13626742362976074
2221250048.0,0.15201088786125183
2222187520.0,0.16718550026416779
2223124992.0,0.18191084265708923
2224062464.0,0.19456669688224792
2224999936.0,0.20731186866760254
2225937408.0,0.21669672429561615
2226874880.0,0.22552631795406342
2227812608.0,0.23167210817337036
2228750080.0,0.20403850078582764
2229687552.0,0.20971347391605377
2230625024.0,0.21456043422222137
2231562496.0,0.21828317642211914
2232499968.0,0.2208109349012375
2233437440.0,0.2214585542678833
2234374912.0,0.21921196579933167
2235312384.0,0.21617422997951508
2236250112.0,0.2116129994392395
2237187584.0,0.20350061357021332
2238125056.0,0.19393467903137207
2239062528.0,0.18229858577251434
2240000000.0,0.16850940883159637
2240937472.0,0.15335188806056976
2241874944.0,0.13631726801395416
2242812416.0,0.11795629560947418
2243749888.0,0.09828734397888184
2244687616.0,0.07787827402353287
2245625088.0,0.057029448449611664
2246562560.0,0.036648958921432495
2247500032.0,0.01532487478107214
2248437504.0,-0.005725958850234747
2249374976.0,-0.024868976324796677
2250312448.0,-0.043511856347322464
2251249920.0,-0.06037547066807747
2252187392.0,-0.07536022365093231
2253125120.0,-0.08850701153278351
2254062592.0,-0.09914026409387589
2255000064.0,-0.10812617838382721
2255937536.0,-0.11467422544956207
2256875008.0,-0.11807556450366974
2257812480.0,-0.11947402358055115
2258749952.0,-0.1175607219338417
2259687424.0,-0.11451037973165512
2260624896.0,-0.10939528048038483
2261562624.0,-0.10040149837732315
2262500096.0,-0.09093331545591354
2263437568.0,-0.07974592596292496
2264375040.0,-0.06654926389455795
2265312512.0,-0.051906000822782516
2266249984.0,-0.03738056868314743
2267187456.0,-0.021201662719249725
2268124928.0,-0.004080603830516338
2269062400.0,0.013393547385931015
2270000128.0,0.03057415410876274
2270937600.0,0.047476738691329956
2271875072.0,0.0648047998547554
2272812544.0,0.08187154680490494
2273750016.0,0.09887770563364029
2274687488.0,0.11459094285964966
2275624960.0,0.13008920848369598
2276562432.0,0.14483420550823212
2277499904.0,0.15798087418079376
2278437376.0,0.1706094890832901
2279375104.0,0.18148371577262878
2280312576.0,0.1927117109298706
2281250048.0,0.2019699215888977
2282187520.0,0.21034948527812958
2283124992.0,0.218359112739563
2284062464.0,0.22514434158802032
2284999936.0,0.23103949427604675
2285937408.0,0.2366744577884674
2286874880.0,0.24136312305927277
2287812608.0,0.2458619475364685
2288750080.0,0.25686004757881165
2289687552.0,0.2650342285633087
2290625024.0,0.27174443006515503
2291562496.0,0.2803552448749542
2292499968.0,0.2877049744129181
2293437440.0,0.29513663053512573
2294374912.0,0.30124571919441223
2295312384.0,0.3061683773994446
2296250112.0,0.3116428256034851
2297187584.0,0.31504565477371216
2298125056.0,0.3165352940559387
2299062528.0,0.31654390692710876
2300000000.0,0.31475839018821716
2300937472.0,0.31075263023376465
2301874944.0,0.30420222878456116
2302812416.0,0.29566052556037903
2303749888.0,0.2845504581928253
2304687616.0,0.2697313725948334
2305625088.0,0.2536725401878357
2306562560.0,0.23465761542320251
2307500032.0,0.21218916773796082
2308437504.0,0.18751785159111023
2309374976.0,0.16210998594760895
2310312448.0,0.13601218163967133
2311249920.0,0.10754845291376114
2312187392.0,0.07765378803014755
2313125120.0,0.04908851161599159
2314062592.0,0.02071387507021427
2315000064.0,-0.007577320095151663
2315937536.0,-0.03570476546883583
2316875008.0,-0.06123114377260208
2317812480.0,-0.08464154601097107
2318749952.0,-0.1054987981915474
2319687424.0,-0.12480677664279938
2320624896.0,-0.14200997352600098
2321562624.0,-0.1568007916212082
2322500096.0,-0.16935886442661285
2323437568.0,-0.18067023158073425
2324375040.0,-0.18768005073070526
2325312512.0,-0.19329658150672913
2326249984.0,-0.19716599583625793
2327187456.0,-0.19925808906555176
2328124928.0,-0.19905400276184082
2329062400.0,-0.19667617976665497
2329999872.0,-0.19325891137123108
2330937600.0,-0.1886572390794754
2331875072.0,-0.18236953020095825
2332812544.0,-0.1745251715183258
2333750016.0,-0.1650654375553131
2334687488.0,-0.1540004312992096
2335624960.0,-0.14108698070049286
2336562432.0,-0.12662850320339203
2337499904.0,-0.11016412079334259
2338437376.0,-0.09341276437044144
2339375104.0,-0.07347667962312698
2340312576.0,-0.052530646324157715
2341250048.0,-0.030068963766098022
2342187520.0,-0.007125853560864925
2343124992.0,0.017652789130806923
2344062464.0,0.042458951473236084
2344999936.0,0.06874725222587585
2345937408.0,0.09526024758815765
2346874880.0,0.1208476722240448
2347812608.0,0.14601118862628937
2348750080.0,0.20004712045192719
2349687552.0,0.21530599892139435
2350625024.0,0.22848957777023315
2351562496.0,0.23781032860279083
2352499968.0,0.24356374144554138
2353437440.0,0.24652737379074097
2354374912.0,0.2447979599237442
2355312384.0,0.2403593212366104
2356250112.0,0.2332310676574707
2357187584.0,0.22210001945495605
2358125056.0,0.20755745470523834
2359062528.0,0.1900910586118698
2360000000.0,0.17000353336334229
2360937472.0,0.14786407351493835
2361874944.0,0.12283526360988617
2362812416.0,0.09652993083000183
2363749888.0,0.06859972327947617
2364687616.0,0.040438469499349594
2365625088.0,0.011808568611741066
2366562560.0,-0.01705631986260414
2367500032.0,-0.04635839909315109
2368437504.0,-0.07456554472446442
2369374976.0,-0.10142333805561066
2370312448.0,-0.1270466446876526
2371249920.0,-0.1514461636543274
2372187392.0,-0.17427529394626617
2373125120.0,-0.1949027180671692
2374062592.0,-0.21281073987483978
2375000064.0,-0.22905558347702026
2375937536.0,-0.24142707884311676
2376875008.0,-0.25025367736816406
2377812480.0,-0.2578566372394562
2378749952.0,-0.26120105385780334
2379687424.0,-0.262468159198761
2380624896.0,-0.26146793365478516
2381562624.0,-0.2569171190261841
2382500096.0,-0.25015491247177124
2383437568.0,-0.24114397168159485
2384375040.0,-0.22942613065242767
2385312512.0,-0.21710194647312164
2386249984.0,-0.20278654992580414
2387187456.0,-0.18609818816184998
2388124928.0,-0.16991464793682098
2389062400.0,-0.15233971178531647
2390000128.0,-0.1340988427400589
2390937600.0,-0.11704807728528976
2391875072.0,-0.09903036057949066
2392812544.0,-0.08258794993162155
2393750016.0,-0.06600280851125717
2394687488.0,-0.050813931971788406
2395624960.0,-0.03562189266085625
2396562432.0,-0.023290429264307022
2397499904.0,-0.010382324457168579
2398437376.0,0.0011697347508743405
2399375104.0,0.010199509561061859
2400312576.0,0.01789233088493347
2401250048.0,0.024669883772730827
2402187520.0,0.030168689787387848
2403124992.0,0.033088959753513336
2404062464.0,0.03601284325122833
2404999936.0,0.03700261563062668
2405937408.0,0.037153925746679306
2406874880.0,0.03592110797762871
2407812608.0,0.03222053498029709
2408750080.0,0.029345249757170677
2409687552.0,0.03455451503396034
2410625024.0,0.03849923983216286
2411562496.0,0.038806602358818054
2412499968.0,0.03755967319011688
2413437440.0,0.0346008762717247
2414374912.0,0.029107995331287384
2415312384.0,0.02008041739463806
2416250112.0,0.009983260184526443
2417187584.0,-0.0014452874893322587
2418125056.0,-0.016405247151851654
2419062528.0,-0.03159157186746597
2420000000.0,-0.0501694492995739
2420937472.0,-0.06879743188619614
2421874944.0,-0.08854358643293381
2422812416.0,-0.11044447869062424
2423749888.0,-0.13165950775146484
2424687616.0,-0.15384970605373383
2425625088.0,-0.17573656141757965
2426562560.0,-0.19692911207675934
2427500032.0,-0.21833255887031555
2428437504.0,-0.23954904079437256
2429374976.0,-0.26082152128219604
2430312448.0,-0.28029710054397583
2431249920.0,-0.2991195619106293
2432187392.0,-0.31740984320640564
2433125120.0,-0.3341177999973297
2434062592.0,-0.34983986616134644
2435000064.0,-0.36471879482269287
2435937536.0,-0.37798380851745605
2436875008.0,-0.3891068398952484
2437812480.0,-0.39980632066726685
2438749952.0,-0.4084717333316803
2439687424.0,-0.4157971739768982
2440624896.0,-0.4222550690174103
2441562624.0,-0.42705926299095154
2442500096.0,-0.43031153082847595
2443437568.0,-0.4315888583660126
2444375040.0,-0.4326658248901367
2445312512.0,-0.430328905582428
2446249984.0,-0.4288974106311798
2447187456.0,-0.42607125639915466
2448124928.0,-0.4219031035900116
2449062400.0,-0.41752830147743225
2449999872.0,-0.41126999258995056
2450937600.0,-0.40480881929397583
2451875072.0,-0.39912980794906616
2452812544.0,-0.3923712372779846
2453750016.0,-0.38631966710090637
2454687488.0,-0.37993353605270386
2455624960.0,-0.3737412095069885
2456562432.0,-0.3678217828273773
2457499904.0,-0.3617498576641083
2458437376.0,-0.35513582825660706
2459375104.0,-0.35089436173439026
2460312576.0,-0.34611332416534424
2461250048.0,-0.34373417496681213
2462187520.0,-0.3417612910270691
2463124992.0,-0.3424319624900818
2464062464.0,-0.34427955746650696
2464999936.0,-0.3468002378940582
2465937408.0,-0.3515952527523041
2466874880.0,-0.35859277844429016
2467812608.0,-0.3678654730319977
2468750080.0,-0.4548479914665222
2469687552.0,-0.47683027386665344
2470625024.0,-0.5003641843795776
2471562496.0,-0.5262399911880493
2472499968.0,-0.5555006861686707
2473437440.0,-0.5889756679534912
2474374912.0,-0.6252508163452148
2475312384.0,-0.665621280670166
2476250112.0,-0.7081285119056702
2477187584.0,-0.7544403672218323
2478125056.0,-0.8039519786834717
2479062528.0,-0.8561229705810547
2480000000.0,-0.912919282913208
2480937472.0,-0.9717260599136353
2481874944.0,-1.03494131565094
2482812416.0,-1.0995676517486572
2483749888.0,-1.1692590713500977
2484687616.0,-1.242032527923584
2485625088.0,-1.316614031791687
2486562560.0,-1.3975416421890259
2487500032.0,-1.478292465209961
2488437504.0,-1.5643996000289917
2489374976.0,-1.6534886360168457
2490312448.0,-1.745009183883667
2491249920.0,-1.8421385288238525
2492187392.0,-1.9443070888519287
2493125120.0,-2.050626516342163
2494062592.0,-2.1617534160614014
2495000064.0,-2.279107093811035
2495937536.0,-2.4019527435302734
2496875008.0,-2.533339738845825
2497812480.0,-2.6727070808410645
2498749952.0,-2.8205385208129883
2499687424.0,-2.9752140045166016
2500624896.0,-3.1407368183135986
2501562624.0,-3.316455841064453
2502500096.0,-3.5053913593292236
2503437568.0,-3.7109217643737793
2504375040.0,-3.9336795806884766
2505312512.0,-4.173374652862549
2506249984.0,-4.430034160614014
2507187456.0,-4.699393272399902
2508124928.0,-4.988357067108154
2509062400.0,-5.293459415435791
2510000128.0,-5.619597434997559
2510937600.0,-5.964219093322754
2511875072.0,-6.322488784790039
2512812544.0,-6.685359001159668
2513750016.0,-7.042293548583984
2514687488.0,-7.372794151306152
2515624960.0,-7.660898208618164
2516562432.0,-7.889454364776611
2517499904.0,-8.040539741516113
2518437376.0,-8.105855941772461
2519375104.0,-8.076228141784668
2520312576.0,-7.953651428222656
2521250048.0,-7.747137546539307
2522187520.0,-7.468592166900635
2523124992.0,-7.1336894035339355
2524062464.0,-6.760900497436523
2524999936.0,-6.365488529205322
2525937408.0,-5.958390712738037
2526874880.0,-5.556554317474365
2527812608.0,-5.1656413078308105
2528750080.0,-4.785044193267822
2529687552.0,-4.434440612792969
2530625024.0,-4.106194019317627
2531562496.0,-3.8001105785369873
2532499968.0,-3.513184070587158
2533437440.0,-3.248560905456543
2534374912.0,-3.006971597671509
2535312384.0,-2.7871665954589844
2536250112.0,-2.5868566036224365
2537187584.0,-2.402599811553955
2538125056.0,-2.235499382019043
2539062528.0,-2.0821075439453125
2540000000.0,-1.9435348510742188
2540937472.0,-1.8157771825790405
2541874944.0,-1.7027547359466553
2542812416.0,-1.598832607269287
2543749888.0,-1.5051487684249878
2544687616.0,-1.4207299947738647
2545625088.0,-1.3452914953231812
2546562560.0,-1.2783774137496948
2547500032.0,-1.217767357826233
2548437504.0,-1.1627988815307617
2549374976.0,-1.1135655641555786
2550312448.0,-1.0686700344085693
2551249920.0,-1.0285239219665527
2552187392.0,-0.9929877519607544
2553125120.0,-0.961281418800354
2554062592.0,-0.9324696660041809
2555000064.0,-0.9057296514511108
2555937536.0,-0.8811997175216675
2556875008.0,-0.8595974445343018
2557812480.0,-0.8393768668174744
2558749952.0,-0.8190890550613403
2559687424.0,-0.8000046610832214
2560624896.0,-0.7816153764724731
2561562624.0,-0.7625754475593567
2562500096.0,-0.7446495890617371
2563437568.0,-0.7261940240859985
2564375040.0,-0.7068017721176147
2565312512.0,-0.6863350868225098
2566249984.0,-0.6659204363822937
2567187456.0,-0.6445290446281433
2568124928.0,-0.6236521005630493
2569062400.0,-0.6015740633010864
2569999872.0,-0.5776944756507874
2570937600.0,-0.5537501573562622
2571875072.0,-0.5276588201522827
2572812544.0,-0.5009710788726807
2573750016.0,-0.47441500425338745
2574687488.0,-0.4457593262195587
2575624960.0,-0.4164263904094696
2576562432.0,-0.38609564304351807
2577499904.0,-0.3570076823234558
2578437376.0,-0.3264784812927246
2579375104.0,-0.29568400979042053
2580312576.0,-0.2655199468135834
2581250048.0,-0.23569656908512115
2582187520.0,-0.20583601295948029
2583124992.0,-0.1763804405927658
2584062464.0,-0.1478564590215683
2584999936.0,-0.12135292589664459
2585937408.0,-0.09495800733566284
2586874880.0,-0.07074339687824249
2587812608.0,-0.048533447086811066
2588750080.0,-0.023366976529359818
2589687552.0,-0.010301030240952969
2590625024.0,0.0025825900956988335
2591562496.0,0.012575818225741386
2592499968.0,0.02139901928603649
2593437440.0,0.027358999475836754
2594374912.0,0.031222879886627197
2595312384.0,0.03311323747038841
2596250112.0,0.03398817777633667
2597187584.0,0.0321245975792408
2598125056.0,0.029157081618905067
2599062528.0,0.0240362249314785
2600000000.0,0.017893126234412193
2600937472.0,0.009025076404213905
2601874944.0,0.00021480434224940836
2602812416.0,-0.010730170644819736
2603749888.0,-0.022119401022791862
2604687616.0,-0.03394360467791557
2605625088.0,-0.04641306400299072
2606562560.0,-0.060487013310194016
2607500032.0,-0.07398727536201477
2608437504.0,-0.08734177052974701
2609374976.0,-0.1015617623925209
2610312448.0,-0.11501973122358322
2611249920.0,-0.12834109365940094
2612187392.0,-0.14216460287570953
2613125120.0,-0.15348157286643982
2614062592.0,-0.16606228053569794
2615000064.0,-0.17660126090049744
2615937536.0,-0.1864275187253952
2616875008.0,-0.19488725066184998
2617812480.0,-0.20266813039779663
2618749952.0,-0.2089013159275055
2619687424.0,-0.21415263414382935
2620624896.0,-0.21707965433597565
2621562624.0,-0.22037896513938904
2622500096.0,-0.22133518755435944
2623437568.0,-0.21994775533676147
2624375040.0,-0.21774689853191376
2625312512.0,-0.21470695734024048
2626249984.0,-0.20923744142055511
2627187456.0,-0.2023370862007141
2628124928.0,-0.19422133266925812
2629062400.0,-0.18371765315532684
2630000128.0,-0.1724727600812912
2630937600.0,-0.16021902859210968
2631875072.0,-0.14698590338230133
2632812544.0,-0.13158024847507477
2633750016.0,-0.11537646502256393
2634687488.0,-0.09921333193778992
2635624960.0,-0.08140509575605392
2636562432.0,-0.06337641924619675
2637499904.0,-0.043576911091804504
2638437376.0,-0.025644920766353607
2639375104.0,-0.006714496295899153
2640312576.0,0.012466148473322392
2641250048.0,0.03136807680130005
2642187520.0,0.04993467032909393
2643124992.0,0.06793215870857239
2644062464.0,0.08553341031074524
2644999936.0,0.10236611217260361
2645937408.0,0.11832518875598907
2646874880.0,0.13265389204025269
2647812608.0,0.15826089680194855
2648750080.0,0.17238804697990417
2649687552.0,0.18470892310142517
2650625024.0,0.19485139846801758
2651562496.0,0.20233871042728424
2652499968.0,0.20838195085525513
2653437440.0,0.21141503751277924
2654374912.0,0.21195195615291595
2655312384.0,0.2093529999256134
2656250112.0,0.20473867654800415
2657187584.0,0.19814430177211761
2658125056.0,0.18959267437458038
2659062528.0,0.17873451113700867
2660000000.0,0.16533738374710083
2660937472.0,0.15124981105327606
2661874944.0,0.13378570973873138
2662812416.0,0.11672845482826233
2663749888.0,0.0968082919716835
2664687616.0,0.07654854655265808
2665625088.0,0.05716351792216301
2666562560.0,0.03609633073210716
2667500032.0,0.014812207780778408
2668437504.0,-0.006013166159391403
2669374976.0,-0.027039149776101112
2670312448.0,-0.04607797786593437
2671249920.0,-0.06401634961366653
2672187392.0,-0.08270470798015594
2673125120.0,-0.098927803337574
2674062592.0,-0.1135607659816742
2675000064.0,-0.12670987844467163
2675937536.0,-0.13830067217350006
2676875008.0,-0.1480129510164261
2677812480.0,-0.15649698674678802
2678749952.0,-0.16221649944782257
2679687424.0,-0.16591289639472961
2680624896.0,-0.1680675595998764
2681562624.0,-0.1670013964176178
2682500096.0,-0.16403888165950775
2683437568.0,-0.16105154156684875
2684375040.0,-0.1533457189798355
2685312512.0,-0.14491243660449982
2686249984.0,-0.13535064458847046
2687187456.0,-0.12367802858352661
2688124928.0,-0.11036906391382217
2689062400.0,-0.09539808332920074
2689999872.0,-0.07993566244840622
2690937600.0,-0.0626731887459755
2691875072.0,-0.04678058996796608
2692812544.0,-0.029103510081768036
2693750016.0,-0.0106941107660532
2694687488.0,0.0075323800556361675
2695624960.0,0.026882195845246315
2696562432.0,0.04452299699187279
2697499904.0,0.062032293528318405
2698437376.0,0.07947564125061035
2699375104.0,0.09673570841550827
2700312576.0,0.11264997720718384
2701250048.0,0.1286228746175766
2702187520.0,0.14223262667655945
2703124992.0,0.15582099556922913
2704062464.0,0.16699400544166565
2704999936.0,0.17812347412109375
2705937408.0,0.18709026277065277
2706874880.0,0.19575823843479156
2707812608.0,0.21426677703857422
2708750080.0,0.2184634804725647
2709687552.0,0.22164739668369293
2710625024.0,0.22321346402168274
2711562496.0,0.2229500561952591
2712499968.0,0.22210371494293213
2713437440.0,0.22061315178871155
2714374912.0,0.21706365048885345
2715312384.0,0.2133229821920395
2716250112.0,0.2071315199136734
2717187584.0,0.20037303864955902
2718125056.0,0.1918446123600006
2719062528.0,0.18301017582416534
2720000000.0,0.17137226462364197
2720937472.0,0.15846741199493408
2721874944.0,0.14568069577217102
2722812416.0,0.13107557594776154
2723749888.0,0.11482706665992737
2724687616.0,0.09801992028951645
2725625088.0,0.08072470128536224
2726562560.0,0.06235428899526596
2727500032.0,0.04306337237358093
2728437504.0,0.023943495005369186
2729374976.0,0.0038636967074126005
2730312448.0,-0.015413508750498295
2731249920.0,-0.03527618944644928
2732187392.0,-0.05444619432091713
2733125120.0,-0.07414764910936356
2734062592.0,-0.09161680191755295
2735000064.0,-0.10955147445201874
2735937536.0,-0.12544013559818268
2736875008.0,-0.14047177135944366
2737812480.0,-0.15332812070846558
2738749952.0,-0.16543784737586975
2739687424.0,-0.17558445036411285
2740624896.0,-0.18230485916137695
2741562624.0,-0.1874641478061676
2742500096.0,-0.19158363342285156
2743437568.0,-0.19237567484378815
2744375040.0,-0.19104284048080444
2745312512.0,-0.1878957897424698
2746249984.0,-0.1812392622232437
2747187456.0,-0.17413049936294556
2748124928.0,-0.16229920089244843
2749062400.0,-0.15015201270580292
2750000128.0,-0.13625817000865936
2750937600.0,-0.11907537281513214
2751875072.0,-0.10103066265583038
2752812544.0,-0.08075275272130966
2753750016.0,-0.060469698160886765
2754687488.0,-0.03918690234422684
2755624960.0,-0.016229426488280296
2756562432.0,0.005656785797327757
2757499904.0,0.0298248752951622
2758437376.0,0.051942482590675354
2759375104.0,0.07300227880477905
2760312576.0,0.09556648880243301
2761250048.0,0.1158657893538475
2762187520.0,0.13513900339603424
2763124992.0,0.15277402102947235
2764062464.0,0.16849198937416077
2764999936.0,0.18323244154453278
2765937408.0,0.19459931552410126
2766874880.0,0.20476530492305756
2767812608.0,0.24565862119197845
2768750080.0,0.24898315966129303
2769687552.0,0.25071635842323303
2770625024.0,0.25027036666870117
2771562496.0,0.24916042387485504
2772499968.0,0.24589183926582336
2773437440.0,0.24099946022033691
2774374912.0,0.23444868624210358
2775312384.0,0.22762484848499298
2776250112.0,0.21830999851226807
2777187584.0,0.2080579549074173
2778125056.0,0.1975189596414566
2779062528.0,0.18434518575668335
2780000000.0,0.17144450545310974
2780937472.0,0.15769006311893463
2781874944.0,0.14327144622802734
2782812416.0,0.12898039817810059
2783749888.0,0.11344409734010696
2784687616.0,0.09781137108802795
2785625088.0,0.0832279697060585
2786562560.0,0.06803575903177261
2787500032.0,0.05210534483194351
2788437504.0,0.03703906759619713
2789374976.0,0.021401993930339813
2790312448.0,0.007397434674203396
2791249920.0,-0.006715213879942894
2792187392.0,-0.02066953107714653
2793125120.0,-0.03265007585287094
2794062592.0,-0.044363003224134445
2795000064.0,-0.05555128678679466
2795937536.0,-0.06504746526479721
2796875008.0,-0.07392949610948563
2797812480.0,-0.08027610182762146
2798749952.0,-0.08706413209438324
2799687424.0,-0.0916970819234848
2800624896.0,-0.09654844552278519
2801562624.0,-0.09779201447963715
2802500096.0,-0.09822786599397659
2803437568.0,-0.09689503163099289
2804375040.0,-0.0932115763425827
2805312512.0,-0.09071895480155945
2806249984.0,-0.08477962762117386
2807187456.0,-0.07814279198646545
2808124928.0,-0.06948196887969971
2809062400.0,-0.05902775377035141
2809999872.0,-0.04840496927499771
2810937600.0,-0.03528469055891037
2811875072.0,-0.022214483469724655
2812812544.0,-0.007527339272201061
2813750016.0,0.007290542125701904
2814687488.0,0.02404600754380226
2815624960.0,0.040859565138816833
2816562432.0,0.05735890939831734
2817499904.0,0.07457899302244186
2818437376.0,0.09251929074525833
2819375104.0,0.1094825491309166
2820312576.0,0.12649883329868317
2821250048.0,0.14282344281673431
2822187520.0,0.15807420015335083
2823124992.0,0.17369291186332703
2824062464.0,0.18702366948127747
2824999936.0,0.1986721009016037
2825937408.0,0.2104240357875824
2826874880.0,0.21986956894397736
2827812608.0,0.23363956809043884
2828750080.0,0.2383631318807602
2829687552.0,0.241178959608078
2830625024.0,0.24250636994838715
2831562496.0,0.24269309639930725
2832499968.0,0.23946726322174072
2833437440.0,0.23566707968711853
2834374912.0,0.2291111797094345
2835312384.0,0.22213125228881836
2836250112.0,0.21229617297649384
2837187584.0,0.201496422290802
2838125056.0,0.18956255912780762
2839062528.0,0.17644864320755005
2840000000.0,0.16103744506835938
2840937472.0,0.1464356929063797
2841874944.0,0.13105171918869019
2842812416.0,0.11301174014806747
2843749888.0,0.09660441428422928
2844687616.0,0.0784166008234024
2845625088.0,0.060770560055971146
2846562560.0,0.043524809181690216
2847500032.0,0.02631772682070732
2848437504.0,0.009117169305682182
2849374976.0,-0.006147495936602354
2850312448.0,-0.02211919054389
2851249920.0,-0.037202510982751846
2852187392.0,-0.05110875144600868
2853125120.0,-0.06265047192573547
2854062592.0,-0.07373439520597458
2855000064.0,-0.08474860340356827
2855937536.0,-0.09274689108133316
2856875008.0,-0.0997733399271965
2857812480.0,-0.10485274344682693
2858749952.0,-0.10854174941778183
2859687424.0,-0.11005368083715439
2860624896.0,-0.10982144623994827
2861562624.0,-0.10872665047645569
2862500096.0,-0.10559563338756561
2863437568.0,-0.0997261181473732
2864375040.0,-0.09281701594591141
2865312512.0,-0.08591923862695694
2866249984.0,-0.0758671835064888
2867187456.0,-0.06456909328699112
2868124928.0,-0.05234478414058685
2869062400.0,-0.0388849712908268
2870000128.0,-0.02489275485277176
2870937600.0,-0.009222527034580708
2871875072.0,0.0056829494424164295
2872812544.0,0.02394981123507023
2873750016.0,0.039484284818172455
2874687488.0,0.0559416264295578
2875624960.0,0.07427161931991577
2876562432.0,0.09066653996706009
2877499904.0,0.10797708481550217
2878437376.0,0.12454202771186829
2879375104.0,0.13967406749725342
2880312576.0,0.1551249772310257
2881250048.0,0.16960445046424866
2882187520.0,0.18426424264907837
2883124992.0,0.1956637054681778
2884062464.0,0.20688487589359283
2884999936.0,0.2172928899526596
2885937408.0,0.2262134552001953
2886874880.0,0.2331542819738388
2887812608.0,0.21628454327583313
2888750080.0,0.21947741508483887
2889687552.0,0.22183312475681305
2890625024.0,0.22351814806461334
2891562496.0,0.22399206459522247
2892499968.0,0.22371238470077515
2893437440.0,0.2216060906648636
2894374912.0,0.21844269335269928
2895312384.0,0.21404516696929932
2896250112.0,0.2082609087228775
2897187584.0,0.2006789594888687
2898125056.0,0.19162729382514954
2899062528.0,0.18232451379299164
2900000000.0,0.1707712560892105
2900937472.0,0.1575799286365509
2901874944.0,0.14421485364437103
2902812416.0,0.1292317807674408
2903749888.0,0.11327984929084778
2904687616.0,0.09607069194316864
2905625088.0,0.07991009950637817
2906562560.0,0.06217821687459946
2907500032.0,0.044718801975250244
2908437504.0,0.02746894583106041
2909374976.0,0.01050663273781538
2910312448.0,-0.005935112480074167
2911249920.0,-0.021645519882440567
2912187392.0,-0.03490384668111801
2913125120.0,-0.049499835819005966
2914062592.0,-0.06227473169565201
2915000064.0,-0.07195067405700684
2915937536.0,-0.07974010705947876
2916875008.0,-0.08648750931024551
2917812480.0,-0.09067801386117935
2918749952.0,-0.09275047481060028
2919687424.0,-0.09328161180019379
2920624896.0,-0.09179297834634781
2921562624.0,-0.08815836906433105
2922500096.0,-0.08183575421571732
2923437568.0,-0.07337655872106552
2924375040.0,-0.06371015310287476
2925312512.0,-0.050922803580760956
2926249984.0,-0.03860105946660042
2927187456.0,-0.023642681539058685
2928124928.0,-0.007799944374710321
2929062400.0,0.00860343687236309
2929999872.0,0.026377469301223755
2930937600.0,0.04366089031100273
2931875072.0,0.06192483380436897
2932812544.0,0.07963190972805023
2933750016.0,0.09692678600549698
2934687488.0,0.11388692259788513
2935624960.0,0.1305706948041916
2936562432.0,0.14557261765003204
2937499904.0,0.15982821583747864
2938437376.0,0.17245110869407654
2939375104.0,0.18507015705108643
2940312576.0,0.19497837126255035
2941250048.0,0.20397953689098358
2942187520.0,0.21137650310993195
2943124992.0,0.21727608144283295
2944062464.0,0.2230457067489624
2944999936.0,0.22669821977615356
2945937408.0,0.22869960963726044
2946874880.0,0.23012563586235046
2947812608.0,0.20922300219535828
2948750080.0,0.20698681473731995
2949687552.0,0.20374342799186707
2950625024.0,0.20052990317344666
2951562496.0,0.19749853014945984
2952499968.0,0.19384409487247467
2953437440.0,0.19005443155765533
2954374912.0,0.18604537844657898
2955312384.0,0.18190163373947144
2956250112.0,0.17743180692195892
2957187584.0,0.17271798849105835
2958125056.0,0.16845756769180298
2959062528.0,0.16368435323238373
2960000000.0,0.158182755112648
2960937472.0,0.15372344851493835
2961874944.0,0.14828363060951233
2962812416.0,0.14310798048973083
2963749888.0,0.138392835855484
2964687616.0,0.13193506002426147
2965625088.0,0.12572842836380005
2966562560.0,0.11883402615785599
2967500032.0,0.11211653798818588
2968437504.0,0.1058611273765564
2969374976.0,0.09916509687900543
2970312448.0,0.09226494282484055
2971249920.0,0.08625604957342148
2972187392.0,0.07822004705667496
2973125120.0,0.07017587125301361
2974062592.0,0.06346386671066284
2975000064.0,0.056125421077013016
2975937536.0,0.04892324283719063
2976875008.0,0.04121444374322891
2977812480.0,0.03529920428991318
2978749952.0,0.029354829341173172
2979687424.0,0.02317497879266739
2980624896.0,0.018538324162364006
2981562624.0,0.014276593923568726
2982500096.0,0.00997915305197239
2983437568.0,0.007214172277599573
2984375040.0,0.003940863534808159
2985312512.0,0.0021698137279599905
2986249984.0,0.000889163522515446
2987187456.0,-0.0001503470411989838
2988124928.0,-0.0002541086287237704
2989062400.0,-0.00020806277461815625
2990000128.0,0.001264246180653572
2990937600.0,0.0017212956445291638
2991875072.0,0.0037598342169076204
2992812544.0,0.006050702650099993
2993750016.0,0.008654272183775902
2994687488.0,0.011454545892775059
2995624960.0,0.012646452523767948
2996562432.0,0.01535779982805252
2997499904.0,0.01820741780102253
2998437376.0,0.02101706713438034
2999375104.0,0.02332373522222042
3000312576.0,0.02954249083995819
3001250048.0,0.03146735951304436
3002187520.0,0.033208269625902176
3003124992.0,0.03585079684853554
3004062464.0,0.0390288308262825
3004999936.0,0.04036129266023636
3005937408.0,0.0422690212726593
3006874880.0,0.04340370371937752
3007812608.0,0.1351463943719864
3008750080.0,0.13168196380138397
3009687552.0,0.12880030274391174
3010625024.0,0.12466483563184738
3011562496.0,0.12131158262491226
3012499968.0,0.1173807755112648
3013437440.0,0.11226173490285873
3014374912.0,0.1078406348824501
3015312384.0,0.10218162834644318
3016250112.0,0.09775795042514801
3017187584.0,0.09160639345645905
3018125056.0,0.08600033819675446
3019062528.0,0.08019834756851196
3020000000.0,0.07442314922809601
3020937472.0,0.06784441322088242
3021874944.0,0.06177164614200592
3022812416.0,0.05568716302514076
3023749888.0,0.04997357726097107
3024687616.0,0.043751783668994904
3025625088.0,0.03825874999165535
3026562560.0,0.0323173962533474
3027500032.0,0.026264281943440437
3028437504.0,0.0199656393378973
3029374976.0,0.013721694238483906
3030312448.0,0.008504138328135014
3031249920.0,0.0032621484715491533
3032187392.0,-0.0033213067799806595
3033125120.0,-0.008729860186576843
3034062592.0,-0.014176485128700733
3035000064.0,-0.019424287602305412
3035937536.0,-0.024745462462306023
3036875008.0,-0.029561759904026985
3037812480.0,-0.03389860689640045
3038749952.0,-0.038408007472753525
3039687424.0,-0.04249364510178566
3040624896.0,-0.0469294935464859
3041562624.0,-0.05058863013982773
3042500096.0,-0.05371922254562378
3043437568.0,-0.056243326514959335
3044375040.0,-0.05907870829105377
3045312512.0,-0.06052324175834656
3046249984.0,-0.06180707365274429
3047187456.0,-0.06331449002027512
3048124928.0,-0.0635722428560257
3049062400.0,-0.06353574991226196
3049999872.0,-0.0629454180598259
3050937600.0,-0.06136113405227661
3051875072.0,-0.058989040553569794
3052812544.0,-0.05671580135822296
3053750016.0,-0.05245206505060196
3054687488.0,-0.04776918143033981
3055624960.0,-0.041890520602464676
3056562432.0,-0.03672736510634422
3057499904.0,-0.029461564496159554
3058437376.0,-0.022384991869330406
3059375104.0,-0.01352265290915966
3060312576.0,-0.00455715786665678
3061250048.0,0.006049415096640587
3062187520.0,0.016208546236157417
3063124992.0,0.027995359152555466
3064062464.0,0.038824256509542465
3064999936.0,0.05135760456323624
3065937408.0,0.06454044580459595
3066874880.0,0.07761156558990479
3067812608.0,0.14102156460285187
3068750080.0,0.14640815556049347
3069687552.0,0.1511441320180893
3070625024.0,0.15343588590621948
3071562496.0,0.1551414132118225
3072499968.0,0.1546267569065094
3073437440.0,0.1539565473794937
3074374912.0,0.1506813019514084
3075312384.0,0.14709606766700745
3076250112.0,0.14161130785942078
3077187584.0,0.1351248174905777
3078125056.0,0.1278139352798462
3079062528.0,0.11864858120679855
3080000000.0,0.11049608141183853
3080937472.0,0.09932871162891388
3081874944.0,0.08964312821626663
3082812416.0,0.07920493185520172
3083749888.0,0.06850970536470413
3084687616.0,0.05747618526220322
3085625088.0,0.046643346548080444
3086562560.0,0.03643138334155083
3087500032.0,0.027526870369911194
3088437504.0,0.017528075724840164
3089374976.0,0.009540759027004242
3090312448.0,0.0015417621470987797
3091249920.0,-0.0058198473416268826
3092187392.0,-0.011390907689929008
3093125120.0,-0.016279904171824455
3094062592.0,-0.01960453763604164
3095000064.0,-0.02286338433623314
3095937536.0,-0.02417772449553013
3096875008.0,-0.023179640993475914
3097812480.0,-0.023398546501994133
3098749952.0,-0.021266594529151917
3099687424.0,-0.01760510541498661
3100624896.0,-0.013508554548025131
3101562624.0,-0.009625011123716831
3102500096.0,-0.004052468575537205
3103437568.0,0.002441006014123559
3104375040.0,0.009464657865464687
3105312512.0,0.016579151153564453
3106249984.0,0.024129683151841164
3107187456.0,0.03155587986111641
3108124928.0,0.04041258245706558
3109062400.0,0.04811612516641617
3110000128.0,0.05543622002005577
3110937600.0,0.06391000002622604
3111875072.0,0.07132723182439804
3112812544.0,0.0786980614066124
3113750016.0,0.0860648825764656
3114687488.0,0.09268119931221008
3115624960.0,0.09817808866500854
3116562432.0,0.10420359671115875
3117499904.0,0.10930968075990677
3118437376.0,0.11406271904706955
3119375104.0,0.1181933805346489
3120312576.0,0.1222999319434166
3121250048.0,0.12562336027622223
3122187520.0,0.12853696942329407
3123124992.0,0.1313285380601883
3124062464.0,0.1333344578742981
3124999936.0,0.13521942496299744
3125937408.0,0.13752345740795135
3126874880.0,0.13862420618534088
3127812608.0,0.1452825367450714
3128750080.0,0.14489120244979858
3129687552.0,0.14447462558746338
3130625024.0,0.14304399490356445
3131562496.0,0.14102645218372345
3132499968.0,0.13932831585407257
3133437440.0,0.13619522750377655
3134374912.0,0.13363675773143768
3135312384.0,0.13065455853939056
3136250112.0,0.1273069679737091
3137187584.0,0.12520597875118256
3138125056.0,0.1230267807841301
3139062528.0,0.12120852619409561
3140000000.0,0.12124171853065491
3140937472.0,0.12120113521814346
3141874944.0,0.12224676460027695
3142812416.0,0.12538526952266693
3143749888.0,0.12993568181991577
3144687616.0,0.1350097954273224
3145625088.0,0.1401796042919159
3146562560.0,0.14475974440574646
3147500032.0,0.1502666026353836
3148437504.0,0.15484540164470673
3149374976.0,0.1569725126028061
3150312448.0,0.15832366049289703
3151249920.0,0.15794770419597626
3152187392.0,0.1548408418893814
3153125120.0,0.14993029832839966
3154062592.0,0.14254401624202728
3155000064.0,0.1328294426202774
3155937536.0,0.12070631235837936
3156875008.0,0.10739704966545105
3157812480.0,0.09492970257997513
3158749952.0,0.07971425354480743
3159687424.0,0.0645846277475357
3160624896.0,0.04895351454615593
3161562624.0,0.034466035664081573
3162500096.0,0.02105668932199478
3163437568.0,0.008008825592696667
3164375040.0,-0.0028610604349523783
3165312512.0,-0.012616056017577648
3166249984.0,-0.019505932927131653
3167187456.0,-0.025989139452576637
3168124928.0,-0.028941957280039787
3169062400.0,-0.030093196779489517
3169999872.0,-0.02765260450541973
3170937600.0,-0.02485337294638157
3171875072.0,-0.019016316160559654
3172812544.0,-0.011438371613621712
3173750016.0,-0.0008474799105897546
3174687488.0,0.01123103965073824
3175624960.0,0.022715505212545395
3176562432.0,0.03775690495967865
3177499904.0,0.05145266279578209
3178437376.0,0.06680434197187424
3179375104.0,0.08248715847730637
3180312576.0,0.09731239825487137
3181250048.0,0.11316660046577454
3182187520.0,0.12760914862155914
3183124992.0,0.14213545620441437
3184062464.0,0.15594355762004852
3184999936.0,0.16855943202972412
3185937408.0,0.1806628704071045
3186874880.0,0.19163572788238525
3187812608.0,0.15549708902835846
3188750080.0,0.15081700682640076
3189687552.0,0.1453099548816681
3190625024.0,0.14049352705478668
3191562496.0,0.13439832627773285
3192499968.0,0.12869080901145935
3193437440.0,0.12290441989898682
3194374912.0,0.11639867722988129
3195312384.0,0.11102721840143204
3196250112.0,0.10537142306566238
3197187584.0,0.10027599334716797
3198125056.0,0.09563466161489487
3199062528.0,0.09217457473278046
3200000000.0,0.0896485224366188
3200937472.0,0.08660982549190521
3201874944.0,0.08502854406833649
3202812416.0,0.08419537544250488
3203749888.0,0.08427228033542633
3204687616.0,0.08470898866653442
3205625088.0,0.08531797677278519
3206562560.0,0.08633433282375336
3207500032.0,0.08907614648342133
3208437504.0,0.09186836332082748
3209374976.0,0.09385666996240616
3210312448.0,0.09655801951885223
3211249920.0,0.10004232078790665
3212187392.0,0.10134698450565338
3213125120.0,0.10439848899841309
3214062592.0,0.10628901422023773
3215000064.0,0.1089128702878952
3215937536.0,0.1110924631357193
3216875008.0,0.11307384073734283
3217812480.0,0.11474698781967163
3218749952.0,0.11550091207027435
3219687424.0,0.11631353944540024
3220624896.0,0.11634267121553421
3221562624.0,0.11622530221939087
3222500096.0,0.11605130881071091
3223437568.0,0.11534814536571503
3224375040.0,0.1151394471526146
3225312512.0,0.11410805583000183
3226249984.0,0.11383846402168274
3227187456.0,0.1127394512295723
3228124928.0,0.11259809136390686
3229062400.0,0.11286913603544235
3230000128.0,0.11232228577136993
3230937600.0,0.11268167197704315
3231875072.0,0.11278894543647766
3232812544.0,0.11560763418674469
3233750016.0,0.11630882322788239
3234687488.0,0.11942575871944427
3235624960.0,0.12306824326515198
3236562432.0,0.12622472643852234
3237499904.0,0.1308155059814453
3238437376.0,0.13543632626533508
3239375104.0,0.14145812392234802
3240312576.0,0.1475169062614441
3241250048.0,0.15467163920402527
3242187520.0,0.16066639125347137
3243124992.0,0.16650766134262085
3244062464.0,0.1746828705072403
3244999936.0,0.17998391389846802
3245937408.0,0.18590962886810303
3246874880.0,0.19067132472991943
3247812608.0,0.10090795159339905
3248750080.0,0.09269887208938599
3249687552.0,0.08300081640481949
3250625024.0,0.07289538532495499
3251562496.0,0.06369134038686752
3252499968.0,0.053492240607738495
3253437440.0,0.0431145578622818
3254374912.0,0.0353940948843956
3255312384.0,0.027753110975027084
3256250112.0,0.021684587001800537
3257187584.0,0.01780596189200878
3258125056.0,0.01654534414410591
3259062528.0,0.016297876834869385
3260000000.0,0.01787257008254528
3260937472.0,0.02110101468861103
3261874944.0,0.024800721555948257
3262812416.0,0.02976447157561779
3263749888.0,0.033612191677093506
3264687616.0,0.03893032297492027
3265625088.0,0.04336990416049957
3266562560.0,0.04623072221875191
3267500032.0,0.051686614751815796
3268437504.0,0.05500240623950958
3269374976.0,0.05849476903676987
3270312448.0,0.06047356501221657
3271249920.0,0.06270051747560501
3272187392.0,0.06547915190458298
3273125120.0,0.06710788607597351
3274062592.0,0.0699484795331955
3275000064.0,0.0709853544831276
3275937536.0,0.07306461781263351
3276875008.0,0.07392466068267822
3277812480.0,0.07467436045408249
3278749952.0,0.07594659924507141
3279687424.0,0.07702163606882095
3280624896.0,0.07805536687374115
3281562624.0,0.07852105796337128
3282500096.0,0.07931262999773026
3283437568.0,0.07945553213357925
3284375040.0,0.07963121682405472
3285312512.0,0.07980762422084808
3286249984.0,0.07951980084180832
3287187456.0,0.0795699879527092
3288124928.0,0.08013228327035904
3289062400.0,0.0801287442445755
3289999872.0,0.07915426790714264
3290937600.0,0.07876648008823395
3291875072.0,0.07890444248914719
3292812544.0,0.0790640115737915
3293750016.0,0.07950181514024734
3294687488.0,0.08065320551395416
3295624960.0,0.08191850036382675
3296562432.0,0.08309710025787354
3297499904.0,0.0844898372888565
3298437376.0,0.086394302546978
3299375104.0,0.08819913119077682
3300312576.0,0.09109647572040558
3301250048.0,0.09368541091680527
3302187520.0,0.09798988699913025
3303124992.0,0.10149364918470383
3304062464.0,0.1067398190498352
3304999936.0,0.11060453206300735
3305937408.0,0.11530161648988724
3306874880.0,0.12057776004076004
3307812608.0,0.13316720724105835
3308750080.0,0.1417989730834961
3309687552.0,0.14923112094402313
3310625024.0,0.1569654643535614
3311562496.0,0.16546978056430817
3312499968.0,0.1729501485824585
3313437440.0,0.1818874180316925
3314374912.0,0.18938712775707245
3315312384.0,0.19709762930870056
3316250112.0,0.20250581204891205
3317187584.0,0.20799995958805084
3318125056.0,0.21264010667800903
3319062528.0,0.2169387936592102
3320000000.0,0.220326766371727
3320937472.0,0.22218908369541168
3321874944.0,0.22332431375980377
3322812416.0,0.2240900844335556
3323749888.0,0.22176997363567352
3324687616.0,0.2193162590265274
3325625088.0,0.21548432111740112
3326562560.0,0.2104118913412094
3327500032.0,0.20496633648872375
3328437504.0,0.19895561039447784
3329374976.0,0.19007867574691772
3330312448.0,0.18112021684646606
3331249920.0,0.17162594199180603
3332187392.0,0.1612306833267212
3333125120.0,0.1510048359632492
3334062592.0,0.13980844616889954
3335000064.0,0.12855690717697144
3335937536.0,0.11776142567396164
3336875008.0,0.10622338950634003
3337812480.0,0.09547454118728638
3338749952.0,0.08427058905363083
3339687424.0,0.07417511194944382
3340624896.0,0.06404450535774231
3341562624.0,0.05533381924033165
3342500096.0,0.04667205736041069
3343437568.0,0.03970273956656456
3344375040.0,0.03437187522649765
3345312512.0,0.028840258717536926
3346249984.0,0.023741889744997025
3347187456.0,0.0219107698649168
3348124928.0,0.02005106396973133
3349062400.0,0.019144050776958466
3350000128.0,0.01962430402636528
3350937600.0,0.02121400646865368
3351875072.0,0.024741673842072487
3352812544.0,0.028782861307263374
3353750016.0,0.03302351012825966
3354687488.0,0.03999505564570427
3355624960.0,0.047029200941324234
3356562432.0,0.05473165214061737
3357499904.0,0.06346596777439117
3358437376.0,0.0727178156375885
3359375104.0,0.08094162493944168
3360312576.0,0.09122887253761292
3361250048.0,0.10146841406822205
3362187520.0,0.1111266165971756
3363124992.0,0.1204891949892044
3364062464.0,0.12970764935016632
3364999936.0,0.13919302821159363
3365937408.0,0.14708173274993896
3366874880.0,0.1543164998292923
3367812608.0,0.03656575828790665
3368750080.0,0.040678683668375015
3369687552.0,0.04388553276658058
3370625024.0,0.04738176614046097
3371562496.0,0.04997728765010834
3372499968.0,0.05168463662266731
3373437440.0,0.053259413689374924
3374374912.0,0.05319462716579437
3375312384.0,0.05361594632267952
3376250112.0,0.05129155144095421
3377187584.0,0.049348294734954834
3378125056.0,0.04627421125769615
3379062528.0,0.041084323078393936
3380000000.0,0.03489799052476883
3380937472.0,0.028951173648238182
3381874944.0,0.021040523424744606
3382812416.0,0.012430894188582897
3383749888.0,0.003633407410234213
3384687616.0,-0.00604707095772028
3385625088.0,-0.015801750123500824
3386562560.0,-0.026596685871481895
3387500032.0,-0.03730703517794609
3388437504.0,-0.04749714210629463
3389374976.0,-0.05832323804497719
3390312448.0,-0.06881330162286758
3391249920.0,-0.07917612791061401
3392187392.0,-0.08881393074989319
3393125120.0,-0.09744949638843536
3394062592.0,-0.1060243472456932
3395000064.0,-0.11313197761774063
3395937536.0,-0.12155970931053162
3396875008.0,-0.1266930103302002
3397812480.0,-0.131830632686615
3398749952.0,-0.13652655482292175
3399687424.0,-0.13953867554664612
3400624896.0,-0.14228110015392303
3401562624.0,-0.14482367038726807
3402500096.0,-0.14625531435012817
3403437568.0,-0.1451554000377655
3404375040.0,-0.14622722566127777
3405312512.0,-0.14598512649536133
3406249984.0,-0.14575691521167755
3407187456.0,-0.1441720575094223
3408124928.0,-0.1436035931110382
3409062400.0,-0.14202523231506348
3409999872.0,-0.14036865532398224
3410937600.0,-0.14065954089164734
3411875072.0,-0.1416291445493698
3412812544.0,-0.14323434233665466
3413750016.0,-0.14515851438045502
3414687488.0,-0.14916490018367767
3415624960.0,-0.15376532077789307
3416562432.0,-0.1609402298927307
3417499904.0,-0.16977007687091827
3418437376.0,-0.18081481754779816
3419375104.0,-0.19373856484889984
3420312576.0,-0.20835767686367035
3421250048.0,-0.22437673807144165
3422187520.0,-0.24341343343257904
3423124992.0,-0.26390519738197327
3424062464.0,-0.2873007655143738
3424999936.0,-0.31139230728149414
3425937408.0,-0.3378635346889496
3426874880.0,-0.36678406596183777
3427812608.0,-0.39566195011138916
3428750080.0,-0.4250747859477997
3429687552.0,-0.4522175192832947
3430625024.0,-0.48168641328811646
3431562496.0,-0.5096514821052551
3432499968.0,-0.5371414422988892
3433437440.0,-0.564857006072998
3434374912.0,-0.5913593173027039
3435312384.0,-0.6189174652099609
3436250112.0,-0.6447044014930725
3437187584.0,-0.6718463897705078
3438125056.0,-0.6999298334121704
3439062528.0,-0.7288535833358765
3440000000.0,-0.7580600380897522
3440937472.0,-0.7890881299972534
3441874944.0,-0.8214131593704224
3442812416.0,-0.8562207818031311
3443749888.0,-0.892732560634613
3444687616.0,-0.9316863417625427
3445625088.0,-0.9740743637084961
3446562560.0,-1.0211271047592163
3447500032.0,-1.0696674585342407
3448437504.0,-1.1223857402801514
3449374976.0,-1.1774245500564575
3450312448.0,-1.2363474369049072
3451249920.0,-1.2959017753601074
3452187392.0,-1.3584626913070679
3453125120.0,-1.421988844871521
3454062592.0,-1.4870363473892212
3455000064.0,-1.5509458780288696
3455937536.0,-1.612697720527649
3456875008.0,-1.672385811805725
3457812480.0,-1.728902816772461
3458749952.0,-1.7817842960357666
3459687424.0,-1.8293328285217285
3460624896.0,-1.8710777759552002
3461562624.0,-1.905962347984314
3462500096.0,-1.9322865009307861
3463437568.0,-1.9524061679840088
3464375040.0,-1.9667993783950806
3465312512.0,-1.9739879369735718
3466249984.0,-1.9748347997665405
3467187456.0,-1.9657161235809326
3468124928.0,-1.95054292678833
3469062400.0,-1.9295425415039062
3470000128.0,-1.9010003805160522
3470937600.0,-1.8681877851486206
3471875072.0,-1.8294739723205566
3472812544.0,-1.786780834197998
3473750016.0,-1.7388923168182373
3474687488.0,-1.6873029470443726
3475624960.0,-1.6319948434829712
3476562432.0,-1.5762243270874023
3477499904.0,-1.520229697227478
3478437376.0,-1.4642281532287598
3479375104.0,-1.4079636335372925
3480312576.0,-1.3585841655731201
3481250048.0,-1.3121541738510132
3482187520.0,-1.2659879922866821
3483124992.0,-1.2199169397354126
3484062464.0,-1.1756137609481812
3484999936.0,-1.1323901414871216
3485937408.0,-1.0909403562545776
3486874880.0,-1.051497220993042
3487812608.0,-1.0465346574783325
3488750080.0,-1.0075958967208862
3489687552.0,-0.9705106019973755
3490625024.0,-0.9344381093978882
3491562496.0,-0.9005829691886902
3492499968.0,-0.8693830370903015
3493437440.0,-0.8380102515220642
3494374912.0,-0.8099671602249146
3495312384.0,-0.7820238471031189
3496250112.0,-0.757313072681427
3497187584.0,-0.7350144982337952
3498125056.0,-0.7140160202980042
3499062528.0,-0.6983045935630798
3500000000.0,-0.6829010844230652
3500937472.0,-0.6692333221435547
3501874944.0,-0.6547424793243408
3502812416.0,-0.6405352354049683
3503749888.0,-0.6297262907028198
3504687616.0,-0.618423342704773
3505625088.0,-0.6095988750457764
3506562560.0,-0.5966998934745789
3507500032.0,-0.5859358906745911
3508437504.0,-0.573556125164032
3509374976.0,-0.5599153637886047
3510312448.0,-0.54816734790802
3511249920.0,-0.5353279709815979
3512187392.0,-0.521623969078064
3513125120.0,-0.5078418850898743
3514062592.0,-0.4925786554813385
3515000064.0,-0.47680404782295227
3515937536.0,-0.4608011841773987
3516875008.0,-0.44266992807388306
3517812480.0,-0.42476126551628113
3518749952.0,-0.4082290232181549
3519687424.0,-0.3902429938316345
3520624896.0,-0.3723163604736328
3521562624.0,-0.35330820083618164
3522500096.0,-0.3339637517929077
3523437568.0,-0.3140460252761841
3524375040.0,-0.2952735126018524
3525312512.0,-0.2767903506755829
3526249984.0,-0.2593536674976349
3527187456.0,-0.24292711913585663
3528124928.0,-0.22650961577892303
3529062400.0,-0.21145451068878174
3529999872.0,-0.19673144817352295
3530937600.0,-0.1825610101222992
3531875072.0,-0.16999618709087372
3532812544.0,-0.1586664319038391
3533750016.0,-0.1482931226491928
3534687488.0,-0.13972599804401398
3535624960.0,-0.1332721710205078
3536562432.0,-0.12810271978378296
3537499904.0,-0.12541331350803375
3538437376.0,-0.12247638404369354
3539375104.0,-0.12259320169687271
3540312576.0,-0.12439745664596558
3541250048.0,-0.12853720784187317
3542187520.0,-0.13297799229621887
3543124992.0,-0.13906452059745789
3544062464.0,-0.1476811170578003
3544999936.0,-0.15653328597545624
3545937408.0,-0.1678139865398407
3546874880.0,-0.1794174760580063
3547812608.0,-0.2100287526845932
3548750080.0,-0.2018156498670578
3549687552.0,-0.19218473136425018
3550625024.0,-0.18311704695224762
3551562496.0,-0.17491236329078674
3552499968.0,-0.16710767149925232
3553437440.0,-0.16024775803089142
3554374912.0,-0.15498477220535278
3555312384.0,-0.14918577671051025
3556250112.0,-0.14466562867164612
3557187584.0,-0.14021150767803192
3558125056.0,-0.13606080412864685
3559062528.0,-0.13137304782867432
3560000000.0,-0.12667697668075562
3560937472.0,-0.122529037296772
3561874944.0,-0.11996454745531082
3562812416.0,-0.11547815054655075
3563749888.0,-0.11396878212690353
3564687616.0,-0.11158418655395508
3565625088.0,-0.10972416400909424
3566562560.0,-0.1081785336136818
3567500032.0,-0.10729113221168518
3568437504.0,-0.10543222725391388
3569374976.0,-0.10350163280963898
3570312448.0,-0.10071162134408951
3571249920.0,-0.09877032786607742
3572187392.0,-0.09575342386960983
3573125120.0,-0.09221793711185455
3574062592.0,-0.08848114311695099
3575000064.0,-0.08397040516138077
3575937536.0,-0.08183486759662628
3576875008.0,-0.07708773016929626
3577812480.0,-0.07359755039215088
3578749952.0,-0.06979919970035553
3579687424.0,-0.06527584046125412
3580624896.0,-0.060769446194171906
3581562624.0,-0.057526350021362305
3582500096.0,-0.05583047494292259
3583437568.0,-0.05336248129606247
3584375040.0,-0.0511758029460907
3585312512.0,-0.04799102991819382
3586249984.0,-0.04605129361152649
3587187456.0,-0.04547949507832527
3588124928.0,-0.044980645179748535
3589062400.0,-0.045010533183813095
3590000128.0,-0.044235389679670334
3590937600.0,-0.04453003779053688
3591875072.0,-0.045244984328746796
3592812544.0,-0.045175451785326004
3593750016.0,-0.04499305039644241
3594687488.0,-0.04685630276799202
3595624960.0,-0.048523154109716415
3596562432.0,-0.0512130931019783
3597499904.0,-0.05431758984923363
3598437376.0,-0.05724300444126129
3599375104.0,-0.06072743982076645
3600312576.0,-0.06306403130292892
3601250048.0,-0.06671105325222015
3602187520.0,-0.06989100575447083
3603124992.0,-0.07209958136081696
3604062464.0,-0.07499147206544876
3604999936.0,-0.07719036191701889
3605937408.0,-0.0799839124083519
3606874880.0,-0.08090869337320328
3607812608.0,-0.08618564158678055
3608750080.0,-0.08409333229064941
3609687552.0,-0.0820540338754654
3610625024.0,-0.08174768835306168
3611562496.0,-0.08172871172428131
3612499968.0,-0.08282506465911865
3613437440.0,-0.08292483538389206
3614374912.0,-0.08384542167186737
3615312384.0,-0.08471134305000305
3616250112.0,-0.08541639149188995
3617187584.0,-0.08692821860313416
3618125056.0,-0.08965343236923218
3619062528.0,-0.09062285721302032
3620000000.0,-0.0943865180015564
3620937472.0,-0.0974053367972374
3621874944.0,-0.09857673943042755
3622812416.0,-0.10120419412851334
3623749888.0,-0.10319246351718903
3624687616.0,-0.10468177497386932
3625625088.0,-0.1074724793434143
3626562560.0,-0.11003146320581436
3627500032.0,-0.11166001856327057
3628437504.0,-0.11221742630004883
3629374976.0,-0.11315902322530746
3630312448.0,-0.11386559903621674
3631249920.0,-0.11402162164449692
3632187392.0,-0.11329066753387451
3633125120.0,-0.11128965020179749
3634062592.0,-0.10864952206611633
3635000064.0,-0.10554109513759613
3635937536.0,-0.10157585889101028
3636875008.0,-0.09725817292928696
3637812480.0,-0.09010908007621765
3638749952.0,-0.08437185734510422
3639687424.0,-0.077546127140522
3640624896.0,-0.06969237327575684
3641562624.0,-0.06134744733572006
3642500096.0,-0.05322112515568733
3643437568.0,-0.045464664697647095
3644375040.0,-0.038169048726558685
3645312512.0,-0.0301104336977005
3646249984.0,-0.02071613445878029
3647187456.0,-0.012110400944948196
3648124928.0,-0.004656242206692696
3649062400.0,0.0030703963711857796
3649999872.0,0.011401901952922344
3650937600.0,0.018720220774412155
3651875072.0,0.024279138073325157
3652812544.0,0.03137635439634323
3653750016.0,0.035749293863773346
3654687488.0,0.041445959359407425
3655624960.0,0.04461263492703438
3656562432.0,0.04804170876741409
3657499904.0,0.05043092370033264
3658437376.0,0.05231383442878723
3659375104.0,0.0528700053691864
3660312576.0,0.05295959487557411
3661250048.0,0.05108033865690231
3662187520.0,0.04927045479416847
3663124992.0,0.04668912664055824
3664062464.0,0.04187384992837906
3664999936.0,0.0375296026468277
3665937408.0,0.03153466060757637
3666874880.0,0.024731185287237167
3667812608.0,0.015911396592855453
3668750080.0,0.010168323293328285
3669687552.0,0.004802741575986147
3670625024.0,0.00018744704721029848
3671562496.0,-0.003707427065819502
3672499968.0,-0.007432716898620129
3673437440.0,-0.009922174736857414
3674374912.0,-0.010885343886911869
3675312384.0,-0.012301200069487095
3676250112.0,-0.014047416858375072
3677187584.0,-0.014357847161591053
3678125056.0,-0.013832206837832928
3679062528.0,-0.013742498122155666
3680000000.0,-0.013222768902778625
3680937472.0,-0.013102957978844643
3681874944.0,-0.013086564838886261
3682812416.0,-0.010606291703879833
3683749888.0,-0.007863410748541355
3684687616.0,-0.005278002470731735
3685625088.0,-0.003087491961196065
3686562560.0,0.00012594522559083998
3687500032.0,0.0022159572690725327
3688437504.0,0.004160344135016203
3689374976.0,0.007018041796982288
3690312448.0,0.009485069662332535
3691249920.0,0.012301523238420486
3692187392.0,0.015427464619278908
3693125120.0,0.018299125134944916
3694062592.0,0.021136095747351646
3695000064.0,0.02386028692126274
3695937536.0,0.027028650045394897
3696875008.0,0.02787010371685028
3697812480.0,0.03027414157986641
3698749952.0,0.031848032027482986
3699687424.0,0.033581431955099106
3700624896.0,0.032988227903842926
3701562624.0,0.03412980958819389
3702500096.0,0.03323274105787277
3703437568.0,0.031788792461156845
3704375040.0,0.029543213546276093
3705312512.0,0.02533295936882496
3706249984.0,0.020292172208428383
3707187456.0,0.013577249832451344
3708124928.0,0.004864901304244995
3709062400.0,-0.00466551911085844
3710000128.0,-0.013786256313323975
3710937600.0,-0.02564307302236557
3711875072.0,-0.039806317538022995
3712812544.0,-0.0543576143682003
3713750016.0,-0.07079551368951797
3714687488.0,-0.0887787714600563
3715624960.0,-0.10778078436851501
3716562432.0,-0.1276414543390274
3717499904.0,-0.14813672006130219
3718437376.0,-0.16831237077713013
3719375104.0,-0.18838582932949066
3720312576.0,-0.2096494734287262
3721250048.0,-0.23055803775787354
3722187520.0,-0.25004446506500244
3723124992.0,-0.2699927091598511
3724062464.0,-0.28819146752357483
3724999936.0,-0.3047591745853424
3725937408.0,-0.32086384296417236
3726874880.0,-0.33387506008148193
3727812608.0,-0.01808350346982479
3728750080.0,-0.018556758761405945
3729687552.0,-0.019853174686431885
3730625024.0,-0.022186387330293655
3731562496.0,-0.024651726707816124
3732499968.0,-0.02714511565864086
3733437440.0,-0.03044886328279972
3734374912.0,-0.03326352685689926
3735312384.0,-0.03636183217167854
3736250112.0,-0.03930708020925522
3737187584.0,-0.04097349941730499
3738125056.0,-0.0428658165037632
3739062528.0,-0.04418402910232544
3740000000.0,-0.04410506784915924
3740937472.0,-0.04314647987484932
3741874944.0,-0.04216022044420242
3742812416.0,-0.039425868541002274
3743749888.0,-0.03443969786167145
3744687616.0,-0.030631186440587044
3745625088.0,-0.024661175906658173
3746562560.0,-0.01848484016954899
3747500032.0,-0.011087104678153992
3748437504.0,-0.004269505850970745
3749374976.0,0.0043931216932833195
3750312448.0,0.013554087840020657
3751249920.0,0.023812776431441307
3752187392.0,0.034173157066106796
3753125120.0,0.0441000796854496
3754062592.0,0.053981006145477295
3755000064.0,0.0640873908996582
3755937536.0,0.07370780408382416
3756875008.0,0.08340181410312653
3757812480.0,0.0928497165441513
3758749952.0,0.10042961686849594
3759687424.0,0.10850729048252106
3760624896.0,0.11519275605678558
3761562624.0,0.1210518553853035
3762500096.0,0.12569871544837952
3763437568.0,0.12889806926250458
3764375040.0,0.13071314990520477
3765312512.0,0.13077303767204285
3766249984.0,0.12937214970588684
3767187456.0,0.12636663019657135
3768124928.0,0.12182574719190598
3769062400.0,0.11680278927087784
3769999872.0,0.11050594598054886
3770937600.0,0.10235660523176193
3771875072.0,0.09296411275863647
3772812544.0,0.08311769366264343
3773750016.0,0.07206561416387558
3774687488.0,0.060399074107408524
3775624960.0,0.049457449465990067
3776562432.0,0.03600309416651726
3777499904.0,0.02525779977440834
3778437376.0,0.012452688068151474
3779375104.0,-4.895183155895211e-05
3780312576.0,-0.012686368077993393
3781250048.0,-0.024568140506744385
3782187520.0,-0.03607639670372009
3783124992.0,-0.047291141003370285
3784062464.0,-0.057685840874910355
3784999936.0,-0.06819465756416321
3785937408.0,-0.07720673084259033
3786874880.0,-0.06490981578826904
3787812608.0,-0.06874299049377441
3788750080.0,-0.0725926011800766
3789687552.0,-0.07577833533287048
3790625024.0,-0.07820748537778854
3791562496.0,-0.08177024871110916
3792499968.0,-0.0842411071062088
3793437440.0,-0.08791881799697876
3794374912.0,-0.09061658382415771
3795312384.0,-0.09185511618852615
3796250112.0,-0.09305418282747269
3797187584.0,-0.09309183806180954
3798125056.0,-0.0915926918387413
3799062528.0,-0.0889313668012619
3800000000.0,-0.0853043869137764
3800937472.0,-0.08039124310016632
3801874944.0,-0.07474109530448914
3802812416.0,-0.0687558650970459
3803749888.0,-0.061250682920217514
3804687616.0,-0.05369224399328232
3805625088.0,-0.04528404399752617
3806562560.0,-0.036627743393182755
3807500032.0,-0.027457699179649353
3808437504.0,-0.018836461007595062
3809374976.0,-0.009618417359888554
3810312448.0,-0.00036303329397924244
3811249920.0,0.006795912049710751
3812187392.0,0.01522838231176138
3813125120.0,0.023247025907039642
3814062592.0,0.030816173180937767
3815000064.0,0.037776585668325424
3815937536.0,0.04445074126124382
3816875008.0,0.05049010366201401
3817812480.0,0.054996307939291
3818749952.0,0.059132810682058334
3819687424.0,0.062071677297353745
3820624896.0,0.06464354693889618
3821562624.0,0.06485350430011749
3822500096.0,0.06418722122907639
3823437568.0,0.06250934302806854
3824375040.0,0.05957849323749542
3825312512.0,0.056532006710767746
3826249984.0,0.05314077436923981
3827187456.0,0.04891107231378555
3828124928.0,0.04357164725661278
3829062400.0,0.03906088322401047
3830000128.0,0.034193702042102814
3830937600.0,0.02907947637140751
3831875072.0,0.024002941325306892
3832812544.0,0.018485376611351967
3833750016.0,0.013064220547676086
3834687488.0,0.00627838633954525
3835624960.0,0.0002682304766494781
3836562432.0,-0.00600299471989274
3837499904.0,-0.012115053832530975
3838437376.0,-0.01765355095267296
3839375104.0,-0.02249319478869438
3840312576.0,-0.027656003832817078
3841250048.0,-0.03194430097937584
3842187520.0,-0.03596906736493111
3843124992.0,-0.0406971350312233
3844062464.0,-0.04475264996290207
3844999936.0,-0.048217348754405975
3845937408.0,-0.05176018923521042
3846874880.0,-0.04945576936006546
3847812608.0,-0.05100785195827484
3848750080.0,-0.053757987916469574
3849687552.0,-0.056269414722919464
3850625024.0,-0.05810198187828064
3851562496.0,-0.05990957096219063
3852499968.0,-0.06121036782860756
3853437440.0,-0.06282150745391846
3854374912.0,-0.06389232724905014
3855312384.0,-0.06392823904752731
3856250112.0,-0.0635291039943695
3857187584.0,-0.06313617527484894
3858125056.0,-0.06230420991778374
3859062528.0,-0.060176748782396317
3860000000.0,-0.05882098153233528
3860937472.0,-0.05642380937933922
3861874944.0,-0.0542941577732563
3862812416.0,-0.05163680762052536
3863749888.0,-0.050009626895189285
3864687616.0,-0.04946885257959366
3865625088.0,-0.050054874271154404
3866562560.0,-0.052469752728939056
3867500032.0,-0.056794602423906326
3868437504.0,-0.06223152205348015
3869374976.0,-0.06903702020645142
3870312448.0,-0.07695859670639038
3871249920.0,-0.08668053895235062
3872187392.0,-0.09630677103996277
3873125120.0,-0.10786127299070358
3874062592.0,-0.1190357655286789
3875000064.0,-0.13025015592575073
3875937536.0,-0.13943031430244446
3876875008.0,-0.15005911886692047
3877812480.0,-0.1579204946756363
3878749952.0,-0.1644567996263504
3879687424.0,-0.1697736233472824
3880624896.0,-0.171136274933815
3881562624.0,-0.17127303779125214
3882500096.0,-0.17018792033195496
3883437568.0,-0.16664358973503113
3884375040.0,-0.16111937165260315
3885312512.0,-0.1539197564125061
3886249984.0,-0.14449433982372284
3887187456.0,-0.135908842086792
3888124928.0,-0.12366723269224167
3889062400.0,-0.11219795793294907
3889999872.0,-0.10131130367517471
3890937600.0,-0.08824317157268524
3891875072.0,-0.07586884498596191
3892812544.0,-0.06369388103485107
3893750016.0,-0.05309328809380531
3894687488.0,-0.04318695142865181
3895624960.0,-0.033690690994262695
3896562432.0,-0.026180287823081017
3897499904.0,-0.01995033212006092
3898437376.0,-0.014432023279368877
3899375104.0,-0.010394825600087643
3900312576.0,-0.007071852218359709
3901250048.0,-0.004026828333735466
3902187520.0,-0.0028019521851092577
3903124992.0,-0.0016785897314548492
3904062464.0,-0.0009872365044429898
3904999936.0,-9.478164429310709e-05
3905937408.0,0.00021807171287946403
3906874880.0,-0.011737018823623657
3907812608.0,-0.02031823620200157
3908750080.0,-0.028291696682572365
3909687552.0,-0.03337453678250313
3910625024.0,-0.037565089762210846
3911562496.0,-0.039788249880075455
3912499968.0,-0.039682094007730484
3913437440.0,-0.03701992332935333
3914374912.0,-0.032873500138521194
3915312384.0,-0.027920197695493698
3916250112.0,-0.021218644455075264
3917187584.0,-0.012279748916625977
3918125056.0,-0.0037579669151455164
3919062528.0,0.00702398456633091
3920000000.0,0.01776689663529396
3920937472.0,0.028456563130021095
3921874944.0,0.03952246159315109
3922812416.0,0.051340702921152115
3923749888.0,0.06160850077867508
3924687616.0,0.07163665443658829
3925625088.0,0.08088736236095428
3926562560.0,0.08927220851182938
3927500032.0,0.09612543135881424
3928437504.0,0.10165996104478836
3929374976.0,0.10559023916721344
3930312448.0,0.107434943318367
3931249920.0,0.108707956969738
3932187392.0,0.10884284228086472
3933125120.0,0.10663007944822311
3934062592.0,0.10306216031312943
3935000064.0,0.09828250855207443
3935937536.0,0.09227770566940308
3936875008.0,0.0855141282081604
3937812480.0,0.07744798064231873
3938749952.0,0.06854931265115738
3939687424.0,0.05835511162877083
3940624896.0,0.04662872850894928
3941562624.0,0.03555266931653023
3942500096.0,0.023169390857219696
3943437568.0,0.009807365946471691
3944375040.0,-0.0030143416952341795
3945312512.0,-0.015600292943418026
3946249984.0,-0.029664957895874977
3947187456.0,-0.043299589306116104
3948124928.0,-0.05619228258728981
3949062400.0,-0.06794880330562592
3950000128.0,-0.07949278503656387
3950937600.0,-0.09021627902984619
3951875072.0,-0.10068667680025101
3952812544.0,-0.1116245836019516
3953750016.0,-0.12066283822059631
3954687488.0,-0.12988066673278809
3955624960.0,-0.13835634291172028
3956562432.0,-0.14523737132549286
3957499904.0,-0.1524720937013626
3958437376.0,-0.15906357765197754
3959375104.0,-0.1645607203245163
3960312576.0,-0.1705545037984848
3961250048.0,-0.17517074942588806
3962187520.0,-0.1809384673833847
3963124992.0,-0.18580150604248047
3964062464.0,-0.1899081915616989
3964999936.0,-0.19413746893405914
3965937408.0,-0.19827890396118164
3966874880.0,-0.08931019902229309
3967812608.0,-0.09547538310289383
3968750080.0,-0.09991547465324402
3969687552.0,-0.10416914522647858
3970625024.0,-0.10762011259794235
3971562496.0,-0.10986430197954178
3972499968.0,-0.11123625189065933
3973437440.0,-0.11312500387430191
3974374912.0,-0.11410374194383621
3975312384.0,-0.11386896669864655
3976250112.0,-0.11291810125112534
3977187584.0,-0.11081329733133316
3978125056.0,-0.10767150670289993
3979062528.0,-0.10360657423734665
3980000000.0,-0.09980282187461853
3980937472.0,-0.09523434191942215
3981874944.0,-0.08985172212123871
3982812416.0,-0.083968386054039
3983749888.0,-0.07813888788223267
3984687616.0,-0.07198774069547653
3985625088.0,-0.06646522134542465
3986562560.0,-0.05932669714093208
3987500032.0,-0.05450574308633804
3988437504.0,-0.047846369445323944
3989374976.0,-0.042349353432655334
3990312448.0,-0.03690274432301521
3991249920.0,-0.031488314270973206
3992187392.0,-0.027715688571333885
3993125120.0,-0.023394281044602394
3994062592.0,-0.020636780187487602
3995000064.0,-0.018909353762865067
3995937536.0,-0.01729435846209526
3996875008.0,-0.01727214641869068
3997812480.0,-0.017231442034244537
3998749952.0,-0.01762048527598381
3999687424.0,-0.017672531306743622
4000624896.0,-0.012205563485622406
4001562624.0,-0.01611279509961605
4002500096.0,-0.021666394546628
4003437568.0,-0.0271891001611948
4004375040.0,-0.034186627715826035
4005312512.0,-0.04159514233469963
4006249984.0,-0.04856006056070328
4007187456.0,-0.057327840477228165
4008124928.0,-0.06692734360694885
4009062400.0,-0.07567483931779861
4009999872.0,-0.08477399498224258
4010937600.0,-0.09280725568532944
4011875072.0,-0.10196928679943085
4012812544.0,-0.11032745242118835
4013750016.0,-0.11900705844163895
4014687488.0,-0.12719573080539703
4015624960.0,-0.13530124723911285
4016562432.0,-0.1430286467075348
4017499904.0,-0.149000346660614
4018437376.0,-0.15672284364700317
4019375104.0,-0.1641591638326645
4020312576.0,-0.1706492304801941
4021250048.0,-0.17681916058063507
4022187520.0,-0.18262414634227753
4023124992.0,-0.18751640617847443
4024062464.0,-0.19223344326019287
4024999936.0,-0.19734032452106476
4025937408.0,-0.2019468992948532
4026874880.0,-0.1935928910970688
4027812608.0,-0.19510741531848907
4028750080.0,-0.19729384779930115
4029687552.0,-0.1974915862083435
4030625024.0,-0.19900937378406525
4031562496.0,-0.19992032647132874
4032499968.0,-0.2016754448413849
4033437440.0,-0.20263069868087769
4034374912.0,-0.20369380712509155
4035312384.0,-0.20533977448940277
4036250112.0,-0.20582762360572815
4037187584.0,-0.20704112946987152
4038125056.0,-0.2068336457014084
4039062528.0,-0.2061590552330017
4040000000.0,-0.20573854446411133
4040937472.0,-0.20528531074523926
4041874944.0,-0.20229734480381012
4042812416.0,-0.2002202868461609
4043749888.0,-0.19714246690273285
4044687616.0,-0.19140194356441498
4045625088.0,-0.18678122758865356
4046562560.0,-0.18000058829784393
4047500032.0,-0.17333747446537018
4048437504.0,-0.16498665511608124
4049374976.0,-0.15579572319984436
4050312448.0,-0.1453445553779602
4051249920.0,-0.1352381706237793
4052187392.0,-0.12438517063856125
4053125120.0,-0.11242806166410446
4054062592.0,-0.10107126832008362
4055000064.0,-0.08791686594486237
4055937536.0,-0.0756496861577034
4056875008.0,-0.06232616677880287
4057812480.0,-0.049785055220127106
4058749952.0,-0.03888813406229019
4059687424.0,-0.026103263720870018
4060624896.0,-0.015230036340653896
4061562624.0,-0.00500611262395978
4062500096.0,0.005482124164700508
4063437568.0,0.014458038844168186
4064375040.0,0.022292286157608032
4065312512.0,0.029630141332745552
4066249984.0,0.03614852949976921
4067187456.0,0.04141611233353615
4068124928.0,0.04465417191386223
4069062400.0,0.04827671870589256
4070000128.0,0.05003998428583145
4070937600.0,0.049299467355012894
4071875072.0,0.048270005732774734
4072812544.0,0.04533800110220909
4073750016.0,0.04171203821897507
4074687488.0,0.03616059198975563
4075624960.0,0.029555099084973335
4076562432.0,0.02260565757751465
4077499904.0,0.014688362367451191
4078437376.0,0.0067394208163022995
4079375104.0,-0.0023601683788001537
4080312576.0,-0.010050560347735882
4081250048.0,-0.019489169120788574
4082187520.0,-0.029787074774503708
4083124992.0,-0.039348304271698
4084062464.0,-0.0485876128077507
4084999936.0,-0.058816298842430115
4085937408.0,-0.06743097305297852
4086874880.0,-0.09200891852378845
4087812608.0,-0.09735211730003357
4088750080.0,-0.1022246778011322
4089687552.0,-0.10651997476816177
4090625024.0,-0.10935232043266296
4091562496.0,-0.11327891051769257
4092499968.0,-0.11627448350191116
4093437440.0,-0.11851304024457932
4094374912.0,-0.120228610932827
4095312384.0,-0.1227736696600914
4096250112.0,-0.12394388020038605
4097187584.0,-0.12427973747253418
4098125056.0,-0.12470340728759766
4099062528.0,-0.12461093813180923
4100000000.0,-0.1267007440328598
4100937472.0,-0.12821471691131592
4101874944.0,-0.12812018394470215
4102812416.0,-0.13013474643230438
4103749888.0,-0.13116392493247986
4104687616.0,-0.13164839148521423
4105625088.0,-0.13170194625854492
4106562560.0,-0.13322360813617706
4107500032.0,-0.13491687178611755
4108437504.0,-0.13456226885318756
4109374976.0,-0.13528020679950714
4110312448.0,-0.1367333084344864
4111249920.0,-0.1354759782552719
4112187392.0,-0.1355760246515274
4113125120.0,-0.13465765118598938
4114062592.0,-0.13491488993167877
4115000064.0,-0.13378122448921204
4115937536.0,-0.1319594532251358
4116875008.0,-0.13041871786117554
4117812480.0,-0.12823165953159332
4118749952.0,-0.12507657706737518
4119687424.0,-0.12276995927095413
4120624896.0,-0.11953174322843552
4121562624.0,-0.11641081422567368
4122500096.0,-0.1129719465970993
4123437568.0,-0.10950623452663422
4124375040.0,-0.1051490381360054
4125312512.0,-0.10143278539180756
4126249984.0,-0.09644968807697296
4127187456.0,-0.09239616990089417
4128124928.0,-0.0885283425450325
4129062400.0,-0.08407706767320633
4129999872.0,-0.07934286445379257
4130937600.0,-0.07612833380699158
4131875072.0,-0.07190447300672531
4132812544.0,-0.06915703415870667
4133750016.0,-0.06529577821493149
4134687488.0,-0.06218891963362694
4135624960.0,-0.059781964868307114
4136562432.0,-0.05695730075240135
4137499904.0,-0.05594855546951294
4138437376.0,-0.052742790430784225
4139375104.0,-0.05246051400899887
4140312576.0,-0.04929126426577568
4141250048.0,-0.04896211996674538
4142187520.0,-0.04851449280977249
4143124992.0,-0.04732801392674446
4144062464.0,-0.046270761638879776
4144999936.0,-0.04599792882800102
4145937408.0,-0.04313426837325096
4146874880.0,-0.0857820212841034
4147812608.0,-0.0878952369093895
4148750080.0,-0.08833643794059753
4149687552.0,-0.0884607583284378
4150625024.0,-0.08841333538293839
4151562496.0,-0.08640929311513901
4152499968.0,-0.08446122705936432
4153437440.0,-0.0819450244307518
4154374912.0,-0.07859200239181519
4155312384.0,-0.07387470453977585
4156250112.0,-0.06926839798688889
4157187584.0,-0.064292773604393
4158125056.0,-0.059635013341903687
4159062528.0,-0.0550851970911026
4160000000.0,-0.05096248909831047
4160937472.0,-0.045900605618953705
4161874944.0,-0.041726432740688324
4162812416.0,-0.037198178470134735
4163749888.0,-0.03246261924505234
4164687616.0,-0.028135158121585846
4165625088.0,-0.026519736275076866
4166562560.0,-0.023367317393422127
4167500032.0,-0.021932527422904968
4168437504.0,-0.021180041134357452
4169374976.0,-0.021358240395784378
4170312448.0,-0.02142460271716118
4171249920.0,-0.022242851555347443
4172187392.0,-0.025492364540696144
4173125120.0,-0.028996754437685013
4174062592.0,-0.03289509192109108
4175000064.0,-0.036306098103523254
4175937536.0,-0.04115665331482887
4176875008.0,-0.04522239416837692
4177812480.0,-0.0505509190261364
4178749952.0,-0.056025430560112
4179687424.0,-0.06163901463150978
4180624896.0,-0.06660351902246475
4181562624.0,-0.07174117118120193
4182500096.0,-0.07714515924453735
4183437568.0,-0.08133754879236221
4184375040.0,-0.0863247886300087
4185312512.0,-0.09111347794532776
4186249984.0,-0.0959346666932106
4187187456.0,-0.09918442368507385
4188124928.0,-0.10178124159574509
4189062400.0,-0.10525999218225479
4190000128.0,-0.10803710669279099
4190937600.0,-0.11207384616136551
4191875072.0,-0.11449132859706879
4192812544.0,-0.11752094328403473
4193750016.0,-0.12236972898244858
4194687488.0,-0.1257353127002716
4195624960.0,-0.1289558708667755
4196562432.0,-0.13293375074863434
4197499904.0,-0.1360449194908142
4198437376.0,-0.14066311717033386
4199375104.0,-0.14563874900341034
4200312576.0,-0.14974743127822876
4201250048.0,-0.15455788373947144
4202187520.0,-0.1602775901556015
4203124992.0,-0.16445714235305786
4204062464.0,-0.16951884329319
4204999936.0,-0.17433348298072815
4205937408.0,-0.17854221165180206
4206874880.0,-0.17078179121017456
4207812608.0,-0.17595012485980988
4208750080.0,-0.18261413276195526
4209687552.0,-0.18754351139068604
4210625024.0,-0.19172725081443787
4211562496.0,-0.1943179965019226
4212499968.0,-0.19750100374221802
4213437440.0,-0.19920870661735535
4214374912.0,-0.19931986927986145
4215312384.0,-0.19854828715324402
4216250112.0,-0.19632890820503235
4217187584.0,-0.19339193403720856
4218125056.0,-0.1877245455980301
4219062528.0,-0.18169304728507996
4220000000.0,-0.17370589077472687
4220937472.0,-0.16435906291007996
4221874944.0,-0.15377497673034668
4222812416.0,-0.14264456927776337
4223749888.0,-0.13110888004302979
4224687616.0,-0.11823978275060654
4225625088.0,-0.10446403175592422
4226562560.0,-0.08956761658191681
4227500032.0,-0.07454770058393478
4228437504.0,-0.05764004960656166
4229374976.0,-0.041067417711019516
4230312448.0,-0.022914022207260132
4231249920.0,-0.0060789152048528194
4232187392.0,0.010605997405946255
4233125120.0,0.027121849358081818
4234062592.0,0.042877089232206345
4235000064.0,0.05879615992307663
4235937536.0,0.07361803948879242
4236875008.0,0.08625699579715729
4237812480.0,0.0987142026424408
4238749952.0,0.10919186472892761
4239687424.0,0.11895549297332764
4240624896.0,0.12758177518844604
4241562624.0,0.13528284430503845
4242500096.0,0.1399070769548416
4243437568.0,0.14431267976760864
4244375040.0,0.1458403468132019
4245312512.0,0.14759638905525208
4246249984.0,0.14571765065193176
4247187456.0,0.1437203288078308
4248124928.0,0.1390773355960846
4249062400.0,0.13198857009410858
4249999872.0,0.1236291378736496
4250937600.0,0.11344556510448456
4251875072.0,0.10165592283010483
4252812544.0,0.08762925118207932
4253750016.0,0.07253685593605042
4254687488.0,0.0557689368724823
4255624960.0,0.03744889050722122
4256562432.0,0.018330439925193787
4257499904.0,-0.0003952303377445787
4258437376.0,-0.020279662683606148
4259375104.0,-0.04209626093506813
4260312576.0,-0.0629492923617363
4261250048.0,-0.08392006158828735
4262187520.0,-0.10646352171897888
4263124992.0,-0.12866048514842987
4264062464.0,-0.14972834289073944
4264999936.0,-0.17147573828697205
4265937408.0,-0.19265522062778473
4266874880.0,-0.20193064212799072
4267812608.0,-0.21068896353244781
4268750080.0,-0.21951183676719666
4269687552.0,-0.22766214609146118
4270625024.0,-0.23521119356155396
4271562496.0,-0.2419348806142807
4272499968.0,-0.24716416001319885
4273437440.0,-0.2513044476509094
4274374912.0,-0.2532864212989807
4275312384.0,-0.2544548809528351
4276250112.0,-0.25190964341163635
4277187584.0,-0.24953970313072205
4278125056.0,-0.24484427273273468
4279062528.0,-0.2377239167690277
4280000000.0,-0.22749097645282745
4280937472.0,-0.21481594443321228
4281874944.0,-0.20023033022880554
4282812416.0,-0.18386851251125336
4283749888.0,-0.16671237349510193
4284687616.0,-0.14815011620521545
4285625088.0,-0.12752382457256317
4286562560.0,-0.10715973377227783
4287500032.0,-0.08431370556354523
4288437504.0,-0.06078227236866951
4289374976.0,-0.03771434351801872
4290312448.0,-0.013963734731078148
4291249920.0,0.009607943706214428
4292187392.0,0.032327745109796524
4293125120.0,0.05515683814883232
4294062592.0,0.07769528776407242
4295000064.0,0.09675496071577072
4295937536.0,0.1161721870303154
4296875008.0,0.13356463611125946
4297812480.0,0.14849230647087097
4298749952.0,0.16315338015556335
4299687424.0,0.1744154840707779
4300624896.0,0.18400652706623077
4301562368.0,0.1906021684408188
4302499840.0,0.19517362117767334
4303437312.0,0.1966869831085205
4304374784.0,0.19569899141788483
4305312256.0,0.19072388112545013
4306250240.0,0.18402281403541565
4307187712.0,0.1751563549041748
4308125184.0,0.16259709000587463
4309062656.0,0.14854179322719574
4310000128.0,0.13352467119693756
4310937600.0,0.11621934920549393
4311875072.0,0.09910082072019577
4312812544.0,0.08076073229312897
4313750016.0,0.06128315255045891
4314687488.0,0.04072655364871025
4315624960.0,0.02083558402955532
4316562432.0,0.00017500849207863212
4317499904.0,-0.02097911387681961
4318437376.0,-0.0407014861702919
4319374848.0,-0.06132490187883377
4320312320.0,-0.08132074773311615
4321249792.0,-0.09984853863716125
4322187264.0,-0.11759918183088303
4323125248.0,-0.133798748254776
4324062720.0,-0.14888721704483032
4325000192.0,-0.16093426942825317
4325937664.0,-0.17110182344913483
4326875136.0,-0.2272968590259552
4327812608.0,-0.2262570858001709
4328750080.0,-0.22382573783397675
4329687552.0,-0.2192210555076599
4330625024.0,-0.21335873007774353
4331562496.0,-0.2066553831100464
4332499968.0,-0.19756640493869781
4333437440.0,-0.18940182030200958
4334374912.0,-0.18019293248653412
4335312384.0,-0.17047414183616638
4336249856.0,-0.16168254613876343
4337187328.0,-0.15210610628128052
4338124800.0,-0.14285509288311005
4339062272.0,-0.13400840759277344
4339999744.0,-0.12569065392017365
4340937728.0,-0.1186346486210823
4341875200.0,-0.11128164082765579
4342812672.0,-0.10542459040880203
4343750144.0,-0.09939134865999222
4344687616.0,-0.09368772059679031
4345625088.0,-0.08954549580812454
4346562560.0,-0.08509054034948349
4347500032.0,-0.0808592289686203
4348437504.0,-0.07878880202770233
4349374976.0,-0.07831073552370071
4350312448.0,-0.07739151269197464
4351249920.0,-0.0776994377374649
4352187392.0,-0.07945021241903305
4353124864.0,-0.08075571060180664
4354062336.0,-0.08235707134008408
4354999808.0,-0.08395252376794815
4355937280.0,-0.0856911689043045
4356874752.0,-0.08899994939565659
4357812736.0,-0.09171287715435028
4358750208.0,-0.0940127819776535
4359687680.0,-0.09741532057523727
4360625152.0,-0.10041356831789017
4361562624.0,-0.10496937483549118
4362500096.0,-0.10895389318466187
4363437568.0,-0.113467276096344
4364375040.0,-0.11735142022371292
4365312512.0,-0.12220878154039383
4366249984.0,-0.12635529041290283
4367187456.0,-0.13070480525493622
4368124928.0,-0.13492897152900696
4369062400.0,-0.13944703340530396
4369999872.0,-0.14330396056175232
4370937344.0,-0.14781668782234192
4371874816.0,-0.15121862292289734
4372812288.0,-0.1553257256746292
4373749760.0,-0.15949885547161102
4374687744.0,-0.16403301060199738
4375625216.0,-0.1687062531709671
4376562688.0,-0.17399655282497406
4377500160.0,-0.18066087365150452
4378437632.0,-0.18705244362354279
4379375104.0,-0.19371432065963745
4380312576.0,-0.20254920423030853
4381250048.0,-0.21066197752952576
4382187520.0,-0.21888399124145508
4383124992.0,-0.2284565269947052
4384062464.0,-0.2372044324874878
4384999936.0,-0.2481188029050827
4385937408.0,-0.2591431438922882
4386874880.0,-0.3266991078853607
4387812352.0,-0.33485692739486694
4388749824.0,-0.3410336673259735
4389687296.0,-0.3457932770252228
4390624768.0,-0.34866076707839966
4391562752.0,-0.3502545654773712
4392500224.0,-0.3484838306903839
4393437696.0,-0.3453032374382019
4394375168.0,-0.34089308977127075
4395312640.0,-0.3346779942512512
4396250112.0,-0.32608750462532043
4397187584.0,-0.3156617283821106
4398125056.0,-0.3039766252040863
4399062528.0,-0.2908993065357208
4400000000.0,-0.27588027715682983
4400937472.0,-0.2621017098426819
4401874944.0,-0.24702589213848114
4402812416.0,-0.23096872866153717
4403749888.0,-0.2142392247915268
4404687360.0,-0.19729246199131012
4405624832.0,-0.17955663800239563
4406562304.0,-0.1627977043390274
4407499776.0,-0.14565664529800415
4408437248.0,-0.12857897579669952
4409375232.0,-0.11269122362136841
4410312704.0,-0.09656363725662231
4411250176.0,-0.0821281224489212
4412187648.0,-0.07025164365768433
4413125120.0,-0.05973324552178383
4414062592.0,-0.049310002475976944
4415000064.0,-0.042258910834789276
4415937536.0,-0.03666914626955986
4416875008.0,-0.03401930257678032
4417812480.0,-0.03378521278500557
4418749952.0,-0.035237669944763184
4419687424.0,-0.040165141224861145
4420624896.0,-0.047641705721616745
4421562368.0,-0.056020963937044144
4422499840.0,-0.0668344795703888
4423437312.0,-0.07941466569900513
4424374784.0,-0.09375796467065811
4425312256.0,-0.10949161648750305
4426250240.0,-0.12701982259750366
4427187712.0,-0.14523100852966309
4428125184.0,-0.1657697856426239
4429062656.0,-0.18684205412864685
4430000128.0,-0.20944848656654358
4430937600.0,-0.2316984385251999
4431875072.0,-0.25554904341697693
4432812544.0,-0.2778206765651703
4433750016.0,-0.3003068268299103
4434687488.0,-0.3235536217689514
4435624960.0,-0.34627795219421387
4436562432.0,-0.36947834491729736
4437499904.0,-0.3920871615409851
4438437376.0,-0.41257137060165405
4439374848.0,-0.432664155960083
4440312320.0,-0.4514058232307434
4441249792.0,-0.4685971140861511
4442187264.0,-0.4834290146827698
4443125248.0,-0.49870115518569946
4444062720.0,-0.5114983320236206
4445000192.0,-0.5216636657714844
4445937664.0,-0.5303943157196045
4446875136.0,-0.5399312973022461
4447812608.0,-0.5463982820510864
4448750080.0,-0.5514456629753113
4449687552.0,-0.5526087880134583
4450625024.0,-0.5528146028518677
4451562496.0,-0.5509744882583618
4452499968.0,-0.5466940402984619
4453437440.0,-0.5411813259124756
4454374912.0,-0.5327383875846863
4455312384.0,-0.5247024297714233
4456249856.0,-0.5125854015350342
4457187328.0,-0.4999768137931824
4458124800.0,-0.4854547679424286
4459062272.0,-0.47033217549324036
4460000256.0,-0.45527711510658264
4460937728.0,-0.4374591112136841
4461875200.0,-0.42033523321151733
4462812672.0,-0.4032960534095764
4463750144.0,-0.38577800989151
4464687616.0,-0.36874139308929443
4465625088.0,-0.35324734449386597
4466562560.0,-0.3374806046485901
4467500032.0,-0.3237451910972595
4468437504.0,-0.3099380433559418
4469374976.0,-0.2967725694179535
4470312448.0,-0.28447699546813965
4471249920.0,-0.2741210460662842
4472187392.0,-0.26459214091300964
4473124864.0,-0.25794610381126404
4474062336.0,-0.25180384516716003
4474999808.0,-0.24731208384037018
4475937280.0,-0.24512572586536407
4476874752.0,-0.24469555914402008
4477812736.0,-0.2468963861465454
4478750208.0,-0.25173211097717285
4479687680.0,-0.25908687710762024
4480625152.0,-0.26813092827796936
4481562624.0,-0.2803974747657776
4482500096.0,-0.2933586537837982
4483437568.0,-0.3091920018196106
4484375040.0,-0.32608363032341003
4485312512.0,-0.34892532229423523
4486249984.0,-0.37281936407089233
4487187456.0,-0.3970848321914673
4488124928.0,-0.42284366488456726
4489062400.0,-0.4511243999004364
4489999872.0,-0.4818238914012909
4490937344.0,-0.5119771957397461
4491874816.0,-0.5434862971305847
4492812288.0,-0.5748937129974365
4493749760.0,-0.606437623500824
4494687744.0,-0.6394729018211365
4495625216.0,-0.6735195517539978
4496562688.0,-0.7052339911460876
4497500160.0,-0.7365322113037109
4498437632.0,-0.7683489918708801
4499375104.0,-0.7990992069244385
4500312576.0,-0.8283001184463501
4501250048.0,-0.8570820689201355
4502187520.0,-0.8849724531173706
4503124992.0,-0.9095765352249146
4504062464.0,-0.933463454246521
4504999936.0,-0.9554320573806763
4505937408.0,-0.9744517207145691
4506874880.0,-0.9394549131393433
4507812352.0,-0.9540115594863892
4508749824.0,-0.9668632745742798
4509687296.0,-0.9755573272705078
4510624768.0,-0.9820241928100586
4511562752.0,-0.9860443472862244
4512500224.0,-0.9872011542320251
4513437696.0,-0.9864381551742554
4514375168.0,-0.9809299111366272
4515312640.0,-0.9729902148246765
4516250112.0,-0.9615513682365417
4517187584.0,-0.9468615055084229
4518125056.0,-0.9333893060684204
4519062528.0,-0.9177692532539368
4520000000.0,-0.9021158218383789
4520937472.0,-0.8858556747436523
4521874944.0,-0.8700506091117859
4522812416.0,-0.8524927496910095
4523749888.0,-0.8357395529747009
4524687360.0,-0.8199504613876343
4525624832.0,-0.8060786128044128
4526562304.0,-0.7943487763404846
4527499776.0,-0.7827041745185852
4528437248.0,-0.7729816436767578
4529375232.0,-0.7659686803817749
4530312704.0,-0.7607399821281433
4531250176.0,-0.7591400146484375
4532187648.0,-0.761253297328949
4533125120.0,-0.7650870680809021
4534062592.0,-0.7735994458198547
4535000064.0,-0.7860170006752014
4535937536.0,-0.8013807535171509
4536875008.0,-0.8203496336936951
4537812480.0,-0.8424680829048157
4538749952.0,-0.8678951263427734
4539687424.0,-0.8973388671875
4540624896.0,-0.9282140731811523
4541562368.0,-0.9639912247657776
4542499840.0,-1.0002168416976929
4543437312.0,-1.0378530025482178
4544374784.0,-1.079089879989624
4545312256.0,-1.1230133771896362
4546250240.0,-1.171544075012207
4547187712.0,-1.2247713804244995
4548125184.0,-1.2813082933425903
4549062656.0,-1.341009259223938
4550000128.0,-1.4047596454620361
4550937600.0,-1.4686496257781982
4551875072.0,-1.536276936531067
4552812544.0,-1.6051759719848633
4553750016.0,-1.6760897636413574
4554687488.0,-1.7467643022537231
4555624960.0,-1.8187580108642578
4556562432.0,-1.8891481161117554
4557499904.0,-1.95743989944458
4558437376.0,-2.027128219604492
4559374848.0,-2.096022367477417
4560312320.0,-2.1632137298583984
4561249792.0,-2.2316384315490723
4562187264.0,-2.2993407249450684
4563125248.0,-2.366180181503296
4564062720.0,-2.429419994354248
4565000192.0,-2.491215944290161
4565937664.0,-2.5528135299682617
4566875136.0,-2.42038893699646
4567812608.0,-2.4564247131347656
4568750080.0,-2.4906558990478516
4569687552.0,-2.5252797603607178
4570625024.0,-2.557584047317505
4571562496.0,-2.590491771697998
4572499968.0,-2.6197242736816406
4573437440.0,-2.650174617767334
4574374912.0,-2.6799049377441406
4575312384.0,-2.7096920013427734
4576249856.0,-2.7401833534240723
4577187328.0,-2.771226644515991
4578124800.0,-2.8053789138793945
4579062272.0,-2.8387961387634277
4579999744.0,-2.872607469558716
4580937728.0,-2.90451717376709
4581875200.0,-2.9363739490509033
4582812672.0,-2.9689977169036865
4583750144.0,-3.00187611579895
4584687616.0,-3.0370430946350098
4585625088.0,-3.07365345954895
4586562560.0,-3.111523151397705
4587500032.0,-3.148130416870117
4588437504.0,-3.1837007999420166
4589374976.0,-3.218095064163208
4590312448.0,-3.251265525817871
4591249920.0,-3.2874913215637207
4592187392.0,-3.3239853382110596
4593124864.0,-3.364215135574341
4594062336.0,-3.4052443504333496
4594999808.0,-3.449506998062134
4595937280.0,-3.494084596633911
4596874752.0,-3.5384883880615234
4597812736.0,-3.5824990272521973
4598750208.0,-3.6261353492736816
4599687680.0,-3.6701912879943848
4600625152.0,-3.7187440395355225
4601562624.0,-3.7702341079711914
4602500096.0,-3.820051670074463
4603437568.0,-3.8697690963745117
4604375040.0,-3.9155101776123047
4605312512.0,-3.9613912105560303
4606249984.0,-4.008566856384277
4607187456.0,-4.059587478637695
4608124928.0,-4.112248420715332
4609062400.0,-4.163754940032959
4609999872.0,-4.213813781738281
4610937344.0,-4.26087760925293
4611874816.0,-4.3039398193359375
4612812288.0,-4.344975471496582
4613749760.0,-4.385008811950684
4614687744.0,-4.421614170074463
4615625216.0,-4.455779552459717
4616562688.0,-4.484036445617676
4617500160.0,-4.506279468536377
4618437632.0,-4.5238447189331055
4619375104.0,-4.531805992126465
4620312576.0,-4.535708904266357
4621250048.0,-4.534581184387207
4622187520.0,-4.532948970794678
4623124992.0,-4.52988338470459
4624062464.0,-4.52485990524292
4624999936.0,-4.517434120178223
4625937408.0,-4.503158092498779
4626874880.0,-4.65484619140625
4627812352.0,-4.61185884475708
4628749824.0,-4.563597202301025
4629687296.0,-4.51140832901001
4630624768.0,-4.453185558319092
4631562752.0,-4.386527061462402
4632500224.0,-4.309617519378662
4633437696.0,-4.223761081695557
4634375168.0,-4.128574848175049
4635312640.0,-4.028210163116455
4636250112.0,-3.9269649982452393
4637187584.0,-3.8239715099334717
4638125056.0,-3.718951940536499
4639062528.0,-3.611300468444824
4640000000.0,-3.501530408859253
4640937472.0,-3.388155460357666
4641874944.0,-3.273037910461426
4642812416.0,-3.156543731689453
4643749888.0,-3.0422160625457764
4644687360.0,-2.9302427768707275
4645624832.0,-2.8204119205474854
4646562304.0,-2.7117223739624023
4647499776.0,-2.605431079864502
4648437248.0,-2.501100778579712
4649375232.0,-2.4014177322387695
4650312704.0,-2.303663969039917
4651250176.0,-2.211719274520874
4652187648.0,-2.1250064373016357
4653125120.0,-2.042529582977295
4654062592.0,-1.966634750366211
4655000064.0,-1.8950650691986084
4655937536.0,-1.8273159265518188
4656875008.0,-1.7649586200714111
4657812480.0,-1.705535888671875
4658749952.0,-1.6523120403289795
4659687424.0,-1.6036977767944336
4660624896.0,-1.5607608556747437
4661562368.0,-1.52297043800354
4662499840.0,-1.4889024496078491
4663437312.0,-1.458314299583435
4664374784.0,-1.4302407503128052
4665312256.0,-1.4046196937561035
4666250240.0,-1.3811242580413818
4667187712.0,-1.3620779514312744
4668125184.0,-1.3436704874038696
4669062656.0,-1.3299891948699951
4670000128.0,-1.3164105415344238
4670937600.0,-1.3057034015655518
4671875072.0,-1.2949023246765137
4672812544.0,-1.2863506078720093
4673750016.0,-1.2771967649459839
4674687488.0,-1.2685035467147827
4675624960.0,-1.259229302406311
4676562432.0,-1.2503092288970947
4677499904.0,-1.2394477128982544
4678437376.0,-1.227787971496582
4679374848.0,-1.2160593271255493
4680312320.0,-1.203113079071045
4681249792.0,-1.1856812238693237
4682187264.0,-1.168915033340454
4683125248.0,-1.1505060195922852
4684062720.0,-1.1295307874679565
4685000192.0,-1.109555959701538
4685937664.0,-1.0873042345046997
4686875136.0,-1.087475299835205
4687812608.0,-1.0621347427368164
4688750080.0,-1.0371506214141846
4689687552.0,-1.008931040763855
4690625024.0,-0.9808408617973328
4691562496.0,-0.9498420357704163
4692499968.0,-0.9178773760795593
4693437440.0,-0.8850429058074951
4694374912.0,-0.8515410423278809
4695312384.0,-0.8175756931304932
4696249856.0,-0.7860389947891235
4697187328.0,-0.7535040974617004
4698124800.0,-0.7202600836753845
4699062272.0,-0.6885415315628052
4700000256.0,-0.6560459136962891
4700937728.0,-0.6256380081176758
4701875200.0,-0.594246506690979
4702812672.0,-0.5634541511535645
4703750144.0,-0.5353066325187683
4704687616.0,-0.5058431029319763
4705625088.0,-0.4787138104438782
4706562560.0,-0.4502319097518921
4707500032.0,-0.42602962255477905
4708437504.0,-0.4011331796646118
4709374976.0,-0.3786006569862366
4710312448.0,-0.35826539993286133
4711249920.0,-0.3399818539619446
4712187392.0,-0.3235495984554291
4713124864.0,-0.3085705041885376
4714062336.0,-0.29506534337997437
4714999808.0,-0.2833116054534912
4715937280.0,-0.27397194504737854
4716874752.0,-0.2660474181175232
4717812736.0,-0.2601874768733978
4718750208.0,-0.25623300671577454
4719687680.0,-0.25535520911216736
4720625152.0,-0.2560504674911499
4721562624.0,-0.2584364712238312
4722500096.0,-0.2632776200771332
4723437568.0,-0.2691276967525482
4724375040.0,-0.27629682421684265
4725312512.0,-0.28601589798927307
4726249984.0,-0.2975737452507019
4727187456.0,-0.3097361922264099
4728124928.0,-0.32449138164520264
4729062400.0,-0.339134156703949
4729999872.0,-0.3552875220775604
4730937344.0,-0.37160781025886536
4731874816.0,-0.38814038038253784
4732812288.0,-0.4065600633621216
4733749760.0,-0.42394179105758667
4734687744.0,-0.4417053163051605
4735625216.0,-0.46001136302948
4736562688.0,-0.4786175489425659
4737500160.0,-0.49603018164634705
4738437632.0,-0.5130996108055115
4739375104.0,-0.5304408073425293
4740312576.0,-0.5469614863395691
4741250048.0,-0.5613094568252563
4742187520.0,-0.5756356716156006
4743124992.0,-0.5873505473136902
4744062464.0,-0.5975587964057922
4744999936.0,-0.6073325276374817
4745937408.0,-0.6141441464424133
4746874880.0,-0.4275953769683838
4747812352.0,-0.4266136586666107
4748749824.0,-0.4249236583709717
4749687296.0,-0.4242705702781677
4750624768.0,-0.42175039649009705
4751562752.0,-0.4198102056980133
4752500224.0,-0.4172774851322174
4753437696.0,-0.41284599900245667
4754375168.0,-0.40943554043769836
4755312640.0,-0.40499264001846313
4756250112.0,-0.4002056419849396
4757187584.0,-0.3951244354248047
4758125056.0,-0.3893798589706421
4759062528.0,-0.3826092779636383
4760000000.0,-0.376168429851532
4760937472.0,-0.3677598237991333
4761874944.0,-0.36006882786750793
4762812416.0,-0.35085329413414
4763749888.0,-0.3416033983230591
4764687360.0,-0.3321326971054077
4765624832.0,-0.32205137610435486
4766562304.0,-0.3112979531288147
4767499776.0,-0.29850953817367554
4768437248.0,-0.2876529097557068
4769375232.0,-0.2752234935760498
4770312704.0,-0.26137736439704895
4771250176.0,-0.2477634847164154
4772187648.0,-0.23225213587284088
4773125120.0,-0.21606583893299103
4774062592.0,-0.19963224232196808
4775000064.0,-0.18266071379184723
4775937536.0,-0.1632145196199417
4776875008.0,-0.14421625435352325
4777812480.0,-0.12355399131774902
4778749952.0,-0.10472788661718369
4779687424.0,-0.08395514637231827
4780624896.0,-0.062649205327034
4781562368.0,-0.0420660562813282
4782499840.0,-0.021983562037348747
4783437312.0,-0.0015541171887889504
4784374784.0,0.019163135439157486
4785312256.0,0.03837583214044571
4786250240.0,0.058844637125730515
4787187712.0,0.07776283472776413
4788125184.0,0.09525037556886673
4789062656.0,0.11138613522052765
4790000128.0,0.12734031677246094
4790937600.0,0.14101973176002502
4791875072.0,0.15221479535102844
4792812544.0,0.16288426518440247
4793750016.0,0.17078711092472076
4794687488.0,0.17563270032405853
4795624960.0,0.1802869737148285
4796562432.0,0.18045702576637268
4797499904.0,0.17933957278728485
4798437376.0,0.17570477724075317
4799374848.0,0.1696302443742752
4800312320.0,0.16091777384281158
4801249792.0,0.14936189353466034
4802187264.0,0.13513866066932678
4803125248.0,0.1184716448187828
4804062720.0,0.09972293674945831
4805000192.0,0.07835787534713745
4805937664.0,0.05581049621105194
4806875136.0,-0.21599121391773224
4807812608.0,-0.22106507420539856
4808750080.0,-0.226700097322464
4809687552.0,-0.2330985963344574
4810625024.0,-0.23845601081848145
4811562496.0,-0.24493296444416046
4812499968.0,-0.24952952563762665
4813437440.0,-0.2546190321445465
4814374912.0,-0.2576583921909332
4815312384.0,-0.2617994546890259
4816249856.0,-0.2642488181591034
4817187328.0,-0.2662719190120697
4818124800.0,-0.2662782669067383
4819062272.0,-0.2678470313549042
4819999744.0,-0.26552367210388184
4820937728.0,-0.264072448015213
4821875200.0,-0.26120394468307495
4822812672.0,-0.25642549991607666
4823750144.0,-0.25183337926864624
4824687616.0,-0.24655753374099731
4825625088.0,-0.23957662284374237
4826562560.0,-0.23133333027362823
4827500032.0,-0.2236289381980896
4828437504.0,-0.21341830492019653
4829374976.0,-0.2033063918352127
4830312448.0,-0.19320304691791534
4831249920.0,-0.18256334960460663
4832187392.0,-0.1717025339603424
4833124864.0,-0.16064980626106262
4834062336.0,-0.14988486468791962
4834999808.0,-0.13899126648902893
4835937280.0,-0.12927702069282532
4836874752.0,-0.11887902021408081
4837812736.0,-0.10983862727880478
4838750208.0,-0.10095047205686569
4839687680.0,-0.093724325299263
4840625152.0,-0.08694878220558167
4841562624.0,-0.08149068802595139
4842500096.0,-0.0775960236787796
4843437568.0,-0.07460521906614304
4844375040.0,-0.07331545650959015
4845312512.0,-0.07463327795267105
4846249984.0,-0.07597775012254715
4847187456.0,-0.08087290823459625
4848124928.0,-0.08673334121704102
4849062400.0,-0.09226443618535995
4849999872.0,-0.09990458190441132
4850937344.0,-0.11012804508209229
4851874816.0,-0.12003649026155472
4852812288.0,-0.1322765052318573
4853749760.0,-0.1457855999469757
4854687744.0,-0.15926893055438995
4855625216.0,-0.17331165075302124
4856562688.0,-0.18806761503219604
4857500160.0,-0.20245830714702606
4858437632.0,-0.2174823135137558
4859375104.0,-0.23163548111915588
4860312576.0,-0.24572935700416565
4861250048.0,-0.25966888666152954
4862187520.0,-0.27233582735061646
4863124992.0,-0.2843785881996155
4864062464.0,-0.29380375146865845
4864999936.0,-0.3024267852306366
4865937408.0,-0.3100706934928894
4866874880.0,-0.2948092222213745
4867812352.0,-0.30031710863113403
4868749824.0,-0.3068455755710602
4869687296.0,-0.3116947412490845
4870624768.0,-0.31717056035995483
4871562752.0,-0.3202360272407532
4872500224.0,-0.32250723242759705
4873437696.0,-0.32461977005004883
4874375168.0,-0.3254673480987549
4875312640.0,-0.323525071144104
4876250112.0,-0.3226187825202942
4877187584.0,-0.3190668523311615
4878125056.0,-0.314908504486084
4879062528.0,-0.30962419509887695
4880000000.0,-0.30348002910614014
4880937472.0,-0.2963457405567169
4881874944.0,-0.28733208775520325
4882812416.0,-0.27977532148361206
4883749888.0,-0.26932045817375183
4884687360.0,-0.2596467137336731
4885624832.0,-0.24795350432395935
4886562304.0,-0.23591269552707672
4887499776.0,-0.224073126912117
4888437248.0,-0.21100091934204102
4889375232.0,-0.1983538568019867
4890312704.0,-0.18463729321956635
4891250176.0,-0.17054560780525208
4892187648.0,-0.15696020424365997
4893125120.0,-0.14222267270088196
4894062592.0,-0.12781479954719543
4895000064.0,-0.11369766294956207
4895937536.0,-0.09929095953702927
4896875008.0,-0.08464085310697556
4897812480.0,-0.07192859053611755
4898749952.0,-0.05938548967242241
4899687424.0,-0.046599701046943665
4900624896.0,-0.03506879881024361
4901562368.0,-0.02577298879623413
4902499840.0,-0.01589140295982361
4903437312.0,-0.007333839777857065
4904374784.0,0.0006273679900914431
4905312256.0,0.007564815226942301
4906250240.0,0.011450530961155891
4907187712.0,0.015369724482297897
4908125184.0,0.01705724000930786
4909062656.0,0.017630847170948982
4910000128.0,0.016932012513279915
4910937600.0,0.01427611242979765
4911875072.0,0.011665165424346924
4912812544.0,0.006917223799973726
4913750016.0,0.0021350558381527662
4914687488.0,-0.004085044376552105
4915624960.0,-0.0120515376329422
4916562432.0,-0.01964803785085678
4917499904.0,-0.028885938227176666
4918437376.0,-0.03831396624445915
4919374848.0,-0.04969557374715805
4920312320.0,-0.06055388227105141
4921249792.0,-0.07174000144004822
4922187264.0,-0.0842752605676651
4923125248.0,-0.09650833904743195
4924062720.0,-0.10844093561172485
4925000192.0,-0.12236415594816208
4925937664.0,-0.18005399405956268
4926875136.0,-0.18077434599399567
4927812608.0,-0.18213804066181183
4928750080.0,-0.18294411897659302
4929687552.0,-0.18336637318134308
4930625024.0,-0.18390490114688873
4931562496.0,-0.18313145637512207
4932499968.0,-0.18214291334152222
4933437440.0,-0.18047665059566498
4934374912.0,-0.17850863933563232
4935312384.0,-0.17713142931461334
4936249856.0,-0.17395535111427307
4937187328.0,-0.17055393755435944
4938124800.0,-0.16777832806110382
4939062272.0,-0.16285699605941772
4940000256.0,-0.15692755579948425
4940937728.0,-0.15140904486179352
4941875200.0,-0.14418795704841614
4942812672.0,-0.13623683154582977
4943750144.0,-0.12806196510791779
4944687616.0,-0.11964400857686996
4945625088.0,-0.11095194518566132
4946562560.0,-0.10149667412042618
4947500032.0,-0.09191647171974182
4948437504.0,-0.08142214268445969
4949374976.0,-0.07072244584560394
4950312448.0,-0.060890018939971924
4951249920.0,-0.05007442831993103
4952187392.0,-0.03858651965856552
4953124864.0,-0.02778838947415352
4954062336.0,-0.016745585948228836
4954999808.0,-0.006649913731962442
4955937280.0,0.003639955073595047
4956874752.0,0.012638373300433159
4957812736.0,0.02137955091893673
4958750208.0,0.02874448150396347
4959687680.0,0.036283884197473526
4960625152.0,0.04146765172481537
4961562624.0,0.04711213335394859
4962500096.0,0.05141329765319824
4963437568.0,0.05457554757595062
4964375040.0,0.056920889765024185
4965312512.0,0.05653710663318634
4966249984.0,0.057041067630052567
4967187456.0,0.05477454513311386
4968124928.0,0.052979253232479095
4969062400.0,0.04943423345685005
4969999872.0,0.04470203071832657
4970937344.0,0.03995276987552643
4971874816.0,0.03280895575881004
4972812288.0,0.0243739802390337
4973749760.0,0.016706084832549095
4974687744.0,0.007637170143425465
4975625216.0,-0.0016820784658193588
4976562688.0,-0.010867386125028133
4977500160.0,-0.02167295105755329
4978437632.0,-0.03199421614408493
4979375104.0,-0.04316611960530281
4980312576.0,-0.052525680512189865
4981250048.0,-0.06238364055752754
4982187520.0,-0.07284731417894363
4983124992.0,-0.08219991624355316
4984062464.0,-0.09099512547254562
4984999936.0,-0.09814745932817459
4985937408.0,-0.1424012929201126
4986874880.0,-0.15130676329135895
4987812352.0,-0.16020996868610382
4988749824.0,-0.1678808480501175
4989687296.0,-0.17492111027240753
4990624768.0,-0.17992572486400604
4991562752.0,-0.18514704704284668
4992500224.0,-0.18687030673027039
4993437696.0,-0.1892605870962143
4994375168.0,-0.18854853510856628
4995312640.0,-0.18851828575134277
4996250112.0,-0.1855936050415039
4997187584.0,-0.18189874291419983
4998125056.0,-0.1772875338792801
4999062528.0,-0.17070329189300537
5000000000.0,-0.16353441774845123
5000937472.0,-0.15520025789737701
5001874944.0,-0.14617761969566345
5002812416.0,-0.13667848706245422
5003749888.0,-0.12553143501281738
5004687360.0,-0.114100381731987
5005624832.0,-0.10244403034448624
5006562304.0,-0.09093170613050461
5007499776.0,-0.07846049964427948
5008437248.0,-0.06655723601579666
5009375232.0,-0.05496261641383171
5010312704.0,-0.04308706521987915
5011250176.0,-0.03169119358062744
5012187648.0,-0.02029125764966011
5013125120.0,-0.010124986059963703
5014062592.0,0.00046429724898189306
5015000064.0,0.009404657408595085
5015937536.0,0.01875869184732437
5016875008.0,0.026761911809444427
5017812480.0,0.0337204784154892
5018749952.0,0.03969498723745346
5019687424.0,0.04491117224097252
5020624896.0,0.05029144138097763
5021562368.0,0.05313203111290932
5022499840.0,0.05568701773881912
5023437312.0,0.057220906019210815
5024374784.0,0.0591360367834568
5025312256.0,0.05925283581018448
5026250240.0,0.058160632848739624
5027187712.0,0.056747011840343475
5028125184.0,0.05405500531196594
5029062656.0,0.050538480281829834
5030000128.0,0.04595787823200226
5030937600.0,0.04067934677004814
5031875072.0,0.03474082052707672
5032812544.0,0.029193423688411713
5033750016.0,0.02164234220981598
5034687488.0,0.014996250160038471
5035624960.0,0.006504327058792114
5036562432.0,-0.0008676772704347968
5037499904.0,-0.009898066520690918
5038437376.0,-0.017402861267328262
5039374848.0,-0.026098350062966347
5040312320.0,-0.03468131646513939
5041249792.0,-0.04232659935951233
5042187264.0,-0.051313236355781555
5043125248.0,-0.058981020003557205
5044062720.0,-0.06851761788129807
5045000192.0,-0.07571998983621597
5045937664.0,-0.0931374728679657
5046875136.0,-0.1016053631901741
5047812608.0,-0.1089896410703659
5048750080.0,-0.11712835729122162
5049687552.0,-0.12476655095815659
5050625024.0,-0.1311323195695877
5051562496.0,-0.1371397078037262
5052499968.0,-0.14259514212608337
5053437440.0,-0.14837965369224548
5054374912.0,-0.15271896123886108
5055312384.0,-0.15717242658138275
5056249856.0,-0.1607881337404251
5057187328.0,-0.16372190415859222
5058124800.0,-0.16490119695663452
5059062272.0,-0.16603007912635803
5059999744.0,-0.1668037623167038
5060937728.0,-0.1667797863483429
5061875200.0,-0.165800541639328
5062812672.0,-0.16394750773906708
5063750144.0,-0.16197766363620758
5064687616.0,-0.15828795731067657
5065625088.0,-0.15517696738243103
5066562560.0,-0.1504991501569748
5067500032.0,-0.1451777219772339
5068437504.0,-0.1390649676322937
5069374976.0,-0.1328193098306656
5070312448.0,-0.1262517124414444
5071249920.0,-0.11902767419815063
5072187392.0,-0.11273971945047379
5073124864.0,-0.10686145722866058
5074062336.0,-0.10022354125976562
5074999808.0,-0.09242638945579529
5075937280.0,-0.08554011583328247
5076874752.0,-0.08004369586706161
5077812736.0,-0.07282767444849014
5078750208.0,-0.0662941262125969
5079687680.0,-0.06060165539383888
5080625152.0,-0.055314794182777405
5081562624.0,-0.04928877204656601
5082500096.0,-0.04421211779117584
5083437568.0,-0.03954629227519035
5084375040.0,-0.0350511334836483
5085312512.0,-0.03228795528411865
5086249984.0,-0.02903892658650875
5087187456.0,-0.02676669880747795
5088124928.0,-0.024416787549853325
5089062400.0,-0.023724934086203575
5089999872.0,-0.022766178473830223
5090937344.0,-0.021343793720006943
5091874816.0,-0.021411018446087837
5092812288.0,-0.020725581794977188
5093749760.0,-0.02199075184762478
5094687744.0,-0.02368811145424843
5095625216.0,-0.02571362443268299
5096562688.0,-0.028252296149730682
5097500160.0,-0.031047191470861435
5098437632.0,-0.034065891057252884
5099375104.0,-0.03718907758593559
5100312576.0,-0.04073796048760414
5101250048.0,-0.044497668743133545
5102187520.0,-0.048131249845027924
5103124992.0,-0.05194077268242836
5104062464.0,-0.055265411734580994
5104999936.0,-0.05937118083238602
5105937408.0,-0.13277141749858856
5106874880.0,-0.13877397775650024
5107812352.0,-0.14268118143081665
5108749824.0,-0.14673064649105072
5109687296.0,-0.14945098757743835
5110624768.0,-0.1521896868944168
5111562752.0,-0.15401652455329895
5112500224.0,-0.15476548671722412
5113437696.0,-0.15529084205627441
5114375168.0,-0.15384681522846222
5115312640.0,-0.15242119133472443
5116250112.0,-0.15123389661312103
5117187584.0,-0.14799532294273376
5118125056.0,-0.14510375261306763
5119062528.0,-0.1410648673772812
5120000000.0,-0.13631196320056915
5120937472.0,-0.131204754114151
5121874944.0,-0.12642569839954376
5122812416.0,-0.12136825919151306
5123749888.0,-0.11619854718446732
5124687360.0,-0.11105939745903015
5125624832.0,-0.10602914541959763
5126562304.0,-0.10025482624769211
5127499776.0,-0.09513609111309052
5128437248.0,-0.09054944664239883
5129375232.0,-0.08520014584064484
5130312704.0,-0.08085563778877258
5131250176.0,-0.0741291269659996
5132187648.0,-0.06891186535358429
5133125120.0,-0.06396202743053436
5134062592.0,-0.05950930342078209
5135000064.0,-0.05581580847501755
5135937536.0,-0.05128142610192299
5136875008.0,-0.04901347681879997
5137812480.0,-0.04709387570619583
5138749952.0,-0.04536932706832886
5139687424.0,-0.044911302626132965
5140624896.0,-0.04449261352419853
5141562368.0,-0.04460709169507027
5142499840.0,-0.044473689049482346
5143437312.0,-0.046129219233989716
5144374784.0,-0.048471953719854355
5145312256.0,-0.0509379617869854
5146250240.0,-0.05451717972755432
5147187712.0,-0.05861402675509453
5148125184.0,-0.06306395679712296
5149062656.0,-0.06788773834705353
5150000128.0,-0.07329117506742477
5150937600.0,-0.07805558294057846
5151875072.0,-0.08280827105045319
5152812544.0,-0.08867070078849792
5153750016.0,-0.09402834624052048
5154687488.0,-0.10137776285409927
5155624960.0,-0.10844388604164124
5156562432.0,-0.11626806855201721
5157499904.0,-0.12356288731098175
5158437376.0,-0.13294340670108795
5159374848.0,-0.14050410687923431
5160312320.0,-0.15033842623233795
5161249792.0,-0.15850013494491577
5162187264.0,-0.16761547327041626
5163125248.0,-0.17656679451465607
5164062720.0,-0.18517790734767914
5165000192.0,-0.19373849034309387
5165937664.0,-0.1937059760093689
5166875136.0,-0.20561479032039642
5167812608.0,-0.21604350209236145
5168750080.0,-0.22525295615196228
5169687552.0,-0.23372218012809753
5170625024.0,-0.24010975658893585
5171562496.0,-0.24570634961128235
5172499968.0,-0.2490730732679367
5173437440.0,-0.252267986536026
5174374912.0,-0.2527526021003723
5175312384.0,-0.25395748019218445
5176249856.0,-0.25278887152671814
5177187328.0,-0.2505658268928528
5178124800.0,-0.24704895913600922
5179062272.0,-0.24249733984470367
5180000256.0,-0.23557312786579132
5180937728.0,-0.2288321852684021
5181875200.0,-0.2213357537984848
5182812672.0,-0.21189862489700317
5183750144.0,-0.20324654877185822
5184687616.0,-0.19218233227729797
5185625088.0,-0.18040922284126282
5186562560.0,-0.17033152282238007
5187500032.0,-0.15837009251117706
5188437504.0,-0.14563414454460144
5189374976.0,-0.13240423798561096
5190312448.0,-0.11918671429157257
5191249920.0,-0.10660251975059509
5192187392.0,-0.09270766377449036
5193124864.0,-0.08035802096128464
5194062336.0,-0.066961869597435
5194999808.0,-0.05467572808265686
5195937280.0,-0.0429547056555748
5196874752.0,-0.03215586394071579
5197812736.0,-0.022044304758310318
5198750208.0,-0.011882600374519825
5199687680.0,-0.0034399633295834064
5200625152.0,0.003978962544351816
5201562624.0,0.010211593471467495
5202500096.0,0.015727650374174118
5203437568.0,0.020491760224103928
5204375040.0,0.022727249190211296
5205312512.0,0.02431711181998253
5206249984.0,0.025023384019732475
5207187456.0,0.024882810190320015
5208124928.0,0.022231580689549446
5209062400.0,0.01830587349832058
5209999872.0,0.013446811586618423
5210937344.0,0.008126884698867798
5211874816.0,0.0004892204888164997
5212812288.0,-0.008290808647871017
5213749760.0,-0.01726873219013214
5214687744.0,-0.028940333053469658
5215625216.0,-0.04137155041098595
5216562688.0,-0.05504876375198364
5217500160.0,-0.06888478994369507
5218437632.0,-0.08436842262744904
5219375104.0,-0.10080868750810623
5220312576.0,-0.11752334237098694
5221250048.0,-0.133816659450531
5222187520.0,-0.15073053538799286
5223124992.0,-0.1675691157579422
5224062464.0,-0.1837354153394699
5224999936.0,-0.2000720053911209
5225937408.0,-0.20978015661239624
5226874880.0,-0.22308047115802765
5227812352.0,-0.2363501787185669
5228749824.0,-0.24923717975616455
5229687296.0,-0.2606959044933319
5230624768.0,-0.27038833498954773
5231562752.0,-0.27887067198753357
5232500224.0,-0.2870243191719055
5233437696.0,-0.29245877265930176
5234375168.0,-0.2957353889942169
5235312640.0,-0.2960147261619568
5236250112.0,-0.2955462634563446
5237187584.0,-0.2929975092411041
5238125056.0,-0.28823322057724
5239062528.0,-0.2805151045322418
5240000000.0,-0.2725868821144104
5240937472.0,-0.26262593269348145
5241874944.0,-0.25141027569770813
5242812416.0,-0.23929162323474884
5243749888.0,-0.22461245954036713
5244687360.0,-0.210867777466774
5245624832.0,-0.194837287068367
5246562304.0,-0.17748944461345673
5247499776.0,-0.1615285873413086
5248437248.0,-0.14258678257465363
5249375232.0,-0.12525516748428345
5250312704.0,-0.10808313637971878
5251250176.0,-0.09183797240257263
5252187648.0,-0.07407864928245544
5253125120.0,-0.05747618153691292
5254062592.0,-0.04040615260601044
5255000064.0,-0.025657782331109047
5255937536.0,-0.010180081240832806
5256875008.0,0.0029066777788102627
5257812480.0,0.013915161602199078
5258749952.0,0.0259258896112442
5259687424.0,0.0343773290514946
5260624896.0,0.04224099963903427
5261562368.0,0.04872080683708191
5262499840.0,0.0522879883646965
5263437312.0,0.05459610000252724
5264374784.0,0.056724075227975845
5265312256.0,0.05674047768115997
5266250240.0,0.05571288615465164
5267187712.0,0.053612012416124344
5268125184.0,0.05040058493614197
5269062656.0,0.04517176002264023
5270000128.0,0.03946131095290184
5270937600.0,0.03246280923485756
5271875072.0,0.02378796599805355
5272812544.0,0.013300676830112934
5273750016.0,0.002927438821643591
5274687488.0,-0.009040571749210358
5275624960.0,-0.02110222913324833
5276562432.0,-0.03479639068245888
5277499904.0,-0.04859048128128052
5278437376.0,-0.0641353577375412
5279374848.0,-0.07863745093345642
5280312320.0,-0.09528720378875732
5281249792.0,-0.11097972840070724
5282187264.0,-0.12693685293197632
5283125248.0,-0.14166299998760223
5284062720.0,-0.1582023948431015
5285000192.0,-0.17188760638237
5285937664.0,-0.1982751041650772
5286875136.0,-0.21290569007396698
5287812608.0,-0.22784431278705597
5288750080.0,-0.24153530597686768
5289687552.0,-0.2560117244720459
5290625024.0,-0.2693519592285156
5291562496.0,-0.28211620450019836
5292499968.0,-0.294863760471344
5293437440.0,-0.3080573081970215
5294374912.0,-0.3196878135204315
5295312384.0,-0.3311457633972168
5296249856.0,-0.34029296040534973
5297187328.0,-0.3477182984352112
5298124800.0,-0.354886919260025
5299062272.0,-0.35910457372665405
5299999744.0,-0.36338016390800476
5300937728.0,-0.36465945839881897
5301875200.0,-0.36666953563690186
5302812672.0,-0.3647323548793793
5303750144.0,-0.3634500503540039
5304687616.0,-0.35881584882736206
5305625088.0,-0.35419976711273193
5306562560.0,-0.34553027153015137
5307500032.0,-0.33756011724472046
5308437504.0,-0.32813432812690735
5309374976.0,-0.31846535205841064
5310312448.0,-0.30688199400901794
5311249920.0,-0.2943268120288849
5312187392.0,-0.2798284888267517
5313124864.0,-0.26493486762046814
5314062336.0,-0.2506850063800812
5314999808.0,-0.23382876813411713
5315937280.0,-0.21619468927383423
5316874752.0,-0.19969576597213745
5317812736.0,-0.18173722922801971
5318750208.0,-0.1643315553665161
5319687680.0,-0.14477358758449554
5320625152.0,-0.12726129591464996
5321562624.0,-0.10945584625005722
5322500096.0,-0.09095239639282227
5323437568.0,-0.07441969960927963
5324375040.0,-0.057731907814741135
5325312512.0,-0.04132211208343506
5326249984.0,-0.025726379826664925
5327187456.0,-0.011482390575110912
5328124928.0,0.0023396811448037624
5329062400.0,0.014513942413032055
5329999872.0,0.02551235631108284
5330937344.0,0.03588419407606125
5331874816.0,0.04570438712835312
5332812288.0,0.05123945325613022
5333749760.0,0.05486831068992615
5334687744.0,0.055483173578977585
5335625216.0,0.055248431861400604
5336562688.0,0.05303789675235748
5337500160.0,0.04742765799164772
5338437632.0,0.04045161232352257
5339375104.0,0.03096936270594597
5340312576.0,0.019200917333364487
5341250048.0,0.006185642443597317
5342187520.0,-0.009238024242222309
5343124992.0,-0.027035973966121674
5344062464.0,-0.04661130532622337
5344999936.0,-0.06757603585720062
5345937408.0,-0.3469189405441284
5346874880.0,-0.3613210916519165
5347812352.0,-0.3752078413963318
5348749824.0,-0.3887726962566376
5349687296.0,-0.40106528997421265
5350624768.0,-0.4114491939544678
5351562752.0,-0.421893447637558
5352500224.0,-0.4307422339916229
5353437696.0,-0.4379934072494507
5354375168.0,-0.44452765583992004
5355312640.0,-0.44959312677383423
5356250112.0,-0.4531489312648773
5357187584.0,-0.4553290009498596
5358125056.0,-0.45498162508010864
5359062528.0,-0.45286616683006287
5360000000.0,-0.45047056674957275
5360937472.0,-0.4447539746761322
5361874944.0,-0.43939390778541565
5362812416.0,-0.43067750334739685
5363749888.0,-0.42170771956443787
5364687360.0,-0.4106857180595398
5365624832.0,-0.3997533619403839
5366562304.0,-0.38530877232551575
5367499776.0,-0.3711670935153961
5368437248.0,-0.3558206856250763
5369375232.0,-0.3390490412712097
5370312704.0,-0.3226664662361145
5371250176.0,-0.30520933866500854
5372187648.0,-0.2873404622077942
5373125120.0,-0.2680697739124298
5374062592.0,-0.2504104971885681
5375000064.0,-0.23154643177986145
5375937536.0,-0.21290621161460876
5376875008.0,-0.19378186762332916
5377812480.0,-0.1760248988866806
5378749952.0,-0.15810103714466095
5379687424.0,-0.141197070479393
5380624896.0,-0.12500306963920593
5381562368.0,-0.11126238852739334
5382499840.0,-0.09751070290803909
5383437312.0,-0.08398069441318512
5384374784.0,-0.07377989590167999
5385312256.0,-0.062461089342832565
5386250240.0,-0.055334437638521194
5387187712.0,-0.049388863146305084
5388125184.0,-0.045643340796232224
5389062656.0,-0.04464827850461006
5390000128.0,-0.04516205936670303
5390937600.0,-0.04855641722679138
5391875072.0,-0.053384289145469666
5392812544.0,-0.06165800243616104
5393750016.0,-0.07138106971979141
5394687488.0,-0.0824965238571167
5395624960.0,-0.09614778310060501
5396562432.0,-0.11164019256830215
5397499904.0,-0.12843704223632812
5398437376.0,-0.1474514752626419
5399374848.0,-0.1663501262664795
5400312320.0,-0.18645183742046356
5401249792.0,-0.20820322632789612
5402187264.0,-0.22976025938987732
5403125248.0,-0.2514830529689789
5404062720.0,-0.2734218239784241
5405000192.0,-0.29407522082328796
5405937664.0,-0.33539149165153503
5406875136.0,-0.35012659430503845
5407812608.0,-0.3632296323776245
5408750080.0,-0.37531617283821106
5409687552.0,-0.38607481122016907
5410625024.0,-0.39401912689208984
5411562496.0,-0.3987985849380493
5412499968.0,-0.40264272689819336
5413437440.0,-0.4036785364151001
5414374912.0,-0.40195998549461365
5415312384.0,-0.39683645963668823
5416249856.0,-0.3890341520309448
5417187328.0,-0.37972986698150635
5418124800.0,-0.36745020747184753
5419062272.0,-0.3544068932533264
5420000256.0,-0.3386845886707306
5420937728.0,-0.3225689232349396
5421875200.0,-0.304110586643219
5422812672.0,-0.2843252420425415
5423750144.0,-0.26423850655555725
5424687616.0,-0.24197953939437866
5425625088.0,-0.2206384688615799
5426562560.0,-0.19834205508232117
5427500032.0,-0.17509856820106506
5428437504.0,-0.15363283455371857
5429374976.0,-0.13297289609909058
5430312448.0,-0.1125679537653923
5431249920.0,-0.09299536049365997
5432187392.0,-0.07603151351213455
5433124864.0,-0.06135253235697746
5434062336.0,-0.04792669042944908
5434999808.0,-0.03541001304984093
5435937280.0,-0.02454490028321743
5436874752.0,-0.017287643626332283
5437812736.0,-0.010963575914502144
5438750208.0,-0.007393208332359791
5439687680.0,-0.007062556687742472
5440625152.0,-0.008111748844385147
5441562624.0,-0.011415979824960232
5442500096.0,-0.01861128956079483
5443437568.0,-0.027169274166226387
5444375040.0,-0.03712087124586105
5445312512.0,-0.05096648260951042
5446249984.0,-0.06604403257369995
5447187456.0,-0.08396678417921066
5448124928.0,-0.10425565391778946
5449062400.0,-0.12672743201255798
5449999872.0,-0.15026190876960754
5450937344.0,-0.17593584954738617
5451874816.0,-0.2029857188463211
5452812288.0,-0.23017661273479462
5453749760.0,-0.25955620408058167
5454687744.0,-0.28747159242630005
5455625216.0,-0.316445916891098
5456562688.0,-0.3449515104293823
5457500160.0,-0.373236745595932
5458437632.0,-0.39983996748924255
5459375104.0,-0.42484050989151
5460312576.0,-0.4484369456768036
5461250048.0,-0.4725019335746765
5462187520.0,-0.492032915353775
5463124992.0,-0.5105124115943909
5464062464.0,-0.5278793573379517
5464999936.0,-0.54222571849823
5465937408.0,-0.4641672670841217
5466874880.0,-0.47826266288757324
5467812352.0,-0.4904766082763672
5468749824.0,-0.5007851719856262
5469687296.0,-0.5088008642196655
5470624768.0,-0.5134811997413635
5471562752.0,-0.5162779688835144
5472500224.0,-0.5159715414047241
5473437696.0,-0.5117617845535278
5474375168.0,-0.5057138204574585
5475312640.0,-0.4963279664516449
5476250112.0,-0.48520737886428833
5477187584.0,-0.4706569015979767
5478125056.0,-0.456206738948822
5479062528.0,-0.43988513946533203
5480000000.0,-0.4211743474006653
5480937472.0,-0.40180277824401855
5481874944.0,-0.3814452588558197
5482812416.0,-0.3604416251182556
5483749888.0,-0.3389715254306793
5484687360.0,-0.31788763403892517
5485624832.0,-0.29706770181655884
5486562304.0,-0.27715250849723816
5487499776.0,-0.2577162981033325
5488437248.0,-0.2389778345823288
5489375232.0,-0.2201342135667801
5490312704.0,-0.20423078536987305
5491250176.0,-0.18915031850337982
5492187648.0,-0.17710252106189728
5493125120.0,-0.16578632593154907
5494062592.0,-0.15762116014957428
5495000064.0,-0.15012754499912262
5495937536.0,-0.14712949097156525
5496875008.0,-0.145285964012146
5497812480.0,-0.1457371860742569
5498749952.0,-0.15008774399757385
5499687424.0,-0.15647761523723602
5500624896.0,-0.16561967134475708
5501562368.0,-0.17817890644073486
5502499840.0,-0.19195501506328583
5503437312.0,-0.20883789658546448
5504374784.0,-0.2290007472038269
5505312256.0,-0.25029852986335754
5506250240.0,-0.2737308144569397
5507187712.0,-0.29999369382858276
5508125184.0,-0.32705605030059814
5509062656.0,-0.3545267879962921
5510000128.0,-0.3844546973705292
5510937600.0,-0.41642892360687256
5511875072.0,-0.4476816952228546
5512812544.0,-0.4809648096561432
5513750016.0,-0.5126255750656128
5514687488.0,-0.5456511974334717
5515624960.0,-0.5784462094306946
5516562432.0,-0.6109388470649719
5517499904.0,-0.6435295343399048
5518437376.0,-0.6753802299499512
5519374848.0,-0.7068942189216614
5520312320.0,-0.737413227558136
5521249792.0,-0.7670965790748596
5522187264.0,-0.79662024974823
5523125248.0,-0.8248191475868225
5524062720.0,-0.8528980612754822
5525000192.0,-0.880946934223175
5525937664.0,-0.7412477731704712
5526875136.0,-0.754690945148468
5527812608.0,-0.769253671169281
5528750080.0,-0.7848464846611023
5529687552.0,-0.8018215298652649
5530625024.0,-0.8185308575630188
5531562496.0,-0.8386827707290649
5532499968.0,-0.8580357432365417
5533437440.0,-0.8792229294776917
5534374912.0,-0.9008502960205078
5535312384.0,-0.923050582408905
5536249856.0,-0.9447628855705261
5537187328.0,-0.96628338098526
5538124800.0,-0.9872329831123352
5539062272.0,-1.0066016912460327
5539999744.0,-1.0259584188461304
5540937728.0,-1.0424405336380005
5541875200.0,-1.0570917129516602
5542812672.0,-1.069056510925293
5543750144.0,-1.0767751932144165
5544687616.0,-1.0806347131729126
5545625088.0,-1.0800845623016357
5546562560.0,-1.0737600326538086
5547500032.0,-1.0645463466644287
5548437504.0,-1.0510432720184326
5549374976.0,-1.0324820280075073
5550312448.0,-1.0117970705032349
5551249920.0,-0.9877700805664062
5552187392.0,-0.9606063365936279
5553124864.0,-0.9325992465019226
5554062336.0,-0.9011149406433105
5554999808.0,-0.8702260255813599
5555937280.0,-0.8381859064102173
5556874752.0,-0.8064481019973755
5557812736.0,-0.7760683298110962
5558750208.0,-0.7474938035011292
5559687680.0,-0.718668520450592
5560625152.0,-0.6915513277053833
5561562624.0,-0.6650565266609192
5562500096.0,-0.6413730382919312
5563437568.0,-0.619456946849823
5564375040.0,-0.6012073755264282
5565312512.0,-0.5847713947296143
5566249984.0,-0.5705128312110901
5567187456.0,-0.5574512481689453
5568124928.0,-0.5480865836143494
5569062400.0,-0.5363157391548157
5569999872.0,-0.5263461470603943
5570937344.0,-0.5160660147666931
5571874816.0,-0.5060591101646423
5572812288.0,-0.4958951771259308
5573749760.0,-0.4869517982006073
5574687744.0,-0.47848743200302124
5575625216.0,-0.47080284357070923
5576562688.0,-0.46460163593292236
5577500160.0,-0.458805114030838
5578437632.0,-0.4564353823661804
5579375104.0,-0.45483842492103577
5580312576.0,-0.45409756898880005
5581250048.0,-0.4533591568470001
5582187520.0,-0.4549373686313629
5583124992.0,-0.4557279348373413
5584062464.0,-0.4576351046562195
5584999936.0,-0.4593970775604248
5585937408.0,-0.43388471007347107
5586874880.0,-0.4241541624069214
5587812352.0,-0.41315165162086487
5588749824.0,-0.39912447333335876
5589687296.0,-0.3853052258491516
5590624768.0,-0.36955028772354126
5591562752.0,-0.3522840142250061
5592500224.0,-0.3339797556400299
5593437696.0,-0.3155122995376587
5594375168.0,-0.29676705598831177
5595312640.0,-0.27693668007850647
5596250112.0,-0.2562793791294098
5597187584.0,-0.2360805720090866
5598125056.0,-0.2168935239315033
5599062528.0,-0.19831643998622894
5600000000.0,-0.1802453100681305
5600937472.0,-0.16217152774333954
5601874944.0,-0.1452968418598175
5602812416.0,-0.13009874522686005
5603749888.0,-0.11605528742074966
5604687360.0,-0.1026812344789505
5605624832.0,-0.09066084772348404
5606562304.0,-0.08164604753255844
5607499776.0,-0.07344932109117508
5608437248.0,-0.06678486615419388
5609375232.0,-0.062108173966407776
5610312704.0,-0.057981498539447784
5611250176.0,-0.056601863354444504
5612187648.0,-0.056450892239809036
5613125120.0,-0.05849088355898857
5614062592.0,-0.06205904111266136
5615000064.0,-0.06712900102138519
5615937536.0,-0.07373901456594467
5616875008.0,-0.08183308690786362
5617812480.0,-0.09022308140993118
5618749952.0,-0.10184216499328613
5619687424.0,-0.1133202612400055
5620624896.0,-0.12585458159446716
5621562368.0,-0.13910935819149017
5622499840.0,-0.15264862775802612
5623437312.0,-0.16661053895950317
5624374784.0,-0.18091848492622375
5625312256.0,-0.19439400732517242
5626250240.0,-0.20775464177131653
5627187712.0,-0.22075682878494263
5628125184.0,-0.23352381587028503
5629062656.0,-0.24421162903308868
5630000128.0,-0.25458040833473206
5630937600.0,-0.26450297236442566
5631875072.0,-0.27236050367355347
5632812544.0,-0.27797931432724
5633750016.0,-0.2821817994117737
5634687488.0,-0.28477829694747925
5635624960.0,-0.2855883836746216
5636562432.0,-0.28661373257637024
5637499904.0,-0.28475379943847656
5638437376.0,-0.28014466166496277
5639374848.0,-0.2738119661808014
5640312320.0,-0.2663883566856384
5641249792.0,-0.25842806696891785
5642187264.0,-0.2474781721830368
5643125248.0,-0.23703821003437042
5644062720.0,-0.22524966299533844
5645000192.0,-0.21160690486431122
5645937664.0,-0.18502669036388397
5646875136.0,-0.18781985342502594
5647812608.0,-0.18908041715621948
5648750080.0,-0.18938860297203064
5649687552.0,-0.18799623847007751
5650625024.0,-0.18507620692253113
5651562496.0,-0.18184404075145721
5652499968.0,-0.176713764667511
5653437440.0,-0.16978280246257782
5654374912.0,-0.1625916212797165
5655312384.0,-0.15524345636367798
5656249856.0,-0.1474745273590088
5657187328.0,-0.13995781540870667
5658124800.0,-0.13148584961891174
5659062272.0,-0.12363439798355103
5660000256.0,-0.11628300696611404
5660937728.0,-0.10885438323020935
5661875200.0,-0.10313913226127625
5662812672.0,-0.09715733677148819
5663750144.0,-0.0919819325208664
5664687616.0,-0.08788907527923584
5665625088.0,-0.08425882458686829
5666562560.0,-0.08219403773546219
5667500032.0,-0.0817064717411995
5668437504.0,-0.08083393424749374
5669374976.0,-0.08229760825634003
5670312448.0,-0.08436059206724167
5671249920.0,-0.08763188868761063
5672187392.0,-0.09204647690057755
5673124864.0,-0.09860271215438843
5674062336.0,-0.10439032316207886
5674999808.0,-0.11229821294546127
5675937280.0,-0.11955402046442032
5676874752.0,-0.12840412557125092
5677812736.0,-0.1370348334312439
5678750208.0,-0.14591582119464874
5679687680.0,-0.15480822324752808
5680625152.0,-0.16424384713172913
5681562624.0,-0.17298249900341034
5682500096.0,-0.18149778246879578
5683437568.0,-0.18989239633083344
5684375040.0,-0.1972803771495819
5685312512.0,-0.20397000014781952
5686249984.0,-0.21022993326187134
5687187456.0,-0.2162013053894043
5688124928.0,-0.22176647186279297
5689062400.0,-0.2267308086156845
5689999872.0,-0.23065631091594696
5690937344.0,-0.2363940328359604
5691874816.0,-0.23968863487243652
5692812288.0,-0.24320654571056366
5693749760.0,-0.2481217086315155
5694687744.0,-0.25091472268104553
5695625216.0,-0.2537586987018585
5696562688.0,-0.2579275965690613
5697500160.0,-0.2620398998260498
5698437632.0,-0.2661440670490265
5699375104.0,-0.27175605297088623
5700312576.0,-0.2781541049480438
5701250048.0,-0.284935861825943
5702187520.0,-0.2931816875934601
5703124992.0,-0.30336910486221313
5704062464.0,-0.31326019763946533
5704999936.0,-0.32358822226524353
5705937408.0,-0.2154967039823532
5706874880.0,-0.23424001038074493
5707812352.0,-0.25422194600105286
5708749824.0,-0.2742137312889099
5709687296.0,-0.2927517592906952
5710624768.0,-0.31066226959228516
5711562752.0,-0.32720375061035156
5712500224.0,-0.3418418765068054
5713437696.0,-0.35371530055999756
5714375168.0,-0.36305928230285645
5715312640.0,-0.36722806096076965
5716250112.0,-0.36891546845436096
5717187584.0,-0.3661935329437256
5718125056.0,-0.35914719104766846
5719062528.0,-0.3477429151535034
5720000000.0,-0.3320035934448242
5720937472.0,-0.3126109838485718
5721874944.0,-0.2867599129676819
5722812416.0,-0.25789913535118103
5723749888.0,-0.2260868400335312
5724687360.0,-0.19133341312408447
5725624832.0,-0.1538144201040268
5726562304.0,-0.11432763934135437
5727499776.0,-0.07382994890213013
5728437248.0,-0.033240869641304016
5729375232.0,0.006805672775954008
5730312704.0,0.045907121151685715
5731250176.0,0.08307309448719025
5732187648.0,0.1179952397942543
5733125120.0,0.14916978776454926
5734062592.0,0.17649959027767181
5735000064.0,0.19921571016311646
5735937536.0,0.21810688078403473
5736875008.0,0.23193266987800598
5737812480.0,0.24040573835372925
5738749952.0,0.24635949730873108
5739687424.0,0.2466856986284256
5740624896.0,0.2430434674024582
5741562368.0,0.23645052313804626
5742499840.0,0.22656108438968658
5743437312.0,0.21474520862102509
5744374784.0,0.2004692554473877
5745312256.0,0.1860806941986084
5746250240.0,0.1710044890642166
5747187712.0,0.15601807832717896
5748125184.0,0.14090217649936676
5749062656.0,0.12587440013885498
5750000128.0,0.11095847934484482
5750937600.0,0.09744158387184143
5751875072.0,0.08464320003986359
5752812544.0,0.07216248661279678
5753750016.0,0.06136850640177727
5754687488.0,0.05042789876461029
5755624960.0,0.03575250133872032
5756562432.0,0.014774821698665619
5757499904.0,-0.00952362734824419
5758437376.0,-0.03609900921583176
5759374848.0,-0.06413938850164413
5760312320.0,-0.09349438548088074
5761249792.0,-0.12386731803417206
5762187264.0,-0.15577593445777893
5763125248.0,-0.1870342195034027
5764062720.0,-0.217153862118721
5765000192.0,-0.2483649104833603
5765937664.0,-0.17566022276878357
5766875136.0,-0.18285810947418213
5767812608.0,-0.1925087571144104
5768750080.0,-0.2003834992647171
5769687552.0,-0.20867988467216492
5770625024.0,-0.2198169082403183
5771562496.0,-0.22895659506320953
5772499968.0,-0.23942744731903076
5773437440.0,-0.25007686018943787
5774374912.0,-0.2611131966114044
5775312384.0,-0.2718521058559418
5776249856.0,-0.28171971440315247
5777187328.0,-0.29267817735671997
5778124800.0,-0.3038210868835449
5779062272.0,-0.3137888014316559
5779999744.0,-0.32514551281929016
5780937728.0,-0.33578068017959595
5781875200.0,-0.34728822112083435
5782812672.0,-0.35777416825294495
5783750144.0,-0.36785686016082764
5784687616.0,-0.378071665763855
5785625088.0,-0.3871823847293854
5786562560.0,-0.3958936333656311
5787500032.0,-0.4030297100543976
5788437504.0,-0.41010746359825134
5789374976.0,-0.4145515561103821
5790312448.0,-0.4189601242542267
5791249920.0,-0.4209992289543152
5792187392.0,-0.42263364791870117
5793124864.0,-0.42297372221946716
5794062336.0,-0.4221421182155609
5794999808.0,-0.4201161563396454
5795937280.0,-0.417548269033432
5796874752.0,-0.4113171696662903
5797812736.0,-0.4054933488368988
5798750208.0,-0.3980228006839752
5799687680.0,-0.38733726739883423
5800625152.0,-0.37652984261512756
5801562624.0,-0.3642273545265198
5802500096.0,-0.3502262830734253
5803437568.0,-0.3349911868572235
5804375040.0,-0.3174643814563751
5805312512.0,-0.3001289367675781
5806249984.0,-0.2817719578742981
5807187456.0,-0.2617384195327759
5808124928.0,-0.2425956130027771
5809062400.0,-0.22301165759563446
5809999872.0,-0.2026880532503128
5810937344.0,-0.18355850875377655
5811874816.0,-0.1650850474834442
5812812288.0,-0.14715386927127838
5813749760.0,-0.12986643612384796
5814687744.0,-0.11443392932415009
5815625216.0,-0.10019882023334503
5816562688.0,-0.08759129792451859
5817500160.0,-0.07574967294931412
5818437632.0,-0.06635130196809769
5819375104.0,-0.058972086757421494
5820312576.0,-0.05198772996664047
5821250048.0,-0.0475955493748188
5822187520.0,-0.045564908534288406
5823124992.0,-0.043710093945264816
5824062464.0,-0.04550745338201523
5824999936.0,-0.047820039093494415
5825937408.0,-0.24107515811920166
5826874880.0,-0.2429034262895584
5827812352.0,-0.24613811075687408
5828749824.0,-0.24756145477294922
5829687296.0,-0.24989251792430878
5830624768.0,-0.25112107396125793
5831562752.0,-0.2528655529022217
5832500224.0,-0.2557378113269806
5833437696.0,-0.2574043571949005
5834375168.0,-0.2598269581794739
5835312640.0,-0.26254475116729736
5836250112.0,-0.26571929454803467
5837187584.0,-0.2689318358898163
5838125056.0,-0.27336710691452026
5839062528.0,-0.2773072123527527
5840000000.0,-0.28285491466522217
5840937472.0,-0.28743550181388855
5841874944.0,-0.2935682535171509
5842812416.0,-0.29938459396362305
5843749888.0,-0.306255578994751
5844687360.0,-0.3125269412994385
5845624832.0,-0.317351758480072
5846562304.0,-0.3228185176849365
5847499776.0,-0.3280962109565735
5848437248.0,-0.3332371711730957
5849375232.0,-0.33773431181907654
5850312704.0,-0.3423078656196594
5851250176.0,-0.34731459617614746
5852187648.0,-0.35120558738708496
5853125120.0,-0.35405465960502625
5854062592.0,-0.3565143346786499
5855000064.0,-0.3592980206012726
5855937536.0,-0.36093467473983765
5856875008.0,-0.3614572584629059
5857812480.0,-0.361721009016037
5858749952.0,-0.3614603877067566
5859687424.0,-0.3613962233066559
5860624896.0,-0.3591260015964508
5861562368.0,-0.3567078709602356
5862499840.0,-0.35411980748176575
5863437312.0,-0.35103943943977356
5864374784.0,-0.3481729328632355
5865312256.0,-0.34572216868400574
5866250240.0,-0.34244099259376526
5867187712.0,-0.33959677815437317
5868125184.0,-0.33570024371147156
5869062656.0,-0.33327874541282654
5870000128.0,-0.33025506138801575
5870937600.0,-0.3276292681694031
5871875072.0,-0.32612258195877075
5872812544.0,-0.3248434066772461
5873750016.0,-0.3243893086910248
5874687488.0,-0.32459062337875366
5875624960.0,-0.32482466101646423
5876562432.0,-0.32700932025909424
5877499904.0,-0.3283352553844452
5878437376.0,-0.33007848262786865
5879374848.0,-0.33334237337112427
5880312320.0,-0.33670860528945923
5881249792.0,-0.3404424786567688
5882187264.0,-0.34578731656074524
5883125248.0,-0.35043179988861084
5884062720.0,-0.35509851574897766
5885000192.0,-0.3601137697696686
5885937664.0,-0.37456831336021423
5886875136.0,-0.3800792396068573
5887812608.0,-0.38432809710502625
5888750080.0,-0.3887244462966919
5889687552.0,-0.3931485414505005
5890625024.0,-0.3963518738746643
5891562496.0,-0.39880436658859253
5892499968.0,-0.40076354146003723
5893437440.0,-0.40280428528785706
5894374912.0,-0.4031575918197632
5895312384.0,-0.4028465151786804
5896249856.0,-0.4022335112094879
5897187328.0,-0.4007997214794159
5898124800.0,-0.3991788923740387
5899062272.0,-0.39835837483406067
5900000256.0,-0.39671629667282104
5900937728.0,-0.39547720551490784
5901875200.0,-0.39447906613349915
5902812672.0,-0.3946622610092163
5903750144.0,-0.39302515983581543
5904687616.0,-0.3921852707862854
5905625088.0,-0.39118582010269165
5906562560.0,-0.389806866645813
5907500032.0,-0.3897104561328888
5908437504.0,-0.3884768486022949
5909374976.0,-0.3885017931461334
5910312448.0,-0.3894728720188141
5911249920.0,-0.38984325528144836
5912187392.0,-0.3909328281879425
5913124864.0,-0.3937593996524811
5914062336.0,-0.39631250500679016
5914999808.0,-0.39898762106895447
5915937280.0,-0.401674747467041
5916874752.0,-0.40488481521606445
5917812736.0,-0.40905430912971497
5918750208.0,-0.41498997807502747
5919687680.0,-0.4214928448200226
5920625152.0,-0.4280228316783905
5921562624.0,-0.43545669317245483
5922500096.0,-0.44251111149787903
5923437568.0,-0.4516681134700775
5924375040.0,-0.46195322275161743
5925312512.0,-0.47113344073295593
5926249984.0,-0.4813181459903717
5927187456.0,-0.4922705590724945
5928124928.0,-0.5021410584449768
5929062400.0,-0.5141996145248413
5929999872.0,-0.5247743129730225
5930937344.0,-0.534927248954773
5931874816.0,-0.5448724031448364
5932812288.0,-0.5542516112327576
5933749760.0,-0.5643652081489563
5934687744.0,-0.5731870532035828
5935625216.0,-0.5832554697990417
5936562688.0,-0.591292679309845
5937500160.0,-0.5983689427375793
5938437632.0,-0.606826901435852
5939375104.0,-0.6132118701934814
5940312576.0,-0.6205754280090332
5941250048.0,-0.6247179508209229
5942187520.0,-0.6276277303695679
5943124992.0,-0.6310012340545654
5944062464.0,-0.6321167945861816
5944999936.0,-0.6316291093826294
5945937408.0,-0.4190825819969177
5946874880.0,-0.4346065819263458
5947812352.0,-0.45092087984085083
5948749824.0,-0.4664628207683563
5949687296.0,-0.48236286640167236
5950624768.0,-0.4971228837966919
5951562752.0,-0.5107660889625549
5952500224.0,-0.5239284634590149
5953437696.0,-0.5356362462043762
5954375168.0,-0.5460727214813232
5955312640.0,-0.5539041757583618
5956250112.0,-0.5611258149147034
5957187584.0,-0.56768399477005
5958125056.0,-0.5705868601799011
5959062528.0,-0.5740735530853271
5960000000.0,-0.5756720900535583
5960937472.0,-0.5741159319877625
5961874944.0,-0.5709913969039917
5962812416.0,-0.5659564137458801
5963749888.0,-0.5597969889640808
5964687360.0,-0.55194491147995
5965624832.0,-0.5429061055183411
5966562304.0,-0.5330777168273926
5967499776.0,-0.5220934152603149
5968437248.0,-0.5108343958854675
5969375232.0,-0.4983672499656677
5970312704.0,-0.48690131306648254
5971250176.0,-0.4749971628189087
5972187648.0,-0.4625771939754486
5973125120.0,-0.4520079493522644
5974062592.0,-0.4408937394618988
5975000064.0,-0.4313799738883972
5975937536.0,-0.4224609136581421
5976875008.0,-0.41537031531333923
5977812480.0,-0.40958207845687866
5978749952.0,-0.4043715000152588
5979687424.0,-0.40069955587387085
5980624896.0,-0.3972741961479187
5981562368.0,-0.3957686126232147
5982499840.0,-0.3950573205947876
5983437312.0,-0.39572951197624207
5984374784.0,-0.3981560468673706
5985312256.0,-0.39951956272125244
5986250240.0,-0.40388187766075134
5987187712.0,-0.4076758623123169
5988125184.0,-0.4113829433917999
5989062656.0,-0.41550111770629883
5990000128.0,-0.41909709572792053
5990937600.0,-0.4236847162246704
5991875072.0,-0.4280420243740082
5992812544.0,-0.4317168593406677
5993750016.0,-0.4364386796951294
5994687488.0,-0.44063445925712585
5995624960.0,-0.44564422965049744
5996562432.0,-0.4500654935836792
5997499904.0,-0.4545591175556183
5998437376.0,-0.4591829180717468
5999374848.0,-0.4630463123321533
6000312320.0,-0.46734994649887085
6001249792.0,-0.47103601694107056
6002187264.0,-0.47439420223236084
6003125248.0,-0.4781149923801422
6004062720.0,-0.4814002513885498
6005000192.0,-0.3805047273635864
6005937664.0,-0.3889005482196808
6006875136.0,-0.39977017045021057
6007812608.0,-0.4118267297744751
6008750080.0,-0.42495617270469666
6009687552.0,-0.4397718608379364
6010625024.0,-0.45485126972198486
6011562496.0,-0.4697546064853668
6012499968.0,-0.485800176858902
6013437440.0,-0.5041418671607971
6014374912.0,-0.5208371877670288
6015312384.0,-0.5390452742576599
6016249856.0,-0.5571156144142151
6017187328.0,-0.5739807486534119
6018124800.0,-0.5905957818031311
6019062272.0,-0.6074134707450867
6019999744.0,-0.6245955228805542
6020937728.0,-0.6389444470405579
6021875200.0,-0.6529509425163269
6022812672.0,-0.6665679216384888
6023750144.0,-0.6768685579299927
6024687616.0,-0.6870580911636353
6025625088.0,-0.6952951550483704
6026562560.0,-0.7014617323875427
6027500032.0,-0.7054508328437805
6028437504.0,-0.7083775401115417
6029374976.0,-0.7096320986747742
6030312448.0,-0.7082895636558533
6031249920.0,-0.7043201327323914
6032187392.0,-0.6981601715087891
6033124864.0,-0.6894963979721069
6034062336.0,-0.6797396540641785
6034999808.0,-0.66825270652771
6035937280.0,-0.6550007462501526
6036874752.0,-0.6393336057662964
6037812736.0,-0.6248098015785217
6038750208.0,-0.6073840856552124
6039687680.0,-0.5898634195327759
6040625152.0,-0.5729804635047913
6041562624.0,-0.5544838905334473
6042500096.0,-0.5375832319259644
6043437568.0,-0.5206303596496582
6044375040.0,-0.5037597417831421
6045312512.0,-0.4880061745643616
6046249984.0,-0.47302955389022827
6047187456.0,-0.4588540494441986
6048124928.0,-0.44447407126426697
6049062400.0,-0.43159499764442444
6049999872.0,-0.4189002513885498
6050937344.0,-0.4090454578399658
6051874816.0,-0.3987036347389221
6052812288.0,-0.38923048973083496
6053749760.0,-0.3824770152568817
6054687744.0,-0.37664008140563965
6055625216.0,-0.37255313992500305
6056562688.0,-0.368846595287323
6057500160.0,-0.3671530485153198
6058437632.0,-0.3666914105415344
6059375104.0,-0.36724257469177246
6060312576.0,-0.3694016635417938
6061250048.0,-0.3712436556816101
6062187520.0,-0.3755322992801666
6063124992.0,-0.3801589906215668
6064062464.0,-0.38409122824668884
6064999936.0,-0.38366997241973877
6065937408.0,-0.38863855600357056
6066874880.0,-0.39450758695602417
6067812352.0,-0.401883602142334
6068749824.0,-0.4096825122833252
6069687296.0,-0.41837984323501587
6070624768.0,-0.42840027809143066
6071562752.0,-0.4381413459777832
6072500224.0,-0.4484274387359619
6073437696.0,-0.45947957038879395
6074375168.0,-0.469431608915329
6075312640.0,-0.4809105396270752
6076250112.0,-0.49176672101020813
6077187584.0,-0.5022043585777283
6078125056.0,-0.5126742124557495
6079062528.0,-0.5226336121559143
6080000000.0,-0.5319106578826904
6080937472.0,-0.5397796034812927
6081874944.0,-0.5470728278160095
6082812416.0,-0.5542928576469421
6083749888.0,-0.5588411688804626
6084687360.0,-0.5640925168991089
6085624832.0,-0.5682551860809326
6086562304.0,-0.5710217952728271
6087499776.0,-0.5716716647148132
6088437248.0,-0.5733423829078674
6089375232.0,-0.5731240510940552
6090312704.0,-0.5726557374000549
6091250176.0,-0.5707519054412842
6092187648.0,-0.5689617395401001
6093125120.0,-0.5650759339332581
6094062592.0,-0.5587380528450012
6095000064.0,-0.5517694354057312
6095937536.0,-0.5440540313720703
6096875008.0,-0.535219669342041
6097812480.0,-0.5258938074111938
6098749952.0,-0.5173264145851135
6099687424.0,-0.5080395936965942
6100624896.0,-0.499066561460495
6101562368.0,-0.48985621333122253
6102499840.0,-0.4813694655895233
6103437312.0,-0.4717966318130493
6104374784.0,-0.46366119384765625
6105312256.0,-0.4553128182888031
6106250240.0,-0.4469178318977356
6107187712.0,-0.43859028816223145
6108125184.0,-0.43061748147010803
6109062656.0,-0.42259082198143005
6110000128.0,-0.4167339503765106
6110937600.0,-0.4088897705078125
6111875072.0,-0.4036022424697876
6112812544.0,-0.398290753364563
6113750016.0,-0.3936379551887512
6114687488.0,-0.3898000419139862
6115624960.0,-0.38625654578208923
6116562432.0,-0.38165345788002014
6117499904.0,-0.37965911626815796
6118437376.0,-0.3776415288448334
6119374848.0,-0.37576529383659363
6120312320.0,-0.3750890791416168
6121249792.0,-0.37527722120285034
6122187264.0,-0.37653589248657227
6123125248.0,-0.3786935806274414
6124062720.0,-0.38204267621040344
6125000192.0,-0.5780616998672485
6125937664.0,-0.5898022651672363
6126875136.0,-0.6002482175827026
6127812608.0,-0.6093742847442627
6128750080.0,-0.6182286739349365
6129687552.0,-0.6251835823059082
6130625024.0,-0.6324082016944885
6131562496.0,-0.6389885544776917
6132499968.0,-0.643589198589325
6133437440.0,-0.6480163335800171
6134374912.0,-0.6512206792831421
6135312384.0,-0.6544634103775024
6136249856.0,-0.6558095216751099
6137187328.0,-0.6581233143806458
6138124800.0,-0.6581937670707703
6139062272.0,-0.6580992937088013
6140000256.0,-0.6579906940460205
6140937728.0,-0.6560220718383789
6141875200.0,-0.6535919904708862
6142812672.0,-0.6523816585540771
6143750144.0,-0.6497375965118408
6144687616.0,-0.6456869840621948
6145625088.0,-0.6410647034645081
6146562560.0,-0.638218343257904
6147500032.0,-0.6348724365234375
6148437504.0,-0.6317355036735535
6149374976.0,-0.6287478804588318
6150312448.0,-0.6266619563102722
6151249920.0,-0.6246656775474548
6152187392.0,-0.6235537528991699
6153124864.0,-0.6218951940536499
6154062336.0,-0.6196683049201965
6154999808.0,-0.6180530786514282
6155937280.0,-0.617694079875946
6156874752.0,-0.6170967817306519
6157812736.0,-0.6175943613052368
6158750208.0,-0.6175092458724976
6159687680.0,-0.61967533826828
6160625152.0,-0.6225617527961731
6161562624.0,-0.62595134973526
6162500096.0,-0.6309008598327637
6163437568.0,-0.6354605555534363
6164375040.0,-0.6408169269561768
6165312512.0,-0.6468781232833862
6166249984.0,-0.6522693634033203
6167187456.0,-0.6589453816413879
6168124928.0,-0.666344940662384
6169062400.0,-0.6727805733680725
6169999872.0,-0.6787834167480469
6170937344.0,-0.6859893202781677
6171874816.0,-0.6930952072143555
6172812288.0,-0.7006902098655701
6173749760.0,-0.7078513503074646
6174687744.0,-0.7164276838302612
6175625216.0,-0.7233492136001587
6176562688.0,-0.7317925095558167
6177500160.0,-0.7395660877227783
6178437632.0,-0.7473999261856079
6179375104.0,-0.7557852268218994
6180312576.0,-0.7633218169212341
6181250048.0,-0.771501362323761
6182187520.0,-0.7795955538749695
6183124992.0,-0.7863398790359497
6184062464.0,-0.7938958406448364
6184999936.0,-0.6349495053291321
6185937408.0,-0.6554170846939087
6186874880.0,-0.676697850227356
6187812352.0,-0.69687819480896
6188749824.0,-0.7166603207588196
6189687296.0,-0.7365706562995911
6190624768.0,-0.7554869055747986
6191562752.0,-0.7733309864997864
6192500224.0,-0.790567934513092
6193437696.0,-0.8057186007499695
6194375168.0,-0.8201994895935059
6195312640.0,-0.8350865244865417
6196250112.0,-0.8471924662590027
6197187584.0,-0.858401358127594
6198125056.0,-0.8691186308860779
6199062528.0,-0.8764893412590027
6200000000.0,-0.8854222893714905
6200937472.0,-0.8912132978439331
6201874944.0,-0.8966962695121765
6202812416.0,-0.8991481065750122
6203749888.0,-0.9005981087684631
6204687360.0,-0.9002586603164673
6205624832.0,-0.897156834602356
6206562304.0,-0.8918460607528687
6207499776.0,-0.8855413794517517
6208437248.0,-0.8771376013755798
6209375232.0,-0.8675077557563782
6210312704.0,-0.8557969331741333
6211250176.0,-0.8428951501846313
6212187648.0,-0.8308475017547607
6213125120.0,-0.8169447183609009
6214062592.0,-0.8044255971908569
6215000064.0,-0.7908399701118469
6215937536.0,-0.7767968773841858
6216875008.0,-0.7623083591461182
6217812480.0,-0.7460882663726807
6218749952.0,-0.7301803827285767
6219687424.0,-0.7155567407608032
6220624896.0,-0.7011406421661377
6221562368.0,-0.686718225479126
6222499840.0,-0.6741047501564026
6223437312.0,-0.6605544686317444
6224374784.0,-0.6492191553115845
6225312256.0,-0.6373395323753357
6226250240.0,-0.6267907619476318
6227187712.0,-0.6171562075614929
6228125184.0,-0.6105550527572632
6229062656.0,-0.6042613983154297
6230000128.0,-0.6002978682518005
6230937600.0,-0.5979006290435791
6231875072.0,-0.5967112183570862
6232812544.0,-0.5972891449928284
6233750016.0,-0.5996646285057068
6234687488.0,-0.6025346517562866
6235624960.0,-0.6058855652809143
6236562432.0,-0.6124476790428162
6237499904.0,-0.619136393070221
6238437376.0,-0.6268023252487183
6239374848.0,-0.6343507170677185
6240312320.0,-0.6444854736328125
6241249792.0,-0.6530396342277527
6242187264.0,-0.6630404591560364
6243125248.0,-0.6728411316871643
6244062720.0,-0.6830636858940125
6245000192.0,-0.6889483332633972
6245937664.0,-0.7021016478538513
6246875136.0,-0.7153988480567932
6247812608.0,-0.7289578318595886
6248750080.0,-0.7428841590881348
6249687552.0,-0.7569497227668762
6250625024.0,-0.7697133421897888
6251562496.0,-0.7836691737174988
6252499968.0,-0.797011137008667
6253437440.0,-0.8103104829788208
6254374912.0,-0.8232285380363464
6255312384.0,-0.8354984521865845
6256249856.0,-0.8461810350418091
6257187328.0,-0.8557267785072327
6258124800.0,-0.8645886778831482
6259062272.0,-0.8730663061141968
6259999744.0,-0.8793984055519104
6260937728.0,-0.8855077028274536
6261875200.0,-0.8900521993637085
6262812672.0,-0.8927971124649048
6263750144.0,-0.8945309519767761
6264687616.0,-0.8966180086135864
6265625088.0,-0.8978906869888306
6266562560.0,-0.8992173671722412
6267500032.0,-0.9004154205322266
6268437504.0,-0.9002397060394287
6269374976.0,-0.9008828997612
6270312448.0,-0.8999473452568054
6271249920.0,-0.8976820707321167
6272187392.0,-0.8963704705238342
6273124864.0,-0.8930530548095703
6274062336.0,-0.8902537226676941
6274999808.0,-0.8855135440826416
6275937280.0,-0.8820000886917114
6276874752.0,-0.8778945803642273
6277812736.0,-0.8745549917221069
6278750208.0,-0.8707014322280884
6279687680.0,-0.8674998879432678
6280625152.0,-0.8641147613525391
6281562624.0,-0.861330509185791
6282500096.0,-0.8593786954879761
6283437568.0,-0.8585050702095032
6284375040.0,-0.857241153717041
6285312512.0,-0.8555986285209656
6286249984.0,-0.8554141521453857
6287187456.0,-0.8552725911140442
6288124928.0,-0.8568673133850098
6289062400.0,-0.8587874174118042
6289999872.0,-0.8604764938354492
6290937344.0,-0.8623794317245483
6291874816.0,-0.8652380108833313
6292812288.0,-0.8694402575492859
6293749760.0,-0.8744959831237793
6294687744.0,-0.8794723153114319
6295625216.0,-0.8872884511947632
6296562688.0,-0.8933009505271912
6297500160.0,-0.9002348184585571
6298437632.0,-0.9078332781791687
6299375104.0,-0.9154171347618103
6300312576.0,-0.9251416325569153
6301250048.0,-0.9344354271888733
6302187520.0,-0.943911612033844
6303124992.0,-0.9551478624343872
6304062464.0,-0.966152548789978
6304999936.0,-0.9938154220581055
6305937408.0,-1.004879117012024
6306874880.0,-1.0151066780090332
6307812352.0,-1.0243831872940063
6308749824.0,-1.0338189601898193
6309687296.0,-1.042444109916687
6310624768.0,-1.0511645078659058
6311562752.0,-1.0599008798599243
6312500224.0,-1.069242238998413
6313437696.0,-1.0772488117218018
6314375168.0,-1.0864298343658447
6315312640.0,-1.0943368673324585
6316250112.0,-1.1046744585037231
6317187584.0,-1.1129553318023682
6318125056.0,-1.1243482828140259
6319062528.0,-1.1345552206039429
6320000000.0,-1.146491289138794
6320937472.0,-1.1578185558319092
6321874944.0,-1.1708292961120605
6322812416.0,-1.1823474168777466
6323749888.0,-1.1935604810714722
6324687360.0,-1.2039268016815186
6325624832.0,-1.2125030755996704
6326562304.0,-1.2198315858840942
6327499776.0,-1.2279267311096191
6328437248.0,-1.2350815534591675
6329375232.0,-1.2425165176391602
6330312704.0,-1.2490109205245972
6331250176.0,-1.2551774978637695
6332187648.0,-1.259937047958374
6333125120.0,-1.2652840614318848
6334062592.0,-1.2688511610031128
6335000064.0,-1.2730389833450317
6335937536.0,-1.2741245031356812
6336875008.0,-1.2758259773254395
6337812480.0,-1.276658296585083
6338749952.0,-1.272868037223816
6339687424.0,-1.26842200756073
6340624896.0,-1.2621264457702637
6341562368.0,-1.2553738355636597
6342499840.0,-1.2473976612091064
6343437312.0,-1.2372788190841675
6344374784.0,-1.2291152477264404
6345312256.0,-1.2193561792373657
6346250240.0,-1.206845760345459
6347187712.0,-1.196838140487671
6348125184.0,-1.1845418214797974
6349062656.0,-1.17146635055542
6350000128.0,-1.156439185142517
6350937600.0,-1.141390323638916
6351875072.0,-1.1287766695022583
6352812544.0,-1.1146905422210693
6353750016.0,-1.1012928485870361
6354687488.0,-1.0887868404388428
6355624960.0,-1.077707290649414
6356562432.0,-1.065824270248413
6357499904.0,-1.055135726928711
6358437376.0,-1.0438783168792725
6359374848.0,-1.034569263458252
6360312320.0,-1.0264328718185425
6361249792.0,-1.0191468000411987
6362187264.0,-1.0144286155700684
6363125248.0,-1.0122931003570557
6364062720.0,-1.0108520984649658
6365000192.0,-1.3865398168563843
6365937664.0,-1.4025366306304932
6366875136.0,-1.4173474311828613
6367812608.0,-1.432593822479248
6368750080.0,-1.4462445974349976
6369687552.0,-1.4603726863861084
6370625024.0,-1.4729297161102295
6371562496.0,-1.4867398738861084
6372499968.0,-1.5009180307388306
6373437440.0,-1.5136948823928833
6374374912.0,-1.5275770425796509
6375312384.0,-1.5405853986740112
6376249856.0,-1.551265001296997
6377187328.0,-1.559859037399292
6378124800.0,-1.5660465955734253
6379062272.0,-1.569116473197937
6380000256.0,-1.5739059448242188
6380937728.0,-1.5772476196289062
6381875200.0,-1.5788344144821167
6382812672.0,-1.5803371667861938
6383750144.0,-1.5792495012283325
6384687616.0,-1.5772705078125
6385625088.0,-1.5752294063568115
6386562560.0,-1.5713634490966797
6387500032.0,-1.5678596496582031
6388437504.0,-1.5620627403259277
6389374976.0,-1.5561468601226807
6390312448.0,-1.550514578819275
6391249920.0,-1.5433154106140137
6392187392.0,-1.5358378887176514
6393124864.0,-1.5268391370773315
6394062336.0,-1.5167887210845947
6394999808.0,-1.5046720504760742
6395937280.0,-1.4921497106552124
6396874752.0,-1.4786521196365356
6397812736.0,-1.4686768054962158
6398750208.0,-1.4585586786270142
6399687680.0,-1.4493037462234497
6400625152.0,-1.4422484636306763
6401562624.0,-1.4359267950057983
6402500096.0,-1.4320541620254517
6403437568.0,-1.429481863975525
6404375040.0,-1.4280683994293213
6405312512.0,-1.4296362400054932
6406249984.0,-1.4327019453048706
6407187456.0,-1.437857747077942
6408124928.0,-1.4455870389938354
6409062400.0,-1.4558629989624023
6409999872.0,-1.4657701253890991
6410937344.0,-1.4765808582305908
6411874816.0,-1.4895342588424683
6412812288.0,-1.5032427310943604
6413749760.0,-1.5169117450714111
6414687744.0,-1.535282850265503
6415625216.0,-1.5531775951385498
6416562688.0,-1.577144742012024
6417500160.0,-1.6004621982574463
6418437632.0,-1.6264927387237549
6419375104.0,-1.6525945663452148
6420312576.0,-1.6794745922088623
6421250048.0,-1.7054500579833984
6422187520.0,-1.7325612306594849
6423124992.0,-1.7596157789230347
6424062464.0,-1.7861374616622925
6424999936.0,-1.8168126344680786
6425937408.0,-1.8469527959823608
6426874880.0,-1.877756118774414
6427812352.0,-1.9095367193222046
6428749824.0,-1.9424211978912354
6429687296.0,-1.9749544858932495
6430624768.0,-2.0070748329162598
6431562752.0,-2.0386414527893066
6432500224.0,-2.066891670227051
6433437696.0,-2.0941107273101807
6434375168.0,-2.1182942390441895
6435312640.0,-2.143174409866333
6436250112.0,-2.1653013229370117
6437187584.0,-2.186583995819092
6438125056.0,-2.2061684131622314
6439062528.0,-2.224414587020874
6440000000.0,-2.243820905685425
6440937472.0,-2.262164354324341
6441874944.0,-2.2803359031677246
6442812416.0,-2.2975268363952637
6443749888.0,-2.311384439468384
6444687360.0,-2.3248708248138428
6445624832.0,-2.3378543853759766
6446562304.0,-2.3474032878875732
6447499776.0,-2.356616258621216
6448437248.0,-2.361643075942993
6449375232.0,-2.3646419048309326
6450312704.0,-2.366450071334839
6451250176.0,-2.3656606674194336
6452187648.0,-2.3648881912231445
6453125120.0,-2.3620071411132812
6454062592.0,-2.358168363571167
6455000064.0,-2.3548011779785156
6455937536.0,-2.3493456840515137
6456875008.0,-2.3457882404327393
6457812480.0,-2.3408076763153076
6458749952.0,-2.3359735012054443
6459687424.0,-2.3315305709838867
6460624896.0,-2.32891845703125
6461562368.0,-2.3263139724731445
6462499840.0,-2.323925733566284
6463437312.0,-2.3234596252441406
6464374784.0,-2.3226773738861084
6465312256.0,-2.3201558589935303
6466250240.0,-2.317882537841797
6467187712.0,-2.318342685699463
6468125184.0,-2.318955183029175
6469062656.0,-2.3206188678741455
6470000128.0,-2.3240320682525635
6470937600.0,-2.3282339572906494
6471875072.0,-2.3342642784118652
6472812544.0,-2.342223644256592
6473750016.0,-2.351083517074585
6474687488.0,-2.3624989986419678
6475624960.0,-2.374871015548706
6476562432.0,-2.391329288482666
6477499904.0,-2.4091956615448
6478437376.0,-2.431034803390503
6479374848.0,-2.4550108909606934
6480312320.0,-2.4810402393341064
6481249792.0,-2.509404182434082
6482187264.0,-2.53839373588562
6483125248.0,-2.570033311843872
6484062720.0,-2.6053030490875244
6485000192.0,-2.7069292068481445
6485937664.0,-2.7354724407196045
6486875136.0,-2.767024278640747
6487812608.0,-2.7974233627319336
6488750080.0,-2.8298275470733643
6489687552.0,-2.8624913692474365
6490625024.0,-2.8922343254089355
6491562496.0,-2.921074867248535
6492499968.0,-2.9496359825134277
6493437440.0,-2.9786221981048584
6494374912.0,-3.0078866481781006
6495312384.0,-3.037187337875366
6496249856.0,-3.066466808319092
6497187328.0,-3.0978505611419678
6498124800.0,-3.12589430809021
6499062272.0,-3.1555259227752686
6499999744.0,-3.1853086948394775
6500937728.0,-3.2152764797210693
6501875200.0,-3.244328498840332
6502812672.0,-3.2730984687805176
6503750144.0,-3.302165985107422
6504687616.0,-3.3299074172973633
6505625088.0,-3.358678102493286
6506562560.0,-3.3853795528411865
6507500032.0,-3.4135706424713135
6508437504.0,-3.438695192337036
6509374976.0,-3.4651660919189453
6510312448.0,-3.4920654296875
6511249920.0,-3.5215542316436768
6512187392.0,-3.5504660606384277
6513124864.0,-3.5801331996917725
6514062336.0,-3.610445737838745
6514999808.0,-3.6390388011932373
6515937280.0,-3.6679317951202393
6516874752.0,-3.695988893508911
6517812736.0,-3.723677158355713
6518750208.0,-3.7498724460601807
6519687680.0,-3.7760255336761475
6520625152.0,-3.8042376041412354
6521562624.0,-3.8326544761657715
6522500096.0,-3.8664870262145996
6523437568.0,-3.89992094039917
6524375040.0,-3.9374542236328125
6525312512.0,-3.977142572402954
6526249984.0,-4.017455101013184
6527187456.0,-4.060425281524658
6528124928.0,-4.10439395904541
6529062400.0,-4.149985313415527
6529999872.0,-4.194628715515137
6530937344.0,-4.243124008178711
6531874816.0,-4.291921138763428
6532812288.0,-4.341780185699463
6533749760.0,-4.390885829925537
6534687744.0,-4.437034606933594
6535625216.0,-4.482895374298096
6536562688.0,-4.526698112487793
6537500160.0,-4.569035530090332
6538437632.0,-4.6118292808532715
6539375104.0,-4.655094623565674
6540312576.0,-4.6963324546813965
6541250048.0,-4.7399725914001465
6542187520.0,-4.783246040344238
6543124992.0,-4.825835227966309
6544062464.0,-4.867938995361328
6544999936.0,-4.904333591461182
6545937408.0,-4.949872016906738
6546874880.0,-4.994664192199707
6547812352.0,-5.038473606109619
6548749824.0,-5.0841875076293945
6549687296.0,-5.129938125610352
6550624768.0,-5.174680233001709
6551562752.0,-5.222231388092041
6552500224.0,-5.271670818328857
6553437696.0,-5.319921016693115
6554375168.0,-5.3703227043151855
6555312640.0,-5.418496608734131
6556250112.0,-5.467955112457275
6557187584.0,-5.516965389251709
6558125056.0,-5.569735050201416
6559062528.0,-5.62485408782959
6560000000.0,-5.680527687072754
6560937472.0,-5.7374138832092285
6561874944.0,-5.795658588409424
6562812416.0,-5.853291034698486
6563749888.0,-5.911412239074707
6564687360.0,-5.967601299285889
6565624832.0,-6.023533344268799
6566562304.0,-6.082038879394531
6567499776.0,-6.143589973449707
6568437248.0,-6.208167552947998
6569375232.0,-6.276602268218994
6570312704.0,-6.347228050231934
6571250176.0,-6.418810844421387
6572187648.0,-6.4914870262146
6573125120.0,-6.566617965698242
6574062592.0,-6.645153045654297
6575000064.0,-6.726529121398926
6575937536.0,-6.806631565093994
6576875008.0,-6.885103225708008
6577812480.0,-6.965098857879639
6578749952.0,-7.0457611083984375
6579687424.0,-7.125600337982178
6580624896.0,-7.211452484130859
6581562368.0,-7.29923677444458
6582499840.0,-7.390505313873291
6583437312.0,-7.4833574295043945
6584374784.0,-7.574832916259766
6585312256.0,-7.666657447814941
6586250240.0,-7.754940032958984
6587187712.0,-7.846304416656494
6588125184.0,-7.941108703613281
6589062656.0,-8.036477088928223
6590000128.0,-8.133025169372559
6590937600.0,-8.228096961975098
6591875072.0,-8.321466445922852
6592812544.0,-8.415023803710938
6593750016.0,-8.508410453796387
6594687488.0,-8.604964256286621
6595624960.0,-8.702695846557617
6596562432.0,-8.801275253295898
6597499904.0,-8.90083122253418
6598437376.0,-9.004697799682617
6599374848.0,-9.108698844909668
6600312320.0,-9.212677001953125
6601249792.0,-9.309645652770996
6602187264.0,-9.407861709594727
6603125248.0,-9.503719329833984
6604062720.0,-9.600873947143555
6605000192.0,-9.686761856079102
6605937664.0,-9.782808303833008
6606875136.0,-9.880853652954102
6607812608.0,-9.973526000976562
6608750080.0,-10.06697940826416
6609687552.0,-10.158174514770508
6610625024.0,-10.247718811035156
6611562496.0,-10.338626861572266
6612499968.0,-10.42908000946045
6613437440.0,-10.512940406799316
6614374912.0,-10.589127540588379
6615312384.0,-10.657490730285645
6616249856.0,-10.724609375
6617187328.0,-10.78971004486084
6618124800.0,-10.858240127563477
6619062272.0,-10.930880546569824
6620000256.0,-11.00298023223877
6620937728.0,-11.073678970336914
6621875200.0,-11.14542007446289
6622812672.0,-11.211993217468262
6623750144.0,-11.270411491394043
6624687616.0,-11.32477855682373
6625625088.0,-11.37519359588623
6626562560.0,-11.423162460327148
6627500032.0,-11.470234870910645
6628437504.0,-11.504880905151367
6629374976.0,-11.532597541809082
6630312448.0,-11.550602912902832
6631249920.0,-11.565279006958008
6632187392.0,-11.576799392700195
6633124864.0,-11.587024688720703
6634062336.0,-11.592926979064941
6634999808.0,-11.599580764770508
6635937280.0,-11.59847354888916
6636874752.0,-11.592528343200684
6637812736.0,-11.582808494567871
6638750208.0,-11.569015502929688
6639687680.0,-11.550724029541016
6640625152.0,-11.521139144897461
6641562624.0,-11.481034278869629
6642500096.0,-11.437165260314941
6643437568.0,-11.387564659118652
6644375040.0,-11.335515022277832
6645312512.0,-11.284585952758789
6646249984.0,-11.232198715209961
6647187456.0,-11.18328857421875
6648124928.0,-11.129914283752441
6649062400.0,-11.076031684875488
6649999872.0,-11.013874053955078
6650937344.0,-10.945605278015137
6651874816.0,-10.872411727905273
6652812288.0,-10.793410301208496
6653749760.0,-10.702777862548828
6654687744.0,-10.608555793762207
6655625216.0,-10.508370399475098
6656562688.0,-10.401589393615723
6657500160.0,-10.29059886932373
6658437632.0,-10.178906440734863
6659375104.0,-10.066298484802246
6660312576.0,-9.9586181640625
6661250048.0,-9.857720375061035
6662187520.0,-9.765240669250488
6663124992.0,-9.669127464294434
6664062464.0,-9.577227592468262
6664999936.0,-9.469393730163574
6665937408.0,-9.371007919311523
6666874880.0,-9.275044441223145
6667812352.0,-9.173351287841797
6668749824.0,-9.070417404174805
6669687296.0,-8.970077514648438
6670624768.0,-8.86104679107666
6671562752.0,-8.754578590393066
6672500224.0,-8.650129318237305
6673437696.0,-8.543472290039062
6674375168.0,-8.440277099609375
6675312640.0,-8.340741157531738
6676250112.0,-8.236337661743164
6677187584.0,-8.135403633117676
6678125056.0,-8.036859512329102
6679062528.0,-7.938498020172119
6680000000.0,-7.842123508453369
6680937472.0,-7.750093936920166
6681874944.0,-7.658034801483154
6682812416.0,-7.5691752433776855
6683749888.0,-7.478025913238525
6684687360.0,-7.388914108276367
6685624832.0,-7.298039436340332
6686562304.0,-7.208709239959717
6687499776.0,-7.123135089874268
6688437248.0,-7.04357385635376
6689375232.0,-6.966171741485596
6690312704.0,-6.890552043914795
6691250176.0,-6.818594455718994
6692187648.0,-6.7494120597839355
6693125120.0,-6.687341213226318
6694062592.0,-6.6298508644104
6695000064.0,-6.573898792266846
6695937536.0,-6.521214008331299
6696875008.0,-6.47020959854126
6697812480.0,-6.415801048278809
6698749952.0,-6.358860492706299
6699687424.0,-6.2986226081848145
6700624896.0,-6.236456394195557
6701562368.0,-6.17514181137085
6702499840.0,-6.116350173950195
6703437312.0,-6.0586090087890625
6704374784.0,-6.001835823059082
6705312256.0,-5.94321870803833
6706250240.0,-5.884250640869141
6707187712.0,-5.824028968811035
6708125184.0,-5.764230728149414
6709062656.0,-5.702176094055176
6710000128.0,-5.640649795532227
6710937600.0,-5.577641487121582
6711875072.0,-5.512147903442383
6712812544.0,-5.4455790519714355
6713750016.0,-5.378704071044922
6714687488.0,-5.312080383300781
6715624960.0,-5.24274206161499
6716562432.0,-5.174501419067383
6717499904.0,-5.107477188110352
6718437376.0,-5.041433334350586
6719374848.0,-4.975241661071777
6720312320.0,-4.909391403198242
6721249792.0,-4.8454742431640625
6722187264.0,-4.779694080352783
6723125248.0,-4.714986324310303
6724062720.0,-4.6500773429870605
6725000192.0,-4.364425182342529
6725937664.0,-4.292449474334717
6726875136.0,-4.220581531524658
6727812608.0,-4.151081562042236
6728750080.0,-4.085049629211426
6729687552.0,-4.020709991455078
6730625024.0,-3.96128249168396
6731562496.0,-3.901538133621216
6732499968.0,-3.844848871231079
6733437440.0,-3.791644334793091
6734374912.0,-3.738157033920288
6735312384.0,-3.68802809715271
6736249856.0,-3.6394104957580566
6737187328.0,-3.594571113586426
6738124800.0,-3.5524818897247314
6739062272.0,-3.512725353240967
6739999744.0,-3.4769930839538574
6740937728.0,-3.44232177734375
6741875200.0,-3.4106850624084473
6742812672.0,-3.380870819091797
6743750144.0,-3.35408091545105
6744687616.0,-3.3275041580200195
6745625088.0,-3.2996437549591064
6746562560.0,-3.271211862564087
6747500032.0,-3.2443935871124268
6748437504.0,-3.218808650970459
6749374976.0,-3.1946749687194824
6750312448.0,-3.173327684402466
6751249920.0,-3.153836488723755
6752187392.0,-3.1331875324249268
6753124864.0,-3.1155762672424316
6754062336.0,-3.097926378250122
6754999808.0,-3.0783302783966064
6755937280.0,-3.0595898628234863
6756874752.0,-3.0431320667266846
6757812736.0,-3.025857925415039
6758750208.0,-3.008145809173584
6759687680.0,-2.991835594177246
6760625152.0,-2.973787307739258
6761562624.0,-2.9532957077026367
6762500096.0,-2.931065797805786
6763437568.0,-2.9089231491088867
6764375040.0,-2.884458541870117
6765312512.0,-2.859208822250366
6766249984.0,-2.8319742679595947
6767187456.0,-2.8045802116394043
6768124928.0,-2.774578332901001
6769062400.0,-2.7443270683288574
6769999872.0,-2.7138471603393555
6770937344.0,-2.6843557357788086
6771874816.0,-2.654360294342041
6772812288.0,-2.625337839126587
6773749760.0,-2.5951170921325684
6774687744.0,-2.5639243125915527
6775625216.0,-2.5318169593811035
6776562688.0,-2.5014231204986572
6777500160.0,-2.4708924293518066
6778437632.0,-2.4427199363708496
6779375104.0,-2.416017532348633
6780312576.0,-2.3863980770111084
6781250048.0,-2.3574821949005127
6782187520.0,-2.328118324279785
6783124992.0,-2.2974910736083984
6784062464.0,-2.2682087421417236
6784999936.0,-2.244093179702759
6785937408.0,-2.20987606048584
6786874880.0,-2.176990032196045
6787812352.0,-2.1473004817962646
6788749824.0,-2.1176371574401855
6789687296.0,-2.0913243293762207
6790624768.0,-2.065915107727051
6791562752.0,-2.041466236114502
6792500224.0,-2.0191988945007324
6793437696.0,-1.9996271133422852
6794375168.0,-1.9800083637237549
6795312640.0,-1.9620541334152222
6796250112.0,-1.943855881690979
6797187584.0,-1.9257205724716187
6798125056.0,-1.907978892326355
6799062528.0,-1.8908097743988037
6800000000.0,-1.8735278844833374
6800937472.0,-1.856001377105713
6801874944.0,-1.8415409326553345
6802812416.0,-1.8263403177261353
6803749888.0,-1.81355619430542
6804687360.0,-1.8027067184448242
6805624832.0,-1.7914320230484009
6806562304.0,-1.7803833484649658
6807499776.0,-1.7701525688171387
6808437248.0,-1.7575596570968628
6809375232.0,-1.7457046508789062
6810312704.0,-1.735485553741455
6811250176.0,-1.7234796285629272
6812187648.0,-1.711763858795166
6813125120.0,-1.7004189491271973
6814062592.0,-1.6895368099212646
6815000064.0,-1.677931547164917
6815937536.0,-1.6664098501205444
6816875008.0,-1.6516234874725342
6817812480.0,-1.6369290351867676
6818749952.0,-1.621097207069397
6819687424.0,-1.605261206626892
6820624896.0,-1.5875884294509888
6821562368.0,-1.5702134370803833
6822499840.0,-1.552871823310852
6823437312.0,-1.5322520732879639
6824374784.0,-1.5115712881088257
6825312256.0,-1.4904752969741821
6826250240.0,-1.467233657836914
6827187712.0,-1.4444308280944824
6828125184.0,-1.419589877128601
6829062656.0,-1.394112467765808
6830000128.0,-1.3703900575637817
6830937600.0,-1.345809817314148
6831875072.0,-1.3234270811080933
6832812544.0,-1.3019068241119385
6833750016.0,-1.2792584896087646
6834687488.0,-1.258551836013794
6835624960.0,-1.2369787693023682
6836562432.0,-1.2172664403915405
6837499904.0,-1.1986318826675415
6838437376.0,-1.1804182529449463
6839374848.0,-1.1643168926239014
6840312320.0,-1.1485109329223633
6841249792.0,-1.1339752674102783
6842187264.0,-1.1199451684951782
6843125248.0,-1.1092933416366577
6844062720.0,-1.0982661247253418
6845000192.0,-1.0619430541992188
6845937664.0,-1.0550296306610107
6846875136.0,-1.0486727952957153
6847812608.0,-1.0432554483413696
6848750080.0,-1.0387609004974365
6849687552.0,-1.0367951393127441
6850625024.0,-1.0357165336608887
6851562496.0,-1.0343666076660156
6852499968.0,-1.0355122089385986
6853437440.0,-1.03647780418396
6854374912.0,-1.038568139076233
6855312384.0,-1.040747880935669
6856249856.0,-1.042754888534546
6857187328.0,-1.0474504232406616
6858124800.0,-1.0520293712615967
6859062272.0,-1.0588197708129883
6860000256.0,-1.0672070980072021
6860937728.0,-1.0761572122573853
6861875200.0,-1.0861783027648926
6862812672.0,-1.0975607633590698
6863750144.0,-1.1089154481887817
6864687616.0,-1.1197445392608643
6865625088.0,-1.1314207315444946
6866562560.0,-1.1425226926803589
6867500032.0,-1.1529940366744995
6868437504.0,-1.163384199142456
6869374976.0,-1.171601414680481
6870312448.0,-1.1786304712295532
6871249920.0,-1.1858737468719482
6872187392.0,-1.1904972791671753
6873124864.0,-1.1945297718048096
6874062336.0,-1.1964442729949951
6874999808.0,-1.1970056295394897
6875937280.0,-1.1947944164276123
6876874752.0,-1.1912052631378174
6877812736.0,-1.1858785152435303
6878750208.0,-1.1803734302520752
6879687680.0,-1.169708490371704
6880625152.0,-1.1573548316955566
6881562624.0,-1.141821026802063
6882500096.0,-1.1247116327285767
6883437568.0,-1.106567621231079
6884375040.0,-1.0856562852859497
6885312512.0,-1.0629327297210693
6886249984.0,-1.037941336631775
6887187456.0,-1.0106629133224487
6888124928.0,-0.984719455242157
6889062400.0,-0.9555549025535583
6889999872.0,-0.9275172352790833
6890937344.0,-0.8972206115722656
6891874816.0,-0.8673563003540039
6892812288.0,-0.8378843069076538
6893749760.0,-0.8090598583221436
6894687744.0,-0.7777405977249146
6895625216.0,-0.7486316561698914
6896562688.0,-0.7188533544540405
6897500160.0,-0.6894362568855286
6898437632.0,-0.661411702632904
6899375104.0,-0.6342194676399231
6900312576.0,-0.6075133681297302
6901250048.0,-0.5809898972511292
6902187520.0,-0.5542809367179871
6903124992.0,-0.5317449569702148
6904062464.0,-0.5082916617393494
6904999936.0,-0.47682589292526245
6905937408.0,-0.47331222891807556
6906874880.0,-0.47131872177124023
6907812352.0,-0.47008928656578064
6908749824.0,-0.47100406885147095
6909687296.0,-0.4713457226753235
6910624768.0,-0.4748562276363373
6911562752.0,-0.47847360372543335
6912500224.0,-0.4842643439769745
6913437696.0,-0.4909317195415497
6914375168.0,-0.497469425201416
6915312640.0,-0.5053544044494629
6916250112.0,-0.513342559337616
6917187584.0,-0.5211246609687805
6918125056.0,-0.529113233089447
6919062528.0,-0.5375387072563171
6920000000.0,-0.5472916960716248
6920937472.0,-0.5565065741539001
6921874944.0,-0.56485515832901
6922812416.0,-0.5742093920707703
6923749888.0,-0.5829405188560486
6924687360.0,-0.5918257832527161
6925624832.0,-0.6004796028137207
6926562304.0,-0.6092196106910706
6927499776.0,-0.6170811057090759
6928437248.0,-0.6248247027397156
6929375232.0,-0.6316191554069519
6930312704.0,-0.6377835869789124
6931250176.0,-0.6463264226913452
6932187648.0,-0.6539284586906433
6933125120.0,-0.6600618958473206
6934062592.0,-0.6673026084899902
6935000064.0,-0.6725451350212097
6935937536.0,-0.6783152222633362
6936875008.0,-0.6817148327827454
6937812480.0,-0.6866925358772278
6938749952.0,-0.6888253092765808
6939687424.0,-0.6909345984458923
6940624896.0,-0.6914777159690857
6941562368.0,-0.6919450759887695
6942499840.0,-0.6913650631904602
6943437312.0,-0.6890320777893066
6944374784.0,-0.6879294514656067
6945312256.0,-0.6845783591270447
6946250240.0,-0.6814181208610535
6947187712.0,-0.676456093788147
6948125184.0,-0.6709691882133484
6949062656.0,-0.6644830107688904
6950000128.0,-0.6567956209182739
6950937600.0,-0.6482139229774475
6951875072.0,-0.6378374695777893
6952812544.0,-0.6293747425079346
6953750016.0,-0.6173295378684998
6954687488.0,-0.6050970554351807
6955624960.0,-0.5913020372390747
6956562432.0,-0.5790202021598816
6957499904.0,-0.5662784576416016
6958437376.0,-0.5539371967315674
6959374848.0,-0.5399166345596313
6960312320.0,-0.5264483690261841
6961249792.0,-0.5117030739784241
6962187264.0,-0.49710723757743835
6963125248.0,-0.48182785511016846
6964062720.0,-0.4673461318016052
6965000192.0,-0.38836151361465454
6965937664.0,-0.37963828444480896
6966875136.0,-0.37157943844795227
6967812608.0,-0.3644547462463379
6968750080.0,-0.3571265637874603
6969687552.0,-0.35031792521476746
6970625024.0,-0.34417977929115295
6971562496.0,-0.338387668132782
6972499968.0,-0.33292654156684875
6973437440.0,-0.32904356718063354
6974374912.0,-0.3258971571922302
6975312384.0,-0.32175561785697937
6976249856.0,-0.32050615549087524
6977187328.0,-0.3183732032775879
6978124800.0,-0.3184891641139984
6979062272.0,-0.31884440779685974
6979999744.0,-0.32056286931037903
6980937728.0,-0.32337486743927
6981875200.0,-0.32654523849487305
6982812672.0,-0.33054402470588684
6983750144.0,-0.33570700883865356
6984687616.0,-0.3415273129940033
6985625088.0,-0.34761878848075867
6986562560.0,-0.35665053129196167
6987500032.0,-0.3652358949184418
6988437504.0,-0.37530356645584106
6989374976.0,-0.38609808683395386
6990312448.0,-0.39815855026245117
6991249920.0,-0.4100521504878998
6992187392.0,-0.4227297604084015
6993124864.0,-0.43600165843963623
6994062336.0,-0.4490325450897217
6994999808.0,-0.4620688557624817
6995937280.0,-0.4754268527030945
6996874752.0,-0.4891117215156555
6997812736.0,-0.501167893409729
6998750208.0,-0.5120214223861694
6999687680.0,-0.5246495604515076
7000625152.0,-0.5341456532478333
7001562624.0,-0.5438211560249329
7002500096.0,-0.550665020942688
7003437568.0,-0.5577347874641418
7004375040.0,-0.5637218952178955
7005312512.0,-0.5672460794448853
7006249984.0,-0.5708015561103821
7007187456.0,-0.5716476440429688
7008124928.0,-0.5720709562301636
7009062400.0,-0.5694093108177185
7009999872.0,-0.5664695501327515
7010937344.0,-0.5636339783668518
7011874816.0,-0.5581628084182739
7012812288.0,-0.5515627264976501
7013749760.0,-0.5443440675735474
7014687744.0,-0.5364044904708862
7015625216.0,-0.527836263179779
7016562688.0,-0.5184293985366821
7017500160.0,-0.5114251375198364
7018437632.0,-0.5014594793319702
7019375104.0,-0.49201053380966187
7020312576.0,-0.48263195157051086
7021250048.0,-0.4727374315261841
7022187520.0,-0.46355077624320984
7023124992.0,-0.455376535654068
7024062464.0,-0.4461747407913208
7024999936.0,-0.41966885328292847
7025937408.0,-0.41182559728622437
7026874880.0,-0.404954731464386
7027812352.0,-0.4005244970321655
7028749824.0,-0.39571845531463623
7029687296.0,-0.39201271533966064
7030624768.0,-0.38991472125053406
7031562752.0,-0.38789623975753784
7032500224.0,-0.3882756531238556
7033437696.0,-0.3909679651260376
7034375168.0,-0.3941011130809784
7035312640.0,-0.3979599177837372
7036250112.0,-0.4051443636417389
7037187584.0,-0.4115454852581024
7038125056.0,-0.42013275623321533
7039062528.0,-0.42876479029655457
7040000000.0,-0.43782278895378113
7040937472.0,-0.4468744993209839
7041874944.0,-0.4567685127258301
7042812416.0,-0.4669688045978546
7043749888.0,-0.4759405553340912
7044687360.0,-0.4850867986679077
7045624832.0,-0.49256062507629395
7046562304.0,-0.499555766582489
7047499776.0,-0.5048035979270935
7048437248.0,-0.5104391574859619
7049375232.0,-0.5140510201454163
7050312704.0,-0.5162850618362427
7051250176.0,-0.5160101652145386
7052187648.0,-0.5147013664245605
7053125120.0,-0.511383056640625
7054062592.0,-0.5072230100631714
7055000064.0,-0.5002405047416687
7055937536.0,-0.4922861158847809
7056875008.0,-0.4814806282520294
7057812480.0,-0.46812742948532104
7058749952.0,-0.4533592760562897
7059687424.0,-0.4367477297782898
7060624896.0,-0.4185456335544586
7061562368.0,-0.39847978949546814
7062499840.0,-0.3782603442668915
7063437312.0,-0.35741370916366577
7064374784.0,-0.33472153544425964
7065312256.0,-0.3151320219039917
7066250240.0,-0.2924082279205322
7067187712.0,-0.27224066853523254
7068125184.0,-0.25060468912124634
7069062656.0,-0.2315548062324524
7070000128.0,-0.2120068520307541
7070937600.0,-0.19346751272678375
7071875072.0,-0.17635788023471832
7072812544.0,-0.15954850614070892
7073750016.0,-0.14577637612819672
7074687488.0,-0.13281334936618805
7075624960.0,-0.12074728310108185
7076562432.0,-0.11214560270309448
7077499904.0,-0.10452411323785782
7078437376.0,-0.09984377771615982
7079374848.0,-0.09679374098777771
7080312320.0,-0.09690197557210922
7081249792.0,-0.09985989332199097
7082187264.0,-0.10538778454065323
7083125248.0,-0.11427651345729828
7084062720.0,-0.12193701416254044
7085000192.0,-0.277281790971756
7085937664.0,-0.2895840108394623
7086875136.0,-0.3031335175037384
7087812608.0,-0.3182293772697449
7088750080.0,-0.3362942934036255
7089687552.0,-0.35566505789756775
7090625024.0,-0.3766305446624756
7091562496.0,-0.3998744487762451
7092499968.0,-0.425761342048645
7093437440.0,-0.45189231634140015
7094374912.0,-0.47989487648010254
7095312384.0,-0.5093852281570435
7096249856.0,-0.5400734543800354
7097187328.0,-0.5726253986358643
7098124800.0,-0.6057904958724976
7099062272.0,-0.6399688720703125
7100000256.0,-0.6742346882820129
7100937728.0,-0.7067891955375671
7101875200.0,-0.7396716475486755
7102812672.0,-0.7712989449501038
7103750144.0,-0.8010098934173584
7104687616.0,-0.8273198008537292
7105625088.0,-0.8517801761627197
7106562560.0,-0.8745843768119812
7107500032.0,-0.8932509422302246
7108437504.0,-0.9081106185913086
7109374976.0,-0.918770968914032
7110312448.0,-0.9272069334983826
7111249920.0,-0.9298588037490845
7112187392.0,-0.9301079511642456
7113124864.0,-0.9264969825744629
7114062336.0,-0.9169662594795227
7114999808.0,-0.905687153339386
7115937280.0,-0.8886945843696594
7116874752.0,-0.8693682551383972
7117812736.0,-0.8474300503730774
7118750208.0,-0.8223521113395691
7119687680.0,-0.7950664162635803
7120625152.0,-0.7640330195426941
7121562624.0,-0.7329325675964355
7122500096.0,-0.6978068947792053
7123437568.0,-0.6627787351608276
7124375040.0,-0.6281537413597107
7125312512.0,-0.5917677283287048
7126249984.0,-0.5548474192619324
7127187456.0,-0.5162512063980103
7128124928.0,-0.4795798361301422
7129062400.0,-0.44371071457862854
7129999872.0,-0.40866100788116455
7130937344.0,-0.37315425276756287
7131874816.0,-0.34055566787719727
7132812288.0,-0.308407723903656
7133749760.0,-0.27841243147850037
7134687744.0,-0.25103068351745605
7135625216.0,-0.22668927907943726
7136562688.0,-0.2037070095539093
7137500160.0,-0.183022603392601
7138437632.0,-0.1631641536951065
7139375104.0,-0.14631548523902893
7140312576.0,-0.1320081353187561
7141250048.0,-0.11817682534456253
7142187520.0,-0.10688478499650955
7143124992.0,-0.09758826345205307
7144062464.0,-0.19575950503349304
7144999936.0,-0.19564275443553925
7145937408.0,-0.1966480314731598
7146874880.0,-0.19893896579742432
7147812352.0,-0.20349834859371185
7148749824.0,-0.20802471041679382
7149687296.0,-0.21447743475437164
7150624768.0,-0.22127778828144073
7151562752.0,-0.230274498462677
7152500224.0,-0.2408890277147293
7153437696.0,-0.2521052360534668
7154375168.0,-0.26697319746017456
7155312640.0,-0.28296518325805664
7156250112.0,-0.3011515438556671
7157187584.0,-0.3221204876899719
7158125056.0,-0.34624651074409485
7159062528.0,-0.37190669775009155
7160000000.0,-0.39940425753593445
7160937472.0,-0.4243663549423218
7161874944.0,-0.4489056169986725
7162812416.0,-0.468870609998703
7163749888.0,-0.48468440771102905
7164687360.0,-0.49766671657562256
7165624832.0,-0.5069987773895264
7166562304.0,-0.5150916576385498
7167499776.0,-0.520111083984375
7168437248.0,-0.5232030153274536
7169375232.0,-0.5249992609024048
7170312704.0,-0.5276088118553162
7171250176.0,-0.529822826385498
7172187648.0,-0.5316228270530701
7173125120.0,-0.536410927772522
7174062592.0,-0.5409114956855774
7175000064.0,-0.5485988855361938
7175937536.0,-0.558455765247345
7176875008.0,-0.5712167620658875
7177812480.0,-0.5864750742912292
7178749952.0,-0.6028716564178467
7179687424.0,-0.6231784820556641
7180624896.0,-0.6424615979194641
7181562368.0,-0.6637511253356934
7182499840.0,-0.685516893863678
7183437312.0,-0.705690860748291
7184374784.0,-0.7263507843017578
7185312256.0,-0.7444061636924744
7186250240.0,-0.7594831585884094
7187187712.0,-0.7724493145942688
7188125184.0,-0.7814838886260986
7189062656.0,-0.7867473363876343
7190000128.0,-0.7890180945396423
7190937600.0,-0.7877137660980225
7191875072.0,-0.7823160290718079
7192812544.0,-0.7724676728248596
7193750016.0,-0.758847177028656
7194687488.0,-0.7430360913276672
7195624960.0,-0.7234643697738647
7196562432.0,-0.7018447518348694
7197499904.0,-0.6782985329627991
7198437376.0,-0.6519601941108704
7199374848.0,-0.6250844597816467
7200312320.0,-0.5987427830696106
7201249792.0,-0.5720891952514648
7202187264.0,-0.5443310141563416
7203125248.0,-0.5209379196166992
7204062720.0,-0.6458641290664673
7205000192.0,-0.6389433145523071
7205937664.0,-0.6337203979492188
7206875136.0,-0.6316245198249817
7207812608.0,-0.6315541863441467
7208750080.0,-0.6328675746917725
7209687552.0,-0.6373529434204102
7210625024.0,-0.6440257430076599
7211562496.0,-0.6551623940467834
7212499968.0,-0.6677116751670837
7213437440.0,-0.6846027970314026
7214374912.0,-0.7016635537147522
7215312384.0,-0.7204210162162781
7216249856.0,-0.7388252019882202
7217187328.0,-0.7581077218055725
7218124800.0,-0.778070330619812
7219062272.0,-0.7992755770683289
7219999744.0,-0.8191834092140198
7220937728.0,-0.8392816781997681
7221875200.0,-0.8585173487663269
7222812672.0,-0.875532865524292
7223750144.0,-0.890985906124115
7224687616.0,-0.9043769240379333
7225625088.0,-0.9165535569190979
7226562560.0,-0.9267147779464722
7227500032.0,-0.9344409704208374
7228437504.0,-0.9401456713676453
7229374976.0,-0.9442390203475952
7230312448.0,-0.9457163214683533
7231249920.0,-0.945972204208374
7232187392.0,-0.9454173445701599
7233124864.0,-0.943096935749054
7234062336.0,-0.9408618211746216
7234999808.0,-0.9383658170700073
7235937280.0,-0.9344809055328369
7236874752.0,-0.9310908913612366
7237812736.0,-0.9296644926071167
7238750208.0,-0.9257344603538513
7239687680.0,-0.9216367602348328
7240625152.0,-0.9175982475280762
7241562624.0,-0.9137835502624512
7242500096.0,-0.9118184447288513
7243437568.0,-0.9097253680229187
7244375040.0,-0.9091323018074036
7245312512.0,-0.9090023636817932
7246249984.0,-0.9101451635360718
7247187456.0,-0.9117754101753235
7248124928.0,-0.9164407253265381
7249062400.0,-0.9231645464897156
7249999872.0,-0.9302852153778076
7250937344.0,-0.9392690658569336
7251874816.0,-0.9514662623405457
7252812288.0,-0.963904857635498
7253749760.0,-0.9796356558799744
7254687744.0,-0.9939601421356201
7255625216.0,-1.00956130027771
7256562688.0,-1.025966763496399
7257500160.0,-1.0440611839294434
7258437632.0,-1.0620518922805786
7259375104.0,-1.0809017419815063
7260312576.0,-1.1007461547851562
7261250048.0,-1.1209475994110107
7262187520.0,-1.1374136209487915
7263124992.0,-1.1529706716537476
7264062464.0,-1.1839126348495483
7264999936.0,-1.198103666305542
7265937408.0,-1.2136567831039429
7266874880.0,-1.2263665199279785
7267812352.0,-1.2404613494873047
7268749824.0,-1.2528643608093262
7269687296.0,-1.2669932842254639
7270624768.0,-1.2792240381240845
7271562752.0,-1.2894600629806519
7272500224.0,-1.2995015382766724
7273437696.0,-1.3086210489273071
7274375168.0,-1.3153151273727417
7275312640.0,-1.3211899995803833
7276250112.0,-1.3252519369125366
7277187584.0,-1.326245903968811
7278125056.0,-1.3258589506149292
7279062528.0,-1.3224382400512695
7280000000.0,-1.3168694972991943
7280937472.0,-1.3074207305908203
7281874944.0,-1.297485589981079
7282812416.0,-1.2838605642318726
7283749888.0,-1.2685511112213135
7284687360.0,-1.2514458894729614
7285624832.0,-1.2318326234817505
7286562304.0,-1.2119243144989014
7287499776.0,-1.1892648935317993
7288437248.0,-1.1672601699829102
7289375232.0,-1.1415319442749023
7290312704.0,-1.1146141290664673
7291250176.0,-1.0856962203979492
7292187648.0,-1.0547618865966797
7293125120.0,-1.0235384702682495
7294062592.0,-0.991104245185852
7295000064.0,-0.957908034324646
7295937536.0,-0.9221088290214539
7296875008.0,-0.8872690200805664
7297812480.0,-0.8516080379486084
7298749952.0,-0.8160912990570068
7299687424.0,-0.7797979712486267
7300624896.0,-0.7440734505653381
7301562368.0,-0.7091421484947205
7302499840.0,-0.673616886138916
7303437312.0,-0.6392726898193359
7304374784.0,-0.6064648032188416
7305312256.0,-0.5728487968444824
7306250240.0,-0.5407320261001587
7307187712.0,-0.5101625323295593
7308125184.0,-0.47955185174942017
7309062656.0,-0.4507744610309601
7310000128.0,-0.4241470694541931
7310937600.0,-0.39804303646087646
7311875072.0,-0.3729511499404907
7312812544.0,-0.3526918888092041
7313750016.0,-0.3346163034439087
7314687488.0,-0.3183650076389313
7315624960.0,-0.30364206433296204
7316562432.0,-0.2907858192920685
7317499904.0,-0.2790623605251312
7318437376.0,-0.26958298683166504
7319374848.0,-0.2624351382255554
7320312320.0,-0.2565453052520752
7321249792.0,-0.25317665934562683
7322187264.0,-0.2517123818397522
7323125248.0,-0.253333181142807
7324062720.0,-0.4110293984413147
7325000192.0,-0.41008007526397705
7325937664.0,-0.4089943766593933
7326875136.0,-0.4115947484970093
7327812608.0,-0.41430607438087463
7328750080.0,-0.4178310036659241
7329687552.0,-0.42390307784080505
7330625024.0,-0.43051159381866455
7331562496.0,-0.4378388524055481
7332499968.0,-0.4461469352245331
7333437440.0,-0.4558451771736145
7334374912.0,-0.4660149812698364
7335312384.0,-0.4765556752681732
7336249856.0,-0.48745018243789673
7337187328.0,-0.49843829870224
7338124800.0,-0.5090036392211914
7339062272.0,-0.5184295773506165
7340000256.0,-0.5271475315093994
7340937728.0,-0.5344947576522827
7341875200.0,-0.5436887741088867
7342812672.0,-0.550099790096283
7343750144.0,-0.5551759004592896
7344687616.0,-0.5597209334373474
7345625088.0,-0.5625951886177063
7346562560.0,-0.5632624626159668
7347500032.0,-0.5637349486351013
7348437504.0,-0.5609943270683289
7349374976.0,-0.5575527548789978
7350312448.0,-0.5536932349205017
7351249920.0,-0.5467776656150818
7352187392.0,-0.540187418460846
7353124864.0,-0.5310096740722656
7354062336.0,-0.520542562007904
7354999808.0,-0.5103078484535217
7355937280.0,-0.4970064163208008
7356874752.0,-0.4848440885543823
7357812736.0,-0.4712326228618622
7358750208.0,-0.45738282799720764
7359687680.0,-0.4432162642478943
7360625152.0,-0.4278653860092163
7361562624.0,-0.4131239950656891
7362500096.0,-0.3992348611354828
7363437568.0,-0.3829250931739807
7364375040.0,-0.3650755286216736
7365312512.0,-0.34562772512435913
7366249984.0,-0.32661172747612
7367187456.0,-0.3076486885547638
7368124928.0,-0.28801214694976807
7369062400.0,-0.2694181799888611
7369999872.0,-0.24953728914260864
7370937344.0,-0.2301550656557083
7371874816.0,-0.2104317843914032
7372812288.0,-0.19038964807987213
7373749760.0,-0.16951565444469452
7374687744.0,-0.15039843320846558
7375625216.0,-0.1312452107667923
7376562688.0,-0.10955292731523514
7377500160.0,-0.08884247392416
7378437632.0,-0.06761932373046875
7379375104.0,-0.0457376092672348
7380312576.0,-0.024081245064735413
7381250048.0,-0.0021890727803111076
7382187520.0,0.019194308668375015
7383124992.0,0.0399538055062294
7384062464.0,0.05059555545449257
7384999936.0,0.05631052330136299
7385937408.0,0.06186271086335182
7386874880.0,0.06812109798192978
7387812352.0,0.07317926734685898
7388749824.0,0.07861318439245224
7389687296.0,0.08433610200881958
7390624768.0,0.0882902666926384
7391562752.0,0.09276770800352097
7392500224.0,0.09797758609056473
7393437696.0,0.10285769402980804
7394375168.0,0.10724437236785889
7395312640.0,0.11353317648172379
7396250112.0,0.11820688098669052
7397187584.0,0.12429528683423996
7398125056.0,0.1302042305469513
7399062528.0,0.1363687664270401
7400000000.0,0.14326676726341248
7400937472.0,0.15041233599185944
7401874944.0,0.1564033180475235
7402812416.0,0.16333608329296112
7403749888.0,0.16919368505477905
7404687360.0,0.1749761700630188
7405624832.0,0.1798635572195053
7406562304.0,0.1825256496667862
7407499776.0,0.18390712141990662
7408437248.0,0.18279264867305756
7409375232.0,0.18091358244419098
7410312704.0,0.17510174214839935
7411250176.0,0.16854813694953918
7412187648.0,0.15880954265594482
7413125120.0,0.14658458530902863
7414062592.0,0.1321139633655548
7415000064.0,0.11505143344402313
7415937536.0,0.09649616479873657
7416875008.0,0.0753617212176323
7417812480.0,0.05334203317761421
7418749952.0,0.030110901221632957
7419687424.0,0.00517736142501235
7420624896.0,-0.020381256937980652
7421562368.0,-0.04638821259140968
7422499840.0,-0.0718853697180748
7423437312.0,-0.09705756604671478
7424374784.0,-0.12291426956653595
7425312256.0,-0.14653143286705017
7426250240.0,-0.17025862634181976
7427187712.0,-0.19186082482337952
7428125184.0,-0.212175190448761
7429062656.0,-0.23163728415966034
7430000128.0,-0.2474384754896164
7430937600.0,-0.2623423933982849
7431875072.0,-0.27752432227134705
7432812544.0,-0.289132297039032
7433750016.0,-0.3007645308971405
7434687488.0,-0.3108365535736084
7435624960.0,-0.3186376094818115
7436562432.0,-0.32587552070617676
7437499904.0,-0.33167773485183716
7438437376.0,-0.3379651606082916
7439374848.0,-0.3412598669528961
7440312320.0,-0.34487828612327576
7441249792.0,-0.34511035680770874
7442187264.0,-0.34457311034202576
7443125248.0,-0.3432721197605133
7444062720.0,-0.11904595792293549
7445000192.0,-0.10013335198163986
7445937664.0,-0.0849715992808342
7446875136.0,-0.07241243869066238
7447812608.0,-0.06153346225619316
7448750080.0,-0.052492305636405945
7449687552.0,-0.046070050448179245
7450625024.0,-0.04151289910078049
7451562496.0,-0.03676605969667435
7452499968.0,-0.03414970263838768
7453437440.0,-0.031385183334350586
7454374912.0,-0.028917232528328896
7455312384.0,-0.027684636414051056
7456249856.0,-0.024645144119858742
7457187328.0,-0.02276931330561638
7458124800.0,-0.01857593283057213
7459062272.0,-0.01518277358263731
7459999744.0,-0.010128448717296124
7460937728.0,-0.004133892245590687
7461875200.0,0.0031546265818178654
7462812672.0,0.0113366162404418
7463750144.0,0.019638800993561745
7464687616.0,0.02994631603360176
7465625088.0,0.04085257276892662
7466562560.0,0.05068039894104004
7467500032.0,0.06330112367868423
7468437504.0,0.0748407244682312
7469374976.0,0.08712849020957947
7470312448.0,0.09850861877202988
7471249920.0,0.11068160831928253
7472187392.0,0.12276806682348251
7473124864.0,0.1353731006383896
7474062336.0,0.14525973796844482
7474999808.0,0.15513934195041656
7475937280.0,0.163902148604393
7476874752.0,0.1727251261472702
7477812736.0,0.18010608851909637
7478750208.0,0.18525022268295288
7479687680.0,0.18951717019081116
7480625152.0,0.19350208342075348
7481562624.0,0.1944553107023239
7482500096.0,0.19471223652362823
7483437568.0,0.1928076148033142
7484375040.0,0.1887432485818863
7485312512.0,0.18377047777175903
7486249984.0,0.17797403037548065
7487187456.0,0.16974644362926483
7488124928.0,0.1602509319782257
7489062400.0,0.15081417560577393
7489999872.0,0.1396290361881256
7490937344.0,0.12582805752754211
7491874816.0,0.10761396586894989
7492812288.0,0.09140747040510178
7493749760.0,0.07266520708799362
7494687744.0,0.055041052401065826
7495625216.0,0.035307176411151886
7496562688.0,0.016177186742424965
7497500160.0,-0.003081063972786069
7498437632.0,-0.0221816748380661
7499375104.0,-0.040258944034576416
7500312576.0,-0.05837518721818924
7501250048.0,-0.07497905939817429
7502187520.0,-0.09090486913919449
7503124992.0,-0.10650753974914551
7504062464.0,-0.08597100526094437
7504999936.0,-0.09620245546102524
7505937408.0,-0.10658132284879684
7506874880.0,-0.11562085151672363
7507812352.0,-0.126190647482872
7508749824.0,-0.1344641000032425
7509687296.0,-0.1436159908771515
7510624768.0,-0.15024878084659576
7511562752.0,-0.1588079035282135
7512500224.0,-0.16444353759288788
7513437696.0,-0.16990472376346588
7514375168.0,-0.17593427002429962
7515312640.0,-0.17948706448078156
7516250112.0,-0.18307799100875854
7517187584.0,-0.18810154497623444
7518125056.0,-0.19047603011131287
7519062528.0,-0.19103269279003143
7520000000.0,-0.1917230486869812
7520937472.0,-0.1913026124238968
7521874944.0,-0.18980534374713898
7522812416.0,-0.18757909536361694
7523749888.0,-0.18382972478866577
7524687360.0,-0.17905457317829132
7525624832.0,-0.17348015308380127
7526562304.0,-0.16641832888126373
7527499776.0,-0.1595180183649063
7528437248.0,-0.15073375403881073
7529375232.0,-0.1414746791124344
7530312704.0,-0.13061952590942383
7531250176.0,-0.11943311244249344
7532187648.0,-0.10707084089517593
7533125120.0,-0.09351636469364166
7534062592.0,-0.08073734492063522
7535000064.0,-0.06673652678728104
7535937536.0,-0.051355570554733276
7536875008.0,-0.03458644449710846
7537812480.0,-0.018741054460406303
7538749952.0,-0.0027335695922374725
7539687424.0,0.015035584568977356
7540624896.0,0.03357541933655739
7541562368.0,0.05164927989244461
7542499840.0,0.07153090089559555
7543437312.0,0.09119269251823425
7544374784.0,0.1118919774889946
7545312256.0,0.13386407494544983
7546250240.0,0.15463238954544067
7547187712.0,0.17521853744983673
7548125184.0,0.19578717648983002
7549062656.0,0.21481674909591675
7550000128.0,0.23536045849323273
7550937600.0,0.25561192631721497
7551875072.0,0.27349528670310974
7552812544.0,0.29210376739501953
7553750016.0,0.30985501408576965
7554687488.0,0.32646435499191284
7555624960.0,0.34220096468925476
7556562432.0,0.35717687010765076
7557499904.0,0.3713064193725586
7558437376.0,0.3825451731681824
7559374848.0,0.3932326138019562
7560312320.0,0.40100526809692383
7561249792.0,0.40758952498435974
7562187264.0,0.4124531149864197
7563125248.0,0.4145453870296478
7564062720.0,0.19492197036743164
7565000192.0,0.19339606165885925
7565937664.0,0.19179709255695343
7566875136.0,0.1892838031053543
7567812608.0,0.18694795668125153
7568750080.0,0.18349303305149078
7569687552.0,0.1796131730079651
7570625024.0,0.17381718754768372
7571562496.0,0.1683928370475769
7572499968.0,0.1608717292547226
7573437440.0,0.15241338312625885
7574374912.0,0.14336006343364716
7575312384.0,0.13208340108394623
7576249856.0,0.11974358558654785
7577187328.0,0.10646399855613708
7578124800.0,0.09229830652475357
7579062272.0,0.07741841673851013
7580000256.0,0.0620078481733799
7580937728.0,0.045395638793706894
7581875200.0,0.027916867285966873
7582812672.0,0.010319055989384651
7583750144.0,-0.007524377666413784
7584687616.0,-0.027846304699778557
7585625088.0,-0.048191048204898834
7586562560.0,-0.06785283982753754
7587500032.0,-0.08800728619098663
7588437504.0,-0.10854410380125046
7589374976.0,-0.12800461053848267
7590312448.0,-0.14714263379573822
7591249920.0,-0.16786888241767883
7592187392.0,-0.18677759170532227
7593124864.0,-0.20521754026412964
7594062336.0,-0.22295774519443512
7594999808.0,-0.23908710479736328
7595937280.0,-0.2541772425174713
7596874752.0,-0.2688269317150116
7597812736.0,-0.2813163995742798
7598750208.0,-0.2928208112716675
7599687680.0,-0.30291110277175903
7600625152.0,-0.3093145489692688
7601562624.0,-0.31658172607421875
7602500096.0,-0.32115766406059265
7603437568.0,-0.32309600710868835
7604375040.0,-0.3241729736328125
7605312512.0,-0.32190272212028503
7606249984.0,-0.3194139003753662
7607187456.0,-0.3138861060142517
7608124928.0,-0.3060813248157501
7609062400.0,-0.2965889871120453
7609999872.0,-0.2853059470653534
7610937344.0,-0.27206477522850037
7611874816.0,-0.25706636905670166
7612812288.0,-0.23985029757022858
7613749760.0,-0.22067691385746002
7614687744.0,-0.20169737935066223
7615625216.0,-0.17968590557575226
7616562688.0,-0.1563284695148468
7617500160.0,-0.1324273645877838
7618437632.0,-0.1061822772026062
7619375104.0,-0.07902572304010391
7620312576.0,-0.052584208548069
7621250048.0,-0.024454254657030106
7622187520.0,0.0035020611248910427
7623124992.0,0.031253959983587265
7624062464.0,0.058496057987213135
7624999936.0,0.08541043847799301
7625937408.0,0.11175166815519333
7626874880.0,0.1377888023853302
7627812352.0,0.16208848357200623
7628749824.0,0.18558666110038757
7629687296.0,0.207881897687912
7630624768.0,0.22821494936943054
7631562752.0,0.24641770124435425
7632500224.0,0.2633263170719147
7633437696.0,0.27774131298065186
7634375168.0,0.29133930802345276
7635312640.0,0.30278217792510986
7636250112.0,0.31264904141426086
7637187584.0,0.3196687698364258
7638125056.0,0.3246733844280243
7639062528.0,0.328782856464386
7640000000.0,0.3299606442451477
7640937472.0,0.32902684807777405
7641874944.0,0.32600805163383484
7642812416.0,0.3214567005634308
7643749888.0,0.31531357765197754
7644687360.0,0.3072977364063263
7645624832.0,0.2982642948627472
7646562304.0,0.2865447998046875
7647499776.0,0.2742142677307129
7648437248.0,0.25985604524612427
7649375232.0,0.24411490559577942
7650312704.0,0.22644390165805817
7651250176.0,0.20773540437221527
7652187648.0,0.18834558129310608
7653125120.0,0.16746209561824799
7654062592.0,0.14436028897762299
7655000064.0,0.12222353368997574
7655937536.0,0.09764325618743896
7656875008.0,0.07293105870485306
7657812480.0,0.047388575971126556
7658749952.0,0.022524286061525345
7659687424.0,-0.0048783025704324245
7660624896.0,-0.03086838871240616
7661562368.0,-0.05758910998702049
7662499840.0,-0.08324730396270752
7663437312.0,-0.1101296991109848
7664374784.0,-0.13482937216758728
7665312256.0,-0.1602441817522049
7666250240.0,-0.18311700224876404
7667187712.0,-0.2074001133441925
7668125184.0,-0.22825118899345398
7669062656.0,-0.24840909242630005
7670000128.0,-0.2670285105705261
7670937600.0,-0.28487512469291687
7671875072.0,-0.29937732219696045
7672812544.0,-0.31315624713897705
7673750016.0,-0.3241354823112488
7674687488.0,-0.33259516954421997
7675624960.0,-0.3393479883670807
7676562432.0,-0.3407456576824188
7677499904.0,-0.34079083800315857
7678437376.0,-0.3399539589881897
7679374848.0,-0.3346271514892578
7680312320.0,-0.3279602825641632
7681249792.0,-0.3195096254348755
7682187264.0,-0.3071770668029785
7683125248.0,-0.29519879817962646
7684062720.0,-0.2713988125324249
7685000192.0,-0.26146236062049866
7685937664.0,-0.2500552833080292
7686875136.0,-0.2360067069530487
7687812608.0,-0.21989630162715912
7688750080.0,-0.20306913554668427
7689687552.0,-0.18482019007205963
7690625024.0,-0.16673670709133148
7691562496.0,-0.14692340791225433
7692499968.0,-0.1257902830839157
7693437440.0,-0.10596831887960434
7694374912.0,-0.0852600708603859
7695312384.0,-0.06711039692163467
7696249856.0,-0.0480864979326725
7697187328.0,-0.03020573779940605
7698124800.0,-0.012470411136746407
7699062272.0,0.005642870906740427
7699999744.0,0.022732306271791458
7700937728.0,0.03845580667257309
7701875200.0,0.054524872452020645
7702812672.0,0.0699595957994461
7703750144.0,0.08322285115718842
7704687616.0,0.0960962325334549
7705625088.0,0.10936153680086136
7706562560.0,0.12050887197256088
7707500032.0,0.13253627717494965
7708437504.0,0.14170557260513306
7709374976.0,0.15052440762519836
7710312448.0,0.16085444390773773
7711249920.0,0.16978506743907928
7712187392.0,0.1775626242160797
7713124864.0,0.18677644431591034
7714062336.0,0.19222711026668549
7714999808.0,0.20006096363067627
7715937280.0,0.2056279331445694
7716874752.0,0.21198615431785583
7717812736.0,0.21707771718502045
7718750208.0,0.2212470918893814
7719687680.0,0.225990891456604
7720625152.0,0.22891880571842194
7721562624.0,0.231326624751091
7722500096.0,0.23355568945407867
7723437568.0,0.23489077389240265
7724375040.0,0.23525545001029968
7725312512.0,0.23579895496368408
7726249984.0,0.23434743285179138
7727187456.0,0.23190838098526
7728124928.0,0.2290075123310089
7729062400.0,0.22420872747898102
7729999872.0,0.21888312697410583
7730937344.0,0.21308130025863647
7731874816.0,0.20457814633846283
7732812288.0,0.19472484290599823
7733749760.0,0.18343979120254517
7734687744.0,0.17207102477550507
7735625216.0,0.15857413411140442
7736562688.0,0.14293508231639862
7737500160.0,0.12653008103370667
7738437632.0,0.1086982861161232
7739375104.0,0.08847694098949432
7740312576.0,0.06887489557266235
7741250048.0,0.04654080793261528
7742187520.0,0.0235286857932806
7743124992.0,-0.0008232226828113198
7744062464.0,-0.03431624546647072
7744999936.0,-0.03831053525209427
7745937408.0,-0.04232684522867203
7746874880.0,-0.048787008970975876
7747812352.0,-0.05623508244752884
7748749824.0,-0.06451416015625
7749687296.0,-0.07543662935495377
7750624768.0,-0.08577625453472137
7751562752.0,-0.09818536788225174
7752500224.0,-0.11271663010120392
7753437696.0,-0.12862950563430786
7754375168.0,-0.1434287130832672
7755312640.0,-0.1609289050102234
7756250112.0,-0.18011292815208435
7757187584.0,-0.19905105233192444
7758125056.0,-0.21731816232204437
7759062528.0,-0.23589985072612762
7760000000.0,-0.2553342580795288
7760937472.0,-0.2733064293861389
7761874944.0,-0.29215359687805176
7762812416.0,-0.3090091943740845
7763749888.0,-0.3267889618873596
7764687360.0,-0.34331125020980835
7765624832.0,-0.3580642640590668
7766562304.0,-0.37220266461372375
7767499776.0,-0.38442641496658325
7768437248.0,-0.3956802487373352
7769375232.0,-0.4039241671562195
7770312704.0,-0.4125651717185974
7771250176.0,-0.4178416132926941
7772187648.0,-0.4219965636730194
7773125120.0,-0.42363253235816956
7774062592.0,-0.42252829670906067
7775000064.0,-0.4199202358722687
7775937536.0,-0.4149283468723297
7776875008.0,-0.40771666169166565
7777812480.0,-0.3967675566673279
7778749952.0,-0.38405469059944153
7779687424.0,-0.36959874629974365
7780624896.0,-0.3533138334751129
7781562368.0,-0.33361712098121643
7782499840.0,-0.312517374753952
7783437312.0,-0.288887083530426
7784374784.0,-0.2644834816455841
7785312256.0,-0.23689700663089752
7786250240.0,-0.20834124088287354
7787187712.0,-0.17856968939304352
7788125184.0,-0.14652690291404724
7789062656.0,-0.11529435962438583
7790000128.0,-0.08213480561971664
7790937600.0,-0.048439718782901764
7791875072.0,-0.01465450506657362
7792812544.0,0.01860138587653637
7793750016.0,0.053089071065187454
7794687488.0,0.0866023376584053
7795624960.0,0.11927510797977448
7796562432.0,0.15075203776359558
7797499904.0,0.18041324615478516
7798437376.0,0.2100503146648407
7799374848.0,0.23602783679962158
7800312320.0,0.26232436299324036
7801249792.0,0.28501611948013306
7802187264.0,0.30624502897262573
7803125248.0,0.3248238265514374
7804062720.0,0.15286678075790405
7805000192.0,0.16417856514453888
7805937664.0,0.17429232597351074
7806875136.0,0.18209436535835266
7807812608.0,0.18898265063762665
7808750080.0,0.19439926743507385
7809687552.0,0.19716548919677734
7810625024.0,0.19637660682201385
7811562496.0,0.19593802094459534
7812499968.0,0.19131538271903992
7813437440.0,0.18549178540706635
7814374912.0,0.1766720563173294
7815312384.0,0.16652268171310425
7816249856.0,0.1530625969171524
7817187328.0,0.1378501057624817
7818124800.0,0.1205098032951355
7819062272.0,0.1012316644191742
7820000256.0,0.07977339625358582
7820937728.0,0.058216337114572525
7821875200.0,0.03294803202152252
7822812672.0,0.009242558851838112
7823750144.0,-0.016888948157429695
7824687616.0,-0.04242607206106186
7825625088.0,-0.0706966370344162
7826562560.0,-0.09878325462341309
7827500032.0,-0.12740536034107208
7828437504.0,-0.154779314994812
7829374976.0,-0.18350546061992645
7830312448.0,-0.2106868028640747
7831249920.0,-0.2377569079399109
7832187392.0,-0.26486819982528687
7833124864.0,-0.2911229431629181
7834062336.0,-0.3157379925251007
7834999808.0,-0.33988359570503235
7835937280.0,-0.3623705804347992
7836874752.0,-0.38278478384017944
7837812736.0,-0.4022534489631653
7838750208.0,-0.419277161359787
7839687680.0,-0.43450668454170227
7840625152.0,-0.4483099579811096
7841562624.0,-0.4589274823665619
7842500096.0,-0.46877655386924744
7843437568.0,-0.47548192739486694
7844375040.0,-0.4805354177951813
7845312512.0,-0.48343518376350403
7846249984.0,-0.4851604998111725
7847187456.0,-0.48428425192832947
7848124928.0,-0.47925645112991333
7849062400.0,-0.4711051285266876
7849999872.0,-0.46187183260917664
7850937344.0,-0.4516611099243164
7851874816.0,-0.4396951198577881
7852812288.0,-0.4260328710079193
7853749760.0,-0.4128807783126831
7854687744.0,-0.39802053570747375
7855625216.0,-0.3814808130264282
7856562688.0,-0.3645777404308319
7857500160.0,-0.34766650199890137
7858437632.0,-0.3290826082229614
7859375104.0,-0.31125256419181824
7860312576.0,-0.29150858521461487
7861250048.0,-0.2721826136112213
7862187520.0,-0.25439026951789856
7863124992.0,-0.23638789355754852
7864062464.0,-0.21799105405807495
7864999936.0,-0.20051218569278717
7865937408.0,-0.18197885155677795
7866874880.0,-0.16478534042835236
7867812352.0,-0.14660769701004028
7868749824.0,-0.12864206731319427
7869687296.0,-0.11195177584886551
7870624768.0,-0.09411337226629257
7871562752.0,-0.07606332004070282
7872500224.0,-0.059290267527103424
7873437696.0,-0.04260279983282089
7874375168.0,-0.026261111721396446
7875312640.0,-0.010811347514390945
7876250112.0,0.003955035004764795
7877187584.0,0.016547372564673424
7878125056.0,0.028362294659018517
7879062528.0,0.03943408653140068
7880000000.0,0.046534810215234756
7880937472.0,0.05195572227239609
7881874944.0,0.05529312416911125
7882812416.0,0.05562831088900566
7883749888.0,0.05450492352247238
7884687360.0,0.04917106404900551
7885624832.0,0.0435301847755909
7886562304.0,0.0333900973200798
7887499776.0,0.021991413086652756
7888437248.0,0.0067697628401219845
7889375232.0,-0.01043732464313507
7890312704.0,-0.028832178562879562
7891250176.0,-0.050753042101860046
7892187648.0,-0.07444073259830475
7893125120.0,-0.09880249202251434
7894062592.0,-0.12493874877691269
7895000064.0,-0.15208201110363007
7895937536.0,-0.18029801547527313
7896875008.0,-0.20771467685699463
7897812480.0,-0.23706702888011932
7898749952.0,-0.2656470537185669
7899687424.0,-0.2956487536430359
7900624896.0,-0.32516974210739136
7901562368.0,-0.3522898554801941
7902499840.0,-0.3791407644748688
7903437312.0,-0.40536031126976013
7904374784.0,-0.430483877658844
7905312256.0,-0.4547303318977356
7906250240.0,-0.4783269464969635
7907187712.0,-0.5001937747001648
7908125184.0,-0.5200160145759583
7909062656.0,-0.5406472086906433
7910000128.0,-0.5601255893707275
7910937600.0,-0.5793333053588867
7911875072.0,-0.597342312335968
7912812544.0,-0.6151978373527527
7913750016.0,-0.6340845227241516
7914687488.0,-0.6518067717552185
7915624960.0,-0.6702203750610352
7916562432.0,-0.6894344091415405
7917499904.0,-0.7071884870529175
7918437376.0,-0.7260111570358276
7919374848.0,-0.7456685900688171
7920312320.0,-0.767228364944458
7921249792.0,-0.7869390249252319
7922187264.0,-0.8079759478569031
7923125248.0,-0.8299669623374939
7924062720.0,-0.8649814128875732
7925000192.0,-0.8700861930847168
7925937664.0,-0.8728336095809937
7926875136.0,-0.8771483302116394
7927812608.0,-0.8814829587936401
7928750080.0,-0.8844698071479797
7929687552.0,-0.8863256573677063
7930625024.0,-0.8884821534156799
7931562496.0,-0.891960859298706
7932499968.0,-0.8926073908805847
7933437440.0,-0.8931235671043396
7934374912.0,-0.8939499855041504
7935312384.0,-0.8929765820503235
7936249856.0,-0.891006350517273
7937187328.0,-0.8884860277175903
7938124800.0,-0.8837394118309021
7939062272.0,-0.879832923412323
7939999744.0,-0.8726612329483032
7940937728.0,-0.8656365871429443
7941875200.0,-0.8559470772743225
7942812672.0,-0.8457317352294922
7943750144.0,-0.8340891003608704
7944687616.0,-0.8224481344223022
7945625088.0,-0.8059970736503601
7946562560.0,-0.7907950282096863
7947500032.0,-0.771981954574585
7948437504.0,-0.751398503780365
7949374976.0,-0.7323059439659119
7950312448.0,-0.7084920406341553
7951249920.0,-0.6865696310997009
7952187392.0,-0.6625704765319824
7953124864.0,-0.6379842162132263
7954062336.0,-0.6118325591087341
7954999808.0,-0.5852859616279602
7955937280.0,-0.558932900428772
7956874752.0,-0.5313472151756287
7957812736.0,-0.5032868981361389
7958750208.0,-0.4760286808013916
7959687680.0,-0.4471474587917328
7960625152.0,-0.41967132687568665
7961562624.0,-0.39337459206581116
7962500096.0,-0.36527663469314575
7963437568.0,-0.3379870653152466
7964375040.0,-0.3124663233757019
7965312512.0,-0.28720033168792725
7966249984.0,-0.2631818652153015
7967187456.0,-0.24018482863903046
7968124928.0,-0.21847933530807495
7969062400.0,-0.19838358461856842
7969999872.0,-0.17989951372146606
7970937344.0,-0.16268090903759003
7971874816.0,-0.14820341765880585
7972812288.0,-0.13625848293304443
7973749760.0,-0.12545472383499146
7974687744.0,-0.11540184915065765
7975625216.0,-0.10952091962099075
7976562688.0,-0.10541409999132156
7977500160.0,-0.1034693717956543
7978437632.0,-0.103337861597538
7979375104.0,-0.1052393764257431
7980312576.0,-0.1080700010061264
7981250048.0,-0.1125384047627449
7982187520.0,-0.11978121846914291
7983124992.0,-0.12758663296699524
7984062464.0,-0.2467753291130066
7984999936.0,-0.24912868440151215
7985937408.0,-0.25182563066482544
7986874880.0,-0.25512048602104187
7987812352.0,-0.25968876481056213
7988749824.0,-0.26443395018577576
7989687296.0,-0.27095064520835876
7990624768.0,-0.27623215317726135
7991562752.0,-0.28411024808883667
7992500224.0,-0.29180270433425903
7993437696.0,-0.29994475841522217
7994375168.0,-0.30988726019859314
7995312640.0,-0.31854283809661865
7996250112.0,-0.32913246750831604
7997187584.0,-0.3387722074985504
7998125056.0,-0.34979209303855896
7999062528.0,-0.35906746983528137
8000000000.0,-0.36826297640800476
