Frequency (Hz),Measurement
2000000000.0,0.1679210215806961
2000937472.0,0.15952247381210327
2001874944.0,0.1505851298570633
2002812544.0,0.1414116621017456
2003750016.0,0.13004566729068756
2004687488.0,0.11926864832639694
2005624960.0,0.10746584087610245
2006562560.0,0.09446801990270615
2007500032.0,0.08175528794527054
2008437504.0,0.06923020631074905
2009374976.0,0.055368710309267044
2010312448.0,0.041419822722673416
2011250048.0,0.027286246418952942
2012187520.0,0.012471380643546581
2013124992.0,-0.0014267719816416502
2014062464.0,-0.01674647070467472
2015000064.0,-0.030668646097183228
2015937536.0,-0.044488221406936646
2016875008.0,-0.058767419308423996
2017812480.0,-0.07168443500995636
2018749952.0,-0.08462339639663696
2019687552.0,-0.09641002863645554
2020625024.0,-0.10654313862323761
2021562496.0,-0.11661770194768906
2022499968.0,-0.12506696581840515
2023437440.0,-0.13131873309612274
2024375040.0,-0.13785740733146667
2025312512.0,-0.1415930837392807
2026249984.0,-0.14445309340953827
2027187456.0,-0.14571714401245117
2028125056.0,-0.1451330929994583
2029062528.0,-0.14278820157051086
2030000000.0,-0.139532670378685
2030937472.0,-0.13406690955162048
2031874944.0,-0.12732994556427002
2032812544.0,-0.11975299566984177
2033750016.0,-0.10963408648967743
2034687488.0,-0.09930704534053802
2035624960.0,-0.0883481502532959
2036562560.0,-0.07582937180995941
2037500032.0,-0.06309892982244492
2038437504.0,-0.049260884523391724
2039374976.0,-0.03540808707475662
2040312448.0,-0.021156437695026398
2041250048.0,-0.005977928172796965
2042187520.0,0.008022298105061054
2043124992.0,0.021130243316292763
2044062464.0,0.03500461205840111
2044999936.0,0.04828232526779175
2045937536.0,0.06042773276567459
2046875008.0,0.0718056857585907
2047812480.0,0.0821128785610199
2048749952.0,0.0792064368724823
2049687552.0,0.08795002102851868
2050625024.0,0.09490305930376053
2051562496.0,0.10030409693717957
2052499968.0,0.10461398959159851
2053437440.0,0.1063777357339859
2054375040.0,0.10658034682273865
2055312512.0,0.10400013625621796
2056249984.0,0.09946998953819275
2057187456.0,0.09371984750032425
2058125056.0,0.0857781395316124
2059062528.0,0.0749005451798439
2060000000.0,0.0635095164179802
2060937472.0,0.04986352100968361
2061874944.0,0.03576426953077316
2062812544.0,0.019482256844639778
2063750016.0,0.003187922528013587
2064687488.0,-0.01371398102492094
2065624960.0,-0.03073331154882908
2066562560.0,-0.04759269952774048
2067500032.0,-0.06474021077156067
2068437504.0,-0.08191847801208496
2069374976.0,-0.09524581581354141
2070312448.0,-0.10977935791015625
2071250048.0,-0.12286997586488724
2072187520.0,-0.13262492418289185
2073124992.0,-0.1417911946773529
2074062464.0,-0.1490110158920288
2075000064.0,-0.15498097240924835
2075937536.0,-0.1574351191520691
2076875008.0,-0.15813736617565155
2077812480.0,-0.15797604620456696
2078749952.0,-0.1549573838710785
2079687552.0,-0.150447279214859
2080625024.0,-0.14368769526481628
2081562496.0,-0.13567669689655304
2082499968.0,-0.12744972109794617
2083437440.0,-0.11656609922647476
2084375040.0,-0.10621868073940277
2085312512.0,-0.09469204396009445
2086249984.0,-0.08313076943159103
2087187456.0,-0.07168909162282944
2088125056.0,-0.058511365205049515
2089062528.0,-0.047989532351493835
2090000000.0,-0.036641571670770645
2090937472.0,-0.0264287069439888
2091874944.0,-0.016562538221478462
2092812544.0,-0.00745593523606658
2093750016.0,0.0009239835781045258
2094687488.0,0.008922206237912178
2095624960.0,0.015679901465773582
2096562560.0,0.020775020122528076
2097500032.0,0.025680692866444588
2098437504.0,0.030966999009251595
2099374976.0,0.035198286175727844
2100312448.0,0.03940437361598015
2101250048.0,0.04236578568816185
2102187520.0,0.046977218240499496
2103124992.0,0.0503736287355423
2104062464.0,0.05386916548013687
2104999936.0,0.057231344282627106
2105937536.0,0.06203150004148483
2106875008.0,0.06566813588142395
2107812480.0,0.07064121216535568
2108749952.0,0.10081314295530319
2109687552.0,0.10669469833374023
2110625024.0,0.11277055740356445
2111562496.0,0.11574047058820724
2112499968.0,0.12019331753253937
2113437440.0,0.12280672043561935
2114375040.0,0.12505614757537842
2115312512.0,0.12620912492275238
2116249984.0,0.12526434659957886
2117187456.0,0.12272875010967255
2118125056.0,0.11940169334411621
2119062528.0,0.11493528634309769
2120000000.0,0.10910346359014511
2120937472.0,0.101740263402462
2121874944.0,0.09430211782455444
2122812544.0,0.08421694487333298
2123750016.0,0.07476326078176498
2124687488.0,0.0636935904622078
2125624960.0,0.05227650701999664
2126562560.0,0.04025675728917122
2127500032.0,0.026601944118738174
2128437504.0,0.01442909985780716
2129374976.0,0.0011795670725405216
2130312448.0,-0.01106435526162386
2131250048.0,-0.02288191206753254
2132187520.0,-0.03538847342133522
2133124992.0,-0.047354377806186676
2134062464.0,-0.05744392052292824
2135000064.0,-0.06664275377988815
2135937536.0,-0.07438376545906067
2136875008.0,-0.0823473408818245
2137812480.0,-0.08767477422952652
2138749952.0,-0.0919949859380722
2139687552.0,-0.09556322544813156
2140625024.0,-0.0973779708147049
2141562496.0,-0.09805987775325775
2142499968.0,-0.09744790196418762
2143437440.0,-0.09562835097312927
2144375040.0,-0.09175281226634979
2145312512.0,-0.08692450821399689
2146249984.0,-0.08173096179962158
2147187456.0,-0.07487846165895462
2148124928.0,-0.0677153691649437
2149062400.0,-0.05949521064758301
2150000128.0,-0.0509139783680439
2150937600.0,-0.0412047915160656
2151875072.0,-0.03244638442993164
2152812544.0,-0.022054100409150124
2153750016.0,-0.013534157536923885
2154687488.0,-0.0038717123679816723
2155624960.0,0.005493739154189825
2156562432.0,0.014036612585186958
2157499904.0,0.021597541868686676
2158437376.0,0.02957257069647312
2159375104.0,0.03543148562312126
2160312576.0,0.04126712307333946
2161250048.0,0.04521317407488823
2162187520.0,0.049672819674015045
2163124992.0,0.05311588570475578
2164062464.0,0.055509693920612335
2164999936.0,0.057968445122241974
2165937408.0,0.059742558747529984
2166874880.0,0.06120128184556961
2167812608.0,0.06198520213365555
2168750080.0,0.13369978964328766
2169687552.0,0.13416792452335358
2170625024.0,0.1327328383922577
2171562496.0,0.12992285192012787
2172499968.0,0.12502406537532806
2173437440.0,0.11944355070590973
2174374912.0,0.11143660545349121
2175312384.0,0.10332543402910233
2176250112.0,0.0925484374165535
2177187584.0,0.08197236061096191
2178125056.0,0.07023690640926361
2179062528.0,0.05814190208911896
2180000000.0,0.044513534754514694
2180937472.0,0.030233586207032204
2181874944.0,0.016880854964256287
2182812416.0,0.0019935574382543564
2183749888.0,-0.011777457781136036
2184687616.0,-0.025539424270391464
2185625088.0,-0.038726482540369034
2186562560.0,-0.052656371146440506
2187500032.0,-0.06453200429677963
2188437504.0,-0.07713371515274048
2189374976.0,-0.08903193473815918
2190312448.0,-0.09882684797048569
2191249920.0,-0.10849640518426895
2192187392.0,-0.11699027568101883
2193125120.0,-0.12558715045452118
2194062592.0,-0.132751926779747
2195000064.0,-0.13857974112033844
2195937536.0,-0.14303584396839142
2196875008.0,-0.14599266648292542
2197812480.0,-0.1485525369644165
2198749952.0,-0.14992643892765045
2199687424.0,-0.15077294409275055
2200624896.0,-0.1502802073955536
2201562624.0,-0.14981219172477722
2202500096.0,-0.14810484647750854
2203437568.0,-0.14596277475357056
2204375040.0,-0.14349515736103058
2205312512.0,-0.14086796343326569
2206249984.0,-0.1367163211107254
2207187456.0,-0.13240675628185272
2208124928.0,-0.1269811987876892
2209062400.0,-0.1220608651638031
2209999872.0,-0.11634720116853714
2210937600.0,-0.10977392643690109
2211875072.0,-0.10255397856235504
2212812544.0,-0.09486395865678787
2213750016.0,-0.08636732399463654
2214687488.0,-0.07967616617679596
2215624960.0,-0.07022460550069809
2216562432.0,-0.060695189982652664
2217499904.0,-0.052470363676548004
2218437376.0,-0.04364131763577461
2219375104.0,-0.03454098850488663
2220312576.0,-0.024630257859826088
2221250048.0,-0.013795380480587482
2222187520.0,-0.003300646087154746
2223124992.0,0.0062962984666228294
2224062464.0,0.01698874682188034
2224999936.0,0.027026338502764702
2225937408.0,0.037775494158267975
2226874880.0,0.04800727590918541
2227812608.0,0.05817717686295509
2228750080.0,0.06473791599273682
2229687552.0,0.0722142681479454
2230625024.0,0.0806083157658577
2231562496.0,0.0884774774312973
2232499968.0,0.09606234729290009
2233437440.0,0.10242391377687454
2234374912.0,0.10684926807880402
2235312384.0,0.10981851816177368
2236250112.0,0.11029220372438431
2237187584.0,0.10894248634576797
2238125056.0,0.10630084574222565
2239062528.0,0.10231475532054901
2240000000.0,0.09614556282758713
2240937472.0,0.08863848447799683
2241874944.0,0.07943332195281982
2242812416.0,0.06954389810562134
2243749888.0,0.058718014508485794
2244687616.0,0.04682031646370888
2245625088.0,0.0340985469520092
2246562560.0,0.019829854369163513
2247500032.0,0.004662432707846165
2248437504.0,-0.011025337502360344
2249374976.0,-0.02769799530506134
2250312448.0,-0.04520151764154434
2251249920.0,-0.063624307513237
2252187392.0,-0.08276597410440445
2253125120.0,-0.10213212668895721
2254062592.0,-0.12287876754999161
2255000064.0,-0.1425826996564865
2255937536.0,-0.16237212717533112
2256875008.0,-0.1821216493844986
2257812480.0,-0.20195430517196655
2258749952.0,-0.22222615778446198
2259687424.0,-0.24143192172050476
2260624896.0,-0.2612817883491516
2261562624.0,-0.27965518832206726
2262500096.0,-0.2968778908252716
2263437568.0,-0.31329306960105896
2264375040.0,-0.328220009803772
2265312512.0,-0.34280532598495483
2266249984.0,-0.3547388017177582
2267187456.0,-0.36604446172714233
2268124928.0,-0.3764878511428833
2269062400.0,-0.3849869966506958
2270000128.0,-0.39197254180908203
2270937600.0,-0.3969151973724365
2271875072.0,-0.39994627237319946
2272812544.0,-0.4022437334060669
2273750016.0,-0.4020417034626007
2274687488.0,-0.40069910883903503
2275624960.0,-0.3976122736930847
2276562432.0,-0.39287251234054565
2277499904.0,-0.38827839493751526
2278437376.0,-0.38096845149993896
2279375104.0,-0.37300223112106323
2280312576.0,-0.3640730082988739
2281250048.0,-0.3540518879890442
2282187520.0,-0.3428991734981537
2283124992.0,-0.3310728669166565
2284062464.0,-0.3182756304740906
2284999936.0,-0.30612170696258545
2285937408.0,-0.29395419359207153
2286874880.0,-0.2837822437286377
2287812608.0,-0.2728227376937866
2288750080.0,-0.28540512919425964
2289687552.0,-0.2874225974082947
2290625024.0,-0.2892076373100281
2291562496.0,-0.2906038463115692
2292499968.0,-0.29248371720314026
2293437440.0,-0.2944818139076233
2294374912.0,-0.297639936208725
2295312384.0,-0.30114132165908813
2296250112.0,-0.3055824041366577
2297187584.0,-0.31196802854537964
2298125056.0,-0.31910642981529236
2299062528.0,-0.32768872380256653
2300000000.0,-0.3379143178462982
2300937472.0,-0.35024794936180115
2301874944.0,-0.3641321659088135
2302812416.0,-0.3800295293331146
2303749888.0,-0.3984628915786743
2304687616.0,-0.4194498658180237
2305625088.0,-0.4425061345100403
2306562560.0,-0.4675084948539734
2307500032.0,-0.4963028132915497
2308437504.0,-0.5275662541389465
2309374976.0,-0.5575072169303894
2310312448.0,-0.5828717947006226
2311249920.0,-0.6071921586990356
2312187392.0,-0.634425163269043
2313125120.0,-0.6622774600982666
2314062592.0,-0.6919991374015808
2315000064.0,-0.7225847840309143
2315937536.0,-0.7545509934425354
2316875008.0,-0.7870807647705078
2317812480.0,-0.8197185397148132
2318749952.0,-0.852932333946228
2319687424.0,-0.8850381970405579
2320624896.0,-0.9160254597663879
2321562624.0,-0.9470251202583313
2322500096.0,-0.9758772253990173
2323437568.0,-1.003598690032959
2324375040.0,-1.0290493965148926
2325312512.0,-1.0523185729980469
2326249984.0,-1.0729429721832275
2327187456.0,-1.0917150974273682
2328124928.0,-1.1084511280059814
2329062400.0,-1.1228008270263672
2329999872.0,-1.1356728076934814
2330937600.0,-1.144837737083435
2331875072.0,-1.152697205543518
2332812544.0,-1.1571234464645386
2333750016.0,-1.1589820384979248
2334687488.0,-1.1586874723434448
2335624960.0,-1.156040072441101
2336562432.0,-1.1506502628326416
2337499904.0,-1.1435092687606812
2338437376.0,-1.1350229978561401
2339375104.0,-1.1235158443450928
2340312576.0,-1.1107298135757446
2341250048.0,-1.0971308946609497
2342187520.0,-1.0831074714660645
2343124992.0,-1.067126750946045
2344062464.0,-1.0504755973815918
2344999936.0,-1.0344637632369995
2345937408.0,-1.0171757936477661
2346874880.0,-1.0000616312026978
2347812608.0,-0.9837548732757568
2348750080.0,-0.9556242823600769
2349687552.0,-0.9441593289375305
2350625024.0,-0.9361246824264526
2351562496.0,-0.9253427982330322
2352499968.0,-0.9165985584259033
2353437440.0,-0.9082879424095154
2354374912.0,-0.9014876484870911
2355312384.0,-0.895209014415741
2356250112.0,-0.8915327787399292
2357187584.0,-0.8885080814361572
2358125056.0,-0.8864931464195251
2359062528.0,-0.8866713643074036
2360000000.0,-0.8888271450996399
2360937472.0,-0.8913298845291138
2361874944.0,-0.8953612446784973
2362812416.0,-0.9017543196678162
2363749888.0,-0.9096490740776062
2364687616.0,-0.9188024401664734
2365625088.0,-0.9296004176139832
2366562560.0,-0.9407870173454285
2367500032.0,-0.9540792107582092
2368437504.0,-0.9662182927131653
2369374976.0,-0.9795593619346619
2370312448.0,-0.9921608567237854
2371249920.0,-1.005245327949524
2372187392.0,-1.017619013786316
2373125120.0,-1.026743769645691
2374062592.0,-1.035211205482483
2375000064.0,-1.0421990156173706
2375937536.0,-1.046037197113037
2376875008.0,-1.0462265014648438
2377812480.0,-1.0432798862457275
2378749952.0,-1.0378485918045044
2379687424.0,-1.0285371541976929
2380624896.0,-1.015220046043396
2381562624.0,-0.9998664855957031
2382500096.0,-0.9804089069366455
2383437568.0,-0.9582601189613342
2384375040.0,-0.9334660768508911
2385312512.0,-0.9053670763969421
2386249984.0,-0.8755024671554565
2387187456.0,-0.8445896506309509
2388124928.0,-0.8110929727554321
2389062400.0,-0.777363657951355
2390000128.0,-0.7434114217758179
2390937600.0,-0.7088922262191772
2391875072.0,-0.6750502586364746
2392812544.0,-0.6416110992431641
2393750016.0,-0.6083944439888
2394687488.0,-0.5754585266113281
2395624960.0,-0.5439829230308533
2396562432.0,-0.5125956535339355
2397499904.0,-0.4839025139808655
2398437376.0,-0.4542417824268341
2399375104.0,-0.4262489378452301
2400312576.0,-0.4002171754837036
2401250048.0,-0.3724783957004547
2402187520.0,-0.3494594395160675
2403124992.0,-0.3241461515426636
2404062464.0,-0.30042392015457153
2404999936.0,-0.2777743637561798
2405937408.0,-0.25462594628334045
2406874880.0,-0.23234429955482483
2407812608.0,-0.2119118571281433
2408750080.0,-0.13997918367385864
2409687552.0,-0.11872205138206482
2410625024.0,-0.09926323592662811
2411562496.0,-0.08067584037780762
2412499968.0,-0.06528753787279129
2413437440.0,-0.05144066363573074
2414374912.0,-0.038894180208444595
2415312384.0,-0.03026597574353218
2416250112.0,-0.023829979822039604
2417187584.0,-0.020132336765527725
2418125056.0,-0.019882267341017723
2419062528.0,-0.023263387382030487
2420000000.0,-0.029554888606071472
2420937472.0,-0.039351604878902435
2421874944.0,-0.05246993899345398
2422812416.0,-0.06846152245998383
2423749888.0,-0.08640751242637634
2424687616.0,-0.10789208859205246
2425625088.0,-0.1323913335800171
2426562560.0,-0.1581576019525528
2427500032.0,-0.18530049920082092
2428437504.0,-0.21423955261707306
2429374976.0,-0.2436021864414215
2430312448.0,-0.2738918364048004
2431249920.0,-0.30252987146377563
2432187392.0,-0.332160085439682
2433125120.0,-0.35888978838920593
2434062592.0,-0.3856051564216614
2435000064.0,-0.4084205627441406
2435937536.0,-0.4299449324607849
2436875008.0,-0.44727852940559387
2437812480.0,-0.46309933066368103
2438749952.0,-0.4754562973976135
2439687424.0,-0.48439541459083557
2440624896.0,-0.48807066679000854
2441562624.0,-0.49070924520492554
2442500096.0,-0.4875620901584625
2443437568.0,-0.4806155562400818
2444375040.0,-0.4714752733707428
2445312512.0,-0.4580785632133484
2446249984.0,-0.441351056098938
2447187456.0,-0.4207683801651001
2448124928.0,-0.39884209632873535
2449062400.0,-0.37445470690727234
2449999872.0,-0.34731051325798035
2450937600.0,-0.3177736699581146
2451875072.0,-0.28691336512565613
2452812544.0,-0.25568753480911255
2453750016.0,-0.222621351480484
2454687488.0,-0.18924590945243835
2455624960.0,-0.15666094422340393
2456562432.0,-0.12287299335002899
2457499904.0,-0.09001908451318741
2458437376.0,-0.05718068405985832
2459375104.0,-0.024860884994268417
2460312576.0,0.005992735270410776
2461250048.0,0.03669224679470062
2462187520.0,0.06619082391262054
2463124992.0,0.09385378658771515
2464062464.0,0.12022296339273453
2464999936.0,0.14525049924850464
2465937408.0,0.16872164607048035
2466874880.0,0.19111183285713196
2467812608.0,0.21173176169395447
2468750080.0,0.12097931653261185
2469687552.0,0.13369983434677124
2470625024.0,0.14862008392810822
2471562496.0,0.16171935200691223
2472499968.0,0.1721455305814743
2473437440.0,0.18078158795833588
2474374912.0,0.18785712122917175
2475312384.0,0.19249190390110016
2476250112.0,0.19477340579032898
2477187584.0,0.19559445977210999
2478125056.0,0.1950075626373291
2479062528.0,0.19219039380550385
2480000000.0,0.18762531876564026
2480937472.0,0.1801508218050003
2481874944.0,0.1714591532945633
2482812416.0,0.1609460562467575
2483749888.0,0.1485830545425415
2484687616.0,0.13434948027133942
2485625088.0,0.12001317739486694
2486562560.0,0.10176301747560501
2487500032.0,0.08395993709564209
2488437504.0,0.06469019502401352
2489374976.0,0.043753188103437424
2490312448.0,0.024300072342157364
2491249920.0,0.00298957503400743
2492187392.0,-0.01816488243639469
2493125120.0,-0.03905893862247467
2494062592.0,-0.059898797422647476
2495000064.0,-0.07970819622278214
2495937536.0,-0.10022768378257751
2496875008.0,-0.11841876059770584
2497812480.0,-0.13602794706821442
2498749952.0,-0.15242896974086761
2499687424.0,-0.16697809100151062
2500624896.0,-0.1804007887840271
2501562624.0,-0.1925642192363739
2502500096.0,-0.2012762427330017
2503437568.0,-0.20915058255195618
2504375040.0,-0.2159038931131363
2505312512.0,-0.21928730607032776
2506249984.0,-0.22025766968727112
2507187456.0,-0.22037045657634735
2508124928.0,-0.2183179259300232
2509062400.0,-0.21349330246448517
2510000128.0,-0.20718684792518616
2510937600.0,-0.1993047595024109
2511875072.0,-0.1901753544807434
2512812544.0,-0.1780606359243393
2513750016.0,-0.16509020328521729
2514687488.0,-0.15047000348567963
2515624960.0,-0.13421514630317688
2516562432.0,-0.11843252182006836
2517499904.0,-0.10068880021572113
2518437376.0,-0.08259586244821548
2519375104.0,-0.06347838044166565
2520312576.0,-0.04379107058048248
2521250048.0,-0.024501120671629906
2522187520.0,-0.0050830598920583725
2523124992.0,0.015050676651299
2524062464.0,0.033510491251945496
2524999936.0,0.05190987512469292
2525937408.0,0.06969767808914185
2526874880.0,0.08554490655660629
2527812608.0,0.10208792984485626
2528750080.0,0.15462951362133026
2529687552.0,0.1597888022661209
2530625024.0,0.16455300152301788
2531562496.0,0.16863960027694702
2532499968.0,0.17227335274219513
2533437440.0,0.174448624253273
2534374912.0,0.1764872968196869
2535312384.0,0.17630992829799652
2536250112.0,0.17523832619190216
2537187584.0,0.17360636591911316
2538125056.0,0.17132845520973206
2539062528.0,0.16758501529693604
2540000000.0,0.16327878832817078
2540937472.0,0.15689648687839508
2541874944.0,0.15041165053844452
2542812416.0,0.14284786581993103
2543749888.0,0.1342208981513977
2544687616.0,0.12304956465959549
2545625088.0,0.11279017478227615
2546562560.0,0.10031448304653168
2547500032.0,0.0870530977845192
2548437504.0,0.0731077492237091
2549374976.0,0.058924999088048935
2550312448.0,0.044530563056468964
2551249920.0,0.027204329147934914
2552187392.0,0.012149372138082981
2553125120.0,-0.004841015674173832
2554062592.0,-0.02170480787754059
2555000064.0,-0.037427354604005814
2555937536.0,-0.05336379632353783
2556875008.0,-0.06889457255601883
2557812480.0,-0.0842946469783783
2558749952.0,-0.09784013032913208
2559687424.0,-0.11056088656187057
2560624896.0,-0.12196139246225357
2561562624.0,-0.13254669308662415
2562500096.0,-0.14001868665218353
2563437568.0,-0.14718325436115265
2564375040.0,-0.15273568034172058
2565312512.0,-0.15675288438796997
2566249984.0,-0.1588645726442337
2567187456.0,-0.15695679187774658
2568124928.0,-0.15480253100395203
2569062400.0,-0.15029843151569366
2569999872.0,-0.1446894407272339
2570937600.0,-0.13600608706474304
2571875072.0,-0.1272280365228653
2572812544.0,-0.11558189988136292
2573750016.0,-0.10288016498088837
2574687488.0,-0.0880322977900505
2575624960.0,-0.07210440933704376
2576562432.0,-0.05501689016819
2577499904.0,-0.0371963270008564
2578437376.0,-0.01823738031089306
2579375104.0,0.0007431801641359925
2580312576.0,0.020977791398763657
2581250048.0,0.04007646441459656
2582187520.0,0.05953197181224823
2583124992.0,0.07822039723396301
2584062464.0,0.09764723479747772
2584999936.0,0.11448004841804504
2585937408.0,0.13103336095809937
2586874880.0,0.14497295022010803
2587812608.0,0.1585836261510849
2588750080.0,0.18263764679431915
2589687552.0,0.19068816304206848
2590625024.0,0.19493013620376587
2591562496.0,0.1984119713306427
2592499968.0,0.19879166781902313
2593437440.0,0.19766688346862793
2594374912.0,0.1932973712682724
2595312384.0,0.18775883316993713
2596250112.0,0.1803845316171646
2597187584.0,0.17113661766052246
2598125056.0,0.16016839444637299
2599062528.0,0.14649857580661774
2600000000.0,0.13277509808540344
2600937472.0,0.1177205741405487
2601874944.0,0.102012500166893
2602812416.0,0.08648821711540222
2603749888.0,0.06954645365476608
2604687616.0,0.053940556943416595
2605625088.0,0.037435535341501236
2606562560.0,0.021650591865181923
2607500032.0,0.005171340424567461
2608437504.0,-0.010016774758696556
2609374976.0,-0.02497265301644802
2610312448.0,-0.03805944696068764
2611249920.0,-0.050628792494535446
2612187392.0,-0.06150275841355324
2613125120.0,-0.07091253995895386
2614062592.0,-0.08026023209095001
2615000064.0,-0.08901141583919525
2615937536.0,-0.09491171687841415
2616875008.0,-0.10061430931091309
2617812480.0,-0.105341836810112
2618749952.0,-0.10913143306970596
2619687424.0,-0.11138208210468292
2620624896.0,-0.11236000061035156
2621562624.0,-0.11320064216852188
2622500096.0,-0.1132582575082779
2623437568.0,-0.11120525747537613
2624375040.0,-0.10927105695009232
2625312512.0,-0.10704027861356735
2626249984.0,-0.10387628525495529
2627187456.0,-0.10030195862054825
2628124928.0,-0.09600702673196793
2629062400.0,-0.09059800207614899
2630000128.0,-0.08523830771446228
2630937600.0,-0.07905901968479156
2631875072.0,-0.07256218791007996
2632812544.0,-0.0652373656630516
2633750016.0,-0.05678876116871834
2634687488.0,-0.048487357795238495
2635624960.0,-0.0399291105568409
2636562432.0,-0.02960267849266529
2637499904.0,-0.01787666045129299
2638437376.0,-0.006745298858731985
2639375104.0,0.005444064736366272
2640312576.0,0.01815606839954853
2641250048.0,0.03223421052098274
2642187520.0,0.046825800091028214
2643124992.0,0.06137935817241669
2644062464.0,0.07696288079023361
2644999936.0,0.09234637022018433
2645937408.0,0.1077888086438179
2646874880.0,0.12390241771936417
2647812608.0,0.19753099977970123
2648750080.0,0.2079678624868393
2649687552.0,0.21574771404266357
2650625024.0,0.22208453714847565
2651562496.0,0.22682125866413116
2652499968.0,0.2291051149368286
2653437440.0,0.22843027114868164
2654374912.0,0.22496643662452698
2655312384.0,0.21911503374576569
2656250112.0,0.20968486368656158
2657187584.0,0.17145387828350067
2658125056.0,0.15350742638111115
2659062528.0,0.13203205168247223
2660000000.0,0.10918360948562622
2660937472.0,0.08380324393510818
2661874944.0,0.05818468704819679
2662812416.0,0.030183488503098488
2663749888.0,0.0008719954057596624
2664687616.0,-0.028258750215172768
2665625088.0,-0.058540940284729004
2666562560.0,-0.0876193568110466
2667500032.0,-0.11553459614515305
2668437504.0,-0.14152246713638306
2669374976.0,-0.16824762523174286
2670312448.0,-0.19161179661750793
2671249920.0,-0.21380791068077087
2672187392.0,-0.23261430859565735
2673125120.0,-0.24776986241340637
2674062592.0,-0.2609501779079437
2675000064.0,-0.27188053727149963
2675937536.0,-0.27923643589019775
2676875008.0,-0.28317442536354065
2677812480.0,-0.2839536964893341
2678749952.0,-0.28215205669403076
2679687424.0,-0.2773405611515045
2680624896.0,-0.27026987075805664
2681562624.0,-0.26006948947906494
2682500096.0,-0.2476874142885208
2683437568.0,-0.2340560257434845
2684375040.0,-0.2183876782655716
2685312512.0,-0.20027251541614532
2686249984.0,-0.18151214718818665
2687187456.0,-0.16227710247039795
2688124928.0,-0.1425943672657013
2689062400.0,-0.12179610878229141
2689999872.0,-0.09994618594646454
2690937600.0,-0.07831772416830063
2691875072.0,-0.05823056399822235
2692812544.0,-0.03777239844202995
2693750016.0,-0.01707082986831665
2694687488.0,0.0030246831011027098
2695624960.0,0.022444967180490494
2696562432.0,0.04168698564171791
2697499904.0,0.05966144800186157
2698437376.0,0.07811328768730164
2699375104.0,0.09560948610305786
2700312576.0,0.11296463757753372
2701250048.0,0.12904608249664307
2702187520.0,0.14593271911144257
2703124992.0,0.16146661341190338
2704062464.0,0.17595963180065155
2704999936.0,0.19056719541549683
2705937408.0,0.20408719778060913
2706874880.0,0.21671190857887268
2707812608.0,0.187217116355896
2708750080.0,0.19310027360916138
2709687552.0,0.19773943722248077
2710625024.0,0.20148587226867676
2711562496.0,0.20312204957008362
2712499968.0,0.20435115694999695
2713437440.0,0.20229469239711761
2714374912.0,0.2008776068687439
2715312384.0,0.19602636992931366
2716250112.0,0.19031494855880737
2717187584.0,0.18393471837043762
2718125056.0,0.17532724142074585
2719062528.0,0.16568832099437714
2720000000.0,0.15396609902381897
2720937472.0,0.14106155931949615
2721874944.0,0.12712876498699188
2722812416.0,0.11186257749795914
2723749888.0,0.09457027912139893
2724687616.0,0.0782635435461998
2725625088.0,0.060623712837696075
2726562560.0,0.0417616106569767
2727500032.0,0.021766476333141327
2728437504.0,0.0024353712797164917
2729374976.0,-0.016930053010582924
2730312448.0,-0.03761504590511322
2731249920.0,-0.05656154826283455
2732187392.0,-0.076053187251091
2733125120.0,-0.09384876489639282
2734062592.0,-0.11193039268255234
2735000064.0,-0.12923508882522583
2735937536.0,-0.1462496668100357
2736875008.0,-0.1606789082288742
2737812480.0,-0.17439129948616028
2738749952.0,-0.18671880662441254
2739687424.0,-0.1968194842338562
2740624896.0,-0.2062370777130127
2741562624.0,-0.21318668127059937
2742500096.0,-0.2189786285161972
2743437568.0,-0.22298608720302582
2744375040.0,-0.22502319514751434
2745312512.0,-0.22532792389392853
2746249984.0,-0.2230032980442047
2747187456.0,-0.21904122829437256
2748124928.0,-0.21377304196357727
2749062400.0,-0.20585021376609802
2750000128.0,-0.19614560902118683
2750937600.0,-0.18636220693588257
2751875072.0,-0.17289547622203827
2752812544.0,-0.15830078721046448
2753750016.0,-0.1430986374616623
2754687488.0,-0.12629076838493347
2755624960.0,-0.10832465440034866
2756562432.0,-0.0910019651055336
2757499904.0,-0.07170895487070084
2758437376.0,-0.05203644931316376
2759375104.0,-0.03228208050131798
2760312576.0,-0.012006863951683044
2761250048.0,0.007364185526967049
2762187520.0,0.027075840160250664
2763124992.0,0.046065621078014374
2764062464.0,0.06363653391599655
2764999936.0,0.08233609050512314
2765937408.0,0.09824737161397934
2766874880.0,0.11383330821990967
2767812608.0,0.16829945147037506
2768750080.0,0.1689407080411911
2769687552.0,0.166976660490036
2770625024.0,0.16439414024353027
2771562496.0,0.16089873015880585
2772499968.0,0.1564057469367981
2773437440.0,0.1512615829706192
2774374912.0,0.1437653750181198
2775312384.0,0.13742604851722717
2776250112.0,0.12977135181427002
2777187584.0,0.12137418240308762
2778125056.0,0.11216177046298981
2779062528.0,0.10269521176815033
2780000000.0,0.09132667630910873
2780937472.0,0.08056097477674484
2781874944.0,0.06849239766597748
2782812416.0,0.05598476529121399
2783749888.0,0.04323507100343704
2784687616.0,0.030835991725325584
2785625088.0,0.016508566215634346
2786562560.0,0.0034695458598434925
2787500032.0,-0.009671005420386791
2788437504.0,-0.022994931787252426
2789374976.0,-0.03575832396745682
2790312448.0,-0.049271225929260254
2791249920.0,-0.06146667152643204
2792187392.0,-0.07380855828523636
2793125120.0,-0.08537384122610092
2794062592.0,-0.09457557648420334
2795000064.0,-0.1051744893193245
2795937536.0,-0.11302933096885681
2796875008.0,-0.12144117802381516
2797812480.0,-0.12874414026737213
2798749952.0,-0.13403597474098206
2799687424.0,-0.137844517827034
2800624896.0,-0.14030572772026062
2801562624.0,-0.14192284643650055
2802500096.0,-0.14256130158901215
2803437568.0,-0.13965868949890137
2804375040.0,-0.13667109608650208
2805312512.0,-0.1321602314710617
2806249984.0,-0.1255938559770584
2807187456.0,-0.11735869199037552
2808124928.0,-0.10714315623044968
2809062400.0,-0.09698280692100525
2809999872.0,-0.08551318198442459
2810937600.0,-0.07154122740030289
2811875072.0,-0.05780113488435745
2812812544.0,-0.04234296828508377
2813750016.0,-0.026864279061555862
2814687488.0,-0.009462518617510796
2815624960.0,0.006533296778798103
2816562432.0,0.02357403188943863
2817499904.0,0.04108395427465439
2818437376.0,0.057367678731679916
2819375104.0,0.0735931321978569
2820312576.0,0.0901663601398468
2821250048.0,0.10489198565483093
2822187520.0,0.1196116954088211
2823124992.0,0.13196879625320435
2824062464.0,0.14321577548980713
2824999936.0,0.15316489338874817
2825937408.0,0.16137434542179108
2826874880.0,0.16813984513282776
2827812608.0,0.1806100308895111
2828750080.0,0.1831643432378769
2829687552.0,0.182085782289505
2830625024.0,0.17870968580245972
2831562496.0,0.17251640558242798
2832499968.0,0.1638551503419876
2833437440.0,0.1540060192346573
2834374912.0,0.14107747375965118
2835312384.0,0.12723037600517273
2836250112.0,0.1113237515091896
2837187584.0,0.0949474349617958
2838125056.0,0.07630214840173721
2839062528.0,0.05701529607176781
2840000000.0,0.03738223761320114
2840937472.0,0.018359074369072914
2841874944.0,-0.0006300784880295396
2842812416.0,-0.018818585202097893
2843749888.0,-0.03638017922639847
2844687616.0,-0.05352157726883888
2845625088.0,-0.07017576694488525
2846562560.0,-0.08544564992189407
2847500032.0,-0.097882941365242
2848437504.0,-0.10943684726953506
2849374976.0,-0.12000507861375809
2850312448.0,-0.12931473553180695
2851249920.0,-0.13455815613269806
2852187392.0,-0.13993914425373077
2853125120.0,-0.14191706478595734
2854062592.0,-0.14234592020511627
2855000064.0,-0.14184708893299103
2855937536.0,-0.1402118057012558
2856875008.0,-0.13599081337451935
2857812480.0,-0.1308380514383316
2858749952.0,-0.12484652549028397
2859687424.0,-0.11694083362817764
2860624896.0,-0.10767599940299988
2861562624.0,-0.0986180230975151
2862500096.0,-0.08795979619026184
2863437568.0,-0.07678525894880295
2864375040.0,-0.06532024592161179
2865312512.0,-0.05312613397836685
2866249984.0,-0.04045029729604721
2867187456.0,-0.028310805559158325
2868124928.0,-0.015811827033758163
2869062400.0,-0.003060753457248211
2870000128.0,0.00953381136059761
2870937600.0,0.02164863608777523
2871875072.0,0.034786105155944824
2872812544.0,0.04641946777701378
2873750016.0,0.058372363448143005
2874687488.0,0.07003305107355118
2875624960.0,0.08068744838237762
2876562432.0,0.09088853001594543
2877499904.0,0.10122940689325333
2878437376.0,0.11076854914426804
2879375104.0,0.12021496891975403
2880312576.0,0.1291981041431427
2881250048.0,0.1372012495994568
2882187520.0,0.1432606428861618
2883124992.0,0.1502067595720291
2884062464.0,0.15519824624061584
2884999936.0,0.15923723578453064
2885937408.0,0.16203130781650543
2886874880.0,0.16431298851966858
2887812608.0,0.1655454784631729
2888750080.0,0.16597315669059753
2889687552.0,0.16444054245948792
2890625024.0,0.16233983635902405
2891562496.0,0.1575881540775299
2892499968.0,0.15184728801250458
2893437440.0,0.14516915380954742
2894374912.0,0.13623091578483582
2895312384.0,0.12545809149742126
2896250112.0,0.11255498230457306
2897187584.0,0.09864549338817596
2898125056.0,0.0839671865105629
2899062528.0,0.06784282624721527
2900000000.0,0.0500938780605793
2900937472.0,0.033029135316610336
2901874944.0,0.014455779455602169
2902812416.0,-0.004176132846623659
2903749888.0,-0.0222744382917881
2904687616.0,-0.040777646005153656
2905625088.0,-0.06002189591526985
2906562560.0,-0.07863152772188187
2907500032.0,-0.09492269158363342
2908437504.0,-0.11132842302322388
2909374976.0,-0.12591829895973206
2910312448.0,-0.13939876854419708
2911249920.0,-0.15084610879421234
2912187392.0,-0.1610979288816452
2913125120.0,-0.17022353410720825
2914062592.0,-0.17747437953948975
2915000064.0,-0.18188077211380005
2915937536.0,-0.18440504372119904
2916875008.0,-0.18448127806186676
2917812480.0,-0.18232886493206024
2918749952.0,-0.1788661926984787
2919687424.0,-0.1727532297372818
2920624896.0,-0.1644769310951233
2921562624.0,-0.1547754406929016
2922500096.0,-0.1434040665626526
2923437568.0,-0.1301245093345642
2924375040.0,-0.11579228192567825
2925312512.0,-0.09969185292720795
2926249984.0,-0.08357555419206619
2927187456.0,-0.06664212048053741
2928124928.0,-0.04822034016251564
2929062400.0,-0.030302029103040695
2929999872.0,-0.0108176963403821
2930937600.0,0.006866310257464647
2931875072.0,0.025093134492635727
2932812544.0,0.04158712550997734
2933750016.0,0.058652106672525406
2934687488.0,0.07393895834684372
2935624960.0,0.08866884559392929
2936562432.0,0.10217707604169846
2937499904.0,0.11459843069314957
2938437376.0,0.12418919056653976
2939375104.0,0.13349059224128723
2940312576.0,0.14047710597515106
2941250048.0,0.14655467867851257
2942187520.0,0.15045467019081116
2943124992.0,0.1537693738937378
2944062464.0,0.15522252023220062
2944999936.0,0.15475496649742126
2945937408.0,0.15341800451278687
2946874880.0,0.15098655223846436
2947812608.0,0.14559850096702576
2948750080.0,0.14218515157699585
2949687552.0,0.13885104656219482
2950625024.0,0.13417582213878632
2951562496.0,0.12933281064033508
2952499968.0,0.12265896797180176
2953437440.0,0.11612085998058319
2954374912.0,0.10770218819379807
2955312384.0,0.09783539175987244
2956250112.0,0.08970091491937637
2957187584.0,0.08012464642524719
2958125056.0,0.06933066248893738
2959062528.0,0.05810173973441124
2960000000.0,0.04849961772561073
2960937472.0,0.0364561602473259
2961874944.0,0.024165300652384758
2962812416.0,0.012312760576605797
2963749888.0,-0.00022534409072250128
2964687616.0,-0.012242482975125313
2965625088.0,-0.024987351149320602
2966562560.0,-0.03803357854485512
2967500032.0,-0.04862116277217865
2968437504.0,-0.06090306490659714
2969374976.0,-0.07041684538125992
2970312448.0,-0.08224335312843323
2971249920.0,-0.09230276942253113
2972187392.0,-0.10171537846326828
2973125120.0,-0.10995674133300781
2974062592.0,-0.11787708103656769
2975000064.0,-0.12511314451694489
2975937536.0,-0.13082894682884216
2976875008.0,-0.1356075555086136
2977812480.0,-0.140479177236557
2978749952.0,-0.14306427538394928
2979687424.0,-0.14451929926872253
2980624896.0,-0.14452631771564484
2981562624.0,-0.14454297721385956
2982500096.0,-0.14310112595558167
2983437568.0,-0.1400546431541443
2984375040.0,-0.13762402534484863
2985312512.0,-0.1319911777973175
2986249984.0,-0.1259029060602188
2987187456.0,-0.11949821561574936
2988124928.0,-0.112380251288414
2989062400.0,-0.10462803393602371
2990000128.0,-0.09670737385749817
2990937600.0,-0.08797948807477951
2991875072.0,-0.07927389442920685
2992812544.0,-0.07026404142379761
2993750016.0,-0.06050778180360794
2994687488.0,-0.05190595984458923
2995624960.0,-0.042592596262693405
2996562432.0,-0.03466789796948433
2997499904.0,-0.026427598670125008
2998437376.0,-0.019118405878543854
2999375104.0,-0.012512256391346455
3000312576.0,-0.008637086488306522
3001250048.0,-0.003471825737506151
3002187520.0,0.0007091432926245034
3003124992.0,0.0031030350364744663
3004062464.0,0.005554799921810627
3004999936.0,0.006337890401482582
3005937408.0,0.006260496564209461
3006874880.0,0.005766600836068392
3007812608.0,0.00231177662499249
3008750080.0,-0.0006467683124355972
3009687552.0,-0.0049118706956505775
3010625024.0,-0.009282141923904419
3011562496.0,-0.012783783487975597
3012499968.0,-0.01707928068935871
3013437440.0,-0.021386031061410904
3014374912.0,-0.026254236698150635
3015312384.0,-0.030979620292782784
3016250112.0,-0.036320529878139496
3017187584.0,-0.0396762378513813
3018125056.0,-0.04515012726187706
3019062528.0,-0.049529362469911575
3020000000.0,-0.05384054780006409
3020937472.0,-0.05847851559519768
3021874944.0,-0.06291712075471878
3022812416.0,-0.06812111288309097
3023749888.0,-0.07321590185165405
3024687616.0,-0.07763244956731796
3025625088.0,-0.08219517022371292
3026562560.0,-0.08696658909320831
3027500032.0,-0.09131570905447006
3028437504.0,-0.09603839367628098
3029374976.0,-0.09982934594154358
3030312448.0,-0.10390419512987137
3031249920.0,-0.10798998922109604
3032187392.0,-0.11195802688598633
3033125120.0,-0.11652114242315292
3034062592.0,-0.11901528388261795
3035000064.0,-0.1231524720788002
3035937536.0,-0.12553323805332184
3036875008.0,-0.12882594764232635
3037812480.0,-0.1307801753282547
3038749952.0,-0.1327197104692459
3039687424.0,-0.13444216549396515
3040624896.0,-0.13469237089157104
3041562624.0,-0.13519637286663055
3042500096.0,-0.13497957587242126
3043437568.0,-0.13383065164089203
3044375040.0,-0.13306528329849243
3045312512.0,-0.13199882209300995
3046249984.0,-0.12918324768543243
3047187456.0,-0.12678728997707367
3048124928.0,-0.12316408008337021
3049062400.0,-0.12029187381267548
3049999872.0,-0.11568670719861984
3050937600.0,-0.11185682564973831
3051875072.0,-0.10711052268743515
3052812544.0,-0.10204963386058807
3053750016.0,-0.09726125746965408
3054687488.0,-0.0924011617898941
3055624960.0,-0.08692923933267593
3056562432.0,-0.08137781172990799
3057499904.0,-0.07681906968355179
3058437376.0,-0.071404367685318
3059375104.0,-0.06647724658250809
3060312576.0,-0.06204521656036377
3061250048.0,-0.05779992789030075
3062187520.0,-0.053866297006607056
3063124992.0,-0.04948088526725769
3064062464.0,-0.04691891372203827
3064999936.0,-0.04439599812030792
3065937408.0,-0.04425951838493347
3066874880.0,-0.04317384958267212
3067812608.0,-0.02878732606768608
3068750080.0,-0.03390723466873169
3069687552.0,-0.04049808531999588
3070625024.0,-0.04654094949364662
3071562496.0,-0.053959090262651443
3072499968.0,-0.06219169870018959
3073437440.0,-0.0699685737490654
3074374912.0,-0.07790307700634003
3075312384.0,-0.08589337021112442
3076250112.0,-0.09421959519386292
3077187584.0,-0.10247030854225159
3078125056.0,-0.1100485548377037
3079062528.0,-0.11650971323251724
3080000000.0,-0.12295340746641159
3080937472.0,-0.1286901980638504
3081874944.0,-0.1333400309085846
3082812416.0,-0.13738563656806946
3083749888.0,-0.1411597728729248
3084687616.0,-0.14309504628181458
3085625088.0,-0.14412622153759003
3086562560.0,-0.1434948593378067
3087500032.0,-0.14183960855007172
3088437504.0,-0.13893474638462067
3089374976.0,-0.13636542856693268
3090312448.0,-0.13174030184745789
3091249920.0,-0.1257796287536621
3092187392.0,-0.11933543533086777
3093125120.0,-0.11233553290367126
3094062592.0,-0.10464520752429962
3095000064.0,-0.09627695381641388
3095937536.0,-0.08653318136930466
3096875008.0,-0.07784643769264221
3097812480.0,-0.06821852922439575
3098749952.0,-0.05857272073626518
3099687424.0,-0.048347584903240204
3100624896.0,-0.038293905556201935
3101562624.0,-0.029233669862151146
3102500096.0,-0.020137522369623184
3103437568.0,-0.010337677784264088
3104375040.0,-0.0014093613717705011
3105312512.0,0.007586038671433926
3106249984.0,0.014971128664910793
3107187456.0,0.022699613124132156
3108124928.0,0.029383281245827675
3109062400.0,0.03617515042424202
3110000128.0,0.041523527354002
3110937600.0,0.04728882759809494
3111875072.0,0.05243740975856781
3112812544.0,0.055992260575294495
3113750016.0,0.061021264642477036
3114687488.0,0.06434348225593567
3115624960.0,0.06639034301042557
3116562432.0,0.06952184438705444
3117499904.0,0.07152344286441803
3118437376.0,0.07295354455709457
3119375104.0,0.07515095174312592
3120312576.0,0.07560035586357117
3121250048.0,0.07735244184732437
3122187520.0,0.07848893105983734
3123124992.0,0.07925520837306976
3124062464.0,0.08080430328845978
3124999936.0,0.08083459734916687
3125937408.0,0.08045434951782227
3126874880.0,0.0807371661067009
3127812608.0,0.10105996578931808
3128750080.0,0.09687147289514542
3129687552.0,0.09384825825691223
3130625024.0,0.09154029935598373
3131562496.0,0.0885501578450203
3132499968.0,0.08666668087244034
3133437440.0,0.08543156832456589
3134374912.0,0.0839228555560112
3135312384.0,0.08242665976285934
3136250112.0,0.08070491254329681
3137187584.0,0.07933376729488373
3138125056.0,0.0785382091999054
3139062528.0,0.07748139649629593
3140000000.0,0.07706873118877411
3140937472.0,0.07688380032777786
3141874944.0,0.07657752931118011
3142812416.0,0.07579324394464493
3143749888.0,0.0758962333202362
3144687616.0,0.07520909607410431
3145625088.0,0.07330898940563202
3146562560.0,0.07181356102228165
3147500032.0,0.0703648030757904
3148437504.0,0.06895753741264343
3149374976.0,0.06612100452184677
3150312448.0,0.06334298849105835
3151249920.0,0.059519194066524506
3152187392.0,0.05463077127933502
3153125120.0,0.049794167280197144
3154062592.0,0.04459894821047783
3155000064.0,0.0372222363948822
3155937536.0,0.03076416812837124
3156875008.0,0.023103846237063408
3157812480.0,0.014525339938700199
3158749952.0,0.005533100105822086
3159687424.0,-0.0035807897802442312
3160624896.0,-0.013839470222592354
3161562624.0,-0.02364828623831272
3162500096.0,-0.034004971385002136
3163437568.0,-0.04558877274394035
3164375040.0,-0.056482333689928055
3165312512.0,-0.06717777252197266
3166249984.0,-0.07735422253608704
3167187456.0,-0.08786498755216599
3168124928.0,-0.09780852496623993
3169062400.0,-0.10831671953201294
3169999872.0,-0.11748937517404556
3170937600.0,-0.12531182169914246
3171875072.0,-0.13324128091335297
3172812544.0,-0.1396894007921219
3173750016.0,-0.14440958201885223
3174687488.0,-0.14881503582000732
3175624960.0,-0.15147167444229126
3176562432.0,-0.15241976082324982
3177499904.0,-0.15310311317443848
3178437376.0,-0.1527498960494995
3179375104.0,-0.15033473074436188
3180312576.0,-0.1455380767583847
3181250048.0,-0.1393515169620514
3182187520.0,-0.13275302946567535
3183124992.0,-0.12484192103147507
3184062464.0,-0.1158340647816658
3184999936.0,-0.10445881634950638
3185937408.0,-0.09229227155447006
3186874880.0,-0.07908593863248825
3187812608.0,0.044657159596681595
3188750080.0,0.04243546351790428
3189687552.0,0.041408419609069824
3190625024.0,0.041516270488500595
3191562496.0,0.04151933640241623
3192499968.0,0.043200716376304626
3193437440.0,0.04420173168182373
3194374912.0,0.046269871294498444
3195312384.0,0.04976791888475418
3196250112.0,0.05267736315727234
3197187584.0,0.05584907531738281
3198125056.0,0.06021120771765709
3199062528.0,0.06354983896017075
3200000000.0,0.06649058312177658
3200937472.0,0.07035352289676666
3201874944.0,0.07240378856658936
3202812416.0,0.0745353102684021
3203749888.0,0.07620295882225037
3204687616.0,0.0758824273943901
3205625088.0,0.07543031871318817
3206562560.0,0.07397525757551193
3207500032.0,0.07004840672016144
3208437504.0,0.06571046262979507
3209374976.0,0.060534797608852386
3210312448.0,0.05385080724954605
3211249920.0,0.04681264981627464
3212187392.0,0.037839651107788086
3213125120.0,0.028203841298818588
3214062592.0,0.018141187727451324
3215000064.0,0.006938277278095484
3215937536.0,-0.004859772976487875
3216875008.0,-0.016767170280218124
3217812480.0,-0.02893771417438984
3218749952.0,-0.041851893067359924
3219687424.0,-0.054319482296705246
3220624896.0,-0.06666172295808792
3221562624.0,-0.0785105973482132
3222500096.0,-0.08944389224052429
3223437568.0,-0.09971320629119873
3224375040.0,-0.10923445969820023
3225312512.0,-0.11714858561754227
3226249984.0,-0.12428643554449081
3227187456.0,-0.13122251629829407
3228124928.0,-0.13610121607780457
3229062400.0,-0.13960877060890198
3230000128.0,-0.14132395386695862
3230937600.0,-0.14203855395317078
3231875072.0,-0.14175726473331451
3232812544.0,-0.13947822153568268
3233750016.0,-0.1364033967256546
3234687488.0,-0.13259269297122955
3235624960.0,-0.1282571256160736
3236562432.0,-0.12316372990608215
3237499904.0,-0.11690482497215271
3238437376.0,-0.11061757057905197
3239375104.0,-0.10379508137702942
3240312576.0,-0.09731362015008926
3241250048.0,-0.091658815741539
3242187520.0,-0.0861658975481987
3243124992.0,-0.08191318809986115
3244062464.0,-0.07760423421859741
3244999936.0,-0.07402392476797104
3245937408.0,-0.07250948250293732
3246874880.0,-0.07121188938617706
3247812608.0,-0.0631532296538353
3248750080.0,-0.06688687950372696
3249687552.0,-0.07033084332942963
3250625024.0,-0.07315826416015625
3251562496.0,-0.07695738971233368
3252499968.0,-0.07884456217288971
3253437440.0,-0.08087237179279327
3254374912.0,-0.08147162199020386
3255312384.0,-0.0810161679983139
3256250112.0,-0.08037205040454865
3257187584.0,-0.07873272150754929
3258125056.0,-0.07549285888671875
3259062528.0,-0.06998983025550842
3260000000.0,-0.06552997976541519
3260937472.0,-0.059130169451236725
3261874944.0,-0.05192776024341583
3262812416.0,-0.04524374008178711
3263749888.0,-0.03722884878516197
3264687616.0,-0.029027843847870827
3265625088.0,-0.02140137553215027
3266562560.0,-0.01418019738048315
3267500032.0,-0.00792012270539999
3268437504.0,-0.0017801574431359768
3269374976.0,0.002580959815531969
3270312448.0,0.005833434872329235
3271249920.0,0.008277044631540775
3272187392.0,0.009766146540641785
3273125120.0,0.008788932114839554
3274062592.0,0.007064459845423698
3275000064.0,0.005839525256305933
3275937536.0,0.0020388267002999783
3276875008.0,0.00034883618354797363
3277812480.0,-0.002564988099038601
3278749952.0,-0.005856831558048725
3279687424.0,-0.007769010495394468
3280624896.0,-0.009868842549622059
3281562624.0,-0.011042352765798569
3282500096.0,-0.011996309272944927
3283437568.0,-0.011840361170470715
3284375040.0,-0.011268106289207935
3285312512.0,-0.010632668621838093
3286249984.0,-0.008624075911939144
3287187456.0,-0.006645293440669775
3288124928.0,-0.005955847911536694
3289062400.0,-0.004273813683539629
3289999872.0,-0.004649256821721792
3290937600.0,-0.004869402386248112
3291875072.0,-0.006033783778548241
3292812544.0,-0.008762605488300323
3293750016.0,-0.012528595514595509
3294687488.0,-0.016168585047125816
3295624960.0,-0.021839678287506104
3296562432.0,-0.028382090851664543
3297499904.0,-0.03517922759056091
3298437376.0,-0.043664805591106415
3299375104.0,-0.052198972553014755
3300312576.0,-0.06052327901124954
3301250048.0,-0.07041943073272705
3302187520.0,-0.07943982630968094
3303124992.0,-0.08848735690116882
3304062464.0,-0.09795768558979034
3304999936.0,-0.1057082787156105
3305937408.0,-0.11351607739925385
3306874880.0,-0.12148398160934448
3307812608.0,-0.08605493605136871
3308750080.0,-0.08383510261774063
3309687552.0,-0.08216803520917892
3310625024.0,-0.07917717844247818
3311562496.0,-0.07831370830535889
3312499968.0,-0.0755198672413826
3313437440.0,-0.07435029745101929
3314374912.0,-0.07390662282705307
3315312384.0,-0.07406168431043625
3316250112.0,-0.07464613020420074
3317187584.0,-0.07602286338806152
3318125056.0,-0.07742176949977875
3319062528.0,-0.07990489900112152
3320000000.0,-0.08277270197868347
3320937472.0,-0.08614223450422287
3321874944.0,-0.09119988977909088
3322812416.0,-0.09649097174406052
3323749888.0,-0.10254471749067307
3324687616.0,-0.1079142615199089
3325625088.0,-0.11394389718770981
3326562560.0,-0.120804563164711
3327500032.0,-0.12616270780563354
3328437504.0,-0.13167153298854828
3329374976.0,-0.13732188940048218
3330312448.0,-0.14120914041996002
3331249920.0,-0.14622662961483002
3332187392.0,-0.15041187405586243
3333125120.0,-0.15411832928657532
3334062592.0,-0.15665464103221893
3335000064.0,-0.15800294280052185
3335937536.0,-0.15804846584796906
3336875008.0,-0.15676385164260864
3337812480.0,-0.15581084787845612
3338749952.0,-0.15356959402561188
3339687424.0,-0.14987683296203613
3340624896.0,-0.14487211406230927
3341562624.0,-0.13926325738430023
3342500096.0,-0.13319461047649384
3343437568.0,-0.12532666325569153
3344375040.0,-0.11852556467056274
3345312512.0,-0.10998266190290451
3346249984.0,-0.10264261811971664
3347187456.0,-0.09291495382785797
3348124928.0,-0.08462201058864594
3349062400.0,-0.07528748363256454
3350000128.0,-0.06638680398464203
3350937600.0,-0.0583651177585125
3351875072.0,-0.04985816404223442
3352812544.0,-0.04204506427049637
3353750016.0,-0.033582597970962524
3354687488.0,-0.028063764795660973
3355624960.0,-0.02215057797729969
3356562432.0,-0.016808699816465378
3357499904.0,-0.012594202533364296
3358437376.0,-0.008498584851622581
3359375104.0,-0.00596449663862586
3360312576.0,-0.003284321865066886
3361250048.0,-0.000692291185259819
3362187520.0,0.0015834163641557097
3363124992.0,0.002545743715018034
3364062464.0,0.0038096962962299585
3364999936.0,0.005075553897768259
3365937408.0,0.005373216699808836
3366874880.0,0.006750744767487049
3367812608.0,0.014405245892703533
3368750080.0,0.020460978150367737
3369687552.0,0.027175912633538246
3370625024.0,0.03262976557016373
3371562496.0,0.03706144541501999
3372499968.0,0.041343823075294495
3373437440.0,0.04387836903333664
3374374912.0,0.04580521956086159
3375312384.0,0.046210579574108124
3376250112.0,0.046577125787734985
3377187584.0,0.04504844546318054
3378125056.0,0.04253033548593521
3379062528.0,0.03941132873296738
3380000000.0,0.034197043627500534
3380937472.0,0.02926379255950451
3381874944.0,0.022710289806127548
3382812416.0,0.01519055850803852
3383749888.0,0.00827303808182478
3384687616.0,-0.0009738845401443541
3385625088.0,-0.00906685646623373
3386562560.0,-0.018834542483091354
3387500032.0,-0.02811070717871189
3388437504.0,-0.03759695217013359
3389374976.0,-0.04665447026491165
3390312448.0,-0.05571390315890312
3391249920.0,-0.06389426440000534
3392187392.0,-0.07220956683158875
3393125120.0,-0.08057571947574615
3394062592.0,-0.0872114896774292
3395000064.0,-0.09324394911527634
3395937536.0,-0.09939967095851898
3396875008.0,-0.10397739708423615
3397812480.0,-0.10779868066310883
3398749952.0,-0.11166425049304962
3399687424.0,-0.11495795100927353
3400624896.0,-0.11575203388929367
3401562624.0,-0.11570879817008972
3402500096.0,-0.11552106589078903
3403437568.0,-0.11534233391284943
3404375040.0,-0.11412154138088226
3405312512.0,-0.11260975897312164
3406249984.0,-0.10887281596660614
3407187456.0,-0.10547942668199539
3408124928.0,-0.10153557360172272
3409062400.0,-0.09879322350025177
3409999872.0,-0.09424448758363724
3410937600.0,-0.09017978608608246
3411875072.0,-0.08571770042181015
3412812544.0,-0.08269218355417252
3413750016.0,-0.07883503288030624
3414687488.0,-0.07469256967306137
3415624960.0,-0.07077465951442719
3416562432.0,-0.06721428036689758
3417499904.0,-0.06360499560832977
3418437376.0,-0.06069360300898552
3419375104.0,-0.05710608884692192
3420312576.0,-0.05410047620534897
3421250048.0,-0.05087585747241974
3422187520.0,-0.04725351557135582
3423124992.0,-0.04377774894237518
3424062464.0,-0.03985757380723953
3424999936.0,-0.037282317876815796
3425937408.0,-0.03453134745359421
3426874880.0,-0.03151180222630501
3427812608.0,-0.028992341831326485
3428750080.0,-0.026535652577877045
3429687552.0,-0.02405649982392788
3430625024.0,-0.020143646746873856
3431562496.0,-0.017887135967612267
3432499968.0,-0.014830527827143669
3433437440.0,-0.010498524643480778
3434374912.0,-0.0060058580711483955
3435312384.0,0.00047780826571397483
3436250112.0,0.00564818037673831
3437187584.0,0.013742942363023758
3438125056.0,0.021744539961218834
3439062528.0,0.030562210828065872
3440000000.0,0.041470546275377274
3440937472.0,0.053061362355947495
3441874944.0,0.06610696762800217
3442812416.0,0.07943081855773926
3443749888.0,0.09294866025447845
3444687616.0,0.10728434473276138
3445625088.0,0.12094902992248535
3446562560.0,0.13375000655651093
3447500032.0,0.14627139270305634
3448437504.0,0.15761396288871765
3449374976.0,0.16688288748264313
3450312448.0,0.1751907616853714
3451249920.0,0.18160730600357056
3452187392.0,0.18517325818538666
3453125120.0,0.1868589073419571
3454062592.0,0.1852346509695053
3455000064.0,0.1816093474626541
3455937536.0,0.17639273405075073
3456875008.0,0.1680690199136734
3457812480.0,0.15837448835372925
3458749952.0,0.14576321840286255
3459687424.0,0.13079239428043365
3460624896.0,0.11527392268180847
3461562624.0,0.09809225052595139
3462500096.0,0.07978428900241852
3463437568.0,0.059716615825891495
3464375040.0,0.040807437151670456
3465312512.0,0.021352000534534454
3466249984.0,0.0022495947778224945
3467187456.0,-0.015759669244289398
3468124928.0,-0.03324103355407715
3469062400.0,-0.04890340939164162
3470000128.0,-0.06291304528713226
3470937600.0,-0.07553215324878693
3471875072.0,-0.08576801419258118
3472812544.0,-0.09328069537878036
3473750016.0,-0.09893150627613068
3474687488.0,-0.10336415469646454
3475624960.0,-0.10596472024917603
3476562432.0,-0.10625410825014114
3477499904.0,-0.1048685610294342
3478437376.0,-0.10225463658571243
3479375104.0,-0.09814408421516418
3480312576.0,-0.09451720118522644
3481250048.0,-0.08860648423433304
3482187520.0,-0.08374457061290741
3483124992.0,-0.07659411430358887
3484062464.0,-0.07131893932819366
3484999936.0,-0.06577134877443314
3485937408.0,-0.059573035687208176
3486874880.0,-0.053773462772369385
3487812608.0,-0.03879038244485855
3488750080.0,-0.04288730025291443
3489687552.0,-0.045343924313783646
3490625024.0,-0.049945127218961716
3491562496.0,-0.054066114127635956
3492499968.0,-0.06005755811929703
3493437440.0,-0.06446760892868042
3494374912.0,-0.06930463016033173
3495312384.0,-0.07377207279205322
3496250112.0,-0.07913751155138016
3497187584.0,-0.08242576569318771
3498125056.0,-0.08636799454689026
3499062528.0,-0.088201142847538
3500000000.0,-0.08889608830213547
3500937472.0,-0.08874935656785965
3501874944.0,-0.08764790743589401
3502812416.0,-0.08596304059028625
3503749888.0,-0.08182080090045929
3504687616.0,-0.0774056613445282
3505625088.0,-0.07297390699386597
3506562560.0,-0.06778687238693237
3507500032.0,-0.060811303555965424
3508437504.0,-0.054600708186626434
3509374976.0,-0.04698486253619194
3510312448.0,-0.0390796922147274
3511249920.0,-0.03126313164830208
3512187392.0,-0.02338026836514473
3513125120.0,-0.015882857143878937
3514062592.0,-0.007747066207230091
3515000064.0,7.868334068916738e-05
3515937536.0,0.006871822755783796
3516875008.0,0.013431844301521778
3517812480.0,0.018169822171330452
3518749952.0,0.022182108834385872
3519687424.0,0.024971166625618935
3520624896.0,0.026287563145160675
3521562624.0,0.027772599831223488
3522500096.0,0.026817655190825462
3523437568.0,0.026104159653186798
3524375040.0,0.023761043325066566
3525312512.0,0.021267568692564964
3526249984.0,0.016616858541965485
3527187456.0,0.011965316720306873
3528124928.0,0.006710750050842762
3529062400.0,0.00010187820589635521
3529999872.0,-0.006134496536105871
3530937600.0,-0.011193414218723774
3531875072.0,-0.01791141927242279
3532812544.0,-0.023745249956846237
3533750016.0,-0.02852654829621315
3534687488.0,-0.0333586223423481
3535624960.0,-0.03749651834368706
3536562432.0,-0.04111282527446747
3537499904.0,-0.04352758452296257
3538437376.0,-0.0447799377143383
3539375104.0,-0.044957056641578674
3540312576.0,-0.0442439429461956
3541250048.0,-0.042187031358480453
3542187520.0,-0.040028370916843414
3543124992.0,-0.036735277622938156
3544062464.0,-0.033247776329517365
3544999936.0,-0.027893614023923874
3545937408.0,-0.023306991904973984
3546874880.0,-0.0169865470379591
3547812608.0,-0.012598179280757904
3548750080.0,-0.014108899980783463
3549687552.0,-0.015552135184407234
3550625024.0,-0.015908559784293175
3551562496.0,-0.01830706000328064
3552499968.0,-0.01884807087481022
3553437440.0,-0.01984415575861931
3554374912.0,-0.0221770741045475
3555312384.0,-0.023604776710271835
3556250112.0,-0.02686372585594654
3557187584.0,-0.028843125328421593
3558125056.0,-0.031129945069551468
3559062528.0,-0.03417535498738289
3560000000.0,-0.036837492138147354
3560937472.0,-0.038835737854242325
3561874944.0,-0.04133318364620209
3562812416.0,-0.04393916204571724
3563749888.0,-0.047636210918426514
3564687616.0,-0.049068450927734375
3565625088.0,-0.05171628296375275
3566562560.0,-0.05345633625984192
3567500032.0,-0.055363237857818604
3568437504.0,-0.05619832128286362
3569374976.0,-0.05707598105072975
3570312448.0,-0.05761491134762764
3571249920.0,-0.05712474510073662
3572187392.0,-0.05687636137008667
3573125120.0,-0.056333836168050766
3574062592.0,-0.05557117611169815
3575000064.0,-0.05440143868327141
3575937536.0,-0.053446751087903976
3576875008.0,-0.0524996817111969
3577812480.0,-0.05184882879257202
3578749952.0,-0.04988779500126839
3579687424.0,-0.049275871366262436
3580624896.0,-0.04763965308666229
3581562624.0,-0.04653499647974968
3582500096.0,-0.045060399919748306
3583437568.0,-0.04431680962443352
3584375040.0,-0.0454743392765522
3585312512.0,-0.04610523581504822
3586249984.0,-0.046245645731687546
3587187456.0,-0.04757707938551903
3588124928.0,-0.04813003912568092
3589062400.0,-0.048206575214862823
3590000128.0,-0.04889148101210594
3590937600.0,-0.04958510026335716
3591875072.0,-0.05088060349225998
3592812544.0,-0.05121177062392235
3593750016.0,-0.05089270696043968
3594687488.0,-0.05174871161580086
3595624960.0,-0.050720177590847015
3596562432.0,-0.05053159222006798
3597499904.0,-0.04929870367050171
3598437376.0,-0.04747948423027992
3599375104.0,-0.045532409101724625
3600312576.0,-0.04246407002210617
3601250048.0,-0.03951774165034294
3602187520.0,-0.03569997474551201
3603124992.0,-0.03171411529183388
3604062464.0,-0.026248356327414513
3604999936.0,-0.020748654380440712
3605937408.0,-0.01523737981915474
3606874880.0,-0.00959023553878069
3607812608.0,0.013759840279817581
3608750080.0,0.022532261908054352
3609687552.0,0.031184811145067215
3610625024.0,0.04058412089943886
3611562496.0,0.047393206506967545
3612499968.0,0.054384537041187286
3613437440.0,0.06166151165962219
3614374912.0,0.06767424196004868
3615312384.0,0.07272236049175262
3616250112.0,0.07682085782289505
3617187584.0,0.08008798211812973
3618125056.0,0.08221355825662613
3619062528.0,0.08340644091367722
3620000000.0,0.08336584270000458
3620937472.0,0.08157999068498611
3621874944.0,0.07926149666309357
3622812416.0,0.07508070766925812
3623749888.0,0.07050742954015732
3624687616.0,0.06452495604753494
3625625088.0,0.05887318029999733
3626562560.0,0.05321650207042694
3627500032.0,0.046499885618686676
3628437504.0,0.038584064692258835
3629374976.0,0.030437501147389412
3630312448.0,0.022924549877643585
3631249920.0,0.01351892575621605
3632187392.0,0.004532753489911556
3633125120.0,-0.005026312079280615
3634062592.0,-0.013241307809948921
3635000064.0,-0.023511935025453568
3635937536.0,-0.032604265958070755
3636875008.0,-0.04133237525820732
3637812480.0,-0.05007809400558472
3638749952.0,-0.05821641907095909
3639687424.0,-0.0667354166507721
3640624896.0,-0.07485667616128922
3641562624.0,-0.08333775401115417
3642500096.0,-0.09004295617341995
3643437568.0,-0.0967293381690979
3644375040.0,-0.10404898226261139
3645312512.0,-0.10936395078897476
3646249984.0,-0.11521943658590317
3647187456.0,-0.11958339810371399
3648124928.0,-0.12385828793048859
3649062400.0,-0.12776446342468262
3649999872.0,-0.13102415204048157
3650937600.0,-0.13345305621623993
3651875072.0,-0.13590937852859497
3652812544.0,-0.13703246414661407
3653750016.0,-0.13807128369808197
3654687488.0,-0.1383911818265915
3655624960.0,-0.1384236365556717
3656562432.0,-0.13685092329978943
3657499904.0,-0.13608266413211823
3658437376.0,-0.13462761044502258
3659375104.0,-0.13110880553722382
3660312576.0,-0.12983927130699158
3661250048.0,-0.126960888504982
3662187520.0,-0.12351953983306885
3663124992.0,-0.12097025662660599
3664062464.0,-0.11791577935218811
3664999936.0,-0.11440345644950867
3665937408.0,-0.1117735207080841
3666874880.0,-0.10718616843223572
3667812608.0,-0.0913269892334938
3668750080.0,-0.0917581245303154
3669687552.0,-0.09112074226140976
3670625024.0,-0.0897459015250206
3671562496.0,-0.08828595280647278
3672499968.0,-0.08538449555635452
3673437440.0,-0.0821886882185936
3674374912.0,-0.07805002480745316
3675312384.0,-0.07386206835508347
3676250112.0,-0.06954124569892883
3677187584.0,-0.0639280453324318
3678125056.0,-0.05690702050924301
3679062528.0,-0.05007085204124451
3680000000.0,-0.04320378229022026
3680937472.0,-0.03478632867336273
3681874944.0,-0.02629135362803936
3682812416.0,-0.01817171461880207
3683749888.0,-0.009667258709669113
3684687616.0,-0.0005718553438782692
3685625088.0,0.006917282938957214
3686562560.0,0.014934433624148369
3687500032.0,0.023371461778879166
3688437504.0,0.02946465276181698
3689374976.0,0.03626411035656929
3690312448.0,0.04236971586942673
3691249920.0,0.0475018247961998
3692187392.0,0.0518190972507
3693125120.0,0.05588430166244507
3694062592.0,0.058761127293109894
3695000064.0,0.06089310348033905
3695937536.0,0.06284409761428833
3696875008.0,0.062153685837984085
3697812480.0,0.06096455082297325
3698749952.0,0.06042749807238579
3699687424.0,0.057042934000492096
3700624896.0,0.05388664826750755
3701562624.0,0.05016343668103218
3702500096.0,0.045565150678157806
3703437568.0,0.039212632924318314
3704375040.0,0.03400058671832085
3705312512.0,0.02706553414463997
3706249984.0,0.02066943608224392
3707187456.0,0.01383616030216217
3708124928.0,0.0068704551085829735
3709062400.0,-0.000968806678429246
3710000128.0,-0.009936355985701084
3710937600.0,-0.018084269016981125
3711875072.0,-0.02527175284922123
3712812544.0,-0.031906433403491974
3713750016.0,-0.03832501173019409
3714687488.0,-0.04448622837662697
3715624960.0,-0.049243465065956116
3716562432.0,-0.05240609124302864
3717499904.0,-0.056454867124557495
3718437376.0,-0.057977840304374695
3719375104.0,-0.06021169573068619
3720312576.0,-0.06059633567929268
3721250048.0,-0.060558121651411057
3722187520.0,-0.06076732277870178
3723124992.0,-0.06014144793152809
3724062464.0,-0.059129469096660614
3724999936.0,-0.05605756491422653
3725937408.0,-0.055562011897563934
3726874880.0,-0.05383619666099548
3727812608.0,-0.05621412768959999
3728750080.0,-0.05622014030814171
3729687552.0,-0.05567283183336258
3730625024.0,-0.055025745183229446
3731562496.0,-0.055715639144182205
3732499968.0,-0.05549880117177963
3733437440.0,-0.05610015615820885
3734374912.0,-0.05655230954289436
3735312384.0,-0.05776113271713257
3736250112.0,-0.06027587875723839
3737187584.0,-0.06312630325555801
3738125056.0,-0.06603392958641052
3739062528.0,-0.06893286108970642
3740000000.0,-0.0743303969502449
3740937472.0,-0.07782939821481705
3741874944.0,-0.08346554636955261
3742812416.0,-0.08825254440307617
3743749888.0,-0.09342806786298752
3744687616.0,-0.09889477491378784
3745625088.0,-0.10470250993967056
3746562560.0,-0.10942535102367401
3747500032.0,-0.11611971259117126
3748437504.0,-0.12264177203178406
3749374976.0,-0.12790744006633759
3750312448.0,-0.13353432714939117
3751249920.0,-0.13963162899017334
3752187392.0,-0.14462707936763763
3753125120.0,-0.14949864149093628
3754062592.0,-0.1540490835905075
3755000064.0,-0.15687288343906403
3755937536.0,-0.15999212861061096
3756875008.0,-0.16202186048030853
3757812480.0,-0.16222669184207916
3758749952.0,-0.16087502241134644
3759687424.0,-0.15899692475795746
3760624896.0,-0.15495525300502777
3761562624.0,-0.1500808745622635
3762500096.0,-0.14439193904399872
3763437568.0,-0.1368807703256607
3764375040.0,-0.12777115404605865
3765312512.0,-0.11807553470134735
3766249984.0,-0.10761189460754395
3767187456.0,-0.09722010791301727
3768124928.0,-0.08423539996147156
3769062400.0,-0.07285518944263458
3769999872.0,-0.06246120110154152
3770937600.0,-0.05111435055732727
3771875072.0,-0.039961423724889755
3772812544.0,-0.030321549624204636
3773750016.0,-0.02000613883137703
3774687488.0,-0.01229077484458685
3775624960.0,-0.003944932483136654
3776562432.0,0.0021302485838532448
3777499904.0,0.006904037669301033
3778437376.0,0.009910316206514835
3779375104.0,0.012139993719756603
3780312576.0,0.011418333277106285
3781250048.0,0.009726228192448616
3782187520.0,0.006636419799178839
3783124992.0,0.0016296440735459328
3784062464.0,-0.0036400652024894953
3784999936.0,-0.01218406017869711
3785937408.0,-0.01965785026550293
3786874880.0,-0.017267294228076935
3787812608.0,-0.026395604014396667
3788750080.0,-0.035544805228710175
3789687552.0,-0.04495241865515709
3790625024.0,-0.056003205478191376
3791562496.0,-0.06781278550624847
3792499968.0,-0.07887167483568192
3793437440.0,-0.09009530395269394
3794374912.0,-0.101324662566185
3795312384.0,-0.11185331642627716
3796250112.0,-0.12147340923547745
3797187584.0,-0.13123545050621033
3798125056.0,-0.14066454768180847
3799062528.0,-0.14839625358581543
3800000000.0,-0.15672136843204498
3800937472.0,-0.16309833526611328
3801874944.0,-0.16774916648864746
3802812416.0,-0.1714615821838379
3803749888.0,-0.17492377758026123
3804687616.0,-0.17701950669288635
3805625088.0,-0.17728297412395477
3806562560.0,-0.17642103135585785
3807500032.0,-0.17290692031383514
3808437504.0,-0.16955146193504333
3809374976.0,-0.1637282520532608
3810312448.0,-0.15792950987815857
3811249920.0,-0.15009386837482452
3812187392.0,-0.1425839066505432
3813125120.0,-0.13412216305732727
3814062592.0,-0.12439164519309998
3815000064.0,-0.11441291868686676
3815937536.0,-0.10470128804445267
3816875008.0,-0.09595566987991333
3817812480.0,-0.08640921860933304
3818749952.0,-0.07724099606275558
3819687424.0,-0.06777463108301163
3820624896.0,-0.05912161245942116
3821562624.0,-0.05071737617254257
3822500096.0,-0.043119244277477264
3823437568.0,-0.03704630210995674
3824375040.0,-0.03184674307703972
3825312512.0,-0.027599133551120758
3826249984.0,-0.02463018149137497
3827187456.0,-0.02286451682448387
3828124928.0,-0.021223725751042366
3829062400.0,-0.02073732204735279
3830000128.0,-0.022312577813863754
3830937600.0,-0.02435026690363884
3831875072.0,-0.02802055887877941
3832812544.0,-0.031398069113492966
3833750016.0,-0.035375576466321945
3834687488.0,-0.040662817656993866
3835624960.0,-0.04594730585813522
3836562432.0,-0.05113236978650093
3837499904.0,-0.05552751198410988
3838437376.0,-0.06056344881653786
3839375104.0,-0.06482573598623276
3840312576.0,-0.06918112188577652
3841250048.0,-0.07249672710895538
3842187520.0,-0.07640568912029266
3843124992.0,-0.07956460118293762
3844062464.0,-0.08238671720027924
3844999936.0,-0.08456149697303772
3845937408.0,-0.08543869107961655
3846874880.0,-0.07718836516141891
3847812608.0,-0.07392734289169312
3848750080.0,-0.0700305700302124
3849687552.0,-0.06698618084192276
3850625024.0,-0.06385989487171173
3851562496.0,-0.061051107943058014
3852499968.0,-0.059063129127025604
3853437440.0,-0.056907206773757935
3854374912.0,-0.055436860769987106
3855312384.0,-0.05411577224731445
3856250112.0,-0.0533265545964241
3857187584.0,-0.05309753492474556
3858125056.0,-0.05240987613797188
3859062528.0,-0.05395862087607384
3860000000.0,-0.054583534598350525
3860937472.0,-0.05649438500404358
3861874944.0,-0.05847184732556343
3862812416.0,-0.06025706231594086
3863749888.0,-0.060884490609169006
3864687616.0,-0.06251505017280579
3865625088.0,-0.06428847461938858
3866562560.0,-0.06553126126527786
3867500032.0,-0.06803389638662338
3868437504.0,-0.06976318359375
3869374976.0,-0.06973902881145477
3870312448.0,-0.07192614674568176
3871249920.0,-0.07359351217746735
3872187392.0,-0.07382066547870636
3873125120.0,-0.07510816305875778
3874062592.0,-0.0772356241941452
3875000064.0,-0.07706395536661148
3875937536.0,-0.07953789085149765
3876875008.0,-0.08185382187366486
3877812480.0,-0.08336041867733002
3878749952.0,-0.08479027450084686
3879687424.0,-0.0866064727306366
3880624896.0,-0.08691424131393433
3881562624.0,-0.08780787885189056
3882500096.0,-0.08851391077041626
3883437568.0,-0.08800236880779266
3884375040.0,-0.08941273391246796
3885312512.0,-0.08876392990350723
3886249984.0,-0.08868460357189178
3887187456.0,-0.08863554894924164
3888124928.0,-0.08868624269962311
3889062400.0,-0.08962118625640869
3889999872.0,-0.08978196233510971
3890937600.0,-0.09011803567409515
3891875072.0,-0.09082706272602081
3892812544.0,-0.09147940576076508
3893750016.0,-0.09307915717363358
3894687488.0,-0.09482661634683609
3895624960.0,-0.09705503284931183
3896562432.0,-0.10005640238523483
3897499904.0,-0.1037314310669899
3898437376.0,-0.10717815905809402
3899375104.0,-0.11170732229948044
3900312576.0,-0.1146349385380745
3901250048.0,-0.12002617865800858
3902187520.0,-0.12491396814584732
3903124992.0,-0.13107098639011383
3904062464.0,-0.1352149397134781
3904999936.0,-0.14030547440052032
3905937408.0,-0.14456801116466522
3906874880.0,-0.1645687222480774
3907812608.0,-0.17258399724960327
3908750080.0,-0.1786171793937683
3909687552.0,-0.1824386715888977
3910625024.0,-0.18399442732334137
3911562496.0,-0.18448074162006378
3912499968.0,-0.18142922222614288
3913437440.0,-0.17699530720710754
3914374912.0,-0.17062510550022125
3915312384.0,-0.16231723129749298
3916250112.0,-0.15194587409496307
3917187584.0,-0.14036141335964203
3918125056.0,-0.12707623839378357
3919062528.0,-0.11205752193927765
3920000000.0,-0.09732845425605774
3920937472.0,-0.08059503138065338
3921874944.0,-0.06484443694353104
3922812416.0,-0.048709046095609665
3923749888.0,-0.03338640183210373
3924687616.0,-0.01797395758330822
3925625088.0,-0.0034377439878880978
3926562560.0,0.011176024563610554
3927500032.0,0.023950807750225067
3928437504.0,0.03456057608127594
3929374976.0,0.04344022646546364
3930312448.0,0.0499863475561142
3931249920.0,0.05382021144032478
3932187392.0,0.05698734521865845
3933125120.0,0.057503145188093185
3934062592.0,0.05555495619773865
3935000064.0,0.0526307038962841
3935937536.0,0.048672158271074295
3936875008.0,0.04269302263855934
3937812480.0,0.03590185567736626
3938749952.0,0.027755681425333023
3939687424.0,0.019739631563425064
3940624896.0,0.011434641666710377
3941562624.0,0.002619681181386113
3942500096.0,-0.005886272061616182
3943437568.0,-0.01478866208344698
3944375040.0,-0.0226729866117239
3945312512.0,-0.02996877208352089
3946249984.0,-0.036244455724954605
3947187456.0,-0.041909947991371155
3948124928.0,-0.04703767970204353
3949062400.0,-0.05160535126924515
3950000128.0,-0.05525809898972511
3950937600.0,-0.05800823122262955
3951875072.0,-0.060357365757226944
3952812544.0,-0.061876945197582245
3953750016.0,-0.06291530281305313
3954687488.0,-0.06392300128936768
3955624960.0,-0.06496235728263855
3956562432.0,-0.06565866619348526
3957499904.0,-0.06656305491924286
3958437376.0,-0.06634093821048737
3959375104.0,-0.06645063310861588
3960312576.0,-0.06633146107196808
3961250048.0,-0.0669623464345932
3962187520.0,-0.06928941607475281
3963124992.0,-0.07159595936536789
3964062464.0,-0.07454456388950348
3964999936.0,-0.07999728620052338
3965937408.0,-0.08511536568403244
3966874880.0,-0.09886739403009415
3967812608.0,-0.11213269084692001
3968750080.0,-0.12569479644298553
3969687552.0,-0.1386570930480957
3970625024.0,-0.1524871289730072
3971562496.0,-0.16476401686668396
3972499968.0,-0.17605997622013092
3973437440.0,-0.18735872209072113
3974374912.0,-0.19702881574630737
3975312384.0,-0.20531904697418213
3976250112.0,-0.21237905323505402
3977187584.0,-0.21843095123767853
3978125056.0,-0.22172899544239044
3979062528.0,-0.22307351231575012
3980000000.0,-0.22365827858448029
3980937472.0,-0.2225220501422882
3981874944.0,-0.2185022383928299
3982812416.0,-0.2146165817975998
3983749888.0,-0.20864488184452057
3984687616.0,-0.20105935633182526
3985625088.0,-0.1928967833518982
3986562560.0,-0.1840135008096695
3987500032.0,-0.17426848411560059
3988437504.0,-0.16432806849479675
3989374976.0,-0.15420401096343994
3990312448.0,-0.14383164048194885
3991249920.0,-0.1326189637184143
3992187392.0,-0.12294556945562363
3993125120.0,-0.11192239820957184
3994062592.0,-0.10197559744119644
3995000064.0,-0.09340975433588028
3995937536.0,-0.08576273173093796
3996875008.0,-0.07959688454866409
3997812480.0,-0.07368205487728119
3998749952.0,-0.06914877891540527
3999687424.0,-0.06360868364572525
4000624896.0,-0.07091989368200302
4001562624.0,-0.07026838511228561
4002500096.0,-0.0707191750407219
4003437568.0,-0.07153911888599396
4004375040.0,-0.07505589723587036
4005312512.0,-0.07805132865905762
4006249984.0,-0.08189167827367783
4007187456.0,-0.08724906295537949
4008124928.0,-0.09310132265090942
4009062400.0,-0.10043337941169739
4009999872.0,-0.10770798474550247
4010937600.0,-0.11576176434755325
4011875072.0,-0.12217472493648529
4012812544.0,-0.13061891496181488
4013750016.0,-0.13730251789093018
4014687488.0,-0.1447294056415558
4015624960.0,-0.15217271447181702
4016562432.0,-0.15861210227012634
4017499904.0,-0.16571582853794098
4018437376.0,-0.1714499592781067
4019375104.0,-0.1760142296552658
4020312576.0,-0.17955832183361053
4021250048.0,-0.1837102472782135
4022187520.0,-0.18695884943008423
4023124992.0,-0.18975329399108887
4024062464.0,-0.1930256336927414
4024999936.0,-0.19510923326015472
4025937408.0,-0.1973770260810852
4026874880.0,-0.18785272538661957
4027812608.0,-0.19366459548473358
4028750080.0,-0.19948242604732513
4029687552.0,-0.20372335612773895
4030625024.0,-0.2079750895500183
4031562496.0,-0.21023111045360565
4032499968.0,-0.21370592713356018
4033437440.0,-0.2159556895494461
4034374912.0,-0.21678832173347473
4035312384.0,-0.21690984070301056
4036250112.0,-0.21480660140514374
4037187584.0,-0.21250097453594208
4038125056.0,-0.20928438007831573
4039062528.0,-0.20449739694595337
4040000000.0,-0.19871048629283905
4040937472.0,-0.1934872418642044
4041874944.0,-0.1872239112854004
4042812416.0,-0.1801328957080841
4043749888.0,-0.1716661900281906
4044687616.0,-0.16226506233215332
4045625088.0,-0.15186363458633423
4046562560.0,-0.1408819854259491
4047500032.0,-0.12827008962631226
4048437504.0,-0.11581066250801086
4049374976.0,-0.10197259485721588
4050312448.0,-0.08887776732444763
4051249920.0,-0.07575663924217224
4052187392.0,-0.0634174570441246
4053125120.0,-0.04997774958610535
4054062592.0,-0.03809018060564995
4055000064.0,-0.02793513797223568
4055937536.0,-0.017759723588824272
4056875008.0,-0.010444067418575287
4057812480.0,-0.00233614188618958
4058749952.0,0.005493296310305595
4059687424.0,0.008472972549498081
4060624896.0,0.010988634079694748
4061562624.0,0.012989791110157967
4062500096.0,0.012044481933116913
4063437568.0,0.010257028974592686
4064375040.0,0.007296500261873007
4065312512.0,0.001929977908730507
4066249984.0,-0.004809120669960976
4067187456.0,-0.012880492955446243
4068124928.0,-0.021474892273545265
4069062400.0,-0.03136187791824341
4070000128.0,-0.04307261109352112
4070937600.0,-0.055183447897434235
4071875072.0,-0.06710322946310043
4072812544.0,-0.08036770671606064
4073750016.0,-0.09447982907295227
4074687488.0,-0.10856666415929794
4075624960.0,-0.12112211436033249
4076562432.0,-0.13436785340309143
4077499904.0,-0.1469893753528595
4078437376.0,-0.1581103503704071
4079375104.0,-0.16886067390441895
4080312576.0,-0.17783567309379578
4081250048.0,-0.18583856523036957
4082187520.0,-0.19305136799812317
4083124992.0,-0.1985740214586258
4084062464.0,-0.20344218611717224
4084999936.0,-0.20550084114074707
4085937408.0,-0.20624956488609314
4086874880.0,-0.18758302927017212
4087812608.0,-0.18649886548519135
4088750080.0,-0.1845720261335373
4089687552.0,-0.18182455003261566
4090625024.0,-0.1784810572862625
4091562496.0,-0.17358849942684174
4092499968.0,-0.16865555942058563
4093437440.0,-0.16223149001598358
4094374912.0,-0.15705758333206177
4095312384.0,-0.150895893573761
4096250112.0,-0.1456889510154724
4097187584.0,-0.138967365026474
4098125056.0,-0.13229675590991974
4099062528.0,-0.12540604174137115
4100000000.0,-0.11869756132364273
4100937472.0,-0.11252325773239136
4101874944.0,-0.10544981807470322
4102812416.0,-0.09820051491260529
4103749888.0,-0.09261135756969452
4104687616.0,-0.08611460775136948
4105625088.0,-0.08090801537036896
4106562560.0,-0.07596255093812943
4107500032.0,-0.0712815672159195
4108437504.0,-0.06689630448818207
4109374976.0,-0.06288173794746399
4110312448.0,-0.06034348905086517
4111249920.0,-0.05683339759707451
4112187392.0,-0.05426228791475296
4113125120.0,-0.05182937532663345
4114062592.0,-0.049495551735162735
4115000064.0,-0.04654877632856369
4115937536.0,-0.0451030358672142
4116875008.0,-0.04388703405857086
4117812480.0,-0.04289160296320915
4118749952.0,-0.042139358818531036
4119687424.0,-0.042847443372011185
4120624896.0,-0.04302017018198967
4121562624.0,-0.0442534014582634
4122500096.0,-0.04507666453719139
4123437568.0,-0.046636346727609634
4124375040.0,-0.04826606810092926
4125312512.0,-0.05122247338294983
4126249984.0,-0.053550414741039276
4127187456.0,-0.05629447102546692
4128124928.0,-0.05940711870789528
4129062400.0,-0.06337791681289673
4129999872.0,-0.06872374564409256
4130937600.0,-0.07287254184484482
4131875072.0,-0.07745429873466492
4132812544.0,-0.08419737219810486
4133750016.0,-0.09092384576797485
4134687488.0,-0.09733150154352188
4135624960.0,-0.10424114018678665
4136562432.0,-0.11308708786964417
4137499904.0,-0.1204448863863945
4138437376.0,-0.13012441992759705
4139375104.0,-0.13811564445495605
4140312576.0,-0.14831814169883728
4141250048.0,-0.157454714179039
4142187520.0,-0.16728989779949188
4143124992.0,-0.17791694402694702
4144062464.0,-0.18786409497261047
4144999936.0,-0.19690263271331787
4145937408.0,-0.20553094148635864
4146874880.0,-0.22472210228443146
4147812608.0,-0.23204128444194794
4148750080.0,-0.23790310323238373
4149687552.0,-0.24087318778038025
4150625024.0,-0.24160294234752655
4151562496.0,-0.2410123497247696
4152499968.0,-0.23872259259223938
4153437440.0,-0.23224760591983795
4154374912.0,-0.22643405199050903
4155312384.0,-0.21789321303367615
4156250112.0,-0.20951344072818756
4157187584.0,-0.19947880506515503
4158125056.0,-0.18920005857944489
4159062528.0,-0.17696048319339752
4160000000.0,-0.16615383327007294
4160937472.0,-0.15366493165493011
4161874944.0,-0.1408402919769287
4162812416.0,-0.12774823606014252
4163749888.0,-0.11559286713600159
4164687616.0,-0.1025540754199028
4165625088.0,-0.0905165746808052
4166562560.0,-0.07838206738233566
4167500032.0,-0.0670844167470932
4168437504.0,-0.05618729069828987
4169374976.0,-0.04790031537413597
4170312448.0,-0.03888234868645668
4171249920.0,-0.03213834390044212
4172187392.0,-0.02529248595237732
4173125120.0,-0.019659001380205154
4174062592.0,-0.014460498467087746
4175000064.0,-0.009594571776688099
4175937536.0,-0.0040212771855294704
4176875008.0,-0.001161213032901287
4177812480.0,0.0023119121324270964
4178749952.0,0.004783225245773792
4179687424.0,0.006424487568438053
4180624896.0,0.008884722366929054
4181562624.0,0.00883398111909628
4182500096.0,0.009717308916151524
4183437568.0,0.010247566737234592
4184375040.0,0.008843963965773582
4185312512.0,0.009011133573949337
4186249984.0,0.006382553838193417
4187187456.0,0.003291166853159666
4188124928.0,-9.539881284581497e-05
4189062400.0,-0.004506941419094801
4190000128.0,-0.009082233533263206
4190937600.0,-0.015276173129677773
4191875072.0,-0.020922645926475525
4192812544.0,-0.028101522475481033
4193750016.0,-0.036010440438985825
4194687488.0,-0.04438391327857971
4195624960.0,-0.054291222244501114
4196562432.0,-0.06354102492332458
4197499904.0,-0.07316230237483978
4198437376.0,-0.08367427438497543
4199375104.0,-0.09565020352602005
4200312576.0,-0.1075044646859169
4201250048.0,-0.12045303732156754
4202187520.0,-0.13313008844852448
4203124992.0,-0.1459183394908905
4204062464.0,-0.15853862464427948
4204999936.0,-0.17177535593509674
4205937408.0,-0.18425586819648743
4206874880.0,-0.18714341521263123
4207812608.0,-0.19837535917758942
4208750080.0,-0.21040822565555573
4209687552.0,-0.22244952619075775
4210625024.0,-0.2329263836145401
4211562496.0,-0.24380289018154144
4212499968.0,-0.2515465319156647
4213437440.0,-0.25909310579299927
4214374912.0,-0.26377901434898376
4215312384.0,-0.2663751244544983
4216250112.0,-0.2668442130088806
4217187584.0,-0.26664039492607117
4218125056.0,-0.26267755031585693
4219062528.0,-0.25480905175209045
4220000000.0,-0.24673914909362793
4220937472.0,-0.23664608597755432
4221874944.0,-0.22348059713840485
4222812416.0,-0.20880401134490967
4223749888.0,-0.19228368997573853
4224687616.0,-0.17357484996318817
4225625088.0,-0.15422864258289337
4226562560.0,-0.13243867456912994
4227500032.0,-0.11087488383054733
4228437504.0,-0.08891946077346802
4229374976.0,-0.06722180545330048
4230312448.0,-0.044786639511585236
4231249920.0,-0.023228459060192108
4232187392.0,-0.002032176125794649
4233125120.0,0.017668163403868675
4234062592.0,0.0365331657230854
4235000064.0,0.05282524973154068
4235937536.0,0.06820446252822876
4236875008.0,0.08068708330392838
4237812480.0,0.0916069746017456
4238749952.0,0.1006719097495079
4239687424.0,0.10766401886940002
4240624896.0,0.10984610766172409
4241562624.0,0.11088668555021286
4242500096.0,0.10896468907594681
4243437568.0,0.10403770953416824
4244375040.0,0.0973290205001831
4245312512.0,0.08901786059141159
4246249984.0,0.07754730433225632
4247187456.0,0.06452937424182892
4248124928.0,0.05106095224618912
4249062400.0,0.03557012230157852
4249999872.0,0.018944814801216125
4250937600.0,0.0017962130950763822
4251875072.0,-0.015115385875105858
4252812544.0,-0.0338539257645607
4253750016.0,-0.0517476350069046
4254687488.0,-0.07062734663486481
4255624960.0,-0.08939044922590256
4256562432.0,-0.10811862349510193
4257499904.0,-0.12532301247119904
4258437376.0,-0.1423102617263794
4259375104.0,-0.15776118636131287
4260312576.0,-0.17371642589569092
4261250048.0,-0.1891193687915802
4262187520.0,-0.20210441946983337
4263124992.0,-0.21619899570941925
4264062464.0,-0.22898535430431366
4264999936.0,-0.24125783145427704
4265937408.0,-0.2524440288543701
4266874880.0,-0.25926169753074646
4267812608.0,-0.2627481520175934
4268750080.0,-0.2668113708496094
4269687552.0,-0.27009740471839905
4270625024.0,-0.2744201719760895
4271562496.0,-0.27829375863075256
4272499968.0,-0.28275740146636963
4273437440.0,-0.2850456237792969
4274374912.0,-0.2870238721370697
4275312384.0,-0.28731709718704224
4276250112.0,-0.28603070974349976
4277187584.0,-0.2841413915157318
4278125056.0,-0.28132084012031555
4279062528.0,-0.2745540738105774
4280000000.0,-0.2676042318344116
4280937472.0,-0.25747549533843994
4281874944.0,-0.2460320144891739
4282812416.0,-0.2317061722278595
4283749888.0,-0.21740205585956573
4284687616.0,-0.20191526412963867
4285625088.0,-0.1841639131307602
4286562560.0,-0.1647646278142929
4287500032.0,-0.14414365589618683
4288437504.0,-0.12254522740840912
4289374976.0,-0.10030864924192429
4290312448.0,-0.07742927223443985
4291249920.0,-0.054095152765512466
4292187392.0,-0.030780073255300522
4293125120.0,-0.0068195112980902195
4294062592.0,0.015142724849283695
4295000064.0,0.03542701527476311
4295937536.0,0.05544600635766983
4296875008.0,0.07427825033664703
4297812480.0,0.09057153761386871
4298749952.0,0.10578207671642303
4299687424.0,0.11956250667572021
4300624896.0,0.13050897419452667
4301562368.0,0.13901971280574799
4302499840.0,0.14493787288665771
4303437312.0,0.14804214239120483
4304374784.0,0.14966033399105072
4305312256.0,0.14663571119308472
4306250240.0,0.14197027683258057
4307187712.0,0.13350045680999756
4308125184.0,0.1229722797870636
4309062656.0,0.11068910360336304
4310000128.0,0.09478850662708282
4310937600.0,0.07566431909799576
4311875072.0,0.05345802754163742
4312812544.0,0.028981929644942284
4313750016.0,0.0025764114689081907
4314687488.0,-0.025051895529031754
4315624960.0,-0.05371950566768646
4316562432.0,-0.08477237820625305
4317499904.0,-0.11535488069057465
4318437376.0,-0.14522519707679749
4319374848.0,-0.17510586977005005
4320312320.0,-0.20480696856975555
4321249792.0,-0.23428398370742798
4322187264.0,-0.26194679737091064
4323125248.0,-0.2878739535808563
4324062720.0,-0.3116036057472229
4325000192.0,-0.33392447233200073
4325937664.0,-0.3527381122112274
4326875136.0,-0.3719627261161804
4327812608.0,-0.3662116527557373
4328750080.0,-0.35744521021842957
4329687552.0,-0.3484501242637634
4330625024.0,-0.33831995725631714
4331562496.0,-0.3289874196052551
4332499968.0,-0.3183964490890503
4333437440.0,-0.3083948493003845
4334374912.0,-0.2985348403453827
4335312384.0,-0.2893281579017639
4336249856.0,-0.2808840572834015
4337187328.0,-0.2716197967529297
4338124800.0,-0.26456186175346375
4339062272.0,-0.25792476534843445
4339999744.0,-0.25126826763153076
4340937728.0,-0.2463461458683014
4341875200.0,-0.24062702059745789
4342812672.0,-0.23470772802829742
4343750144.0,-0.2279180884361267
4344687616.0,-0.22228571772575378
4345625088.0,-0.2150062471628189
4346562560.0,-0.20831182599067688
4347500032.0,-0.20009146630764008
4348437504.0,-0.19130317866802216
4349374976.0,-0.1820710301399231
4350312448.0,-0.17217305302619934
4351249920.0,-0.16045546531677246
4352187392.0,-0.1476060450077057
4353124864.0,-0.133533775806427
4354062336.0,-0.11893128603696823
4354999808.0,-0.1036963164806366
4355937280.0,-0.08662071079015732
4356874752.0,-0.07037552446126938
4357812736.0,-0.05511801689863205
4358750208.0,-0.040887750685214996
4359687680.0,-0.030672432854771614
4360625152.0,-0.023868747055530548
4361562624.0,-0.019343622028827667
4362500096.0,-0.01726819947361946
4363437568.0,-0.015912622213363647
4364375040.0,-0.015374617651104927
4365312512.0,-0.015757063403725624
4366249984.0,-0.016517896205186844
4367187456.0,-0.018489422276616096
4368124928.0,-0.020530367270112038
4369062400.0,-0.023073451593518257
4369999872.0,-0.026578761637210846
4370937344.0,-0.030870990827679634
4371874816.0,-0.03500714898109436
4372812288.0,-0.0413372740149498
4373749760.0,-0.04881025850772858
4374687744.0,-0.05749237909913063
4375625216.0,-0.06724873185157776
4376562688.0,-0.07961247116327286
4377500160.0,-0.09286774694919586
4378437632.0,-0.10781308263540268
4379375104.0,-0.12424228340387344
4380312576.0,-0.14379893243312836
4381250048.0,-0.16423213481903076
4382187520.0,-0.18565380573272705
4383124992.0,-0.208199143409729
4384062464.0,-0.23134438693523407
4384999936.0,-0.25498831272125244
4385937408.0,-0.27850422263145447
4386874880.0,-0.363757461309433
4387812352.0,-0.37773460149765015
4388749824.0,-0.38982751965522766
4389687296.0,-0.4005659520626068
4390624768.0,-0.40715980529785156
4391562752.0,-0.41173553466796875
4392500224.0,-0.4123729169368744
4393437696.0,-0.4105012118816376
4394375168.0,-0.40542593598365784
4395312640.0,-0.3965383768081665
4396250112.0,-0.38464704155921936
4397187584.0,-0.369911253452301
4398125056.0,-0.3508423864841461
4399062528.0,-0.3295874297618866
4400000000.0,-0.306446373462677
4400937472.0,-0.2810567021369934
4401874944.0,-0.25349101424217224
4402812416.0,-0.22295616567134857
4403749888.0,-0.19303427636623383
4404687360.0,-0.16106796264648438
4405624832.0,-0.12853646278381348
4406562304.0,-0.09630762785673141
4407499776.0,-0.06445695459842682
4408437248.0,-0.03394913300871849
4409375232.0,-0.0038528197910636663
4410312704.0,0.02316018007695675
4411250176.0,0.050371043384075165
4412187648.0,0.07470501214265823
4413125120.0,0.09573683887720108
4414062592.0,0.11447563022375107
4415000064.0,0.13116265833377838
4415937536.0,0.14346957206726074
4416875008.0,0.15310917794704437
4417812480.0,0.15848691761493683
4418749952.0,0.16167140007019043
4419687424.0,0.1602739542722702
4420624896.0,0.1563602238893509
4421562368.0,0.1500503271818161
4422499840.0,0.1389322131872177
4423437312.0,0.12555262446403503
4424374784.0,0.10894741117954254
4425312256.0,0.09124325960874557
4426250240.0,0.06975429505109787
4427187712.0,0.04687526077032089
4428125184.0,0.02287912182509899
4429062656.0,-0.0026037213392555714
4430000128.0,-0.02850215882062912
4430937600.0,-0.055087197571992874
4431875072.0,-0.08188284188508987
4432812544.0,-0.10692666471004486
4433750016.0,-0.13231387734413147
4434687488.0,-0.15615661442279816
4435624960.0,-0.17975939810276031
4436562432.0,-0.2000669240951538
4437499904.0,-0.22007198631763458
4438437376.0,-0.23668430745601654
4439374848.0,-0.25161299109458923
4440312320.0,-0.26385968923568726
4441249792.0,-0.27239760756492615
4442187264.0,-0.27990052103996277
4443125248.0,-0.2834506332874298
4444062720.0,-0.285063773393631
4445000192.0,-0.28569185733795166
4445937664.0,-0.2849861681461334
4446875136.0,-0.22900116443634033
4447812608.0,-0.23427453637123108
4448750080.0,-0.23473213613033295
4449687552.0,-0.2338578850030899
4450625024.0,-0.2299174964427948
4451562496.0,-0.2240050882101059
4452499968.0,-0.21436171233654022
4453437440.0,-0.20324137806892395
4454374912.0,-0.18955379724502563
4455312384.0,-0.17234216630458832
4456249856.0,-0.1549457311630249
4457187328.0,-0.13529327511787415
4458124800.0,-0.11463792622089386
4459062272.0,-0.09352941811084747
4460000256.0,-0.07213117182254791
4460937728.0,-0.05094825476408005
4461875200.0,-0.03030150756239891
4462812672.0,-0.01034974493086338
4463750144.0,0.008267488330602646
4464687616.0,0.026508130133152008
4465625088.0,0.04190928861498833
4466562560.0,0.05630761384963989
4467500032.0,0.06774696707725525
4468437504.0,0.07638388127088547
4469374976.0,0.08267329633235931
4470312448.0,0.08664800226688385
4471249920.0,0.08569935709238052
4472187392.0,0.08337917178869247
4473124864.0,0.07810167968273163
4474062336.0,0.06857844442129135
4474999808.0,0.0564943328499794
4475937280.0,0.04248402267694473
4476874752.0,0.025411179289221764
4477812736.0,0.006367406342178583
4478750208.0,-0.015067420899868011
4479687680.0,-0.038926392793655396
4480625152.0,-0.06347590684890747
4481562624.0,-0.09076493233442307
4482500096.0,-0.11743059009313583
4483437568.0,-0.14431548118591309
4484375040.0,-0.1733299046754837
4485312512.0,-0.20193016529083252
4486249984.0,-0.22834868729114532
4487187456.0,-0.2558939754962921
4488124928.0,-0.28205040097236633
4489062400.0,-0.3074086010456085
4489999872.0,-0.3295716345310211
4490937344.0,-0.35063838958740234
4491874816.0,-0.369914710521698
4492812288.0,-0.38593700528144836
4493749760.0,-0.4001444876194
4494687744.0,-0.4126882255077362
4495625216.0,-0.4222641587257385
4496562688.0,-0.42894506454467773
4497500160.0,-0.43476179242134094
4498437632.0,-0.43874889612197876
4499375104.0,-0.44068148732185364
4500312576.0,-0.4403685927391052
4501250048.0,-0.4375873804092407
4502187520.0,-0.4336535930633545
4503124992.0,-0.4302152693271637
4504062464.0,-0.4255211353302002
4504999936.0,-0.4207666218280792
4505937408.0,-0.4154430627822876
4506874880.0,-0.29315847158432007
4507812352.0,-0.2898840010166168
4508749824.0,-0.2869476079940796
4509687296.0,-0.2852621078491211
4510624768.0,-0.2850167751312256
4511562752.0,-0.2842911183834076
4512500224.0,-0.28514373302459717
4513437696.0,-0.28786563873291016
4514375168.0,-0.2905959188938141
4515312640.0,-0.29572662711143494
4516250112.0,-0.3003596365451813
4517187584.0,-0.30655407905578613
4518125056.0,-0.31419020891189575
4519062528.0,-0.321086049079895
4520000000.0,-0.3297707736492157
4520937472.0,-0.33960601687431335
4521874944.0,-0.3492484986782074
4522812416.0,-0.35953617095947266
4523749888.0,-0.3694147765636444
4524687360.0,-0.3798292875289917
4525624832.0,-0.3892190158367157
4526562304.0,-0.3979249596595764
4527499776.0,-0.4074300229549408
4528437248.0,-0.4170028269290924
4529375232.0,-0.42603033781051636
4530312704.0,-0.43437352776527405
4531250176.0,-0.4422864615917206
4532187648.0,-0.44942787289619446
4533125120.0,-0.45829498767852783
4534062592.0,-0.46413952112197876
4535000064.0,-0.4708143174648285
4535937536.0,-0.47564467787742615
4536875008.0,-0.47923341393470764
4537812480.0,-0.4837705194950104
4538749952.0,-0.4866400957107544
4539687424.0,-0.48908641934394836
4540624896.0,-0.489602655172348
4541562368.0,-0.49089258909225464
4542499840.0,-0.49174851179122925
4543437312.0,-0.49012646079063416
4544374784.0,-0.4888131022453308
4545312256.0,-0.48715102672576904
4546250240.0,-0.4853472411632538
4547187712.0,-0.48263314366340637
4548125184.0,-0.4801552891731262
4549062656.0,-0.47706809639930725
4550000128.0,-0.47364795207977295
4550937600.0,-0.4711659252643585
4551875072.0,-0.4678879976272583
4552812544.0,-0.4647480547428131
4553750016.0,-0.4608916938304901
4554687488.0,-0.4588291347026825
4555624960.0,-0.4571175277233124
4556562432.0,-0.4537568986415863
4557499904.0,-0.45256197452545166
4558437376.0,-0.4505825936794281
4559374848.0,-0.4484088718891144
4560312320.0,-0.44718828797340393
4561249792.0,-0.44577765464782715
4562187264.0,-0.44514477252960205
4563125248.0,-0.44348588585853577
4564062720.0,-0.44187724590301514
4565000192.0,-0.4386712908744812
4565937664.0,-0.43485283851623535
4566875136.0,-0.393417626619339
4567812608.0,-0.3983744978904724
4568750080.0,-0.40052732825279236
4569687552.0,-0.4018123745918274
4570625024.0,-0.4013022482395172
4571562496.0,-0.3985069692134857
4572499968.0,-0.3927798569202423
4573437440.0,-0.3873222768306732
4574374912.0,-0.37712281942367554
4575312384.0,-0.36719030141830444
4576249856.0,-0.3536650538444519
4577187328.0,-0.3395277261734009
4578124800.0,-0.32260292768478394
4579062272.0,-0.30639076232910156
4579999744.0,-0.28616535663604736
4580937728.0,-0.2668938934803009
4581875200.0,-0.2452085018157959
4582812672.0,-0.22214756906032562
4583750144.0,-0.19873350858688354
4584687616.0,-0.17501723766326904
4585625088.0,-0.15172691643238068
4586562560.0,-0.12883563339710236
4587500032.0,-0.1057635173201561
4588437504.0,-0.08515354245901108
4589374976.0,-0.06626053154468536
4590312448.0,-0.04730992019176483
4591249920.0,-0.030776983126997948
4592187392.0,-0.015468508936464787
4593124864.0,-0.002674918854609132
4594062336.0,0.007572797127068043
4594999808.0,0.015030934475362301
4595937280.0,0.020939629524946213
4596874752.0,0.022836992517113686
4597812736.0,0.021592725068330765
4598750208.0,0.018350059166550636
4599687680.0,0.012100529856979847
4600625152.0,0.0035349088720977306
4601562624.0,-0.008724534884095192
4602500096.0,-0.022206425666809082
4603437568.0,-0.03817451372742653
4604375040.0,-0.05553611367940903
4605312512.0,-0.0766831636428833
4606249984.0,-0.09759382158517838
4607187456.0,-0.120460644364357
4608124928.0,-0.1436566263437271
4609062400.0,-0.16773903369903564
4609999872.0,-0.18989790976047516
4610937344.0,-0.2144688367843628
4611874816.0,-0.23677949607372284
4612812288.0,-0.26026344299316406
4613749760.0,-0.2818726599216461
4614687744.0,-0.3021685779094696
4615625216.0,-0.3222355246543884
4616562688.0,-0.3414451777935028
4617500160.0,-0.358977735042572
4618437632.0,-0.37476229667663574
4619375104.0,-0.38963380455970764
4620312576.0,-0.40314096212387085
4621250048.0,-0.41602739691734314
4622187520.0,-0.4286767840385437
4623124992.0,-0.43914127349853516
4624062464.0,-0.44770675897598267
4624999936.0,-0.4569520950317383
4625937408.0,-0.46426093578338623
4626874880.0,-0.47200843691825867
4627812352.0,-0.4648376703262329
4628749824.0,-0.45922723412513733
4629687296.0,-0.45054417848587036
4630624768.0,-0.44185560941696167
4631562752.0,-0.4324689209461212
4632500224.0,-0.4226056635379791
4633437696.0,-0.41300350427627563
4634375168.0,-0.4040816128253937
4635312640.0,-0.39306026697158813
4636250112.0,-0.38413116335868835
4637187584.0,-0.37478721141815186
4638125056.0,-0.3657032251358032
4639062528.0,-0.35707375407218933
4640000000.0,-0.350669801235199
4640937472.0,-0.3423113226890564
4641874944.0,-0.33714091777801514
4642812416.0,-0.33092421293258667
4643749888.0,-0.32646533846855164
4644687360.0,-0.3234165906906128
4645624832.0,-0.3211924731731415
4646562304.0,-0.32106325030326843
4647499776.0,-0.3222843408584595
4648437248.0,-0.3234610855579376
4649375232.0,-0.3263005316257477
4650312704.0,-0.3293912708759308
4651250176.0,-0.33392134308815
4652187648.0,-0.33976438641548157
4653125120.0,-0.3453836441040039
4654062592.0,-0.35202789306640625
4655000064.0,-0.3603021800518036
4655937536.0,-0.3699692189693451
4656875008.0,-0.3789372742176056
4657812480.0,-0.3902789056301117
4658749952.0,-0.400616317987442
4659687424.0,-0.41212618350982666
4660624896.0,-0.42399173974990845
4661562368.0,-0.43711403012275696
4662499840.0,-0.44944846630096436
4663437312.0,-0.462939590215683
4664374784.0,-0.4768922030925751
4665312256.0,-0.4920145273208618
4666250240.0,-0.5067844390869141
4667187712.0,-0.5213176608085632
4668125184.0,-0.5366865396499634
4669062656.0,-0.552125871181488
4670000128.0,-0.5655495524406433
4670937600.0,-0.5803165435791016
4671875072.0,-0.5949633121490479
4672812544.0,-0.6076182723045349
4673750016.0,-0.6206763982772827
4674687488.0,-0.6323639154434204
4675624960.0,-0.6446585059165955
4676562432.0,-0.6547585725784302
4677499904.0,-0.6649457812309265
4678437376.0,-0.6746128797531128
4679374848.0,-0.6836013793945312
4680312320.0,-0.6910156011581421
4681249792.0,-0.697282612323761
4682187264.0,-0.703527569770813
4683125248.0,-0.7068196535110474
4684062720.0,-0.7090582847595215
4685000192.0,-0.7098224759101868
4685937664.0,-0.7070058584213257
4686875136.0,-0.6862433552742004
4687812608.0,-0.6845702528953552
4688750080.0,-0.6801753640174866
4689687552.0,-0.6733861565589905
4690625024.0,-0.6648683547973633
4691562496.0,-0.6526359915733337
4692499968.0,-0.6387124061584473
4693437440.0,-0.6231417655944824
4694374912.0,-0.6038872003555298
4695312384.0,-0.5837392807006836
4696249856.0,-0.5610069036483765
4697187328.0,-0.5393176078796387
4698124800.0,-0.5164865255355835
4699062272.0,-0.4935491681098938
4700000256.0,-0.4712933301925659
4700937728.0,-0.4503057301044464
4701875200.0,-0.4304240345954895
4702812672.0,-0.4114833176136017
4703750144.0,-0.39540213346481323
4704687616.0,-0.3824501931667328
4705625088.0,-0.3721662163734436
4706562560.0,-0.36520540714263916
4707500032.0,-0.3617886006832123
4708437504.0,-0.3631994128227234
4709374976.0,-0.368749737739563
4710312448.0,-0.37875720858573914
4711249920.0,-0.3942486345767975
4712187392.0,-0.41412150859832764
4713124864.0,-0.4381609559059143
4714062336.0,-0.46873587369918823
4714999808.0,-0.502434492111206
4715937280.0,-0.5411750674247742
4716874752.0,-0.5821512937545776
4717812736.0,-0.6265527606010437
4718750208.0,-0.6737872958183289
4719687680.0,-0.7205592393875122
4720625152.0,-0.7692297697067261
4721562624.0,-0.8194142580032349
4722500096.0,-0.8682057857513428
4723437568.0,-0.9146157503128052
4724375040.0,-0.958968460559845
4725312512.0,-1.0008859634399414
4726249984.0,-1.0382572412490845
4727187456.0,-1.0715112686157227
4728124928.0,-1.1004287004470825
4729062400.0,-1.12506902217865
4729999872.0,-1.1442251205444336
4730937344.0,-1.1586264371871948
4731874816.0,-1.1679785251617432
4732812288.0,-1.1746160984039307
4733749760.0,-1.1771982908248901
4734687744.0,-1.175503134727478
4735625216.0,-1.1708377599716187
4736562688.0,-1.1641032695770264
4737500160.0,-1.1537870168685913
4738437632.0,-1.142072081565857
4739375104.0,-1.1296961307525635
4740312576.0,-1.115564227104187
4741250048.0,-1.100321650505066
4742187520.0,-1.0850098133087158
4743124992.0,-1.069663643836975
4744062464.0,-1.0530809164047241
4744999936.0,-1.0353740453720093
4745937408.0,-1.0202244520187378
4746874880.0,-0.7938625812530518
4747812352.0,-0.8006210327148438
4748749824.0,-0.80586177110672
4749687296.0,-0.811896026134491
4750624768.0,-0.8167612552642822
4751562752.0,-0.820559561252594
4752500224.0,-0.8258353471755981
4753437696.0,-0.827899158000946
4754375168.0,-0.8323181867599487
4755312640.0,-0.8348734974861145
4756250112.0,-0.8375669121742249
4757187584.0,-0.8390835523605347
4758125056.0,-0.8394896388053894
4759062528.0,-0.8385847806930542
4760000000.0,-0.8377985954284668
4760937472.0,-0.8367658853530884
4761874944.0,-0.8336158990859985
4762812416.0,-0.8311414122581482
4763749888.0,-0.828463077545166
4764687360.0,-0.824867844581604
4765624832.0,-0.8213890790939331
4766562304.0,-0.8170569539070129
4767499776.0,-0.8129327893257141
4768437248.0,-0.8076662421226501
4769375232.0,-0.8027092814445496
4770312704.0,-0.7981371283531189
4771250176.0,-0.793305516242981
4772187648.0,-0.7887447476387024
4773125120.0,-0.7848405241966248
4774062592.0,-0.7821269035339355
4775000064.0,-0.7811561226844788
4775937536.0,-0.7808200120925903
4776875008.0,-0.7821157574653625
4777812480.0,-0.7856922745704651
4778749952.0,-0.7901997566223145
4779687424.0,-0.7972524166107178
4780624896.0,-0.8060604929924011
4781562368.0,-0.8166466951370239
4782499840.0,-0.8284138441085815
4783437312.0,-0.8442415595054626
4784374784.0,-0.8595502972602844
4785312256.0,-0.8783177733421326
4786250240.0,-0.8980247378349304
4787187712.0,-0.9189034700393677
4788125184.0,-0.9430078864097595
4789062656.0,-0.9669462442398071
4790000128.0,-0.9928017854690552
4790937600.0,-1.018174171447754
4791875072.0,-1.044011116027832
4792812544.0,-1.0706799030303955
4793750016.0,-1.0976511240005493
4794687488.0,-1.1246592998504639
4795624960.0,-1.150846242904663
4796562432.0,-1.1761324405670166
4797499904.0,-1.2022919654846191
4798437376.0,-1.2257579565048218
4799374848.0,-1.2481060028076172
4800312320.0,-1.268863558769226
4801249792.0,-1.286765694618225
4802187264.0,-1.3030340671539307
4803125248.0,-1.316715955734253
4804062720.0,-1.3300352096557617
4805000192.0,-1.3400232791900635
4805937664.0,-1.3464831113815308
4806875136.0,-1.2001160383224487
4807812608.0,-1.201965570449829
4808750080.0,-1.2041373252868652
4809687552.0,-1.202292799949646
4810625024.0,-1.2004233598709106
4811562496.0,-1.1966636180877686
4812499968.0,-1.191848874092102
4813437440.0,-1.1859588623046875
4814374912.0,-1.1798248291015625
4815312384.0,-1.1714287996292114
4816249856.0,-1.1629258394241333
4817187328.0,-1.154815435409546
4818124800.0,-1.146730899810791
4819062272.0,-1.1397758722305298
4819999744.0,-1.1328628063201904
4820937728.0,-1.1276600360870361
4821875200.0,-1.123405933380127
4822812672.0,-1.1188571453094482
4823750144.0,-1.116195559501648
4824687616.0,-1.1141152381896973
4825625088.0,-1.114438772201538
4826562560.0,-1.1154929399490356
4827500032.0,-1.1181890964508057
4828437504.0,-1.1233018636703491
4829374976.0,-1.131876826286316
4830312448.0,-1.1418683528900146
4831249920.0,-1.1542463302612305
4832187392.0,-1.167717695236206
4833124864.0,-1.1833375692367554
4834062336.0,-1.2006913423538208
4834999808.0,-1.2177091836929321
4835937280.0,-1.2370140552520752
4836874752.0,-1.2570260763168335
4837812736.0,-1.277495265007019
4838750208.0,-1.2989683151245117
4839687680.0,-1.3201957941055298
4840625152.0,-1.341781735420227
4841562624.0,-1.3625621795654297
4842500096.0,-1.3826203346252441
4843437568.0,-1.4037086963653564
4844375040.0,-1.423139214515686
4845312512.0,-1.442832112312317
4846249984.0,-1.4614511728286743
4847187456.0,-1.479328989982605
4848124928.0,-1.4945975542068481
4849062400.0,-1.5094503164291382
4849999872.0,-1.5226954221725464
4850937344.0,-1.535285472869873
4851874816.0,-1.5457724332809448
4852812288.0,-1.5539411306381226
4853749760.0,-1.5616177320480347
4854687744.0,-1.566921353340149
4855625216.0,-1.57161545753479
4856562688.0,-1.5747116804122925
4857500160.0,-1.5770670175552368
4858437632.0,-1.5791059732437134
4859375104.0,-1.581714391708374
4860312576.0,-1.584426760673523
4861250048.0,-1.5887218713760376
4862187520.0,-1.5926967859268188
4863124992.0,-1.5981227159500122
4864062464.0,-1.6007721424102783
4864999936.0,-1.6048519611358643
4865937408.0,-1.6074998378753662
4866874880.0,-1.589268445968628
4867812352.0,-1.5925712585449219
4868749824.0,-1.5968713760375977
4869687296.0,-1.6014058589935303
4870624768.0,-1.6071025133132935
4871562752.0,-1.6128188371658325
4872500224.0,-1.619038701057434
4873437696.0,-1.6248432397842407
4874375168.0,-1.6316072940826416
4875312640.0,-1.6397576332092285
4876250112.0,-1.648438572883606
4877187584.0,-1.6575361490249634
4878125056.0,-1.6681405305862427
4879062528.0,-1.6778773069381714
4880000000.0,-1.6888598203659058
4880937472.0,-1.7004038095474243
4881874944.0,-1.7127001285552979
4882812416.0,-1.7232084274291992
4883749888.0,-1.734207034111023
4884687360.0,-1.7456074953079224
4885624832.0,-1.7559559345245361
4886562304.0,-1.7663092613220215
4887499776.0,-1.7748223543167114
4888437248.0,-1.7821602821350098
4889375232.0,-1.7872529029846191
4890312704.0,-1.7913569211959839
4891250176.0,-1.7912135124206543
4892187648.0,-1.789311408996582
4893125120.0,-1.7852706909179688
4894062592.0,-1.7779535055160522
4895000064.0,-1.7693324089050293
4895937536.0,-1.7557176351547241
4896875008.0,-1.7424424886703491
4897812480.0,-1.7269569635391235
4898749952.0,-1.7069036960601807
4899687424.0,-1.6864564418792725
4900624896.0,-1.6632132530212402
4901562368.0,-1.6400253772735596
4902499840.0,-1.6149938106536865
4903437312.0,-1.588437557220459
4904374784.0,-1.5630484819412231
4905312256.0,-1.5361604690551758
4906250240.0,-1.509590744972229
4907187712.0,-1.4826080799102783
4908125184.0,-1.4573980569839478
4909062656.0,-1.4349685907363892
4910000128.0,-1.4115879535675049
4910937600.0,-1.3911677598953247
4911875072.0,-1.3730403184890747
4912812544.0,-1.3569908142089844
4913750016.0,-1.3440369367599487
4914687488.0,-1.3310174942016602
4915624960.0,-1.3219681978225708
4916562432.0,-1.315203309059143
4917499904.0,-1.3105578422546387
4918437376.0,-1.308707356452942
4919374848.0,-1.3084378242492676
4920312320.0,-1.3101222515106201
4921249792.0,-1.3124014139175415
4922187264.0,-1.2549481391906738
4923125248.0,-1.2454044818878174
4924062720.0,-1.2369948625564575
4925000192.0,-1.2296494245529175
4925937664.0,-1.347456693649292
4926875136.0,-1.3558424711227417
4927812608.0,-1.3632235527038574
4928750080.0,-1.3702458143234253
4929687552.0,-1.375839114189148
4930625024.0,-1.3796511888504028
4931562496.0,-1.382520079612732
4932499968.0,-1.3816797733306885
4933437440.0,-1.3793294429779053
4934374912.0,-1.3746583461761475
4935312384.0,-1.3669085502624512
4936249856.0,-1.3562214374542236
4937187328.0,-1.3437092304229736
4938124800.0,-1.328240990638733
4939062272.0,-1.311988353729248
4940000256.0,-1.292490005493164
4940937728.0,-1.2725077867507935
4941875200.0,-1.250647783279419
4942812672.0,-1.229213833808899
4943750144.0,-1.206786870956421
4944687616.0,-1.1836572885513306
4945625088.0,-1.161278247833252
4946562560.0,-1.1398837566375732
4947500032.0,-1.1189497709274292
4948437504.0,-1.1004292964935303
4949374976.0,-1.082231044769287
4950312448.0,-1.0664151906967163
4951249920.0,-1.0532236099243164
4952187392.0,-1.0411136150360107
4953124864.0,-1.031227707862854
4954062336.0,-1.0231904983520508
4954999808.0,-1.017449975013733
4955937280.0,-1.0120877027511597
4956874752.0,-1.0084103345870972
4957812736.0,-1.0060548782348633
4958750208.0,-1.0033848285675049
4959687680.0,-1.0007843971252441
4960625152.0,-0.9978317618370056
4961562624.0,-0.9944298267364502
4962500096.0,-0.9910939335823059
4963437568.0,-0.9866634011268616
4964375040.0,-0.9813808798789978
4965312512.0,-0.9733520746231079
4966249984.0,-0.9659917950630188
4967187456.0,-0.9567274451255798
4968124928.0,-0.947848916053772
4969062400.0,-0.938440203666687
4969999872.0,-0.9281934499740601
4970937344.0,-0.9194720387458801
4971874816.0,-0.9093525409698486
4972812288.0,-0.8992866277694702
4973749760.0,-0.8897075653076172
4974687744.0,-0.8807477355003357
4975625216.0,-0.8718478083610535
4976562688.0,-0.8635967969894409
4977500160.0,-0.8558286428451538
4978437632.0,-0.8483234643936157
4979375104.0,-0.8410338163375854
4980312576.0,-0.8343039155006409
4981250048.0,-0.8267225623130798
4982187520.0,-0.8180131316184998
4983124992.0,-0.8109992742538452
4984062464.0,-0.8007739782333374
4984999936.0,-0.7908992767333984
4985937408.0,-0.7737831473350525
4986874880.0,-0.7639645338058472
4987812352.0,-0.7563921809196472
4988749824.0,-0.7510374188423157
4989687296.0,-0.7455792427062988
4990624768.0,-0.7418926358222961
4991562752.0,-0.740163266658783
4992500224.0,-0.7386348247528076
4993437696.0,-0.7392787337303162
4994375168.0,-0.7417178153991699
4995312640.0,-0.744103729724884
4996250112.0,-0.7480170130729675
4997187584.0,-0.7537709474563599
4998125056.0,-0.7594358921051025
4999062528.0,-0.7671417593955994
5000000000.0,-0.7750673890113831
5000937472.0,-0.7834980487823486
5001874944.0,-0.7925494909286499
5002812416.0,-0.802566647529602
5003749888.0,-0.8105491399765015
5004687360.0,-0.8178480267524719
5005624832.0,-0.8250595927238464
5006562304.0,-0.8310104012489319
5007499776.0,-0.8362693786621094
5008437248.0,-0.8373768329620361
5009375232.0,-0.8388785719871521
5010312704.0,-0.8363468050956726
5011250176.0,-0.8322690725326538
5012187648.0,-0.8251134157180786
5013125120.0,-0.8161565065383911
5014062592.0,-0.8042126893997192
5015000064.0,-0.7887065410614014
5015937536.0,-0.7711039781570435
5016875008.0,-0.7508597373962402
5017812480.0,-0.7282453179359436
5018749952.0,-0.7031710743904114
5019687424.0,-0.6775532960891724
5020624896.0,-0.6499988436698914
5021562368.0,-0.6194069981575012
5022499840.0,-0.5898466110229492
5023437312.0,-0.5583914518356323
5024374784.0,-0.5268729329109192
5025312256.0,-0.4958377778530121
5026250240.0,-0.4651261270046234
5027187712.0,-0.4353122413158417
5028125184.0,-0.4057067036628723
5029062656.0,-0.37901630997657776
5030000128.0,-0.35345205664634705
5030937600.0,-0.3290455937385559
5031875072.0,-0.3071012794971466
5032812544.0,-0.2877132296562195
5033750016.0,-0.2711776793003082
5034687488.0,-0.2573685050010681
5035624960.0,-0.24728719890117645
5036562432.0,-0.2397889494895935
5037499904.0,-0.23490729928016663
5038437376.0,-0.2343362420797348
5039374848.0,-0.23592574894428253
5040312320.0,-0.24136295914649963
5041249792.0,-0.24868696928024292
5042187264.0,-0.2596741020679474
5043125248.0,-0.27292075753211975
5044062720.0,-0.28909435868263245
5045000192.0,-0.3062765300273895
5045937664.0,-0.569243848323822
5046875136.0,-0.5770769119262695
5047812608.0,-0.5868642926216125
5048750080.0,-0.595201313495636
5049687552.0,-0.6045840382575989
5050625024.0,-0.6129392385482788
5051562496.0,-0.6215389966964722
5052499968.0,-0.6300289630889893
5053437440.0,-0.6385489106178284
5054374912.0,-0.6449391841888428
5055312384.0,-0.6520828604698181
5056249856.0,-0.6586006879806519
5057187328.0,-0.662925124168396
5058124800.0,-0.6669410467147827
5059062272.0,-0.6698526740074158
5059999744.0,-0.672259509563446
5060937728.0,-0.6727384328842163
5061875200.0,-0.6712026596069336
5062812672.0,-0.6675467491149902
5063750144.0,-0.6640061140060425
5064687616.0,-0.6573500633239746
5065625088.0,-0.650208055973053
5066562560.0,-0.6404018402099609
5067500032.0,-0.6291918158531189
5068437504.0,-0.6156414151191711
5069374976.0,-0.6007009744644165
5070312448.0,-0.5851094126701355
5071249920.0,-0.5663266181945801
5072187392.0,-0.5463494658470154
5073124864.0,-0.5264714360237122
5074062336.0,-0.5044242143630981
5074999808.0,-0.4819517135620117
5075937280.0,-0.45734772086143494
5076874752.0,-0.4339068531990051
5077812736.0,-0.40982329845428467
5078750208.0,-0.38590389490127563
5079687680.0,-0.3602798283100128
5080625152.0,-0.3376504182815552
5081562624.0,-0.3150670528411865
5082500096.0,-0.2929319739341736
5083437568.0,-0.2737395763397217
5084375040.0,-0.25573140382766724
5085312512.0,-0.239055335521698
5086249984.0,-0.22444774210453033
5087187456.0,-0.21121716499328613
5088124928.0,-0.20034971833229065
5089062400.0,-0.19288009405136108
5089999872.0,-0.1868724822998047
5090937344.0,-0.1839703768491745
5091874816.0,-0.18407310545444489
5092812288.0,-0.1874295324087143
5093749760.0,-0.1928570568561554
5094687744.0,-0.2008228749036789
5095625216.0,-0.21161788702011108
5096562688.0,-0.2234983593225479
5097500160.0,-0.23809467256069183
5098437632.0,-0.2547980546951294
5099375104.0,-0.27416127920150757
5100312576.0,-0.29395174980163574
5101250048.0,-0.31641390919685364
5102187520.0,-0.33928146958351135
5103124992.0,-0.3639014661312103
5104062464.0,-0.3885243535041809
5104999936.0,-0.4129249155521393
5105937408.0,-0.50473552942276
5106874880.0,-0.5225359201431274
5107812352.0,-0.5388093590736389
5108749824.0,-0.5523052215576172
5109687296.0,-0.5648547410964966
5110624768.0,-0.5738564133644104
5111562752.0,-0.5826125144958496
5112500224.0,-0.5883305668830872
5113437696.0,-0.59178626537323
5114375168.0,-0.5940884947776794
5115312640.0,-0.5944242477416992
5116250112.0,-0.5927332639694214
5117187584.0,-0.5896174907684326
5118125056.0,-0.58323734998703
5119062528.0,-0.5763676166534424
5120000000.0,-0.569681704044342
5120937472.0,-0.5614196062088013
5121874944.0,-0.5520159602165222
5122812416.0,-0.5424714088439941
5123749888.0,-0.5343152284622192
5124687360.0,-0.5242751836776733
5125624832.0,-0.5155288577079773
5126562304.0,-0.5046449899673462
5127499776.0,-0.49505937099456787
5128437248.0,-0.4865792691707611
5129375232.0,-0.4763187766075134
5130312704.0,-0.4642297327518463
5131250176.0,-0.45243915915489197
5132187648.0,-0.439421683549881
5133125120.0,-0.4249967932701111
5134062592.0,-0.40932655334472656
5135000064.0,-0.3933115005493164
5135937536.0,-0.3761562407016754
5136875008.0,-0.35802823305130005
5137812480.0,-0.33964693546295166
5138749952.0,-0.3221213221549988
5139687424.0,-0.3040775954723358
5140624896.0,-0.28769123554229736
5141562368.0,-0.2719053626060486
5142499840.0,-0.2585503160953522
5143437312.0,-0.24833129346370697
5144374784.0,-0.24218234419822693
5145312256.0,-0.24245207011699677
5146250240.0,-0.24954622983932495
5147187712.0,-0.2622619569301605
5148125184.0,-0.27946069836616516
5149062656.0,-0.2993857264518738
5150000128.0,-0.31956538558006287
5150937600.0,-0.3415626287460327
5151875072.0,-0.36357057094573975
5152812544.0,-0.38524699211120605
5153750016.0,-0.405223548412323
5154687488.0,-0.42434409260749817
5155624960.0,-0.4416891932487488
5156562432.0,-0.4582210183143616
5157499904.0,-0.47264301776885986
5158437376.0,-0.48558932542800903
5159374848.0,-0.4969351887702942
5160312320.0,-0.5078429579734802
5161249792.0,-0.516985297203064
5162187264.0,-0.5258426070213318
5163125248.0,-0.5332277417182922
5164062720.0,-0.5408947467803955
5165000192.0,-0.5481373071670532
5165937664.0,-0.5551832914352417
5166875136.0,-0.5691415071487427
5167812608.0,-0.5860008597373962
5168750080.0,-0.6016203761100769
5169687552.0,-0.6173075437545776
5170625024.0,-0.6351560950279236
5171562496.0,-0.6526452302932739
5172499968.0,-0.6693742275238037
5173437440.0,-0.6855711936950684
5174374912.0,-0.7004762291908264
5175312384.0,-0.7142418026924133
5176249856.0,-0.7254016399383545
5177187328.0,-0.7349322438240051
5178124800.0,-0.7422719597816467
5179062272.0,-0.747718334197998
5180000256.0,-0.7490221261978149
5180937728.0,-0.747387707233429
5181875200.0,-0.7437220215797424
5182812672.0,-0.7381596565246582
5183750144.0,-0.7282391786575317
5184687616.0,-0.7173805832862854
5185625088.0,-0.7032462954521179
5186562560.0,-0.6873685121536255
5187500032.0,-0.6693260073661804
5188437504.0,-0.649532675743103
5189374976.0,-0.627358615398407
5190312448.0,-0.6047863364219666
5191249920.0,-0.5804299712181091
5192187392.0,-0.5560635328292847
5193124864.0,-0.5309157967567444
5194062336.0,-0.5049985647201538
5194999808.0,-0.4805625379085541
5195937280.0,-0.4582570195198059
5196874752.0,-0.43577632308006287
5197812736.0,-0.41471758484840393
5198750208.0,-0.39682117104530334
5199687680.0,-0.3786555230617523
5200625152.0,-0.3635127544403076
5201562624.0,-0.3501950204372406
5202500096.0,-0.33883804082870483
5203437568.0,-0.3310461640357971
5204375040.0,-0.3254742920398712
5205312512.0,-0.32409778237342834
5206249984.0,-0.3253895044326782
5207187456.0,-0.32888495922088623
5208124928.0,-0.3355104327201843
5209062400.0,-0.34439578652381897
5209999872.0,-0.3571203052997589
5210937344.0,-0.3706578016281128
5211874816.0,-0.3869762718677521
5212812288.0,-0.40504759550094604
5213749760.0,-0.4265308976173401
5214687744.0,-0.4486825168132782
5215625216.0,-0.47368696331977844
5216562688.0,-0.49820196628570557
5217500160.0,-0.5245709419250488
5218437632.0,-0.5510207414627075
5219375104.0,-0.5796707272529602
5220312576.0,-0.6066961884498596
5221250048.0,-0.6345770359039307
5222187520.0,-0.6616610884666443
5223124992.0,-0.6880012154579163
5224062464.0,-0.7129503488540649
5224999936.0,-0.7377586960792542
5225937408.0,-0.7869971990585327
5226874880.0,-0.8109179735183716
5227812352.0,-0.8329885601997375
5228749824.0,-0.852358877658844
5229687296.0,-0.8690198063850403
5230624768.0,-0.8850567936897278
5231562752.0,-0.8978854417800903
5232500224.0,-0.9073053598403931
5233437696.0,-0.9155816435813904
5234375168.0,-0.9208196997642517
5235312640.0,-0.9224935173988342
5236250112.0,-0.9245826005935669
5237187584.0,-0.9216129779815674
5238125056.0,-0.9200348854064941
5239062528.0,-0.9122164249420166
5240000000.0,-0.9044278264045715
5240937472.0,-0.8955140709877014
5241874944.0,-0.8845921158790588
5242812416.0,-0.8727380633354187
5243749888.0,-0.8590502142906189
5244687360.0,-0.8459937572479248
5245624832.0,-0.8318545818328857
5246562304.0,-0.8171494007110596
5247499776.0,-0.803547203540802
5248437248.0,-0.789014995098114
5249375232.0,-0.77381831407547
5250312704.0,-0.7596210837364197
5251250176.0,-0.7450914978981018
5252187648.0,-0.7307672500610352
5253125120.0,-0.7177864909172058
5254062592.0,-0.7062338590621948
5255000064.0,-0.6972330212593079
5255937536.0,-0.6894189119338989
5256875008.0,-0.6812281012535095
5257812480.0,-0.6758133172988892
5258749952.0,-0.6708739399909973
5259687424.0,-0.6676023006439209
5260624896.0,-0.6655872464179993
5261562368.0,-0.6660392880439758
5262499840.0,-0.6682518124580383
5263437312.0,-0.6734174489974976
5264374784.0,-0.6804215312004089
5265312256.0,-0.6894311904907227
5266250240.0,-0.7025484442710876
5267187712.0,-0.7172329425811768
5268125184.0,-0.7331792116165161
5269062656.0,-0.751619815826416
5270000128.0,-0.7723889946937561
5270937600.0,-0.7926018238067627
5271875072.0,-0.8151599168777466
5272812544.0,-0.8388375639915466
5273750016.0,-0.8653308749198914
5274687488.0,-0.8933898210525513
5275624960.0,-0.9227640628814697
5276562432.0,-0.9566478133201599
5277499904.0,-0.9903382062911987
5278437376.0,-1.0263428688049316
5279374848.0,-1.063366174697876
5280312320.0,-1.0998317003250122
5281249792.0,-1.1390223503112793
5282187264.0,-1.1788125038146973
5283125248.0,-1.2174639701843262
5284062720.0,-1.2550463676452637
5285000192.0,-1.292415976524353
5285937664.0,-1.3169182538986206
5286875136.0,-1.3462679386138916
5287812608.0,-1.3731529712677002
5288750080.0,-1.3995047807693481
5289687552.0,-1.4222747087478638
5290625024.0,-1.4433507919311523
5291562496.0,-1.461409091949463
5292499968.0,-1.4776995182037354
5293437440.0,-1.4912070035934448
5294374912.0,-1.5023651123046875
5295312384.0,-1.5070195198059082
5296249856.0,-1.5099725723266602
5297187328.0,-1.509480595588684
5298124800.0,-1.5076009035110474
5299062272.0,-1.5036143064498901
5299999744.0,-1.496739149093628
5300937728.0,-1.4877876043319702
5301875200.0,-1.4765037298202515
5302812672.0,-1.4622282981872559
5303750144.0,-1.4478681087493896
5304687616.0,-1.4310340881347656
5305625088.0,-1.4143043756484985
5306562560.0,-1.3969539403915405
5307500032.0,-1.3799704313278198
5308437504.0,-1.363349199295044
5309374976.0,-1.348121166229248
5310312448.0,-1.3336530923843384
5311249920.0,-1.3200254440307617
5312187392.0,-1.3062127828598022
5313124864.0,-1.2961519956588745
5314062336.0,-1.2856987714767456
5314999808.0,-1.2776225805282593
5315937280.0,-1.2715258598327637
5316874752.0,-1.269303560256958
5317812736.0,-1.268347978591919
5318750208.0,-1.27195143699646
5319687680.0,-1.275664210319519
5320625152.0,-1.283290982246399
5321562624.0,-1.292447566986084
5322500096.0,-1.3041530847549438
5323437568.0,-1.3190784454345703
5324375040.0,-1.3351181745529175
5325312512.0,-1.354134440422058
5326249984.0,-1.3757048845291138
5327187456.0,-1.3991203308105469
5328124928.0,-1.4267390966415405
5329062400.0,-1.4565479755401611
5329999872.0,-1.4900569915771484
5330937344.0,-1.5269184112548828
5331874816.0,-1.5635087490081787
5332812288.0,-1.6315606832504272
5333749760.0,-1.6803233623504639
5334687744.0,-1.7287029027938843
5335625216.0,-1.7794677019119263
5336562688.0,-1.8317639827728271
5337500160.0,-1.884753942489624
5338437632.0,-1.9408073425292969
5339375104.0,-1.995781421661377
5340312576.0,-2.0541024208068848
5341250048.0,-2.1108522415161133
5342187520.0,-2.1666979789733887
5343124992.0,-2.220947742462158
5344062464.0,-2.2723727226257324
5344999936.0,-2.3212907314300537
5345937408.0,-2.2541728019714355
5346874880.0,-2.28224778175354
5347812352.0,-2.306034564971924
5348749824.0,-2.3278870582580566
5349687296.0,-2.345080852508545
5350624768.0,-2.359433174133301
5351562752.0,-2.3699417114257812
5352500224.0,-2.378932476043701
5353437696.0,-2.384521245956421
5354375168.0,-2.3874495029449463
5355312640.0,-2.388532876968384
5356250112.0,-2.3850221633911133
5357187584.0,-2.377664566040039
5358125056.0,-2.3665544986724854
5359062528.0,-2.352614164352417
5360000000.0,-2.337798595428467
5360937472.0,-2.3206002712249756
5361874944.0,-2.3015034198760986
5362812416.0,-2.280841112136841
5363749888.0,-2.2577033042907715
5364687360.0,-2.2330214977264404
5365624832.0,-2.2082183361053467
5366562304.0,-2.182171106338501
5367499776.0,-2.153995990753174
5368437248.0,-2.1269187927246094
5369375232.0,-2.1004810333251953
5370312704.0,-2.073457956314087
5371250176.0,-2.0486350059509277
5372187648.0,-2.0242574214935303
5373125120.0,-2.0017848014831543
5374062592.0,-1.9806469678878784
5375000064.0,-1.9610073566436768
5375937536.0,-1.9425557851791382
5376875008.0,-1.9245102405548096
5377812480.0,-1.9085524082183838
5378749952.0,-1.8930726051330566
5379687424.0,-1.8778988122940063
5380624896.0,-1.8664470911026
5381562368.0,-1.8550728559494019
5382499840.0,-1.8445509672164917
5383437312.0,-1.8373889923095703
5384374784.0,-1.8293401002883911
5385312256.0,-1.8247815370559692
5386250240.0,-1.821274995803833
5387187712.0,-1.8196847438812256
5388125184.0,-1.8187209367752075
5389062656.0,-1.819809913635254
5390000128.0,-1.8227242231369019
5390937600.0,-1.826277732849121
5391875072.0,-1.8312039375305176
5392812544.0,-1.8359273672103882
5393750016.0,-1.8407776355743408
5394687488.0,-1.8461405038833618
5395624960.0,-1.8525230884552002
5396562432.0,-1.8585807085037231
5397499904.0,-1.866040587425232
5398437376.0,-1.8733716011047363
5399374848.0,-1.8799567222595215
5400312320.0,-1.8864569664001465
5401249792.0,-1.892175316810608
5402187264.0,-1.8978374004364014
5403125248.0,-1.902693510055542
5404062720.0,-1.9060931205749512
5405000192.0,-1.908554196357727
5405937664.0,-2.048488140106201
5406875136.0,-2.0462234020233154
5407812608.0,-2.0404324531555176
5408750080.0,-2.0326220989227295
5409687552.0,-2.022081136703491
5410625024.0,-2.0093867778778076
5411562496.0,-1.993899941444397
5412499968.0,-1.9756683111190796
5413437440.0,-1.9562487602233887
5414374912.0,-1.934942603111267
5415312384.0,-1.9118294715881348
5416249856.0,-1.888153314590454
5417187328.0,-1.8627164363861084
5418124800.0,-1.8352959156036377
5419062272.0,-1.8066173791885376
5420000256.0,-1.7762746810913086
5420937728.0,-1.7463973760604858
5421875200.0,-1.7144936323165894
5422812672.0,-1.6826865673065186
5423750144.0,-1.6505533456802368
5424687616.0,-1.6182507276535034
5425625088.0,-1.5871800184249878
5426562560.0,-1.556078553199768
5427500032.0,-1.5263642072677612
5428437504.0,-1.4961453676223755
5429374976.0,-1.467900037765503
5430312448.0,-1.4405994415283203
5431249920.0,-1.4159972667694092
5432187392.0,-1.3919118642807007
5433124864.0,-1.3695003986358643
5434062336.0,-1.3470072746276855
5434999808.0,-1.3256208896636963
5435937280.0,-1.305938959121704
5436874752.0,-1.2865718603134155
5437812736.0,-1.2690919637680054
5438750208.0,-1.2523365020751953
5439687680.0,-1.2380706071853638
5440625152.0,-1.2255762815475464
5441562624.0,-1.2145459651947021
5442500096.0,-1.2051340341567993
5443437568.0,-1.1954785585403442
5444375040.0,-1.1893084049224854
5445312512.0,-1.1842986345291138
5446249984.0,-1.1800744533538818
5447187456.0,-1.1758813858032227
5448124928.0,-1.1764758825302124
5449062400.0,-1.1764016151428223
5449999872.0,-1.1779474020004272
5450937344.0,-1.1824883222579956
5451874816.0,-1.1883058547973633
5452812288.0,-1.1954636573791504
5453749760.0,-1.202872633934021
5454687744.0,-1.2125476598739624
5455625216.0,-1.2214579582214355
5456562688.0,-1.2321152687072754
5457500160.0,-1.241592526435852
5458437632.0,-1.2535161972045898
5459375104.0,-1.2651042938232422
5460312576.0,-1.2751145362854004
5461250048.0,-1.2855522632598877
5462187520.0,-1.2943480014801025
5463124992.0,-1.3033519983291626
5464062464.0,-1.3107054233551025
5464999936.0,-1.3155978918075562
5465937408.0,-1.3219739198684692
5466874880.0,-1.3223974704742432
5467812352.0,-1.3199166059494019
5468749824.0,-1.3165802955627441
5469687296.0,-1.3103338479995728
5470624768.0,-1.3025071620941162
5471562752.0,-1.29164719581604
5472500224.0,-1.28006911277771
5473437696.0,-1.2654409408569336
5474375168.0,-1.250327467918396
5475312640.0,-1.2344081401824951
5476250112.0,-1.2157206535339355
5477187584.0,-1.1948118209838867
5478125056.0,-1.1716440916061401
5479062528.0,-1.1482360363006592
5480000000.0,-1.1225816011428833
5480937472.0,-1.0970690250396729
5481874944.0,-1.0697047710418701
5482812416.0,-1.0425684452056885
5483749888.0,-1.0148757696151733
5484687360.0,-0.9875167608261108
5485624832.0,-0.9613251686096191
5486562304.0,-0.9349616765975952
5487499776.0,-0.90920490026474
5488437248.0,-0.8832753896713257
5489375232.0,-0.8585686683654785
5490312704.0,-0.8347901701927185
5491250176.0,-0.811323881149292
5492187648.0,-0.7895680665969849
5493125120.0,-0.768140971660614
5494062592.0,-0.7492983937263489
5495000064.0,-0.7329216599464417
5495937536.0,-0.7171918153762817
5496875008.0,-0.7038678526878357
5497812480.0,-0.6928053498268127
5498749952.0,-0.6839954853057861
5499687424.0,-0.6783372163772583
5500624896.0,-0.6751081347465515
5501562368.0,-0.6740728616714478
5502499840.0,-0.6757802963256836
5503437312.0,-0.68045973777771
5504374784.0,-0.6875938177108765
5505312256.0,-0.6976436972618103
5506250240.0,-0.7117264270782471
5507187712.0,-0.7261106967926025
5508125184.0,-0.7433750629425049
5509062656.0,-0.7641387581825256
5510000128.0,-0.7866775393486023
5510937600.0,-0.8108831644058228
5511875072.0,-0.8382256627082825
5512812544.0,-0.8655288219451904
5513750016.0,-0.8944403529167175
5514687488.0,-0.9237527847290039
5515624960.0,-0.9543229341506958
5516562432.0,-0.9854087233543396
5517499904.0,-1.0152878761291504
5518437376.0,-1.0459638833999634
5519374848.0,-1.0732238292694092
5520312320.0,-1.0995715856552124
5521249792.0,-1.1232266426086426
5522187264.0,-1.1448231935501099
5523125248.0,-1.1636700630187988
5524062720.0,-1.1787800788879395
5525000192.0,-1.1887707710266113
5525937664.0,-1.0217373371124268
5526875136.0,-1.0259664058685303
5527812608.0,-1.028477430343628
5528750080.0,-1.0292041301727295
5529687552.0,-1.0277396440505981
5530625024.0,-1.0248934030532837
5531562496.0,-1.019446611404419
5532499968.0,-1.0132315158843994
5533437440.0,-1.0053491592407227
5534374912.0,-0.994655191898346
5535312384.0,-0.9831120371818542
5536249856.0,-0.9709089994430542
5537187328.0,-0.9577783942222595
5538124800.0,-0.9430010914802551
5539062272.0,-0.9286978840827942
5539999744.0,-0.9141584634780884
5540937728.0,-0.8978424668312073
5541875200.0,-0.8827215433120728
5542812672.0,-0.8664566874504089
5543750144.0,-0.8505375981330872
5544687616.0,-0.8345651626586914
5545625088.0,-0.8188374042510986
5546562560.0,-0.8039517402648926
5547500032.0,-0.7880449295043945
5548437504.0,-0.7735982537269592
5549374976.0,-0.7607421278953552
5550312448.0,-0.7491257190704346
5551249920.0,-0.7375727891921997
5552187392.0,-0.7281994223594666
5553124864.0,-0.7200990319252014
5554062336.0,-0.71268230676651
5554999808.0,-0.7085926532745361
5555937280.0,-0.7055580019950867
5556874752.0,-0.7054552435874939
5557812736.0,-0.7067171931266785
5558750208.0,-0.7106075286865234
5559687680.0,-0.7161473035812378
5560625152.0,-0.7254802584648132
5561562624.0,-0.7369248270988464
5562500096.0,-0.7508761286735535
5563437568.0,-0.767350435256958
5564375040.0,-0.7868433594703674
5565312512.0,-0.8075681328773499
5566249984.0,-0.8322683572769165
5567187456.0,-0.8571348786354065
5568124928.0,-0.8836008310317993
5569062400.0,-0.9112257957458496
5569999872.0,-0.9400439858436584
5570937344.0,-0.967840850353241
5571874816.0,-0.99686199426651
5572812288.0,-1.0239073038101196
5573749760.0,-1.050161361694336
5574687744.0,-1.075029969215393
5575625216.0,-1.097861647605896
5576562688.0,-1.1193748712539673
5577500160.0,-1.1377097368240356
5578437632.0,-1.1540719270706177
5579375104.0,-1.1671361923217773
5580312576.0,-1.178100824356079
5581250048.0,-1.1860169172286987
5582187520.0,-1.1911511421203613
5583124992.0,-1.194535255432129
5584062464.0,-1.1946364641189575
5584999936.0,-1.1926162242889404
5585937408.0,-1.1209951639175415
5586874880.0,-1.1259151697158813
5587812352.0,-1.1298094987869263
5588749824.0,-1.1315194368362427
5589687296.0,-1.1323304176330566
5590624768.0,-1.133195400238037
5591562752.0,-1.1338074207305908
5592500224.0,-1.1319561004638672
5593437696.0,-1.1303906440734863
5594375168.0,-1.1286741495132446
5595312640.0,-1.1252270936965942
5596250112.0,-1.1215766668319702
5597187584.0,-1.1171635389328003
5598125056.0,-1.1130818128585815
5599062528.0,-1.1082853078842163
5600000000.0,-1.1026852130889893
5600937472.0,-1.0979113578796387
5601874944.0,-1.0923233032226562
5602812416.0,-1.0862739086151123
5603749888.0,-1.080833077430725
5604687360.0,-1.0756324529647827
5605624832.0,-1.0700232982635498
5606562304.0,-1.0651018619537354
5607499776.0,-1.062204360961914
5608437248.0,-1.0573256015777588
5609375232.0,-1.054145097732544
5610312704.0,-1.0513386726379395
5611250176.0,-1.0487257242202759
5612187648.0,-1.0447083711624146
5613125120.0,-1.042660117149353
5614062592.0,-1.04154634475708
5615000064.0,-1.0399664640426636
5615937536.0,-1.0400207042694092
5616875008.0,-1.039591908454895
5617812480.0,-1.040350317955017
5618749952.0,-1.0416345596313477
5619687424.0,-1.0430151224136353
5620624896.0,-1.0461474657058716
5621562368.0,-1.0488920211791992
5622499840.0,-1.0521903038024902
5623437312.0,-1.0571208000183105
5624374784.0,-1.0633289813995361
5625312256.0,-1.067227840423584
5626250240.0,-1.0726759433746338
5627187712.0,-1.0775277614593506
5628125184.0,-1.0826351642608643
5629062656.0,-1.0876591205596924
5630000128.0,-1.0922967195510864
5630937600.0,-1.0960583686828613
5631875072.0,-1.1011250019073486
5632812544.0,-1.1037073135375977
5633750016.0,-1.106997013092041
5634687488.0,-1.109848141670227
5635624960.0,-1.1106297969818115
5636562432.0,-1.110954999923706
5637499904.0,-1.1100050210952759
5638437376.0,-1.107521653175354
5639374848.0,-1.1045100688934326
5640312320.0,-1.1002849340438843
5641249792.0,-1.0945115089416504
5642187264.0,-1.0901294946670532
5643125248.0,-1.0842305421829224
5644062720.0,-1.0777673721313477
5645000192.0,-1.0705848932266235
5645937664.0,-1.0647625923156738
5646875136.0,-1.054795265197754
5647812608.0,-1.0429062843322754
5648750080.0,-1.0289242267608643
5649687552.0,-1.013640284538269
5650625024.0,-0.9982941746711731
5651562496.0,-0.9810552597045898
5652499968.0,-0.9642833471298218
5653437440.0,-0.9451379776000977
5654374912.0,-0.9264361262321472
5655312384.0,-0.9089537262916565
5656249856.0,-0.8902102708816528
5657187328.0,-0.8701068162918091
5658124800.0,-0.8508679866790771
5659062272.0,-0.830369770526886
5660000256.0,-0.8104183673858643
5660937728.0,-0.7892516851425171
5661875200.0,-0.7692431211471558
5662812672.0,-0.7499365210533142
5663750144.0,-0.7313199639320374
5664687616.0,-0.7133938074111938
5665625088.0,-0.6968888640403748
5666562560.0,-0.6809812784194946
5667500032.0,-0.6664313077926636
5668437504.0,-0.652681291103363
5669374976.0,-0.6412990093231201
5670312448.0,-0.6299331188201904
5671249920.0,-0.6208864450454712
5672187392.0,-0.6138328313827515
5673124864.0,-0.6075040698051453
5674062336.0,-0.604209840297699
5674999808.0,-0.6007488369941711
5675937280.0,-0.5996303558349609
5676874752.0,-0.5998772382736206
5677812736.0,-0.5997170805931091
5678750208.0,-0.6017736792564392
5679687680.0,-0.6045928597450256
5680625152.0,-0.607938289642334
5681562624.0,-0.6111751794815063
5682500096.0,-0.6141545176506042
5683437568.0,-0.6161039471626282
5684375040.0,-0.6188793182373047
5685312512.0,-0.6212970018386841
5686249984.0,-0.6221581101417542
5687187456.0,-0.6231805086135864
5688124928.0,-0.6237983703613281
5689062400.0,-0.6218303442001343
5689999872.0,-0.6203238368034363
5690937344.0,-0.6160542368888855
5691874816.0,-0.6108928322792053
5692812288.0,-0.6040356755256653
5693749760.0,-0.5962522029876709
5694687744.0,-0.5858888626098633
5695625216.0,-0.5735296607017517
5696562688.0,-0.5610408186912537
5697500160.0,-0.546517014503479
5698437632.0,-0.5324261784553528
5699375104.0,-0.5184518098831177
5700312576.0,-0.5037345886230469
5701250048.0,-0.48904719948768616
5702187520.0,-0.47375017404556274
5703124992.0,-0.45952245593070984
5704062464.0,-0.4455227553844452
5704999936.0,-0.43199804425239563
5705937408.0,-0.40187880396842957
5706874880.0,-0.3997333347797394
5707812352.0,-0.3991427719593048
5708749824.0,-0.39876654744148254
5709687296.0,-0.3964438736438751
5710624768.0,-0.39451003074645996
5711562752.0,-0.3937791585922241
5712500224.0,-0.3925687074661255
5713437696.0,-0.39062994718551636
5714375168.0,-0.3897383213043213
5715312640.0,-0.38674983382225037
5716250112.0,-0.3833385705947876
5717187584.0,-0.37988516688346863
5718125056.0,-0.37581348419189453
5719062528.0,-0.36930426955223083
5720000000.0,-0.36450448632240295
5720937472.0,-0.3575735092163086
5721874944.0,-0.3505890369415283
5722812416.0,-0.34350287914276123
5723749888.0,-0.3357934057712555
5724687360.0,-0.3279605805873871
5725624832.0,-0.3209080994129181
5726562304.0,-0.31292811036109924
5727499776.0,-0.30637305974960327
5728437248.0,-0.3003968596458435
5729375232.0,-0.2952600121498108
5730312704.0,-0.2905658781528473
5731250176.0,-0.288382351398468
5732187648.0,-0.28806978464126587
5733125120.0,-0.2897842526435852
5734062592.0,-0.2917509078979492
5735000064.0,-0.2957935333251953
5735937536.0,-0.3021846413612366
5736875008.0,-0.31106841564178467
5737812480.0,-0.3207798898220062
5738749952.0,-0.33204185962677
5739687424.0,-0.3446531593799591
5740624896.0,-0.358014315366745
5741562368.0,-0.370527058839798
5742499840.0,-0.38418322801589966
5743437312.0,-0.3953133821487427
5744374784.0,-0.4067152440547943
5745312256.0,-0.4150179624557495
5746250240.0,-0.4226566553115845
5747187712.0,-0.4267623722553253
5748125184.0,-0.42866235971450806
5749062656.0,-0.4283878207206726
5750000128.0,-0.42553386092185974
5750937600.0,-0.4208369851112366
5751875072.0,-0.41403669118881226
5752812544.0,-0.40629124641418457
5753750016.0,-0.3978472650051117
5754687488.0,-0.38715681433677673
5755624960.0,-0.37690645456314087
5756562432.0,-0.36659857630729675
5757499904.0,-0.3562009334564209
5758437376.0,-0.3465427756309509
5759374848.0,-0.3387587070465088
5760312320.0,-0.33039143681526184
5761249792.0,-0.3245702087879181
5762187264.0,-0.32078489661216736
5763125248.0,-0.3158893883228302
5764062720.0,-0.31138095259666443
5765000192.0,-0.30733054876327515
5765937664.0,-0.23967497050762177
5766875136.0,-0.24265599250793457
5767812608.0,-0.24535678327083588
5768750080.0,-0.24960751831531525
5769687552.0,-0.2528786361217499
5770625024.0,-0.25783199071884155
5771562496.0,-0.2623596787452698
5772499968.0,-0.26837870478630066
5773437440.0,-0.2740139067173004
5774374912.0,-0.2814004421234131
5775312384.0,-0.28756582736968994
5776249856.0,-0.29469069838523865
5777187328.0,-0.3025352656841278
5778124800.0,-0.30917540192604065
5779062272.0,-0.31656670570373535
5779999744.0,-0.3225416839122772
5780937728.0,-0.3291250765323639
5781875200.0,-0.3352663218975067
5782812672.0,-0.34113532304763794
5783750144.0,-0.34529539942741394
5784687616.0,-0.35031336545944214
5785625088.0,-0.3543314039707184
5786562560.0,-0.3574597239494324
5787500032.0,-0.3607897460460663
5788437504.0,-0.3621942698955536
5789374976.0,-0.3621353209018707
5790312448.0,-0.3591720163822174
5791249920.0,-0.3569137752056122
5792187392.0,-0.3531547784805298
5793124864.0,-0.3474411070346832
5794062336.0,-0.3423541784286499
5794999808.0,-0.33610793948173523
5795937280.0,-0.3291959762573242
5796874752.0,-0.31998980045318604
5797812736.0,-0.3120748996734619
5798750208.0,-0.30182647705078125
5799687680.0,-0.29078879952430725
5800625152.0,-0.2790941894054413
5801562624.0,-0.26722007989883423
5802500096.0,-0.2542850375175476
5803437568.0,-0.2400992065668106
5804375040.0,-0.22588284313678741
5805312512.0,-0.21112549304962158
5806249984.0,-0.1970289647579193
5807187456.0,-0.1816081702709198
5808124928.0,-0.16595801711082458
5809062400.0,-0.1505429446697235
5809999872.0,-0.134689599275589
5810937344.0,-0.12044776976108551
5811874816.0,-0.10629670321941376
5812812288.0,-0.09236296266317368
5813749760.0,-0.07810001075267792
5814687744.0,-0.06531825661659241
5815625216.0,-0.053294941782951355
5816562688.0,-0.04215089976787567
5817500160.0,-0.030486922711133957
5818437632.0,-0.020648136734962463
5819375104.0,-0.009747382253408432
5820312576.0,-0.0012746300781145692
5821250048.0,0.007018845994025469
5822187520.0,0.01552905049175024
5823124992.0,0.02182132750749588
5824062464.0,0.027510588988661766
5824999936.0,0.033997371792793274
5825937408.0,-0.15997648239135742
5826874880.0,-0.16477511823177338
5827812352.0,-0.16766713559627533
5828749824.0,-0.16890573501586914
5829687296.0,-0.16876079142093658
5830624768.0,-0.1679873764514923
5831562752.0,-0.16614970564842224
5832500224.0,-0.163247749209404
5833437696.0,-0.16036459803581238
5834375168.0,-0.1566246747970581
5835312640.0,-0.1523522585630417
5836250112.0,-0.14894089102745056
5837187584.0,-0.14389561116695404
5838125056.0,-0.14076805114746094
5839062528.0,-0.13834410905838013
5840000000.0,-0.1371953785419464
5840937472.0,-0.1371012032032013
5841874944.0,-0.13894012570381165
5842812416.0,-0.1409076303243637
5843749888.0,-0.14297623932361603
5844687360.0,-0.14742137491703033
5845624832.0,-0.15297117829322815
5846562304.0,-0.15883371233940125
5847499776.0,-0.1655368059873581
5848437248.0,-0.17240028083324432
5849375232.0,-0.18144731223583221
5850312704.0,-0.18961672484874725
5851250176.0,-0.19897526502609253
5852187648.0,-0.20812830328941345
5853125120.0,-0.21694666147232056
5854062592.0,-0.2262449413537979
5855000064.0,-0.23447097837924957
5855937536.0,-0.24257610738277435
5856875008.0,-0.2498382329940796
5857812480.0,-0.2557393014431
5858749952.0,-0.2596707046031952
5859687424.0,-0.2610315978527069
5860624896.0,-0.26136305928230286
5861562368.0,-0.26108014583587646
5862499840.0,-0.25735634565353394
5863437312.0,-0.2528564929962158
5864374784.0,-0.24520689249038696
5865312256.0,-0.23738259077072144
5866250240.0,-0.22879759967327118
5867187712.0,-0.21828880906105042
5868125184.0,-0.20659895241260529
5869062656.0,-0.19490864872932434
5870000128.0,-0.1820448487997055
5870937600.0,-0.17004729807376862
5871875072.0,-0.15782712399959564
5872812544.0,-0.1459626406431198
5873750016.0,-0.13578560948371887
5874687488.0,-0.12663650512695312
5875624960.0,-0.11833517253398895
5876562432.0,-0.11253955960273743
5877499904.0,-0.10959787666797638
5878437376.0,-0.10695528239011765
5879374848.0,-0.10707920789718628
5880312320.0,-0.10885319113731384
5881249792.0,-0.11206946521997452
5882187264.0,-0.11778204143047333
5883125248.0,-0.1237129345536232
5884062720.0,-0.13277825713157654
5885000192.0,-0.14169283211231232
5885937664.0,-0.08154921978712082
5886875136.0,-0.08759762346744537
5887812608.0,-0.09448529034852982
5888750080.0,-0.10196707397699356
5889687552.0,-0.11004608124494553
5890625024.0,-0.11733117699623108
5891562496.0,-0.12639179825782776
5892499968.0,-0.1355990469455719
5893437440.0,-0.14537596702575684
5894374912.0,-0.1540907323360443
5895312384.0,-0.16377735137939453
5896249856.0,-0.17358455061912537
5897187328.0,-0.18218451738357544
5898124800.0,-0.19227103888988495
5899062272.0,-0.20174624025821686
5900000256.0,-0.21092063188552856
5900937728.0,-0.2201629877090454
5901875200.0,-0.2305135726928711
5902812672.0,-0.2384466528892517
5903750144.0,-0.24727508425712585
5904687616.0,-0.25684863328933716
5905625088.0,-0.26538461446762085
5906562560.0,-0.27386191487312317
5907500032.0,-0.281503289937973
5908437504.0,-0.28825843334198
5909374976.0,-0.29464349150657654
5910312448.0,-0.30111435055732727
5911249920.0,-0.30743053555488586
5912187392.0,-0.31230032444000244
5913124864.0,-0.3181813955307007
5914062336.0,-0.32176414132118225
5914999808.0,-0.3267725706100464
5915937280.0,-0.3283851146697998
5916874752.0,-0.332002192735672
5917812736.0,-0.33397307991981506
5918750208.0,-0.33449628949165344
5919687680.0,-0.3348597288131714
5920625152.0,-0.33374881744384766
5921562624.0,-0.33280083537101746
5922500096.0,-0.33110707998275757
5923437568.0,-0.3282627463340759
5924375040.0,-0.32444220781326294
5925312512.0,-0.3181188702583313
5926249984.0,-0.3119116425514221
5927187456.0,-0.303507924079895
5928124928.0,-0.2951169013977051
5929062400.0,-0.28505101799964905
5929999872.0,-0.2720814347267151
5930937344.0,-0.26011115312576294
5931874816.0,-0.24597564339637756
5932812288.0,-0.23207718133926392
5933749760.0,-0.2163284718990326
5934687744.0,-0.20011316239833832
5935625216.0,-0.18291470408439636
5936562688.0,-0.16496692597866058
5937500160.0,-0.147072434425354
5938437632.0,-0.129165381193161
5939375104.0,-0.11236362904310226
5940312576.0,-0.09528252482414246
5941250048.0,-0.07893241196870804
5942187520.0,-0.06281616538763046
5943124992.0,-0.04937805235385895
5944062464.0,-0.03606415167450905
5944999936.0,-0.025089621543884277
5945937408.0,-0.13524937629699707
5946874880.0,-0.1449974775314331
5947812352.0,-0.15591396391391754
5948749824.0,-0.16887174546718597
5949687296.0,-0.183236226439476
5950624768.0,-0.19926051795482635
5951562752.0,-0.2170158177614212
5952500224.0,-0.2351575493812561
5953437696.0,-0.254194051027298
5954375168.0,-0.2740708291530609
5955312640.0,-0.2940046489238739
5956250112.0,-0.31399065256118774
5957187584.0,-0.3342702388763428
5958125056.0,-0.35346636176109314
5959062528.0,-0.3726668059825897
5960000000.0,-0.3914690613746643
5960937472.0,-0.4079446792602539
5961874944.0,-0.4245401620864868
5962812416.0,-0.4386369287967682
5963749888.0,-0.4495387077331543
5964687360.0,-0.4581291377544403
5965624832.0,-0.463809609413147
5966562304.0,-0.46463945508003235
5967499776.0,-0.46407952904701233
5968437248.0,-0.4593590199947357
5969375232.0,-0.45051199197769165
5970312704.0,-0.4390219449996948
5971250176.0,-0.4253685176372528
5972187648.0,-0.4076133072376251
5973125120.0,-0.3888530731201172
5974062592.0,-0.3680209219455719
5975000064.0,-0.3451465666294098
5975937536.0,-0.3210567533969879
5976875008.0,-0.29593145847320557
5977812480.0,-0.27202609181404114
5978749952.0,-0.24580879509449005
5979687424.0,-0.222050741314888
5980624896.0,-0.1990470290184021
5981562368.0,-0.17761830985546112
5982499840.0,-0.1584128588438034
5983437312.0,-0.1416919231414795
5984374784.0,-0.12740415334701538
5985312256.0,-0.11571397632360458
5986250240.0,-0.1052093505859375
5987187712.0,-0.09727410972118378
5988125184.0,-0.0927509069442749
5989062656.0,-0.09078645706176758
5990000128.0,-0.0906282290816307
5990937600.0,-0.09250985831022263
5991875072.0,-0.09724858403205872
5992812544.0,-0.10337880998849869
5993750016.0,-0.1091667115688324
5994687488.0,-0.11625736206769943
5995624960.0,-0.12581795454025269
5996562432.0,-0.13376110792160034
5997499904.0,-0.14165808260440826
5998437376.0,-0.15073102712631226
5999374848.0,-0.15937189757823944
6000312320.0,-0.16756904125213623
6001249792.0,-0.1745564490556717
6002187264.0,-0.1821470707654953
6003125248.0,-0.18867236375808716
6004062720.0,-0.19390955567359924
6005000192.0,-0.15624788403511047
6005937664.0,-0.1634264439344406
6006875136.0,-0.17046311497688293
6007812608.0,-0.1782977133989334
6008750080.0,-0.1871616095304489
6009687552.0,-0.19761092960834503
6010625024.0,-0.2083994448184967
6011562496.0,-0.21958744525909424
6012499968.0,-0.2320578247308731
6013437440.0,-0.2441708892583847
6014374912.0,-0.25682729482650757
6015312384.0,-0.2701544165611267
6016249856.0,-0.28348395228385925
6017187328.0,-0.29678377509117126
6018124800.0,-0.3087274134159088
6019062272.0,-0.3215748071670532
6019999744.0,-0.3327155113220215
6020937728.0,-0.3440065383911133
6021875200.0,-0.355083167552948
6022812672.0,-0.3645212650299072
6023750144.0,-0.37241432070732117
6024687616.0,-0.37984827160835266
6025625088.0,-0.3855242133140564
6026562560.0,-0.38873767852783203
6027500032.0,-0.3911971151828766
6028437504.0,-0.3923355042934418
6029374976.0,-0.39060911536216736
6030312448.0,-0.3873941898345947
6031249920.0,-0.38422754406929016
6032187392.0,-0.37735167145729065
6033124864.0,-0.3712751567363739
6034062336.0,-0.36300384998321533
6034999808.0,-0.35431748628616333
6035937280.0,-0.3454211354255676
6036874752.0,-0.33458080887794495
6037812736.0,-0.3237948417663574
6038750208.0,-0.3125929832458496
6039687680.0,-0.3023858070373535
6040625152.0,-0.2920670807361603
6041562624.0,-0.28251802921295166
6042500096.0,-0.27184343338012695
6043437568.0,-0.26292216777801514
6044375040.0,-0.25413069128990173
6045312512.0,-0.24587884545326233
6046249984.0,-0.23921768367290497
6047187456.0,-0.23298019170761108
6048124928.0,-0.22752127051353455
6049062400.0,-0.22244863212108612
6049999872.0,-0.21909165382385254
6050937344.0,-0.21720533072948456
6051874816.0,-0.2163507491350174
6052812288.0,-0.21565411984920502
6053749760.0,-0.21554215252399445
6054687744.0,-0.21731019020080566
6055625216.0,-0.21941347420215607
6056562688.0,-0.22324077785015106
6057500160.0,-0.22655019164085388
6058437632.0,-0.230688214302063
6059375104.0,-0.2345343679189682
6060312576.0,-0.24022409319877625
6061250048.0,-0.24413643777370453
6062187520.0,-0.2485799640417099
6063124992.0,-0.2538936138153076
6064062464.0,-0.25892701745033264
6064999936.0,-0.1683252453804016
6065937408.0,-0.18863825500011444
6066874880.0,-0.20879559218883514
6067812352.0,-0.22967134416103363
6068749824.0,-0.24925288558006287
6069687296.0,-0.26872801780700684
6070624768.0,-0.2879219353199005
6071562752.0,-0.30576494336128235
6072500224.0,-0.32371556758880615
6073437696.0,-0.3403491973876953
6074375168.0,-0.35613420605659485
6075312640.0,-0.37143561244010925
6076250112.0,-0.38492149114608765
6077187584.0,-0.39714789390563965
6078125056.0,-0.40842393040657043
6079062528.0,-0.4176000654697418
6080000000.0,-0.42458561062812805
6080937472.0,-0.4315106272697449
6081874944.0,-0.43638938665390015
6082812416.0,-0.440311998128891
6083749888.0,-0.4408631920814514
6084687360.0,-0.44032275676727295
6085624832.0,-0.43884918093681335
6086562304.0,-0.43623724579811096
6087499776.0,-0.43256694078445435
6088437248.0,-0.427457720041275
6089375232.0,-0.420996755361557
6090312704.0,-0.4129965007305145
6091250176.0,-0.4041726887226105
6092187648.0,-0.3953552842140198
6093125120.0,-0.38520872592926025
6094062592.0,-0.37411731481552124
6095000064.0,-0.3612642288208008
6095937536.0,-0.3490414023399353
6096875008.0,-0.3353652358055115
6097812480.0,-0.32240989804267883
6098749952.0,-0.30873173475265503
6099687424.0,-0.2941191494464874
6100624896.0,-0.2788929343223572
6101562368.0,-0.2649960517883301
6102499840.0,-0.24996450543403625
6103437312.0,-0.2343212217092514
6104374784.0,-0.22027376294136047
6105312256.0,-0.2063242346048355
6106250240.0,-0.19249987602233887
6107187712.0,-0.17883269488811493
6108125184.0,-0.1658013015985489
6109062656.0,-0.1536399871110916
6110000128.0,-0.14246998727321625
6110937600.0,-0.1305278092622757
6111875072.0,-0.1193619817495346
6112812544.0,-0.1098337322473526
6113750016.0,-0.09994421154260635
6114687488.0,-0.09191514551639557
6115624960.0,-0.08502055704593658
6116562432.0,-0.07706472277641296
6117499904.0,-0.07331106811761856
6118437376.0,-0.07043004035949707
6119374848.0,-0.07000859081745148
6120312320.0,-0.07210147380828857
6121249792.0,-0.07631856948137283
6122187264.0,-0.08115769922733307
6123125248.0,-0.08759230375289917
6124062720.0,-0.0956578329205513
6125000192.0,-0.1493563950061798
6125937664.0,-0.16467474400997162
6126875136.0,-0.1816973090171814
6127812608.0,-0.19682534039020538
6128750080.0,-0.2140374779701233
6129687552.0,-0.23125752806663513
6130625024.0,-0.24769273400306702
6131562496.0,-0.2649358808994293
6132499968.0,-0.28233644366264343
6133437440.0,-0.2991996109485626
6134374912.0,-0.3152347505092621
6135312384.0,-0.33237895369529724
6136249856.0,-0.3474700152873993
6137187328.0,-0.3633212149143219
6138124800.0,-0.37655752897262573
6139062272.0,-0.3902028799057007
6140000256.0,-0.40228745341300964
6140937728.0,-0.41429635882377625
6141875200.0,-0.4243803918361664
6142812672.0,-0.43337029218673706
6143750144.0,-0.4406956732273102
6144687616.0,-0.448574960231781
6145625088.0,-0.45529481768608093
6146562560.0,-0.45977818965911865
6147500032.0,-0.4634711742401123
6148437504.0,-0.46501123905181885
6149374976.0,-0.46493035554885864
6150312448.0,-0.46357303857803345
6151249920.0,-0.45999130606651306
6152187392.0,-0.45374226570129395
6153124864.0,-0.4477190673351288
6154062336.0,-0.43967512249946594
6154999808.0,-0.4286867082118988
6155937280.0,-0.4194123446941376
6156874752.0,-0.40766382217407227
6157812736.0,-0.3940921723842621
6158750208.0,-0.3805350065231323
6159687680.0,-0.36578989028930664
6160625152.0,-0.3520408868789673
6161562624.0,-0.33829572796821594
6162500096.0,-0.3227725327014923
6163437568.0,-0.30715295672416687
6164375040.0,-0.2931109368801117
6165312512.0,-0.277940034866333
6166249984.0,-0.2633763253688812
6167187456.0,-0.24885331094264984
6168124928.0,-0.233727365732193
6169062400.0,-0.21974307298660278
6169999872.0,-0.2048780471086502
6170937344.0,-0.19093063473701477
6171874816.0,-0.17798753082752228
6172812288.0,-0.16534169018268585
6173749760.0,-0.15258629620075226
6174687744.0,-0.14313703775405884
6175625216.0,-0.13265763223171234
6176562688.0,-0.1252414584159851
6177500160.0,-0.11777682602405548
6178437632.0,-0.11272528767585754
6179375104.0,-0.10949403047561646
6180312576.0,-0.10686972737312317
6181250048.0,-0.10604564845561981
6182187520.0,-0.10752169042825699
6183124992.0,-0.10973227769136429
6184062464.0,-0.1151818111538887
6184999936.0,-0.26458004117012024
6185937408.0,-0.28162145614624023
6186874880.0,-0.298511266708374
6187812352.0,-0.3157851994037628
6188749824.0,-0.33268052339553833
6189687296.0,-0.3503097891807556
6190624768.0,-0.3673800826072693
6191562752.0,-0.38343045115470886
6192500224.0,-0.3998235762119293
6193437696.0,-0.4136969745159149
6194375168.0,-0.4258839190006256
6195312640.0,-0.43638354539871216
6196250112.0,-0.4456041753292084
6197187584.0,-0.4521554410457611
6198125056.0,-0.45805037021636963
6199062528.0,-0.4629163146018982
6200000000.0,-0.4658103883266449
6200937472.0,-0.46945953369140625
6201874944.0,-0.47229573130607605
6202812416.0,-0.47347813844680786
6203749888.0,-0.4766169488430023
6204687360.0,-0.4786500632762909
6205624832.0,-0.4816819429397583
6206562304.0,-0.48650267720222473
6207499776.0,-0.4923148453235626
6208437248.0,-0.4984249472618103
6209375232.0,-0.5050786137580872
6210312704.0,-0.5139243006706238
6211250176.0,-0.5220279097557068
6212187648.0,-0.5285947918891907
6213125120.0,-0.5354089736938477
6214062592.0,-0.539556622505188
6215000064.0,-0.5389227867126465
6215937536.0,-0.5337700843811035
6216875008.0,-0.5262690782546997
6217812480.0,-0.517507016658783
6218749952.0,-0.5071580410003662
6219687424.0,-0.49560439586639404
6220624896.0,-0.4819376468658447
6221562368.0,-0.4672411382198334
6222499840.0,-0.45334360003471375
6223437312.0,-0.44043073058128357
6224374784.0,-0.4270465672016144
6225312256.0,-0.4140627980232239
6226250240.0,-0.4022141695022583
6227187712.0,-0.39127951860427856
6228125184.0,-0.3811519145965576
6229062656.0,-0.37134385108947754
6230000128.0,-0.3623925447463989
6230937600.0,-0.35307979583740234
6231875072.0,-0.34552305936813354
6232812544.0,-0.3376373052597046
6233750016.0,-0.33244070410728455
6234687488.0,-0.3257739841938019
6235624960.0,-0.31974074244499207
6236562432.0,-0.31264379620552063
6237499904.0,-0.3061642646789551
6238437376.0,-0.29915866255760193
6239374848.0,-0.2916952073574066
6240312320.0,-0.285812646150589
6241249792.0,-0.27836599946022034
6242187264.0,-0.270994633436203
6243125248.0,-0.26441383361816406
6244062720.0,-0.2586337625980377
6245000192.0,-0.42454826831817627
6245937664.0,-0.4273678958415985
6246875136.0,-0.4311937391757965
6247812608.0,-0.4365372955799103
6248750080.0,-0.44340041279792786
6249687552.0,-0.45333319902420044
6250625024.0,-0.4638357162475586
6251562496.0,-0.47898662090301514
6252499968.0,-0.49625933170318604
6253437440.0,-0.5147466659545898
6254374912.0,-0.5349985957145691
6255312384.0,-0.5567652583122253
6256249856.0,-0.5815677642822266
6257187328.0,-0.6080782413482666
6258124800.0,-0.6343799829483032
6259062272.0,-0.6625624299049377
6259999744.0,-0.6898555159568787
6260937728.0,-0.7162829041481018
6261875200.0,-0.7418776154518127
6262812672.0,-0.7673124670982361
6263750144.0,-0.7896988391876221
6264687616.0,-0.8099607229232788
6265625088.0,-0.8278822898864746
6266562560.0,-0.8427820801734924
6267500032.0,-0.8537458181381226
6268437504.0,-0.863165557384491
6269374976.0,-0.866737961769104
6270312448.0,-0.8684800267219543
6271249920.0,-0.867335319519043
6272187392.0,-0.8621898293495178
6273124864.0,-0.854240357875824
6274062336.0,-0.8413705825805664
6274999808.0,-0.8253647685050964
6275937280.0,-0.8061848282814026
6276874752.0,-0.7842219471931458
6277812736.0,-0.7596171498298645
6278750208.0,-0.7346400022506714
6279687680.0,-0.7082234621047974
6280625152.0,-0.6790547966957092
6281562624.0,-0.6498041152954102
6282500096.0,-0.6216076016426086
6283437568.0,-0.5910683274269104
6284375040.0,-0.5617555379867554
6285312512.0,-0.5326806902885437
6286249984.0,-0.5045651197433472
6287187456.0,-0.47650623321533203
6288124928.0,-0.44988593459129333
6289062400.0,-0.4247528910636902
6289999872.0,-0.4020523130893707
6290937344.0,-0.37977612018585205
6291874816.0,-0.3614354133605957
6292812288.0,-0.34486833214759827
6293749760.0,-0.33197012543678284
6294687744.0,-0.3210115432739258
6295625216.0,-0.31286004185676575
6296562688.0,-0.3113221824169159
6297500160.0,-0.3144741952419281
6298437632.0,-0.3202420771121979
6299375104.0,-0.329203337430954
6300312576.0,-0.3402737081050873
6301250048.0,-0.35537779331207275
6302187520.0,-0.3724593222141266
6303124992.0,-0.39309877157211304
6304062464.0,-0.4142915904521942
6304999936.0,-0.5558053851127625
6305937408.0,-0.5759551525115967
6306874880.0,-0.5977472066879272
6307812352.0,-0.6210640072822571
6308749824.0,-0.6464459896087646
6309687296.0,-0.6703572273254395
6310624768.0,-0.6966670155525208
6311562752.0,-0.7216887474060059
6312500224.0,-0.7468433976173401
6313437696.0,-0.7722415924072266
6314375168.0,-0.7961666584014893
6315312640.0,-0.8219509720802307
6316250112.0,-0.8450291156768799
6317187584.0,-0.8669739365577698
6318125056.0,-0.8870956897735596
6319062528.0,-0.9058902859687805
6320000000.0,-0.9230005145072937
6320937472.0,-0.9366324543952942
6321874944.0,-0.950678825378418
6322812416.0,-0.9615393877029419
6323749888.0,-0.9711974263191223
6324687360.0,-0.9760438799858093
6325624832.0,-0.9793807864189148
6326562304.0,-0.9798111319541931
6327499776.0,-0.9758384227752686
6328437248.0,-0.9707337617874146
6329375232.0,-0.9618522524833679
6330312704.0,-0.9511723518371582
6331250176.0,-0.9376856088638306
6332187648.0,-0.9220412373542786
6333125120.0,-0.9049760699272156
6334062592.0,-0.8870797157287598
6335000064.0,-0.8679882287979126
6335937536.0,-0.8464730978012085
6336875008.0,-0.8243614435195923
6337812480.0,-0.8028675317764282
6338749952.0,-0.7790102958679199
6339687424.0,-0.7566967606544495
6340624896.0,-0.7333183288574219
6341562368.0,-0.7117193341255188
6342499840.0,-0.690053403377533
6343437312.0,-0.668565571308136
6344374784.0,-0.6479930281639099
6345312256.0,-0.6285520792007446
6346250240.0,-0.6108855605125427
6347187712.0,-0.5913458466529846
6348125184.0,-0.5729432702064514
6349062656.0,-0.5563327670097351
6350000128.0,-0.5418515801429749
6350937600.0,-0.5270712971687317
6351875072.0,-0.5164356231689453
6352812544.0,-0.5055925846099854
6353750016.0,-0.4982929229736328
6354687488.0,-0.4925057590007782
6355624960.0,-0.4907848834991455
6356562432.0,-0.48986491560935974
6357499904.0,-0.4927341639995575
6358437376.0,-0.4979735016822815
6359374848.0,-0.5059024691581726
6360312320.0,-0.5166218280792236
6361249792.0,-0.5296751260757446
6362187264.0,-0.5443016290664673
6363125248.0,-0.5620685815811157
6364062720.0,-0.5820233225822449
6365000192.0,-0.8449164032936096
6365937664.0,-0.8532292246818542
6366875136.0,-0.8601970076560974
6367812608.0,-0.8699854612350464
6368750080.0,-0.87957364320755
6369687552.0,-0.8884504437446594
6370625024.0,-0.8982921838760376
6371562496.0,-0.9073073863983154
6372499968.0,-0.9175984263420105
6373437440.0,-0.9275694489479065
6374374912.0,-0.9371393918991089
6375312384.0,-0.9461215138435364
6376249856.0,-0.9557097554206848
6377187328.0,-0.9639027714729309
6378124800.0,-0.9725192785263062
6379062272.0,-0.9794541597366333
6380000256.0,-0.9862154722213745
6380937728.0,-0.9918135404586792
6381875200.0,-0.9965687990188599
6382812672.0,-1.0016361474990845
6383750144.0,-1.0059318542480469
6384687616.0,-1.0099486112594604
6385625088.0,-1.0130319595336914
6386562560.0,-1.0137977600097656
6387500032.0,-1.015758991241455
6388437504.0,-1.0170155763626099
6389374976.0,-1.0179424285888672
6390312448.0,-1.0179004669189453
6391249920.0,-1.015315294265747
6392187392.0,-1.0154857635498047
6393124864.0,-1.01297926902771
6394062336.0,-1.0122944116592407
6394999808.0,-1.0101313591003418
6395937280.0,-1.0080740451812744
6396874752.0,-1.005740761756897
6397812736.0,-1.0016093254089355
6398750208.0,-0.9990698099136353
6399687680.0,-0.9951745867729187
6400625152.0,-0.9922583699226379
6401562624.0,-0.990328311920166
6402500096.0,-0.9883002638816833
6403437568.0,-0.9869220852851868
6404375040.0,-0.9856835603713989
6405312512.0,-0.985675036907196
6406249984.0,-0.9876593947410583
6407187456.0,-0.9892579913139343
6408124928.0,-0.9921330213546753
6409062400.0,-0.9957231283187866
6409999872.0,-1.0014488697052002
6410937344.0,-1.007606863975525
6411874816.0,-1.0135935544967651
6412812288.0,-1.020056962966919
6413749760.0,-1.0269078016281128
6414687744.0,-1.0351502895355225
6415625216.0,-1.042966604232788
6416562688.0,-1.0498440265655518
6417500160.0,-1.059306263923645
6418437632.0,-1.0675194263458252
6419375104.0,-1.0759379863739014
6420312576.0,-1.084789514541626
6421250048.0,-1.0928744077682495
6422187520.0,-1.1010973453521729
6423124992.0,-1.1064316034317017
6424062464.0,-1.111083984375
6424999936.0,-1.1244455575942993
6425937408.0,-1.1355384588241577
6426874880.0,-1.1448886394500732
6427812352.0,-1.153487205505371
6428749824.0,-1.1596342325210571
6429687296.0,-1.164658784866333
6430624768.0,-1.169427514076233
6431562752.0,-1.1713799238204956
6432500224.0,-1.1731367111206055
6433437696.0,-1.1718978881835938
6434375168.0,-1.1703104972839355
6435312640.0,-1.1672009229660034
6436250112.0,-1.1637194156646729
6437187584.0,-1.1590194702148438
6438125056.0,-1.1519705057144165
6439062528.0,-1.1451416015625
6440000000.0,-1.1349678039550781
6440937472.0,-1.1250239610671997
6441874944.0,-1.1132774353027344
6442812416.0,-1.100110411643982
6443749888.0,-1.0868542194366455
6444687360.0,-1.0744683742523193
6445624832.0,-1.0611250400543213
6446562304.0,-1.0487933158874512
6447499776.0,-1.0358164310455322
6448437248.0,-1.0243080854415894
6449375232.0,-1.0134952068328857
6450312704.0,-1.002639889717102
6451250176.0,-0.9929987788200378
6452187648.0,-0.9837462902069092
6453125120.0,-0.9756901860237122
6454062592.0,-0.9686400890350342
6455000064.0,-0.9614394903182983
6455937536.0,-0.9549285173416138
6456875008.0,-0.9496582746505737
6457812480.0,-0.9453699588775635
6458749952.0,-0.9414955973625183
6459687424.0,-0.9374381303787231
6460624896.0,-0.9338786602020264
6461562368.0,-0.9319580793380737
6462499840.0,-0.9288813471794128
6463437312.0,-0.926230251789093
6464374784.0,-0.924342930316925
6465312256.0,-0.9209285378456116
6466250240.0,-0.9173871278762817
6467187712.0,-0.9143747687339783
6468125184.0,-0.909747302532196
6469062656.0,-0.9061899185180664
6470000128.0,-0.9016827940940857
6470937600.0,-0.8967132568359375
6471875072.0,-0.8920727968215942
6472812544.0,-0.8860979676246643
6473750016.0,-0.8819913864135742
6474687488.0,-0.8785168528556824
6475624960.0,-0.8739421963691711
6476562432.0,-0.8709499835968018
6477499904.0,-0.8671083450317383
6478437376.0,-0.8640450835227966
6479374848.0,-0.8610811233520508
6480312320.0,-0.8578445911407471
6481249792.0,-0.856400191783905
6482187264.0,-0.8544384837150574
6483125248.0,-0.8529987931251526
6484062720.0,-0.8536356687545776
6485000192.0,-0.9565966725349426
6485937664.0,-0.9616152048110962
6486875136.0,-0.9683017730712891
6487812608.0,-0.974203884601593
6488750080.0,-0.9804238677024841
6489687552.0,-0.9859278202056885
6490625024.0,-0.9919891953468323
6491562496.0,-0.9963239431381226
6492499968.0,-1.001145362854004
6493437440.0,-1.005162000656128
6494374912.0,-1.007340669631958
6495312384.0,-1.0100520849227905
6496249856.0,-1.0132646560668945
6497187328.0,-1.014219880104065
6498124800.0,-1.0146642923355103
6499062272.0,-1.0129668712615967
6499999744.0,-1.0109171867370605
6500937728.0,-1.0084651708602905
6501875200.0,-1.0039429664611816
6502812672.0,-0.9987125992774963
6503750144.0,-0.9929632544517517
6504687616.0,-0.9849945902824402
6505625088.0,-0.9767752289772034
6506562560.0,-0.9690237045288086
6507500032.0,-0.9590052366256714
6508437504.0,-0.9488027691841125
6509374976.0,-0.9389141798019409
6510312448.0,-0.9275123476982117
6511249920.0,-0.9162982702255249
6512187392.0,-0.9057228565216064
6513124864.0,-0.8948500752449036
6514062336.0,-0.8831251859664917
6514999808.0,-0.8724365830421448
6515937280.0,-0.8617271780967712
6516874752.0,-0.8514953255653381
6517812736.0,-0.8418660759925842
6518750208.0,-0.8336228728294373
6519687680.0,-0.8259154558181763
6520625152.0,-0.8180808424949646
6521562624.0,-0.8109778165817261
6522500096.0,-0.8066094517707825
6523437568.0,-0.8028382062911987
6524375040.0,-0.7993887662887573
6525312512.0,-0.7964297533035278
6526249984.0,-0.7950778603553772
6527187456.0,-0.7935934066772461
6528124928.0,-0.7937288880348206
6529062400.0,-0.793742835521698
6529999872.0,-0.7936743497848511
6530937344.0,-0.7947932481765747
6531874816.0,-0.7984978556632996
6532812288.0,-0.8006585240364075
6533749760.0,-0.804092288017273
6534687744.0,-0.8082291483879089
6535625216.0,-0.812850296497345
6536562688.0,-0.8182458281517029
6537500160.0,-0.8245593905448914
6538437632.0,-0.8307257294654846
6539375104.0,-0.8372550010681152
6540312576.0,-0.8457224369049072
6541250048.0,-0.852942705154419
6542187520.0,-0.8601426482200623
6543124992.0,-0.8670993447303772
6544062464.0,-0.8754859566688538
6544999936.0,-0.8694484829902649
6545937408.0,-0.8711382150650024
6546874880.0,-0.8745502233505249
6547812352.0,-0.8760705590248108
6548749824.0,-0.8791809678077698
6549687296.0,-0.881985604763031
6550624768.0,-0.8861486315727234
6551562752.0,-0.8901668190956116
6552500224.0,-0.8947341442108154
6553437696.0,-0.9006034135818481
6554375168.0,-0.9056612849235535
6555312640.0,-0.9128634929656982
6556250112.0,-0.9200202822685242
6557187584.0,-0.9279950261116028
6558125056.0,-0.9363082051277161
6559062528.0,-0.9469627141952515
6560000000.0,-0.9565550088882446
6560937472.0,-0.9668249487876892
6561874944.0,-0.9784767627716064
6562812416.0,-0.9901689291000366
6563749888.0,-1.0017443895339966
6564687360.0,-1.0146347284317017
6565624832.0,-1.0287097692489624
6566562304.0,-1.0417206287384033
6567499776.0,-1.0554217100143433
6568437248.0,-1.0684008598327637
6569375232.0,-1.0810850858688354
6570312704.0,-1.0927966833114624
6571250176.0,-1.1042078733444214
6572187648.0,-1.11658775806427
6573125120.0,-1.1254520416259766
6574062592.0,-1.1363669633865356
6575000064.0,-1.1456354856491089
6575937536.0,-1.1535042524337769
6576875008.0,-1.160277009010315
6577812480.0,-1.166697382926941
6578749952.0,-1.1702189445495605
6579687424.0,-1.1736178398132324
6580624896.0,-1.1751811504364014
6581562368.0,-1.1764668226242065
6582499840.0,-1.1757558584213257
6583437312.0,-1.1741288900375366
6584374784.0,-1.1736115217208862
6585312256.0,-1.170842170715332
6586250240.0,-1.1685961484909058
6587187712.0,-1.1630735397338867
6588125184.0,-1.157285451889038
6589062656.0,-1.1530568599700928
6590000128.0,-1.147934079170227
6590937600.0,-1.142802119255066
6591875072.0,-1.1383813619613647
6592812544.0,-1.1341291666030884
6593750016.0,-1.1297987699508667
6594687488.0,-1.1255964040756226
6595624960.0,-1.1215323209762573
6596562432.0,-1.1186165809631348
6597499904.0,-1.1143244504928589
6598437376.0,-1.1117897033691406
6599374848.0,-1.1098355054855347
6600312320.0,-1.1077669858932495
6601249792.0,-1.1089171171188354
6602187264.0,-1.1080752611160278
6603125248.0,-1.1110552549362183
6604062720.0,-1.1133776903152466
6605000192.0,-1.1126046180725098
6605937664.0,-1.119486689567566
6606875136.0,-1.1266206502914429
6607812608.0,-1.1336947679519653
6608750080.0,-1.1401121616363525
6609687552.0,-1.1462528705596924
6610625024.0,-1.151897668838501
6611562496.0,-1.157124400138855
6612499968.0,-1.1617732048034668
6613437440.0,-1.1668808460235596
6614374912.0,-1.1701008081436157
6615312384.0,-1.1742287874221802
6616249856.0,-1.1803529262542725
6617187328.0,-1.1849929094314575
6618124800.0,-1.1911629438400269
6619062272.0,-1.1960357427597046
6620000256.0,-1.2024401426315308
6620937728.0,-1.209830641746521
6621875200.0,-1.217913031578064
6622812672.0,-1.2265900373458862
6623750144.0,-1.2363793849945068
6624687616.0,-1.2471156120300293
6625625088.0,-1.2623103857040405
6626562560.0,-1.278531551361084
6627500032.0,-1.2975642681121826
6628437504.0,-1.3167588710784912
6629374976.0,-1.3370323181152344
6630312448.0,-1.3574490547180176
6631249920.0,-1.377508521080017
6632187392.0,-1.3977856636047363
6633124864.0,-1.4170494079589844
6634062336.0,-1.4378589391708374
6634999808.0,-1.4566854238510132
6635937280.0,-1.4753016233444214
6636874752.0,-1.494231104850769
6637812736.0,-1.5119746923446655
6638750208.0,-1.5292638540267944
6639687680.0,-1.5444421768188477
6640625152.0,-1.5581141710281372
6641562624.0,-1.5716679096221924
6642500096.0,-1.584796667098999
6643437568.0,-1.5945419073104858
6644375040.0,-1.6043131351470947
6645312512.0,-1.6118873357772827
6646249984.0,-1.6196529865264893
6647187456.0,-1.6257046461105347
6648124928.0,-1.6301202774047852
6649062400.0,-1.6350620985031128
6649999872.0,-1.6385899782180786
6650937344.0,-1.6411426067352295
6651874816.0,-1.6463007926940918
6652812288.0,-1.6477489471435547
6653749760.0,-1.6487215757369995
6654687744.0,-1.6502610445022583
6655625216.0,-1.652095913887024
6656562688.0,-1.6556644439697266
6657500160.0,-1.6581059694290161
6658437632.0,-1.6604502201080322
6659375104.0,-1.6655243635177612
6660312576.0,-1.6718140840530396
6661250048.0,-1.6801886558532715
6662187520.0,-1.690539836883545
6663124992.0,-1.7034908533096313
6664062464.0,-1.7171741724014282
6664999936.0,-1.7358816862106323
6665937408.0,-1.7494723796844482
6666874880.0,-1.76468825340271
6667812352.0,-1.7799655199050903
6668749824.0,-1.7937403917312622
6669687296.0,-1.8063472509384155
6670624768.0,-1.8211777210235596
6671562752.0,-1.8346829414367676
6672500224.0,-1.848933219909668
6673437696.0,-1.8606706857681274
6674375168.0,-1.8746311664581299
6675312640.0,-1.8874366283416748
6676250112.0,-1.8987194299697876
6677187584.0,-1.9058313369750977
6678125056.0,-1.9130513668060303
6679062528.0,-1.9183987379074097
6680000000.0,-1.922810673713684
6680937472.0,-1.9282808303833008
6681874944.0,-1.9315094947814941
6682812416.0,-1.9352539777755737
6683749888.0,-1.936679482460022
6684687360.0,-1.9373228549957275
6685624832.0,-1.9399758577346802
6686562304.0,-1.9409083127975464
6687499776.0,-1.9409234523773193
6688437248.0,-1.9426006078720093
6689375232.0,-1.9458751678466797
6690312704.0,-1.951224446296692
6691250176.0,-1.957671046257019
6692187648.0,-1.9663090705871582
6693125120.0,-1.978942632675171
6694062592.0,-1.992098093032837
6695000064.0,-2.0067765712738037
6695937536.0,-2.022317886352539
6696875008.0,-2.0385560989379883
6697812480.0,-2.0547847747802734
6698749952.0,-2.0727593898773193
6699687424.0,-2.0927062034606934
6700624896.0,-2.1132915019989014
6701562368.0,-2.137110710144043
6702499840.0,-2.162034273147583
6703437312.0,-2.1879589557647705
6704374784.0,-2.2162094116210938
6705312256.0,-2.2463173866271973
6706250240.0,-2.27642822265625
6707187712.0,-2.3040449619293213
6708125184.0,-2.334296226501465
6709062656.0,-2.3607892990112305
6710000128.0,-2.3850715160369873
6710937600.0,-2.406334400177002
6711875072.0,-2.4245738983154297
6712812544.0,-2.4392824172973633
6713750016.0,-2.4499990940093994
6714687488.0,-2.457242488861084
6715624960.0,-2.462637424468994
6716562432.0,-2.4653332233428955
6717499904.0,-2.464461088180542
6718437376.0,-2.4636411666870117
6719374848.0,-2.463212728500366
6720312320.0,-2.461444139480591
6721249792.0,-2.4602742195129395
6722187264.0,-2.4603054523468018
6723125248.0,-2.4604601860046387
6724062720.0,-2.4616098403930664
6725000192.0,-2.439223051071167
6725937664.0,-2.4417715072631836
6726875136.0,-2.445010185241699
6727812608.0,-2.4526877403259277
6728750080.0,-2.4622292518615723
6729687552.0,-2.4735355377197266
6730625024.0,-2.487966537475586
6731562496.0,-2.50339937210083
6732499968.0,-2.522428274154663
6733437440.0,-2.5419249534606934
6734374912.0,-2.563425064086914
6735312384.0,-2.587216854095459
6736249856.0,-2.611786127090454
6737187328.0,-2.639535427093506
6738124800.0,-2.668926954269409
6739062272.0,-2.699359655380249
6739999744.0,-2.7337262630462646
6740937728.0,-2.765336036682129
6741875200.0,-2.800306797027588
6742812672.0,-2.8342673778533936
6743750144.0,-2.8672609329223633
6744687616.0,-2.901310443878174
6745625088.0,-2.932603597640991
6746562560.0,-2.9624252319335938
6747500032.0,-2.991358995437622
6748437504.0,-3.0174999237060547
6749374976.0,-3.042611598968506
6750312448.0,-3.062330484390259
6751249920.0,-3.0807416439056396
6752187392.0,-3.0997047424316406
6753124864.0,-3.111480474472046
6754062336.0,-3.1201865673065186
6754999808.0,-3.1243414878845215
6755937280.0,-3.126765251159668
6756874752.0,-3.125168800354004
6757812736.0,-3.1171164512634277
6758750208.0,-3.1052091121673584
6759687680.0,-3.0890989303588867
6760625152.0,-3.069056749343872
6761562624.0,-3.0424246788024902
6762500096.0,-3.012268543243408
6763437568.0,-2.978219509124756
6764375040.0,-2.9416534900665283
6765312512.0,-2.8996055126190186
6766249984.0,-2.852679967880249
6767187456.0,-2.8029768466949463
6768124928.0,-2.748231887817383
6769062400.0,-2.6894686222076416
6769999872.0,-2.627866268157959
6770937344.0,-2.564978837966919
6771874816.0,-2.5002379417419434
6772812288.0,-2.4360365867614746
6773749760.0,-2.373394012451172
6774687744.0,-2.312276840209961
6775625216.0,-2.2543468475341797
6776562688.0,-2.19826340675354
6777500160.0,-2.144233226776123
6778437632.0,-2.0964653491973877
6779375104.0,-2.052488088607788
6780312576.0,-2.0123610496520996
6781250048.0,-1.975314974784851
6782187520.0,-1.941747784614563
6783124992.0,-1.911742925643921
6784062464.0,-1.8864154815673828
6784999936.0,-2.3426387310028076
6785937408.0,-2.3250420093536377
6786874880.0,-2.308058977127075
6787812352.0,-2.2913050651550293
6788749824.0,-2.2750706672668457
6789687296.0,-2.261470317840576
6790624768.0,-2.2494571208953857
6791562752.0,-2.2416059970855713
6792500224.0,-2.2365992069244385
6793437696.0,-2.233654260635376
6794375168.0,-2.23313045501709
6795312640.0,-2.2350504398345947
6796250112.0,-2.237135410308838
6797187584.0,-2.243107318878174
6798125056.0,-2.2486345767974854
6799062528.0,-2.255890369415283
6800000000.0,-2.2642855644226074
6800937472.0,-2.2732858657836914
6801874944.0,-2.2837581634521484
6802812416.0,-2.2946853637695312
6803749888.0,-2.308553695678711
6804687360.0,-2.3246665000915527
6805624832.0,-2.3408236503601074
6806562304.0,-2.357952833175659
6807499776.0,-2.3766489028930664
6808437248.0,-2.3958253860473633
6809375232.0,-2.4157824516296387
6810312704.0,-2.4318854808807373
6811250176.0,-2.447361946105957
6812187648.0,-2.4605588912963867
6813125120.0,-2.4709768295288086
6814062592.0,-2.47900390625
6815000064.0,-2.4858171939849854
6815937536.0,-2.4899587631225586
6816875008.0,-2.4921011924743652
6817812480.0,-2.491161823272705
6818749952.0,-2.486785888671875
6819687424.0,-2.479177951812744
6820624896.0,-2.4679434299468994
6821562368.0,-2.4534971714019775
6822499840.0,-2.4360623359680176
6823437312.0,-2.417487859725952
6824374784.0,-2.3932371139526367
6825312256.0,-2.3667612075805664
6826250240.0,-2.3368709087371826
6827187712.0,-2.30454421043396
6828125184.0,-2.2717678546905518
6829062656.0,-2.234654188156128
6830000128.0,-2.1972672939300537
6830937600.0,-2.157825469970703
6831875072.0,-2.116726875305176
6832812544.0,-2.073988914489746
6833750016.0,-2.0291662216186523
6834687488.0,-1.9857158660888672
6835624960.0,-1.9403014183044434
6836562432.0,-1.8970509767532349
6837499904.0,-1.8540955781936646
6838437376.0,-1.8132871389389038
6839374848.0,-1.7753679752349854
6840312320.0,-1.738835096359253
6841249792.0,-1.7051132917404175
6842187264.0,-1.6728917360305786
6843125248.0,-1.6441431045532227
6844062720.0,-1.6156688928604126
6845000192.0,-1.5106669664382935
6845937664.0,-1.4841432571411133
6846875136.0,-1.460342526435852
6847812608.0,-1.4391981363296509
6848750080.0,-1.4200009107589722
6849687552.0,-1.4038108587265015
6850625024.0,-1.3926687240600586
6851562496.0,-1.3834153413772583
6852499968.0,-1.3773516416549683
6853437440.0,-1.3746016025543213
6854374912.0,-1.374834656715393
6855312384.0,-1.3773595094680786
6856249856.0,-1.3823599815368652
6857187328.0,-1.3924384117126465
6858124800.0,-1.4042054414749146
6859062272.0,-1.4177268743515015
6860000256.0,-1.4332555532455444
6860937728.0,-1.4493639469146729
6861875200.0,-1.4679582118988037
6862812672.0,-1.4872844219207764
6863750144.0,-1.507331132888794
6864687616.0,-1.5270119905471802
6865625088.0,-1.5468732118606567
6866562560.0,-1.5653958320617676
6867500032.0,-1.5836529731750488
6868437504.0,-1.5993319749832153
6869374976.0,-1.613856554031372
6870312448.0,-1.626335620880127
6871249920.0,-1.6380336284637451
6872187392.0,-1.6459120512008667
6873124864.0,-1.6532931327819824
6874062336.0,-1.6571499109268188
6874999808.0,-1.660581350326538
6875937280.0,-1.6591438055038452
6876874752.0,-1.6542701721191406
6877812736.0,-1.6480343341827393
6878750208.0,-1.6390981674194336
6879687680.0,-1.6262842416763306
6880625152.0,-1.6110548973083496
6881562624.0,-1.5927122831344604
6882500096.0,-1.5724754333496094
6883437568.0,-1.549670696258545
6884375040.0,-1.524847388267517
6885312512.0,-1.4988452196121216
6886249984.0,-1.471359133720398
6887187456.0,-1.4407798051834106
6888124928.0,-1.4102730751037598
6889062400.0,-1.3801032304763794
6889999872.0,-1.3495209217071533
6890937344.0,-1.3172882795333862
6891874816.0,-1.285853385925293
6892812288.0,-1.2541663646697998
6893749760.0,-1.2252800464630127
6894687744.0,-1.1951038837432861
6895625216.0,-1.1639796495437622
6896562688.0,-1.1354235410690308
6897500160.0,-1.1065013408660889
6898437632.0,-1.0792113542556763
6899375104.0,-1.053349256515503
6900312576.0,-1.031227469444275
6901250048.0,-1.0094537734985352
6902187520.0,-0.9902606010437012
6903124992.0,-0.9733796119689941
6904062464.0,-0.9603347182273865
6904999936.0,-0.9711597561836243
6905937408.0,-0.9693690538406372
6906874880.0,-0.9687445759773254
6907812352.0,-0.9702463746070862
6908749824.0,-0.9717463850975037
6909687296.0,-0.9748679399490356
6910624768.0,-0.9778259992599487
6911562752.0,-0.9820055365562439
6912500224.0,-0.9867032766342163
6913437696.0,-0.9916608333587646
6914375168.0,-0.995787501335144
6915312640.0,-0.9999651908874512
6916250112.0,-1.0043425559997559
6917187584.0,-1.0077322721481323
6918125056.0,-1.008091926574707
6919062528.0,-1.009695291519165
6920000000.0,-1.0083162784576416
6920937472.0,-1.0059316158294678
6921874944.0,-1.0023548603057861
6922812416.0,-0.9957530498504639
6923749888.0,-0.9865037202835083
6924687360.0,-0.9755697846412659
6925624832.0,-0.9617870450019836
6926562304.0,-0.9478552937507629
6927499776.0,-0.9310917258262634
6928437248.0,-0.9130558371543884
6929375232.0,-0.8943480253219604
6930312704.0,-0.873894989490509
6931250176.0,-0.8521640300750732
6932187648.0,-0.8312538862228394
6933125120.0,-0.8086925148963928
6934062592.0,-0.7859815955162048
6935000064.0,-0.7634530067443848
6935937536.0,-0.7409884333610535
6936875008.0,-0.7185546159744263
6937812480.0,-0.6969919800758362
6938749952.0,-0.6757912039756775
6939687424.0,-0.6552056074142456
6940624896.0,-0.6372174620628357
6941562368.0,-0.6196832656860352
6942499840.0,-0.603315532207489
6943437312.0,-0.5893968939781189
6944374784.0,-0.5773350596427917
6945312256.0,-0.5661827325820923
6946250240.0,-0.5568026304244995
6947187712.0,-0.5502358078956604
6948125184.0,-0.5440782308578491
6949062656.0,-0.540268063545227
6950000128.0,-0.5375868678092957
6950937600.0,-0.5371168851852417
6951875072.0,-0.5380641222000122
6952812544.0,-0.538970410823822
6953750016.0,-0.5415865182876587
6954687488.0,-0.5456376671791077
6955624960.0,-0.5515913963317871
6956562432.0,-0.5593733787536621
6957499904.0,-0.5679514408111572
6958437376.0,-0.5790579319000244
6959374848.0,-0.5883163213729858
6960312320.0,-0.5983138084411621
6961249792.0,-0.610384464263916
6962187264.0,-0.6223138570785522
6963125248.0,-0.6325423717498779
6964062720.0,-0.6442950963973999
6965000192.0,-0.5439870357513428
6965937664.0,-0.5527790784835815
6966875136.0,-0.5637523531913757
6967812608.0,-0.5735570192337036
6968750080.0,-0.5837894082069397
6969687552.0,-0.5933757424354553
6970625024.0,-0.6041849851608276
6971562496.0,-0.6148298382759094
6972499968.0,-0.626318633556366
6973437440.0,-0.6365968585014343
6974374912.0,-0.6494289636611938
6975312384.0,-0.6604570746421814
6976249856.0,-0.6731663942337036
6977187328.0,-0.6852931380271912
6978124800.0,-0.6966861486434937
6979062272.0,-0.7095723748207092
6979999744.0,-0.7212762832641602
6980937728.0,-0.7327035665512085
6981875200.0,-0.7424123883247375
6982812672.0,-0.7518469095230103
6983750144.0,-0.7598598003387451
6984687616.0,-0.7665578126907349
6985625088.0,-0.773288369178772
6986562560.0,-0.7789173126220703
6987500032.0,-0.7844892144203186
6988437504.0,-0.7888094186782837
6989374976.0,-0.7924864888191223
6990312448.0,-0.7959677577018738
6991249920.0,-0.7971377968788147
6992187392.0,-0.7975290417671204
6993124864.0,-0.7978944182395935
6994062336.0,-0.7951469421386719
6994999808.0,-0.7911008596420288
6995937280.0,-0.7843230366706848
6996874752.0,-0.778059184551239
6997812736.0,-0.7713343501091003
6998750208.0,-0.7632173895835876
6999687680.0,-0.7533131837844849
7000625152.0,-0.743148148059845
7001562624.0,-0.7316147089004517
7002500096.0,-0.7199567556381226
7003437568.0,-0.7073784470558167
7004375040.0,-0.6936095356941223
7005312512.0,-0.6804848909378052
7006249984.0,-0.6663658022880554
7007187456.0,-0.6507466435432434
7008124928.0,-0.6331679821014404
7009062400.0,-0.6151121258735657
7009999872.0,-0.5978712439537048
7010937344.0,-0.5797061324119568
7011874816.0,-0.5634859800338745
7012812288.0,-0.5465773344039917
7013749760.0,-0.5306608080863953
7014687744.0,-0.5149686932563782
7015625216.0,-0.49903255701065063
7016562688.0,-0.48391515016555786
7017500160.0,-0.4692977964878082
7018437632.0,-0.455448180437088
7019375104.0,-0.44217783212661743
7020312576.0,-0.4295368790626526
7021250048.0,-0.4153199791908264
7022187520.0,-0.40323904156684875
7023124992.0,-0.39167529344558716
7024062464.0,-0.3825094401836395
7024999936.0,-0.30366599559783936
7025937408.0,-0.30778416991233826
7026874880.0,-0.3125520348548889
7027812352.0,-0.3189444839954376
7028749824.0,-0.32613423466682434
7029687296.0,-0.3341040313243866
7030624768.0,-0.34224435687065125
7031562752.0,-0.35177361965179443
7032500224.0,-0.3627551794052124
7033437696.0,-0.37779688835144043
7034375168.0,-0.3910733759403229
7035312640.0,-0.40503206849098206
7036250112.0,-0.4192885458469391
7037187584.0,-0.43367791175842285
7038125056.0,-0.44876518845558167
7039062528.0,-0.4645121991634369
7040000000.0,-0.47913658618927
7040937472.0,-0.49387988448143005
7041874944.0,-0.5097981095314026
7042812416.0,-0.5228221416473389
7043749888.0,-0.5383126735687256
7044687360.0,-0.5501799583435059
7045624832.0,-0.5627270936965942
7046562304.0,-0.5739706158638
7047499776.0,-0.5860556364059448
7048437248.0,-0.595415472984314
7049375232.0,-0.6055628061294556
7050312704.0,-0.6131900548934937
7051250176.0,-0.6200866103172302
7052187648.0,-0.6255766749382019
7053125120.0,-0.6301090717315674
7054062592.0,-0.6321611404418945
7055000064.0,-0.6343224048614502
7055937536.0,-0.6341252326965332
7056875008.0,-0.6330699324607849
7057812480.0,-0.6311873197555542
7058749952.0,-0.6295141577720642
7059687424.0,-0.6277481913566589
7060624896.0,-0.6240131258964539
7061562368.0,-0.6181585192680359
7062499840.0,-0.6119272112846375
7063437312.0,-0.6027308106422424
7064374784.0,-0.5937203764915466
7065312256.0,-0.5833235383033752
7066250240.0,-0.5707940459251404
7067187712.0,-0.5589684844017029
7068125184.0,-0.5458362102508545
7069062656.0,-0.5328364372253418
7070000128.0,-0.5187436938285828
7070937600.0,-0.5050235390663147
7071875072.0,-0.48982515931129456
7072812544.0,-0.47470733523368835
7073750016.0,-0.4596211016178131
7074687488.0,-0.44355157017707825
7075624960.0,-0.42702406644821167
7076562432.0,-0.4109271466732025
7077499904.0,-0.3949250876903534
7078437376.0,-0.37757956981658936
7079374848.0,-0.36039847135543823
7080312320.0,-0.3445568084716797
7081249792.0,-0.32653701305389404
7082187264.0,-0.31058454513549805
7083125248.0,-0.29504311084747314
7084062720.0,-0.2803519070148468
7085000192.0,-0.34318751096725464
7085937664.0,-0.3323172330856323
7086875136.0,-0.32184460759162903
7087812608.0,-0.31242576241493225
7088750080.0,-0.3030420243740082
7089687552.0,-0.2958029806613922
7090625024.0,-0.28845685720443726
7091562496.0,-0.28225839138031006
7092499968.0,-0.2771822512149811
7093437440.0,-0.2736212909221649
7094374912.0,-0.2709628939628601
7095312384.0,-0.2699185907840729
7096249856.0,-0.27028608322143555
7097187328.0,-0.27162444591522217
7098124800.0,-0.2736511528491974
7099062272.0,-0.2785795032978058
7100000256.0,-0.2847580909729004
7100937728.0,-0.29290878772735596
7101875200.0,-0.301760196685791
7102812672.0,-0.31328830122947693
7103750144.0,-0.3254665732383728
7104687616.0,-0.34032076597213745
7105625088.0,-0.35509786009788513
7106562560.0,-0.37271153926849365
7107500032.0,-0.39062002301216125
7108437504.0,-0.4112802743911743
7109374976.0,-0.43247324228286743
7110312448.0,-0.45300647616386414
7111249920.0,-0.4758797287940979
7112187392.0,-0.49884727597236633
7113124864.0,-0.521434485912323
7114062336.0,-0.5438041090965271
7114999808.0,-0.566128134727478
7115937280.0,-0.5886260271072388
7116874752.0,-0.6102370023727417
7117812736.0,-0.6324872374534607
7118750208.0,-0.6533237099647522
7119687680.0,-0.6725102663040161
7120625152.0,-0.6904036402702332
7121562624.0,-0.7084217071533203
7122500096.0,-0.7232844233512878
7123437568.0,-0.7366632223129272
7124375040.0,-0.7485017776489258
7125312512.0,-0.7568021416664124
7126249984.0,-0.7645599246025085
7127187456.0,-0.768916130065918
7128124928.0,-0.7721965909004211
7129062400.0,-0.7734726071357727
7129999872.0,-0.7723739147186279
7130937344.0,-0.769024670124054
7131874816.0,-0.7627077698707581
7132812288.0,-0.7535725235939026
7133749760.0,-0.7446687817573547
7134687744.0,-0.7322909832000732
7135625216.0,-0.7180658578872681
7136562688.0,-0.7029324769973755
7137500160.0,-0.6856423020362854
7138437632.0,-0.6678781509399414
7139375104.0,-0.6475834846496582
7140312576.0,-0.6258306503295898
7141250048.0,-0.6049001812934875
7142187520.0,-0.5832929015159607
7143124992.0,-0.5613454580307007
7144062464.0,-0.4482440650463104
7144999936.0,-0.44463756680488586
7145937408.0,-0.4408668875694275
7146874880.0,-0.43799614906311035
7147812352.0,-0.4352149963378906
7148749824.0,-0.43110084533691406
7149687296.0,-0.4283745586872101
7150624768.0,-0.4255141317844391
7151562752.0,-0.4239315092563629
7152500224.0,-0.42289409041404724
7153437696.0,-0.4234255850315094
7154375168.0,-0.42475005984306335
7155312640.0,-0.4280606508255005
7156250112.0,-0.4330379068851471
7157187584.0,-0.4399631917476654
7158125056.0,-0.4475763142108917
7159062528.0,-0.4570022523403168
7160000000.0,-0.46529972553253174
7160937472.0,-0.47206225991249084
7161874944.0,-0.4795234203338623
7162812416.0,-0.4876479506492615
7163749888.0,-0.49750980734825134
7164687360.0,-0.5076928734779358
7165624832.0,-0.5177322626113892
7166562304.0,-0.5285100936889648
7167499776.0,-0.5385262966156006
7168437248.0,-0.5470290780067444
7169375232.0,-0.5557180047035217
7170312704.0,-0.5644837617874146
7171250176.0,-0.5699620842933655
7172187648.0,-0.5753620862960815
7173125120.0,-0.579018771648407
7174062592.0,-0.5809711813926697
7175000064.0,-0.5808331966400146
7175937536.0,-0.5808266997337341
7176875008.0,-0.5780384540557861
7177812480.0,-0.5749282836914062
7178749952.0,-0.5695062875747681
7179687424.0,-0.5637257099151611
7180624896.0,-0.5561528205871582
7181562368.0,-0.5472950339317322
7182499840.0,-0.5363165736198425
7183437312.0,-0.5253922343254089
7184374784.0,-0.5132259130477905
7185312256.0,-0.4984598755836487
7186250240.0,-0.4808215796947479
7187187712.0,-0.46334752440452576
7188125184.0,-0.4459424614906311
7189062656.0,-0.42691630125045776
7190000128.0,-0.40831148624420166
7190937600.0,-0.38786399364471436
7191875072.0,-0.3685525953769684
7192812544.0,-0.35062989592552185
7193750016.0,-0.3312068581581116
7194687488.0,-0.3139406442642212
7195624960.0,-0.29616472125053406
7196562432.0,-0.2814626097679138
7197499904.0,-0.26645442843437195
7198437376.0,-0.25423669815063477
7199374848.0,-0.2430846393108368
7200312320.0,-0.23388612270355225
7201249792.0,-0.2277456670999527
7202187264.0,-0.224366694688797
7203125248.0,-0.22123032808303833
7204062720.0,-0.3418073356151581
7205000192.0,-0.356113463640213
7205937664.0,-0.37198328971862793
7206875136.0,-0.39202138781547546
7207812608.0,-0.4144516885280609
7208750080.0,-0.4379521608352661
7209687552.0,-0.4649292528629303
7210625024.0,-0.4923953711986542
7211562496.0,-0.524771511554718
7212499968.0,-0.5580679774284363
7213437440.0,-0.5902036428451538
7214374912.0,-0.6251492500305176
7215312384.0,-0.6583379507064819
7216249856.0,-0.6919817924499512
7217187328.0,-0.7244160771369934
7218124800.0,-0.7537122368812561
7219062272.0,-0.7826055884361267
7219999744.0,-0.8080894947052002
7220937728.0,-0.8310144543647766
7221875200.0,-0.8491067886352539
7222812672.0,-0.8651624321937561
7223750144.0,-0.8756313920021057
7224687616.0,-0.8828839063644409
7225625088.0,-0.8853650689125061
7226562560.0,-0.8843080997467041
7227500032.0,-0.8777133226394653
7228437504.0,-0.8672111630439758
7229374976.0,-0.8517243266105652
7230312448.0,-0.8346360325813293
7231249920.0,-0.8116207122802734
7232187392.0,-0.7858476638793945
7233124864.0,-0.7555108666419983
7234062336.0,-0.722888171672821
7234999808.0,-0.6867929697036743
7235937280.0,-0.6480058431625366
7236874752.0,-0.6103788018226624
7237812736.0,-0.5717083811759949
7238750208.0,-0.5301424860954285
7239687680.0,-0.48835378885269165
7240625152.0,-0.44525641202926636
7241562624.0,-0.40306928753852844
7242500096.0,-0.36108115315437317
7243437568.0,-0.3197907507419586
7244375040.0,-0.2778674066066742
7245312512.0,-0.23908811807632446
7246249984.0,-0.2010597139596939
7247187456.0,-0.16446718573570251
7248124928.0,-0.1305399239063263
7249062400.0,-0.09778626263141632
7249999872.0,-0.06942330300807953
7250937344.0,-0.042932771146297455
7251874816.0,-0.021254532039165497
7252812288.0,-0.0025661159306764603
7253749760.0,0.01263322215527296
7254687744.0,0.024134553968906403
7255625216.0,0.031313586980104446
7256562688.0,0.034688159823417664
7257500160.0,0.03403162956237793
7258437632.0,0.028615431860089302
7259375104.0,0.02005598321557045
7260312576.0,0.007471299264580011
7261250048.0,-0.010796923190355301
7262187520.0,-0.032618727535009384
7263124992.0,-0.058971334248781204
7264062464.0,-0.302906334400177
7264999936.0,-0.3012337386608124
7265937408.0,-0.3017164468765259
7266874880.0,-0.30426880717277527
7267812352.0,-0.31109240651130676
7268749824.0,-0.31886518001556396
7269687296.0,-0.3299466371536255
7270624768.0,-0.3417210876941681
7271562752.0,-0.3559563159942627
7272500224.0,-0.37089118361473083
7273437696.0,-0.3867328464984894
7274375168.0,-0.40391838550567627
7275312640.0,-0.42076951265335083
7276250112.0,-0.43748971819877625
7277187584.0,-0.45490679144859314
7278125056.0,-0.47247427701950073
7279062528.0,-0.48676666617393494
7280000000.0,-0.5012762546539307
7280937472.0,-0.5130501389503479
7281874944.0,-0.5237055420875549
7282812416.0,-0.5326439738273621
7283749888.0,-0.5378928780555725
7284687360.0,-0.5426722168922424
7285624832.0,-0.544213593006134
7286562304.0,-0.5431068539619446
7287499776.0,-0.5429593324661255
7288437248.0,-0.5409964323043823
7289375232.0,-0.5377693772315979
7290312704.0,-0.5306107997894287
7291250176.0,-0.5216519236564636
7292187648.0,-0.5108020305633545
7293125120.0,-0.49838557839393616
7294062592.0,-0.4835083782672882
7295000064.0,-0.46851974725723267
7295937536.0,-0.4518602788448334
7296875008.0,-0.4334729015827179
7297812480.0,-0.4159381091594696
7298749952.0,-0.39577895402908325
7299687424.0,-0.37621358036994934
7300624896.0,-0.3582365810871124
7301562368.0,-0.3399807810783386
7302499840.0,-0.3229078948497772
7303437312.0,-0.30561399459838867
7304374784.0,-0.2908773124217987
7305312256.0,-0.276986300945282
7306250240.0,-0.26359593868255615
7307187712.0,-0.2524811625480652
7308125184.0,-0.2431527078151703
7309062656.0,-0.23515765368938446
7310000128.0,-0.2278815060853958
7310937600.0,-0.22232860326766968
7311875072.0,-0.21746674180030823
7312812544.0,-0.21459384262561798
7313750016.0,-0.2132883220911026
7314687488.0,-0.21106502413749695
7315624960.0,-0.20925654470920563
7316562432.0,-0.20827871561050415
7317499904.0,-0.2063865065574646
7318437376.0,-0.2046092450618744
7319374848.0,-0.20083682239055634
7320312320.0,-0.1971290111541748
7321249792.0,-0.19094327092170715
7322187264.0,-0.18391425907611847
7323125248.0,-0.17432597279548645
7324062720.0,-0.316778302192688
7325000192.0,-0.29388725757598877
7325937664.0,-0.2689950466156006
7326875136.0,-0.2423185259103775
7327812608.0,-0.21537064015865326
7328750080.0,-0.18761590123176575
7329687552.0,-0.16054001450538635
7330625024.0,-0.13446101546287537
7331562496.0,-0.10866612941026688
7332499968.0,-0.08570302277803421
7333437440.0,-0.06678234785795212
7334374912.0,-0.052431583404541016
7335312384.0,-0.041364945471286774
7336249856.0,-0.03531395643949509
7337187328.0,-0.0346391387283802
7338124800.0,-0.03684135153889656
7339062272.0,-0.04173137620091438
7340000256.0,-0.05167584493756294
7340937728.0,-0.06528937816619873
7341875200.0,-0.08342369645833969
7342812672.0,-0.10354278981685638
7343750144.0,-0.12756693363189697
7344687616.0,-0.15328089892864227
7345625088.0,-0.17859481275081635
7346562560.0,-0.20595934987068176
7347500032.0,-0.23149436712265015
7348437504.0,-0.2550276219844818
7349374976.0,-0.2765430212020874
7350312448.0,-0.2942056655883789
7351249920.0,-0.3085503578186035
7352187392.0,-0.3181016147136688
7353124864.0,-0.32300880551338196
7354062336.0,-0.3238717317581177
7354999808.0,-0.3196140229701996
7355937280.0,-0.31021007895469666
7356874752.0,-0.29706138372421265
7357812736.0,-0.27891480922698975
7358750208.0,-0.2572607398033142
7359687680.0,-0.23110584914684296
7360625152.0,-0.20325779914855957
7361562624.0,-0.17396129667758942
7362500096.0,-0.14186249673366547
7363437568.0,-0.11092447489500046
7364375040.0,-0.07655973732471466
7365312512.0,-0.04480529949069023
7366249984.0,-0.01431630551815033
7367187456.0,0.012601376511156559
7368124928.0,0.036416035145521164
7369062400.0,0.05523558706045151
7369999872.0,0.0703652873635292
7370937344.0,0.08120126277208328
7371874816.0,0.0886029526591301
7372812288.0,0.09330710023641586
7373749760.0,0.09713416546583176
7374687744.0,0.09930132329463959
7375625216.0,0.10034524649381638
7376562688.0,0.09931497275829315
7377500160.0,0.0974879190325737
7378437632.0,0.09411121159791946
7379375104.0,0.08962185680866241
7380312576.0,0.08430863171815872
7381250048.0,0.07642672210931778
7382187520.0,0.06936987489461899
7383124992.0,0.059663716703653336
7384062464.0,-0.23747654259204865
7384999936.0,-0.25335484743118286
7385937408.0,-0.27002620697021484
7386874880.0,-0.28521841764450073
7387812352.0,-0.30021601915359497
7388749824.0,-0.3118889629840851
7389687296.0,-0.3231395184993744
7390624768.0,-0.33207425475120544
7391562752.0,-0.33850592374801636
7392500224.0,-0.34080544114112854
7393437696.0,-0.3412049114704132
7394375168.0,-0.33628571033477783
7395312640.0,-0.3285195231437683
7396250112.0,-0.3198108971118927
7397187584.0,-0.30523931980133057
7398125056.0,-0.2874586284160614
7399062528.0,-0.2664225101470947
7400000000.0,-0.24282518029212952
7400937472.0,-0.21569567918777466
7401874944.0,-0.18686914443969727
7402812416.0,-0.1550731509923935
7403749888.0,-0.1211346685886383
7404687360.0,-0.08720873296260834
7405624832.0,-0.051834605634212494
7406562304.0,-0.016100088134407997
7407499776.0,0.020216789096593857
7408437248.0,0.05569314956665039
7409375232.0,0.09111832082271576
7410312704.0,0.12416712939739227
7411250176.0,0.1558179408311844
7412187648.0,0.18590180575847626
7413125120.0,0.21390028297901154
7414062592.0,0.23885421454906464
7415000064.0,0.26076415181159973
7415937536.0,0.2800459563732147
7416875008.0,0.2971307933330536
7417812480.0,0.3095564842224121
7418749952.0,0.31907573342323303
7419687424.0,0.32413217425346375
7420624896.0,0.32707345485687256
7421562368.0,0.3248373866081238
7422499840.0,0.3192165195941925
7423437312.0,0.31033459305763245
7424374784.0,0.29807302355766296
7425312256.0,0.2835763394832611
7426250240.0,0.2643871307373047
7427187712.0,0.24284815788269043
7428125184.0,0.2182387113571167
7429062656.0,0.1916753053665161
7430000128.0,0.16388039290905
7430937600.0,0.13434360921382904
7431875072.0,0.10373859852552414
7432812544.0,0.07021096348762512
7433750016.0,0.03722512722015381
7434687488.0,0.005003984551876783
7435624960.0,-0.027766525745391846
7436562432.0,-0.05920341610908508
7437499904.0,-0.0897781029343605
7438437376.0,-0.12053383141756058
7439374848.0,-0.14769640564918518
7440312320.0,-0.17739786207675934
7441249792.0,-0.20399847626686096
7442187264.0,-0.2302592247724533
7443125248.0,-0.2527067959308624
7444062720.0,0.011358629912137985
7445000192.0,-0.006089301314204931
7445937664.0,-0.02185705490410328
7446875136.0,-0.03921157494187355
7447812608.0,-0.054352082312107086
7448750080.0,-0.07006813585758209
7449687552.0,-0.08689917623996735
7450625024.0,-0.10090982168912888
7451562496.0,-0.11537779122591019
7452499968.0,-0.12511081993579865
7453437440.0,-0.13460247218608856
7454374912.0,-0.14216038584709167
7455312384.0,-0.14563092589378357
7456249856.0,-0.1484818160533905
7457187328.0,-0.14917254447937012
7458124800.0,-0.14594528079032898
7459062272.0,-0.1437455713748932
7459999744.0,-0.13756030797958374
7460937728.0,-0.13034889101982117
7461875200.0,-0.12190541625022888
7462812672.0,-0.11156024038791656
7463750144.0,-0.10068222135305405
7464687616.0,-0.08893422037363052
7465625088.0,-0.0792456865310669
7466562560.0,-0.07156500965356827
7467500032.0,-0.06242276355624199
7468437504.0,-0.05452859401702881
7469374976.0,-0.04847554862499237
7470312448.0,-0.04224078357219696
7471249920.0,-0.03633389249444008
7472187392.0,-0.03309132158756256
7473124864.0,-0.030437704175710678
7474062336.0,-0.029267454519867897
7474999808.0,-0.030765479430556297
7475937280.0,-0.03181850165128708
7476874752.0,-0.03544241562485695
7477812736.0,-0.041172564029693604
7478750208.0,-0.04827432706952095
7479687680.0,-0.0563000850379467
7480625152.0,-0.06538443267345428
7481562624.0,-0.0756959468126297
7482500096.0,-0.08607350289821625
7483437568.0,-0.0982159674167633
7484375040.0,-0.10916050523519516
7485312512.0,-0.1223045065999031
7486249984.0,-0.13326676189899445
7487187456.0,-0.14560723304748535
7488124928.0,-0.1555078774690628
7489062400.0,-0.16579395532608032
7489999872.0,-0.17478226125240326
7490937344.0,-0.1808268427848816
7491874816.0,-0.18472611904144287
7492812288.0,-0.1876230090856552
7493749760.0,-0.1880865842103958
7494687744.0,-0.18663713335990906
7495625216.0,-0.1841864436864853
7496562688.0,-0.17827320098876953
7497500160.0,-0.17358632385730743
7498437632.0,-0.16504709422588348
7499375104.0,-0.15573711693286896
7500312576.0,-0.14629000425338745
7501250048.0,-0.13633714616298676
7502187520.0,-0.12513864040374756
7503124992.0,-0.11489319056272507
7504062464.0,-0.06988838315010071
7504999936.0,-0.04685693234205246
7505937408.0,-0.026433046907186508
7506874880.0,-0.008155462332069874
7507812352.0,0.005291245877742767
7508749824.0,0.014564686454832554
7509687296.0,0.02073340304195881
7510624768.0,0.021718405187129974
7511562752.0,0.01949181966483593
7512500224.0,0.014293534681200981
7513437696.0,0.005037094932049513
7514375168.0,-0.006685064639896154
7515312640.0,-0.020726695656776428
7516250112.0,-0.03806418552994728
7517187584.0,-0.05333970487117767
7518125056.0,-0.06971566379070282
7519062528.0,-0.08562750369310379
7520000000.0,-0.10241851210594177
7520937472.0,-0.11861850321292877
7521874944.0,-0.13096459209918976
7522812416.0,-0.14267347753047943
7523749888.0,-0.1516539752483368
7524687360.0,-0.15901505947113037
7525624832.0,-0.16293805837631226
7526562304.0,-0.16490322351455688
7527499776.0,-0.1632808893918991
7528437248.0,-0.1587895005941391
7529375232.0,-0.15177589654922485
7530312704.0,-0.14246898889541626
7531250176.0,-0.1317480057477951
7532187648.0,-0.11948193609714508
7533125120.0,-0.10624849051237106
7534062592.0,-0.09196241199970245
7535000064.0,-0.0772634893655777
7535937536.0,-0.06532176584005356
7536875008.0,-0.052827443927526474
7537812480.0,-0.0426044724881649
7538749952.0,-0.03515557572245598
7539687424.0,-0.030211349949240685
7540624896.0,-0.02912869118154049
7541562368.0,-0.03207317739725113
7542499840.0,-0.036348920315504074
7543437312.0,-0.04643172770738602
7544374784.0,-0.06018297001719475
7545312256.0,-0.07776250690221786
7546250240.0,-0.09894364327192307
7547187712.0,-0.12477131187915802
7548125184.0,-0.15210135281085968
7549062656.0,-0.18155339360237122
7550000128.0,-0.21207480132579803
7550937600.0,-0.24218685925006866
7551875072.0,-0.2708218991756439
7552812544.0,-0.2983812689781189
7553750016.0,-0.3231058716773987
7554687488.0,-0.3451588749885559
7555624960.0,-0.36398032307624817
7556562432.0,-0.38001134991645813
7557499904.0,-0.39514970779418945
7558437376.0,-0.408713161945343
7559374848.0,-0.4203677475452423
7560312320.0,-0.4319021701812744
7561249792.0,-0.44173935055732727
7562187264.0,-0.4532199800014496
7563125248.0,-0.4624543786048889
7564062720.0,-0.4272276759147644
7565000192.0,-0.41100233793258667
7565937664.0,-0.392147034406662
7566875136.0,-0.3728768229484558
7567812608.0,-0.3481822907924652
7568750080.0,-0.3223471939563751
7569687552.0,-0.2974698841571808
7570625024.0,-0.27078986167907715
7571562496.0,-0.24324117600917816
7572499968.0,-0.214441180229187
7573437440.0,-0.18681126832962036
7574374912.0,-0.1592167764902115
7575312384.0,-0.13227972388267517
7576249856.0,-0.10525938868522644
7577187328.0,-0.08094733208417892
7578124800.0,-0.05692721903324127
7579062272.0,-0.03541554883122444
7580000256.0,-0.014273603446781635
7580937728.0,0.004080083221197128
7581875200.0,0.020919786766171455
7582812672.0,0.035960305482149124
7583750144.0,0.04800894111394882
7584687616.0,0.0589120127260685
7585625088.0,0.0654936209321022
7586562560.0,0.07051505148410797
7587500032.0,0.07248036563396454
7588437504.0,0.07155217230319977
7589374976.0,0.06838909536600113
7590312448.0,0.062868133187294
7591249920.0,0.05611693859100342
7592187392.0,0.046775735914707184
7593124864.0,0.036062780767679214
7594062336.0,0.023492900654673576
7594999808.0,0.010499043390154839
7595937280.0,-0.005814406555145979
7596874752.0,-0.021750226616859436
7597812736.0,-0.04049049690365791
7598750208.0,-0.05972214788198471
7599687680.0,-0.07741978764533997
7600625152.0,-0.09762128442525864
7601562624.0,-0.11732713878154755
7602500096.0,-0.13678303360939026
7603437568.0,-0.15604884922504425
7604375040.0,-0.17536985874176025
7605312512.0,-0.19320324063301086
7606249984.0,-0.2117249220609665
7607187456.0,-0.22694168984889984
7608124928.0,-0.24281339347362518
7609062400.0,-0.2564099431037903
7609999872.0,-0.268655002117157
7610937344.0,-0.27887699007987976
7611874816.0,-0.288786917924881
7612812288.0,-0.29672056436538696
7613749760.0,-0.30347996950149536
7614687744.0,-0.3084982931613922
7615625216.0,-0.3133610785007477
7616562688.0,-0.31427764892578125
7617500160.0,-0.31622469425201416
7618437632.0,-0.31752023100852966
7619375104.0,-0.32214683294296265
7620312576.0,-0.324629008769989
7621250048.0,-0.3273928761482239
7622187520.0,-0.32932546734809875
7623124992.0,-0.33129897713661194
7624062464.0,-0.3271527588367462
7624999936.0,-0.33129632472991943
7625937408.0,-0.33349213004112244
7626874880.0,-0.33230406045913696
7627812352.0,-0.33050182461738586
7628749824.0,-0.32637539505958557
7629687296.0,-0.3208100199699402
7630624768.0,-0.31217893958091736
7631562752.0,-0.3034091889858246
7632500224.0,-0.29230961203575134
7633437696.0,-0.27975425124168396
7634375168.0,-0.26708877086639404
7635312640.0,-0.2533009946346283
7636250112.0,-0.2388085275888443
7637187584.0,-0.22417181730270386
7638125056.0,-0.21029050648212433
7639062528.0,-0.19565778970718384
7640000000.0,-0.18296051025390625
7640937472.0,-0.16999909281730652
7641874944.0,-0.15782108902931213
7642812416.0,-0.14686034619808197
7643749888.0,-0.1378178894519806
7644687360.0,-0.13203394412994385
7645624832.0,-0.12752656638622284
7646562304.0,-0.12397721409797668
7647499776.0,-0.12321850657463074
7648437248.0,-0.1224912628531456
7649375232.0,-0.12279100716114044
7650312704.0,-0.12487944215536118
7651250176.0,-0.12688453495502472
7652187648.0,-0.13176989555358887
7653125120.0,-0.13705363869667053
7654062592.0,-0.14326441287994385
7655000064.0,-0.14920003712177277
7655937536.0,-0.15788915753364563
7656875008.0,-0.16549943387508392
7657812480.0,-0.17418235540390015
7658749952.0,-0.18170839548110962
7659687424.0,-0.19106754660606384
7660624896.0,-0.19883516430854797
7661562368.0,-0.20573186874389648
7662499840.0,-0.21449731290340424
7663437312.0,-0.22172871232032776
7664374784.0,-0.22847768664360046
7665312256.0,-0.23432035744190216
7666250240.0,-0.2398173063993454
7667187712.0,-0.24502032995224
7668125184.0,-0.24902498722076416
7669062656.0,-0.25144803524017334
7670000128.0,-0.2507902681827545
7670937600.0,-0.24913355708122253
7671875072.0,-0.248159259557724
7672812544.0,-0.2446841448545456
7673750016.0,-0.24059346318244934
7674687488.0,-0.23504067957401276
7675624960.0,-0.22939762473106384
7676562432.0,-0.22240892052650452
7677499904.0,-0.2148842066526413
7678437376.0,-0.20736908912658691
7679374848.0,-0.19886571168899536
7680312320.0,-0.1909572035074234
7681249792.0,-0.18132570385932922
7682187264.0,-0.17219865322113037
7683125248.0,-0.16400091350078583
7684062720.0,0.07912890613079071
7685000192.0,0.08966024219989777
7685937664.0,0.09824129939079285
7686875136.0,0.10330943018198013
7687812608.0,0.10808724164962769
7688750080.0,0.10995250195264816
7689687552.0,0.10791115462779999
7690625024.0,0.10522105544805527
7691562496.0,0.09929845482110977
7692499968.0,0.09016499668359756
7693437440.0,0.07922721654176712
7694374912.0,0.06617195904254913
7695312384.0,0.05059129744768143
7696249856.0,0.033671196550130844
7697187328.0,0.014083893969655037
7698124800.0,-0.007582788355648518
7699062272.0,-0.028926517814397812
7699999744.0,-0.05286790803074837
7700937728.0,-0.07690410315990448
7701875200.0,-0.09984921663999557
7702812672.0,-0.12406113743782043
7703750144.0,-0.14686518907546997
7704687616.0,-0.16787968575954437
7705625088.0,-0.18992595374584198
7706562560.0,-0.20882177352905273
7707500032.0,-0.22808955609798431
7708437504.0,-0.24454152584075928
7709374976.0,-0.2585224211215973
7710312448.0,-0.2708069980144501
7711249920.0,-0.2820883095264435
7712187392.0,-0.2917991578578949
7713124864.0,-0.29802218079566956
7714062336.0,-0.3045128881931305
7714999808.0,-0.3085644543170929
7715937280.0,-0.31034567952156067
7716874752.0,-0.3092546761035919
7717812736.0,-0.3078603744506836
7718750208.0,-0.306385338306427
7719687680.0,-0.30252963304519653
7720625152.0,-0.2962166368961334
7721562624.0,-0.28911498188972473
7722500096.0,-0.28073519468307495
7723437568.0,-0.2722720205783844
7724375040.0,-0.2644977867603302
7725312512.0,-0.2561027705669403
7726249984.0,-0.24715296924114227
7727187456.0,-0.23930120468139648
7728124928.0,-0.23221096396446228
7729062400.0,-0.22442780435085297
7729999872.0,-0.216825470328331
7730937344.0,-0.21020007133483887
7731874816.0,-0.20502565801143646
7732812288.0,-0.200336754322052
7733749760.0,-0.1962728351354599
7734687744.0,-0.1937611997127533
7735625216.0,-0.1908862590789795
7736562688.0,-0.18956966698169708
7737500160.0,-0.18905796110630035
7738437632.0,-0.18971267342567444
7739375104.0,-0.19057677686214447
7740312576.0,-0.19342297315597534
7741250048.0,-0.1977958381175995
7742187520.0,-0.2032015472650528
7743124992.0,-0.20889464020729065
7744062464.0,-0.15475572645664215
7744999936.0,-0.1203361377120018
7745937408.0,-0.08149413019418716
7746874880.0,-0.04295133426785469
7747812352.0,-0.005591413471847773
7748749824.0,0.030853794887661934
7749687296.0,0.06461487710475922
7750624768.0,0.09605062007904053
7751562752.0,0.12435708940029144
7752500224.0,0.14990763366222382
7753437696.0,0.1713796705007553
7754375168.0,0.1895584762096405
7755312640.0,0.20437254011631012
7756250112.0,0.21603286266326904
7757187584.0,0.22448612749576569
7758125056.0,0.22858117520809174
7759062528.0,0.22933216392993927
7760000000.0,0.22802133858203888
7760937472.0,0.22195495665073395
7761874944.0,0.21418018639087677
7762812416.0,0.20409223437309265
7763749888.0,0.19059106707572937
7764687360.0,0.17684166133403778
7765624832.0,0.15996934473514557
7766562304.0,0.141470268368721
7767499776.0,0.12189482152462006
7768437248.0,0.1020694300532341
7769375232.0,0.08174370974302292
7770312704.0,0.05921031907200813
7771250176.0,0.03769874572753906
7772187648.0,0.016627216711640358
7773125120.0,-0.00452094990760088
7774062592.0,-0.025673527270555496
7775000064.0,-0.04596125707030296
7775937536.0,-0.06470552086830139
7776875008.0,-0.08393514901399612
7777812480.0,-0.10177560895681381
7778749952.0,-0.11825238168239594
7779687424.0,-0.1352349817752838
7780624896.0,-0.15029370784759521
7781562368.0,-0.16446202993392944
7782499840.0,-0.17635901272296906
7783437312.0,-0.18882901966571808
7784374784.0,-0.2010093480348587
7785312256.0,-0.21030612289905548
7786250240.0,-0.2184959203004837
7787187712.0,-0.22680768370628357
7788125184.0,-0.23411178588867188
7789062656.0,-0.2407892495393753
7790000128.0,-0.24672578275203705
7790937600.0,-0.25189152359962463
7791875072.0,-0.2563121020793915
7792812544.0,-0.26018258929252625
7793750016.0,-0.2640012800693512
7794687488.0,-0.26686686277389526
7795624960.0,-0.26990169286727905
7796562432.0,-0.27156585454940796
7797499904.0,-0.2759380638599396
7798437376.0,-0.28008490800857544
7799374848.0,-0.28149181604385376
7800312320.0,-0.2823995053768158
7801249792.0,-0.28196191787719727
7802187264.0,-0.2796478271484375
7803125248.0,-0.2744383215904236
7804062720.0,-0.25383612513542175
7805000192.0,-0.24305172264575958
7805937664.0,-0.23255006968975067
7806875136.0,-0.2202250361442566
7807812608.0,-0.20639516413211823
7808750080.0,-0.1924692541360855
7809687552.0,-0.17787258327007294
7810625024.0,-0.16330628097057343
7811562496.0,-0.1483561247587204
7812499968.0,-0.13217227160930634
7813437440.0,-0.1157088428735733
7814374912.0,-0.09935850650072098
7815312384.0,-0.08322097361087799
7816249856.0,-0.06627266854047775
7817187328.0,-0.05133270099759102
7818124800.0,-0.03607261925935745
7819062272.0,-0.020089445635676384
7820000256.0,-0.004669274669140577
7820937728.0,0.009816908277571201
7821875200.0,0.022417549043893814
7822812672.0,0.03248775750398636
7823750144.0,0.04003399237990379
7824687616.0,0.04876226931810379
7825625088.0,0.05644560232758522
7826562560.0,0.06186295673251152
7827500032.0,0.06850682199001312
7828437504.0,0.07321189343929291
7829374976.0,0.07641001790761948
7830312448.0,0.08031455427408218
7831249920.0,0.08270042389631271
7832187392.0,0.08483780920505524
7833124864.0,0.08649566024541855
7834062336.0,0.0877937525510788
7834999808.0,0.09049943834543228
7835937280.0,0.09083825349807739
7836874752.0,0.09035120159387589
7837812736.0,0.09107422828674316
7838750208.0,0.09109333902597427
7839687680.0,0.09062093496322632
7840625152.0,0.09049295634031296
7841562624.0,0.08971089869737625
7842500096.0,0.08844812214374542
7843437568.0,0.08727122843265533
7844375040.0,0.08647450059652328
7845312512.0,0.08459803462028503
7846249984.0,0.08192615956068039
7847187456.0,0.07972072809934616
7848124928.0,0.07458635419607162
7849062400.0,0.06965275853872299
7849999872.0,0.0647975355386734
7850937344.0,0.05902232602238655
7851874816.0,0.053155578672885895
7852812288.0,0.04747208580374718
7853749760.0,0.039970338344573975
7854687744.0,0.03235121816396713
7855625216.0,0.02447759546339512
7856562688.0,0.015775443986058235
7857500160.0,0.007799402344971895
7858437632.0,-0.001158583676442504
7859375104.0,-0.00989572610706091
7860312576.0,-0.01936616376042366
7861250048.0,-0.029877901077270508
7862187520.0,-0.040683675557374954
7863124992.0,-0.05035852640867233
7864062464.0,0.05408398061990738
7864999936.0,0.04506321996450424
7865937408.0,0.038643497973680496
7866874880.0,0.030474426224827766
7867812352.0,0.02542480267584324
7868749824.0,0.019858891144394875
7869687296.0,0.01611390709877014
7870624768.0,0.010814574547111988
7871562752.0,0.006965326610952616
7872500224.0,0.004512796178460121
7873437696.0,-0.0027767333667725325
7874375168.0,-0.009584298357367516
7875312640.0,-0.015548832714557648
7876250112.0,-0.021698210388422012
7877187584.0,-0.02981574647128582
7878125056.0,-0.038079991936683655
7879062528.0,-0.04737423360347748
7880000000.0,-0.057153694331645966
7880937472.0,-0.06838519871234894
7881874944.0,-0.07970792055130005
7882812416.0,-0.09259319305419922
7883749888.0,-0.10900707542896271
7884687360.0,-0.12495501339435577
7885624832.0,-0.14320388436317444
7886562304.0,-0.1624966710805893
7887499776.0,-0.18382202088832855
7888437248.0,-0.20516692101955414
7889375232.0,-0.2291896790266037
7890312704.0,-0.25376567244529724
7891250176.0,-0.2781826853752136
7892187648.0,-0.3034801781177521
7893125120.0,-0.32777392864227295
7894062592.0,-0.35291698575019836
7895000064.0,-0.3762050271034241
7895937536.0,-0.398085355758667
7896875008.0,-0.4192536473274231
7897812480.0,-0.43841779232025146
7898749952.0,-0.4541128873825073
7899687424.0,-0.46796512603759766
7900624896.0,-0.47839683294296265
7901562368.0,-0.4875970184803009
7902499840.0,-0.49340584874153137
7903437312.0,-0.4960706830024719
7904374784.0,-0.49659162759780884
7905312256.0,-0.4926864504814148
7906250240.0,-0.4864996373653412
7907187712.0,-0.4779606759548187
7908125184.0,-0.465599924325943
7909062656.0,-0.4511239528656006
7910000128.0,-0.4330451786518097
7910937600.0,-0.41212430596351624
7911875072.0,-0.390823632478714
7912812544.0,-0.36637818813323975
7913750016.0,-0.3396466076374054
7914687488.0,-0.311948299407959
7915624960.0,-0.28215640783309937
7916562432.0,-0.2531057894229889
7917499904.0,-0.2230360060930252
7918437376.0,-0.19126562774181366
7919374848.0,-0.15983496606349945
7920312320.0,-0.13027094304561615
7921249792.0,-0.1008816733956337
7922187264.0,-0.07141955941915512
7923125248.0,-0.042737554758787155
7924062720.0,0.08814310282468796
7925000192.0,0.10804597288370132
7925937664.0,0.12606939673423767
7926875136.0,0.14220568537712097
7927812608.0,0.1553541123867035
7928750080.0,0.1659674346446991
7929687552.0,0.17301931977272034
7930625024.0,0.17992734909057617
7931562496.0,0.18261004984378815
7932499968.0,0.18319563567638397
7933437440.0,0.18219149112701416
7934374912.0,0.17786256968975067
7935312384.0,0.17269288003444672
7936249856.0,0.16475826501846313
7937187328.0,0.15548254549503326
7938124800.0,0.144828200340271
7939062272.0,0.1320948600769043
7939999744.0,0.11809028685092926
7940937728.0,0.10361339151859283
7941875200.0,0.08534680306911469
7942812672.0,0.06885360181331635
7943750144.0,0.04964330419898033
7944687616.0,0.029447268694639206
7945625088.0,0.008932409808039665
7946562560.0,-0.011964776553213596
7947500032.0,-0.03420132398605347
7948437504.0,-0.057457465678453445
7949374976.0,-0.07972988486289978
7950312448.0,-0.09992076456546783
7951249920.0,-0.12186408042907715
7952187392.0,-0.1418379694223404
7953124864.0,-0.16411320865154266
7954062336.0,-0.18604959547519684
7954999808.0,-0.20721231400966644
7955937280.0,-0.22841517627239227
7956874752.0,-0.24940873682498932
7957812736.0,-0.27002012729644775
7958750208.0,-0.29187121987342834
7959687680.0,-0.3112257421016693
7960625152.0,-0.3304232358932495
7961562624.0,-0.3495997488498688
7962500096.0,-0.3667173683643341
7963437568.0,-0.38379591703414917
7964375040.0,-0.4006030559539795
7965312512.0,-0.4158462584018707
7966249984.0,-0.42980319261550903
7967187456.0,-0.4432442784309387
7968124928.0,-0.45454302430152893
7969062400.0,-0.46440374851226807
7969999872.0,-0.4718537926673889
7970937344.0,-0.4794755280017853
7971874816.0,-0.4846622347831726
7972812288.0,-0.48813384771347046
7973749760.0,-0.48977023363113403
7974687744.0,-0.4892808496952057
7975625216.0,-0.48747166991233826
7976562688.0,-0.4831043779850006
7977500160.0,-0.4769522249698639
7978437632.0,-0.4686959683895111
7979375104.0,-0.4575961232185364
7980312576.0,-0.44494083523750305
7981250048.0,-0.4309019148349762
7982187520.0,-0.4137572646141052
7983124992.0,-0.3950446546077728
7984062464.0,-0.3719516694545746
7984999936.0,-0.3575882911682129
7985937408.0,-0.3429638743400574
7986874880.0,-0.32539379596710205
7987812352.0,-0.30634599924087524
7988749824.0,-0.29001641273498535
7989687296.0,-0.27108433842658997
7990624768.0,-0.25285470485687256
7991562752.0,-0.2333524525165558
7992500224.0,-0.21380583941936493
7993437696.0,-0.19438941776752472
7994375168.0,-0.17555682361125946
7995312640.0,-0.15597592294216156
7996250112.0,-0.13774316012859344
7997187584.0,-0.11888455599546432
7998125056.0,-0.10143302381038666
7999062528.0,-0.08399792015552521
8000000000.0,-0.06704181432723999
